hour,it_kW,crah_kW,crah_power_kW,chiller_kW,chiller_power_kW,chiller_COP,pump_kW,pump_power_kW,tower_kW,tower_power_kW,total_kW,pue,ambientC,wetbulbC,costUSD,co2kg,waterL
0,250.000,0.313,0.313,52.192,52.192,4.790,0.781,0.781,8.058,8.058,61.344,1.25,35.00,33.0000,6.1344,27.605
1,350.000,1.200,1.200,71.575,71.575,4.890,2.144,2.144,11.242,11.242,86.161,1.25,35.00,33.0000,8.6161,38.772
2,500.000,5.000,5.000,99.206,99.206,5.040,6.250,6.250,15.979,15.979,126.435,1.25,35.00,33.0000,12.6435,56.896
3,450.000,3.281,3.281,90.180,90.180,4.990,4.556,4.556,14.405,14.405,112.422,1.25,35.00,33.0000,11.2422,50.590
4,300.000,0.648,0.648,61.983,61.983,4.840,1.350,1.350,9.653,9.653,73.634,1.25,35.00,33.0000,7.3634,33.135
5,200.000,0.128,0.128,42.194,42.194,4.740,0.400,0.400,6.459,6.459,49.181,1.25,35.00,33.0000,4.9181,22.131
6,250.000,0.313,0.313,52.192,52.192,4.790,0.781,0.781,8.058,8.058,61.344,1.25,35.00,33.0000,6.1344,27.605
7,350.000,1.200,1.200,71.575,71.575,4.890,2.144,2.144,11.242,11.242,86.161,1.25,35.00,33.0000,8.6161,38.772
8,500.000,5.000,5.000,99.206,99.206,5.040,6.250,6.250,15.979,15.979,126.435,1.25,35.00,33.0000,12.6435,56.896
9,450.000,3.281,3.281,90.180,90.180,4.990,4.556,4.556,14.405,14.405,112.422,1.25,35.00,33.0000,11.2422,50.590
10,300.000,0.648,0.648,61.983,61.983,4.840,1.350,1.350,9.653,9.653,73.634,1.25,35.00,33.0000,7.3634,33.135
11,200.000,0.128,0.128,42.194,42.194,4.740,0.400,0.400,6.459,6.459,49.181,1.25,35.00,33.0000,4.9181,22.131
12,250.000,0.313,0.313,52.192,52.192,4.790,0.781,0.781,8.058,8.058,61.344,1.25,35.00,33.0000,6.1344,27.605
13,350.000,1.200,1.200,71.575,71.575,4.890,2.144,2.144,11.242,11.242,86.161,1.25,35.00,33.0000,8.6161,38.772
14,500.000,5.000,5.000,99.206,99.206,5.040,6.250,6.250,15.979,15.979,126.435,1.25,35.00,33.0000,12.6435,56.896
15,450.000,3.281,3.281,90.180,90.180,4.990,4.556,4.556,14.405,14.405,112.422,1.25,35.00,33.0000,11.2422,50.590
16,300.000,0.648,0.648,61.983,61.983,4.840,1.350,1.350,9.653,9.653,73.634,1.25,35.00,33.0000,7.3634,33.135
17,200.000,0.128,0.128,42.194,42.194,4.740,0.400,0.400,6.459,6.459,49.181,1.25,35.00,33.0000,4.9181,22.131
18,250.000,0.313,0.313,52.192,52.192,4.790,0.781,0.781,8.058,8.058,61.344,1.25,35.00,33.0000,6.1344,27.605
19,350.000,1.200,1.200,71.575,71.575,4.890,2.144,2.144,11.242,11.242,86.161,1.25,35.00,33.0000,8.6161,38.772
20,500.000,5.000,5.000,99.206,99.206,5.040,6.250,6.250,15.979,15.979,126.435,1.25,35.00,33.0000,12.6435,56.896
21,450.000,3.281,3.281,90.180,90.180,4.990,4.556,4.556,14.405,14.405,112.422,1.25,35.00,33.0000,11.2422,50.590
22,300.000,0.648,0.648,61.983,61.983,4.840,1.350,1.350,9.653,9.653,73.634,1.25,35.00,33.0000,7.3634,33.135
23,200.000,0.128,0.128,42.194,42.194,4.740,0.400,0.400,6.459,6.459,49.181,1.25,35.00,33.0000,4.9181,22.131
24,250.000,0.313,0.313,52.192,52.192,4.790,0.781,0.781,8.058,8.058,61.344,1.25,35.00,33.0000,6.1344,27.605
25,350.000,1.200,1.200,71.575,71.575,4.890,2.144,2.144,11.242,11.242,86.161,1.25,35.00,33.0000,8.6161,38.772
26,500.000,5.000,5.000,99.206,99.206,5.040,6.250,6.250,15.979,15.979,126.435,1.25,35.00,33.0000,12.6435,56.896
27,450.000,3.281,3.281,90.180,90.180,4.990,4.556,4.556,14.405,14.405,112.422,1.25,35.00,33.0000,11.2422,50.590
28,300.000,0.648,0.648,61.983,61.983,4.840,1.350,1.350,9.653,9.653,73.634,1.25,35.00,33.0000,7.3634,33.135
29,200.000,0.128,0.128,42.194,42.194,4.740,0.400,0.400,6.459,6.459,49.181,1.25,35.00,33.0000,4.9181,22.131
30,250.000,0.313,0.313,52.192,52.192,4.790,0.781,0.781,8.058,8.058,61.344,1.25,35.00,33.0000,6.1344,27.605
31,350.000,1.200,1.200,71.575,71.575,4.890,2.144,2.144,11.242,11.242,86.161,1.25,35.00,33.0000,8.6161,38.772
32,500.000,5.000,5.000,99.206,99.206,5.040,6.250,6.250,15.979,15.979,126.435,1.25,35.00,33.0000,12.6435,56.896
33,450.000,3.281,3.281,90.180,90.180,4.990,4.556,4.556,14.405,14.405,112.422,1.25,35.00,33.0000,11.2422,50.590
34,300.000,0.648,0.648,61.983,61.983,4.840,1.350,1.350,9.653,9.653,73.634,1.25,35.00,33.0000,7.3634,33.135
35,200.000,0.128,0.128,42.194,42.194,4.740,0.400,0.400,6.459,6.459,49.181,1.25,35.00,33.0000,4.9181,22.131
36,250.000,0.313,0.313,52.192,52.192,4.790,0.781,0.781,8.058,8.058,61.344,1.25,35.00,33.0000,6.1344,27.605
37,350.000,1.200,1.200,71.575,71.575,4.890,2.144,2.144,11.242,11.242,86.161,1.25,35.00,33.0000,8.6161,38.772
38,500.000,5.000,5.000,99.206,99.206,5.040,6.250,6.250,15.979,15.979,126.435,1.25,35.00,33.0000,12.6435,56.896
39,450.000,3.281,3.281,90.180,90.180,4.990,4.556,4.556,14.405,14.405,112.422,1.25,35.00,33.0000,11.2422,50.590
40,300.000,0.648,0.648,61.983,61.983,4.840,1.350,1.350,9.653,9.653,73.634,1.25,35.00,33.0000,7.3634,33.135
41,200.000,0.128,0.128,42.194,42.194,4.740,0.400,0.400,6.459,6.459,49.181,1.25,35.00,33.0000,4.9181,22.131
42,250.000,0.313,0.313,52.192,52.192,4.790,0.781,0.781,8.058,8.058,61.344,1.25,35.00,33.0000,6.1344,27.605
43,350.000,1.200,1.200,71.575,71.575,4.890,2.144,2.144,11.242,11.242,86.161,1.25,35.00,33.0000,8.6161,38.772
44,500.000,5.000,5.000,99.206,99.206,5.040,6.250,6.250,15.979,15.979,126.435,1.25,35.00,33.0000,12.6435,56.896
45,450.000,3.281,3.281,90.180,90.180,4.990,4.556,4.556,14.405,14.405,112.422,1.25,35.00,33.0000,11.2422,50.590
46,300.000,0.648,0.648,61.983,61.983,4.840,1.350,1.350,9.653,9.653,73.634,1.25,35.00,33.0000,7.3634,33.135
47,200.000,0.128,0.128,42.194,42.194,4.740,0.400,0.400,6.459,6.459,49.181,1.25,35.00,33.0000,4.9181,22.131
48,250.000,0.313,0.313,52.192,52.192,4.790,0.781,0.781,8.058,8.058,61.344,1.25,35.00,33.0000,6.1344,27.605
49,350.000,1.200,1.200,71.575,71.575,4.890,2.144,2.144,11.242,11.242,86.161,1.25,35.00,33.0000,8.6161,38.772
50,500.000,5.000,5.000,99.206,99.206,5.040,6.250,6.250,15.979,15.979,126.435,1.25,35.00,33.0000,12.6435,56.896
51,450.000,3.281,3.281,90.180,90.180,4.990,4.556,4.556,14.405,14.405,112.422,1.25,35.00,33.0000,11.2422,50.590
52,300.000,0.648,0.648,61.983,61.983,4.840,1.350,1.350,9.653,9.653,73.634,1.25,35.00,33.0000,7.3634,33.135
53,200.000,0.128,0.128,42.194,42.194,4.740,0.400,0.400,6.459,6.459,49.181,1.25,35.00,33.0000,4.9181,22.131
54,250.000,0.313,0.313,52.192,52.192,4.790,0.781,0.781,8.058,8.058,61.344,1.25,35.00,33.0000,6.1344,27.605
55,350.000,1.200,1.200,71.575,71.575,4.890,2.144,2.144,11.242,11.242,86.161,1.25,35.00,33.0000,8.6161,38.772
56,500.000,5.000,5.000,99.206,99.206,5.040,6.250,6.250,15.979,15.979,126.435,1.25,35.00,33.0000,12.6435,56.896
57,450.000,3.281,3.281,90.180,90.180,4.990,4.556,4.556,14.405,14.405,112.422,1.25,35.00,33.0000,11.2422,50.590
58,300.000,0.648,0.648,61.983,61.983,4.840,1.350,1.350,9.653,9.653,73.634,1.25,35.00,33.0000,7.3634,33.135
59,200.000,0.128,0.128,42.194,42.194,4.740,0.400,0.400,6.459,6.459,49.181,1.25,35.00,33.0000,4.9181,22.131
60,250.000,0.313,0.313,52.192,52.192,4.790,0.781,0.781,8.058,8.058,61.344,1.25,35.00,33.0000,6.1344,27.605
61,350.000,1.200,1.200,71.575,71.575,4.890,2.144,2.144,11.242,11.242,86.161,1.25,35.00,33.0000,8.6161,38.772
62,500.000,5.000,5.000,99.206,99.206,5.040,6.250,6.250,15.979,15.979,126.435,1.25,35.00,33.0000,12.6435,56.896
63,450.000,3.281,3.281,90.180,90.180,4.990,4.556,4.556,14.405,14.405,112.422,1.25,35.00,33.0000,11.2422,50.590
64,300.000,0.648,0.648,61.983,61.983,4.840,1.350,1.350,9.653,9.653,73.634,1.25,35.00,33.0000,7.3634,33.135
65,200.000,0.128,0.128,42.194,42.194,4.740,0.400,0.400,6.459,6.459,49.181,1.25,35.00,33.0000,4.9181,22.131
66,250.000,0.313,0.313,52.192,52.192,4.790,0.781,0.781,8.058,8.058,61.344,1.25,35.00,33.0000,6.1344,27.605
67,350.000,1.200,1.200,71.575,71.575,4.890,2.144,2.144,11.242,11.242,86.161,1.25,35.00,33.0000,8.6161,38.772
68,500.000,5.000,5.000,99.206,99.206,5.040,6.250,6.250,15.979,15.979,126.435,1.25,35.00,33.0000,12.6435,56.896
69,450.000,3.281,3.281,90.180,90.180,4.990,4.556,4.556,14.405,14.405,112.422,1.25,35.00,33.0000,11.2422,50.590
70,300.000,0.648,0.648,61.983,61.983,4.840,1.350,1.350,9.653,9.653,73.634,1.25,35.00,33.0000,7.3634,33.135
71,200.000,0.128,0.128,42.194,42.194,4.740,0.400,0.400,6.459,6.459,49.181,1.25,35.00,33.0000,4.9181,22.131
72,250.000,0.313,0.313,52.192,52.192,4.790,0.781,0.781,8.058,8.058,61.344,1.25,35.00,33.0000,6.1344,27.605
73,350.000,1.200,1.200,71.575,71.575,4.890,2.144,2.144,11.242,11.242,86.161,1.25,35.00,33.0000,8.6161,38.772
74,500.000,5.000,5.000,99.206,99.206,5.040,6.250,6.250,15.979,15.979,126.435,1.25,35.00,33.0000,12.6435,56.896
75,450.000,3.281,3.281,90.180,90.180,4.990,4.556,4.556,14.405,14.405,112.422,1.25,35.00,33.0000,11.2422,50.590
76,300.000,0.648,0.648,61.983,61.983,4.840,1.350,1.350,9.653,9.653,73.634,1.25,35.00,33.0000,7.3634,33.135
77,200.000,0.128,0.128,42.194,42.194,4.740,0.400,0.400,6.459,6.459,49.181,1.25,35.00,33.0000,4.9181,22.131
78,250.000,0.313,0.313,52.192,52.192,4.790,0.781,0.781,8.058,8.058,61.344,1.25,35.00,33.0000,6.1344,27.605
79,350.000,1.200,1.200,71.575,71.575,4.890,2.144,2.144,11.242,11.242,86.161,1.25,35.00,33.0000,8.6161,38.772
80,500.000,5.000,5.000,99.206,99.206,5.040,6.250,6.250,15.979,15.979,126.435,1.25,35.00,33.0000,12.6435,56.896
81,450.000,3.281,3.281,90.180,90.180,4.990,4.556,4.556,14.405,14.405,112.422,1.25,35.00,33.0000,11.2422,50.590
82,300.000,0.648,0.648,61.983,61.983,4.840,1.350,1.350,9.653,9.653,73.634,1.25,35.00,33.0000,7.3634,33.135
83,200.000,0.128,0.128,42.194,42.194,4.740,0.400,0.400,6.459,6.459,49.181,1.25,35.00,33.0000,4.9181,22.131
84,250.000,0.313,0.313,52.192,52.192,4.790,0.781,0.781,8.058,8.058,61.344,1.25,35.00,33.0000,6.1344,27.605
85,350.000,1.200,1.200,71.575,71.575,4.890,2.144,2.144,11.242,11.242,86.161,1.25,35.00,33.0000,8.6161,38.772
86,500.000,5.000,5.000,99.206,99.206,5.040,6.250,6.250,15.979,15.979,126.435,1.25,35.00,33.0000,12.6435,56.896
87,450.000,3.281,3.281,90.180,90.180,4.990,4.556,4.556,14.405,14.405,112.422,1.25,35.00,33.0000,11.2422,50.590
88,300.000,0.648,0.648,61.983,61.983,4.840,1.350,1.350,9.653,9.653,73.634,1.25,35.00,33.0000,7.3634,33.135
89,200.000,0.128,0.128,42.194,42.194,4.740,0.400,0.400,6.459,6.459,49.181,1.25,35.00,33.0000,4.9181,22.131
90,250.000,0.313,0.313,52.192,52.192,4.790,0.781,0.781,8.058,8.058,61.344,1.25,35.00,33.0000,6.1344,27.605
91,350.000,1.200,1.200,71.575,71.575,4.890,2.144,2.144,11.242,11.242,86.161,1.25,35.00,33.0000,8.6161,38.772
92,500.000,5.000,5.000,99.206,99.206,5.040,6.250,6.250,15.979,15.979,126.435,1.25,35.00,33.0000,12.6435,56.896
93,450.000,3.281,3.281,90.180,90.180,4.990,4.556,4.556,14.405,14.405,112.422,1.25,35.00,33.0000,11.2422,50.590
94,300.000,0.648,0.648,61.983,61.983,4.840,1.350,1.350,9.653,9.653,73.634,1.25,35.00,33.0000,7.3634,33.135
95,200.000,0.128,0.128,42.194,42.194,4.740,0.400,0.400,6.459,6.459,49.181,1.25,35.00,33.0000,4.9181,22.131
96,250.000,0.313,0.313,52.192,52.192,4.790,0.781,0.781,8.058,8.058,61.344,1.25,35.00,33.0000,6.1344,27.605
97,350.000,1.200,1.200,71.575,71.575,4.890,2.144,2.144,11.242,11.242,86.161,1.25,35.00,33.0000,8.6161,38.772
98,500.000,5.000,5.000,99.206,99.206,5.040,6.250,6.250,15.979,15.979,126.435,1.25,35.00,33.0000,12.6435,56.896
99,450.000,3.281,3.281,90.180,90.180,4.990,4.556,4.556,14.405,14.405,112.422,1.25,35.00,33.0000,11.2422,50.590
100,300.000,0.648,0.648,61.983,61.983,4.840,1.350,1.350,9.653,9.653,73.634,1.25,35.00,33.0000,7.3634,33.135
101,200.000,0.128,0.128,42.194,42.194,4.740,0.400,0.400,6.459,6.459,49.181,1.25,35.00,33.0000,4.9181,22.131
102,250.000,0.313,0.313,52.192,52.192,4.790,0.781,0.781,8.058,8.058,61.344,1.25,35.00,33.0000,6.1344,27.605
103,350.000,1.200,1.200,71.575,71.575,4.890,2.144,2.144,11.242,11.242,86.161,1.25,35.00,33.0000,8.6161,38.772
104,500.000,5.000,5.000,99.206,99.206,5.040,6.250,6.250,15.979,15.979,126.435,1.25,35.00,33.0000,12.6435,56.896
105,450.000,3.281,3.281,90.180,90.180,4.990,4.556,4.556,14.405,14.405,112.422,1.25,35.00,33.0000,11.2422,50.590
106,300.000,0.648,0.648,61.983,61.983,4.840,1.350,1.350,9.653,9.653,73.634,1.25,35.00,33.0000,7.3634,33.135
107,200.000,0.128,0.128,42.194,42.194,4.740,0.400,0.400,6.459,6.459,49.181,1.25,35.00,33.0000,4.9181,22.131
108,250.000,0.313,0.313,52.192,52.192,4.790,0.781,0.781,8.058,8.058,61.344,1.25,35.00,33.0000,6.1344,27.605
109,350.000,1.200,1.200,71.575,71.575,4.890,2.144,2.144,11.242,11.242,86.161,1.25,35.00,33.0000,8.6161,38.772
110,500.000,5.000,5.000,99.206,99.206,5.040,6.250,6.250,15.979,15.979,126.435,1.25,35.00,33.0000,12.6435,56.896
111,450.000,3.281,3.281,90.180,90.180,4.990,4.556,4.556,14.405,14.405,112.422,1.25,35.00,33.0000,11.2422,50.590
112,300.000,0.648,0.648,61.983,61.983,4.840,1.350,1.350,9.653,9.653,73.634,1.25,35.00,33.0000,7.3634,33.135
113,200.000,0.128,0.128,42.194,42.194,4.740,0.400,0.400,6.459,6.459,49.181,1.25,35.00,33.0000,4.9181,22.131
114,250.000,0.313,0.313,52.192,52.192,4.790,0.781,0.781,8.058,8.058,61.344,1.25,35.00,33.0000,6.1344,27.605
115,350.000,1.200,1.200,71.575,71.575,4.890,2.144,2.144,11.242,11.242,86.161,1.25,35.00,33.0000,8.6161,38.772
116,500.000,5.000,5.000,99.206,99.206,5.040,6.250,6.250,15.979,15.979,126.435,1.25,35.00,33.0000,12.6435,56.896
117,450.000,3.281,3.281,90.180,90.180,4.990,4.556,4.556,14.405,14.405,112.422,1.25,35.00,33.0000,11.2422,50.590
118,300.000,0.648,0.648,61.983,61.983,4.840,1.350,1.350,9.653,9.653,73.634,1.25,35.00,33.0000,7.3634,33.135
119,200.000,0.128,0.128,42.194,42.194,4.740,0.400,0.400,6.459,6.459,49.181,1.25,35.00,33.0000,4.9181,22.131
120,250.000,0.313,0.313,52.192,52.192,4.790,0.781,0.781,8.058,8.058,61.344,1.25,35.00,33.0000,6.1344,27.605
121,350.000,1.200,1.200,71.575,71.575,4.890,2.144,2.144,11.242,11.242,86.161,1.25,35.00,33.0000,8.6161,38.772
122,500.000,5.000,5.000,99.206,99.206,5.040,6.250,6.250,15.979,15.979,126.435,1.25,35.00,33.0000,12.6435,56.896
123,450.000,3.281,3.281,90.180,90.180,4.990,4.556,4.556,14.405,14.405,112.422,1.25,35.00,33.0000,11.2422,50.590
124,300.000,0.648,0.648,61.983,61.983,4.840,1.350,1.350,9.653,9.653,73.634,1.25,35.00,33.0000,7.3634,33.135
125,200.000,0.128,0.128,42.194,42.194,4.740,0.400,0.400,6.459,6.459,49.181,1.25,35.00,33.0000,4.9181,22.131
126,250.000,0.313,0.313,52.192,52.192,4.790,0.781,0.781,8.058,8.058,61.344,1.25,35.00,33.0000,6.1344,27.605
127,350.000,1.200,1.200,71.575,71.575,4.890,2.144,2.144,11.242,11.242,86.161,1.25,35.00,33.0000,8.6161,38.772
128,500.000,5.000,5.000,99.206,99.206,5.040,6.250,6.250,15.979,15.979,126.435,1.25,35.00,33.0000,12.6435,56.896
129,450.000,3.281,3.281,90.180,90.180,4.990,4.556,4.556,14.405,14.405,112.422,1.25,35.00,33.0000,11.2422,50.590
130,300.000,0.648,0.648,61.983,61.983,4.840,1.350,1.350,9.653,9.653,73.634,1.25,35.00,33.0000,7.3634,33.135
131,200.000,0.128,0.128,42.194,42.194,4.740,0.400,0.400,6.459,6.459,49.181,1.25,35.00,33.0000,4.9181,22.131
132,250.000,0.313,0.313,52.192,52.192,4.790,0.781,0.781,8.058,8.058,61.344,1.25,35.00,33.0000,6.1344,27.605
133,350.000,1.200,1.200,71.575,71.575,4.890,2.144,2.144,11.242,11.242,86.161,1.25,35.00,33.0000,8.6161,38.772
134,500.000,5.000,5.000,99.206,99.206,5.040,6.250,6.250,15.979,15.979,126.435,1.25,35.00,33.0000,12.6435,56.896
135,450.000,3.281,3.281,90.180,90.180,4.990,4.556,4.556,14.405,14.405,112.422,1.25,35.00,33.0000,11.2422,50.590
136,300.000,0.648,0.648,61.983,61.983,4.840,1.350,1.350,9.653,9.653,73.634,1.25,35.00,33.0000,7.3634,33.135
137,200.000,0.128,0.128,42.194,42.194,4.740,0.400,0.400,6.459,6.459,49.181,1.25,35.00,33.0000,4.9181,22.131
138,250.000,0.313,0.313,52.192,52.192,4.790,0.781,0.781,8.058,8.058,61.344,1.25,35.00,33.0000,6.1344,27.605
139,350.000,1.200,1.200,71.575,71.575,4.890,2.144,2.144,11.242,11.242,86.161,1.25,35.00,33.0000,8.6161,38.772
140,500.000,5.000,5.000,99.206,99.206,5.040,6.250,6.250,15.979,15.979,126.435,1.25,35.00,33.0000,12.6435,56.896
141,450.000,3.281,3.281,90.180,90.180,4.990,4.556,4.556,14.405,14.405,112.422,1.25,35.00,33.0000,11.2422,50.590
142,300.000,0.648,0.648,61.983,61.983,4.840,1.350,1.350,9.653,9.653,73.634,1.25,35.00,33.0000,7.3634,33.135
143,200.000,0.128,0.128,42.194,42.194,4.740,0.400,0.400,6.459,6.459,49.181,1.25,35.00,33.0000,4.9181,22.131
144,250.000,0.313,0.313,52.192,52.192,4.790,0.781,0.781,8.058,8.058,61.344,1.25,35.00,33.0000,6.1344,27.605
145,350.000,1.200,1.200,71.575,71.575,4.890,2.144,2.144,11.242,11.242,86.161,1.25,35.00,33.0000,8.6161,38.772
146,500.000,5.000,5.000,99.206,99.206,5.040,6.250,6.250,15.979,15.979,126.435,1.25,35.00,33.0000,12.6435,56.896
147,450.000,3.281,3.281,90.180,90.180,4.990,4.556,4.556,14.405,14.405,112.422,1.25,35.00,33.0000,11.2422,50.590
148,300.000,0.648,0.648,61.983,61.983,4.840,1.350,1.350,9.653,9.653,73.634,1.25,35.00,33.0000,7.3634,33.135
149,200.000,0.128,0.128,42.194,42.194,4.740,0.400,0.400,6.459,6.459,49.181,1.25,35.00,33.0000,4.9181,22.131
150,250.000,0.313,0.313,52.192,52.192,4.790,0.781,0.781,8.058,8.058,61.344,1.25,35.00,33.0000,6.1344,27.605
151,350.000,1.200,1.200,71.575,71.575,4.890,2.144,2.144,11.242,11.242,86.161,1.25,35.00,33.0000,8.6161,38.772
152,500.000,5.000,5.000,99.206,99.206,5.040,6.250,6.250,15.979,15.979,126.435,1.25,35.00,33.0000,12.6435,56.896
153,450.000,3.281,3.281,90.180,90.180,4.990,4.556,4.556,14.405,14.405,112.422,1.25,35.00,33.0000,11.2422,50.590
154,300.000,0.648,0.648,61.983,61.983,4.840,1.350,1.350,9.653,9.653,73.634,1.25,35.00,33.0000,7.3634,33.135
155,200.000,0.128,0.128,42.194,42.194,4.740,0.400,0.400,6.459,6.459,49.181,1.25,35.00,33.0000,4.9181,22.131
156,250.000,0.313,0.313,52.192,52.192,4.790,0.781,0.781,8.058,8.058,61.344,1.25,35.00,33.0000,6.1344,27.605
157,350.000,1.200,1.200,71.575,71.575,4.890,2.144,2.144,11.242,11.242,86.161,1.25,35.00,33.0000,8.6161,38.772
158,500.000,5.000,5.000,99.206,99.206,5.040,6.250,6.250,15.979,15.979,126.435,1.25,35.00,33.0000,12.6435,56.896
159,450.000,3.281,3.281,90.180,90.180,4.990,4.556,4.556,14.405,14.405,112.422,1.25,35.00,33.0000,11.2422,50.590
160,300.000,0.648,0.648,61.983,61.983,4.840,1.350,1.350,9.653,9.653,73.634,1.25,35.00,33.0000,7.3634,33.135
161,200.000,0.128,0.128,42.194,42.194,4.740,0.400,0.400,6.459,6.459,49.181,1.25,35.00,33.0000,4.9181,22.131
162,250.000,0.313,0.313,52.192,52.192,4.790,0.781,0.781,8.058,8.058,61.344,1.25,35.00,33.0000,6.1344,27.605
163,350.000,1.200,1.200,71.575,71.575,4.890,2.144,2.144,11.242,11.242,86.161,1.25,35.00,33.0000,8.6161,38.772
164,500.000,5.000,5.000,99.206,99.206,5.040,6.250,6.250,15.979,15.979,126.435,1.25,35.00,33.0000,12.6435,56.896
165,450.000,3.281,3.281,90.180,90.180,4.990,4.556,4.556,14.405,14.405,112.422,1.25,35.00,33.0000,11.2422,50.590
166,300.000,0.648,0.648,61.983,61.983,4.840,1.350,1.350,9.653,9.653,73.634,1.25,35.00,33.0000,7.3634,33.135
167,200.000,0.128,0.128,42.194,42.194,4.740,0.400,0.400,6.459,6.459,49.181,1.25,35.00,33.0000,4.9181,22.131
168,250.000,0.313,0.313,52.192,52.192,4.790,0.781,0.781,8.058,8.058,61.344,1.25,35.00,33.0000,6.1344,27.605
169,350.000,1.200,1.200,71.575,71.575,4.890,2.144,2.144,11.242,11.242,86.161,1.25,35.00,33.0000,8.6161,38.772
170,500.000,5.000,5.000,99.206,99.206,5.040,6.250,6.250,15.979,15.979,126.435,1.25,35.00,33.0000,12.6435,56.896
171,450.000,3.281,3.281,90.180,90.180,4.990,4.556,4.556,14.405,14.405,112.422,1.25,35.00,33.0000,11.2422,50.590
172,300.000,0.648,0.648,61.983,61.983,4.840,1.350,1.350,9.653,9.653,73.634,1.25,35.00,33.0000,7.3634,33.135
173,200.000,0.128,0.128,42.194,42.194,4.740,0.400,0.400,6.459,6.459,49.181,1.25,35.00,33.0000,4.9181,22.131
174,250.000,0.313,0.313,52.192,52.192,4.790,0.781,0.781,8.058,8.058,61.344,1.25,35.00,33.0000,6.1344,27.605
175,350.000,1.200,1.200,71.575,71.575,4.890,2.144,2.144,11.242,11.242,86.161,1.25,35.00,33.0000,8.6161,38.772
176,500.000,5.000,5.000,99.206,99.206,5.040,6.250,6.250,15.979,15.979,126.435,1.25,35.00,33.0000,12.6435,56.896
177,450.000,3.281,3.281,90.180,90.180,4.990,4.556,4.556,14.405,14.405,112.422,1.25,35.00,33.0000,11.2422,50.590
178,300.000,0.648,0.648,61.983,61.983,4.840,1.350,1.350,9.653,9.653,73.634,1.25,35.00,33.0000,7.3634,33.135
179,200.000,0.128,0.128,42.194,42.194,4.740,0.400,0.400,6.459,6.459,49.181,1.25,35.00,33.0000,4.9181,22.131
180,250.000,0.313,0.313,52.192,52.192,4.790,0.781,0.781,8.058,8.058,61.344,1.25,35.00,33.0000,6.1344,27.605
181,350.000,1.200,1.200,71.575,71.575,4.890,2.144,2.144,11.242,11.242,86.161,1.25,35.00,33.0000,8.6161,38.772
182,500.000,5.000,5.000,99.206,99.206,5.040,6.250,6.250,15.979,15.979,126.435,1.25,35.00,33.0000,12.6435,56.896
183,450.000,3.281,3.281,90.180,90.180,4.990,4.556,4.556,14.405,14.405,112.422,1.25,35.00,33.0000,11.2422,50.590
184,300.000,0.648,0.648,61.983,61.983,4.840,1.350,1.350,9.653,9.653,73.634,1.25,35.00,33.0000,7.3634,33.135
185,200.000,0.128,0.128,42.194,42.194,4.740,0.400,0.400,6.459,6.459,49.181,1.25,35.00,33.0000,4.9181,22.131
186,250.000,0.313,0.313,52.192,52.192,4.790,0.781,0.781,8.058,8.058,61.344,1.25,35.00,33.0000,6.1344,27.605
187,350.000,1.200,1.200,71.575,71.575,4.890,2.144,2.144,11.242,11.242,86.161,1.25,35.00,33.0000,8.6161,38.772
188,500.000,5.000,5.000,99.206,99.206,5.040,6.250,6.250,15.979,15.979,126.435,1.25,35.00,33.0000,12.6435,56.896
189,450.000,3.281,3.281,90.180,90.180,4.990,4.556,4.556,14.405,14.405,112.422,1.25,35.00,33.0000,11.2422,50.590
190,300.000,0.648,0.648,61.983,61.983,4.840,1.350,1.350,9.653,9.653,73.634,1.25,35.00,33.0000,7.3634,33.135
191,200.000,0.128,0.128,42.194,42.194,4.740,0.400,0.400,6.459,6.459,49.181,1.25,35.00,33.0000,4.9181,22.131
192,250.000,0.313,0.313,52.192,52.192,4.790,0.781,0.781,8.058,8.058,61.344,1.25,35.00,33.0000,6.1344,27.605
193,350.000,1.200,1.200,71.575,71.575,4.890,2.144,2.144,11.242,11.242,86.161,1.25,35.00,33.0000,8.6161,38.772
194,500.000,5.000,5.000,99.206,99.206,5.040,6.250,6.250,15.979,15.979,126.435,1.25,35.00,33.0000,12.6435,56.896
195,450.000,3.281,3.281,90.180,90.180,4.990,4.556,4.556,14.405,14.405,112.422,1.25,35.00,33.0000,11.2422,50.590
196,300.000,0.648,0.648,61.983,61.983,4.840,1.350,1.350,9.653,9.653,73.634,1.25,35.00,33.0000,7.3634,33.135
197,200.000,0.128,0.128,42.194,42.194,4.740,0.400,0.400,6.459,6.459,49.181,1.25,35.00,33.0000,4.9181,22.131
198,250.000,0.313,0.313,52.192,52.192,4.790,0.781,0.781,8.058,8.058,61.344,1.25,35.00,33.0000,6.1344,27.605
199,350.000,1.200,1.200,71.575,71.575,4.890,2.144,2.144,11.242,11.242,86.161,1.25,35.00,33.0000,8.6161,38.772
200,500.000,5.000,5.000,99.206,99.206,5.040,6.250,6.250,15.979,15.979,126.435,1.25,35.00,33.0000,12.6435,56.896
201,450.000,3.281,3.281,90.180,90.180,4.990,4.556,4.556,14.405,14.405,112.422,1.25,35.00,33.0000,11.2422,50.590
202,300.000,0.648,0.648,61.983,61.983,4.840,1.350,1.350,9.653,9.653,73.634,1.25,35.00,33.0000,7.3634,33.135
203,200.000,0.128,0.128,42.194,42.194,4.740,0.400,0.400,6.459,6.459,49.181,1.25,35.00,33.0000,4.9181,22.131
204,250.000,0.313,0.313,52.192,52.192,4.790,0.781,0.781,8.058,8.058,61.344,1.25,35.00,33.0000,6.1344,27.605
205,350.000,1.200,1.200,71.575,71.575,4.890,2.144,2.144,11.242,11.242,86.161,1.25,35.00,33.0000,8.6161,38.772
206,500.000,5.000,5.000,99.206,99.206,5.040,6.250,6.250,15.979,15.979,126.435,1.25,35.00,33.0000,12.6435,56.896
207,450.000,3.281,3.281,90.180,90.180,4.990,4.556,4.556,14.405,14.405,112.422,1.25,35.00,33.0000,11.2422,50.590
208,300.000,0.648,0.648,61.983,61.983,4.840,1.350,1.350,9.653,9.653,73.634,1.25,35.00,33.0000,7.3634,33.135
209,200.000,0.128,0.128,42.194,42.194,4.740,0.400,0.400,6.459,6.459,49.181,1.25,35.00,33.0000,4.9181,22.131
210,250.000,0.313,0.313,52.192,52.192,4.790,0.781,0.781,8.058,8.058,61.344,1.25,35.00,33.0000,6.1344,27.605
211,350.000,1.200,1.200,71.575,71.575,4.890,2.144,2.144,11.242,11.242,86.161,1.25,35.00,33.0000,8.6161,38.772
212,500.000,5.000,5.000,99.206,99.206,5.040,6.250,6.250,15.979,15.979,126.435,1.25,35.00,33.0000,12.6435,56.896
213,450.000,3.281,3.281,90.180,90.180,4.990,4.556,4.556,14.405,14.405,112.422,1.25,35.00,33.0000,11.2422,50.590
214,300.000,0.648,0.648,61.983,61.983,4.840,1.350,1.350,9.653,9.653,73.634,1.25,35.00,33.0000,7.3634,33.135
215,200.000,0.128,0.128,42.194,42.194,4.740,0.400,0.400,6.459,6.459,49.181,1.25,35.00,33.0000,4.9181,22.131
216,250.000,0.313,0.313,52.192,52.192,4.790,0.781,0.781,8.058,8.058,61.344,1.25,35.00,33.0000,6.1344,27.605
217,350.000,1.200,1.200,71.575,71.575,4.890,2.144,2.144,11.242,11.242,86.161,1.25,35.00,33.0000,8.6161,38.772
218,500.000,5.000,5.000,99.206,99.206,5.040,6.250,6.250,15.979,15.979,126.435,1.25,35.00,33.0000,12.6435,56.896
219,450.000,3.281,3.281,90.180,90.180,4.990,4.556,4.556,14.405,14.405,112.422,1.25,35.00,33.0000,11.2422,50.590
220,300.000,0.648,0.648,61.983,61.983,4.840,1.350,1.350,9.653,9.653,73.634,1.25,35.00,33.0000,7.3634,33.135
221,200.000,0.128,0.128,42.194,42.194,4.740,0.400,0.400,6.459,6.459,49.181,1.25,35.00,33.0000,4.9181,22.131
222,250.000,0.313,0.313,52.192,52.192,4.790,0.781,0.781,8.058,8.058,61.344,1.25,35.00,33.0000,6.1344,27.605
223,350.000,1.200,1.200,71.575,71.575,4.890,2.144,2.144,11.242,11.242,86.161,1.25,35.00,33.0000,8.6161,38.772
224,500.000,5.000,5.000,99.206,99.206,5.040,6.250,6.250,15.979,15.979,126.435,1.25,35.00,33.0000,12.6435,56.896
225,450.000,3.281,3.281,90.180,90.180,4.990,4.556,4.556,14.405,14.405,112.422,1.25,35.00,33.0000,11.2422,50.590
226,300.000,0.648,0.648,61.983,61.983,4.840,1.350,1.350,9.653,9.653,73.634,1.25,35.00,33.0000,7.3634,33.135
227,200.000,0.128,0.128,42.194,42.194,4.740,0.400,0.400,6.459,6.459,49.181,1.25,35.00,33.0000,4.9181,22.131
228,250.000,0.313,0.313,52.192,52.192,4.790,0.781,0.781,8.058,8.058,61.344,1.25,35.00,33.0000,6.1344,27.605
229,350.000,1.200,1.200,71.575,71.575,4.890,2.144,2.144,11.242,11.242,86.161,1.25,35.00,33.0000,8.6161,38.772
230,500.000,5.000,5.000,99.206,99.206,5.040,6.250,6.250,15.979,15.979,126.435,1.25,35.00,33.0000,12.6435,56.896
231,450.000,3.281,3.281,90.180,90.180,4.990,4.556,4.556,14.405,14.405,112.422,1.25,35.00,33.0000,11.2422,50.590
232,300.000,0.648,0.648,61.983,61.983,4.840,1.350,1.350,9.653,9.653,73.634,1.25,35.00,33.0000,7.3634,33.135
233,200.000,0.128,0.128,42.194,42.194,4.740,0.400,0.400,6.459,6.459,49.181,1.25,35.00,33.0000,4.9181,22.131
234,250.000,0.313,0.313,52.192,52.192,4.790,0.781,0.781,8.058,8.058,61.344,1.25,35.00,33.0000,6.1344,27.605
235,350.000,1.200,1.200,71.575,71.575,4.890,2.144,2.144,11.242,11.242,86.161,1.25,35.00,33.0000,8.6161,38.772
236,500.000,5.000,5.000,99.206,99.206,5.040,6.250,6.250,15.979,15.979,126.435,1.25,35.00,33.0000,12.6435,56.896
237,450.000,3.281,3.281,90.180,90.180,4.990,4.556,4.556,14.405,14.405,112.422,1.25,35.00,33.0000,11.2422,50.590
238,300.000,0.648,0.648,61.983,61.983,4.840,1.350,1.350,9.653,9.653,73.634,1.25,35.00,33.0000,7.3634,33.135
239,200.000,0.128,0.128,42.194,42.194,4.740,0.400,0.400,6.459,6.459,49.181,1.25,35.00,33.0000,4.9181,22.131
240,250.000,0.313,0.313,52.192,52.192,4.790,0.781,0.781,8.058,8.058,61.344,1.25,35.00,33.0000,6.1344,27.605
241,350.000,1.200,1.200,71.575,71.575,4.890,2.144,2.144,11.242,11.242,86.161,1.25,35.00,33.0000,8.6161,38.772
242,500.000,5.000,5.000,99.206,99.206,5.040,6.250,6.250,15.979,15.979,126.435,1.25,35.00,33.0000,12.6435,56.896
243,450.000,3.281,3.281,90.180,90.180,4.990,4.556,4.556,14.405,14.405,112.422,1.25,35.00,33.0000,11.2422,50.590
244,300.000,0.648,0.648,61.983,61.983,4.840,1.350,1.350,9.653,9.653,73.634,1.25,35.00,33.0000,7.3634,33.135
245,200.000,0.128,0.128,42.194,42.194,4.740,0.400,0.400,6.459,6.459,49.181,1.25,35.00,33.0000,4.9181,22.131
246,250.000,0.313,0.313,52.192,52.192,4.790,0.781,0.781,8.058,8.058,61.344,1.25,35.00,33.0000,6.1344,27.605
247,350.000,1.200,1.200,71.575,71.575,4.890,2.144,2.144,11.242,11.242,86.161,1.25,35.00,33.0000,8.6161,38.772
248,500.000,5.000,5.000,99.206,99.206,5.040,6.250,6.250,15.979,15.979,126.435,1.25,35.00,33.0000,12.6435,56.896
249,450.000,3.281,3.281,90.180,90.180,4.990,4.556,4.556,14.405,14.405,112.422,1.25,35.00,33.0000,11.2422,50.590
250,300.000,0.648,0.648,61.983,61.983,4.840,1.350,1.350,9.653,9.653,73.634,1.25,35.00,33.0000,7.3634,33.135
251,200.000,0.128,0.128,42.194,42.194,4.740,0.400,0.400,6.459,6.459,49.181,1.25,35.00,33.0000,4.9181,22.131
252,250.000,0.313,0.313,52.192,52.192,4.790,0.781,0.781,8.058,8.058,61.344,1.25,35.00,33.0000,6.1344,27.605
253,350.000,1.200,1.200,71.575,71.575,4.890,2.144,2.144,11.242,11.242,86.161,1.25,35.00,33.0000,8.6161,38.772
254,500.000,5.000,5.000,99.206,99.206,5.040,6.250,6.250,15.979,15.979,126.435,1.25,35.00,33.0000,12.6435,56.896
255,450.000,3.281,3.281,90.180,90.180,4.990,4.556,4.556,14.405,14.405,112.422,1.25,35.00,33.0000,11.2422,50.590
256,300.000,0.648,0.648,61.983,61.983,4.840,1.350,1.350,9.653,9.653,73.634,1.25,35.00,33.0000,7.3634,33.135
257,200.000,0.128,0.128,42.194,42.194,4.740,0.400,0.400,6.459,6.459,49.181,1.25,35.00,33.0000,4.9181,22.131
258,250.000,0.313,0.313,52.192,52.192,4.790,0.781,0.781,8.058,8.058,61.344,1.25,35.00,33.0000,6.1344,27.605
259,350.000,1.200,1.200,71.575,71.575,4.890,2.144,2.144,11.242,11.242,86.161,1.25,35.00,33.0000,8.6161,38.772
260,500.000,5.000,5.000,99.206,99.206,5.040,6.250,6.250,15.979,15.979,126.435,1.25,35.00,33.0000,12.6435,56.896
261,450.000,3.281,3.281,90.180,90.180,4.990,4.556,4.556,14.405,14.405,112.422,1.25,35.00,33.0000,11.2422,50.590
262,300.000,0.648,0.648,61.983,61.983,4.840,1.350,1.350,9.653,9.653,73.634,1.25,35.00,33.0000,7.3634,33.135
263,200.000,0.128,0.128,42.194,42.194,4.740,0.400,0.400,6.459,6.459,49.181,1.25,35.00,33.0000,4.9181,22.131
264,250.000,0.313,0.313,52.192,52.192,4.790,0.781,0.781,8.058,8.058,61.344,1.25,35.00,33.0000,6.1344,27.605
265,350.000,1.200,1.200,71.575,71.575,4.890,2.144,2.144,11.242,11.242,86.161,1.25,35.00,33.0000,8.6161,38.772
266,500.000,5.000,5.000,99.206,99.206,5.040,6.250,6.250,15.979,15.979,126.435,1.25,35.00,33.0000,12.6435,56.896
267,450.000,3.281,3.281,90.180,90.180,4.990,4.556,4.556,14.405,14.405,112.422,1.25,35.00,33.0000,11.2422,50.590
268,300.000,0.648,0.648,61.983,61.983,4.840,1.350,1.350,9.653,9.653,73.634,1.25,35.00,33.0000,7.3634,33.135
269,200.000,0.128,0.128,42.194,42.194,4.740,0.400,0.400,6.459,6.459,49.181,1.25,35.00,33.0000,4.9181,22.131
270,250.000,0.313,0.313,52.192,52.192,4.790,0.781,0.781,8.058,8.058,61.344,1.25,35.00,33.0000,6.1344,27.605
271,350.000,1.200,1.200,71.575,71.575,4.890,2.144,2.144,11.242,11.242,86.161,1.25,35.00,33.0000,8.6161,38.772
272,500.000,5.000,5.000,99.206,99.206,5.040,6.250,6.250,15.979,15.979,126.435,1.25,35.00,33.0000,12.6435,56.896
273,450.000,3.281,3.281,90.180,90.180,4.990,4.556,4.556,14.405,14.405,112.422,1.25,35.00,33.0000,11.2422,50.590
274,300.000,0.648,0.648,61.983,61.983,4.840,1.350,1.350,9.653,9.653,73.634,1.25,35.00,33.0000,7.3634,33.135
275,200.000,0.128,0.128,42.194,42.194,4.740,0.400,0.400,6.459,6.459,49.181,1.25,35.00,33.0000,4.9181,22.131
276,250.000,0.313,0.313,52.192,52.192,4.790,0.781,0.781,8.058,8.058,61.344,1.25,35.00,33.0000,6.1344,27.605
277,350.000,1.200,1.200,71.575,71.575,4.890,2.144,2.144,11.242,11.242,86.161,1.25,35.00,33.0000,8.6161,38.772
278,500.000,5.000,5.000,99.206,99.206,5.040,6.250,6.250,15.979,15.979,126.435,1.25,35.00,33.0000,12.6435,56.896
279,450.000,3.281,3.281,90.180,90.180,4.990,4.556,4.556,14.405,14.405,112.422,1.25,35.00,33.0000,11.2422,50.590
280,300.000,0.648,0.648,61.983,61.983,4.840,1.350,1.350,9.653,9.653,73.634,1.25,35.00,33.0000,7.3634,33.135
281,200.000,0.128,0.128,42.194,42.194,4.740,0.400,0.400,6.459,6.459,49.181,1.25,35.00,33.0000,4.9181,22.131
282,250.000,0.313,0.313,52.192,52.192,4.790,0.781,0.781,8.058,8.058,61.344,1.25,35.00,33.0000,6.1344,27.605
283,350.000,1.200,1.200,71.575,71.575,4.890,2.144,2.144,11.242,11.242,86.161,1.25,35.00,33.0000,8.6161,38.772
284,500.000,5.000,5.000,99.206,99.206,5.040,6.250,6.250,15.979,15.979,126.435,1.25,35.00,33.0000,12.6435,56.896
285,450.000,3.281,3.281,90.180,90.180,4.990,4.556,4.556,14.405,14.405,112.422,1.25,35.00,33.0000,11.2422,50.590
286,300.000,0.648,0.648,61.983,61.983,4.840,1.350,1.350,9.653,9.653,73.634,1.25,35.00,33.0000,7.3634,33.135
287,200.000,0.128,0.128,42.194,42.194,4.740,0.400,0.400,6.459,6.459,49.181,1.25,35.00,33.0000,4.9181,22.131
288,250.000,0.313,0.313,52.192,52.192,4.790,0.781,0.781,8.058,8.058,61.344,1.25,35.00,33.0000,6.1344,27.605
289,350.000,1.200,1.200,71.575,71.575,4.890,2.144,2.144,11.242,11.242,86.161,1.25,35.00,33.0000,8.6161,38.772
290,500.000,5.000,5.000,99.206,99.206,5.040,6.250,6.250,15.979,15.979,126.435,1.25,35.00,33.0000,12.6435,56.896
291,450.000,3.281,3.281,90.180,90.180,4.990,4.556,4.556,14.405,14.405,112.422,1.25,35.00,33.0000,11.2422,50.590
292,300.000,0.648,0.648,61.983,61.983,4.840,1.350,1.350,9.653,9.653,73.634,1.25,35.00,33.0000,7.3634,33.135
293,200.000,0.128,0.128,42.194,42.194,4.740,0.400,0.400,6.459,6.459,49.181,1.25,35.00,33.0000,4.9181,22.131
294,250.000,0.313,0.313,52.192,52.192,4.790,0.781,0.781,8.058,8.058,61.344,1.25,35.00,33.0000,6.1344,27.605
295,350.000,1.200,1.200,71.575,71.575,4.890,2.144,2.144,11.242,11.242,86.161,1.25,35.00,33.0000,8.6161,38.772
296,500.000,5.000,5.000,99.206,99.206,5.040,6.250,6.250,15.979,15.979,126.435,1.25,35.00,33.0000,12.6435,56.896
297,450.000,3.281,3.281,90.180,90.180,4.990,4.556,4.556,14.405,14.405,112.422,1.25,35.00,33.0000,11.2422,50.590
298,300.000,0.648,0.648,61.983,61.983,4.840,1.350,1.350,9.653,9.653,73.634,1.25,35.00,33.0000,7.3634,33.135
299,200.000,0.128,0.128,42.194,42.194,4.740,0.400,0.400,6.459,6.459,49.181,1.25,35.00,33.0000,4.9181,22.131
300,250.000,0.313,0.313,52.192,52.192,4.790,0.781,0.781,8.058,8.058,61.344,1.25,35.00,33.0000,6.1344,27.605
301,350.000,1.200,1.200,71.575,71.575,4.890,2.144,2.144,11.242,11.242,86.161,1.25,35.00,33.0000,8.6161,38.772
302,500.000,5.000,5.000,99.206,99.206,5.040,6.250,6.250,15.979,15.979,126.435,1.25,35.00,33.0000,12.6435,56.896
303,450.000,3.281,3.281,90.180,90.180,4.990,4.556,4.556,14.405,14.405,112.422,1.25,35.00,33.0000,11.2422,50.590
304,300.000,0.648,0.648,61.983,61.983,4.840,1.350,1.350,9.653,9.653,73.634,1.25,35.00,33.0000,7.3634,33.135
305,200.000,0.128,0.128,42.194,42.194,4.740,0.400,0.400,6.459,6.459,49.181,1.25,35.00,33.0000,4.9181,22.131
306,250.000,0.313,0.313,52.192,52.192,4.790,0.781,0.781,8.058,8.058,61.344,1.25,35.00,33.0000,6.1344,27.605
307,350.000,1.200,1.200,71.575,71.575,4.890,2.144,2.144,11.242,11.242,86.161,1.25,35.00,33.0000,8.6161,38.772
308,500.000,5.000,5.000,99.206,99.206,5.040,6.250,6.250,15.979,15.979,126.435,1.25,35.00,33.0000,12.6435,56.896
309,450.000,3.281,3.281,90.180,90.180,4.990,4.556,4.556,14.405,14.405,112.422,1.25,35.00,33.0000,11.2422,50.590
310,300.000,0.648,0.648,61.983,61.983,4.840,1.350,1.350,9.653,9.653,73.634,1.25,35.00,33.0000,7.3634,33.135
311,200.000,0.128,0.128,42.194,42.194,4.740,0.400,0.400,6.459,6.459,49.181,1.25,35.00,33.0000,4.9181,22.131
312,250.000,0.313,0.313,52.192,52.192,4.790,0.781,0.781,8.058,8.058,61.344,1.25,35.00,33.0000,6.1344,27.605
313,350.000,1.200,1.200,71.575,71.575,4.890,2.144,2.144,11.242,11.242,86.161,1.25,35.00,33.0000,8.6161,38.772
314,500.000,5.000,5.000,99.206,99.206,5.040,6.250,6.250,15.979,15.979,126.435,1.25,35.00,33.0000,12.6435,56.896
315,450.000,3.281,3.281,90.180,90.180,4.990,4.556,4.556,14.405,14.405,112.422,1.25,35.00,33.0000,11.2422,50.590
316,300.000,0.648,0.648,61.983,61.983,4.840,1.350,1.350,9.653,9.653,73.634,1.25,35.00,33.0000,7.3634,33.135
317,200.000,0.128,0.128,42.194,42.194,4.740,0.400,0.400,6.459,6.459,49.181,1.25,35.00,33.0000,4.9181,22.131
318,250.000,0.313,0.313,52.192,52.192,4.790,0.781,0.781,8.058,8.058,61.344,1.25,35.00,33.0000,6.1344,27.605
319,350.000,1.200,1.200,71.575,71.575,4.890,2.144,2.144,11.242,11.242,86.161,1.25,35.00,33.0000,8.6161,38.772
320,500.000,5.000,5.000,99.206,99.206,5.040,6.250,6.250,15.979,15.979,126.435,1.25,35.00,33.0000,12.6435,56.896
321,450.000,3.281,3.281,90.180,90.180,4.990,4.556,4.556,14.405,14.405,112.422,1.25,35.00,33.0000,11.2422,50.590
322,300.000,0.648,0.648,61.983,61.983,4.840,1.350,1.350,9.653,9.653,73.634,1.25,35.00,33.0000,7.3634,33.135
323,200.000,0.128,0.128,42.194,42.194,4.740,0.400,0.400,6.459,6.459,49.181,1.25,35.00,33.0000,4.9181,22.131
324,250.000,0.313,0.313,52.192,52.192,4.790,0.781,0.781,8.058,8.058,61.344,1.25,35.00,33.0000,6.1344,27.605
325,350.000,1.200,1.200,71.575,71.575,4.890,2.144,2.144,11.242,11.242,86.161,1.25,35.00,33.0000,8.6161,38.772
326,500.000,5.000,5.000,99.206,99.206,5.040,6.250,6.250,15.979,15.979,126.435,1.25,35.00,33.0000,12.6435,56.896
327,450.000,3.281,3.281,90.180,90.180,4.990,4.556,4.556,14.405,14.405,112.422,1.25,35.00,33.0000,11.2422,50.590
328,300.000,0.648,0.648,61.983,61.983,4.840,1.350,1.350,9.653,9.653,73.634,1.25,35.00,33.0000,7.3634,33.135
329,200.000,0.128,0.128,42.194,42.194,4.740,0.400,0.400,6.459,6.459,49.181,1.25,35.00,33.0000,4.9181,22.131
330,250.000,0.313,0.313,52.192,52.192,4.790,0.781,0.781,8.058,8.058,61.344,1.25,35.00,33.0000,6.1344,27.605
331,350.000,1.200,1.200,71.575,71.575,4.890,2.144,2.144,11.242,11.242,86.161,1.25,35.00,33.0000,8.6161,38.772
332,500.000,5.000,5.000,99.206,99.206,5.040,6.250,6.250,15.979,15.979,126.435,1.25,35.00,33.0000,12.6435,56.896
333,450.000,3.281,3.281,90.180,90.180,4.990,4.556,4.556,14.405,14.405,112.422,1.25,35.00,33.0000,11.2422,50.590
334,300.000,0.648,0.648,61.983,61.983,4.840,1.350,1.350,9.653,9.653,73.634,1.25,35.00,33.0000,7.3634,33.135
335,200.000,0.128,0.128,42.194,42.194,4.740,0.400,0.400,6.459,6.459,49.181,1.25,35.00,33.0000,4.9181,22.131
336,250.000,0.313,0.313,52.192,52.192,4.790,0.781,0.781,8.058,8.058,61.344,1.25,35.00,33.0000,6.1344,27.605
337,350.000,1.200,1.200,71.575,71.575,4.890,2.144,2.144,11.242,11.242,86.161,1.25,35.00,33.0000,8.6161,38.772
338,500.000,5.000,5.000,99.206,99.206,5.040,6.250,6.250,15.979,15.979,126.435,1.25,35.00,33.0000,12.6435,56.896
339,450.000,3.281,3.281,90.180,90.180,4.990,4.556,4.556,14.405,14.405,112.422,1.25,35.00,33.0000,11.2422,50.590
340,300.000,0.648,0.648,61.983,61.983,4.840,1.350,1.350,9.653,9.653,73.634,1.25,35.00,33.0000,7.3634,33.135
341,200.000,0.128,0.128,42.194,42.194,4.740,0.400,0.400,6.459,6.459,49.181,1.25,35.00,33.0000,4.9181,22.131
342,250.000,0.313,0.313,52.192,52.192,4.790,0.781,0.781,8.058,8.058,61.344,1.25,35.00,33.0000,6.1344,27.605
343,350.000,1.200,1.200,71.575,71.575,4.890,2.144,2.144,11.242,11.242,86.161,1.25,35.00,33.0000,8.6161,38.772
344,500.000,5.000,5.000,99.206,99.206,5.040,6.250,6.250,15.979,15.979,126.435,1.25,35.00,33.0000,12.6435,56.896
345,450.000,3.281,3.281,90.180,90.180,4.990,4.556,4.556,14.405,14.405,112.422,1.25,35.00,33.0000,11.2422,50.590
346,300.000,0.648,0.648,61.983,61.983,4.840,1.350,1.350,9.653,9.653,73.634,1.25,35.00,33.0000,7.3634,33.135
347,200.000,0.128,0.128,42.194,42.194,4.740,0.400,0.400,6.459,6.459,49.181,1.25,35.00,33.0000,4.9181,22.131
348,250.000,0.313,0.313,52.192,52.192,4.790,0.781,0.781,8.058,8.058,61.344,1.25,35.00,33.0000,6.1344,27.605
349,350.000,1.200,1.200,71.575,71.575,4.890,2.144,2.144,11.242,11.242,86.161,1.25,35.00,33.0000,8.6161,38.772
350,500.000,5.000,5.000,99.206,99.206,5.040,6.250,6.250,15.979,15.979,126.435,1.25,35.00,33.0000,12.6435,56.896
351,450.000,3.281,3.281,90.180,90.180,4.990,4.556,4.556,14.405,14.405,112.422,1.25,35.00,33.0000,11.2422,50.590
352,300.000,0.648,0.648,61.983,61.983,4.840,1.350,1.350,9.653,9.653,73.634,1.25,35.00,33.0000,7.3634,33.135
353,200.000,0.128,0.128,42.194,42.194,4.740,0.400,0.400,6.459,6.459,49.181,1.25,35.00,33.0000,4.9181,22.131
354,250.000,0.313,0.313,52.192,52.192,4.790,0.781,0.781,8.058,8.058,61.344,1.25,35.00,33.0000,6.1344,27.605
355,350.000,1.200,1.200,71.575,71.575,4.890,2.144,2.144,11.242,11.242,86.161,1.25,35.00,33.0000,8.6161,38.772
356,500.000,5.000,5.000,99.206,99.206,5.040,6.250,6.250,15.979,15.979,126.435,1.25,35.00,33.0000,12.6435,56.896
357,450.000,3.281,3.281,90.180,90.180,4.990,4.556,4.556,14.405,14.405,112.422,1.25,35.00,33.0000,11.2422,50.590
358,300.000,0.648,0.648,61.983,61.983,4.840,1.350,1.350,9.653,9.653,73.634,1.25,35.00,33.0000,7.3634,33.135
359,200.000,0.128,0.128,42.194,42.194,4.740,0.400,0.400,6.459,6.459,49.181,1.25,35.00,33.0000,4.9181,22.131
360,250.000,0.313,0.313,52.192,52.192,4.790,0.781,0.781,8.058,8.058,61.344,1.25,35.00,33.0000,6.1344,27.605
361,350.000,1.200,1.200,71.575,71.575,4.890,2.144,2.144,11.242,11.242,86.161,1.25,35.00,33.0000,8.6161,38.772
362,500.000,5.000,5.000,99.206,99.206,5.040,6.250,6.250,15.979,15.979,126.435,1.25,35.00,33.0000,12.6435,56.896
363,450.000,3.281,3.281,90.180,90.180,4.990,4.556,4.556,14.405,14.405,112.422,1.25,35.00,33.0000,11.2422,50.590
364,300.000,0.648,0.648,61.983,61.983,4.840,1.350,1.350,9.653,9.653,73.634,1.25,35.00,33.0000,7.3634,33.135
365,200.000,0.128,0.128,42.194,42.194,4.740,0.400,0.400,6.459,6.459,49.181,1.25,35.00,33.0000,4.9181,22.131
366,250.000,0.313,0.313,52.192,52.192,4.790,0.781,0.781,8.058,8.058,61.344,1.25,35.00,33.0000,6.1344,27.605
367,350.000,1.200,1.200,71.575,71.575,4.890,2.144,2.144,11.242,11.242,86.161,1.25,35.00,33.0000,8.6161,38.772
368,500.000,5.000,5.000,99.206,99.206,5.040,6.250,6.250,15.979,15.979,126.435,1.25,35.00,33.0000,12.6435,56.896
369,450.000,3.281,3.281,90.180,90.180,4.990,4.556,4.556,14.405,14.405,112.422,1.25,35.00,33.0000,11.2422,50.590
370,300.000,0.648,0.648,61.983,61.983,4.840,1.350,1.350,9.653,9.653,73.634,1.25,35.00,33.0000,7.3634,33.135
371,200.000,0.128,0.128,42.194,42.194,4.740,0.400,0.400,6.459,6.459,49.181,1.25,35.00,33.0000,4.9181,22.131
372,250.000,0.313,0.313,52.192,52.192,4.790,0.781,0.781,8.058,8.058,61.344,1.25,35.00,33.0000,6.1344,27.605
373,350.000,1.200,1.200,71.575,71.575,4.890,2.144,2.144,11.242,11.242,86.161,1.25,35.00,33.0000,8.6161,38.772
374,500.000,5.000,5.000,99.206,99.206,5.040,6.250,6.250,15.979,15.979,126.435,1.25,35.00,33.0000,12.6435,56.896
375,450.000,3.281,3.281,90.180,90.180,4.990,4.556,4.556,14.405,14.405,112.422,1.25,35.00,33.0000,11.2422,50.590
376,300.000,0.648,0.648,61.983,61.983,4.840,1.350,1.350,9.653,9.653,73.634,1.25,35.00,33.0000,7.3634,33.135
377,200.000,0.128,0.128,42.194,42.194,4.740,0.400,0.400,6.459,6.459,49.181,1.25,35.00,33.0000,4.9181,22.131
378,250.000,0.313,0.313,52.192,52.192,4.790,0.781,0.781,8.058,8.058,61.344,1.25,35.00,33.0000,6.1344,27.605
379,350.000,1.200,1.200,71.575,71.575,4.890,2.144,2.144,11.242,11.242,86.161,1.25,35.00,33.0000,8.6161,38.772
380,500.000,5.000,5.000,99.206,99.206,5.040,6.250,6.250,15.979,15.979,126.435,1.25,35.00,33.0000,12.6435,56.896
381,450.000,3.281,3.281,90.180,90.180,4.990,4.556,4.556,14.405,14.405,112.422,1.25,35.00,33.0000,11.2422,50.590
382,300.000,0.648,0.648,61.983,61.983,4.840,1.350,1.350,9.653,9.653,73.634,1.25,35.00,33.0000,7.3634,33.135
383,200.000,0.128,0.128,42.194,42.194,4.740,0.400,0.400,6.459,6.459,49.181,1.25,35.00,33.0000,4.9181,22.131
384,250.000,0.313,0.313,52.192,52.192,4.790,0.781,0.781,8.058,8.058,61.344,1.25,35.00,33.0000,6.1344,27.605
385,350.000,1.200,1.200,71.575,71.575,4.890,2.144,2.144,11.242,11.242,86.161,1.25,35.00,33.0000,8.6161,38.772
386,500.000,5.000,5.000,99.206,99.206,5.040,6.250,6.250,15.979,15.979,126.435,1.25,35.00,33.0000,12.6435,56.896
387,450.000,3.281,3.281,90.180,90.180,4.990,4.556,4.556,14.405,14.405,112.422,1.25,35.00,33.0000,11.2422,50.590
388,300.000,0.648,0.648,61.983,61.983,4.840,1.350,1.350,9.653,9.653,73.634,1.25,35.00,33.0000,7.3634,33.135
389,200.000,0.128,0.128,42.194,42.194,4.740,0.400,0.400,6.459,6.459,49.181,1.25,35.00,33.0000,4.9181,22.131
390,250.000,0.313,0.313,52.192,52.192,4.790,0.781,0.781,8.058,8.058,61.344,1.25,35.00,33.0000,6.1344,27.605
391,350.000,1.200,1.200,71.575,71.575,4.890,2.144,2.144,11.242,11.242,86.161,1.25,35.00,33.0000,8.6161,38.772
392,500.000,5.000,5.000,99.206,99.206,5.040,6.250,6.250,15.979,15.979,126.435,1.25,35.00,33.0000,12.6435,56.896
393,450.000,3.281,3.281,90.180,90.180,4.990,4.556,4.556,14.405,14.405,112.422,1.25,35.00,33.0000,11.2422,50.590
394,300.000,0.648,0.648,61.983,61.983,4.840,1.350,1.350,9.653,9.653,73.634,1.25,35.00,33.0000,7.3634,33.135
395,200.000,0.128,0.128,42.194,42.194,4.740,0.400,0.400,6.459,6.459,49.181,1.25,35.00,33.0000,4.9181,22.131
396,250.000,0.313,0.313,52.192,52.192,4.790,0.781,0.781,8.058,8.058,61.344,1.25,35.00,33.0000,6.1344,27.605
397,350.000,1.200,1.200,71.575,71.575,4.890,2.144,2.144,11.242,11.242,86.161,1.25,35.00,33.0000,8.6161,38.772
398,500.000,5.000,5.000,99.206,99.206,5.040,6.250,6.250,15.979,15.979,126.435,1.25,35.00,33.0000,12.6435,56.896
399,450.000,3.281,3.281,90.180,90.180,4.990,4.556,4.556,14.405,14.405,112.422,1.25,35.00,33.0000,11.2422,50.590
400,300.000,0.648,0.648,61.983,61.983,4.840,1.350,1.350,9.653,9.653,73.634,1.25,35.00,33.0000,7.3634,33.135
401,200.000,0.128,0.128,42.194,42.194,4.740,0.400,0.400,6.459,6.459,49.181,1.25,35.00,33.0000,4.9181,22.131
402,250.000,0.313,0.313,52.192,52.192,4.790,0.781,0.781,8.058,8.058,61.344,1.25,35.00,33.0000,6.1344,27.605
403,350.000,1.200,1.200,71.575,71.575,4.890,2.144,2.144,11.242,11.242,86.161,1.25,35.00,33.0000,8.6161,38.772
404,500.000,5.000,5.000,99.206,99.206,5.040,6.250,6.250,15.979,15.979,126.435,1.25,35.00,33.0000,12.6435,56.896
405,450.000,3.281,3.281,90.180,90.180,4.990,4.556,4.556,14.405,14.405,112.422,1.25,35.00,33.0000,11.2422,50.590
406,300.000,0.648,0.648,61.983,61.983,4.840,1.350,1.350,9.653,9.653,73.634,1.25,35.00,33.0000,7.3634,33.135
407,200.000,0.128,0.128,42.194,42.194,4.740,0.400,0.400,6.459,6.459,49.181,1.25,35.00,33.0000,4.9181,22.131
408,250.000,0.313,0.313,52.192,52.192,4.790,0.781,0.781,8.058,8.058,61.344,1.25,35.00,33.0000,6.1344,27.605
409,350.000,1.200,1.200,71.575,71.575,4.890,2.144,2.144,11.242,11.242,86.161,1.25,35.00,33.0000,8.6161,38.772
410,500.000,5.000,5.000,99.206,99.206,5.040,6.250,6.250,15.979,15.979,126.435,1.25,35.00,33.0000,12.6435,56.896
411,450.000,3.281,3.281,90.180,90.180,4.990,4.556,4.556,14.405,14.405,112.422,1.25,35.00,33.0000,11.2422,50.590
412,300.000,0.648,0.648,61.983,61.983,4.840,1.350,1.350,9.653,9.653,73.634,1.25,35.00,33.0000,7.3634,33.135
413,200.000,0.128,0.128,42.194,42.194,4.740,0.400,0.400,6.459,6.459,49.181,1.25,35.00,33.0000,4.9181,22.131
414,250.000,0.313,0.313,52.192,52.192,4.790,0.781,0.781,8.058,8.058,61.344,1.25,35.00,33.0000,6.1344,27.605
415,350.000,1.200,1.200,71.575,71.575,4.890,2.144,2.144,11.242,11.242,86.161,1.25,35.00,33.0000,8.6161,38.772
416,500.000,5.000,5.000,99.206,99.206,5.040,6.250,6.250,15.979,15.979,126.435,1.25,35.00,33.0000,12.6435,56.896
417,450.000,3.281,3.281,90.180,90.180,4.990,4.556,4.556,14.405,14.405,112.422,1.25,35.00,33.0000,11.2422,50.590
418,300.000,0.648,0.648,61.983,61.983,4.840,1.350,1.350,9.653,9.653,73.634,1.25,35.00,33.0000,7.3634,33.135
419,200.000,0.128,0.128,42.194,42.194,4.740,0.400,0.400,6.459,6.459,49.181,1.25,35.00,33.0000,4.9181,22.131
420,250.000,0.313,0.313,52.192,52.192,4.790,0.781,0.781,8.058,8.058,61.344,1.25,35.00,33.0000,6.1344,27.605
421,350.000,1.200,1.200,71.575,71.575,4.890,2.144,2.144,11.242,11.242,86.161,1.25,35.00,33.0000,8.6161,38.772
422,500.000,5.000,5.000,99.206,99.206,5.040,6.250,6.250,15.979,15.979,126.435,1.25,35.00,33.0000,12.6435,56.896
423,450.000,3.281,3.281,90.180,90.180,4.990,4.556,4.556,14.405,14.405,112.422,1.25,35.00,33.0000,11.2422,50.590
424,300.000,0.648,0.648,61.983,61.983,4.840,1.350,1.350,9.653,9.653,73.634,1.25,35.00,33.0000,7.3634,33.135
425,200.000,0.128,0.128,42.194,42.194,4.740,0.400,0.400,6.459,6.459,49.181,1.25,35.00,33.0000,4.9181,22.131
426,250.000,0.313,0.313,52.192,52.192,4.790,0.781,0.781,8.058,8.058,61.344,1.25,35.00,33.0000,6.1344,27.605
427,350.000,1.200,1.200,71.575,71.575,4.890,2.144,2.144,11.242,11.242,86.161,1.25,35.00,33.0000,8.6161,38.772
428,500.000,5.000,5.000,99.206,99.206,5.040,6.250,6.250,15.979,15.979,126.435,1.25,35.00,33.0000,12.6435,56.896
429,450.000,3.281,3.281,90.180,90.180,4.990,4.556,4.556,14.405,14.405,112.422,1.25,35.00,33.0000,11.2422,50.590
430,300.000,0.648,0.648,61.983,61.983,4.840,1.350,1.350,9.653,9.653,73.634,1.25,35.00,33.0000,7.3634,33.135
431,200.000,0.128,0.128,42.194,42.194,4.740,0.400,0.400,6.459,6.459,49.181,1.25,35.00,33.0000,4.9181,22.131
432,250.000,0.313,0.313,52.192,52.192,4.790,0.781,0.781,8.058,8.058,61.344,1.25,35.00,33.0000,6.1344,27.605
433,350.000,1.200,1.200,71.575,71.575,4.890,2.144,2.144,11.242,11.242,86.161,1.25,35.00,33.0000,8.6161,38.772
434,500.000,5.000,5.000,99.206,99.206,5.040,6.250,6.250,15.979,15.979,126.435,1.25,35.00,33.0000,12.6435,56.896
435,450.000,3.281,3.281,90.180,90.180,4.990,4.556,4.556,14.405,14.405,112.422,1.25,35.00,33.0000,11.2422,50.590
436,300.000,0.648,0.648,61.983,61.983,4.840,1.350,1.350,9.653,9.653,73.634,1.25,35.00,33.0000,7.3634,33.135
437,200.000,0.128,0.128,42.194,42.194,4.740,0.400,0.400,6.459,6.459,49.181,1.25,35.00,33.0000,4.9181,22.131
438,250.000,0.313,0.313,52.192,52.192,4.790,0.781,0.781,8.058,8.058,61.344,1.25,35.00,33.0000,6.1344,27.605
439,350.000,1.200,1.200,71.575,71.575,4.890,2.144,2.144,11.242,11.242,86.161,1.25,35.00,33.0000,8.6161,38.772
440,500.000,5.000,5.000,99.206,99.206,5.040,6.250,6.250,15.979,15.979,126.435,1.25,35.00,33.0000,12.6435,56.896
441,450.000,3.281,3.281,90.180,90.180,4.990,4.556,4.556,14.405,14.405,112.422,1.25,35.00,33.0000,11.2422,50.590
442,300.000,0.648,0.648,61.983,61.983,4.840,1.350,1.350,9.653,9.653,73.634,1.25,35.00,33.0000,7.3634,33.135
443,200.000,0.128,0.128,42.194,42.194,4.740,0.400,0.400,6.459,6.459,49.181,1.25,35.00,33.0000,4.9181,22.131
444,250.000,0.313,0.313,52.192,52.192,4.790,0.781,0.781,8.058,8.058,61.344,1.25,35.00,33.0000,6.1344,27.605
445,350.000,1.200,1.200,71.575,71.575,4.890,2.144,2.144,11.242,11.242,86.161,1.25,35.00,33.0000,8.6161,38.772
446,500.000,5.000,5.000,99.206,99.206,5.040,6.250,6.250,15.979,15.979,126.435,1.25,35.00,33.0000,12.6435,56.896
447,450.000,3.281,3.281,90.180,90.180,4.990,4.556,4.556,14.405,14.405,112.422,1.25,35.00,33.0000,11.2422,50.590
448,300.000,0.648,0.648,61.983,61.983,4.840,1.350,1.350,9.653,9.653,73.634,1.25,35.00,33.0000,7.3634,33.135
449,200.000,0.128,0.128,42.194,42.194,4.740,0.400,0.400,6.459,6.459,49.181,1.25,35.00,33.0000,4.9181,22.131
450,250.000,0.313,0.313,52.192,52.192,4.790,0.781,0.781,8.058,8.058,61.344,1.25,35.00,33.0000,6.1344,27.605
451,350.000,1.200,1.200,71.575,71.575,4.890,2.144,2.144,11.242,11.242,86.161,1.25,35.00,33.0000,8.6161,38.772
452,500.000,5.000,5.000,99.206,99.206,5.040,6.250,6.250,15.979,15.979,126.435,1.25,35.00,33.0000,12.6435,56.896
453,450.000,3.281,3.281,90.180,90.180,4.990,4.556,4.556,14.405,14.405,112.422,1.25,35.00,33.0000,11.2422,50.590
454,300.000,0.648,0.648,61.983,61.983,4.840,1.350,1.350,9.653,9.653,73.634,1.25,35.00,33.0000,7.3634,33.135
455,200.000,0.128,0.128,42.194,42.194,4.740,0.400,0.400,6.459,6.459,49.181,1.25,35.00,33.0000,4.9181,22.131
456,250.000,0.313,0.313,52.192,52.192,4.790,0.781,0.781,8.058,8.058,61.344,1.25,35.00,33.0000,6.1344,27.605
457,350.000,1.200,1.200,71.575,71.575,4.890,2.144,2.144,11.242,11.242,86.161,1.25,35.00,33.0000,8.6161,38.772
458,500.000,5.000,5.000,99.206,99.206,5.040,6.250,6.250,15.979,15.979,126.435,1.25,35.00,33.0000,12.6435,56.896
459,450.000,3.281,3.281,90.180,90.180,4.990,4.556,4.556,14.405,14.405,112.422,1.25,35.00,33.0000,11.2422,50.590
460,300.000,0.648,0.648,61.983,61.983,4.840,1.350,1.350,9.653,9.653,73.634,1.25,35.00,33.0000,7.3634,33.135
461,200.000,0.128,0.128,42.194,42.194,4.740,0.400,0.400,6.459,6.459,49.181,1.25,35.00,33.0000,4.9181,22.131
462,250.000,0.313,0.313,52.192,52.192,4.790,0.781,0.781,8.058,8.058,61.344,1.25,35.00,33.0000,6.1344,27.605
463,350.000,1.200,1.200,71.575,71.575,4.890,2.144,2.144,11.242,11.242,86.161,1.25,35.00,33.0000,8.6161,38.772
464,500.000,5.000,5.000,99.206,99.206,5.040,6.250,6.250,15.979,15.979,126.435,1.25,35.00,33.0000,12.6435,56.896
465,450.000,3.281,3.281,90.180,90.180,4.990,4.556,4.556,14.405,14.405,112.422,1.25,35.00,33.0000,11.2422,50.590
466,300.000,0.648,0.648,61.983,61.983,4.840,1.350,1.350,9.653,9.653,73.634,1.25,35.00,33.0000,7.3634,33.135
467,200.000,0.128,0.128,42.194,42.194,4.740,0.400,0.400,6.459,6.459,49.181,1.25,35.00,33.0000,4.9181,22.131
468,250.000,0.313,0.313,52.192,52.192,4.790,0.781,0.781,8.058,8.058,61.344,1.25,35.00,33.0000,6.1344,27.605
469,350.000,1.200,1.200,71.575,71.575,4.890,2.144,2.144,11.242,11.242,86.161,1.25,35.00,33.0000,8.6161,38.772
470,500.000,5.000,5.000,99.206,99.206,5.040,6.250,6.250,15.979,15.979,126.435,1.25,35.00,33.0000,12.6435,56.896
471,450.000,3.281,3.281,90.180,90.180,4.990,4.556,4.556,14.405,14.405,112.422,1.25,35.00,33.0000,11.2422,50.590
472,300.000,0.648,0.648,61.983,61.983,4.840,1.350,1.350,9.653,9.653,73.634,1.25,35.00,33.0000,7.3634,33.135
473,200.000,0.128,0.128,42.194,42.194,4.740,0.400,0.400,6.459,6.459,49.181,1.25,35.00,33.0000,4.9181,22.131
474,250.000,0.313,0.313,52.192,52.192,4.790,0.781,0.781,8.058,8.058,61.344,1.25,35.00,33.0000,6.1344,27.605
475,350.000,1.200,1.200,71.575,71.575,4.890,2.144,2.144,11.242,11.242,86.161,1.25,35.00,33.0000,8.6161,38.772
476,500.000,5.000,5.000,99.206,99.206,5.040,6.250,6.250,15.979,15.979,126.435,1.25,35.00,33.0000,12.6435,56.896
477,450.000,3.281,3.281,90.180,90.180,4.990,4.556,4.556,14.405,14.405,112.422,1.25,35.00,33.0000,11.2422,50.590
478,300.000,0.648,0.648,61.983,61.983,4.840,1.350,1.350,9.653,9.653,73.634,1.25,35.00,33.0000,7.3634,33.135
479,200.000,0.128,0.128,42.194,42.194,4.740,0.400,0.400,6.459,6.459,49.181,1.25,35.00,33.0000,4.9181,22.131
480,250.000,0.313,0.313,52.192,52.192,4.790,0.781,0.781,8.058,8.058,61.344,1.25,35.00,33.0000,6.1344,27.605
481,350.000,1.200,1.200,71.575,71.575,4.890,2.144,2.144,11.242,11.242,86.161,1.25,35.00,33.0000,8.6161,38.772
482,500.000,5.000,5.000,99.206,99.206,5.040,6.250,6.250,15.979,15.979,126.435,1.25,35.00,33.0000,12.6435,56.896
483,450.000,3.281,3.281,90.180,90.180,4.990,4.556,4.556,14.405,14.405,112.422,1.25,35.00,33.0000,11.2422,50.590
484,300.000,0.648,0.648,61.983,61.983,4.840,1.350,1.350,9.653,9.653,73.634,1.25,35.00,33.0000,7.3634,33.135
485,200.000,0.128,0.128,42.194,42.194,4.740,0.400,0.400,6.459,6.459,49.181,1.25,35.00,33.0000,4.9181,22.131
486,250.000,0.313,0.313,52.192,52.192,4.790,0.781,0.781,8.058,8.058,61.344,1.25,35.00,33.0000,6.1344,27.605
487,350.000,1.200,1.200,71.575,71.575,4.890,2.144,2.144,11.242,11.242,86.161,1.25,35.00,33.0000,8.6161,38.772
488,500.000,5.000,5.000,99.206,99.206,5.040,6.250,6.250,15.979,15.979,126.435,1.25,35.00,33.0000,12.6435,56.896
489,450.000,3.281,3.281,90.180,90.180,4.990,4.556,4.556,14.405,14.405,112.422,1.25,35.00,33.0000,11.2422,50.590
490,300.000,0.648,0.648,61.983,61.983,4.840,1.350,1.350,9.653,9.653,73.634,1.25,35.00,33.0000,7.3634,33.135
491,200.000,0.128,0.128,42.194,42.194,4.740,0.400,0.400,6.459,6.459,49.181,1.25,35.00,33.0000,4.9181,22.131
492,250.000,0.313,0.313,52.192,52.192,4.790,0.781,0.781,8.058,8.058,61.344,1.25,35.00,33.0000,6.1344,27.605
493,350.000,1.200,1.200,71.575,71.575,4.890,2.144,2.144,11.242,11.242,86.161,1.25,35.00,33.0000,8.6161,38.772
494,500.000,5.000,5.000,99.206,99.206,5.040,6.250,6.250,15.979,15.979,126.435,1.25,35.00,33.0000,12.6435,56.896
495,450.000,3.281,3.281,90.180,90.180,4.990,4.556,4.556,14.405,14.405,112.422,1.25,35.00,33.0000,11.2422,50.590
496,300.000,0.648,0.648,61.983,61.983,4.840,1.350,1.350,9.653,9.653,73.634,1.25,35.00,33.0000,7.3634,33.135
497,200.000,0.128,0.128,42.194,42.194,4.740,0.400,0.400,6.459,6.459,49.181,1.25,35.00,33.0000,4.9181,22.131
498,250.000,0.313,0.313,52.192,52.192,4.790,0.781,0.781,8.058,8.058,61.344,1.25,35.00,33.0000,6.1344,27.605
499,350.000,1.200,1.200,71.575,71.575,4.890,2.144,2.144,11.242,11.242,86.161,1.25,35.00,33.0000,8.6161,38.772
500,500.000,5.000,5.000,99.206,99.206,5.040,6.250,6.250,15.979,15.979,126.435,1.25,35.00,33.0000,12.6435,56.896
501,450.000,3.281,3.281,90.180,90.180,4.990,4.556,4.556,14.405,14.405,112.422,1.25,35.00,33.0000,11.2422,50.590
502,300.000,0.648,0.648,61.983,61.983,4.840,1.350,1.350,9.653,9.653,73.634,1.25,35.00,33.0000,7.3634,33.135
503,200.000,0.128,0.128,42.194,42.194,4.740,0.400,0.400,6.459,6.459,49.181,1.25,35.00,33.0000,4.9181,22.131
504,250.000,0.313,0.313,52.192,52.192,4.790,0.781,0.781,8.058,8.058,61.344,1.25,35.00,33.0000,6.1344,27.605
505,350.000,1.200,1.200,71.575,71.575,4.890,2.144,2.144,11.242,11.242,86.161,1.25,35.00,33.0000,8.6161,38.772
506,500.000,5.000,5.000,99.206,99.206,5.040,6.250,6.250,15.979,15.979,126.435,1.25,35.00,33.0000,12.6435,56.896
507,450.000,3.281,3.281,90.180,90.180,4.990,4.556,4.556,14.405,14.405,112.422,1.25,35.00,33.0000,11.2422,50.590
508,300.000,0.648,0.648,61.983,61.983,4.840,1.350,1.350,9.653,9.653,73.634,1.25,35.00,33.0000,7.3634,33.135
509,200.000,0.128,0.128,42.194,42.194,4.740,0.400,0.400,6.459,6.459,49.181,1.25,35.00,33.0000,4.9181,22.131
510,250.000,0.313,0.313,52.192,52.192,4.790,0.781,0.781,8.058,8.058,61.344,1.25,35.00,33.0000,6.1344,27.605
511,350.000,1.200,1.200,71.575,71.575,4.890,2.144,2.144,11.242,11.242,86.161,1.25,35.00,33.0000,8.6161,38.772
512,500.000,5.000,5.000,99.206,99.206,5.040,6.250,6.250,15.979,15.979,126.435,1.25,35.00,33.0000,12.6435,56.896
513,450.000,3.281,3.281,90.180,90.180,4.990,4.556,4.556,14.405,14.405,112.422,1.25,35.00,33.0000,11.2422,50.590
514,300.000,0.648,0.648,61.983,61.983,4.840,1.350,1.350,9.653,9.653,73.634,1.25,35.00,33.0000,7.3634,33.135
515,200.000,0.128,0.128,42.194,42.194,4.740,0.400,0.400,6.459,6.459,49.181,1.25,35.00,33.0000,4.9181,22.131
516,250.000,0.313,0.313,52.192,52.192,4.790,0.781,0.781,8.058,8.058,61.344,1.25,35.00,33.0000,6.1344,27.605
517,350.000,1.200,1.200,71.575,71.575,4.890,2.144,2.144,11.242,11.242,86.161,1.25,35.00,33.0000,8.6161,38.772
518,500.000,5.000,5.000,99.206,99.206,5.040,6.250,6.250,15.979,15.979,126.435,1.25,35.00,33.0000,12.6435,56.896
519,450.000,3.281,3.281,90.180,90.180,4.990,4.556,4.556,14.405,14.405,112.422,1.25,35.00,33.0000,11.2422,50.590
520,300.000,0.648,0.648,61.983,61.983,4.840,1.350,1.350,9.653,9.653,73.634,1.25,35.00,33.0000,7.3634,33.135
521,200.000,0.128,0.128,42.194,42.194,4.740,0.400,0.400,6.459,6.459,49.181,1.25,35.00,33.0000,4.9181,22.131
522,250.000,0.313,0.313,52.192,52.192,4.790,0.781,0.781,8.058,8.058,61.344,1.25,35.00,33.0000,6.1344,27.605
523,350.000,1.200,1.200,71.575,71.575,4.890,2.144,2.144,11.242,11.242,86.161,1.25,35.00,33.0000,8.6161,38.772
524,500.000,5.000,5.000,99.206,99.206,5.040,6.250,6.250,15.979,15.979,126.435,1.25,35.00,33.0000,12.6435,56.896
525,450.000,3.281,3.281,90.180,90.180,4.990,4.556,4.556,14.405,14.405,112.422,1.25,35.00,33.0000,11.2422,50.590
526,300.000,0.648,0.648,61.983,61.983,4.840,1.350,1.350,9.653,9.653,73.634,1.25,35.00,33.0000,7.3634,33.135
527,200.000,0.128,0.128,42.194,42.194,4.740,0.400,0.400,6.459,6.459,49.181,1.25,35.00,33.0000,4.9181,22.131
528,250.000,0.313,0.313,52.192,52.192,4.790,0.781,0.781,8.058,8.058,61.344,1.25,35.00,33.0000,6.1344,27.605
529,350.000,1.200,1.200,71.575,71.575,4.890,2.144,2.144,11.242,11.242,86.161,1.25,35.00,33.0000,8.6161,38.772
530,500.000,5.000,5.000,99.206,99.206,5.040,6.250,6.250,15.979,15.979,126.435,1.25,35.00,33.0000,12.6435,56.896
531,450.000,3.281,3.281,90.180,90.180,4.990,4.556,4.556,14.405,14.405,112.422,1.25,35.00,33.0000,11.2422,50.590
532,300.000,0.648,0.648,61.983,61.983,4.840,1.350,1.350,9.653,9.653,73.634,1.25,35.00,33.0000,7.3634,33.135
533,200.000,0.128,0.128,42.194,42.194,4.740,0.400,0.400,6.459,6.459,49.181,1.25,35.00,33.0000,4.9181,22.131
534,250.000,0.313,0.313,52.192,52.192,4.790,0.781,0.781,8.058,8.058,61.344,1.25,35.00,33.0000,6.1344,27.605
535,350.000,1.200,1.200,71.575,71.575,4.890,2.144,2.144,11.242,11.242,86.161,1.25,35.00,33.0000,8.6161,38.772
536,500.000,5.000,5.000,99.206,99.206,5.040,6.250,6.250,15.979,15.979,126.435,1.25,35.00,33.0000,12.6435,56.896
537,450.000,3.281,3.281,90.180,90.180,4.990,4.556,4.556,14.405,14.405,112.422,1.25,35.00,33.0000,11.2422,50.590
538,300.000,0.648,0.648,61.983,61.983,4.840,1.350,1.350,9.653,9.653,73.634,1.25,35.00,33.0000,7.3634,33.135
539,200.000,0.128,0.128,42.194,42.194,4.740,0.400,0.400,6.459,6.459,49.181,1.25,35.00,33.0000,4.9181,22.131
540,250.000,0.313,0.313,52.192,52.192,4.790,0.781,0.781,8.058,8.058,61.344,1.25,35.00,33.0000,6.1344,27.605
541,350.000,1.200,1.200,71.575,71.575,4.890,2.144,2.144,11.242,11.242,86.161,1.25,35.00,33.0000,8.6161,38.772
542,500.000,5.000,5.000,99.206,99.206,5.040,6.250,6.250,15.979,15.979,126.435,1.25,35.00,33.0000,12.6435,56.896
543,450.000,3.281,3.281,90.180,90.180,4.990,4.556,4.556,14.405,14.405,112.422,1.25,35.00,33.0000,11.2422,50.590
544,300.000,0.648,0.648,61.983,61.983,4.840,1.350,1.350,9.653,9.653,73.634,1.25,35.00,33.0000,7.3634,33.135
545,200.000,0.128,0.128,42.194,42.194,4.740,0.400,0.400,6.459,6.459,49.181,1.25,35.00,33.0000,4.9181,22.131
546,250.000,0.313,0.313,52.192,52.192,4.790,0.781,0.781,8.058,8.058,61.344,1.25,35.00,33.0000,6.1344,27.605
547,350.000,1.200,1.200,71.575,71.575,4.890,2.144,2.144,11.242,11.242,86.161,1.25,35.00,33.0000,8.6161,38.772
548,500.000,5.000,5.000,99.206,99.206,5.040,6.250,6.250,15.979,15.979,126.435,1.25,35.00,33.0000,12.6435,56.896
549,450.000,3.281,3.281,90.180,90.180,4.990,4.556,4.556,14.405,14.405,112.422,1.25,35.00,33.0000,11.2422,50.590
550,300.000,0.648,0.648,61.983,61.983,4.840,1.350,1.350,9.653,9.653,73.634,1.25,35.00,33.0000,7.3634,33.135
551,200.000,0.128,0.128,42.194,42.194,4.740,0.400,0.400,6.459,6.459,49.181,1.25,35.00,33.0000,4.9181,22.131
552,250.000,0.313,0.313,52.192,52.192,4.790,0.781,0.781,8.058,8.058,61.344,1.25,35.00,33.0000,6.1344,27.605
553,350.000,1.200,1.200,71.575,71.575,4.890,2.144,2.144,11.242,11.242,86.161,1.25,35.00,33.0000,8.6161,38.772
554,500.000,5.000,5.000,99.206,99.206,5.040,6.250,6.250,15.979,15.979,126.435,1.25,35.00,33.0000,12.6435,56.896
555,450.000,3.281,3.281,90.180,90.180,4.990,4.556,4.556,14.405,14.405,112.422,1.25,35.00,33.0000,11.2422,50.590
556,300.000,0.648,0.648,61.983,61.983,4.840,1.350,1.350,9.653,9.653,73.634,1.25,35.00,33.0000,7.3634,33.135
557,200.000,0.128,0.128,42.194,42.194,4.740,0.400,0.400,6.459,6.459,49.181,1.25,35.00,33.0000,4.9181,22.131
558,250.000,0.313,0.313,52.192,52.192,4.790,0.781,0.781,8.058,8.058,61.344,1.25,35.00,33.0000,6.1344,27.605
559,350.000,1.200,1.200,71.575,71.575,4.890,2.144,2.144,11.242,11.242,86.161,1.25,35.00,33.0000,8.6161,38.772
560,500.000,5.000,5.000,99.206,99.206,5.040,6.250,6.250,15.979,15.979,126.435,1.25,35.00,33.0000,12.6435,56.896
561,450.000,3.281,3.281,90.180,90.180,4.990,4.556,4.556,14.405,14.405,112.422,1.25,35.00,33.0000,11.2422,50.590
562,300.000,0.648,0.648,61.983,61.983,4.840,1.350,1.350,9.653,9.653,73.634,1.25,35.00,33.0000,7.3634,33.135
563,200.000,0.128,0.128,42.194,42.194,4.740,0.400,0.400,6.459,6.459,49.181,1.25,35.00,33.0000,4.9181,22.131
564,250.000,0.313,0.313,52.192,52.192,4.790,0.781,0.781,8.058,8.058,61.344,1.25,35.00,33.0000,6.1344,27.605
565,350.000,1.200,1.200,71.575,71.575,4.890,2.144,2.144,11.242,11.242,86.161,1.25,35.00,33.0000,8.6161,38.772
566,500.000,5.000,5.000,99.206,99.206,5.040,6.250,6.250,15.979,15.979,126.435,1.25,35.00,33.0000,12.6435,56.896
567,450.000,3.281,3.281,90.180,90.180,4.990,4.556,4.556,14.405,14.405,112.422,1.25,35.00,33.0000,11.2422,50.590
568,300.000,0.648,0.648,61.983,61.983,4.840,1.350,1.350,9.653,9.653,73.634,1.25,35.00,33.0000,7.3634,33.135
569,200.000,0.128,0.128,42.194,42.194,4.740,0.400,0.400,6.459,6.459,49.181,1.25,35.00,33.0000,4.9181,22.131
570,250.000,0.313,0.313,52.192,52.192,4.790,0.781,0.781,8.058,8.058,61.344,1.25,35.00,33.0000,6.1344,27.605
571,350.000,1.200,1.200,71.575,71.575,4.890,2.144,2.144,11.242,11.242,86.161,1.25,35.00,33.0000,8.6161,38.772
572,500.000,5.000,5.000,99.206,99.206,5.040,6.250,6.250,15.979,15.979,126.435,1.25,35.00,33.0000,12.6435,56.896
573,450.000,3.281,3.281,90.180,90.180,4.990,4.556,4.556,14.405,14.405,112.422,1.25,35.00,33.0000,11.2422,50.590
574,300.000,0.648,0.648,61.983,61.983,4.840,1.350,1.350,9.653,9.653,73.634,1.25,35.00,33.0000,7.3634,33.135
575,200.000,0.128,0.128,42.194,42.194,4.740,0.400,0.400,6.459,6.459,49.181,1.25,35.00,33.0000,4.9181,22.131
576,250.000,0.313,0.313,52.192,52.192,4.790,0.781,0.781,8.058,8.058,61.344,1.25,35.00,33.0000,6.1344,27.605
577,350.000,1.200,1.200,71.575,71.575,4.890,2.144,2.144,11.242,11.242,86.161,1.25,35.00,33.0000,8.6161,38.772
578,500.000,5.000,5.000,99.206,99.206,5.040,6.250,6.250,15.979,15.979,126.435,1.25,35.00,33.0000,12.6435,56.896
579,450.000,3.281,3.281,90.180,90.180,4.990,4.556,4.556,14.405,14.405,112.422,1.25,35.00,33.0000,11.2422,50.590
580,300.000,0.648,0.648,61.983,61.983,4.840,1.350,1.350,9.653,9.653,73.634,1.25,35.00,33.0000,7.3634,33.135
581,200.000,0.128,0.128,42.194,42.194,4.740,0.400,0.400,6.459,6.459,49.181,1.25,35.00,33.0000,4.9181,22.131
582,250.000,0.313,0.313,52.192,52.192,4.790,0.781,0.781,8.058,8.058,61.344,1.25,35.00,33.0000,6.1344,27.605
583,350.000,1.200,1.200,71.575,71.575,4.890,2.144,2.144,11.242,11.242,86.161,1.25,35.00,33.0000,8.6161,38.772
584,500.000,5.000,5.000,99.206,99.206,5.040,6.250,6.250,15.979,15.979,126.435,1.25,35.00,33.0000,12.6435,56.896
585,450.000,3.281,3.281,90.180,90.180,4.990,4.556,4.556,14.405,14.405,112.422,1.25,35.00,33.0000,11.2422,50.590
586,300.000,0.648,0.648,61.983,61.983,4.840,1.350,1.350,9.653,9.653,73.634,1.25,35.00,33.0000,7.3634,33.135
587,200.000,0.128,0.128,42.194,42.194,4.740,0.400,0.400,6.459,6.459,49.181,1.25,35.00,33.0000,4.9181,22.131
588,250.000,0.313,0.313,52.192,52.192,4.790,0.781,0.781,8.058,8.058,61.344,1.25,35.00,33.0000,6.1344,27.605
589,350.000,1.200,1.200,71.575,71.575,4.890,2.144,2.144,11.242,11.242,86.161,1.25,35.00,33.0000,8.6161,38.772
590,500.000,5.000,5.000,99.206,99.206,5.040,6.250,6.250,15.979,15.979,126.435,1.25,35.00,33.0000,12.6435,56.896
591,450.000,3.281,3.281,90.180,90.180,4.990,4.556,4.556,14.405,14.405,112.422,1.25,35.00,33.0000,11.2422,50.590
592,300.000,0.648,0.648,61.983,61.983,4.840,1.350,1.350,9.653,9.653,73.634,1.25,35.00,33.0000,7.3634,33.135
593,200.000,0.128,0.128,42.194,42.194,4.740,0.400,0.400,6.459,6.459,49.181,1.25,35.00,33.0000,4.9181,22.131
594,250.000,0.313,0.313,52.192,52.192,4.790,0.781,0.781,8.058,8.058,61.344,1.25,35.00,33.0000,6.1344,27.605
595,350.000,1.200,1.200,71.575,71.575,4.890,2.144,2.144,11.242,11.242,86.161,1.25,35.00,33.0000,8.6161,38.772
596,500.000,5.000,5.000,99.206,99.206,5.040,6.250,6.250,15.979,15.979,126.435,1.25,35.00,33.0000,12.6435,56.896
597,450.000,3.281,3.281,90.180,90.180,4.990,4.556,4.556,14.405,14.405,112.422,1.25,35.00,33.0000,11.2422,50.590
598,300.000,0.648,0.648,61.983,61.983,4.840,1.350,1.350,9.653,9.653,73.634,1.25,35.00,33.0000,7.3634,33.135
599,200.000,0.128,0.128,42.194,42.194,4.740,0.400,0.400,6.459,6.459,49.181,1.25,35.00,33.0000,4.9181,22.131
600,250.000,0.313,0.313,52.192,52.192,4.790,0.781,0.781,8.058,8.058,61.344,1.25,35.00,33.0000,6.1344,27.605
601,350.000,1.200,1.200,71.575,71.575,4.890,2.144,2.144,11.242,11.242,86.161,1.25,35.00,33.0000,8.6161,38.772
602,500.000,5.000,5.000,99.206,99.206,5.040,6.250,6.250,15.979,15.979,126.435,1.25,35.00,33.0000,12.6435,56.896
603,450.000,3.281,3.281,90.180,90.180,4.990,4.556,4.556,14.405,14.405,112.422,1.25,35.00,33.0000,11.2422,50.590
604,300.000,0.648,0.648,61.983,61.983,4.840,1.350,1.350,9.653,9.653,73.634,1.25,35.00,33.0000,7.3634,33.135
605,200.000,0.128,0.128,42.194,42.194,4.740,0.400,0.400,6.459,6.459,49.181,1.25,35.00,33.0000,4.9181,22.131
606,250.000,0.313,0.313,52.192,52.192,4.790,0.781,0.781,8.058,8.058,61.344,1.25,35.00,33.0000,6.1344,27.605
607,350.000,1.200,1.200,71.575,71.575,4.890,2.144,2.144,11.242,11.242,86.161,1.25,35.00,33.0000,8.6161,38.772
608,500.000,5.000,5.000,99.206,99.206,5.040,6.250,6.250,15.979,15.979,126.435,1.25,35.00,33.0000,12.6435,56.896
609,450.000,3.281,3.281,90.180,90.180,4.990,4.556,4.556,14.405,14.405,112.422,1.25,35.00,33.0000,11.2422,50.590
610,300.000,0.648,0.648,61.983,61.983,4.840,1.350,1.350,9.653,9.653,73.634,1.25,35.00,33.0000,7.3634,33.135
611,200.000,0.128,0.128,42.194,42.194,4.740,0.400,0.400,6.459,6.459,49.181,1.25,35.00,33.0000,4.9181,22.131
612,250.000,0.313,0.313,52.192,52.192,4.790,0.781,0.781,8.058,8.058,61.344,1.25,35.00,33.0000,6.1344,27.605
613,350.000,1.200,1.200,71.575,71.575,4.890,2.144,2.144,11.242,11.242,86.161,1.25,35.00,33.0000,8.6161,38.772
614,500.000,5.000,5.000,99.206,99.206,5.040,6.250,6.250,15.979,15.979,126.435,1.25,35.00,33.0000,12.6435,56.896
615,450.000,3.281,3.281,90.180,90.180,4.990,4.556,4.556,14.405,14.405,112.422,1.25,35.00,33.0000,11.2422,50.590
616,300.000,0.648,0.648,61.983,61.983,4.840,1.350,1.350,9.653,9.653,73.634,1.25,35.00,33.0000,7.3634,33.135
617,200.000,0.128,0.128,42.194,42.194,4.740,0.400,0.400,6.459,6.459,49.181,1.25,35.00,33.0000,4.9181,22.131
618,250.000,0.313,0.313,52.192,52.192,4.790,0.781,0.781,8.058,8.058,61.344,1.25,35.00,33.0000,6.1344,27.605
619,350.000,1.200,1.200,71.575,71.575,4.890,2.144,2.144,11.242,11.242,86.161,1.25,35.00,33.0000,8.6161,38.772
620,500.000,5.000,5.000,99.206,99.206,5.040,6.250,6.250,15.979,15.979,126.435,1.25,35.00,33.0000,12.6435,56.896
621,450.000,3.281,3.281,90.180,90.180,4.990,4.556,4.556,14.405,14.405,112.422,1.25,35.00,33.0000,11.2422,50.590
622,300.000,0.648,0.648,61.983,61.983,4.840,1.350,1.350,9.653,9.653,73.634,1.25,35.00,33.0000,7.3634,33.135
623,200.000,0.128,0.128,42.194,42.194,4.740,0.400,0.400,6.459,6.459,49.181,1.25,35.00,33.0000,4.9181,22.131
624,250.000,0.313,0.313,52.192,52.192,4.790,0.781,0.781,8.058,8.058,61.344,1.25,35.00,33.0000,6.1344,27.605
625,350.000,1.200,1.200,71.575,71.575,4.890,2.144,2.144,11.242,11.242,86.161,1.25,35.00,33.0000,8.6161,38.772
626,500.000,5.000,5.000,99.206,99.206,5.040,6.250,6.250,15.979,15.979,126.435,1.25,35.00,33.0000,12.6435,56.896
627,450.000,3.281,3.281,90.180,90.180,4.990,4.556,4.556,14.405,14.405,112.422,1.25,35.00,33.0000,11.2422,50.590
628,300.000,0.648,0.648,61.983,61.983,4.840,1.350,1.350,9.653,9.653,73.634,1.25,35.00,33.0000,7.3634,33.135
629,200.000,0.128,0.128,42.194,42.194,4.740,0.400,0.400,6.459,6.459,49.181,1.25,35.00,33.0000,4.9181,22.131
630,250.000,0.313,0.313,52.192,52.192,4.790,0.781,0.781,8.058,8.058,61.344,1.25,35.00,33.0000,6.1344,27.605
631,350.000,1.200,1.200,71.575,71.575,4.890,2.144,2.144,11.242,11.242,86.161,1.25,35.00,33.0000,8.6161,38.772
632,500.000,5.000,5.000,99.206,99.206,5.040,6.250,6.250,15.979,15.979,126.435,1.25,35.00,33.0000,12.6435,56.896
633,450.000,3.281,3.281,90.180,90.180,4.990,4.556,4.556,14.405,14.405,112.422,1.25,35.00,33.0000,11.2422,50.590
634,300.000,0.648,0.648,61.983,61.983,4.840,1.350,1.350,9.653,9.653,73.634,1.25,35.00,33.0000,7.3634,33.135
635,200.000,0.128,0.128,42.194,42.194,4.740,0.400,0.400,6.459,6.459,49.181,1.25,35.00,33.0000,4.9181,22.131
636,250.000,0.313,0.313,52.192,52.192,4.790,0.781,0.781,8.058,8.058,61.344,1.25,35.00,33.0000,6.1344,27.605
637,350.000,1.200,1.200,71.575,71.575,4.890,2.144,2.144,11.242,11.242,86.161,1.25,35.00,33.0000,8.6161,38.772
638,500.000,5.000,5.000,99.206,99.206,5.040,6.250,6.250,15.979,15.979,126.435,1.25,35.00,33.0000,12.6435,56.896
639,450.000,3.281,3.281,90.180,90.180,4.990,4.556,4.556,14.405,14.405,112.422,1.25,35.00,33.0000,11.2422,50.590
640,300.000,0.648,0.648,61.983,61.983,4.840,1.350,1.350,9.653,9.653,73.634,1.25,35.00,33.0000,7.3634,33.135
641,200.000,0.128,0.128,42.194,42.194,4.740,0.400,0.400,6.459,6.459,49.181,1.25,35.00,33.0000,4.9181,22.131
642,250.000,0.313,0.313,52.192,52.192,4.790,0.781,0.781,8.058,8.058,61.344,1.25,35.00,33.0000,6.1344,27.605
643,350.000,1.200,1.200,71.575,71.575,4.890,2.144,2.144,11.242,11.242,86.161,1.25,35.00,33.0000,8.6161,38.772
644,500.000,5.000,5.000,99.206,99.206,5.040,6.250,6.250,15.979,15.979,126.435,1.25,35.00,33.0000,12.6435,56.896
645,450.000,3.281,3.281,90.180,90.180,4.990,4.556,4.556,14.405,14.405,112.422,1.25,35.00,33.0000,11.2422,50.590
646,300.000,0.648,0.648,61.983,61.983,4.840,1.350,1.350,9.653,9.653,73.634,1.25,35.00,33.0000,7.3634,33.135
647,200.000,0.128,0.128,42.194,42.194,4.740,0.400,0.400,6.459,6.459,49.181,1.25,35.00,33.0000,4.9181,22.131
648,250.000,0.313,0.313,52.192,52.192,4.790,0.781,0.781,8.058,8.058,61.344,1.25,35.00,33.0000,6.1344,27.605
649,350.000,1.200,1.200,71.575,71.575,4.890,2.144,2.144,11.242,11.242,86.161,1.25,35.00,33.0000,8.6161,38.772
650,500.000,5.000,5.000,99.206,99.206,5.040,6.250,6.250,15.979,15.979,126.435,1.25,35.00,33.0000,12.6435,56.896
651,450.000,3.281,3.281,90.180,90.180,4.990,4.556,4.556,14.405,14.405,112.422,1.25,35.00,33.0000,11.2422,50.590
652,300.000,0.648,0.648,61.983,61.983,4.840,1.350,1.350,9.653,9.653,73.634,1.25,35.00,33.0000,7.3634,33.135
653,200.000,0.128,0.128,42.194,42.194,4.740,0.400,0.400,6.459,6.459,49.181,1.25,35.00,33.0000,4.9181,22.131
654,250.000,0.313,0.313,52.192,52.192,4.790,0.781,0.781,8.058,8.058,61.344,1.25,35.00,33.0000,6.1344,27.605
655,350.000,1.200,1.200,71.575,71.575,4.890,2.144,2.144,11.242,11.242,86.161,1.25,35.00,33.0000,8.6161,38.772
656,500.000,5.000,5.000,99.206,99.206,5.040,6.250,6.250,15.979,15.979,126.435,1.25,35.00,33.0000,12.6435,56.896
657,450.000,3.281,3.281,90.180,90.180,4.990,4.556,4.556,14.405,14.405,112.422,1.25,35.00,33.0000,11.2422,50.590
658,300.000,0.648,0.648,61.983,61.983,4.840,1.350,1.350,9.653,9.653,73.634,1.25,35.00,33.0000,7.3634,33.135
659,200.000,0.128,0.128,42.194,42.194,4.740,0.400,0.400,6.459,6.459,49.181,1.25,35.00,33.0000,4.9181,22.131
660,250.000,0.313,0.313,52.192,52.192,4.790,0.781,0.781,8.058,8.058,61.344,1.25,35.00,33.0000,6.1344,27.605
661,350.000,1.200,1.200,71.575,71.575,4.890,2.144,2.144,11.242,11.242,86.161,1.25,35.00,33.0000,8.6161,38.772
662,500.000,5.000,5.000,99.206,99.206,5.040,6.250,6.250,15.979,15.979,126.435,1.25,35.00,33.0000,12.6435,56.896
663,450.000,3.281,3.281,90.180,90.180,4.990,4.556,4.556,14.405,14.405,112.422,1.25,35.00,33.0000,11.2422,50.590
664,300.000,0.648,0.648,61.983,61.983,4.840,1.350,1.350,9.653,9.653,73.634,1.25,35.00,33.0000,7.3634,33.135
665,200.000,0.128,0.128,42.194,42.194,4.740,0.400,0.400,6.459,6.459,49.181,1.25,35.00,33.0000,4.9181,22.131
666,250.000,0.313,0.313,52.192,52.192,4.790,0.781,0.781,8.058,8.058,61.344,1.25,35.00,33.0000,6.1344,27.605
667,350.000,1.200,1.200,71.575,71.575,4.890,2.144,2.144,11.242,11.242,86.161,1.25,35.00,33.0000,8.6161,38.772
668,500.000,5.000,5.000,99.206,99.206,5.040,6.250,6.250,15.979,15.979,126.435,1.25,35.00,33.0000,12.6435,56.896
669,450.000,3.281,3.281,90.180,90.180,4.990,4.556,4.556,14.405,14.405,112.422,1.25,35.00,33.0000,11.2422,50.590
670,300.000,0.648,0.648,61.983,61.983,4.840,1.350,1.350,9.653,9.653,73.634,1.25,35.00,33.0000,7.3634,33.135
671,200.000,0.128,0.128,42.194,42.194,4.740,0.400,0.400,6.459,6.459,49.181,1.25,35.00,33.0000,4.9181,22.131
672,250.000,0.313,0.313,52.192,52.192,4.790,0.781,0.781,8.058,8.058,61.344,1.25,35.00,33.0000,6.1344,27.605
673,350.000,1.200,1.200,71.575,71.575,4.890,2.144,2.144,11.242,11.242,86.161,1.25,35.00,33.0000,8.6161,38.772
674,500.000,5.000,5.000,99.206,99.206,5.040,6.250,6.250,15.979,15.979,126.435,1.25,35.00,33.0000,12.6435,56.896
675,450.000,3.281,3.281,90.180,90.180,4.990,4.556,4.556,14.405,14.405,112.422,1.25,35.00,33.0000,11.2422,50.590
676,300.000,0.648,0.648,61.983,61.983,4.840,1.350,1.350,9.653,9.653,73.634,1.25,35.00,33.0000,7.3634,33.135
677,200.000,0.128,0.128,42.194,42.194,4.740,0.400,0.400,6.459,6.459,49.181,1.25,35.00,33.0000,4.9181,22.131
678,250.000,0.313,0.313,52.192,52.192,4.790,0.781,0.781,8.058,8.058,61.344,1.25,35.00,33.0000,6.1344,27.605
679,350.000,1.200,1.200,71.575,71.575,4.890,2.144,2.144,11.242,11.242,86.161,1.25,35.00,33.0000,8.6161,38.772
680,500.000,5.000,5.000,99.206,99.206,5.040,6.250,6.250,15.979,15.979,126.435,1.25,35.00,33.0000,12.6435,56.896
681,450.000,3.281,3.281,90.180,90.180,4.990,4.556,4.556,14.405,14.405,112.422,1.25,35.00,33.0000,11.2422,50.590
682,300.000,0.648,0.648,61.983,61.983,4.840,1.350,1.350,9.653,9.653,73.634,1.25,35.00,33.0000,7.3634,33.135
683,200.000,0.128,0.128,42.194,42.194,4.740,0.400,0.400,6.459,6.459,49.181,1.25,35.00,33.0000,4.9181,22.131
684,250.000,0.313,0.313,52.192,52.192,4.790,0.781,0.781,8.058,8.058,61.344,1.25,35.00,33.0000,6.1344,27.605
685,350.000,1.200,1.200,71.575,71.575,4.890,2.144,2.144,11.242,11.242,86.161,1.25,35.00,33.0000,8.6161,38.772
686,500.000,5.000,5.000,99.206,99.206,5.040,6.250,6.250,15.979,15.979,126.435,1.25,35.00,33.0000,12.6435,56.896
687,450.000,3.281,3.281,90.180,90.180,4.990,4.556,4.556,14.405,14.405,112.422,1.25,35.00,33.0000,11.2422,50.590
688,300.000,0.648,0.648,61.983,61.983,4.840,1.350,1.350,9.653,9.653,73.634,1.25,35.00,33.0000,7.3634,33.135
689,200.000,0.128,0.128,42.194,42.194,4.740,0.400,0.400,6.459,6.459,49.181,1.25,35.00,33.0000,4.9181,22.131
690,250.000,0.313,0.313,52.192,52.192,4.790,0.781,0.781,8.058,8.058,61.344,1.25,35.00,33.0000,6.1344,27.605
691,350.000,1.200,1.200,71.575,71.575,4.890,2.144,2.144,11.242,11.242,86.161,1.25,35.00,33.0000,8.6161,38.772
692,500.000,5.000,5.000,99.206,99.206,5.040,6.250,6.250,15.979,15.979,126.435,1.25,35.00,33.0000,12.6435,56.896
693,450.000,3.281,3.281,90.180,90.180,4.990,4.556,4.556,14.405,14.405,112.422,1.25,35.00,33.0000,11.2422,50.590
694,300.000,0.648,0.648,61.983,61.983,4.840,1.350,1.350,9.653,9.653,73.634,1.25,35.00,33.0000,7.3634,33.135
695,200.000,0.128,0.128,42.194,42.194,4.740,0.400,0.400,6.459,6.459,49.181,1.25,35.00,33.0000,4.9181,22.131
696,250.000,0.313,0.313,52.192,52.192,4.790,0.781,0.781,8.058,8.058,61.344,1.25,35.00,33.0000,6.1344,27.605
697,350.000,1.200,1.200,71.575,71.575,4.890,2.144,2.144,11.242,11.242,86.161,1.25,35.00,33.0000,8.6161,38.772
698,500.000,5.000,5.000,99.206,99.206,5.040,6.250,6.250,15.979,15.979,126.435,1.25,35.00,33.0000,12.6435,56.896
699,450.000,3.281,3.281,90.180,90.180,4.990,4.556,4.556,14.405,14.405,112.422,1.25,35.00,33.0000,11.2422,50.590
700,300.000,0.648,0.648,61.983,61.983,4.840,1.350,1.350,9.653,9.653,73.634,1.25,35.00,33.0000,7.3634,33.135
701,200.000,0.128,0.128,42.194,42.194,4.740,0.400,0.400,6.459,6.459,49.181,1.25,35.00,33.0000,4.9181,22.131
702,250.000,0.313,0.313,52.192,52.192,4.790,0.781,0.781,8.058,8.058,61.344,1.25,35.00,33.0000,6.1344,27.605
703,350.000,1.200,1.200,71.575,71.575,4.890,2.144,2.144,11.242,11.242,86.161,1.25,35.00,33.0000,8.6161,38.772
704,500.000,5.000,5.000,99.206,99.206,5.040,6.250,6.250,15.979,15.979,126.435,1.25,35.00,33.0000,12.6435,56.896
705,450.000,3.281,3.281,90.180,90.180,4.990,4.556,4.556,14.405,14.405,112.422,1.25,35.00,33.0000,11.2422,50.590
706,300.000,0.648,0.648,61.983,61.983,4.840,1.350,1.350,9.653,9.653,73.634,1.25,35.00,33.0000,7.3634,33.135
707,200.000,0.128,0.128,42.194,42.194,4.740,0.400,0.400,6.459,6.459,49.181,1.25,35.00,33.0000,4.9181,22.131
708,250.000,0.313,0.313,52.192,52.192,4.790,0.781,0.781,8.058,8.058,61.344,1.25,35.00,33.0000,6.1344,27.605
709,350.000,1.200,1.200,71.575,71.575,4.890,2.144,2.144,11.242,11.242,86.161,1.25,35.00,33.0000,8.6161,38.772
710,500.000,5.000,5.000,99.206,99.206,5.040,6.250,6.250,15.979,15.979,126.435,1.25,35.00,33.0000,12.6435,56.896
711,450.000,3.281,3.281,90.180,90.180,4.990,4.556,4.556,14.405,14.405,112.422,1.25,35.00,33.0000,11.2422,50.590
712,300.000,0.648,0.648,61.983,61.983,4.840,1.350,1.350,9.653,9.653,73.634,1.25,35.00,33.0000,7.3634,33.135
713,200.000,0.128,0.128,42.194,42.194,4.740,0.400,0.400,6.459,6.459,49.181,1.25,35.00,33.0000,4.9181,22.131
714,250.000,0.313,0.313,52.192,52.192,4.790,0.781,0.781,8.058,8.058,61.344,1.25,35.00,33.0000,6.1344,27.605
715,350.000,1.200,1.200,71.575,71.575,4.890,2.144,2.144,11.242,11.242,86.161,1.25,35.00,33.0000,8.6161,38.772
716,500.000,5.000,5.000,99.206,99.206,5.040,6.250,6.250,15.979,15.979,126.435,1.25,35.00,33.0000,12.6435,56.896
717,450.000,3.281,3.281,90.180,90.180,4.990,4.556,4.556,14.405,14.405,112.422,1.25,35.00,33.0000,11.2422,50.590
718,300.000,0.648,0.648,61.983,61.983,4.840,1.350,1.350,9.653,9.653,73.634,1.25,35.00,33.0000,7.3634,33.135
719,200.000,0.128,0.128,42.194,42.194,4.740,0.400,0.400,6.459,6.459,49.181,1.25,35.00,33.0000,4.9181,22.131
720,250.000,0.313,0.313,52.192,52.192,4.790,0.781,0.781,8.058,8.058,61.344,1.25,35.00,33.0000,6.1344,27.605
721,350.000,1.200,1.200,71.575,71.575,4.890,2.144,2.144,11.242,11.242,86.161,1.25,35.00,33.0000,8.6161,38.772
722,500.000,5.000,5.000,99.206,99.206,5.040,6.250,6.250,15.979,15.979,126.435,1.25,35.00,33.0000,12.6435,56.896
723,450.000,3.281,3.281,90.180,90.180,4.990,4.556,4.556,14.405,14.405,112.422,1.25,35.00,33.0000,11.2422,50.590
724,300.000,0.648,0.648,61.983,61.983,4.840,1.350,1.350,9.653,9.653,73.634,1.25,35.00,33.0000,7.3634,33.135
725,200.000,0.128,0.128,42.194,42.194,4.740,0.400,0.400,6.459,6.459,49.181,1.25,35.00,33.0000,4.9181,22.131
726,250.000,0.313,0.313,52.192,52.192,4.790,0.781,0.781,8.058,8.058,61.344,1.25,35.00,33.0000,6.1344,27.605
727,350.000,1.200,1.200,71.575,71.575,4.890,2.144,2.144,11.242,11.242,86.161,1.25,35.00,33.0000,8.6161,38.772
728,500.000,5.000,5.000,99.206,99.206,5.040,6.250,6.250,15.979,15.979,126.435,1.25,35.00,33.0000,12.6435,56.896
729,450.000,3.281,3.281,90.180,90.180,4.990,4.556,4.556,14.405,14.405,112.422,1.25,35.00,33.0000,11.2422,50.590
730,300.000,0.648,0.648,61.983,61.983,4.840,1.350,1.350,9.653,9.653,73.634,1.25,35.00,33.0000,7.3634,33.135
731,200.000,0.128,0.128,42.194,42.194,4.740,0.400,0.400,6.459,6.459,49.181,1.25,35.00,33.0000,4.9181,22.131
732,250.000,0.313,0.313,52.192,52.192,4.790,0.781,0.781,8.058,8.058,61.344,1.25,35.00,33.0000,6.1344,27.605
733,350.000,1.200,1.200,71.575,71.575,4.890,2.144,2.144,11.242,11.242,86.161,1.25,35.00,33.0000,8.6161,38.772
734,500.000,5.000,5.000,99.206,99.206,5.040,6.250,6.250,15.979,15.979,126.435,1.25,35.00,33.0000,12.6435,56.896
735,450.000,3.281,3.281,90.180,90.180,4.990,4.556,4.556,14.405,14.405,112.422,1.25,35.00,33.0000,11.2422,50.590
736,300.000,0.648,0.648,61.983,61.983,4.840,1.350,1.350,9.653,9.653,73.634,1.25,35.00,33.0000,7.3634,33.135
737,200.000,0.128,0.128,42.194,42.194,4.740,0.400,0.400,6.459,6.459,49.181,1.25,35.00,33.0000,4.9181,22.131
738,250.000,0.313,0.313,52.192,52.192,4.790,0.781,0.781,8.058,8.058,61.344,1.25,35.00,33.0000,6.1344,27.605
739,350.000,1.200,1.200,71.575,71.575,4.890,2.144,2.144,11.242,11.242,86.161,1.25,35.00,33.0000,8.6161,38.772
740,500.000,5.000,5.000,99.206,99.206,5.040,6.250,6.250,15.979,15.979,126.435,1.25,35.00,33.0000,12.6435,56.896
741,450.000,3.281,3.281,90.180,90.180,4.990,4.556,4.556,14.405,14.405,112.422,1.25,35.00,33.0000,11.2422,50.590
742,300.000,0.648,0.648,61.983,61.983,4.840,1.350,1.350,9.653,9.653,73.634,1.25,35.00,33.0000,7.3634,33.135
743,200.000,0.128,0.128,42.194,42.194,4.740,0.400,0.400,6.459,6.459,49.181,1.25,35.00,33.0000,4.9181,22.131
744,250.000,0.313,0.313,52.192,52.192,4.790,0.781,0.781,8.058,8.058,61.344,1.25,35.00,33.0000,6.1344,27.605
745,350.000,1.200,1.200,71.575,71.575,4.890,2.144,2.144,11.242,11.242,86.161,1.25,35.00,33.0000,8.6161,38.772
746,500.000,5.000,5.000,99.206,99.206,5.040,6.250,6.250,15.979,15.979,126.435,1.25,35.00,33.0000,12.6435,56.896
747,450.000,3.281,3.281,90.180,90.180,4.990,4.556,4.556,14.405,14.405,112.422,1.25,35.00,33.0000,11.2422,50.590
748,300.000,0.648,0.648,61.983,61.983,4.840,1.350,1.350,9.653,9.653,73.634,1.25,35.00,33.0000,7.3634,33.135
749,200.000,0.128,0.128,42.194,42.194,4.740,0.400,0.400,6.459,6.459,49.181,1.25,35.00,33.0000,4.9181,22.131
750,250.000,0.313,0.313,52.192,52.192,4.790,0.781,0.781,8.058,8.058,61.344,1.25,35.00,33.0000,6.1344,27.605
751,350.000,1.200,1.200,71.575,71.575,4.890,2.144,2.144,11.242,11.242,86.161,1.25,35.00,33.0000,8.6161,38.772
752,500.000,5.000,5.000,99.206,99.206,5.040,6.250,6.250,15.979,15.979,126.435,1.25,35.00,33.0000,12.6435,56.896
753,450.000,3.281,3.281,90.180,90.180,4.990,4.556,4.556,14.405,14.405,112.422,1.25,35.00,33.0000,11.2422,50.590
754,300.000,0.648,0.648,61.983,61.983,4.840,1.350,1.350,9.653,9.653,73.634,1.25,35.00,33.0000,7.3634,33.135
755,200.000,0.128,0.128,42.194,42.194,4.740,0.400,0.400,6.459,6.459,49.181,1.25,35.00,33.0000,4.9181,22.131
756,250.000,0.313,0.313,52.192,52.192,4.790,0.781,0.781,8.058,8.058,61.344,1.25,35.00,33.0000,6.1344,27.605
757,350.000,1.200,1.200,71.575,71.575,4.890,2.144,2.144,11.242,11.242,86.161,1.25,35.00,33.0000,8.6161,38.772
758,500.000,5.000,5.000,99.206,99.206,5.040,6.250,6.250,15.979,15.979,126.435,1.25,35.00,33.0000,12.6435,56.896
759,450.000,3.281,3.281,90.180,90.180,4.990,4.556,4.556,14.405,14.405,112.422,1.25,35.00,33.0000,11.2422,50.590
760,300.000,0.648,0.648,61.983,61.983,4.840,1.350,1.350,9.653,9.653,73.634,1.25,35.00,33.0000,7.3634,33.135
761,200.000,0.128,0.128,42.194,42.194,4.740,0.400,0.400,6.459,6.459,49.181,1.25,35.00,33.0000,4.9181,22.131
762,250.000,0.313,0.313,52.192,52.192,4.790,0.781,0.781,8.058,8.058,61.344,1.25,35.00,33.0000,6.1344,27.605
763,350.000,1.200,1.200,71.575,71.575,4.890,2.144,2.144,11.242,11.242,86.161,1.25,35.00,33.0000,8.6161,38.772
764,500.000,5.000,5.000,99.206,99.206,5.040,6.250,6.250,15.979,15.979,126.435,1.25,35.00,33.0000,12.6435,56.896
765,450.000,3.281,3.281,90.180,90.180,4.990,4.556,4.556,14.405,14.405,112.422,1.25,35.00,33.0000,11.2422,50.590
766,300.000,0.648,0.648,61.983,61.983,4.840,1.350,1.350,9.653,9.653,73.634,1.25,35.00,33.0000,7.3634,33.135
767,200.000,0.128,0.128,42.194,42.194,4.740,0.400,0.400,6.459,6.459,49.181,1.25,35.00,33.0000,4.9181,22.131
768,250.000,0.313,0.313,52.192,52.192,4.790,0.781,0.781,8.058,8.058,61.344,1.25,35.00,33.0000,6.1344,27.605
769,350.000,1.200,1.200,71.575,71.575,4.890,2.144,2.144,11.242,11.242,86.161,1.25,35.00,33.0000,8.6161,38.772
770,500.000,5.000,5.000,99.206,99.206,5.040,6.250,6.250,15.979,15.979,126.435,1.25,35.00,33.0000,12.6435,56.896
771,450.000,3.281,3.281,90.180,90.180,4.990,4.556,4.556,14.405,14.405,112.422,1.25,35.00,33.0000,11.2422,50.590
772,300.000,0.648,0.648,61.983,61.983,4.840,1.350,1.350,9.653,9.653,73.634,1.25,35.00,33.0000,7.3634,33.135
773,200.000,0.128,0.128,42.194,42.194,4.740,0.400,0.400,6.459,6.459,49.181,1.25,35.00,33.0000,4.9181,22.131
774,250.000,0.313,0.313,52.192,52.192,4.790,0.781,0.781,8.058,8.058,61.344,1.25,35.00,33.0000,6.1344,27.605
775,350.000,1.200,1.200,71.575,71.575,4.890,2.144,2.144,11.242,11.242,86.161,1.25,35.00,33.0000,8.6161,38.772
776,500.000,5.000,5.000,99.206,99.206,5.040,6.250,6.250,15.979,15.979,126.435,1.25,35.00,33.0000,12.6435,56.896
777,450.000,3.281,3.281,90.180,90.180,4.990,4.556,4.556,14.405,14.405,112.422,1.25,35.00,33.0000,11.2422,50.590
778,300.000,0.648,0.648,61.983,61.983,4.840,1.350,1.350,9.653,9.653,73.634,1.25,35.00,33.0000,7.3634,33.135
779,200.000,0.128,0.128,42.194,42.194,4.740,0.400,0.400,6.459,6.459,49.181,1.25,35.00,33.0000,4.9181,22.131
780,250.000,0.313,0.313,52.192,52.192,4.790,0.781,0.781,8.058,8.058,61.344,1.25,35.00,33.0000,6.1344,27.605
781,350.000,1.200,1.200,71.575,71.575,4.890,2.144,2.144,11.242,11.242,86.161,1.25,35.00,33.0000,8.6161,38.772
782,500.000,5.000,5.000,99.206,99.206,5.040,6.250,6.250,15.979,15.979,126.435,1.25,35.00,33.0000,12.6435,56.896
783,450.000,3.281,3.281,90.180,90.180,4.990,4.556,4.556,14.405,14.405,112.422,1.25,35.00,33.0000,11.2422,50.590
784,300.000,0.648,0.648,61.983,61.983,4.840,1.350,1.350,9.653,9.653,73.634,1.25,35.00,33.0000,7.3634,33.135
785,200.000,0.128,0.128,42.194,42.194,4.740,0.400,0.400,6.459,6.459,49.181,1.25,35.00,33.0000,4.9181,22.131
786,250.000,0.313,0.313,52.192,52.192,4.790,0.781,0.781,8.058,8.058,61.344,1.25,35.00,33.0000,6.1344,27.605
787,350.000,1.200,1.200,71.575,71.575,4.890,2.144,2.144,11.242,11.242,86.161,1.25,35.00,33.0000,8.6161,38.772
788,500.000,5.000,5.000,99.206,99.206,5.040,6.250,6.250,15.979,15.979,126.435,1.25,35.00,33.0000,12.6435,56.896
789,450.000,3.281,3.281,90.180,90.180,4.990,4.556,4.556,14.405,14.405,112.422,1.25,35.00,33.0000,11.2422,50.590
790,300.000,0.648,0.648,61.983,61.983,4.840,1.350,1.350,9.653,9.653,73.634,1.25,35.00,33.0000,7.3634,33.135
791,200.000,0.128,0.128,42.194,42.194,4.740,0.400,0.400,6.459,6.459,49.181,1.25,35.00,33.0000,4.9181,22.131
792,250.000,0.313,0.313,52.192,52.192,4.790,0.781,0.781,8.058,8.058,61.344,1.25,35.00,33.0000,6.1344,27.605
793,350.000,1.200,1.200,71.575,71.575,4.890,2.144,2.144,11.242,11.242,86.161,1.25,35.00,33.0000,8.6161,38.772
794,500.000,5.000,5.000,99.206,99.206,5.040,6.250,6.250,15.979,15.979,126.435,1.25,35.00,33.0000,12.6435,56.896
795,450.000,3.281,3.281,90.180,90.180,4.990,4.556,4.556,14.405,14.405,112.422,1.25,35.00,33.0000,11.2422,50.590
796,300.000,0.648,0.648,61.983,61.983,4.840,1.350,1.350,9.653,9.653,73.634,1.25,35.00,33.0000,7.3634,33.135
797,200.000,0.128,0.128,42.194,42.194,4.740,0.400,0.400,6.459,6.459,49.181,1.25,35.00,33.0000,4.9181,22.131
798,250.000,0.313,0.313,52.192,52.192,4.790,0.781,0.781,8.058,8.058,61.344,1.25,35.00,33.0000,6.1344,27.605
799,350.000,1.200,1.200,71.575,71.575,4.890,2.144,2.144,11.242,11.242,86.161,1.25,35.00,33.0000,8.6161,38.772
800,500.000,5.000,5.000,99.206,99.206,5.040,6.250,6.250,15.979,15.979,126.435,1.25,35.00,33.0000,12.6435,56.896
801,450.000,3.281,3.281,90.180,90.180,4.990,4.556,4.556,14.405,14.405,112.422,1.25,35.00,33.0000,11.2422,50.590
802,300.000,0.648,0.648,61.983,61.983,4.840,1.350,1.350,9.653,9.653,73.634,1.25,35.00,33.0000,7.3634,33.135
803,200.000,0.128,0.128,42.194,42.194,4.740,0.400,0.400,6.459,6.459,49.181,1.25,35.00,33.0000,4.9181,22.131
804,250.000,0.313,0.313,52.192,52.192,4.790,0.781,0.781,8.058,8.058,61.344,1.25,35.00,33.0000,6.1344,27.605
805,350.000,1.200,1.200,71.575,71.575,4.890,2.144,2.144,11.242,11.242,86.161,1.25,35.00,33.0000,8.6161,38.772
806,500.000,5.000,5.000,99.206,99.206,5.040,6.250,6.250,15.979,15.979,126.435,1.25,35.00,33.0000,12.6435,56.896
807,450.000,3.281,3.281,90.180,90.180,4.990,4.556,4.556,14.405,14.405,112.422,1.25,35.00,33.0000,11.2422,50.590
808,300.000,0.648,0.648,61.983,61.983,4.840,1.350,1.350,9.653,9.653,73.634,1.25,35.00,33.0000,7.3634,33.135
809,200.000,0.128,0.128,42.194,42.194,4.740,0.400,0.400,6.459,6.459,49.181,1.25,35.00,33.0000,4.9181,22.131
810,250.000,0.313,0.313,52.192,52.192,4.790,0.781,0.781,8.058,8.058,61.344,1.25,35.00,33.0000,6.1344,27.605
811,350.000,1.200,1.200,71.575,71.575,4.890,2.144,2.144,11.242,11.242,86.161,1.25,35.00,33.0000,8.6161,38.772
812,500.000,5.000,5.000,99.206,99.206,5.040,6.250,6.250,15.979,15.979,126.435,1.25,35.00,33.0000,12.6435,56.896
813,450.000,3.281,3.281,90.180,90.180,4.990,4.556,4.556,14.405,14.405,112.422,1.25,35.00,33.0000,11.2422,50.590
814,300.000,0.648,0.648,61.983,61.983,4.840,1.350,1.350,9.653,9.653,73.634,1.25,35.00,33.0000,7.3634,33.135
815,200.000,0.128,0.128,42.194,42.194,4.740,0.400,0.400,6.459,6.459,49.181,1.25,35.00,33.0000,4.9181,22.131
816,250.000,0.313,0.313,52.192,52.192,4.790,0.781,0.781,8.058,8.058,61.344,1.25,35.00,33.0000,6.1344,27.605
817,350.000,1.200,1.200,71.575,71.575,4.890,2.144,2.144,11.242,11.242,86.161,1.25,35.00,33.0000,8.6161,38.772
818,500.000,5.000,5.000,99.206,99.206,5.040,6.250,6.250,15.979,15.979,126.435,1.25,35.00,33.0000,12.6435,56.896
819,450.000,3.281,3.281,90.180,90.180,4.990,4.556,4.556,14.405,14.405,112.422,1.25,35.00,33.0000,11.2422,50.590
820,300.000,0.648,0.648,61.983,61.983,4.840,1.350,1.350,9.653,9.653,73.634,1.25,35.00,33.0000,7.3634,33.135
821,200.000,0.128,0.128,42.194,42.194,4.740,0.400,0.400,6.459,6.459,49.181,1.25,35.00,33.0000,4.9181,22.131
822,250.000,0.313,0.313,52.192,52.192,4.790,0.781,0.781,8.058,8.058,61.344,1.25,35.00,33.0000,6.1344,27.605
823,350.000,1.200,1.200,71.575,71.575,4.890,2.144,2.144,11.242,11.242,86.161,1.25,35.00,33.0000,8.6161,38.772
824,500.000,5.000,5.000,99.206,99.206,5.040,6.250,6.250,15.979,15.979,126.435,1.25,35.00,33.0000,12.6435,56.896
825,450.000,3.281,3.281,90.180,90.180,4.990,4.556,4.556,14.405,14.405,112.422,1.25,35.00,33.0000,11.2422,50.590
826,300.000,0.648,0.648,61.983,61.983,4.840,1.350,1.350,9.653,9.653,73.634,1.25,35.00,33.0000,7.3634,33.135
827,200.000,0.128,0.128,42.194,42.194,4.740,0.400,0.400,6.459,6.459,49.181,1.25,35.00,33.0000,4.9181,22.131
828,250.000,0.313,0.313,52.192,52.192,4.790,0.781,0.781,8.058,8.058,61.344,1.25,35.00,33.0000,6.1344,27.605
829,350.000,1.200,1.200,71.575,71.575,4.890,2.144,2.144,11.242,11.242,86.161,1.25,35.00,33.0000,8.6161,38.772
830,500.000,5.000,5.000,99.206,99.206,5.040,6.250,6.250,15.979,15.979,126.435,1.25,35.00,33.0000,12.6435,56.896
831,450.000,3.281,3.281,90.180,90.180,4.990,4.556,4.556,14.405,14.405,112.422,1.25,35.00,33.0000,11.2422,50.590
832,300.000,0.648,0.648,61.983,61.983,4.840,1.350,1.350,9.653,9.653,73.634,1.25,35.00,33.0000,7.3634,33.135
833,200.000,0.128,0.128,42.194,42.194,4.740,0.400,0.400,6.459,6.459,49.181,1.25,35.00,33.0000,4.9181,22.131
834,250.000,0.313,0.313,52.192,52.192,4.790,0.781,0.781,8.058,8.058,61.344,1.25,35.00,33.0000,6.1344,27.605
835,350.000,1.200,1.200,71.575,71.575,4.890,2.144,2.144,11.242,11.242,86.161,1.25,35.00,33.0000,8.6161,38.772
836,500.000,5.000,5.000,99.206,99.206,5.040,6.250,6.250,15.979,15.979,126.435,1.25,35.00,33.0000,12.6435,56.896
837,450.000,3.281,3.281,90.180,90.180,4.990,4.556,4.556,14.405,14.405,112.422,1.25,35.00,33.0000,11.2422,50.590
838,300.000,0.648,0.648,61.983,61.983,4.840,1.350,1.350,9.653,9.653,73.634,1.25,35.00,33.0000,7.3634,33.135
839,200.000,0.128,0.128,42.194,42.194,4.740,0.400,0.400,6.459,6.459,49.181,1.25,35.00,33.0000,4.9181,22.131
840,250.000,0.313,0.313,52.192,52.192,4.790,0.781,0.781,8.058,8.058,61.344,1.25,35.00,33.0000,6.1344,27.605
841,350.000,1.200,1.200,71.575,71.575,4.890,2.144,2.144,11.242,11.242,86.161,1.25,35.00,33.0000,8.6161,38.772
842,500.000,5.000,5.000,99.206,99.206,5.040,6.250,6.250,15.979,15.979,126.435,1.25,35.00,33.0000,12.6435,56.896
843,450.000,3.281,3.281,90.180,90.180,4.990,4.556,4.556,14.405,14.405,112.422,1.25,35.00,33.0000,11.2422,50.590
844,300.000,0.648,0.648,61.983,61.983,4.840,1.350,1.350,9.653,9.653,73.634,1.25,35.00,33.0000,7.3634,33.135
845,200.000,0.128,0.128,42.194,42.194,4.740,0.400,0.400,6.459,6.459,49.181,1.25,35.00,33.0000,4.9181,22.131
846,250.000,0.313,0.313,52.192,52.192,4.790,0.781,0.781,8.058,8.058,61.344,1.25,35.00,33.0000,6.1344,27.605
847,350.000,1.200,1.200,71.575,71.575,4.890,2.144,2.144,11.242,11.242,86.161,1.25,35.00,33.0000,8.6161,38.772
848,500.000,5.000,5.000,99.206,99.206,5.040,6.250,6.250,15.979,15.979,126.435,1.25,35.00,33.0000,12.6435,56.896
849,450.000,3.281,3.281,90.180,90.180,4.990,4.556,4.556,14.405,14.405,112.422,1.25,35.00,33.0000,11.2422,50.590
850,300.000,0.648,0.648,61.983,61.983,4.840,1.350,1.350,9.653,9.653,73.634,1.25,35.00,33.0000,7.3634,33.135
851,200.000,0.128,0.128,42.194,42.194,4.740,0.400,0.400,6.459,6.459,49.181,1.25,35.00,33.0000,4.9181,22.131
852,250.000,0.313,0.313,52.192,52.192,4.790,0.781,0.781,8.058,8.058,61.344,1.25,35.00,33.0000,6.1344,27.605
853,350.000,1.200,1.200,71.575,71.575,4.890,2.144,2.144,11.242,11.242,86.161,1.25,35.00,33.0000,8.6161,38.772
854,500.000,5.000,5.000,99.206,99.206,5.040,6.250,6.250,15.979,15.979,126.435,1.25,35.00,33.0000,12.6435,56.896
855,450.000,3.281,3.281,90.180,90.180,4.990,4.556,4.556,14.405,14.405,112.422,1.25,35.00,33.0000,11.2422,50.590
856,300.000,0.648,0.648,61.983,61.983,4.840,1.350,1.350,9.653,9.653,73.634,1.25,35.00,33.0000,7.3634,33.135
857,200.000,0.128,0.128,42.194,42.194,4.740,0.400,0.400,6.459,6.459,49.181,1.25,35.00,33.0000,4.9181,22.131
858,250.000,0.313,0.313,52.192,52.192,4.790,0.781,0.781,8.058,8.058,61.344,1.25,35.00,33.0000,6.1344,27.605
859,350.000,1.200,1.200,71.575,71.575,4.890,2.144,2.144,11.242,11.242,86.161,1.25,35.00,33.0000,8.6161,38.772
860,500.000,5.000,5.000,99.206,99.206,5.040,6.250,6.250,15.979,15.979,126.435,1.25,35.00,33.0000,12.6435,56.896
861,450.000,3.281,3.281,90.180,90.180,4.990,4.556,4.556,14.405,14.405,112.422,1.25,35.00,33.0000,11.2422,50.590
862,300.000,0.648,0.648,61.983,61.983,4.840,1.350,1.350,9.653,9.653,73.634,1.25,35.00,33.0000,7.3634,33.135
863,200.000,0.128,0.128,42.194,42.194,4.740,0.400,0.400,6.459,6.459,49.181,1.25,35.00,33.0000,4.9181,22.131
864,250.000,0.313,0.313,52.192,52.192,4.790,0.781,0.781,8.058,8.058,61.344,1.25,35.00,33.0000,6.1344,27.605
865,350.000,1.200,1.200,71.575,71.575,4.890,2.144,2.144,11.242,11.242,86.161,1.25,35.00,33.0000,8.6161,38.772
866,500.000,5.000,5.000,99.206,99.206,5.040,6.250,6.250,15.979,15.979,126.435,1.25,35.00,33.0000,12.6435,56.896
867,450.000,3.281,3.281,90.180,90.180,4.990,4.556,4.556,14.405,14.405,112.422,1.25,35.00,33.0000,11.2422,50.590
868,300.000,0.648,0.648,61.983,61.983,4.840,1.350,1.350,9.653,9.653,73.634,1.25,35.00,33.0000,7.3634,33.135
869,200.000,0.128,0.128,42.194,42.194,4.740,0.400,0.400,6.459,6.459,49.181,1.25,35.00,33.0000,4.9181,22.131
870,250.000,0.313,0.313,52.192,52.192,4.790,0.781,0.781,8.058,8.058,61.344,1.25,35.00,33.0000,6.1344,27.605
871,350.000,1.200,1.200,71.575,71.575,4.890,2.144,2.144,11.242,11.242,86.161,1.25,35.00,33.0000,8.6161,38.772
872,500.000,5.000,5.000,99.206,99.206,5.040,6.250,6.250,15.979,15.979,126.435,1.25,35.00,33.0000,12.6435,56.896
873,450.000,3.281,3.281,90.180,90.180,4.990,4.556,4.556,14.405,14.405,112.422,1.25,35.00,33.0000,11.2422,50.590
874,300.000,0.648,0.648,61.983,61.983,4.840,1.350,1.350,9.653,9.653,73.634,1.25,35.00,33.0000,7.3634,33.135
875,200.000,0.128,0.128,42.194,42.194,4.740,0.400,0.400,6.459,6.459,49.181,1.25,35.00,33.0000,4.9181,22.131
876,250.000,0.313,0.313,52.192,52.192,4.790,0.781,0.781,8.058,8.058,61.344,1.25,35.00,33.0000,6.1344,27.605
877,350.000,1.200,1.200,71.575,71.575,4.890,2.144,2.144,11.242,11.242,86.161,1.25,35.00,33.0000,8.6161,38.772
878,500.000,5.000,5.000,99.206,99.206,5.040,6.250,6.250,15.979,15.979,126.435,1.25,35.00,33.0000,12.6435,56.896
879,450.000,3.281,3.281,90.180,90.180,4.990,4.556,4.556,14.405,14.405,112.422,1.25,35.00,33.0000,11.2422,50.590
880,300.000,0.648,0.648,61.983,61.983,4.840,1.350,1.350,9.653,9.653,73.634,1.25,35.00,33.0000,7.3634,33.135
881,200.000,0.128,0.128,42.194,42.194,4.740,0.400,0.400,6.459,6.459,49.181,1.25,35.00,33.0000,4.9181,22.131
882,250.000,0.313,0.313,52.192,52.192,4.790,0.781,0.781,8.058,8.058,61.344,1.25,35.00,33.0000,6.1344,27.605
883,350.000,1.200,1.200,71.575,71.575,4.890,2.144,2.144,11.242,11.242,86.161,1.25,35.00,33.0000,8.6161,38.772
884,500.000,5.000,5.000,99.206,99.206,5.040,6.250,6.250,15.979,15.979,126.435,1.25,35.00,33.0000,12.6435,56.896
885,450.000,3.281,3.281,90.180,90.180,4.990,4.556,4.556,14.405,14.405,112.422,1.25,35.00,33.0000,11.2422,50.590
886,300.000,0.648,0.648,61.983,61.983,4.840,1.350,1.350,9.653,9.653,73.634,1.25,35.00,33.0000,7.3634,33.135
887,200.000,0.128,0.128,42.194,42.194,4.740,0.400,0.400,6.459,6.459,49.181,1.25,35.00,33.0000,4.9181,22.131
888,250.000,0.313,0.313,52.192,52.192,4.790,0.781,0.781,8.058,8.058,61.344,1.25,35.00,33.0000,6.1344,27.605
889,350.000,1.200,1.200,71.575,71.575,4.890,2.144,2.144,11.242,11.242,86.161,1.25,35.00,33.0000,8.6161,38.772
890,500.000,5.000,5.000,99.206,99.206,5.040,6.250,6.250,15.979,15.979,126.435,1.25,35.00,33.0000,12.6435,56.896
891,450.000,3.281,3.281,90.180,90.180,4.990,4.556,4.556,14.405,14.405,112.422,1.25,35.00,33.0000,11.2422,50.590
892,300.000,0.648,0.648,61.983,61.983,4.840,1.350,1.350,9.653,9.653,73.634,1.25,35.00,33.0000,7.3634,33.135
893,200.000,0.128,0.128,42.194,42.194,4.740,0.400,0.400,6.459,6.459,49.181,1.25,35.00,33.0000,4.9181,22.131
894,250.000,0.313,0.313,52.192,52.192,4.790,0.781,0.781,8.058,8.058,61.344,1.25,35.00,33.0000,6.1344,27.605
895,350.000,1.200,1.200,71.575,71.575,4.890,2.144,2.144,11.242,11.242,86.161,1.25,35.00,33.0000,8.6161,38.772
896,500.000,5.000,5.000,99.206,99.206,5.040,6.250,6.250,15.979,15.979,126.435,1.25,35.00,33.0000,12.6435,56.896
897,450.000,3.281,3.281,90.180,90.180,4.990,4.556,4.556,14.405,14.405,112.422,1.25,35.00,33.0000,11.2422,50.590
898,300.000,0.648,0.648,61.983,61.983,4.840,1.350,1.350,9.653,9.653,73.634,1.25,35.00,33.0000,7.3634,33.135
899,200.000,0.128,0.128,42.194,42.194,4.740,0.400,0.400,6.459,6.459,49.181,1.25,35.00,33.0000,4.9181,22.131
900,250.000,0.313,0.313,52.192,52.192,4.790,0.781,0.781,8.058,8.058,61.344,1.25,35.00,33.0000,6.1344,27.605
901,350.000,1.200,1.200,71.575,71.575,4.890,2.144,2.144,11.242,11.242,86.161,1.25,35.00,33.0000,8.6161,38.772
902,500.000,5.000,5.000,99.206,99.206,5.040,6.250,6.250,15.979,15.979,126.435,1.25,35.00,33.0000,12.6435,56.896
903,450.000,3.281,3.281,90.180,90.180,4.990,4.556,4.556,14.405,14.405,112.422,1.25,35.00,33.0000,11.2422,50.590
904,300.000,0.648,0.648,61.983,61.983,4.840,1.350,1.350,9.653,9.653,73.634,1.25,35.00,33.0000,7.3634,33.135
905,200.000,0.128,0.128,42.194,42.194,4.740,0.400,0.400,6.459,6.459,49.181,1.25,35.00,33.0000,4.9181,22.131
906,250.000,0.313,0.313,52.192,52.192,4.790,0.781,0.781,8.058,8.058,61.344,1.25,35.00,33.0000,6.1344,27.605
907,350.000,1.200,1.200,71.575,71.575,4.890,2.144,2.144,11.242,11.242,86.161,1.25,35.00,33.0000,8.6161,38.772
908,500.000,5.000,5.000,99.206,99.206,5.040,6.250,6.250,15.979,15.979,126.435,1.25,35.00,33.0000,12.6435,56.896
909,450.000,3.281,3.281,90.180,90.180,4.990,4.556,4.556,14.405,14.405,112.422,1.25,35.00,33.0000,11.2422,50.590
910,300.000,0.648,0.648,61.983,61.983,4.840,1.350,1.350,9.653,9.653,73.634,1.25,35.00,33.0000,7.3634,33.135
911,200.000,0.128,0.128,42.194,42.194,4.740,0.400,0.400,6.459,6.459,49.181,1.25,35.00,33.0000,4.9181,22.131
912,250.000,0.313,0.313,52.192,52.192,4.790,0.781,0.781,8.058,8.058,61.344,1.25,35.00,33.0000,6.1344,27.605
913,350.000,1.200,1.200,71.575,71.575,4.890,2.144,2.144,11.242,11.242,86.161,1.25,35.00,33.0000,8.6161,38.772
914,500.000,5.000,5.000,99.206,99.206,5.040,6.250,6.250,15.979,15.979,126.435,1.25,35.00,33.0000,12.6435,56.896
915,450.000,3.281,3.281,90.180,90.180,4.990,4.556,4.556,14.405,14.405,112.422,1.25,35.00,33.0000,11.2422,50.590
916,300.000,0.648,0.648,61.983,61.983,4.840,1.350,1.350,9.653,9.653,73.634,1.25,35.00,33.0000,7.3634,33.135
917,200.000,0.128,0.128,42.194,42.194,4.740,0.400,0.400,6.459,6.459,49.181,1.25,35.00,33.0000,4.9181,22.131
918,250.000,0.313,0.313,52.192,52.192,4.790,0.781,0.781,8.058,8.058,61.344,1.25,35.00,33.0000,6.1344,27.605
919,350.000,1.200,1.200,71.575,71.575,4.890,2.144,2.144,11.242,11.242,86.161,1.25,35.00,33.0000,8.6161,38.772
920,500.000,5.000,5.000,99.206,99.206,5.040,6.250,6.250,15.979,15.979,126.435,1.25,35.00,33.0000,12.6435,56.896
921,450.000,3.281,3.281,90.180,90.180,4.990,4.556,4.556,14.405,14.405,112.422,1.25,35.00,33.0000,11.2422,50.590
922,300.000,0.648,0.648,61.983,61.983,4.840,1.350,1.350,9.653,9.653,73.634,1.25,35.00,33.0000,7.3634,33.135
923,200.000,0.128,0.128,42.194,42.194,4.740,0.400,0.400,6.459,6.459,49.181,1.25,35.00,33.0000,4.9181,22.131
924,250.000,0.313,0.313,52.192,52.192,4.790,0.781,0.781,8.058,8.058,61.344,1.25,35.00,33.0000,6.1344,27.605
925,350.000,1.200,1.200,71.575,71.575,4.890,2.144,2.144,11.242,11.242,86.161,1.25,35.00,33.0000,8.6161,38.772
926,500.000,5.000,5.000,99.206,99.206,5.040,6.250,6.250,15.979,15.979,126.435,1.25,35.00,33.0000,12.6435,56.896
927,450.000,3.281,3.281,90.180,90.180,4.990,4.556,4.556,14.405,14.405,112.422,1.25,35.00,33.0000,11.2422,50.590
928,300.000,0.648,0.648,61.983,61.983,4.840,1.350,1.350,9.653,9.653,73.634,1.25,35.00,33.0000,7.3634,33.135
929,200.000,0.128,0.128,42.194,42.194,4.740,0.400,0.400,6.459,6.459,49.181,1.25,35.00,33.0000,4.9181,22.131
930,250.000,0.313,0.313,52.192,52.192,4.790,0.781,0.781,8.058,8.058,61.344,1.25,35.00,33.0000,6.1344,27.605
931,350.000,1.200,1.200,71.575,71.575,4.890,2.144,2.144,11.242,11.242,86.161,1.25,35.00,33.0000,8.6161,38.772
932,500.000,5.000,5.000,99.206,99.206,5.040,6.250,6.250,15.979,15.979,126.435,1.25,35.00,33.0000,12.6435,56.896
933,450.000,3.281,3.281,90.180,90.180,4.990,4.556,4.556,14.405,14.405,112.422,1.25,35.00,33.0000,11.2422,50.590
934,300.000,0.648,0.648,61.983,61.983,4.840,1.350,1.350,9.653,9.653,73.634,1.25,35.00,33.0000,7.3634,33.135
935,200.000,0.128,0.128,42.194,42.194,4.740,0.400,0.400,6.459,6.459,49.181,1.25,35.00,33.0000,4.9181,22.131
936,250.000,0.313,0.313,52.192,52.192,4.790,0.781,0.781,8.058,8.058,61.344,1.25,35.00,33.0000,6.1344,27.605
937,350.000,1.200,1.200,71.575,71.575,4.890,2.144,2.144,11.242,11.242,86.161,1.25,35.00,33.0000,8.6161,38.772
938,500.000,5.000,5.000,99.206,99.206,5.040,6.250,6.250,15.979,15.979,126.435,1.25,35.00,33.0000,12.6435,56.896
939,450.000,3.281,3.281,90.180,90.180,4.990,4.556,4.556,14.405,14.405,112.422,1.25,35.00,33.0000,11.2422,50.590
940,300.000,0.648,0.648,61.983,61.983,4.840,1.350,1.350,9.653,9.653,73.634,1.25,35.00,33.0000,7.3634,33.135
941,200.000,0.128,0.128,42.194,42.194,4.740,0.400,0.400,6.459,6.459,49.181,1.25,35.00,33.0000,4.9181,22.131
942,250.000,0.313,0.313,52.192,52.192,4.790,0.781,0.781,8.058,8.058,61.344,1.25,35.00,33.0000,6.1344,27.605
943,350.000,1.200,1.200,71.575,71.575,4.890,2.144,2.144,11.242,11.242,86.161,1.25,35.00,33.0000,8.6161,38.772
944,500.000,5.000,5.000,99.206,99.206,5.040,6.250,6.250,15.979,15.979,126.435,1.25,35.00,33.0000,12.6435,56.896
945,450.000,3.281,3.281,90.180,90.180,4.990,4.556,4.556,14.405,14.405,112.422,1.25,35.00,33.0000,11.2422,50.590
946,300.000,0.648,0.648,61.983,61.983,4.840,1.350,1.350,9.653,9.653,73.634,1.25,35.00,33.0000,7.3634,33.135
947,200.000,0.128,0.128,42.194,42.194,4.740,0.400,0.400,6.459,6.459,49.181,1.25,35.00,33.0000,4.9181,22.131
948,250.000,0.313,0.313,52.192,52.192,4.790,0.781,0.781,8.058,8.058,61.344,1.25,35.00,33.0000,6.1344,27.605
949,350.000,1.200,1.200,71.575,71.575,4.890,2.144,2.144,11.242,11.242,86.161,1.25,35.00,33.0000,8.6161,38.772
950,500.000,5.000,5.000,99.206,99.206,5.040,6.250,6.250,15.979,15.979,126.435,1.25,35.00,33.0000,12.6435,56.896
951,450.000,3.281,3.281,90.180,90.180,4.990,4.556,4.556,14.405,14.405,112.422,1.25,35.00,33.0000,11.2422,50.590
952,300.000,0.648,0.648,61.983,61.983,4.840,1.350,1.350,9.653,9.653,73.634,1.25,35.00,33.0000,7.3634,33.135
953,200.000,0.128,0.128,42.194,42.194,4.740,0.400,0.400,6.459,6.459,49.181,1.25,35.00,33.0000,4.9181,22.131
954,250.000,0.313,0.313,52.192,52.192,4.790,0.781,0.781,8.058,8.058,61.344,1.25,35.00,33.0000,6.1344,27.605
955,350.000,1.200,1.200,71.575,71.575,4.890,2.144,2.144,11.242,11.242,86.161,1.25,35.00,33.0000,8.6161,38.772
956,500.000,5.000,5.000,99.206,99.206,5.040,6.250,6.250,15.979,15.979,126.435,1.25,35.00,33.0000,12.6435,56.896
957,450.000,3.281,3.281,90.180,90.180,4.990,4.556,4.556,14.405,14.405,112.422,1.25,35.00,33.0000,11.2422,50.590
958,300.000,0.648,0.648,61.983,61.983,4.840,1.350,1.350,9.653,9.653,73.634,1.25,35.00,33.0000,7.3634,33.135
959,200.000,0.128,0.128,42.194,42.194,4.740,0.400,0.400,6.459,6.459,49.181,1.25,35.00,33.0000,4.9181,22.131
960,250.000,0.313,0.313,52.192,52.192,4.790,0.781,0.781,8.058,8.058,61.344,1.25,35.00,33.0000,6.1344,27.605
961,350.000,1.200,1.200,71.575,71.575,4.890,2.144,2.144,11.242,11.242,86.161,1.25,35.00,33.0000,8.6161,38.772
962,500.000,5.000,5.000,99.206,99.206,5.040,6.250,6.250,15.979,15.979,126.435,1.25,35.00,33.0000,12.6435,56.896
963,450.000,3.281,3.281,90.180,90.180,4.990,4.556,4.556,14.405,14.405,112.422,1.25,35.00,33.0000,11.2422,50.590
964,300.000,0.648,0.648,61.983,61.983,4.840,1.350,1.350,9.653,9.653,73.634,1.25,35.00,33.0000,7.3634,33.135
965,200.000,0.128,0.128,42.194,42.194,4.740,0.400,0.400,6.459,6.459,49.181,1.25,35.00,33.0000,4.9181,22.131
966,250.000,0.313,0.313,52.192,52.192,4.790,0.781,0.781,8.058,8.058,61.344,1.25,35.00,33.0000,6.1344,27.605
967,350.000,1.200,1.200,71.575,71.575,4.890,2.144,2.144,11.242,11.242,86.161,1.25,35.00,33.0000,8.6161,38.772
968,500.000,5.000,5.000,99.206,99.206,5.040,6.250,6.250,15.979,15.979,126.435,1.25,35.00,33.0000,12.6435,56.896
969,450.000,3.281,3.281,90.180,90.180,4.990,4.556,4.556,14.405,14.405,112.422,1.25,35.00,33.0000,11.2422,50.590
970,300.000,0.648,0.648,61.983,61.983,4.840,1.350,1.350,9.653,9.653,73.634,1.25,35.00,33.0000,7.3634,33.135
971,200.000,0.128,0.128,42.194,42.194,4.740,0.400,0.400,6.459,6.459,49.181,1.25,35.00,33.0000,4.9181,22.131
972,250.000,0.313,0.313,52.192,52.192,4.790,0.781,0.781,8.058,8.058,61.344,1.25,35.00,33.0000,6.1344,27.605
973,350.000,1.200,1.200,71.575,71.575,4.890,2.144,2.144,11.242,11.242,86.161,1.25,35.00,33.0000,8.6161,38.772
974,500.000,5.000,5.000,99.206,99.206,5.040,6.250,6.250,15.979,15.979,126.435,1.25,35.00,33.0000,12.6435,56.896
975,450.000,3.281,3.281,90.180,90.180,4.990,4.556,4.556,14.405,14.405,112.422,1.25,35.00,33.0000,11.2422,50.590
976,300.000,0.648,0.648,61.983,61.983,4.840,1.350,1.350,9.653,9.653,73.634,1.25,35.00,33.0000,7.3634,33.135
977,200.000,0.128,0.128,42.194,42.194,4.740,0.400,0.400,6.459,6.459,49.181,1.25,35.00,33.0000,4.9181,22.131
978,250.000,0.313,0.313,52.192,52.192,4.790,0.781,0.781,8.058,8.058,61.344,1.25,35.00,33.0000,6.1344,27.605
979,350.000,1.200,1.200,71.575,71.575,4.890,2.144,2.144,11.242,11.242,86.161,1.25,35.00,33.0000,8.6161,38.772
980,500.000,5.000,5.000,99.206,99.206,5.040,6.250,6.250,15.979,15.979,126.435,1.25,35.00,33.0000,12.6435,56.896
981,450.000,3.281,3.281,90.180,90.180,4.990,4.556,4.556,14.405,14.405,112.422,1.25,35.00,33.0000,11.2422,50.590
982,300.000,0.648,0.648,61.983,61.983,4.840,1.350,1.350,9.653,9.653,73.634,1.25,35.00,33.0000,7.3634,33.135
983,200.000,0.128,0.128,42.194,42.194,4.740,0.400,0.400,6.459,6.459,49.181,1.25,35.00,33.0000,4.9181,22.131
984,250.000,0.313,0.313,52.192,52.192,4.790,0.781,0.781,8.058,8.058,61.344,1.25,35.00,33.0000,6.1344,27.605
985,350.000,1.200,1.200,71.575,71.575,4.890,2.144,2.144,11.242,11.242,86.161,1.25,35.00,33.0000,8.6161,38.772
986,500.000,5.000,5.000,99.206,99.206,5.040,6.250,6.250,15.979,15.979,126.435,1.25,35.00,33.0000,12.6435,56.896
987,450.000,3.281,3.281,90.180,90.180,4.990,4.556,4.556,14.405,14.405,112.422,1.25,35.00,33.0000,11.2422,50.590
988,300.000,0.648,0.648,61.983,61.983,4.840,1.350,1.350,9.653,9.653,73.634,1.25,35.00,33.0000,7.3634,33.135
989,200.000,0.128,0.128,42.194,42.194,4.740,0.400,0.400,6.459,6.459,49.181,1.25,35.00,33.0000,4.9181,22.131
990,250.000,0.313,0.313,52.192,52.192,4.790,0.781,0.781,8.058,8.058,61.344,1.25,35.00,33.0000,6.1344,27.605
991,350.000,1.200,1.200,71.575,71.575,4.890,2.144,2.144,11.242,11.242,86.161,1.25,35.00,33.0000,8.6161,38.772
992,500.000,5.000,5.000,99.206,99.206,5.040,6.250,6.250,15.979,15.979,126.435,1.25,35.00,33.0000,12.6435,56.896
993,450.000,3.281,3.281,90.180,90.180,4.990,4.556,4.556,14.405,14.405,112.422,1.25,35.00,33.0000,11.2422,50.590
994,300.000,0.648,0.648,61.983,61.983,4.840,1.350,1.350,9.653,9.653,73.634,1.25,35.00,33.0000,7.3634,33.135
995,200.000,0.128,0.128,42.194,42.194,4.740,0.400,0.400,6.459,6.459,49.181,1.25,35.00,33.0000,4.9181,22.131
996,250.000,0.313,0.313,52.192,52.192,4.790,0.781,0.781,8.058,8.058,61.344,1.25,35.00,33.0000,6.1344,27.605
997,350.000,1.200,1.200,71.575,71.575,4.890,2.144,2.144,11.242,11.242,86.161,1.25,35.00,33.0000,8.6161,38.772
998,500.000,5.000,5.000,99.206,99.206,5.040,6.250,6.250,15.979,15.979,126.435,1.25,35.00,33.0000,12.6435,56.896
999,450.000,3.281,3.281,90.180,90.180,4.990,4.556,4.556,14.405,14.405,112.422,1.25,35.00,33.0000,11.2422,50.590
1000,300.000,0.648,0.648,61.983,61.983,4.840,1.350,1.350,9.653,9.653,73.634,1.25,35.00,33.0000,7.3634,33.135
1001,200.000,0.128,0.128,42.194,42.194,4.740,0.400,0.400,6.459,6.459,49.181,1.25,35.00,33.0000,4.9181,22.131
1002,250.000,0.313,0.313,52.192,52.192,4.790,0.781,0.781,8.058,8.058,61.344,1.25,35.00,33.0000,6.1344,27.605
1003,350.000,1.200,1.200,71.575,71.575,4.890,2.144,2.144,11.242,11.242,86.161,1.25,35.00,33.0000,8.6161,38.772
1004,500.000,5.000,5.000,99.206,99.206,5.040,6.250,6.250,15.979,15.979,126.435,1.25,35.00,33.0000,12.6435,56.896
1005,450.000,3.281,3.281,90.180,90.180,4.990,4.556,4.556,14.405,14.405,112.422,1.25,35.00,33.0000,11.2422,50.590
1006,300.000,0.648,0.648,61.983,61.983,4.840,1.350,1.350,9.653,9.653,73.634,1.25,35.00,33.0000,7.3634,33.135
1007,200.000,0.128,0.128,42.194,42.194,4.740,0.400,0.400,6.459,6.459,49.181,1.25,35.00,33.0000,4.9181,22.131
1008,250.000,0.313,0.313,52.192,52.192,4.790,0.781,0.781,8.058,8.058,61.344,1.25,35.00,33.0000,6.1344,27.605
1009,350.000,1.200,1.200,71.575,71.575,4.890,2.144,2.144,11.242,11.242,86.161,1.25,35.00,33.0000,8.6161,38.772
1010,500.000,5.000,5.000,99.206,99.206,5.040,6.250,6.250,15.979,15.979,126.435,1.25,35.00,33.0000,12.6435,56.896
1011,450.000,3.281,3.281,90.180,90.180,4.990,4.556,4.556,14.405,14.405,112.422,1.25,35.00,33.0000,11.2422,50.590
1012,300.000,0.648,0.648,61.983,61.983,4.840,1.350,1.350,9.653,9.653,73.634,1.25,35.00,33.0000,7.3634,33.135
1013,200.000,0.128,0.128,42.194,42.194,4.740,0.400,0.400,6.459,6.459,49.181,1.25,35.00,33.0000,4.9181,22.131
1014,250.000,0.313,0.313,52.192,52.192,4.790,0.781,0.781,8.058,8.058,61.344,1.25,35.00,33.0000,6.1344,27.605
1015,350.000,1.200,1.200,71.575,71.575,4.890,2.144,2.144,11.242,11.242,86.161,1.25,35.00,33.0000,8.6161,38.772
1016,500.000,5.000,5.000,99.206,99.206,5.040,6.250,6.250,15.979,15.979,126.435,1.25,35.00,33.0000,12.6435,56.896
1017,450.000,3.281,3.281,90.180,90.180,4.990,4.556,4.556,14.405,14.405,112.422,1.25,35.00,33.0000,11.2422,50.590
1018,300.000,0.648,0.648,61.983,61.983,4.840,1.350,1.350,9.653,9.653,73.634,1.25,35.00,33.0000,7.3634,33.135
1019,200.000,0.128,0.128,42.194,42.194,4.740,0.400,0.400,6.459,6.459,49.181,1.25,35.00,33.0000,4.9181,22.131
1020,250.000,0.313,0.313,52.192,52.192,4.790,0.781,0.781,8.058,8.058,61.344,1.25,35.00,33.0000,6.1344,27.605
1021,350.000,1.200,1.200,71.575,71.575,4.890,2.144,2.144,11.242,11.242,86.161,1.25,35.00,33.0000,8.6161,38.772
1022,500.000,5.000,5.000,99.206,99.206,5.040,6.250,6.250,15.979,15.979,126.435,1.25,35.00,33.0000,12.6435,56.896
1023,450.000,3.281,3.281,90.180,90.180,4.990,4.556,4.556,14.405,14.405,112.422,1.25,35.00,33.0000,11.2422,50.590
1024,300.000,0.648,0.648,61.983,61.983,4.840,1.350,1.350,9.653,9.653,73.634,1.25,35.00,33.0000,7.3634,33.135
1025,200.000,0.128,0.128,42.194,42.194,4.740,0.400,0.400,6.459,6.459,49.181,1.25,35.00,33.0000,4.9181,22.131
1026,250.000,0.313,0.313,52.192,52.192,4.790,0.781,0.781,8.058,8.058,61.344,1.25,35.00,33.0000,6.1344,27.605
1027,350.000,1.200,1.200,71.575,71.575,4.890,2.144,2.144,11.242,11.242,86.161,1.25,35.00,33.0000,8.6161,38.772
1028,500.000,5.000,5.000,99.206,99.206,5.040,6.250,6.250,15.979,15.979,126.435,1.25,35.00,33.0000,12.6435,56.896
1029,450.000,3.281,3.281,90.180,90.180,4.990,4.556,4.556,14.405,14.405,112.422,1.25,35.00,33.0000,11.2422,50.590
1030,300.000,0.648,0.648,61.983,61.983,4.840,1.350,1.350,9.653,9.653,73.634,1.25,35.00,33.0000,7.3634,33.135
1031,200.000,0.128,0.128,42.194,42.194,4.740,0.400,0.400,6.459,6.459,49.181,1.25,35.00,33.0000,4.9181,22.131
1032,250.000,0.313,0.313,52.192,52.192,4.790,0.781,0.781,8.058,8.058,61.344,1.25,35.00,33.0000,6.1344,27.605
1033,350.000,1.200,1.200,71.575,71.575,4.890,2.144,2.144,11.242,11.242,86.161,1.25,35.00,33.0000,8.6161,38.772
1034,500.000,5.000,5.000,99.206,99.206,5.040,6.250,6.250,15.979,15.979,126.435,1.25,35.00,33.0000,12.6435,56.896
1035,450.000,3.281,3.281,90.180,90.180,4.990,4.556,4.556,14.405,14.405,112.422,1.25,35.00,33.0000,11.2422,50.590
1036,300.000,0.648,0.648,61.983,61.983,4.840,1.350,1.350,9.653,9.653,73.634,1.25,35.00,33.0000,7.3634,33.135
1037,200.000,0.128,0.128,42.194,42.194,4.740,0.400,0.400,6.459,6.459,49.181,1.25,35.00,33.0000,4.9181,22.131
1038,250.000,0.313,0.313,52.192,52.192,4.790,0.781,0.781,8.058,8.058,61.344,1.25,35.00,33.0000,6.1344,27.605
1039,350.000,1.200,1.200,71.575,71.575,4.890,2.144,2.144,11.242,11.242,86.161,1.25,35.00,33.0000,8.6161,38.772
1040,500.000,5.000,5.000,99.206,99.206,5.040,6.250,6.250,15.979,15.979,126.435,1.25,35.00,33.0000,12.6435,56.896
1041,450.000,3.281,3.281,90.180,90.180,4.990,4.556,4.556,14.405,14.405,112.422,1.25,35.00,33.0000,11.2422,50.590
1042,300.000,0.648,0.648,61.983,61.983,4.840,1.350,1.350,9.653,9.653,73.634,1.25,35.00,33.0000,7.3634,33.135
1043,200.000,0.128,0.128,42.194,42.194,4.740,0.400,0.400,6.459,6.459,49.181,1.25,35.00,33.0000,4.9181,22.131
1044,250.000,0.313,0.313,52.192,52.192,4.790,0.781,0.781,8.058,8.058,61.344,1.25,35.00,33.0000,6.1344,27.605
1045,350.000,1.200,1.200,71.575,71.575,4.890,2.144,2.144,11.242,11.242,86.161,1.25,35.00,33.0000,8.6161,38.772
1046,500.000,5.000,5.000,99.206,99.206,5.040,6.250,6.250,15.979,15.979,126.435,1.25,35.00,33.0000,12.6435,56.896
1047,450.000,3.281,3.281,90.180,90.180,4.990,4.556,4.556,14.405,14.405,112.422,1.25,35.00,33.0000,11.2422,50.590
1048,300.000,0.648,0.648,61.983,61.983,4.840,1.350,1.350,9.653,9.653,73.634,1.25,35.00,33.0000,7.3634,33.135
1049,200.000,0.128,0.128,42.194,42.194,4.740,0.400,0.400,6.459,6.459,49.181,1.25,35.00,33.0000,4.9181,22.131
1050,250.000,0.313,0.313,52.192,52.192,4.790,0.781,0.781,8.058,8.058,61.344,1.25,35.00,33.0000,6.1344,27.605
1051,350.000,1.200,1.200,71.575,71.575,4.890,2.144,2.144,11.242,11.242,86.161,1.25,35.00,33.0000,8.6161,38.772
1052,500.000,5.000,5.000,99.206,99.206,5.040,6.250,6.250,15.979,15.979,126.435,1.25,35.00,33.0000,12.6435,56.896
1053,450.000,3.281,3.281,90.180,90.180,4.990,4.556,4.556,14.405,14.405,112.422,1.25,35.00,33.0000,11.2422,50.590
1054,300.000,0.648,0.648,61.983,61.983,4.840,1.350,1.350,9.653,9.653,73.634,1.25,35.00,33.0000,7.3634,33.135
1055,200.000,0.128,0.128,42.194,42.194,4.740,0.400,0.400,6.459,6.459,49.181,1.25,35.00,33.0000,4.9181,22.131
1056,250.000,0.313,0.313,52.192,52.192,4.790,0.781,0.781,8.058,8.058,61.344,1.25,35.00,33.0000,6.1344,27.605
1057,350.000,1.200,1.200,71.575,71.575,4.890,2.144,2.144,11.242,11.242,86.161,1.25,35.00,33.0000,8.6161,38.772
1058,500.000,5.000,5.000,99.206,99.206,5.040,6.250,6.250,15.979,15.979,126.435,1.25,35.00,33.0000,12.6435,56.896
1059,450.000,3.281,3.281,90.180,90.180,4.990,4.556,4.556,14.405,14.405,112.422,1.25,35.00,33.0000,11.2422,50.590
1060,300.000,0.648,0.648,61.983,61.983,4.840,1.350,1.350,9.653,9.653,73.634,1.25,35.00,33.0000,7.3634,33.135
1061,200.000,0.128,0.128,42.194,42.194,4.740,0.400,0.400,6.459,6.459,49.181,1.25,35.00,33.0000,4.9181,22.131
1062,250.000,0.313,0.313,52.192,52.192,4.790,0.781,0.781,8.058,8.058,61.344,1.25,35.00,33.0000,6.1344,27.605
1063,350.000,1.200,1.200,71.575,71.575,4.890,2.144,2.144,11.242,11.242,86.161,1.25,35.00,33.0000,8.6161,38.772
1064,500.000,5.000,5.000,99.206,99.206,5.040,6.250,6.250,15.979,15.979,126.435,1.25,35.00,33.0000,12.6435,56.896
1065,450.000,3.281,3.281,90.180,90.180,4.990,4.556,4.556,14.405,14.405,112.422,1.25,35.00,33.0000,11.2422,50.590
1066,300.000,0.648,0.648,61.983,61.983,4.840,1.350,1.350,9.653,9.653,73.634,1.25,35.00,33.0000,7.3634,33.135
1067,200.000,0.128,0.128,42.194,42.194,4.740,0.400,0.400,6.459,6.459,49.181,1.25,35.00,33.0000,4.9181,22.131
1068,250.000,0.313,0.313,52.192,52.192,4.790,0.781,0.781,8.058,8.058,61.344,1.25,35.00,33.0000,6.1344,27.605
1069,350.000,1.200,1.200,71.575,71.575,4.890,2.144,2.144,11.242,11.242,86.161,1.25,35.00,33.0000,8.6161,38.772
1070,500.000,5.000,5.000,99.206,99.206,5.040,6.250,6.250,15.979,15.979,126.435,1.25,35.00,33.0000,12.6435,56.896
1071,450.000,3.281,3.281,90.180,90.180,4.990,4.556,4.556,14.405,14.405,112.422,1.25,35.00,33.0000,11.2422,50.590
1072,300.000,0.648,0.648,61.983,61.983,4.840,1.350,1.350,9.653,9.653,73.634,1.25,35.00,33.0000,7.3634,33.135
1073,200.000,0.128,0.128,42.194,42.194,4.740,0.400,0.400,6.459,6.459,49.181,1.25,35.00,33.0000,4.9181,22.131
1074,250.000,0.313,0.313,52.192,52.192,4.790,0.781,0.781,8.058,8.058,61.344,1.25,35.00,33.0000,6.1344,27.605
1075,350.000,1.200,1.200,71.575,71.575,4.890,2.144,2.144,11.242,11.242,86.161,1.25,35.00,33.0000,8.6161,38.772
1076,500.000,5.000,5.000,99.206,99.206,5.040,6.250,6.250,15.979,15.979,126.435,1.25,35.00,33.0000,12.6435,56.896
1077,450.000,3.281,3.281,90.180,90.180,4.990,4.556,4.556,14.405,14.405,112.422,1.25,35.00,33.0000,11.2422,50.590
1078,300.000,0.648,0.648,61.983,61.983,4.840,1.350,1.350,9.653,9.653,73.634,1.25,35.00,33.0000,7.3634,33.135
1079,200.000,0.128,0.128,42.194,42.194,4.740,0.400,0.400,6.459,6.459,49.181,1.25,35.00,33.0000,4.9181,22.131
1080,250.000,0.313,0.313,52.192,52.192,4.790,0.781,0.781,8.058,8.058,61.344,1.25,35.00,33.0000,6.1344,27.605
1081,350.000,1.200,1.200,71.575,71.575,4.890,2.144,2.144,11.242,11.242,86.161,1.25,35.00,33.0000,8.6161,38.772
1082,500.000,5.000,5.000,99.206,99.206,5.040,6.250,6.250,15.979,15.979,126.435,1.25,35.00,33.0000,12.6435,56.896
1083,450.000,3.281,3.281,90.180,90.180,4.990,4.556,4.556,14.405,14.405,112.422,1.25,35.00,33.0000,11.2422,50.590
1084,300.000,0.648,0.648,61.983,61.983,4.840,1.350,1.350,9.653,9.653,73.634,1.25,35.00,33.0000,7.3634,33.135
1085,200.000,0.128,0.128,42.194,42.194,4.740,0.400,0.400,6.459,6.459,49.181,1.25,35.00,33.0000,4.9181,22.131
1086,250.000,0.313,0.313,52.192,52.192,4.790,0.781,0.781,8.058,8.058,61.344,1.25,35.00,33.0000,6.1344,27.605
1087,350.000,1.200,1.200,71.575,71.575,4.890,2.144,2.144,11.242,11.242,86.161,1.25,35.00,33.0000,8.6161,38.772
1088,500.000,5.000,5.000,99.206,99.206,5.040,6.250,6.250,15.979,15.979,126.435,1.25,35.00,33.0000,12.6435,56.896
1089,450.000,3.281,3.281,90.180,90.180,4.990,4.556,4.556,14.405,14.405,112.422,1.25,35.00,33.0000,11.2422,50.590
1090,300.000,0.648,0.648,61.983,61.983,4.840,1.350,1.350,9.653,9.653,73.634,1.25,35.00,33.0000,7.3634,33.135
1091,200.000,0.128,0.128,42.194,42.194,4.740,0.400,0.400,6.459,6.459,49.181,1.25,35.00,33.0000,4.9181,22.131
1092,250.000,0.313,0.313,52.192,52.192,4.790,0.781,0.781,8.058,8.058,61.344,1.25,35.00,33.0000,6.1344,27.605
1093,350.000,1.200,1.200,71.575,71.575,4.890,2.144,2.144,11.242,11.242,86.161,1.25,35.00,33.0000,8.6161,38.772
1094,500.000,5.000,5.000,99.206,99.206,5.040,6.250,6.250,15.979,15.979,126.435,1.25,35.00,33.0000,12.6435,56.896
1095,450.000,3.281,3.281,90.180,90.180,4.990,4.556,4.556,14.405,14.405,112.422,1.25,35.00,33.0000,11.2422,50.590
1096,300.000,0.648,0.648,61.983,61.983,4.840,1.350,1.350,9.653,9.653,73.634,1.25,35.00,33.0000,7.3634,33.135
1097,200.000,0.128,0.128,42.194,42.194,4.740,0.400,0.400,6.459,6.459,49.181,1.25,35.00,33.0000,4.9181,22.131
1098,250.000,0.313,0.313,52.192,52.192,4.790,0.781,0.781,8.058,8.058,61.344,1.25,35.00,33.0000,6.1344,27.605
1099,350.000,1.200,1.200,71.575,71.575,4.890,2.144,2.144,11.242,11.242,86.161,1.25,35.00,33.0000,8.6161,38.772
1100,500.000,5.000,5.000,99.206,99.206,5.040,6.250,6.250,15.979,15.979,126.435,1.25,35.00,33.0000,12.6435,56.896
1101,450.000,3.281,3.281,90.180,90.180,4.990,4.556,4.556,14.405,14.405,112.422,1.25,35.00,33.0000,11.2422,50.590
1102,300.000,0.648,0.648,61.983,61.983,4.840,1.350,1.350,9.653,9.653,73.634,1.25,35.00,33.0000,7.3634,33.135
1103,200.000,0.128,0.128,42.194,42.194,4.740,0.400,0.400,6.459,6.459,49.181,1.25,35.00,33.0000,4.9181,22.131
1104,250.000,0.313,0.313,52.192,52.192,4.790,0.781,0.781,8.058,8.058,61.344,1.25,35.00,33.0000,6.1344,27.605
1105,350.000,1.200,1.200,71.575,71.575,4.890,2.144,2.144,11.242,11.242,86.161,1.25,35.00,33.0000,8.6161,38.772
1106,500.000,5.000,5.000,99.206,99.206,5.040,6.250,6.250,15.979,15.979,126.435,1.25,35.00,33.0000,12.6435,56.896
1107,450.000,3.281,3.281,90.180,90.180,4.990,4.556,4.556,14.405,14.405,112.422,1.25,35.00,33.0000,11.2422,50.590
1108,300.000,0.648,0.648,61.983,61.983,4.840,1.350,1.350,9.653,9.653,73.634,1.25,35.00,33.0000,7.3634,33.135
1109,200.000,0.128,0.128,42.194,42.194,4.740,0.400,0.400,6.459,6.459,49.181,1.25,35.00,33.0000,4.9181,22.131
1110,250.000,0.313,0.313,52.192,52.192,4.790,0.781,0.781,8.058,8.058,61.344,1.25,35.00,33.0000,6.1344,27.605
1111,350.000,1.200,1.200,71.575,71.575,4.890,2.144,2.144,11.242,11.242,86.161,1.25,35.00,33.0000,8.6161,38.772
1112,500.000,5.000,5.000,99.206,99.206,5.040,6.250,6.250,15.979,15.979,126.435,1.25,35.00,33.0000,12.6435,56.896
1113,450.000,3.281,3.281,90.180,90.180,4.990,4.556,4.556,14.405,14.405,112.422,1.25,35.00,33.0000,11.2422,50.590
1114,300.000,0.648,0.648,61.983,61.983,4.840,1.350,1.350,9.653,9.653,73.634,1.25,35.00,33.0000,7.3634,33.135
1115,200.000,0.128,0.128,42.194,42.194,4.740,0.400,0.400,6.459,6.459,49.181,1.25,35.00,33.0000,4.9181,22.131
1116,250.000,0.313,0.313,52.192,52.192,4.790,0.781,0.781,8.058,8.058,61.344,1.25,35.00,33.0000,6.1344,27.605
1117,350.000,1.200,1.200,71.575,71.575,4.890,2.144,2.144,11.242,11.242,86.161,1.25,35.00,33.0000,8.6161,38.772
1118,500.000,5.000,5.000,99.206,99.206,5.040,6.250,6.250,15.979,15.979,126.435,1.25,35.00,33.0000,12.6435,56.896
1119,450.000,3.281,3.281,90.180,90.180,4.990,4.556,4.556,14.405,14.405,112.422,1.25,35.00,33.0000,11.2422,50.590
1120,300.000,0.648,0.648,61.983,61.983,4.840,1.350,1.350,9.653,9.653,73.634,1.25,35.00,33.0000,7.3634,33.135
1121,200.000,0.128,0.128,42.194,42.194,4.740,0.400,0.400,6.459,6.459,49.181,1.25,35.00,33.0000,4.9181,22.131
1122,250.000,0.313,0.313,52.192,52.192,4.790,0.781,0.781,8.058,8.058,61.344,1.25,35.00,33.0000,6.1344,27.605
1123,350.000,1.200,1.200,71.575,71.575,4.890,2.144,2.144,11.242,11.242,86.161,1.25,35.00,33.0000,8.6161,38.772
1124,500.000,5.000,5.000,99.206,99.206,5.040,6.250,6.250,15.979,15.979,126.435,1.25,35.00,33.0000,12.6435,56.896
1125,450.000,3.281,3.281,90.180,90.180,4.990,4.556,4.556,14.405,14.405,112.422,1.25,35.00,33.0000,11.2422,50.590
1126,300.000,0.648,0.648,61.983,61.983,4.840,1.350,1.350,9.653,9.653,73.634,1.25,35.00,33.0000,7.3634,33.135
1127,200.000,0.128,0.128,42.194,42.194,4.740,0.400,0.400,6.459,6.459,49.181,1.25,35.00,33.0000,4.9181,22.131
1128,250.000,0.313,0.313,52.192,52.192,4.790,0.781,0.781,8.058,8.058,61.344,1.25,35.00,33.0000,6.1344,27.605
1129,350.000,1.200,1.200,71.575,71.575,4.890,2.144,2.144,11.242,11.242,86.161,1.25,35.00,33.0000,8.6161,38.772
1130,500.000,5.000,5.000,99.206,99.206,5.040,6.250,6.250,15.979,15.979,126.435,1.25,35.00,33.0000,12.6435,56.896
1131,450.000,3.281,3.281,90.180,90.180,4.990,4.556,4.556,14.405,14.405,112.422,1.25,35.00,33.0000,11.2422,50.590
1132,300.000,0.648,0.648,61.983,61.983,4.840,1.350,1.350,9.653,9.653,73.634,1.25,35.00,33.0000,7.3634,33.135
1133,200.000,0.128,0.128,42.194,42.194,4.740,0.400,0.400,6.459,6.459,49.181,1.25,35.00,33.0000,4.9181,22.131
1134,250.000,0.313,0.313,52.192,52.192,4.790,0.781,0.781,8.058,8.058,61.344,1.25,35.00,33.0000,6.1344,27.605
1135,350.000,1.200,1.200,71.575,71.575,4.890,2.144,2.144,11.242,11.242,86.161,1.25,35.00,33.0000,8.6161,38.772
1136,500.000,5.000,5.000,99.206,99.206,5.040,6.250,6.250,15.979,15.979,126.435,1.25,35.00,33.0000,12.6435,56.896
1137,450.000,3.281,3.281,90.180,90.180,4.990,4.556,4.556,14.405,14.405,112.422,1.25,35.00,33.0000,11.2422,50.590
1138,300.000,0.648,0.648,61.983,61.983,4.840,1.350,1.350,9.653,9.653,73.634,1.25,35.00,33.0000,7.3634,33.135
1139,200.000,0.128,0.128,42.194,42.194,4.740,0.400,0.400,6.459,6.459,49.181,1.25,35.00,33.0000,4.9181,22.131
1140,250.000,0.313,0.313,52.192,52.192,4.790,0.781,0.781,8.058,8.058,61.344,1.25,35.00,33.0000,6.1344,27.605
1141,350.000,1.200,1.200,71.575,71.575,4.890,2.144,2.144,11.242,11.242,86.161,1.25,35.00,33.0000,8.6161,38.772
1142,500.000,5.000,5.000,99.206,99.206,5.040,6.250,6.250,15.979,15.979,126.435,1.25,35.00,33.0000,12.6435,56.896
1143,450.000,3.281,3.281,90.180,90.180,4.990,4.556,4.556,14.405,14.405,112.422,1.25,35.00,33.0000,11.2422,50.590
1144,300.000,0.648,0.648,61.983,61.983,4.840,1.350,1.350,9.653,9.653,73.634,1.25,35.00,33.0000,7.3634,33.135
1145,200.000,0.128,0.128,42.194,42.194,4.740,0.400,0.400,6.459,6.459,49.181,1.25,35.00,33.0000,4.9181,22.131
1146,250.000,0.313,0.313,52.192,52.192,4.790,0.781,0.781,8.058,8.058,61.344,1.25,35.00,33.0000,6.1344,27.605
1147,350.000,1.200,1.200,71.575,71.575,4.890,2.144,2.144,11.242,11.242,86.161,1.25,35.00,33.0000,8.6161,38.772
1148,500.000,5.000,5.000,99.206,99.206,5.040,6.250,6.250,15.979,15.979,126.435,1.25,35.00,33.0000,12.6435,56.896
1149,450.000,3.281,3.281,90.180,90.180,4.990,4.556,4.556,14.405,14.405,112.422,1.25,35.00,33.0000,11.2422,50.590
1150,300.000,0.648,0.648,61.983,61.983,4.840,1.350,1.350,9.653,9.653,73.634,1.25,35.00,33.0000,7.3634,33.135
1151,200.000,0.128,0.128,42.194,42.194,4.740,0.400,0.400,6.459,6.459,49.181,1.25,35.00,33.0000,4.9181,22.131
1152,250.000,0.313,0.313,52.192,52.192,4.790,0.781,0.781,8.058,8.058,61.344,1.25,35.00,33.0000,6.1344,27.605
1153,350.000,1.200,1.200,71.575,71.575,4.890,2.144,2.144,11.242,11.242,86.161,1.25,35.00,33.0000,8.6161,38.772
1154,500.000,5.000,5.000,99.206,99.206,5.040,6.250,6.250,15.979,15.979,126.435,1.25,35.00,33.0000,12.6435,56.896
1155,450.000,3.281,3.281,90.180,90.180,4.990,4.556,4.556,14.405,14.405,112.422,1.25,35.00,33.0000,11.2422,50.590
1156,300.000,0.648,0.648,61.983,61.983,4.840,1.350,1.350,9.653,9.653,73.634,1.25,35.00,33.0000,7.3634,33.135
1157,200.000,0.128,0.128,42.194,42.194,4.740,0.400,0.400,6.459,6.459,49.181,1.25,35.00,33.0000,4.9181,22.131
1158,250.000,0.313,0.313,52.192,52.192,4.790,0.781,0.781,8.058,8.058,61.344,1.25,35.00,33.0000,6.1344,27.605
1159,350.000,1.200,1.200,71.575,71.575,4.890,2.144,2.144,11.242,11.242,86.161,1.25,35.00,33.0000,8.6161,38.772
1160,500.000,5.000,5.000,99.206,99.206,5.040,6.250,6.250,15.979,15.979,126.435,1.25,35.00,33.0000,12.6435,56.896
1161,450.000,3.281,3.281,90.180,90.180,4.990,4.556,4.556,14.405,14.405,112.422,1.25,35.00,33.0000,11.2422,50.590
1162,300.000,0.648,0.648,61.983,61.983,4.840,1.350,1.350,9.653,9.653,73.634,1.25,35.00,33.0000,7.3634,33.135
1163,200.000,0.128,0.128,42.194,42.194,4.740,0.400,0.400,6.459,6.459,49.181,1.25,35.00,33.0000,4.9181,22.131
1164,250.000,0.313,0.313,52.192,52.192,4.790,0.781,0.781,8.058,8.058,61.344,1.25,35.00,33.0000,6.1344,27.605
1165,350.000,1.200,1.200,71.575,71.575,4.890,2.144,2.144,11.242,11.242,86.161,1.25,35.00,33.0000,8.6161,38.772
1166,500.000,5.000,5.000,99.206,99.206,5.040,6.250,6.250,15.979,15.979,126.435,1.25,35.00,33.0000,12.6435,56.896
1167,450.000,3.281,3.281,90.180,90.180,4.990,4.556,4.556,14.405,14.405,112.422,1.25,35.00,33.0000,11.2422,50.590
1168,300.000,0.648,0.648,61.983,61.983,4.840,1.350,1.350,9.653,9.653,73.634,1.25,35.00,33.0000,7.3634,33.135
1169,200.000,0.128,0.128,42.194,42.194,4.740,0.400,0.400,6.459,6.459,49.181,1.25,35.00,33.0000,4.9181,22.131
1170,250.000,0.313,0.313,52.192,52.192,4.790,0.781,0.781,8.058,8.058,61.344,1.25,35.00,33.0000,6.1344,27.605
1171,350.000,1.200,1.200,71.575,71.575,4.890,2.144,2.144,11.242,11.242,86.161,1.25,35.00,33.0000,8.6161,38.772
1172,500.000,5.000,5.000,99.206,99.206,5.040,6.250,6.250,15.979,15.979,126.435,1.25,35.00,33.0000,12.6435,56.896
1173,450.000,3.281,3.281,90.180,90.180,4.990,4.556,4.556,14.405,14.405,112.422,1.25,35.00,33.0000,11.2422,50.590
1174,300.000,0.648,0.648,61.983,61.983,4.840,1.350,1.350,9.653,9.653,73.634,1.25,35.00,33.0000,7.3634,33.135
1175,200.000,0.128,0.128,42.194,42.194,4.740,0.400,0.400,6.459,6.459,49.181,1.25,35.00,33.0000,4.9181,22.131
1176,250.000,0.313,0.313,52.192,52.192,4.790,0.781,0.781,8.058,8.058,61.344,1.25,35.00,33.0000,6.1344,27.605
1177,350.000,1.200,1.200,71.575,71.575,4.890,2.144,2.144,11.242,11.242,86.161,1.25,35.00,33.0000,8.6161,38.772
1178,500.000,5.000,5.000,99.206,99.206,5.040,6.250,6.250,15.979,15.979,126.435,1.25,35.00,33.0000,12.6435,56.896
1179,450.000,3.281,3.281,90.180,90.180,4.990,4.556,4.556,14.405,14.405,112.422,1.25,35.00,33.0000,11.2422,50.590
1180,300.000,0.648,0.648,61.983,61.983,4.840,1.350,1.350,9.653,9.653,73.634,1.25,35.00,33.0000,7.3634,33.135
1181,200.000,0.128,0.128,42.194,42.194,4.740,0.400,0.400,6.459,6.459,49.181,1.25,35.00,33.0000,4.9181,22.131
1182,250.000,0.313,0.313,52.192,52.192,4.790,0.781,0.781,8.058,8.058,61.344,1.25,35.00,33.0000,6.1344,27.605
1183,350.000,1.200,1.200,71.575,71.575,4.890,2.144,2.144,11.242,11.242,86.161,1.25,35.00,33.0000,8.6161,38.772
1184,500.000,5.000,5.000,99.206,99.206,5.040,6.250,6.250,15.979,15.979,126.435,1.25,35.00,33.0000,12.6435,56.896
1185,450.000,3.281,3.281,90.180,90.180,4.990,4.556,4.556,14.405,14.405,112.422,1.25,35.00,33.0000,11.2422,50.590
1186,300.000,0.648,0.648,61.983,61.983,4.840,1.350,1.350,9.653,9.653,73.634,1.25,35.00,33.0000,7.3634,33.135
1187,200.000,0.128,0.128,42.194,42.194,4.740,0.400,0.400,6.459,6.459,49.181,1.25,35.00,33.0000,4.9181,22.131
1188,250.000,0.313,0.313,52.192,52.192,4.790,0.781,0.781,8.058,8.058,61.344,1.25,35.00,33.0000,6.1344,27.605
1189,350.000,1.200,1.200,71.575,71.575,4.890,2.144,2.144,11.242,11.242,86.161,1.25,35.00,33.0000,8.6161,38.772
1190,500.000,5.000,5.000,99.206,99.206,5.040,6.250,6.250,15.979,15.979,126.435,1.25,35.00,33.0000,12.6435,56.896
1191,450.000,3.281,3.281,90.180,90.180,4.990,4.556,4.556,14.405,14.405,112.422,1.25,35.00,33.0000,11.2422,50.590
1192,300.000,0.648,0.648,61.983,61.983,4.840,1.350,1.350,9.653,9.653,73.634,1.25,35.00,33.0000,7.3634,33.135
1193,200.000,0.128,0.128,42.194,42.194,4.740,0.400,0.400,6.459,6.459,49.181,1.25,35.00,33.0000,4.9181,22.131
1194,250.000,0.313,0.313,52.192,52.192,4.790,0.781,0.781,8.058,8.058,61.344,1.25,35.00,33.0000,6.1344,27.605
1195,350.000,1.200,1.200,71.575,71.575,4.890,2.144,2.144,11.242,11.242,86.161,1.25,35.00,33.0000,8.6161,38.772
1196,500.000,5.000,5.000,99.206,99.206,5.040,6.250,6.250,15.979,15.979,126.435,1.25,35.00,33.0000,12.6435,56.896
1197,450.000,3.281,3.281,90.180,90.180,4.990,4.556,4.556,14.405,14.405,112.422,1.25,35.00,33.0000,11.2422,50.590
1198,300.000,0.648,0.648,61.983,61.983,4.840,1.350,1.350,9.653,9.653,73.634,1.25,35.00,33.0000,7.3634,33.135
1199,200.000,0.128,0.128,42.194,42.194,4.740,0.400,0.400,6.459,6.459,49.181,1.25,35.00,33.0000,4.9181,22.131
1200,250.000,0.313,0.313,52.192,52.192,4.790,0.781,0.781,8.058,8.058,61.344,1.25,35.00,33.0000,6.1344,27.605
1201,350.000,1.200,1.200,71.575,71.575,4.890,2.144,2.144,11.242,11.242,86.161,1.25,35.00,33.0000,8.6161,38.772
1202,500.000,5.000,5.000,99.206,99.206,5.040,6.250,6.250,15.979,15.979,126.435,1.25,35.00,33.0000,12.6435,56.896
1203,450.000,3.281,3.281,90.180,90.180,4.990,4.556,4.556,14.405,14.405,112.422,1.25,35.00,33.0000,11.2422,50.590
1204,300.000,0.648,0.648,61.983,61.983,4.840,1.350,1.350,9.653,9.653,73.634,1.25,35.00,33.0000,7.3634,33.135
1205,200.000,0.128,0.128,42.194,42.194,4.740,0.400,0.400,6.459,6.459,49.181,1.25,35.00,33.0000,4.9181,22.131
1206,250.000,0.313,0.313,52.192,52.192,4.790,0.781,0.781,8.058,8.058,61.344,1.25,35.00,33.0000,6.1344,27.605
1207,350.000,1.200,1.200,71.575,71.575,4.890,2.144,2.144,11.242,11.242,86.161,1.25,35.00,33.0000,8.6161,38.772
1208,500.000,5.000,5.000,99.206,99.206,5.040,6.250,6.250,15.979,15.979,126.435,1.25,35.00,33.0000,12.6435,56.896
1209,450.000,3.281,3.281,90.180,90.180,4.990,4.556,4.556,14.405,14.405,112.422,1.25,35.00,33.0000,11.2422,50.590
1210,300.000,0.648,0.648,61.983,61.983,4.840,1.350,1.350,9.653,9.653,73.634,1.25,35.00,33.0000,7.3634,33.135
1211,200.000,0.128,0.128,42.194,42.194,4.740,0.400,0.400,6.459,6.459,49.181,1.25,35.00,33.0000,4.9181,22.131
1212,250.000,0.313,0.313,52.192,52.192,4.790,0.781,0.781,8.058,8.058,61.344,1.25,35.00,33.0000,6.1344,27.605
1213,350.000,1.200,1.200,71.575,71.575,4.890,2.144,2.144,11.242,11.242,86.161,1.25,35.00,33.0000,8.6161,38.772
1214,500.000,5.000,5.000,99.206,99.206,5.040,6.250,6.250,15.979,15.979,126.435,1.25,35.00,33.0000,12.6435,56.896
1215,450.000,3.281,3.281,90.180,90.180,4.990,4.556,4.556,14.405,14.405,112.422,1.25,35.00,33.0000,11.2422,50.590
1216,300.000,0.648,0.648,61.983,61.983,4.840,1.350,1.350,9.653,9.653,73.634,1.25,35.00,33.0000,7.3634,33.135
1217,200.000,0.128,0.128,42.194,42.194,4.740,0.400,0.400,6.459,6.459,49.181,1.25,35.00,33.0000,4.9181,22.131
1218,250.000,0.313,0.313,52.192,52.192,4.790,0.781,0.781,8.058,8.058,61.344,1.25,35.00,33.0000,6.1344,27.605
1219,350.000,1.200,1.200,71.575,71.575,4.890,2.144,2.144,11.242,11.242,86.161,1.25,35.00,33.0000,8.6161,38.772
1220,500.000,5.000,5.000,99.206,99.206,5.040,6.250,6.250,15.979,15.979,126.435,1.25,35.00,33.0000,12.6435,56.896
1221,450.000,3.281,3.281,90.180,90.180,4.990,4.556,4.556,14.405,14.405,112.422,1.25,35.00,33.0000,11.2422,50.590
1222,300.000,0.648,0.648,61.983,61.983,4.840,1.350,1.350,9.653,9.653,73.634,1.25,35.00,33.0000,7.3634,33.135
1223,200.000,0.128,0.128,42.194,42.194,4.740,0.400,0.400,6.459,6.459,49.181,1.25,35.00,33.0000,4.9181,22.131
1224,250.000,0.313,0.313,52.192,52.192,4.790,0.781,0.781,8.058,8.058,61.344,1.25,35.00,33.0000,6.1344,27.605
1225,350.000,1.200,1.200,71.575,71.575,4.890,2.144,2.144,11.242,11.242,86.161,1.25,35.00,33.0000,8.6161,38.772
1226,500.000,5.000,5.000,99.206,99.206,5.040,6.250,6.250,15.979,15.979,126.435,1.25,35.00,33.0000,12.6435,56.896
1227,450.000,3.281,3.281,90.180,90.180,4.990,4.556,4.556,14.405,14.405,112.422,1.25,35.00,33.0000,11.2422,50.590
1228,300.000,0.648,0.648,61.983,61.983,4.840,1.350,1.350,9.653,9.653,73.634,1.25,35.00,33.0000,7.3634,33.135
1229,200.000,0.128,0.128,42.194,42.194,4.740,0.400,0.400,6.459,6.459,49.181,1.25,35.00,33.0000,4.9181,22.131
1230,250.000,0.313,0.313,52.192,52.192,4.790,0.781,0.781,8.058,8.058,61.344,1.25,35.00,33.0000,6.1344,27.605
1231,350.000,1.200,1.200,71.575,71.575,4.890,2.144,2.144,11.242,11.242,86.161,1.25,35.00,33.0000,8.6161,38.772
1232,500.000,5.000,5.000,99.206,99.206,5.040,6.250,6.250,15.979,15.979,126.435,1.25,35.00,33.0000,12.6435,56.896
1233,450.000,3.281,3.281,90.180,90.180,4.990,4.556,4.556,14.405,14.405,112.422,1.25,35.00,33.0000,11.2422,50.590
1234,300.000,0.648,0.648,61.983,61.983,4.840,1.350,1.350,9.653,9.653,73.634,1.25,35.00,33.0000,7.3634,33.135
1235,200.000,0.128,0.128,42.194,42.194,4.740,0.400,0.400,6.459,6.459,49.181,1.25,35.00,33.0000,4.9181,22.131
1236,250.000,0.313,0.313,52.192,52.192,4.790,0.781,0.781,8.058,8.058,61.344,1.25,35.00,33.0000,6.1344,27.605
1237,350.000,1.200,1.200,71.575,71.575,4.890,2.144,2.144,11.242,11.242,86.161,1.25,35.00,33.0000,8.6161,38.772
1238,500.000,5.000,5.000,99.206,99.206,5.040,6.250,6.250,15.979,15.979,126.435,1.25,35.00,33.0000,12.6435,56.896
1239,450.000,3.281,3.281,90.180,90.180,4.990,4.556,4.556,14.405,14.405,112.422,1.25,35.00,33.0000,11.2422,50.590
1240,300.000,0.648,0.648,61.983,61.983,4.840,1.350,1.350,9.653,9.653,73.634,1.25,35.00,33.0000,7.3634,33.135
1241,200.000,0.128,0.128,42.194,42.194,4.740,0.400,0.400,6.459,6.459,49.181,1.25,35.00,33.0000,4.9181,22.131
1242,250.000,0.313,0.313,52.192,52.192,4.790,0.781,0.781,8.058,8.058,61.344,1.25,35.00,33.0000,6.1344,27.605
1243,350.000,1.200,1.200,71.575,71.575,4.890,2.144,2.144,11.242,11.242,86.161,1.25,35.00,33.0000,8.6161,38.772
1244,500.000,5.000,5.000,99.206,99.206,5.040,6.250,6.250,15.979,15.979,126.435,1.25,35.00,33.0000,12.6435,56.896
1245,450.000,3.281,3.281,90.180,90.180,4.990,4.556,4.556,14.405,14.405,112.422,1.25,35.00,33.0000,11.2422,50.590
1246,300.000,0.648,0.648,61.983,61.983,4.840,1.350,1.350,9.653,9.653,73.634,1.25,35.00,33.0000,7.3634,33.135
1247,200.000,0.128,0.128,42.194,42.194,4.740,0.400,0.400,6.459,6.459,49.181,1.25,35.00,33.0000,4.9181,22.131
1248,250.000,0.313,0.313,52.192,52.192,4.790,0.781,0.781,8.058,8.058,61.344,1.25,35.00,33.0000,6.1344,27.605
1249,350.000,1.200,1.200,71.575,71.575,4.890,2.144,2.144,11.242,11.242,86.161,1.25,35.00,33.0000,8.6161,38.772
1250,500.000,5.000,5.000,99.206,99.206,5.040,6.250,6.250,15.979,15.979,126.435,1.25,35.00,33.0000,12.6435,56.896
1251,450.000,3.281,3.281,90.180,90.180,4.990,4.556,4.556,14.405,14.405,112.422,1.25,35.00,33.0000,11.2422,50.590
1252,300.000,0.648,0.648,61.983,61.983,4.840,1.350,1.350,9.653,9.653,73.634,1.25,35.00,33.0000,7.3634,33.135
1253,200.000,0.128,0.128,42.194,42.194,4.740,0.400,0.400,6.459,6.459,49.181,1.25,35.00,33.0000,4.9181,22.131
1254,250.000,0.313,0.313,52.192,52.192,4.790,0.781,0.781,8.058,8.058,61.344,1.25,35.00,33.0000,6.1344,27.605
1255,350.000,1.200,1.200,71.575,71.575,4.890,2.144,2.144,11.242,11.242,86.161,1.25,35.00,33.0000,8.6161,38.772
1256,500.000,5.000,5.000,99.206,99.206,5.040,6.250,6.250,15.979,15.979,126.435,1.25,35.00,33.0000,12.6435,56.896
1257,450.000,3.281,3.281,90.180,90.180,4.990,4.556,4.556,14.405,14.405,112.422,1.25,35.00,33.0000,11.2422,50.590
1258,300.000,0.648,0.648,61.983,61.983,4.840,1.350,1.350,9.653,9.653,73.634,1.25,35.00,33.0000,7.3634,33.135
1259,200.000,0.128,0.128,42.194,42.194,4.740,0.400,0.400,6.459,6.459,49.181,1.25,35.00,33.0000,4.9181,22.131
1260,250.000,0.313,0.313,52.192,52.192,4.790,0.781,0.781,8.058,8.058,61.344,1.25,35.00,33.0000,6.1344,27.605
1261,350.000,1.200,1.200,71.575,71.575,4.890,2.144,2.144,11.242,11.242,86.161,1.25,35.00,33.0000,8.6161,38.772
1262,500.000,5.000,5.000,99.206,99.206,5.040,6.250,6.250,15.979,15.979,126.435,1.25,35.00,33.0000,12.6435,56.896
1263,450.000,3.281,3.281,90.180,90.180,4.990,4.556,4.556,14.405,14.405,112.422,1.25,35.00,33.0000,11.2422,50.590
1264,300.000,0.648,0.648,61.983,61.983,4.840,1.350,1.350,9.653,9.653,73.634,1.25,35.00,33.0000,7.3634,33.135
1265,200.000,0.128,0.128,42.194,42.194,4.740,0.400,0.400,6.459,6.459,49.181,1.25,35.00,33.0000,4.9181,22.131
1266,250.000,0.313,0.313,52.192,52.192,4.790,0.781,0.781,8.058,8.058,61.344,1.25,35.00,33.0000,6.1344,27.605
1267,350.000,1.200,1.200,71.575,71.575,4.890,2.144,2.144,11.242,11.242,86.161,1.25,35.00,33.0000,8.6161,38.772
1268,500.000,5.000,5.000,99.206,99.206,5.040,6.250,6.250,15.979,15.979,126.435,1.25,35.00,33.0000,12.6435,56.896
1269,450.000,3.281,3.281,90.180,90.180,4.990,4.556,4.556,14.405,14.405,112.422,1.25,35.00,33.0000,11.2422,50.590
1270,300.000,0.648,0.648,61.983,61.983,4.840,1.350,1.350,9.653,9.653,73.634,1.25,35.00,33.0000,7.3634,33.135
1271,200.000,0.128,0.128,42.194,42.194,4.740,0.400,0.400,6.459,6.459,49.181,1.25,35.00,33.0000,4.9181,22.131
1272,250.000,0.313,0.313,52.192,52.192,4.790,0.781,0.781,8.058,8.058,61.344,1.25,35.00,33.0000,6.1344,27.605
1273,350.000,1.200,1.200,71.575,71.575,4.890,2.144,2.144,11.242,11.242,86.161,1.25,35.00,33.0000,8.6161,38.772
1274,500.000,5.000,5.000,99.206,99.206,5.040,6.250,6.250,15.979,15.979,126.435,1.25,35.00,33.0000,12.6435,56.896
1275,450.000,3.281,3.281,90.180,90.180,4.990,4.556,4.556,14.405,14.405,112.422,1.25,35.00,33.0000,11.2422,50.590
1276,300.000,0.648,0.648,61.983,61.983,4.840,1.350,1.350,9.653,9.653,73.634,1.25,35.00,33.0000,7.3634,33.135
1277,200.000,0.128,0.128,42.194,42.194,4.740,0.400,0.400,6.459,6.459,49.181,1.25,35.00,33.0000,4.9181,22.131
1278,250.000,0.313,0.313,52.192,52.192,4.790,0.781,0.781,8.058,8.058,61.344,1.25,35.00,33.0000,6.1344,27.605
1279,350.000,1.200,1.200,71.575,71.575,4.890,2.144,2.144,11.242,11.242,86.161,1.25,35.00,33.0000,8.6161,38.772
1280,500.000,5.000,5.000,99.206,99.206,5.040,6.250,6.250,15.979,15.979,126.435,1.25,35.00,33.0000,12.6435,56.896
1281,450.000,3.281,3.281,90.180,90.180,4.990,4.556,4.556,14.405,14.405,112.422,1.25,35.00,33.0000,11.2422,50.590
1282,300.000,0.648,0.648,61.983,61.983,4.840,1.350,1.350,9.653,9.653,73.634,1.25,35.00,33.0000,7.3634,33.135
1283,200.000,0.128,0.128,42.194,42.194,4.740,0.400,0.400,6.459,6.459,49.181,1.25,35.00,33.0000,4.9181,22.131
1284,250.000,0.313,0.313,52.192,52.192,4.790,0.781,0.781,8.058,8.058,61.344,1.25,35.00,33.0000,6.1344,27.605
1285,350.000,1.200,1.200,71.575,71.575,4.890,2.144,2.144,11.242,11.242,86.161,1.25,35.00,33.0000,8.6161,38.772
1286,500.000,5.000,5.000,99.206,99.206,5.040,6.250,6.250,15.979,15.979,126.435,1.25,35.00,33.0000,12.6435,56.896
1287,450.000,3.281,3.281,90.180,90.180,4.990,4.556,4.556,14.405,14.405,112.422,1.25,35.00,33.0000,11.2422,50.590
1288,300.000,0.648,0.648,61.983,61.983,4.840,1.350,1.350,9.653,9.653,73.634,1.25,35.00,33.0000,7.3634,33.135
1289,200.000,0.128,0.128,42.194,42.194,4.740,0.400,0.400,6.459,6.459,49.181,1.25,35.00,33.0000,4.9181,22.131
1290,250.000,0.313,0.313,52.192,52.192,4.790,0.781,0.781,8.058,8.058,61.344,1.25,35.00,33.0000,6.1344,27.605
1291,350.000,1.200,1.200,71.575,71.575,4.890,2.144,2.144,11.242,11.242,86.161,1.25,35.00,33.0000,8.6161,38.772
1292,500.000,5.000,5.000,99.206,99.206,5.040,6.250,6.250,15.979,15.979,126.435,1.25,35.00,33.0000,12.6435,56.896
1293,450.000,3.281,3.281,90.180,90.180,4.990,4.556,4.556,14.405,14.405,112.422,1.25,35.00,33.0000,11.2422,50.590
1294,300.000,0.648,0.648,61.983,61.983,4.840,1.350,1.350,9.653,9.653,73.634,1.25,35.00,33.0000,7.3634,33.135
1295,200.000,0.128,0.128,42.194,42.194,4.740,0.400,0.400,6.459,6.459,49.181,1.25,35.00,33.0000,4.9181,22.131
1296,250.000,0.313,0.313,52.192,52.192,4.790,0.781,0.781,8.058,8.058,61.344,1.25,35.00,33.0000,6.1344,27.605
1297,350.000,1.200,1.200,71.575,71.575,4.890,2.144,2.144,11.242,11.242,86.161,1.25,35.00,33.0000,8.6161,38.772
1298,500.000,5.000,5.000,99.206,99.206,5.040,6.250,6.250,15.979,15.979,126.435,1.25,35.00,33.0000,12.6435,56.896
1299,450.000,3.281,3.281,90.180,90.180,4.990,4.556,4.556,14.405,14.405,112.422,1.25,35.00,33.0000,11.2422,50.590
1300,300.000,0.648,0.648,61.983,61.983,4.840,1.350,1.350,9.653,9.653,73.634,1.25,35.00,33.0000,7.3634,33.135
1301,200.000,0.128,0.128,42.194,42.194,4.740,0.400,0.400,6.459,6.459,49.181,1.25,35.00,33.0000,4.9181,22.131
1302,250.000,0.313,0.313,52.192,52.192,4.790,0.781,0.781,8.058,8.058,61.344,1.25,35.00,33.0000,6.1344,27.605
1303,350.000,1.200,1.200,71.575,71.575,4.890,2.144,2.144,11.242,11.242,86.161,1.25,35.00,33.0000,8.6161,38.772
1304,500.000,5.000,5.000,99.206,99.206,5.040,6.250,6.250,15.979,15.979,126.435,1.25,35.00,33.0000,12.6435,56.896
1305,450.000,3.281,3.281,90.180,90.180,4.990,4.556,4.556,14.405,14.405,112.422,1.25,35.00,33.0000,11.2422,50.590
1306,300.000,0.648,0.648,61.983,61.983,4.840,1.350,1.350,9.653,9.653,73.634,1.25,35.00,33.0000,7.3634,33.135
1307,200.000,0.128,0.128,42.194,42.194,4.740,0.400,0.400,6.459,6.459,49.181,1.25,35.00,33.0000,4.9181,22.131
1308,250.000,0.313,0.313,52.192,52.192,4.790,0.781,0.781,8.058,8.058,61.344,1.25,35.00,33.0000,6.1344,27.605
1309,350.000,1.200,1.200,71.575,71.575,4.890,2.144,2.144,11.242,11.242,86.161,1.25,35.00,33.0000,8.6161,38.772
1310,500.000,5.000,5.000,99.206,99.206,5.040,6.250,6.250,15.979,15.979,126.435,1.25,35.00,33.0000,12.6435,56.896
1311,450.000,3.281,3.281,90.180,90.180,4.990,4.556,4.556,14.405,14.405,112.422,1.25,35.00,33.0000,11.2422,50.590
1312,300.000,0.648,0.648,61.983,61.983,4.840,1.350,1.350,9.653,9.653,73.634,1.25,35.00,33.0000,7.3634,33.135
1313,200.000,0.128,0.128,42.194,42.194,4.740,0.400,0.400,6.459,6.459,49.181,1.25,35.00,33.0000,4.9181,22.131
1314,250.000,0.313,0.313,52.192,52.192,4.790,0.781,0.781,8.058,8.058,61.344,1.25,35.00,33.0000,6.1344,27.605
1315,350.000,1.200,1.200,71.575,71.575,4.890,2.144,2.144,11.242,11.242,86.161,1.25,35.00,33.0000,8.6161,38.772
1316,500.000,5.000,5.000,99.206,99.206,5.040,6.250,6.250,15.979,15.979,126.435,1.25,35.00,33.0000,12.6435,56.896
1317,450.000,3.281,3.281,90.180,90.180,4.990,4.556,4.556,14.405,14.405,112.422,1.25,35.00,33.0000,11.2422,50.590
1318,300.000,0.648,0.648,61.983,61.983,4.840,1.350,1.350,9.653,9.653,73.634,1.25,35.00,33.0000,7.3634,33.135
1319,200.000,0.128,0.128,42.194,42.194,4.740,0.400,0.400,6.459,6.459,49.181,1.25,35.00,33.0000,4.9181,22.131
1320,250.000,0.313,0.313,52.192,52.192,4.790,0.781,0.781,8.058,8.058,61.344,1.25,35.00,33.0000,6.1344,27.605
1321,350.000,1.200,1.200,71.575,71.575,4.890,2.144,2.144,11.242,11.242,86.161,1.25,35.00,33.0000,8.6161,38.772
1322,500.000,5.000,5.000,99.206,99.206,5.040,6.250,6.250,15.979,15.979,126.435,1.25,35.00,33.0000,12.6435,56.896
1323,450.000,3.281,3.281,90.180,90.180,4.990,4.556,4.556,14.405,14.405,112.422,1.25,35.00,33.0000,11.2422,50.590
1324,300.000,0.648,0.648,61.983,61.983,4.840,1.350,1.350,9.653,9.653,73.634,1.25,35.00,33.0000,7.3634,33.135
1325,200.000,0.128,0.128,42.194,42.194,4.740,0.400,0.400,6.459,6.459,49.181,1.25,35.00,33.0000,4.9181,22.131
1326,250.000,0.313,0.313,52.192,52.192,4.790,0.781,0.781,8.058,8.058,61.344,1.25,35.00,33.0000,6.1344,27.605
1327,350.000,1.200,1.200,71.575,71.575,4.890,2.144,2.144,11.242,11.242,86.161,1.25,35.00,33.0000,8.6161,38.772
1328,500.000,5.000,5.000,99.206,99.206,5.040,6.250,6.250,15.979,15.979,126.435,1.25,35.00,33.0000,12.6435,56.896
1329,450.000,3.281,3.281,90.180,90.180,4.990,4.556,4.556,14.405,14.405,112.422,1.25,35.00,33.0000,11.2422,50.590
1330,300.000,0.648,0.648,61.983,61.983,4.840,1.350,1.350,9.653,9.653,73.634,1.25,35.00,33.0000,7.3634,33.135
1331,200.000,0.128,0.128,42.194,42.194,4.740,0.400,0.400,6.459,6.459,49.181,1.25,35.00,33.0000,4.9181,22.131
1332,250.000,0.313,0.313,52.192,52.192,4.790,0.781,0.781,8.058,8.058,61.344,1.25,35.00,33.0000,6.1344,27.605
1333,350.000,1.200,1.200,71.575,71.575,4.890,2.144,2.144,11.242,11.242,86.161,1.25,35.00,33.0000,8.6161,38.772
1334,500.000,5.000,5.000,99.206,99.206,5.040,6.250,6.250,15.979,15.979,126.435,1.25,35.00,33.0000,12.6435,56.896
1335,450.000,3.281,3.281,90.180,90.180,4.990,4.556,4.556,14.405,14.405,112.422,1.25,35.00,33.0000,11.2422,50.590
1336,300.000,0.648,0.648,61.983,61.983,4.840,1.350,1.350,9.653,9.653,73.634,1.25,35.00,33.0000,7.3634,33.135
1337,200.000,0.128,0.128,42.194,42.194,4.740,0.400,0.400,6.459,6.459,49.181,1.25,35.00,33.0000,4.9181,22.131
1338,250.000,0.313,0.313,52.192,52.192,4.790,0.781,0.781,8.058,8.058,61.344,1.25,35.00,33.0000,6.1344,27.605
1339,350.000,1.200,1.200,71.575,71.575,4.890,2.144,2.144,11.242,11.242,86.161,1.25,35.00,33.0000,8.6161,38.772
1340,500.000,5.000,5.000,99.206,99.206,5.040,6.250,6.250,15.979,15.979,126.435,1.25,35.00,33.0000,12.6435,56.896
1341,450.000,3.281,3.281,90.180,90.180,4.990,4.556,4.556,14.405,14.405,112.422,1.25,35.00,33.0000,11.2422,50.590
1342,300.000,0.648,0.648,61.983,61.983,4.840,1.350,1.350,9.653,9.653,73.634,1.25,35.00,33.0000,7.3634,33.135
1343,200.000,0.128,0.128,42.194,42.194,4.740,0.400,0.400,6.459,6.459,49.181,1.25,35.00,33.0000,4.9181,22.131
1344,250.000,0.313,0.313,52.192,52.192,4.790,0.781,0.781,8.058,8.058,61.344,1.25,35.00,33.0000,6.1344,27.605
1345,350.000,1.200,1.200,71.575,71.575,4.890,2.144,2.144,11.242,11.242,86.161,1.25,35.00,33.0000,8.6161,38.772
1346,500.000,5.000,5.000,99.206,99.206,5.040,6.250,6.250,15.979,15.979,126.435,1.25,35.00,33.0000,12.6435,56.896
1347,450.000,3.281,3.281,90.180,90.180,4.990,4.556,4.556,14.405,14.405,112.422,1.25,35.00,33.0000,11.2422,50.590
1348,300.000,0.648,0.648,61.983,61.983,4.840,1.350,1.350,9.653,9.653,73.634,1.25,35.00,33.0000,7.3634,33.135
1349,200.000,0.128,0.128,42.194,42.194,4.740,0.400,0.400,6.459,6.459,49.181,1.25,35.00,33.0000,4.9181,22.131
1350,250.000,0.313,0.313,52.192,52.192,4.790,0.781,0.781,8.058,8.058,61.344,1.25,35.00,33.0000,6.1344,27.605
1351,350.000,1.200,1.200,71.575,71.575,4.890,2.144,2.144,11.242,11.242,86.161,1.25,35.00,33.0000,8.6161,38.772
1352,500.000,5.000,5.000,99.206,99.206,5.040,6.250,6.250,15.979,15.979,126.435,1.25,35.00,33.0000,12.6435,56.896
1353,450.000,3.281,3.281,90.180,90.180,4.990,4.556,4.556,14.405,14.405,112.422,1.25,35.00,33.0000,11.2422,50.590
1354,300.000,0.648,0.648,61.983,61.983,4.840,1.350,1.350,9.653,9.653,73.634,1.25,35.00,33.0000,7.3634,33.135
1355,200.000,0.128,0.128,42.194,42.194,4.740,0.400,0.400,6.459,6.459,49.181,1.25,35.00,33.0000,4.9181,22.131
1356,250.000,0.313,0.313,52.192,52.192,4.790,0.781,0.781,8.058,8.058,61.344,1.25,35.00,33.0000,6.1344,27.605
1357,350.000,1.200,1.200,71.575,71.575,4.890,2.144,2.144,11.242,11.242,86.161,1.25,35.00,33.0000,8.6161,38.772
1358,500.000,5.000,5.000,99.206,99.206,5.040,6.250,6.250,15.979,15.979,126.435,1.25,35.00,33.0000,12.6435,56.896
1359,450.000,3.281,3.281,90.180,90.180,4.990,4.556,4.556,14.405,14.405,112.422,1.25,35.00,33.0000,11.2422,50.590
1360,300.000,0.648,0.648,61.983,61.983,4.840,1.350,1.350,9.653,9.653,73.634,1.25,35.00,33.0000,7.3634,33.135
1361,200.000,0.128,0.128,42.194,42.194,4.740,0.400,0.400,6.459,6.459,49.181,1.25,35.00,33.0000,4.9181,22.131
1362,250.000,0.313,0.313,52.192,52.192,4.790,0.781,0.781,8.058,8.058,61.344,1.25,35.00,33.0000,6.1344,27.605
1363,350.000,1.200,1.200,71.575,71.575,4.890,2.144,2.144,11.242,11.242,86.161,1.25,35.00,33.0000,8.6161,38.772
1364,500.000,5.000,5.000,99.206,99.206,5.040,6.250,6.250,15.979,15.979,126.435,1.25,35.00,33.0000,12.6435,56.896
1365,450.000,3.281,3.281,90.180,90.180,4.990,4.556,4.556,14.405,14.405,112.422,1.25,35.00,33.0000,11.2422,50.590
1366,300.000,0.648,0.648,61.983,61.983,4.840,1.350,1.350,9.653,9.653,73.634,1.25,35.00,33.0000,7.3634,33.135
1367,200.000,0.128,0.128,42.194,42.194,4.740,0.400,0.400,6.459,6.459,49.181,1.25,35.00,33.0000,4.9181,22.131
1368,250.000,0.313,0.313,52.192,52.192,4.790,0.781,0.781,8.058,8.058,61.344,1.25,35.00,33.0000,6.1344,27.605
1369,350.000,1.200,1.200,71.575,71.575,4.890,2.144,2.144,11.242,11.242,86.161,1.25,35.00,33.0000,8.6161,38.772
1370,500.000,5.000,5.000,99.206,99.206,5.040,6.250,6.250,15.979,15.979,126.435,1.25,35.00,33.0000,12.6435,56.896
1371,450.000,3.281,3.281,90.180,90.180,4.990,4.556,4.556,14.405,14.405,112.422,1.25,35.00,33.0000,11.2422,50.590
1372,300.000,0.648,0.648,61.983,61.983,4.840,1.350,1.350,9.653,9.653,73.634,1.25,35.00,33.0000,7.3634,33.135
1373,200.000,0.128,0.128,42.194,42.194,4.740,0.400,0.400,6.459,6.459,49.181,1.25,35.00,33.0000,4.9181,22.131
1374,250.000,0.313,0.313,52.192,52.192,4.790,0.781,0.781,8.058,8.058,61.344,1.25,35.00,33.0000,6.1344,27.605
1375,350.000,1.200,1.200,71.575,71.575,4.890,2.144,2.144,11.242,11.242,86.161,1.25,35.00,33.0000,8.6161,38.772
1376,500.000,5.000,5.000,99.206,99.206,5.040,6.250,6.250,15.979,15.979,126.435,1.25,35.00,33.0000,12.6435,56.896
1377,450.000,3.281,3.281,90.180,90.180,4.990,4.556,4.556,14.405,14.405,112.422,1.25,35.00,33.0000,11.2422,50.590
1378,300.000,0.648,0.648,61.983,61.983,4.840,1.350,1.350,9.653,9.653,73.634,1.25,35.00,33.0000,7.3634,33.135
1379,200.000,0.128,0.128,42.194,42.194,4.740,0.400,0.400,6.459,6.459,49.181,1.25,35.00,33.0000,4.9181,22.131
1380,250.000,0.313,0.313,52.192,52.192,4.790,0.781,0.781,8.058,8.058,61.344,1.25,35.00,33.0000,6.1344,27.605
1381,350.000,1.200,1.200,71.575,71.575,4.890,2.144,2.144,11.242,11.242,86.161,1.25,35.00,33.0000,8.6161,38.772
1382,500.000,5.000,5.000,99.206,99.206,5.040,6.250,6.250,15.979,15.979,126.435,1.25,35.00,33.0000,12.6435,56.896
1383,450.000,3.281,3.281,90.180,90.180,4.990,4.556,4.556,14.405,14.405,112.422,1.25,35.00,33.0000,11.2422,50.590
1384,300.000,0.648,0.648,61.983,61.983,4.840,1.350,1.350,9.653,9.653,73.634,1.25,35.00,33.0000,7.3634,33.135
1385,200.000,0.128,0.128,42.194,42.194,4.740,0.400,0.400,6.459,6.459,49.181,1.25,35.00,33.0000,4.9181,22.131
1386,250.000,0.313,0.313,52.192,52.192,4.790,0.781,0.781,8.058,8.058,61.344,1.25,35.00,33.0000,6.1344,27.605
1387,350.000,1.200,1.200,71.575,71.575,4.890,2.144,2.144,11.242,11.242,86.161,1.25,35.00,33.0000,8.6161,38.772
1388,500.000,5.000,5.000,99.206,99.206,5.040,6.250,6.250,15.979,15.979,126.435,1.25,35.00,33.0000,12.6435,56.896
1389,450.000,3.281,3.281,90.180,90.180,4.990,4.556,4.556,14.405,14.405,112.422,1.25,35.00,33.0000,11.2422,50.590
1390,300.000,0.648,0.648,61.983,61.983,4.840,1.350,1.350,9.653,9.653,73.634,1.25,35.00,33.0000,7.3634,33.135
1391,200.000,0.128,0.128,42.194,42.194,4.740,0.400,0.400,6.459,6.459,49.181,1.25,35.00,33.0000,4.9181,22.131
1392,250.000,0.313,0.313,52.192,52.192,4.790,0.781,0.781,8.058,8.058,61.344,1.25,35.00,33.0000,6.1344,27.605
1393,350.000,1.200,1.200,71.575,71.575,4.890,2.144,2.144,11.242,11.242,86.161,1.25,35.00,33.0000,8.6161,38.772
1394,500.000,5.000,5.000,99.206,99.206,5.040,6.250,6.250,15.979,15.979,126.435,1.25,35.00,33.0000,12.6435,56.896
1395,450.000,3.281,3.281,90.180,90.180,4.990,4.556,4.556,14.405,14.405,112.422,1.25,35.00,33.0000,11.2422,50.590
1396,300.000,0.648,0.648,61.983,61.983,4.840,1.350,1.350,9.653,9.653,73.634,1.25,35.00,33.0000,7.3634,33.135
1397,200.000,0.128,0.128,42.194,42.194,4.740,0.400,0.400,6.459,6.459,49.181,1.25,35.00,33.0000,4.9181,22.131
1398,250.000,0.313,0.313,52.192,52.192,4.790,0.781,0.781,8.058,8.058,61.344,1.25,35.00,33.0000,6.1344,27.605
1399,350.000,1.200,1.200,71.575,71.575,4.890,2.144,2.144,11.242,11.242,86.161,1.25,35.00,33.0000,8.6161,38.772
1400,500.000,5.000,5.000,99.206,99.206,5.040,6.250,6.250,15.979,15.979,126.435,1.25,35.00,33.0000,12.6435,56.896
1401,450.000,3.281,3.281,90.180,90.180,4.990,4.556,4.556,14.405,14.405,112.422,1.25,35.00,33.0000,11.2422,50.590
1402,300.000,0.648,0.648,61.983,61.983,4.840,1.350,1.350,9.653,9.653,73.634,1.25,35.00,33.0000,7.3634,33.135
1403,200.000,0.128,0.128,42.194,42.194,4.740,0.400,0.400,6.459,6.459,49.181,1.25,35.00,33.0000,4.9181,22.131
1404,250.000,0.313,0.313,52.192,52.192,4.790,0.781,0.781,8.058,8.058,61.344,1.25,35.00,33.0000,6.1344,27.605
1405,350.000,1.200,1.200,71.575,71.575,4.890,2.144,2.144,11.242,11.242,86.161,1.25,35.00,33.0000,8.6161,38.772
1406,500.000,5.000,5.000,99.206,99.206,5.040,6.250,6.250,15.979,15.979,126.435,1.25,35.00,33.0000,12.6435,56.896
1407,450.000,3.281,3.281,90.180,90.180,4.990,4.556,4.556,14.405,14.405,112.422,1.25,35.00,33.0000,11.2422,50.590
1408,300.000,0.648,0.648,61.983,61.983,4.840,1.350,1.350,9.653,9.653,73.634,1.25,35.00,33.0000,7.3634,33.135
1409,200.000,0.128,0.128,42.194,42.194,4.740,0.400,0.400,6.459,6.459,49.181,1.25,35.00,33.0000,4.9181,22.131
1410,250.000,0.313,0.313,52.192,52.192,4.790,0.781,0.781,8.058,8.058,61.344,1.25,35.00,33.0000,6.1344,27.605
1411,350.000,1.200,1.200,71.575,71.575,4.890,2.144,2.144,11.242,11.242,86.161,1.25,35.00,33.0000,8.6161,38.772
1412,500.000,5.000,5.000,99.206,99.206,5.040,6.250,6.250,15.979,15.979,126.435,1.25,35.00,33.0000,12.6435,56.896
1413,450.000,3.281,3.281,90.180,90.180,4.990,4.556,4.556,14.405,14.405,112.422,1.25,35.00,33.0000,11.2422,50.590
1414,300.000,0.648,0.648,61.983,61.983,4.840,1.350,1.350,9.653,9.653,73.634,1.25,35.00,33.0000,7.3634,33.135
1415,200.000,0.128,0.128,42.194,42.194,4.740,0.400,0.400,6.459,6.459,49.181,1.25,35.00,33.0000,4.9181,22.131
1416,250.000,0.313,0.313,52.192,52.192,4.790,0.781,0.781,8.058,8.058,61.344,1.25,35.00,33.0000,6.1344,27.605
1417,350.000,1.200,1.200,71.575,71.575,4.890,2.144,2.144,11.242,11.242,86.161,1.25,35.00,33.0000,8.6161,38.772
1418,500.000,5.000,5.000,99.206,99.206,5.040,6.250,6.250,15.979,15.979,126.435,1.25,35.00,33.0000,12.6435,56.896
1419,450.000,3.281,3.281,90.180,90.180,4.990,4.556,4.556,14.405,14.405,112.422,1.25,35.00,33.0000,11.2422,50.590
1420,300.000,0.648,0.648,61.983,61.983,4.840,1.350,1.350,9.653,9.653,73.634,1.25,35.00,33.0000,7.3634,33.135
1421,200.000,0.128,0.128,42.194,42.194,4.740,0.400,0.400,6.459,6.459,49.181,1.25,35.00,33.0000,4.9181,22.131
1422,250.000,0.313,0.313,52.192,52.192,4.790,0.781,0.781,8.058,8.058,61.344,1.25,35.00,33.0000,6.1344,27.605
1423,350.000,1.200,1.200,71.575,71.575,4.890,2.144,2.144,11.242,11.242,86.161,1.25,35.00,33.0000,8.6161,38.772
1424,500.000,5.000,5.000,99.206,99.206,5.040,6.250,6.250,15.979,15.979,126.435,1.25,35.00,33.0000,12.6435,56.896
1425,450.000,3.281,3.281,90.180,90.180,4.990,4.556,4.556,14.405,14.405,112.422,1.25,35.00,33.0000,11.2422,50.590
1426,300.000,0.648,0.648,61.983,61.983,4.840,1.350,1.350,9.653,9.653,73.634,1.25,35.00,33.0000,7.3634,33.135
1427,200.000,0.128,0.128,42.194,42.194,4.740,0.400,0.400,6.459,6.459,49.181,1.25,35.00,33.0000,4.9181,22.131
1428,250.000,0.313,0.313,52.192,52.192,4.790,0.781,0.781,8.058,8.058,61.344,1.25,35.00,33.0000,6.1344,27.605
1429,350.000,1.200,1.200,71.575,71.575,4.890,2.144,2.144,11.242,11.242,86.161,1.25,35.00,33.0000,8.6161,38.772
1430,500.000,5.000,5.000,99.206,99.206,5.040,6.250,6.250,15.979,15.979,126.435,1.25,35.00,33.0000,12.6435,56.896
1431,450.000,3.281,3.281,90.180,90.180,4.990,4.556,4.556,14.405,14.405,112.422,1.25,35.00,33.0000,11.2422,50.590
1432,300.000,0.648,0.648,61.983,61.983,4.840,1.350,1.350,9.653,9.653,73.634,1.25,35.00,33.0000,7.3634,33.135
1433,200.000,0.128,0.128,42.194,42.194,4.740,0.400,0.400,6.459,6.459,49.181,1.25,35.00,33.0000,4.9181,22.131
1434,250.000,0.313,0.313,52.192,52.192,4.790,0.781,0.781,8.058,8.058,61.344,1.25,35.00,33.0000,6.1344,27.605
1435,350.000,1.200,1.200,71.575,71.575,4.890,2.144,2.144,11.242,11.242,86.161,1.25,35.00,33.0000,8.6161,38.772
1436,500.000,5.000,5.000,99.206,99.206,5.040,6.250,6.250,15.979,15.979,126.435,1.25,35.00,33.0000,12.6435,56.896
1437,450.000,3.281,3.281,90.180,90.180,4.990,4.556,4.556,14.405,14.405,112.422,1.25,35.00,33.0000,11.2422,50.590
1438,300.000,0.648,0.648,61.983,61.983,4.840,1.350,1.350,9.653,9.653,73.634,1.25,35.00,33.0000,7.3634,33.135
1439,200.000,0.128,0.128,42.194,42.194,4.740,0.400,0.400,6.459,6.459,49.181,1.25,35.00,33.0000,4.9181,22.131
1440,250.000,0.313,0.313,52.192,52.192,4.790,0.781,0.781,8.058,8.058,61.344,1.25,35.00,33.0000,6.1344,27.605
1441,350.000,1.200,1.200,71.575,71.575,4.890,2.144,2.144,11.242,11.242,86.161,1.25,35.00,33.0000,8.6161,38.772
1442,500.000,5.000,5.000,99.206,99.206,5.040,6.250,6.250,15.979,15.979,126.435,1.25,35.00,33.0000,12.6435,56.896
1443,450.000,3.281,3.281,90.180,90.180,4.990,4.556,4.556,14.405,14.405,112.422,1.25,35.00,33.0000,11.2422,50.590
1444,300.000,0.648,0.648,61.983,61.983,4.840,1.350,1.350,9.653,9.653,73.634,1.25,35.00,33.0000,7.3634,33.135
1445,200.000,0.128,0.128,42.194,42.194,4.740,0.400,0.400,6.459,6.459,49.181,1.25,35.00,33.0000,4.9181,22.131
1446,250.000,0.313,0.313,52.192,52.192,4.790,0.781,0.781,8.058,8.058,61.344,1.25,35.00,33.0000,6.1344,27.605
1447,350.000,1.200,1.200,71.575,71.575,4.890,2.144,2.144,11.242,11.242,86.161,1.25,35.00,33.0000,8.6161,38.772
1448,500.000,5.000,5.000,99.206,99.206,5.040,6.250,6.250,15.979,15.979,126.435,1.25,35.00,33.0000,12.6435,56.896
1449,450.000,3.281,3.281,90.180,90.180,4.990,4.556,4.556,14.405,14.405,112.422,1.25,35.00,33.0000,11.2422,50.590
1450,300.000,0.648,0.648,61.983,61.983,4.840,1.350,1.350,9.653,9.653,73.634,1.25,35.00,33.0000,7.3634,33.135
1451,200.000,0.128,0.128,42.194,42.194,4.740,0.400,0.400,6.459,6.459,49.181,1.25,35.00,33.0000,4.9181,22.131
1452,250.000,0.313,0.313,52.192,52.192,4.790,0.781,0.781,8.058,8.058,61.344,1.25,35.00,33.0000,6.1344,27.605
1453,350.000,1.200,1.200,71.575,71.575,4.890,2.144,2.144,11.242,11.242,86.161,1.25,35.00,33.0000,8.6161,38.772
1454,500.000,5.000,5.000,99.206,99.206,5.040,6.250,6.250,15.979,15.979,126.435,1.25,35.00,33.0000,12.6435,56.896
1455,450.000,3.281,3.281,90.180,90.180,4.990,4.556,4.556,14.405,14.405,112.422,1.25,35.00,33.0000,11.2422,50.590
1456,300.000,0.648,0.648,61.983,61.983,4.840,1.350,1.350,9.653,9.653,73.634,1.25,35.00,33.0000,7.3634,33.135
1457,200.000,0.128,0.128,42.194,42.194,4.740,0.400,0.400,6.459,6.459,49.181,1.25,35.00,33.0000,4.9181,22.131
1458,250.000,0.313,0.313,52.192,52.192,4.790,0.781,0.781,8.058,8.058,61.344,1.25,35.00,33.0000,6.1344,27.605
1459,350.000,1.200,1.200,71.575,71.575,4.890,2.144,2.144,11.242,11.242,86.161,1.25,35.00,33.0000,8.6161,38.772
1460,500.000,5.000,5.000,99.206,99.206,5.040,6.250,6.250,15.979,15.979,126.435,1.25,35.00,33.0000,12.6435,56.896
1461,450.000,3.281,3.281,90.180,90.180,4.990,4.556,4.556,14.405,14.405,112.422,1.25,35.00,33.0000,11.2422,50.590
1462,300.000,0.648,0.648,61.983,61.983,4.840,1.350,1.350,9.653,9.653,73.634,1.25,35.00,33.0000,7.3634,33.135
1463,200.000,0.128,0.128,42.194,42.194,4.740,0.400,0.400,6.459,6.459,49.181,1.25,35.00,33.0000,4.9181,22.131
1464,250.000,0.313,0.313,52.192,52.192,4.790,0.781,0.781,8.058,8.058,61.344,1.25,35.00,33.0000,6.1344,27.605
1465,350.000,1.200,1.200,71.575,71.575,4.890,2.144,2.144,11.242,11.242,86.161,1.25,35.00,33.0000,8.6161,38.772
1466,500.000,5.000,5.000,99.206,99.206,5.040,6.250,6.250,15.979,15.979,126.435,1.25,35.00,33.0000,12.6435,56.896
1467,450.000,3.281,3.281,90.180,90.180,4.990,4.556,4.556,14.405,14.405,112.422,1.25,35.00,33.0000,11.2422,50.590
1468,300.000,0.648,0.648,61.983,61.983,4.840,1.350,1.350,9.653,9.653,73.634,1.25,35.00,33.0000,7.3634,33.135
1469,200.000,0.128,0.128,42.194,42.194,4.740,0.400,0.400,6.459,6.459,49.181,1.25,35.00,33.0000,4.9181,22.131
1470,250.000,0.313,0.313,52.192,52.192,4.790,0.781,0.781,8.058,8.058,61.344,1.25,35.00,33.0000,6.1344,27.605
1471,350.000,1.200,1.200,71.575,71.575,4.890,2.144,2.144,11.242,11.242,86.161,1.25,35.00,33.0000,8.6161,38.772
1472,500.000,5.000,5.000,99.206,99.206,5.040,6.250,6.250,15.979,15.979,126.435,1.25,35.00,33.0000,12.6435,56.896
1473,450.000,3.281,3.281,90.180,90.180,4.990,4.556,4.556,14.405,14.405,112.422,1.25,35.00,33.0000,11.2422,50.590
1474,300.000,0.648,0.648,61.983,61.983,4.840,1.350,1.350,9.653,9.653,73.634,1.25,35.00,33.0000,7.3634,33.135
1475,200.000,0.128,0.128,42.194,42.194,4.740,0.400,0.400,6.459,6.459,49.181,1.25,35.00,33.0000,4.9181,22.131
1476,250.000,0.313,0.313,52.192,52.192,4.790,0.781,0.781,8.058,8.058,61.344,1.25,35.00,33.0000,6.1344,27.605
1477,350.000,1.200,1.200,71.575,71.575,4.890,2.144,2.144,11.242,11.242,86.161,1.25,35.00,33.0000,8.6161,38.772
1478,500.000,5.000,5.000,99.206,99.206,5.040,6.250,6.250,15.979,15.979,126.435,1.25,35.00,33.0000,12.6435,56.896
1479,450.000,3.281,3.281,90.180,90.180,4.990,4.556,4.556,14.405,14.405,112.422,1.25,35.00,33.0000,11.2422,50.590
1480,300.000,0.648,0.648,61.983,61.983,4.840,1.350,1.350,9.653,9.653,73.634,1.25,35.00,33.0000,7.3634,33.135
1481,200.000,0.128,0.128,42.194,42.194,4.740,0.400,0.400,6.459,6.459,49.181,1.25,35.00,33.0000,4.9181,22.131
1482,250.000,0.313,0.313,52.192,52.192,4.790,0.781,0.781,8.058,8.058,61.344,1.25,35.00,33.0000,6.1344,27.605
1483,350.000,1.200,1.200,71.575,71.575,4.890,2.144,2.144,11.242,11.242,86.161,1.25,35.00,33.0000,8.6161,38.772
1484,500.000,5.000,5.000,99.206,99.206,5.040,6.250,6.250,15.979,15.979,126.435,1.25,35.00,33.0000,12.6435,56.896
1485,450.000,3.281,3.281,90.180,90.180,4.990,4.556,4.556,14.405,14.405,112.422,1.25,35.00,33.0000,11.2422,50.590
1486,300.000,0.648,0.648,61.983,61.983,4.840,1.350,1.350,9.653,9.653,73.634,1.25,35.00,33.0000,7.3634,33.135
1487,200.000,0.128,0.128,42.194,42.194,4.740,0.400,0.400,6.459,6.459,49.181,1.25,35.00,33.0000,4.9181,22.131
1488,250.000,0.313,0.313,52.192,52.192,4.790,0.781,0.781,8.058,8.058,61.344,1.25,35.00,33.0000,6.1344,27.605
1489,350.000,1.200,1.200,71.575,71.575,4.890,2.144,2.144,11.242,11.242,86.161,1.25,35.00,33.0000,8.6161,38.772
1490,500.000,5.000,5.000,99.206,99.206,5.040,6.250,6.250,15.979,15.979,126.435,1.25,35.00,33.0000,12.6435,56.896
1491,450.000,3.281,3.281,90.180,90.180,4.990,4.556,4.556,14.405,14.405,112.422,1.25,35.00,33.0000,11.2422,50.590
1492,300.000,0.648,0.648,61.983,61.983,4.840,1.350,1.350,9.653,9.653,73.634,1.25,35.00,33.0000,7.3634,33.135
1493,200.000,0.128,0.128,42.194,42.194,4.740,0.400,0.400,6.459,6.459,49.181,1.25,35.00,33.0000,4.9181,22.131
1494,250.000,0.313,0.313,52.192,52.192,4.790,0.781,0.781,8.058,8.058,61.344,1.25,35.00,33.0000,6.1344,27.605
1495,350.000,1.200,1.200,71.575,71.575,4.890,2.144,2.144,11.242,11.242,86.161,1.25,35.00,33.0000,8.6161,38.772
1496,500.000,5.000,5.000,99.206,99.206,5.040,6.250,6.250,15.979,15.979,126.435,1.25,35.00,33.0000,12.6435,56.896
1497,450.000,3.281,3.281,90.180,90.180,4.990,4.556,4.556,14.405,14.405,112.422,1.25,35.00,33.0000,11.2422,50.590
1498,300.000,0.648,0.648,61.983,61.983,4.840,1.350,1.350,9.653,9.653,73.634,1.25,35.00,33.0000,7.3634,33.135
1499,200.000,0.128,0.128,42.194,42.194,4.740,0.400,0.400,6.459,6.459,49.181,1.25,35.00,33.0000,4.9181,22.131
1500,250.000,0.313,0.313,52.192,52.192,4.790,0.781,0.781,8.058,8.058,61.344,1.25,35.00,33.0000,6.1344,27.605
1501,350.000,1.200,1.200,71.575,71.575,4.890,2.144,2.144,11.242,11.242,86.161,1.25,35.00,33.0000,8.6161,38.772
1502,500.000,5.000,5.000,99.206,99.206,5.040,6.250,6.250,15.979,15.979,126.435,1.25,35.00,33.0000,12.6435,56.896
1503,450.000,3.281,3.281,90.180,90.180,4.990,4.556,4.556,14.405,14.405,112.422,1.25,35.00,33.0000,11.2422,50.590
1504,300.000,0.648,0.648,61.983,61.983,4.840,1.350,1.350,9.653,9.653,73.634,1.25,35.00,33.0000,7.3634,33.135
1505,200.000,0.128,0.128,42.194,42.194,4.740,0.400,0.400,6.459,6.459,49.181,1.25,35.00,33.0000,4.9181,22.131
1506,250.000,0.313,0.313,52.192,52.192,4.790,0.781,0.781,8.058,8.058,61.344,1.25,35.00,33.0000,6.1344,27.605
1507,350.000,1.200,1.200,71.575,71.575,4.890,2.144,2.144,11.242,11.242,86.161,1.25,35.00,33.0000,8.6161,38.772
1508,500.000,5.000,5.000,99.206,99.206,5.040,6.250,6.250,15.979,15.979,126.435,1.25,35.00,33.0000,12.6435,56.896
1509,450.000,3.281,3.281,90.180,90.180,4.990,4.556,4.556,14.405,14.405,112.422,1.25,35.00,33.0000,11.2422,50.590
1510,300.000,0.648,0.648,61.983,61.983,4.840,1.350,1.350,9.653,9.653,73.634,1.25,35.00,33.0000,7.3634,33.135
1511,200.000,0.128,0.128,42.194,42.194,4.740,0.400,0.400,6.459,6.459,49.181,1.25,35.00,33.0000,4.9181,22.131
1512,250.000,0.313,0.313,52.192,52.192,4.790,0.781,0.781,8.058,8.058,61.344,1.25,35.00,33.0000,6.1344,27.605
1513,350.000,1.200,1.200,71.575,71.575,4.890,2.144,2.144,11.242,11.242,86.161,1.25,35.00,33.0000,8.6161,38.772
1514,500.000,5.000,5.000,99.206,99.206,5.040,6.250,6.250,15.979,15.979,126.435,1.25,35.00,33.0000,12.6435,56.896
1515,450.000,3.281,3.281,90.180,90.180,4.990,4.556,4.556,14.405,14.405,112.422,1.25,35.00,33.0000,11.2422,50.590
1516,300.000,0.648,0.648,61.983,61.983,4.840,1.350,1.350,9.653,9.653,73.634,1.25,35.00,33.0000,7.3634,33.135
1517,200.000,0.128,0.128,42.194,42.194,4.740,0.400,0.400,6.459,6.459,49.181,1.25,35.00,33.0000,4.9181,22.131
1518,250.000,0.313,0.313,52.192,52.192,4.790,0.781,0.781,8.058,8.058,61.344,1.25,35.00,33.0000,6.1344,27.605
1519,350.000,1.200,1.200,71.575,71.575,4.890,2.144,2.144,11.242,11.242,86.161,1.25,35.00,33.0000,8.6161,38.772
1520,500.000,5.000,5.000,99.206,99.206,5.040,6.250,6.250,15.979,15.979,126.435,1.25,35.00,33.0000,12.6435,56.896
1521,450.000,3.281,3.281,90.180,90.180,4.990,4.556,4.556,14.405,14.405,112.422,1.25,35.00,33.0000,11.2422,50.590
1522,300.000,0.648,0.648,61.983,61.983,4.840,1.350,1.350,9.653,9.653,73.634,1.25,35.00,33.0000,7.3634,33.135
1523,200.000,0.128,0.128,42.194,42.194,4.740,0.400,0.400,6.459,6.459,49.181,1.25,35.00,33.0000,4.9181,22.131
1524,250.000,0.313,0.313,52.192,52.192,4.790,0.781,0.781,8.058,8.058,61.344,1.25,35.00,33.0000,6.1344,27.605
1525,350.000,1.200,1.200,71.575,71.575,4.890,2.144,2.144,11.242,11.242,86.161,1.25,35.00,33.0000,8.6161,38.772
1526,500.000,5.000,5.000,99.206,99.206,5.040,6.250,6.250,15.979,15.979,126.435,1.25,35.00,33.0000,12.6435,56.896
1527,450.000,3.281,3.281,90.180,90.180,4.990,4.556,4.556,14.405,14.405,112.422,1.25,35.00,33.0000,11.2422,50.590
1528,300.000,0.648,0.648,61.983,61.983,4.840,1.350,1.350,9.653,9.653,73.634,1.25,35.00,33.0000,7.3634,33.135
1529,200.000,0.128,0.128,42.194,42.194,4.740,0.400,0.400,6.459,6.459,49.181,1.25,35.00,33.0000,4.9181,22.131
1530,250.000,0.313,0.313,52.192,52.192,4.790,0.781,0.781,8.058,8.058,61.344,1.25,35.00,33.0000,6.1344,27.605
1531,350.000,1.200,1.200,71.575,71.575,4.890,2.144,2.144,11.242,11.242,86.161,1.25,35.00,33.0000,8.6161,38.772
1532,500.000,5.000,5.000,99.206,99.206,5.040,6.250,6.250,15.979,15.979,126.435,1.25,35.00,33.0000,12.6435,56.896
1533,450.000,3.281,3.281,90.180,90.180,4.990,4.556,4.556,14.405,14.405,112.422,1.25,35.00,33.0000,11.2422,50.590
1534,300.000,0.648,0.648,61.983,61.983,4.840,1.350,1.350,9.653,9.653,73.634,1.25,35.00,33.0000,7.3634,33.135
1535,200.000,0.128,0.128,42.194,42.194,4.740,0.400,0.400,6.459,6.459,49.181,1.25,35.00,33.0000,4.9181,22.131
1536,250.000,0.313,0.313,52.192,52.192,4.790,0.781,0.781,8.058,8.058,61.344,1.25,35.00,33.0000,6.1344,27.605
1537,350.000,1.200,1.200,71.575,71.575,4.890,2.144,2.144,11.242,11.242,86.161,1.25,35.00,33.0000,8.6161,38.772
1538,500.000,5.000,5.000,99.206,99.206,5.040,6.250,6.250,15.979,15.979,126.435,1.25,35.00,33.0000,12.6435,56.896
1539,450.000,3.281,3.281,90.180,90.180,4.990,4.556,4.556,14.405,14.405,112.422,1.25,35.00,33.0000,11.2422,50.590
1540,300.000,0.648,0.648,61.983,61.983,4.840,1.350,1.350,9.653,9.653,73.634,1.25,35.00,33.0000,7.3634,33.135
1541,200.000,0.128,0.128,42.194,42.194,4.740,0.400,0.400,6.459,6.459,49.181,1.25,35.00,33.0000,4.9181,22.131
1542,250.000,0.313,0.313,52.192,52.192,4.790,0.781,0.781,8.058,8.058,61.344,1.25,35.00,33.0000,6.1344,27.605
1543,350.000,1.200,1.200,71.575,71.575,4.890,2.144,2.144,11.242,11.242,86.161,1.25,35.00,33.0000,8.6161,38.772
1544,500.000,5.000,5.000,99.206,99.206,5.040,6.250,6.250,15.979,15.979,126.435,1.25,35.00,33.0000,12.6435,56.896
1545,450.000,3.281,3.281,90.180,90.180,4.990,4.556,4.556,14.405,14.405,112.422,1.25,35.00,33.0000,11.2422,50.590
1546,300.000,0.648,0.648,61.983,61.983,4.840,1.350,1.350,9.653,9.653,73.634,1.25,35.00,33.0000,7.3634,33.135
1547,200.000,0.128,0.128,42.194,42.194,4.740,0.400,0.400,6.459,6.459,49.181,1.25,35.00,33.0000,4.9181,22.131
1548,250.000,0.313,0.313,52.192,52.192,4.790,0.781,0.781,8.058,8.058,61.344,1.25,35.00,33.0000,6.1344,27.605
1549,350.000,1.200,1.200,71.575,71.575,4.890,2.144,2.144,11.242,11.242,86.161,1.25,35.00,33.0000,8.6161,38.772
1550,500.000,5.000,5.000,99.206,99.206,5.040,6.250,6.250,15.979,15.979,126.435,1.25,35.00,33.0000,12.6435,56.896
1551,450.000,3.281,3.281,90.180,90.180,4.990,4.556,4.556,14.405,14.405,112.422,1.25,35.00,33.0000,11.2422,50.590
1552,300.000,0.648,0.648,61.983,61.983,4.840,1.350,1.350,9.653,9.653,73.634,1.25,35.00,33.0000,7.3634,33.135
1553,200.000,0.128,0.128,42.194,42.194,4.740,0.400,0.400,6.459,6.459,49.181,1.25,35.00,33.0000,4.9181,22.131
1554,250.000,0.313,0.313,52.192,52.192,4.790,0.781,0.781,8.058,8.058,61.344,1.25,35.00,33.0000,6.1344,27.605
1555,350.000,1.200,1.200,71.575,71.575,4.890,2.144,2.144,11.242,11.242,86.161,1.25,35.00,33.0000,8.6161,38.772
1556,500.000,5.000,5.000,99.206,99.206,5.040,6.250,6.250,15.979,15.979,126.435,1.25,35.00,33.0000,12.6435,56.896
1557,450.000,3.281,3.281,90.180,90.180,4.990,4.556,4.556,14.405,14.405,112.422,1.25,35.00,33.0000,11.2422,50.590
1558,300.000,0.648,0.648,61.983,61.983,4.840,1.350,1.350,9.653,9.653,73.634,1.25,35.00,33.0000,7.3634,33.135
1559,200.000,0.128,0.128,42.194,42.194,4.740,0.400,0.400,6.459,6.459,49.181,1.25,35.00,33.0000,4.9181,22.131
1560,250.000,0.313,0.313,52.192,52.192,4.790,0.781,0.781,8.058,8.058,61.344,1.25,35.00,33.0000,6.1344,27.605
1561,350.000,1.200,1.200,71.575,71.575,4.890,2.144,2.144,11.242,11.242,86.161,1.25,35.00,33.0000,8.6161,38.772
1562,500.000,5.000,5.000,99.206,99.206,5.040,6.250,6.250,15.979,15.979,126.435,1.25,35.00,33.0000,12.6435,56.896
1563,450.000,3.281,3.281,90.180,90.180,4.990,4.556,4.556,14.405,14.405,112.422,1.25,35.00,33.0000,11.2422,50.590
1564,300.000,0.648,0.648,61.983,61.983,4.840,1.350,1.350,9.653,9.653,73.634,1.25,35.00,33.0000,7.3634,33.135
1565,200.000,0.128,0.128,42.194,42.194,4.740,0.400,0.400,6.459,6.459,49.181,1.25,35.00,33.0000,4.9181,22.131
1566,250.000,0.313,0.313,52.192,52.192,4.790,0.781,0.781,8.058,8.058,61.344,1.25,35.00,33.0000,6.1344,27.605
1567,350.000,1.200,1.200,71.575,71.575,4.890,2.144,2.144,11.242,11.242,86.161,1.25,35.00,33.0000,8.6161,38.772
1568,500.000,5.000,5.000,99.206,99.206,5.040,6.250,6.250,15.979,15.979,126.435,1.25,35.00,33.0000,12.6435,56.896
1569,450.000,3.281,3.281,90.180,90.180,4.990,4.556,4.556,14.405,14.405,112.422,1.25,35.00,33.0000,11.2422,50.590
1570,300.000,0.648,0.648,61.983,61.983,4.840,1.350,1.350,9.653,9.653,73.634,1.25,35.00,33.0000,7.3634,33.135
1571,200.000,0.128,0.128,42.194,42.194,4.740,0.400,0.400,6.459,6.459,49.181,1.25,35.00,33.0000,4.9181,22.131
1572,250.000,0.313,0.313,52.192,52.192,4.790,0.781,0.781,8.058,8.058,61.344,1.25,35.00,33.0000,6.1344,27.605
1573,350.000,1.200,1.200,71.575,71.575,4.890,2.144,2.144,11.242,11.242,86.161,1.25,35.00,33.0000,8.6161,38.772
1574,500.000,5.000,5.000,99.206,99.206,5.040,6.250,6.250,15.979,15.979,126.435,1.25,35.00,33.0000,12.6435,56.896
1575,450.000,3.281,3.281,90.180,90.180,4.990,4.556,4.556,14.405,14.405,112.422,1.25,35.00,33.0000,11.2422,50.590
1576,300.000,0.648,0.648,61.983,61.983,4.840,1.350,1.350,9.653,9.653,73.634,1.25,35.00,33.0000,7.3634,33.135
1577,200.000,0.128,0.128,42.194,42.194,4.740,0.400,0.400,6.459,6.459,49.181,1.25,35.00,33.0000,4.9181,22.131
1578,250.000,0.313,0.313,52.192,52.192,4.790,0.781,0.781,8.058,8.058,61.344,1.25,35.00,33.0000,6.1344,27.605
1579,350.000,1.200,1.200,71.575,71.575,4.890,2.144,2.144,11.242,11.242,86.161,1.25,35.00,33.0000,8.6161,38.772
1580,500.000,5.000,5.000,99.206,99.206,5.040,6.250,6.250,15.979,15.979,126.435,1.25,35.00,33.0000,12.6435,56.896
1581,450.000,3.281,3.281,90.180,90.180,4.990,4.556,4.556,14.405,14.405,112.422,1.25,35.00,33.0000,11.2422,50.590
1582,300.000,0.648,0.648,61.983,61.983,4.840,1.350,1.350,9.653,9.653,73.634,1.25,35.00,33.0000,7.3634,33.135
1583,200.000,0.128,0.128,42.194,42.194,4.740,0.400,0.400,6.459,6.459,49.181,1.25,35.00,33.0000,4.9181,22.131
1584,250.000,0.313,0.313,52.192,52.192,4.790,0.781,0.781,8.058,8.058,61.344,1.25,35.00,33.0000,6.1344,27.605
1585,350.000,1.200,1.200,71.575,71.575,4.890,2.144,2.144,11.242,11.242,86.161,1.25,35.00,33.0000,8.6161,38.772
1586,500.000,5.000,5.000,99.206,99.206,5.040,6.250,6.250,15.979,15.979,126.435,1.25,35.00,33.0000,12.6435,56.896
1587,450.000,3.281,3.281,90.180,90.180,4.990,4.556,4.556,14.405,14.405,112.422,1.25,35.00,33.0000,11.2422,50.590
1588,300.000,0.648,0.648,61.983,61.983,4.840,1.350,1.350,9.653,9.653,73.634,1.25,35.00,33.0000,7.3634,33.135
1589,200.000,0.128,0.128,42.194,42.194,4.740,0.400,0.400,6.459,6.459,49.181,1.25,35.00,33.0000,4.9181,22.131
1590,250.000,0.313,0.313,52.192,52.192,4.790,0.781,0.781,8.058,8.058,61.344,1.25,35.00,33.0000,6.1344,27.605
1591,350.000,1.200,1.200,71.575,71.575,4.890,2.144,2.144,11.242,11.242,86.161,1.25,35.00,33.0000,8.6161,38.772
1592,500.000,5.000,5.000,99.206,99.206,5.040,6.250,6.250,15.979,15.979,126.435,1.25,35.00,33.0000,12.6435,56.896
1593,450.000,3.281,3.281,90.180,90.180,4.990,4.556,4.556,14.405,14.405,112.422,1.25,35.00,33.0000,11.2422,50.590
1594,300.000,0.648,0.648,61.983,61.983,4.840,1.350,1.350,9.653,9.653,73.634,1.25,35.00,33.0000,7.3634,33.135
1595,200.000,0.128,0.128,42.194,42.194,4.740,0.400,0.400,6.459,6.459,49.181,1.25,35.00,33.0000,4.9181,22.131
1596,250.000,0.313,0.313,52.192,52.192,4.790,0.781,0.781,8.058,8.058,61.344,1.25,35.00,33.0000,6.1344,27.605
1597,350.000,1.200,1.200,71.575,71.575,4.890,2.144,2.144,11.242,11.242,86.161,1.25,35.00,33.0000,8.6161,38.772
1598,500.000,5.000,5.000,99.206,99.206,5.040,6.250,6.250,15.979,15.979,126.435,1.25,35.00,33.0000,12.6435,56.896
1599,450.000,3.281,3.281,90.180,90.180,4.990,4.556,4.556,14.405,14.405,112.422,1.25,35.00,33.0000,11.2422,50.590
1600,300.000,0.648,0.648,61.983,61.983,4.840,1.350,1.350,9.653,9.653,73.634,1.25,35.00,33.0000,7.3634,33.135
1601,200.000,0.128,0.128,42.194,42.194,4.740,0.400,0.400,6.459,6.459,49.181,1.25,35.00,33.0000,4.9181,22.131
1602,250.000,0.313,0.313,52.192,52.192,4.790,0.781,0.781,8.058,8.058,61.344,1.25,35.00,33.0000,6.1344,27.605
1603,350.000,1.200,1.200,71.575,71.575,4.890,2.144,2.144,11.242,11.242,86.161,1.25,35.00,33.0000,8.6161,38.772
1604,500.000,5.000,5.000,99.206,99.206,5.040,6.250,6.250,15.979,15.979,126.435,1.25,35.00,33.0000,12.6435,56.896
1605,450.000,3.281,3.281,90.180,90.180,4.990,4.556,4.556,14.405,14.405,112.422,1.25,35.00,33.0000,11.2422,50.590
1606,300.000,0.648,0.648,61.983,61.983,4.840,1.350,1.350,9.653,9.653,73.634,1.25,35.00,33.0000,7.3634,33.135
1607,200.000,0.128,0.128,42.194,42.194,4.740,0.400,0.400,6.459,6.459,49.181,1.25,35.00,33.0000,4.9181,22.131
1608,250.000,0.313,0.313,52.192,52.192,4.790,0.781,0.781,8.058,8.058,61.344,1.25,35.00,33.0000,6.1344,27.605
1609,350.000,1.200,1.200,71.575,71.575,4.890,2.144,2.144,11.242,11.242,86.161,1.25,35.00,33.0000,8.6161,38.772
1610,500.000,5.000,5.000,99.206,99.206,5.040,6.250,6.250,15.979,15.979,126.435,1.25,35.00,33.0000,12.6435,56.896
1611,450.000,3.281,3.281,90.180,90.180,4.990,4.556,4.556,14.405,14.405,112.422,1.25,35.00,33.0000,11.2422,50.590
1612,300.000,0.648,0.648,61.983,61.983,4.840,1.350,1.350,9.653,9.653,73.634,1.25,35.00,33.0000,7.3634,33.135
1613,200.000,0.128,0.128,42.194,42.194,4.740,0.400,0.400,6.459,6.459,49.181,1.25,35.00,33.0000,4.9181,22.131
1614,250.000,0.313,0.313,52.192,52.192,4.790,0.781,0.781,8.058,8.058,61.344,1.25,35.00,33.0000,6.1344,27.605
1615,350.000,1.200,1.200,71.575,71.575,4.890,2.144,2.144,11.242,11.242,86.161,1.25,35.00,33.0000,8.6161,38.772
1616,500.000,5.000,5.000,99.206,99.206,5.040,6.250,6.250,15.979,15.979,126.435,1.25,35.00,33.0000,12.6435,56.896
1617,450.000,3.281,3.281,90.180,90.180,4.990,4.556,4.556,14.405,14.405,112.422,1.25,35.00,33.0000,11.2422,50.590
1618,300.000,0.648,0.648,61.983,61.983,4.840,1.350,1.350,9.653,9.653,73.634,1.25,35.00,33.0000,7.3634,33.135
1619,200.000,0.128,0.128,42.194,42.194,4.740,0.400,0.400,6.459,6.459,49.181,1.25,35.00,33.0000,4.9181,22.131
1620,250.000,0.313,0.313,52.192,52.192,4.790,0.781,0.781,8.058,8.058,61.344,1.25,35.00,33.0000,6.1344,27.605
1621,350.000,1.200,1.200,71.575,71.575,4.890,2.144,2.144,11.242,11.242,86.161,1.25,35.00,33.0000,8.6161,38.772
1622,500.000,5.000,5.000,99.206,99.206,5.040,6.250,6.250,15.979,15.979,126.435,1.25,35.00,33.0000,12.6435,56.896
1623,450.000,3.281,3.281,90.180,90.180,4.990,4.556,4.556,14.405,14.405,112.422,1.25,35.00,33.0000,11.2422,50.590
1624,300.000,0.648,0.648,61.983,61.983,4.840,1.350,1.350,9.653,9.653,73.634,1.25,35.00,33.0000,7.3634,33.135
1625,200.000,0.128,0.128,42.194,42.194,4.740,0.400,0.400,6.459,6.459,49.181,1.25,35.00,33.0000,4.9181,22.131
1626,250.000,0.313,0.313,52.192,52.192,4.790,0.781,0.781,8.058,8.058,61.344,1.25,35.00,33.0000,6.1344,27.605
1627,350.000,1.200,1.200,71.575,71.575,4.890,2.144,2.144,11.242,11.242,86.161,1.25,35.00,33.0000,8.6161,38.772
1628,500.000,5.000,5.000,99.206,99.206,5.040,6.250,6.250,15.979,15.979,126.435,1.25,35.00,33.0000,12.6435,56.896
1629,450.000,3.281,3.281,90.180,90.180,4.990,4.556,4.556,14.405,14.405,112.422,1.25,35.00,33.0000,11.2422,50.590
1630,300.000,0.648,0.648,61.983,61.983,4.840,1.350,1.350,9.653,9.653,73.634,1.25,35.00,33.0000,7.3634,33.135
1631,200.000,0.128,0.128,42.194,42.194,4.740,0.400,0.400,6.459,6.459,49.181,1.25,35.00,33.0000,4.9181,22.131
1632,250.000,0.313,0.313,52.192,52.192,4.790,0.781,0.781,8.058,8.058,61.344,1.25,35.00,33.0000,6.1344,27.605
1633,350.000,1.200,1.200,71.575,71.575,4.890,2.144,2.144,11.242,11.242,86.161,1.25,35.00,33.0000,8.6161,38.772
1634,500.000,5.000,5.000,99.206,99.206,5.040,6.250,6.250,15.979,15.979,126.435,1.25,35.00,33.0000,12.6435,56.896
1635,450.000,3.281,3.281,90.180,90.180,4.990,4.556,4.556,14.405,14.405,112.422,1.25,35.00,33.0000,11.2422,50.590
1636,300.000,0.648,0.648,61.983,61.983,4.840,1.350,1.350,9.653,9.653,73.634,1.25,35.00,33.0000,7.3634,33.135
1637,200.000,0.128,0.128,42.194,42.194,4.740,0.400,0.400,6.459,6.459,49.181,1.25,35.00,33.0000,4.9181,22.131
1638,250.000,0.313,0.313,52.192,52.192,4.790,0.781,0.781,8.058,8.058,61.344,1.25,35.00,33.0000,6.1344,27.605
1639,350.000,1.200,1.200,71.575,71.575,4.890,2.144,2.144,11.242,11.242,86.161,1.25,35.00,33.0000,8.6161,38.772
1640,500.000,5.000,5.000,99.206,99.206,5.040,6.250,6.250,15.979,15.979,126.435,1.25,35.00,33.0000,12.6435,56.896
1641,450.000,3.281,3.281,90.180,90.180,4.990,4.556,4.556,14.405,14.405,112.422,1.25,35.00,33.0000,11.2422,50.590
1642,300.000,0.648,0.648,61.983,61.983,4.840,1.350,1.350,9.653,9.653,73.634,1.25,35.00,33.0000,7.3634,33.135
1643,200.000,0.128,0.128,42.194,42.194,4.740,0.400,0.400,6.459,6.459,49.181,1.25,35.00,33.0000,4.9181,22.131
1644,250.000,0.313,0.313,52.192,52.192,4.790,0.781,0.781,8.058,8.058,61.344,1.25,35.00,33.0000,6.1344,27.605
1645,350.000,1.200,1.200,71.575,71.575,4.890,2.144,2.144,11.242,11.242,86.161,1.25,35.00,33.0000,8.6161,38.772
1646,500.000,5.000,5.000,99.206,99.206,5.040,6.250,6.250,15.979,15.979,126.435,1.25,35.00,33.0000,12.6435,56.896
1647,450.000,3.281,3.281,90.180,90.180,4.990,4.556,4.556,14.405,14.405,112.422,1.25,35.00,33.0000,11.2422,50.590
1648,300.000,0.648,0.648,61.983,61.983,4.840,1.350,1.350,9.653,9.653,73.634,1.25,35.00,33.0000,7.3634,33.135
1649,200.000,0.128,0.128,42.194,42.194,4.740,0.400,0.400,6.459,6.459,49.181,1.25,35.00,33.0000,4.9181,22.131
1650,250.000,0.313,0.313,52.192,52.192,4.790,0.781,0.781,8.058,8.058,61.344,1.25,35.00,33.0000,6.1344,27.605
1651,350.000,1.200,1.200,71.575,71.575,4.890,2.144,2.144,11.242,11.242,86.161,1.25,35.00,33.0000,8.6161,38.772
1652,500.000,5.000,5.000,99.206,99.206,5.040,6.250,6.250,15.979,15.979,126.435,1.25,35.00,33.0000,12.6435,56.896
1653,450.000,3.281,3.281,90.180,90.180,4.990,4.556,4.556,14.405,14.405,112.422,1.25,35.00,33.0000,11.2422,50.590
1654,300.000,0.648,0.648,61.983,61.983,4.840,1.350,1.350,9.653,9.653,73.634,1.25,35.00,33.0000,7.3634,33.135
1655,200.000,0.128,0.128,42.194,42.194,4.740,0.400,0.400,6.459,6.459,49.181,1.25,35.00,33.0000,4.9181,22.131
1656,250.000,0.313,0.313,52.192,52.192,4.790,0.781,0.781,8.058,8.058,61.344,1.25,35.00,33.0000,6.1344,27.605
1657,350.000,1.200,1.200,71.575,71.575,4.890,2.144,2.144,11.242,11.242,86.161,1.25,35.00,33.0000,8.6161,38.772
1658,500.000,5.000,5.000,99.206,99.206,5.040,6.250,6.250,15.979,15.979,126.435,1.25,35.00,33.0000,12.6435,56.896
1659,450.000,3.281,3.281,90.180,90.180,4.990,4.556,4.556,14.405,14.405,112.422,1.25,35.00,33.0000,11.2422,50.590
1660,300.000,0.648,0.648,61.983,61.983,4.840,1.350,1.350,9.653,9.653,73.634,1.25,35.00,33.0000,7.3634,33.135
1661,200.000,0.128,0.128,42.194,42.194,4.740,0.400,0.400,6.459,6.459,49.181,1.25,35.00,33.0000,4.9181,22.131
1662,250.000,0.313,0.313,52.192,52.192,4.790,0.781,0.781,8.058,8.058,61.344,1.25,35.00,33.0000,6.1344,27.605
1663,350.000,1.200,1.200,71.575,71.575,4.890,2.144,2.144,11.242,11.242,86.161,1.25,35.00,33.0000,8.6161,38.772
1664,500.000,5.000,5.000,99.206,99.206,5.040,6.250,6.250,15.979,15.979,126.435,1.25,35.00,33.0000,12.6435,56.896
1665,450.000,3.281,3.281,90.180,90.180,4.990,4.556,4.556,14.405,14.405,112.422,1.25,35.00,33.0000,11.2422,50.590
1666,300.000,0.648,0.648,61.983,61.983,4.840,1.350,1.350,9.653,9.653,73.634,1.25,35.00,33.0000,7.3634,33.135
1667,200.000,0.128,0.128,42.194,42.194,4.740,0.400,0.400,6.459,6.459,49.181,1.25,35.00,33.0000,4.9181,22.131
1668,250.000,0.313,0.313,52.192,52.192,4.790,0.781,0.781,8.058,8.058,61.344,1.25,35.00,33.0000,6.1344,27.605
1669,350.000,1.200,1.200,71.575,71.575,4.890,2.144,2.144,11.242,11.242,86.161,1.25,35.00,33.0000,8.6161,38.772
1670,500.000,5.000,5.000,99.206,99.206,5.040,6.250,6.250,15.979,15.979,126.435,1.25,35.00,33.0000,12.6435,56.896
1671,450.000,3.281,3.281,90.180,90.180,4.990,4.556,4.556,14.405,14.405,112.422,1.25,35.00,33.0000,11.2422,50.590
1672,300.000,0.648,0.648,61.983,61.983,4.840,1.350,1.350,9.653,9.653,73.634,1.25,35.00,33.0000,7.3634,33.135
1673,200.000,0.128,0.128,42.194,42.194,4.740,0.400,0.400,6.459,6.459,49.181,1.25,35.00,33.0000,4.9181,22.131
1674,250.000,0.313,0.313,52.192,52.192,4.790,0.781,0.781,8.058,8.058,61.344,1.25,35.00,33.0000,6.1344,27.605
1675,350.000,1.200,1.200,71.575,71.575,4.890,2.144,2.144,11.242,11.242,86.161,1.25,35.00,33.0000,8.6161,38.772
1676,500.000,5.000,5.000,99.206,99.206,5.040,6.250,6.250,15.979,15.979,126.435,1.25,35.00,33.0000,12.6435,56.896
1677,450.000,3.281,3.281,90.180,90.180,4.990,4.556,4.556,14.405,14.405,112.422,1.25,35.00,33.0000,11.2422,50.590
1678,300.000,0.648,0.648,61.983,61.983,4.840,1.350,1.350,9.653,9.653,73.634,1.25,35.00,33.0000,7.3634,33.135
1679,200.000,0.128,0.128,42.194,42.194,4.740,0.400,0.400,6.459,6.459,49.181,1.25,35.00,33.0000,4.9181,22.131
1680,250.000,0.313,0.313,52.192,52.192,4.790,0.781,0.781,8.058,8.058,61.344,1.25,35.00,33.0000,6.1344,27.605
1681,350.000,1.200,1.200,71.575,71.575,4.890,2.144,2.144,11.242,11.242,86.161,1.25,35.00,33.0000,8.6161,38.772
1682,500.000,5.000,5.000,99.206,99.206,5.040,6.250,6.250,15.979,15.979,126.435,1.25,35.00,33.0000,12.6435,56.896
1683,450.000,3.281,3.281,90.180,90.180,4.990,4.556,4.556,14.405,14.405,112.422,1.25,35.00,33.0000,11.2422,50.590
1684,300.000,0.648,0.648,61.983,61.983,4.840,1.350,1.350,9.653,9.653,73.634,1.25,35.00,33.0000,7.3634,33.135
1685,200.000,0.128,0.128,42.194,42.194,4.740,0.400,0.400,6.459,6.459,49.181,1.25,35.00,33.0000,4.9181,22.131
1686,250.000,0.313,0.313,52.192,52.192,4.790,0.781,0.781,8.058,8.058,61.344,1.25,35.00,33.0000,6.1344,27.605
1687,350.000,1.200,1.200,71.575,71.575,4.890,2.144,2.144,11.242,11.242,86.161,1.25,35.00,33.0000,8.6161,38.772
1688,500.000,5.000,5.000,99.206,99.206,5.040,6.250,6.250,15.979,15.979,126.435,1.25,35.00,33.0000,12.6435,56.896
1689,450.000,3.281,3.281,90.180,90.180,4.990,4.556,4.556,14.405,14.405,112.422,1.25,35.00,33.0000,11.2422,50.590
1690,300.000,0.648,0.648,61.983,61.983,4.840,1.350,1.350,9.653,9.653,73.634,1.25,35.00,33.0000,7.3634,33.135
1691,200.000,0.128,0.128,42.194,42.194,4.740,0.400,0.400,6.459,6.459,49.181,1.25,35.00,33.0000,4.9181,22.131
1692,250.000,0.313,0.313,52.192,52.192,4.790,0.781,0.781,8.058,8.058,61.344,1.25,35.00,33.0000,6.1344,27.605
1693,350.000,1.200,1.200,71.575,71.575,4.890,2.144,2.144,11.242,11.242,86.161,1.25,35.00,33.0000,8.6161,38.772
1694,500.000,5.000,5.000,99.206,99.206,5.040,6.250,6.250,15.979,15.979,126.435,1.25,35.00,33.0000,12.6435,56.896
1695,450.000,3.281,3.281,90.180,90.180,4.990,4.556,4.556,14.405,14.405,112.422,1.25,35.00,33.0000,11.2422,50.590
1696,300.000,0.648,0.648,61.983,61.983,4.840,1.350,1.350,9.653,9.653,73.634,1.25,35.00,33.0000,7.3634,33.135
1697,200.000,0.128,0.128,42.194,42.194,4.740,0.400,0.400,6.459,6.459,49.181,1.25,35.00,33.0000,4.9181,22.131
1698,250.000,0.313,0.313,52.192,52.192,4.790,0.781,0.781,8.058,8.058,61.344,1.25,35.00,33.0000,6.1344,27.605
1699,350.000,1.200,1.200,71.575,71.575,4.890,2.144,2.144,11.242,11.242,86.161,1.25,35.00,33.0000,8.6161,38.772
1700,500.000,5.000,5.000,99.206,99.206,5.040,6.250,6.250,15.979,15.979,126.435,1.25,35.00,33.0000,12.6435,56.896
1701,450.000,3.281,3.281,90.180,90.180,4.990,4.556,4.556,14.405,14.405,112.422,1.25,35.00,33.0000,11.2422,50.590
1702,300.000,0.648,0.648,61.983,61.983,4.840,1.350,1.350,9.653,9.653,73.634,1.25,35.00,33.0000,7.3634,33.135
1703,200.000,0.128,0.128,42.194,42.194,4.740,0.400,0.400,6.459,6.459,49.181,1.25,35.00,33.0000,4.9181,22.131
1704,250.000,0.313,0.313,52.192,52.192,4.790,0.781,0.781,8.058,8.058,61.344,1.25,35.00,33.0000,6.1344,27.605
1705,350.000,1.200,1.200,71.575,71.575,4.890,2.144,2.144,11.242,11.242,86.161,1.25,35.00,33.0000,8.6161,38.772
1706,500.000,5.000,5.000,99.206,99.206,5.040,6.250,6.250,15.979,15.979,126.435,1.25,35.00,33.0000,12.6435,56.896
1707,450.000,3.281,3.281,90.180,90.180,4.990,4.556,4.556,14.405,14.405,112.422,1.25,35.00,33.0000,11.2422,50.590
1708,300.000,0.648,0.648,61.983,61.983,4.840,1.350,1.350,9.653,9.653,73.634,1.25,35.00,33.0000,7.3634,33.135
1709,200.000,0.128,0.128,42.194,42.194,4.740,0.400,0.400,6.459,6.459,49.181,1.25,35.00,33.0000,4.9181,22.131
1710,250.000,0.313,0.313,52.192,52.192,4.790,0.781,0.781,8.058,8.058,61.344,1.25,35.00,33.0000,6.1344,27.605
1711,350.000,1.200,1.200,71.575,71.575,4.890,2.144,2.144,11.242,11.242,86.161,1.25,35.00,33.0000,8.6161,38.772
1712,500.000,5.000,5.000,99.206,99.206,5.040,6.250,6.250,15.979,15.979,126.435,1.25,35.00,33.0000,12.6435,56.896
1713,450.000,3.281,3.281,90.180,90.180,4.990,4.556,4.556,14.405,14.405,112.422,1.25,35.00,33.0000,11.2422,50.590
1714,300.000,0.648,0.648,61.983,61.983,4.840,1.350,1.350,9.653,9.653,73.634,1.25,35.00,33.0000,7.3634,33.135
1715,200.000,0.128,0.128,42.194,42.194,4.740,0.400,0.400,6.459,6.459,49.181,1.25,35.00,33.0000,4.9181,22.131
1716,250.000,0.313,0.313,52.192,52.192,4.790,0.781,0.781,8.058,8.058,61.344,1.25,35.00,33.0000,6.1344,27.605
1717,350.000,1.200,1.200,71.575,71.575,4.890,2.144,2.144,11.242,11.242,86.161,1.25,35.00,33.0000,8.6161,38.772
1718,500.000,5.000,5.000,99.206,99.206,5.040,6.250,6.250,15.979,15.979,126.435,1.25,35.00,33.0000,12.6435,56.896
1719,450.000,3.281,3.281,90.180,90.180,4.990,4.556,4.556,14.405,14.405,112.422,1.25,35.00,33.0000,11.2422,50.590
1720,300.000,0.648,0.648,61.983,61.983,4.840,1.350,1.350,9.653,9.653,73.634,1.25,35.00,33.0000,7.3634,33.135
1721,200.000,0.128,0.128,42.194,42.194,4.740,0.400,0.400,6.459,6.459,49.181,1.25,35.00,33.0000,4.9181,22.131
1722,250.000,0.313,0.313,52.192,52.192,4.790,0.781,0.781,8.058,8.058,61.344,1.25,35.00,33.0000,6.1344,27.605
1723,350.000,1.200,1.200,71.575,71.575,4.890,2.144,2.144,11.242,11.242,86.161,1.25,35.00,33.0000,8.6161,38.772
1724,500.000,5.000,5.000,99.206,99.206,5.040,6.250,6.250,15.979,15.979,126.435,1.25,35.00,33.0000,12.6435,56.896
1725,450.000,3.281,3.281,90.180,90.180,4.990,4.556,4.556,14.405,14.405,112.422,1.25,35.00,33.0000,11.2422,50.590
1726,300.000,0.648,0.648,61.983,61.983,4.840,1.350,1.350,9.653,9.653,73.634,1.25,35.00,33.0000,7.3634,33.135
1727,200.000,0.128,0.128,42.194,42.194,4.740,0.400,0.400,6.459,6.459,49.181,1.25,35.00,33.0000,4.9181,22.131
1728,250.000,0.313,0.313,52.192,52.192,4.790,0.781,0.781,8.058,8.058,61.344,1.25,35.00,33.0000,6.1344,27.605
1729,350.000,1.200,1.200,71.575,71.575,4.890,2.144,2.144,11.242,11.242,86.161,1.25,35.00,33.0000,8.6161,38.772
1730,500.000,5.000,5.000,99.206,99.206,5.040,6.250,6.250,15.979,15.979,126.435,1.25,35.00,33.0000,12.6435,56.896
1731,450.000,3.281,3.281,90.180,90.180,4.990,4.556,4.556,14.405,14.405,112.422,1.25,35.00,33.0000,11.2422,50.590
1732,300.000,0.648,0.648,61.983,61.983,4.840,1.350,1.350,9.653,9.653,73.634,1.25,35.00,33.0000,7.3634,33.135
1733,200.000,0.128,0.128,42.194,42.194,4.740,0.400,0.400,6.459,6.459,49.181,1.25,35.00,33.0000,4.9181,22.131
1734,250.000,0.313,0.313,52.192,52.192,4.790,0.781,0.781,8.058,8.058,61.344,1.25,35.00,33.0000,6.1344,27.605
1735,350.000,1.200,1.200,71.575,71.575,4.890,2.144,2.144,11.242,11.242,86.161,1.25,35.00,33.0000,8.6161,38.772
1736,500.000,5.000,5.000,99.206,99.206,5.040,6.250,6.250,15.979,15.979,126.435,1.25,35.00,33.0000,12.6435,56.896
1737,450.000,3.281,3.281,90.180,90.180,4.990,4.556,4.556,14.405,14.405,112.422,1.25,35.00,33.0000,11.2422,50.590
1738,300.000,0.648,0.648,61.983,61.983,4.840,1.350,1.350,9.653,9.653,73.634,1.25,35.00,33.0000,7.3634,33.135
1739,200.000,0.128,0.128,42.194,42.194,4.740,0.400,0.400,6.459,6.459,49.181,1.25,35.00,33.0000,4.9181,22.131
1740,250.000,0.313,0.313,52.192,52.192,4.790,0.781,0.781,8.058,8.058,61.344,1.25,35.00,33.0000,6.1344,27.605
1741,350.000,1.200,1.200,71.575,71.575,4.890,2.144,2.144,11.242,11.242,86.161,1.25,35.00,33.0000,8.6161,38.772
1742,500.000,5.000,5.000,99.206,99.206,5.040,6.250,6.250,15.979,15.979,126.435,1.25,35.00,33.0000,12.6435,56.896
1743,450.000,3.281,3.281,90.180,90.180,4.990,4.556,4.556,14.405,14.405,112.422,1.25,35.00,33.0000,11.2422,50.590
1744,300.000,0.648,0.648,61.983,61.983,4.840,1.350,1.350,9.653,9.653,73.634,1.25,35.00,33.0000,7.3634,33.135
1745,200.000,0.128,0.128,42.194,42.194,4.740,0.400,0.400,6.459,6.459,49.181,1.25,35.00,33.0000,4.9181,22.131
1746,250.000,0.313,0.313,52.192,52.192,4.790,0.781,0.781,8.058,8.058,61.344,1.25,35.00,33.0000,6.1344,27.605
1747,350.000,1.200,1.200,71.575,71.575,4.890,2.144,2.144,11.242,11.242,86.161,1.25,35.00,33.0000,8.6161,38.772
1748,500.000,5.000,5.000,99.206,99.206,5.040,6.250,6.250,15.979,15.979,126.435,1.25,35.00,33.0000,12.6435,56.896
1749,450.000,3.281,3.281,90.180,90.180,4.990,4.556,4.556,14.405,14.405,112.422,1.25,35.00,33.0000,11.2422,50.590
1750,300.000,0.648,0.648,61.983,61.983,4.840,1.350,1.350,9.653,9.653,73.634,1.25,35.00,33.0000,7.3634,33.135
1751,200.000,0.128,0.128,42.194,42.194,4.740,0.400,0.400,6.459,6.459,49.181,1.25,35.00,33.0000,4.9181,22.131
1752,250.000,0.313,0.313,52.192,52.192,4.790,0.781,0.781,8.058,8.058,61.344,1.25,35.00,33.0000,6.1344,27.605
1753,350.000,1.200,1.200,71.575,71.575,4.890,2.144,2.144,11.242,11.242,86.161,1.25,35.00,33.0000,8.6161,38.772
1754,500.000,5.000,5.000,99.206,99.206,5.040,6.250,6.250,15.979,15.979,126.435,1.25,35.00,33.0000,12.6435,56.896
1755,450.000,3.281,3.281,90.180,90.180,4.990,4.556,4.556,14.405,14.405,112.422,1.25,35.00,33.0000,11.2422,50.590
1756,300.000,0.648,0.648,61.983,61.983,4.840,1.350,1.350,9.653,9.653,73.634,1.25,35.00,33.0000,7.3634,33.135
1757,200.000,0.128,0.128,42.194,42.194,4.740,0.400,0.400,6.459,6.459,49.181,1.25,35.00,33.0000,4.9181,22.131
1758,250.000,0.313,0.313,52.192,52.192,4.790,0.781,0.781,8.058,8.058,61.344,1.25,35.00,33.0000,6.1344,27.605
1759,350.000,1.200,1.200,71.575,71.575,4.890,2.144,2.144,11.242,11.242,86.161,1.25,35.00,33.0000,8.6161,38.772
1760,500.000,5.000,5.000,99.206,99.206,5.040,6.250,6.250,15.979,15.979,126.435,1.25,35.00,33.0000,12.6435,56.896
1761,450.000,3.281,3.281,90.180,90.180,4.990,4.556,4.556,14.405,14.405,112.422,1.25,35.00,33.0000,11.2422,50.590
1762,300.000,0.648,0.648,61.983,61.983,4.840,1.350,1.350,9.653,9.653,73.634,1.25,35.00,33.0000,7.3634,33.135
1763,200.000,0.128,0.128,42.194,42.194,4.740,0.400,0.400,6.459,6.459,49.181,1.25,35.00,33.0000,4.9181,22.131
1764,250.000,0.313,0.313,52.192,52.192,4.790,0.781,0.781,8.058,8.058,61.344,1.25,35.00,33.0000,6.1344,27.605
1765,350.000,1.200,1.200,71.575,71.575,4.890,2.144,2.144,11.242,11.242,86.161,1.25,35.00,33.0000,8.6161,38.772
1766,500.000,5.000,5.000,99.206,99.206,5.040,6.250,6.250,15.979,15.979,126.435,1.25,35.00,33.0000,12.6435,56.896
1767,450.000,3.281,3.281,90.180,90.180,4.990,4.556,4.556,14.405,14.405,112.422,1.25,35.00,33.0000,11.2422,50.590
1768,300.000,0.648,0.648,61.983,61.983,4.840,1.350,1.350,9.653,9.653,73.634,1.25,35.00,33.0000,7.3634,33.135
1769,200.000,0.128,0.128,42.194,42.194,4.740,0.400,0.400,6.459,6.459,49.181,1.25,35.00,33.0000,4.9181,22.131
1770,250.000,0.313,0.313,52.192,52.192,4.790,0.781,0.781,8.058,8.058,61.344,1.25,35.00,33.0000,6.1344,27.605
1771,350.000,1.200,1.200,71.575,71.575,4.890,2.144,2.144,11.242,11.242,86.161,1.25,35.00,33.0000,8.6161,38.772
1772,500.000,5.000,5.000,99.206,99.206,5.040,6.250,6.250,15.979,15.979,126.435,1.25,35.00,33.0000,12.6435,56.896
1773,450.000,3.281,3.281,90.180,90.180,4.990,4.556,4.556,14.405,14.405,112.422,1.25,35.00,33.0000,11.2422,50.590
1774,300.000,0.648,0.648,61.983,61.983,4.840,1.350,1.350,9.653,9.653,73.634,1.25,35.00,33.0000,7.3634,33.135
1775,200.000,0.128,0.128,42.194,42.194,4.740,0.400,0.400,6.459,6.459,49.181,1.25,35.00,33.0000,4.9181,22.131
1776,250.000,0.313,0.313,52.192,52.192,4.790,0.781,0.781,8.058,8.058,61.344,1.25,35.00,33.0000,6.1344,27.605
1777,350.000,1.200,1.200,71.575,71.575,4.890,2.144,2.144,11.242,11.242,86.161,1.25,35.00,33.0000,8.6161,38.772
1778,500.000,5.000,5.000,99.206,99.206,5.040,6.250,6.250,15.979,15.979,126.435,1.25,35.00,33.0000,12.6435,56.896
1779,450.000,3.281,3.281,90.180,90.180,4.990,4.556,4.556,14.405,14.405,112.422,1.25,35.00,33.0000,11.2422,50.590
1780,300.000,0.648,0.648,61.983,61.983,4.840,1.350,1.350,9.653,9.653,73.634,1.25,35.00,33.0000,7.3634,33.135
1781,200.000,0.128,0.128,42.194,42.194,4.740,0.400,0.400,6.459,6.459,49.181,1.25,35.00,33.0000,4.9181,22.131
1782,250.000,0.313,0.313,52.192,52.192,4.790,0.781,0.781,8.058,8.058,61.344,1.25,35.00,33.0000,6.1344,27.605
1783,350.000,1.200,1.200,71.575,71.575,4.890,2.144,2.144,11.242,11.242,86.161,1.25,35.00,33.0000,8.6161,38.772
1784,500.000,5.000,5.000,99.206,99.206,5.040,6.250,6.250,15.979,15.979,126.435,1.25,35.00,33.0000,12.6435,56.896
1785,450.000,3.281,3.281,90.180,90.180,4.990,4.556,4.556,14.405,14.405,112.422,1.25,35.00,33.0000,11.2422,50.590
1786,300.000,0.648,0.648,61.983,61.983,4.840,1.350,1.350,9.653,9.653,73.634,1.25,35.00,33.0000,7.3634,33.135
1787,200.000,0.128,0.128,42.194,42.194,4.740,0.400,0.400,6.459,6.459,49.181,1.25,35.00,33.0000,4.9181,22.131
1788,250.000,0.313,0.313,52.192,52.192,4.790,0.781,0.781,8.058,8.058,61.344,1.25,35.00,33.0000,6.1344,27.605
1789,350.000,1.200,1.200,71.575,71.575,4.890,2.144,2.144,11.242,11.242,86.161,1.25,35.00,33.0000,8.6161,38.772
1790,500.000,5.000,5.000,99.206,99.206,5.040,6.250,6.250,15.979,15.979,126.435,1.25,35.00,33.0000,12.6435,56.896
1791,450.000,3.281,3.281,90.180,90.180,4.990,4.556,4.556,14.405,14.405,112.422,1.25,35.00,33.0000,11.2422,50.590
1792,300.000,0.648,0.648,61.983,61.983,4.840,1.350,1.350,9.653,9.653,73.634,1.25,35.00,33.0000,7.3634,33.135
1793,200.000,0.128,0.128,42.194,42.194,4.740,0.400,0.400,6.459,6.459,49.181,1.25,35.00,33.0000,4.9181,22.131
1794,250.000,0.313,0.313,52.192,52.192,4.790,0.781,0.781,8.058,8.058,61.344,1.25,35.00,33.0000,6.1344,27.605
1795,350.000,1.200,1.200,71.575,71.575,4.890,2.144,2.144,11.242,11.242,86.161,1.25,35.00,33.0000,8.6161,38.772
1796,500.000,5.000,5.000,99.206,99.206,5.040,6.250,6.250,15.979,15.979,126.435,1.25,35.00,33.0000,12.6435,56.896
1797,450.000,3.281,3.281,90.180,90.180,4.990,4.556,4.556,14.405,14.405,112.422,1.25,35.00,33.0000,11.2422,50.590
1798,300.000,0.648,0.648,61.983,61.983,4.840,1.350,1.350,9.653,9.653,73.634,1.25,35.00,33.0000,7.3634,33.135
1799,200.000,0.128,0.128,42.194,42.194,4.740,0.400,0.400,6.459,6.459,49.181,1.25,35.00,33.0000,4.9181,22.131
1800,250.000,0.313,0.313,52.192,52.192,4.790,0.781,0.781,8.058,8.058,61.344,1.25,35.00,33.0000,6.1344,27.605
1801,350.000,1.200,1.200,71.575,71.575,4.890,2.144,2.144,11.242,11.242,86.161,1.25,35.00,33.0000,8.6161,38.772
1802,500.000,5.000,5.000,99.206,99.206,5.040,6.250,6.250,15.979,15.979,126.435,1.25,35.00,33.0000,12.6435,56.896
1803,450.000,3.281,3.281,90.180,90.180,4.990,4.556,4.556,14.405,14.405,112.422,1.25,35.00,33.0000,11.2422,50.590
1804,300.000,0.648,0.648,61.983,61.983,4.840,1.350,1.350,9.653,9.653,73.634,1.25,35.00,33.0000,7.3634,33.135
1805,200.000,0.128,0.128,42.194,42.194,4.740,0.400,0.400,6.459,6.459,49.181,1.25,35.00,33.0000,4.9181,22.131
1806,250.000,0.313,0.313,52.192,52.192,4.790,0.781,0.781,8.058,8.058,61.344,1.25,35.00,33.0000,6.1344,27.605
1807,350.000,1.200,1.200,71.575,71.575,4.890,2.144,2.144,11.242,11.242,86.161,1.25,35.00,33.0000,8.6161,38.772
1808,500.000,5.000,5.000,99.206,99.206,5.040,6.250,6.250,15.979,15.979,126.435,1.25,35.00,33.0000,12.6435,56.896
1809,450.000,3.281,3.281,90.180,90.180,4.990,4.556,4.556,14.405,14.405,112.422,1.25,35.00,33.0000,11.2422,50.590
1810,300.000,0.648,0.648,61.983,61.983,4.840,1.350,1.350,9.653,9.653,73.634,1.25,35.00,33.0000,7.3634,33.135
1811,200.000,0.128,0.128,42.194,42.194,4.740,0.400,0.400,6.459,6.459,49.181,1.25,35.00,33.0000,4.9181,22.131
1812,250.000,0.313,0.313,52.192,52.192,4.790,0.781,0.781,8.058,8.058,61.344,1.25,35.00,33.0000,6.1344,27.605
1813,350.000,1.200,1.200,71.575,71.575,4.890,2.144,2.144,11.242,11.242,86.161,1.25,35.00,33.0000,8.6161,38.772
1814,500.000,5.000,5.000,99.206,99.206,5.040,6.250,6.250,15.979,15.979,126.435,1.25,35.00,33.0000,12.6435,56.896
1815,450.000,3.281,3.281,90.180,90.180,4.990,4.556,4.556,14.405,14.405,112.422,1.25,35.00,33.0000,11.2422,50.590
1816,300.000,0.648,0.648,61.983,61.983,4.840,1.350,1.350,9.653,9.653,73.634,1.25,35.00,33.0000,7.3634,33.135
1817,200.000,0.128,0.128,42.194,42.194,4.740,0.400,0.400,6.459,6.459,49.181,1.25,35.00,33.0000,4.9181,22.131
1818,250.000,0.313,0.313,52.192,52.192,4.790,0.781,0.781,8.058,8.058,61.344,1.25,35.00,33.0000,6.1344,27.605
1819,350.000,1.200,1.200,71.575,71.575,4.890,2.144,2.144,11.242,11.242,86.161,1.25,35.00,33.0000,8.6161,38.772
1820,500.000,5.000,5.000,99.206,99.206,5.040,6.250,6.250,15.979,15.979,126.435,1.25,35.00,33.0000,12.6435,56.896
1821,450.000,3.281,3.281,90.180,90.180,4.990,4.556,4.556,14.405,14.405,112.422,1.25,35.00,33.0000,11.2422,50.590
1822,300.000,0.648,0.648,61.983,61.983,4.840,1.350,1.350,9.653,9.653,73.634,1.25,35.00,33.0000,7.3634,33.135
1823,200.000,0.128,0.128,42.194,42.194,4.740,0.400,0.400,6.459,6.459,49.181,1.25,35.00,33.0000,4.9181,22.131
1824,250.000,0.313,0.313,52.192,52.192,4.790,0.781,0.781,8.058,8.058,61.344,1.25,35.00,33.0000,6.1344,27.605
1825,350.000,1.200,1.200,71.575,71.575,4.890,2.144,2.144,11.242,11.242,86.161,1.25,35.00,33.0000,8.6161,38.772
1826,500.000,5.000,5.000,99.206,99.206,5.040,6.250,6.250,15.979,15.979,126.435,1.25,35.00,33.0000,12.6435,56.896
1827,450.000,3.281,3.281,90.180,90.180,4.990,4.556,4.556,14.405,14.405,112.422,1.25,35.00,33.0000,11.2422,50.590
1828,300.000,0.648,0.648,61.983,61.983,4.840,1.350,1.350,9.653,9.653,73.634,1.25,35.00,33.0000,7.3634,33.135
1829,200.000,0.128,0.128,42.194,42.194,4.740,0.400,0.400,6.459,6.459,49.181,1.25,35.00,33.0000,4.9181,22.131
1830,250.000,0.313,0.313,52.192,52.192,4.790,0.781,0.781,8.058,8.058,61.344,1.25,35.00,33.0000,6.1344,27.605
1831,350.000,1.200,1.200,71.575,71.575,4.890,2.144,2.144,11.242,11.242,86.161,1.25,35.00,33.0000,8.6161,38.772
1832,500.000,5.000,5.000,99.206,99.206,5.040,6.250,6.250,15.979,15.979,126.435,1.25,35.00,33.0000,12.6435,56.896
1833,450.000,3.281,3.281,90.180,90.180,4.990,4.556,4.556,14.405,14.405,112.422,1.25,35.00,33.0000,11.2422,50.590
1834,300.000,0.648,0.648,61.983,61.983,4.840,1.350,1.350,9.653,9.653,73.634,1.25,35.00,33.0000,7.3634,33.135
1835,200.000,0.128,0.128,42.194,42.194,4.740,0.400,0.400,6.459,6.459,49.181,1.25,35.00,33.0000,4.9181,22.131
1836,250.000,0.313,0.313,52.192,52.192,4.790,0.781,0.781,8.058,8.058,61.344,1.25,35.00,33.0000,6.1344,27.605
1837,350.000,1.200,1.200,71.575,71.575,4.890,2.144,2.144,11.242,11.242,86.161,1.25,35.00,33.0000,8.6161,38.772
1838,500.000,5.000,5.000,99.206,99.206,5.040,6.250,6.250,15.979,15.979,126.435,1.25,35.00,33.0000,12.6435,56.896
1839,450.000,3.281,3.281,90.180,90.180,4.990,4.556,4.556,14.405,14.405,112.422,1.25,35.00,33.0000,11.2422,50.590
1840,300.000,0.648,0.648,61.983,61.983,4.840,1.350,1.350,9.653,9.653,73.634,1.25,35.00,33.0000,7.3634,33.135
1841,200.000,0.128,0.128,42.194,42.194,4.740,0.400,0.400,6.459,6.459,49.181,1.25,35.00,33.0000,4.9181,22.131
1842,250.000,0.313,0.313,52.192,52.192,4.790,0.781,0.781,8.058,8.058,61.344,1.25,35.00,33.0000,6.1344,27.605
1843,350.000,1.200,1.200,71.575,71.575,4.890,2.144,2.144,11.242,11.242,86.161,1.25,35.00,33.0000,8.6161,38.772
1844,500.000,5.000,5.000,99.206,99.206,5.040,6.250,6.250,15.979,15.979,126.435,1.25,35.00,33.0000,12.6435,56.896
1845,450.000,3.281,3.281,90.180,90.180,4.990,4.556,4.556,14.405,14.405,112.422,1.25,35.00,33.0000,11.2422,50.590
1846,300.000,0.648,0.648,61.983,61.983,4.840,1.350,1.350,9.653,9.653,73.634,1.25,35.00,33.0000,7.3634,33.135
1847,200.000,0.128,0.128,42.194,42.194,4.740,0.400,0.400,6.459,6.459,49.181,1.25,35.00,33.0000,4.9181,22.131
1848,250.000,0.313,0.313,52.192,52.192,4.790,0.781,0.781,8.058,8.058,61.344,1.25,35.00,33.0000,6.1344,27.605
1849,350.000,1.200,1.200,71.575,71.575,4.890,2.144,2.144,11.242,11.242,86.161,1.25,35.00,33.0000,8.6161,38.772
1850,500.000,5.000,5.000,99.206,99.206,5.040,6.250,6.250,15.979,15.979,126.435,1.25,35.00,33.0000,12.6435,56.896
1851,450.000,3.281,3.281,90.180,90.180,4.990,4.556,4.556,14.405,14.405,112.422,1.25,35.00,33.0000,11.2422,50.590
1852,300.000,0.648,0.648,61.983,61.983,4.840,1.350,1.350,9.653,9.653,73.634,1.25,35.00,33.0000,7.3634,33.135
1853,200.000,0.128,0.128,42.194,42.194,4.740,0.400,0.400,6.459,6.459,49.181,1.25,35.00,33.0000,4.9181,22.131
1854,250.000,0.313,0.313,52.192,52.192,4.790,0.781,0.781,8.058,8.058,61.344,1.25,35.00,33.0000,6.1344,27.605
1855,350.000,1.200,1.200,71.575,71.575,4.890,2.144,2.144,11.242,11.242,86.161,1.25,35.00,33.0000,8.6161,38.772
1856,500.000,5.000,5.000,99.206,99.206,5.040,6.250,6.250,15.979,15.979,126.435,1.25,35.00,33.0000,12.6435,56.896
1857,450.000,3.281,3.281,90.180,90.180,4.990,4.556,4.556,14.405,14.405,112.422,1.25,35.00,33.0000,11.2422,50.590
1858,300.000,0.648,0.648,61.983,61.983,4.840,1.350,1.350,9.653,9.653,73.634,1.25,35.00,33.0000,7.3634,33.135
1859,200.000,0.128,0.128,42.194,42.194,4.740,0.400,0.400,6.459,6.459,49.181,1.25,35.00,33.0000,4.9181,22.131
1860,250.000,0.313,0.313,52.192,52.192,4.790,0.781,0.781,8.058,8.058,61.344,1.25,35.00,33.0000,6.1344,27.605
1861,350.000,1.200,1.200,71.575,71.575,4.890,2.144,2.144,11.242,11.242,86.161,1.25,35.00,33.0000,8.6161,38.772
1862,500.000,5.000,5.000,99.206,99.206,5.040,6.250,6.250,15.979,15.979,126.435,1.25,35.00,33.0000,12.6435,56.896
1863,450.000,3.281,3.281,90.180,90.180,4.990,4.556,4.556,14.405,14.405,112.422,1.25,35.00,33.0000,11.2422,50.590
1864,300.000,0.648,0.648,61.983,61.983,4.840,1.350,1.350,9.653,9.653,73.634,1.25,35.00,33.0000,7.3634,33.135
1865,200.000,0.128,0.128,42.194,42.194,4.740,0.400,0.400,6.459,6.459,49.181,1.25,35.00,33.0000,4.9181,22.131
1866,250.000,0.313,0.313,52.192,52.192,4.790,0.781,0.781,8.058,8.058,61.344,1.25,35.00,33.0000,6.1344,27.605
1867,350.000,1.200,1.200,71.575,71.575,4.890,2.144,2.144,11.242,11.242,86.161,1.25,35.00,33.0000,8.6161,38.772
1868,500.000,5.000,5.000,99.206,99.206,5.040,6.250,6.250,15.979,15.979,126.435,1.25,35.00,33.0000,12.6435,56.896
1869,450.000,3.281,3.281,90.180,90.180,4.990,4.556,4.556,14.405,14.405,112.422,1.25,35.00,33.0000,11.2422,50.590
1870,300.000,0.648,0.648,61.983,61.983,4.840,1.350,1.350,9.653,9.653,73.634,1.25,35.00,33.0000,7.3634,33.135
1871,200.000,0.128,0.128,42.194,42.194,4.740,0.400,0.400,6.459,6.459,49.181,1.25,35.00,33.0000,4.9181,22.131
1872,250.000,0.313,0.313,52.192,52.192,4.790,0.781,0.781,8.058,8.058,61.344,1.25,35.00,33.0000,6.1344,27.605
1873,350.000,1.200,1.200,71.575,71.575,4.890,2.144,2.144,11.242,11.242,86.161,1.25,35.00,33.0000,8.6161,38.772
1874,500.000,5.000,5.000,99.206,99.206,5.040,6.250,6.250,15.979,15.979,126.435,1.25,35.00,33.0000,12.6435,56.896
1875,450.000,3.281,3.281,90.180,90.180,4.990,4.556,4.556,14.405,14.405,112.422,1.25,35.00,33.0000,11.2422,50.590
1876,300.000,0.648,0.648,61.983,61.983,4.840,1.350,1.350,9.653,9.653,73.634,1.25,35.00,33.0000,7.3634,33.135
1877,200.000,0.128,0.128,42.194,42.194,4.740,0.400,0.400,6.459,6.459,49.181,1.25,35.00,33.0000,4.9181,22.131
1878,250.000,0.313,0.313,52.192,52.192,4.790,0.781,0.781,8.058,8.058,61.344,1.25,35.00,33.0000,6.1344,27.605
1879,350.000,1.200,1.200,71.575,71.575,4.890,2.144,2.144,11.242,11.242,86.161,1.25,35.00,33.0000,8.6161,38.772
1880,500.000,5.000,5.000,99.206,99.206,5.040,6.250,6.250,15.979,15.979,126.435,1.25,35.00,33.0000,12.6435,56.896
1881,450.000,3.281,3.281,90.180,90.180,4.990,4.556,4.556,14.405,14.405,112.422,1.25,35.00,33.0000,11.2422,50.590
1882,300.000,0.648,0.648,61.983,61.983,4.840,1.350,1.350,9.653,9.653,73.634,1.25,35.00,33.0000,7.3634,33.135
1883,200.000,0.128,0.128,42.194,42.194,4.740,0.400,0.400,6.459,6.459,49.181,1.25,35.00,33.0000,4.9181,22.131
1884,250.000,0.313,0.313,52.192,52.192,4.790,0.781,0.781,8.058,8.058,61.344,1.25,35.00,33.0000,6.1344,27.605
1885,350.000,1.200,1.200,71.575,71.575,4.890,2.144,2.144,11.242,11.242,86.161,1.25,35.00,33.0000,8.6161,38.772
1886,500.000,5.000,5.000,99.206,99.206,5.040,6.250,6.250,15.979,15.979,126.435,1.25,35.00,33.0000,12.6435,56.896
1887,450.000,3.281,3.281,90.180,90.180,4.990,4.556,4.556,14.405,14.405,112.422,1.25,35.00,33.0000,11.2422,50.590
1888,300.000,0.648,0.648,61.983,61.983,4.840,1.350,1.350,9.653,9.653,73.634,1.25,35.00,33.0000,7.3634,33.135
1889,200.000,0.128,0.128,42.194,42.194,4.740,0.400,0.400,6.459,6.459,49.181,1.25,35.00,33.0000,4.9181,22.131
1890,250.000,0.313,0.313,52.192,52.192,4.790,0.781,0.781,8.058,8.058,61.344,1.25,35.00,33.0000,6.1344,27.605
1891,350.000,1.200,1.200,71.575,71.575,4.890,2.144,2.144,11.242,11.242,86.161,1.25,35.00,33.0000,8.6161,38.772
1892,500.000,5.000,5.000,99.206,99.206,5.040,6.250,6.250,15.979,15.979,126.435,1.25,35.00,33.0000,12.6435,56.896
1893,450.000,3.281,3.281,90.180,90.180,4.990,4.556,4.556,14.405,14.405,112.422,1.25,35.00,33.0000,11.2422,50.590
1894,300.000,0.648,0.648,61.983,61.983,4.840,1.350,1.350,9.653,9.653,73.634,1.25,35.00,33.0000,7.3634,33.135
1895,200.000,0.128,0.128,42.194,42.194,4.740,0.400,0.400,6.459,6.459,49.181,1.25,35.00,33.0000,4.9181,22.131
1896,250.000,0.313,0.313,52.192,52.192,4.790,0.781,0.781,8.058,8.058,61.344,1.25,35.00,33.0000,6.1344,27.605
1897,350.000,1.200,1.200,71.575,71.575,4.890,2.144,2.144,11.242,11.242,86.161,1.25,35.00,33.0000,8.6161,38.772
1898,500.000,5.000,5.000,99.206,99.206,5.040,6.250,6.250,15.979,15.979,126.435,1.25,35.00,33.0000,12.6435,56.896
1899,450.000,3.281,3.281,90.180,90.180,4.990,4.556,4.556,14.405,14.405,112.422,1.25,35.00,33.0000,11.2422,50.590
1900,300.000,0.648,0.648,61.983,61.983,4.840,1.350,1.350,9.653,9.653,73.634,1.25,35.00,33.0000,7.3634,33.135
1901,200.000,0.128,0.128,42.194,42.194,4.740,0.400,0.400,6.459,6.459,49.181,1.25,35.00,33.0000,4.9181,22.131
1902,250.000,0.313,0.313,52.192,52.192,4.790,0.781,0.781,8.058,8.058,61.344,1.25,35.00,33.0000,6.1344,27.605
1903,350.000,1.200,1.200,71.575,71.575,4.890,2.144,2.144,11.242,11.242,86.161,1.25,35.00,33.0000,8.6161,38.772
1904,500.000,5.000,5.000,99.206,99.206,5.040,6.250,6.250,15.979,15.979,126.435,1.25,35.00,33.0000,12.6435,56.896
1905,450.000,3.281,3.281,90.180,90.180,4.990,4.556,4.556,14.405,14.405,112.422,1.25,35.00,33.0000,11.2422,50.590
1906,300.000,0.648,0.648,61.983,61.983,4.840,1.350,1.350,9.653,9.653,73.634,1.25,35.00,33.0000,7.3634,33.135
1907,200.000,0.128,0.128,42.194,42.194,4.740,0.400,0.400,6.459,6.459,49.181,1.25,35.00,33.0000,4.9181,22.131
1908,250.000,0.313,0.313,52.192,52.192,4.790,0.781,0.781,8.058,8.058,61.344,1.25,35.00,33.0000,6.1344,27.605
1909,350.000,1.200,1.200,71.575,71.575,4.890,2.144,2.144,11.242,11.242,86.161,1.25,35.00,33.0000,8.6161,38.772
1910,500.000,5.000,5.000,99.206,99.206,5.040,6.250,6.250,15.979,15.979,126.435,1.25,35.00,33.0000,12.6435,56.896
1911,450.000,3.281,3.281,90.180,90.180,4.990,4.556,4.556,14.405,14.405,112.422,1.25,35.00,33.0000,11.2422,50.590
1912,300.000,0.648,0.648,61.983,61.983,4.840,1.350,1.350,9.653,9.653,73.634,1.25,35.00,33.0000,7.3634,33.135
1913,200.000,0.128,0.128,42.194,42.194,4.740,0.400,0.400,6.459,6.459,49.181,1.25,35.00,33.0000,4.9181,22.131
1914,250.000,0.313,0.313,52.192,52.192,4.790,0.781,0.781,8.058,8.058,61.344,1.25,35.00,33.0000,6.1344,27.605
1915,350.000,1.200,1.200,71.575,71.575,4.890,2.144,2.144,11.242,11.242,86.161,1.25,35.00,33.0000,8.6161,38.772
1916,500.000,5.000,5.000,99.206,99.206,5.040,6.250,6.250,15.979,15.979,126.435,1.25,35.00,33.0000,12.6435,56.896
1917,450.000,3.281,3.281,90.180,90.180,4.990,4.556,4.556,14.405,14.405,112.422,1.25,35.00,33.0000,11.2422,50.590
1918,300.000,0.648,0.648,61.983,61.983,4.840,1.350,1.350,9.653,9.653,73.634,1.25,35.00,33.0000,7.3634,33.135
1919,200.000,0.128,0.128,42.194,42.194,4.740,0.400,0.400,6.459,6.459,49.181,1.25,35.00,33.0000,4.9181,22.131
1920,250.000,0.313,0.313,52.192,52.192,4.790,0.781,0.781,8.058,8.058,61.344,1.25,35.00,33.0000,6.1344,27.605
1921,350.000,1.200,1.200,71.575,71.575,4.890,2.144,2.144,11.242,11.242,86.161,1.25,35.00,33.0000,8.6161,38.772
1922,500.000,5.000,5.000,99.206,99.206,5.040,6.250,6.250,15.979,15.979,126.435,1.25,35.00,33.0000,12.6435,56.896
1923,450.000,3.281,3.281,90.180,90.180,4.990,4.556,4.556,14.405,14.405,112.422,1.25,35.00,33.0000,11.2422,50.590
1924,300.000,0.648,0.648,61.983,61.983,4.840,1.350,1.350,9.653,9.653,73.634,1.25,35.00,33.0000,7.3634,33.135
1925,200.000,0.128,0.128,42.194,42.194,4.740,0.400,0.400,6.459,6.459,49.181,1.25,35.00,33.0000,4.9181,22.131
1926,250.000,0.313,0.313,52.192,52.192,4.790,0.781,0.781,8.058,8.058,61.344,1.25,35.00,33.0000,6.1344,27.605
1927,350.000,1.200,1.200,71.575,71.575,4.890,2.144,2.144,11.242,11.242,86.161,1.25,35.00,33.0000,8.6161,38.772
1928,500.000,5.000,5.000,99.206,99.206,5.040,6.250,6.250,15.979,15.979,126.435,1.25,35.00,33.0000,12.6435,56.896
1929,450.000,3.281,3.281,90.180,90.180,4.990,4.556,4.556,14.405,14.405,112.422,1.25,35.00,33.0000,11.2422,50.590
1930,300.000,0.648,0.648,61.983,61.983,4.840,1.350,1.350,9.653,9.653,73.634,1.25,35.00,33.0000,7.3634,33.135
1931,200.000,0.128,0.128,42.194,42.194,4.740,0.400,0.400,6.459,6.459,49.181,1.25,35.00,33.0000,4.9181,22.131
1932,250.000,0.313,0.313,52.192,52.192,4.790,0.781,0.781,8.058,8.058,61.344,1.25,35.00,33.0000,6.1344,27.605
1933,350.000,1.200,1.200,71.575,71.575,4.890,2.144,2.144,11.242,11.242,86.161,1.25,35.00,33.0000,8.6161,38.772
1934,500.000,5.000,5.000,99.206,99.206,5.040,6.250,6.250,15.979,15.979,126.435,1.25,35.00,33.0000,12.6435,56.896
1935,450.000,3.281,3.281,90.180,90.180,4.990,4.556,4.556,14.405,14.405,112.422,1.25,35.00,33.0000,11.2422,50.590
1936,300.000,0.648,0.648,61.983,61.983,4.840,1.350,1.350,9.653,9.653,73.634,1.25,35.00,33.0000,7.3634,33.135
1937,200.000,0.128,0.128,42.194,42.194,4.740,0.400,0.400,6.459,6.459,49.181,1.25,35.00,33.0000,4.9181,22.131
1938,250.000,0.313,0.313,52.192,52.192,4.790,0.781,0.781,8.058,8.058,61.344,1.25,35.00,33.0000,6.1344,27.605
1939,350.000,1.200,1.200,71.575,71.575,4.890,2.144,2.144,11.242,11.242,86.161,1.25,35.00,33.0000,8.6161,38.772
1940,500.000,5.000,5.000,99.206,99.206,5.040,6.250,6.250,15.979,15.979,126.435,1.25,35.00,33.0000,12.6435,56.896
1941,450.000,3.281,3.281,90.180,90.180,4.990,4.556,4.556,14.405,14.405,112.422,1.25,35.00,33.0000,11.2422,50.590
1942,300.000,0.648,0.648,61.983,61.983,4.840,1.350,1.350,9.653,9.653,73.634,1.25,35.00,33.0000,7.3634,33.135
1943,200.000,0.128,0.128,42.194,42.194,4.740,0.400,0.400,6.459,6.459,49.181,1.25,35.00,33.0000,4.9181,22.131
1944,250.000,0.313,0.313,52.192,52.192,4.790,0.781,0.781,8.058,8.058,61.344,1.25,35.00,33.0000,6.1344,27.605
1945,350.000,1.200,1.200,71.575,71.575,4.890,2.144,2.144,11.242,11.242,86.161,1.25,35.00,33.0000,8.6161,38.772
1946,500.000,5.000,5.000,99.206,99.206,5.040,6.250,6.250,15.979,15.979,126.435,1.25,35.00,33.0000,12.6435,56.896
1947,450.000,3.281,3.281,90.180,90.180,4.990,4.556,4.556,14.405,14.405,112.422,1.25,35.00,33.0000,11.2422,50.590
1948,300.000,0.648,0.648,61.983,61.983,4.840,1.350,1.350,9.653,9.653,73.634,1.25,35.00,33.0000,7.3634,33.135
1949,200.000,0.128,0.128,42.194,42.194,4.740,0.400,0.400,6.459,6.459,49.181,1.25,35.00,33.0000,4.9181,22.131
1950,250.000,0.313,0.313,52.192,52.192,4.790,0.781,0.781,8.058,8.058,61.344,1.25,35.00,33.0000,6.1344,27.605
1951,350.000,1.200,1.200,71.575,71.575,4.890,2.144,2.144,11.242,11.242,86.161,1.25,35.00,33.0000,8.6161,38.772
1952,500.000,5.000,5.000,99.206,99.206,5.040,6.250,6.250,15.979,15.979,126.435,1.25,35.00,33.0000,12.6435,56.896
1953,450.000,3.281,3.281,90.180,90.180,4.990,4.556,4.556,14.405,14.405,112.422,1.25,35.00,33.0000,11.2422,50.590
1954,300.000,0.648,0.648,61.983,61.983,4.840,1.350,1.350,9.653,9.653,73.634,1.25,35.00,33.0000,7.3634,33.135
1955,200.000,0.128,0.128,42.194,42.194,4.740,0.400,0.400,6.459,6.459,49.181,1.25,35.00,33.0000,4.9181,22.131
1956,250.000,0.313,0.313,52.192,52.192,4.790,0.781,0.781,8.058,8.058,61.344,1.25,35.00,33.0000,6.1344,27.605
1957,350.000,1.200,1.200,71.575,71.575,4.890,2.144,2.144,11.242,11.242,86.161,1.25,35.00,33.0000,8.6161,38.772
1958,500.000,5.000,5.000,99.206,99.206,5.040,6.250,6.250,15.979,15.979,126.435,1.25,35.00,33.0000,12.6435,56.896
1959,450.000,3.281,3.281,90.180,90.180,4.990,4.556,4.556,14.405,14.405,112.422,1.25,35.00,33.0000,11.2422,50.590
1960,300.000,0.648,0.648,61.983,61.983,4.840,1.350,1.350,9.653,9.653,73.634,1.25,35.00,33.0000,7.3634,33.135
1961,200.000,0.128,0.128,42.194,42.194,4.740,0.400,0.400,6.459,6.459,49.181,1.25,35.00,33.0000,4.9181,22.131
1962,250.000,0.313,0.313,52.192,52.192,4.790,0.781,0.781,8.058,8.058,61.344,1.25,35.00,33.0000,6.1344,27.605
1963,350.000,1.200,1.200,71.575,71.575,4.890,2.144,2.144,11.242,11.242,86.161,1.25,35.00,33.0000,8.6161,38.772
1964,500.000,5.000,5.000,99.206,99.206,5.040,6.250,6.250,15.979,15.979,126.435,1.25,35.00,33.0000,12.6435,56.896
1965,450.000,3.281,3.281,90.180,90.180,4.990,4.556,4.556,14.405,14.405,112.422,1.25,35.00,33.0000,11.2422,50.590
1966,300.000,0.648,0.648,61.983,61.983,4.840,1.350,1.350,9.653,9.653,73.634,1.25,35.00,33.0000,7.3634,33.135
1967,200.000,0.128,0.128,42.194,42.194,4.740,0.400,0.400,6.459,6.459,49.181,1.25,35.00,33.0000,4.9181,22.131
1968,250.000,0.313,0.313,52.192,52.192,4.790,0.781,0.781,8.058,8.058,61.344,1.25,35.00,33.0000,6.1344,27.605
1969,350.000,1.200,1.200,71.575,71.575,4.890,2.144,2.144,11.242,11.242,86.161,1.25,35.00,33.0000,8.6161,38.772
1970,500.000,5.000,5.000,99.206,99.206,5.040,6.250,6.250,15.979,15.979,126.435,1.25,35.00,33.0000,12.6435,56.896
1971,450.000,3.281,3.281,90.180,90.180,4.990,4.556,4.556,14.405,14.405,112.422,1.25,35.00,33.0000,11.2422,50.590
1972,300.000,0.648,0.648,61.983,61.983,4.840,1.350,1.350,9.653,9.653,73.634,1.25,35.00,33.0000,7.3634,33.135
1973,200.000,0.128,0.128,42.194,42.194,4.740,0.400,0.400,6.459,6.459,49.181,1.25,35.00,33.0000,4.9181,22.131
1974,250.000,0.313,0.313,52.192,52.192,4.790,0.781,0.781,8.058,8.058,61.344,1.25,35.00,33.0000,6.1344,27.605
1975,350.000,1.200,1.200,71.575,71.575,4.890,2.144,2.144,11.242,11.242,86.161,1.25,35.00,33.0000,8.6161,38.772
1976,500.000,5.000,5.000,99.206,99.206,5.040,6.250,6.250,15.979,15.979,126.435,1.25,35.00,33.0000,12.6435,56.896
1977,450.000,3.281,3.281,90.180,90.180,4.990,4.556,4.556,14.405,14.405,112.422,1.25,35.00,33.0000,11.2422,50.590
1978,300.000,0.648,0.648,61.983,61.983,4.840,1.350,1.350,9.653,9.653,73.634,1.25,35.00,33.0000,7.3634,33.135
1979,200.000,0.128,0.128,42.194,42.194,4.740,0.400,0.400,6.459,6.459,49.181,1.25,35.00,33.0000,4.9181,22.131
1980,250.000,0.313,0.313,52.192,52.192,4.790,0.781,0.781,8.058,8.058,61.344,1.25,35.00,33.0000,6.1344,27.605
1981,350.000,1.200,1.200,71.575,71.575,4.890,2.144,2.144,11.242,11.242,86.161,1.25,35.00,33.0000,8.6161,38.772
1982,500.000,5.000,5.000,99.206,99.206,5.040,6.250,6.250,15.979,15.979,126.435,1.25,35.00,33.0000,12.6435,56.896
1983,450.000,3.281,3.281,90.180,90.180,4.990,4.556,4.556,14.405,14.405,112.422,1.25,35.00,33.0000,11.2422,50.590
1984,300.000,0.648,0.648,61.983,61.983,4.840,1.350,1.350,9.653,9.653,73.634,1.25,35.00,33.0000,7.3634,33.135
1985,200.000,0.128,0.128,42.194,42.194,4.740,0.400,0.400,6.459,6.459,49.181,1.25,35.00,33.0000,4.9181,22.131
1986,250.000,0.313,0.313,52.192,52.192,4.790,0.781,0.781,8.058,8.058,61.344,1.25,35.00,33.0000,6.1344,27.605
1987,350.000,1.200,1.200,71.575,71.575,4.890,2.144,2.144,11.242,11.242,86.161,1.25,35.00,33.0000,8.6161,38.772
1988,500.000,5.000,5.000,99.206,99.206,5.040,6.250,6.250,15.979,15.979,126.435,1.25,35.00,33.0000,12.6435,56.896
1989,450.000,3.281,3.281,90.180,90.180,4.990,4.556,4.556,14.405,14.405,112.422,1.25,35.00,33.0000,11.2422,50.590
1990,300.000,0.648,0.648,61.983,61.983,4.840,1.350,1.350,9.653,9.653,73.634,1.25,35.00,33.0000,7.3634,33.135
1991,200.000,0.128,0.128,42.194,42.194,4.740,0.400,0.400,6.459,6.459,49.181,1.25,35.00,33.0000,4.9181,22.131
1992,250.000,0.313,0.313,52.192,52.192,4.790,0.781,0.781,8.058,8.058,61.344,1.25,35.00,33.0000,6.1344,27.605
1993,350.000,1.200,1.200,71.575,71.575,4.890,2.144,2.144,11.242,11.242,86.161,1.25,35.00,33.0000,8.6161,38.772
1994,500.000,5.000,5.000,99.206,99.206,5.040,6.250,6.250,15.979,15.979,126.435,1.25,35.00,33.0000,12.6435,56.896
1995,450.000,3.281,3.281,90.180,90.180,4.990,4.556,4.556,14.405,14.405,112.422,1.25,35.00,33.0000,11.2422,50.590
1996,300.000,0.648,0.648,61.983,61.983,4.840,1.350,1.350,9.653,9.653,73.634,1.25,35.00,33.0000,7.3634,33.135
1997,200.000,0.128,0.128,42.194,42.194,4.740,0.400,0.400,6.459,6.459,49.181,1.25,35.00,33.0000,4.9181,22.131
1998,250.000,0.313,0.313,52.192,52.192,4.790,0.781,0.781,8.058,8.058,61.344,1.25,35.00,33.0000,6.1344,27.605
1999,350.000,1.200,1.200,71.575,71.575,4.890,2.144,2.144,11.242,11.242,86.161,1.25,35.00,33.0000,8.6161,38.772
2000,500.000,5.000,5.000,99.206,99.206,5.040,6.250,6.250,15.979,15.979,126.435,1.25,35.00,33.0000,12.6435,56.896
2001,450.000,3.281,3.281,90.180,90.180,4.990,4.556,4.556,14.405,14.405,112.422,1.25,35.00,33.0000,11.2422,50.590
2002,300.000,0.648,0.648,61.983,61.983,4.840,1.350,1.350,9.653,9.653,73.634,1.25,35.00,33.0000,7.3634,33.135
2003,200.000,0.128,0.128,42.194,42.194,4.740,0.400,0.400,6.459,6.459,49.181,1.25,35.00,33.0000,4.9181,22.131
2004,250.000,0.313,0.313,52.192,52.192,4.790,0.781,0.781,8.058,8.058,61.344,1.25,35.00,33.0000,6.1344,27.605
2005,350.000,1.200,1.200,71.575,71.575,4.890,2.144,2.144,11.242,11.242,86.161,1.25,35.00,33.0000,8.6161,38.772
2006,500.000,5.000,5.000,99.206,99.206,5.040,6.250,6.250,15.979,15.979,126.435,1.25,35.00,33.0000,12.6435,56.896
2007,450.000,3.281,3.281,90.180,90.180,4.990,4.556,4.556,14.405,14.405,112.422,1.25,35.00,33.0000,11.2422,50.590
2008,300.000,0.648,0.648,61.983,61.983,4.840,1.350,1.350,9.653,9.653,73.634,1.25,35.00,33.0000,7.3634,33.135
2009,200.000,0.128,0.128,42.194,42.194,4.740,0.400,0.400,6.459,6.459,49.181,1.25,35.00,33.0000,4.9181,22.131
2010,250.000,0.313,0.313,52.192,52.192,4.790,0.781,0.781,8.058,8.058,61.344,1.25,35.00,33.0000,6.1344,27.605
2011,350.000,1.200,1.200,71.575,71.575,4.890,2.144,2.144,11.242,11.242,86.161,1.25,35.00,33.0000,8.6161,38.772
2012,500.000,5.000,5.000,99.206,99.206,5.040,6.250,6.250,15.979,15.979,126.435,1.25,35.00,33.0000,12.6435,56.896
2013,450.000,3.281,3.281,90.180,90.180,4.990,4.556,4.556,14.405,14.405,112.422,1.25,35.00,33.0000,11.2422,50.590
2014,300.000,0.648,0.648,61.983,61.983,4.840,1.350,1.350,9.653,9.653,73.634,1.25,35.00,33.0000,7.3634,33.135
2015,200.000,0.128,0.128,42.194,42.194,4.740,0.400,0.400,6.459,6.459,49.181,1.25,35.00,33.0000,4.9181,22.131
2016,250.000,0.313,0.313,52.192,52.192,4.790,0.781,0.781,8.058,8.058,61.344,1.25,35.00,33.0000,6.1344,27.605
2017,350.000,1.200,1.200,71.575,71.575,4.890,2.144,2.144,11.242,11.242,86.161,1.25,35.00,33.0000,8.6161,38.772
2018,500.000,5.000,5.000,99.206,99.206,5.040,6.250,6.250,15.979,15.979,126.435,1.25,35.00,33.0000,12.6435,56.896
2019,450.000,3.281,3.281,90.180,90.180,4.990,4.556,4.556,14.405,14.405,112.422,1.25,35.00,33.0000,11.2422,50.590
2020,300.000,0.648,0.648,61.983,61.983,4.840,1.350,1.350,9.653,9.653,73.634,1.25,35.00,33.0000,7.3634,33.135
2021,200.000,0.128,0.128,42.194,42.194,4.740,0.400,0.400,6.459,6.459,49.181,1.25,35.00,33.0000,4.9181,22.131
2022,250.000,0.313,0.313,52.192,52.192,4.790,0.781,0.781,8.058,8.058,61.344,1.25,35.00,33.0000,6.1344,27.605
2023,350.000,1.200,1.200,71.575,71.575,4.890,2.144,2.144,11.242,11.242,86.161,1.25,35.00,33.0000,8.6161,38.772
2024,500.000,5.000,5.000,99.206,99.206,5.040,6.250,6.250,15.979,15.979,126.435,1.25,35.00,33.0000,12.6435,56.896
2025,450.000,3.281,3.281,90.180,90.180,4.990,4.556,4.556,14.405,14.405,112.422,1.25,35.00,33.0000,11.2422,50.590
2026,300.000,0.648,0.648,61.983,61.983,4.840,1.350,1.350,9.653,9.653,73.634,1.25,35.00,33.0000,7.3634,33.135
2027,200.000,0.128,0.128,42.194,42.194,4.740,0.400,0.400,6.459,6.459,49.181,1.25,35.00,33.0000,4.9181,22.131
2028,250.000,0.313,0.313,52.192,52.192,4.790,0.781,0.781,8.058,8.058,61.344,1.25,35.00,33.0000,6.1344,27.605
2029,350.000,1.200,1.200,71.575,71.575,4.890,2.144,2.144,11.242,11.242,86.161,1.25,35.00,33.0000,8.6161,38.772
2030,500.000,5.000,5.000,99.206,99.206,5.040,6.250,6.250,15.979,15.979,126.435,1.25,35.00,33.0000,12.6435,56.896
2031,450.000,3.281,3.281,90.180,90.180,4.990,4.556,4.556,14.405,14.405,112.422,1.25,35.00,33.0000,11.2422,50.590
2032,300.000,0.648,0.648,61.983,61.983,4.840,1.350,1.350,9.653,9.653,73.634,1.25,35.00,33.0000,7.3634,33.135
2033,200.000,0.128,0.128,42.194,42.194,4.740,0.400,0.400,6.459,6.459,49.181,1.25,35.00,33.0000,4.9181,22.131
2034,250.000,0.313,0.313,52.192,52.192,4.790,0.781,0.781,8.058,8.058,61.344,1.25,35.00,33.0000,6.1344,27.605
2035,350.000,1.200,1.200,71.575,71.575,4.890,2.144,2.144,11.242,11.242,86.161,1.25,35.00,33.0000,8.6161,38.772
2036,500.000,5.000,5.000,99.206,99.206,5.040,6.250,6.250,15.979,15.979,126.435,1.25,35.00,33.0000,12.6435,56.896
2037,450.000,3.281,3.281,90.180,90.180,4.990,4.556,4.556,14.405,14.405,112.422,1.25,35.00,33.0000,11.2422,50.590
2038,300.000,0.648,0.648,61.983,61.983,4.840,1.350,1.350,9.653,9.653,73.634,1.25,35.00,33.0000,7.3634,33.135
2039,200.000,0.128,0.128,42.194,42.194,4.740,0.400,0.400,6.459,6.459,49.181,1.25,35.00,33.0000,4.9181,22.131
2040,250.000,0.313,0.313,52.192,52.192,4.790,0.781,0.781,8.058,8.058,61.344,1.25,35.00,33.0000,6.1344,27.605
2041,350.000,1.200,1.200,71.575,71.575,4.890,2.144,2.144,11.242,11.242,86.161,1.25,35.00,33.0000,8.6161,38.772
2042,500.000,5.000,5.000,99.206,99.206,5.040,6.250,6.250,15.979,15.979,126.435,1.25,35.00,33.0000,12.6435,56.896
2043,450.000,3.281,3.281,90.180,90.180,4.990,4.556,4.556,14.405,14.405,112.422,1.25,35.00,33.0000,11.2422,50.590
2044,300.000,0.648,0.648,61.983,61.983,4.840,1.350,1.350,9.653,9.653,73.634,1.25,35.00,33.0000,7.3634,33.135
2045,200.000,0.128,0.128,42.194,42.194,4.740,0.400,0.400,6.459,6.459,49.181,1.25,35.00,33.0000,4.9181,22.131
2046,250.000,0.313,0.313,52.192,52.192,4.790,0.781,0.781,8.058,8.058,61.344,1.25,35.00,33.0000,6.1344,27.605
2047,350.000,1.200,1.200,71.575,71.575,4.890,2.144,2.144,11.242,11.242,86.161,1.25,35.00,33.0000,8.6161,38.772
2048,500.000,5.000,5.000,99.206,99.206,5.040,6.250,6.250,15.979,15.979,126.435,1.25,35.00,33.0000,12.6435,56.896
2049,450.000,3.281,3.281,90.180,90.180,4.990,4.556,4.556,14.405,14.405,112.422,1.25,35.00,33.0000,11.2422,50.590
2050,300.000,0.648,0.648,61.983,61.983,4.840,1.350,1.350,9.653,9.653,73.634,1.25,35.00,33.0000,7.3634,33.135
2051,200.000,0.128,0.128,42.194,42.194,4.740,0.400,0.400,6.459,6.459,49.181,1.25,35.00,33.0000,4.9181,22.131
2052,250.000,0.313,0.313,52.192,52.192,4.790,0.781,0.781,8.058,8.058,61.344,1.25,35.00,33.0000,6.1344,27.605
2053,350.000,1.200,1.200,71.575,71.575,4.890,2.144,2.144,11.242,11.242,86.161,1.25,35.00,33.0000,8.6161,38.772
2054,500.000,5.000,5.000,99.206,99.206,5.040,6.250,6.250,15.979,15.979,126.435,1.25,35.00,33.0000,12.6435,56.896
2055,450.000,3.281,3.281,90.180,90.180,4.990,4.556,4.556,14.405,14.405,112.422,1.25,35.00,33.0000,11.2422,50.590
2056,300.000,0.648,0.648,61.983,61.983,4.840,1.350,1.350,9.653,9.653,73.634,1.25,35.00,33.0000,7.3634,33.135
2057,200.000,0.128,0.128,42.194,42.194,4.740,0.400,0.400,6.459,6.459,49.181,1.25,35.00,33.0000,4.9181,22.131
2058,250.000,0.313,0.313,52.192,52.192,4.790,0.781,0.781,8.058,8.058,61.344,1.25,35.00,33.0000,6.1344,27.605
2059,350.000,1.200,1.200,71.575,71.575,4.890,2.144,2.144,11.242,11.242,86.161,1.25,35.00,33.0000,8.6161,38.772
2060,500.000,5.000,5.000,99.206,99.206,5.040,6.250,6.250,15.979,15.979,126.435,1.25,35.00,33.0000,12.6435,56.896
2061,450.000,3.281,3.281,90.180,90.180,4.990,4.556,4.556,14.405,14.405,112.422,1.25,35.00,33.0000,11.2422,50.590
2062,300.000,0.648,0.648,61.983,61.983,4.840,1.350,1.350,9.653,9.653,73.634,1.25,35.00,33.0000,7.3634,33.135
2063,200.000,0.128,0.128,42.194,42.194,4.740,0.400,0.400,6.459,6.459,49.181,1.25,35.00,33.0000,4.9181,22.131
2064,250.000,0.313,0.313,52.192,52.192,4.790,0.781,0.781,8.058,8.058,61.344,1.25,35.00,33.0000,6.1344,27.605
2065,350.000,1.200,1.200,71.575,71.575,4.890,2.144,2.144,11.242,11.242,86.161,1.25,35.00,33.0000,8.6161,38.772
2066,500.000,5.000,5.000,99.206,99.206,5.040,6.250,6.250,15.979,15.979,126.435,1.25,35.00,33.0000,12.6435,56.896
2067,450.000,3.281,3.281,90.180,90.180,4.990,4.556,4.556,14.405,14.405,112.422,1.25,35.00,33.0000,11.2422,50.590
2068,300.000,0.648,0.648,61.983,61.983,4.840,1.350,1.350,9.653,9.653,73.634,1.25,35.00,33.0000,7.3634,33.135
2069,200.000,0.128,0.128,42.194,42.194,4.740,0.400,0.400,6.459,6.459,49.181,1.25,35.00,33.0000,4.9181,22.131
2070,250.000,0.313,0.313,52.192,52.192,4.790,0.781,0.781,8.058,8.058,61.344,1.25,35.00,33.0000,6.1344,27.605
2071,350.000,1.200,1.200,71.575,71.575,4.890,2.144,2.144,11.242,11.242,86.161,1.25,35.00,33.0000,8.6161,38.772
2072,500.000,5.000,5.000,99.206,99.206,5.040,6.250,6.250,15.979,15.979,126.435,1.25,35.00,33.0000,12.6435,56.896
2073,450.000,3.281,3.281,90.180,90.180,4.990,4.556,4.556,14.405,14.405,112.422,1.25,35.00,33.0000,11.2422,50.590
2074,300.000,0.648,0.648,61.983,61.983,4.840,1.350,1.350,9.653,9.653,73.634,1.25,35.00,33.0000,7.3634,33.135
2075,200.000,0.128,0.128,42.194,42.194,4.740,0.400,0.400,6.459,6.459,49.181,1.25,35.00,33.0000,4.9181,22.131
2076,250.000,0.313,0.313,52.192,52.192,4.790,0.781,0.781,8.058,8.058,61.344,1.25,35.00,33.0000,6.1344,27.605
2077,350.000,1.200,1.200,71.575,71.575,4.890,2.144,2.144,11.242,11.242,86.161,1.25,35.00,33.0000,8.6161,38.772
2078,500.000,5.000,5.000,99.206,99.206,5.040,6.250,6.250,15.979,15.979,126.435,1.25,35.00,33.0000,12.6435,56.896
2079,450.000,3.281,3.281,90.180,90.180,4.990,4.556,4.556,14.405,14.405,112.422,1.25,35.00,33.0000,11.2422,50.590
2080,300.000,0.648,0.648,61.983,61.983,4.840,1.350,1.350,9.653,9.653,73.634,1.25,35.00,33.0000,7.3634,33.135
2081,200.000,0.128,0.128,42.194,42.194,4.740,0.400,0.400,6.459,6.459,49.181,1.25,35.00,33.0000,4.9181,22.131
2082,250.000,0.313,0.313,52.192,52.192,4.790,0.781,0.781,8.058,8.058,61.344,1.25,35.00,33.0000,6.1344,27.605
2083,350.000,1.200,1.200,71.575,71.575,4.890,2.144,2.144,11.242,11.242,86.161,1.25,35.00,33.0000,8.6161,38.772
2084,500.000,5.000,5.000,99.206,99.206,5.040,6.250,6.250,15.979,15.979,126.435,1.25,35.00,33.0000,12.6435,56.896
2085,450.000,3.281,3.281,90.180,90.180,4.990,4.556,4.556,14.405,14.405,112.422,1.25,35.00,33.0000,11.2422,50.590
2086,300.000,0.648,0.648,61.983,61.983,4.840,1.350,1.350,9.653,9.653,73.634,1.25,35.00,33.0000,7.3634,33.135
2087,200.000,0.128,0.128,42.194,42.194,4.740,0.400,0.400,6.459,6.459,49.181,1.25,35.00,33.0000,4.9181,22.131
2088,250.000,0.313,0.313,52.192,52.192,4.790,0.781,0.781,8.058,8.058,61.344,1.25,35.00,33.0000,6.1344,27.605
2089,350.000,1.200,1.200,71.575,71.575,4.890,2.144,2.144,11.242,11.242,86.161,1.25,35.00,33.0000,8.6161,38.772
2090,500.000,5.000,5.000,99.206,99.206,5.040,6.250,6.250,15.979,15.979,126.435,1.25,35.00,33.0000,12.6435,56.896
2091,450.000,3.281,3.281,90.180,90.180,4.990,4.556,4.556,14.405,14.405,112.422,1.25,35.00,33.0000,11.2422,50.590
2092,300.000,0.648,0.648,61.983,61.983,4.840,1.350,1.350,9.653,9.653,73.634,1.25,35.00,33.0000,7.3634,33.135
2093,200.000,0.128,0.128,42.194,42.194,4.740,0.400,0.400,6.459,6.459,49.181,1.25,35.00,33.0000,4.9181,22.131
2094,250.000,0.313,0.313,52.192,52.192,4.790,0.781,0.781,8.058,8.058,61.344,1.25,35.00,33.0000,6.1344,27.605
2095,350.000,1.200,1.200,71.575,71.575,4.890,2.144,2.144,11.242,11.242,86.161,1.25,35.00,33.0000,8.6161,38.772
2096,500.000,5.000,5.000,99.206,99.206,5.040,6.250,6.250,15.979,15.979,126.435,1.25,35.00,33.0000,12.6435,56.896
2097,450.000,3.281,3.281,90.180,90.180,4.990,4.556,4.556,14.405,14.405,112.422,1.25,35.00,33.0000,11.2422,50.590
2098,300.000,0.648,0.648,61.983,61.983,4.840,1.350,1.350,9.653,9.653,73.634,1.25,35.00,33.0000,7.3634,33.135
2099,200.000,0.128,0.128,42.194,42.194,4.740,0.400,0.400,6.459,6.459,49.181,1.25,35.00,33.0000,4.9181,22.131
2100,250.000,0.313,0.313,52.192,52.192,4.790,0.781,0.781,8.058,8.058,61.344,1.25,35.00,33.0000,6.1344,27.605
2101,350.000,1.200,1.200,71.575,71.575,4.890,2.144,2.144,11.242,11.242,86.161,1.25,35.00,33.0000,8.6161,38.772
2102,500.000,5.000,5.000,99.206,99.206,5.040,6.250,6.250,15.979,15.979,126.435,1.25,35.00,33.0000,12.6435,56.896
2103,450.000,3.281,3.281,90.180,90.180,4.990,4.556,4.556,14.405,14.405,112.422,1.25,35.00,33.0000,11.2422,50.590
2104,300.000,0.648,0.648,61.983,61.983,4.840,1.350,1.350,9.653,9.653,73.634,1.25,35.00,33.0000,7.3634,33.135
2105,200.000,0.128,0.128,42.194,42.194,4.740,0.400,0.400,6.459,6.459,49.181,1.25,35.00,33.0000,4.9181,22.131
2106,250.000,0.313,0.313,52.192,52.192,4.790,0.781,0.781,8.058,8.058,61.344,1.25,35.00,33.0000,6.1344,27.605
2107,350.000,1.200,1.200,71.575,71.575,4.890,2.144,2.144,11.242,11.242,86.161,1.25,35.00,33.0000,8.6161,38.772
2108,500.000,5.000,5.000,99.206,99.206,5.040,6.250,6.250,15.979,15.979,126.435,1.25,35.00,33.0000,12.6435,56.896
2109,450.000,3.281,3.281,90.180,90.180,4.990,4.556,4.556,14.405,14.405,112.422,1.25,35.00,33.0000,11.2422,50.590
2110,300.000,0.648,0.648,61.983,61.983,4.840,1.350,1.350,9.653,9.653,73.634,1.25,35.00,33.0000,7.3634,33.135
2111,200.000,0.128,0.128,42.194,42.194,4.740,0.400,0.400,6.459,6.459,49.181,1.25,35.00,33.0000,4.9181,22.131
2112,250.000,0.313,0.313,52.192,52.192,4.790,0.781,0.781,8.058,8.058,61.344,1.25,35.00,33.0000,6.1344,27.605
2113,350.000,1.200,1.200,71.575,71.575,4.890,2.144,2.144,11.242,11.242,86.161,1.25,35.00,33.0000,8.6161,38.772
2114,500.000,5.000,5.000,99.206,99.206,5.040,6.250,6.250,15.979,15.979,126.435,1.25,35.00,33.0000,12.6435,56.896
2115,450.000,3.281,3.281,90.180,90.180,4.990,4.556,4.556,14.405,14.405,112.422,1.25,35.00,33.0000,11.2422,50.590
2116,300.000,0.648,0.648,61.983,61.983,4.840,1.350,1.350,9.653,9.653,73.634,1.25,35.00,33.0000,7.3634,33.135
2117,200.000,0.128,0.128,42.194,42.194,4.740,0.400,0.400,6.459,6.459,49.181,1.25,35.00,33.0000,4.9181,22.131
2118,250.000,0.313,0.313,52.192,52.192,4.790,0.781,0.781,8.058,8.058,61.344,1.25,35.00,33.0000,6.1344,27.605
2119,350.000,1.200,1.200,71.575,71.575,4.890,2.144,2.144,11.242,11.242,86.161,1.25,35.00,33.0000,8.6161,38.772
2120,500.000,5.000,5.000,99.206,99.206,5.040,6.250,6.250,15.979,15.979,126.435,1.25,35.00,33.0000,12.6435,56.896
2121,450.000,3.281,3.281,90.180,90.180,4.990,4.556,4.556,14.405,14.405,112.422,1.25,35.00,33.0000,11.2422,50.590
2122,300.000,0.648,0.648,61.983,61.983,4.840,1.350,1.350,9.653,9.653,73.634,1.25,35.00,33.0000,7.3634,33.135
2123,200.000,0.128,0.128,42.194,42.194,4.740,0.400,0.400,6.459,6.459,49.181,1.25,35.00,33.0000,4.9181,22.131
2124,250.000,0.313,0.313,52.192,52.192,4.790,0.781,0.781,8.058,8.058,61.344,1.25,35.00,33.0000,6.1344,27.605
2125,350.000,1.200,1.200,71.575,71.575,4.890,2.144,2.144,11.242,11.242,86.161,1.25,35.00,33.0000,8.6161,38.772
2126,500.000,5.000,5.000,99.206,99.206,5.040,6.250,6.250,15.979,15.979,126.435,1.25,35.00,33.0000,12.6435,56.896
2127,450.000,3.281,3.281,90.180,90.180,4.990,4.556,4.556,14.405,14.405,112.422,1.25,35.00,33.0000,11.2422,50.590
2128,300.000,0.648,0.648,61.983,61.983,4.840,1.350,1.350,9.653,9.653,73.634,1.25,35.00,33.0000,7.3634,33.135
2129,200.000,0.128,0.128,42.194,42.194,4.740,0.400,0.400,6.459,6.459,49.181,1.25,35.00,33.0000,4.9181,22.131
2130,250.000,0.313,0.313,52.192,52.192,4.790,0.781,0.781,8.058,8.058,61.344,1.25,35.00,33.0000,6.1344,27.605
2131,350.000,1.200,1.200,71.575,71.575,4.890,2.144,2.144,11.242,11.242,86.161,1.25,35.00,33.0000,8.6161,38.772
2132,500.000,5.000,5.000,99.206,99.206,5.040,6.250,6.250,15.979,15.979,126.435,1.25,35.00,33.0000,12.6435,56.896
2133,450.000,3.281,3.281,90.180,90.180,4.990,4.556,4.556,14.405,14.405,112.422,1.25,35.00,33.0000,11.2422,50.590
2134,300.000,0.648,0.648,61.983,61.983,4.840,1.350,1.350,9.653,9.653,73.634,1.25,35.00,33.0000,7.3634,33.135
2135,200.000,0.128,0.128,42.194,42.194,4.740,0.400,0.400,6.459,6.459,49.181,1.25,35.00,33.0000,4.9181,22.131
2136,250.000,0.313,0.313,52.192,52.192,4.790,0.781,0.781,8.058,8.058,61.344,1.25,35.00,33.0000,6.1344,27.605
2137,350.000,1.200,1.200,71.575,71.575,4.890,2.144,2.144,11.242,11.242,86.161,1.25,35.00,33.0000,8.6161,38.772
2138,500.000,5.000,5.000,99.206,99.206,5.040,6.250,6.250,15.979,15.979,126.435,1.25,35.00,33.0000,12.6435,56.896
2139,450.000,3.281,3.281,90.180,90.180,4.990,4.556,4.556,14.405,14.405,112.422,1.25,35.00,33.0000,11.2422,50.590
2140,300.000,0.648,0.648,61.983,61.983,4.840,1.350,1.350,9.653,9.653,73.634,1.25,35.00,33.0000,7.3634,33.135
2141,200.000,0.128,0.128,42.194,42.194,4.740,0.400,0.400,6.459,6.459,49.181,1.25,35.00,33.0000,4.9181,22.131
2142,250.000,0.313,0.313,52.192,52.192,4.790,0.781,0.781,8.058,8.058,61.344,1.25,35.00,33.0000,6.1344,27.605
2143,350.000,1.200,1.200,71.575,71.575,4.890,2.144,2.144,11.242,11.242,86.161,1.25,35.00,33.0000,8.6161,38.772
2144,500.000,5.000,5.000,99.206,99.206,5.040,6.250,6.250,15.979,15.979,126.435,1.25,35.00,33.0000,12.6435,56.896
2145,450.000,3.281,3.281,90.180,90.180,4.990,4.556,4.556,14.405,14.405,112.422,1.25,35.00,33.0000,11.2422,50.590
2146,300.000,0.648,0.648,61.983,61.983,4.840,1.350,1.350,9.653,9.653,73.634,1.25,35.00,33.0000,7.3634,33.135
2147,200.000,0.128,0.128,42.194,42.194,4.740,0.400,0.400,6.459,6.459,49.181,1.25,35.00,33.0000,4.9181,22.131
2148,250.000,0.313,0.313,52.192,52.192,4.790,0.781,0.781,8.058,8.058,61.344,1.25,35.00,33.0000,6.1344,27.605
2149,350.000,1.200,1.200,71.575,71.575,4.890,2.144,2.144,11.242,11.242,86.161,1.25,35.00,33.0000,8.6161,38.772
2150,500.000,5.000,5.000,99.206,99.206,5.040,6.250,6.250,15.979,15.979,126.435,1.25,35.00,33.0000,12.6435,56.896
2151,450.000,3.281,3.281,90.180,90.180,4.990,4.556,4.556,14.405,14.405,112.422,1.25,35.00,33.0000,11.2422,50.590
2152,300.000,0.648,0.648,61.983,61.983,4.840,1.350,1.350,9.653,9.653,73.634,1.25,35.00,33.0000,7.3634,33.135
2153,200.000,0.128,0.128,42.194,42.194,4.740,0.400,0.400,6.459,6.459,49.181,1.25,35.00,33.0000,4.9181,22.131
2154,250.000,0.313,0.313,52.192,52.192,4.790,0.781,0.781,8.058,8.058,61.344,1.25,35.00,33.0000,6.1344,27.605
2155,350.000,1.200,1.200,71.575,71.575,4.890,2.144,2.144,11.242,11.242,86.161,1.25,35.00,33.0000,8.6161,38.772
2156,500.000,5.000,5.000,99.206,99.206,5.040,6.250,6.250,15.979,15.979,126.435,1.25,35.00,33.0000,12.6435,56.896
2157,450.000,3.281,3.281,90.180,90.180,4.990,4.556,4.556,14.405,14.405,112.422,1.25,35.00,33.0000,11.2422,50.590
2158,300.000,0.648,0.648,61.983,61.983,4.840,1.350,1.350,9.653,9.653,73.634,1.25,35.00,33.0000,7.3634,33.135
2159,200.000,0.128,0.128,42.194,42.194,4.740,0.400,0.400,6.459,6.459,49.181,1.25,35.00,33.0000,4.9181,22.131
2160,250.000,0.313,0.313,52.192,52.192,4.790,0.781,0.781,8.058,8.058,61.344,1.25,35.00,33.0000,6.1344,27.605
2161,350.000,1.200,1.200,71.575,71.575,4.890,2.144,2.144,11.242,11.242,86.161,1.25,35.00,33.0000,8.6161,38.772
2162,500.000,5.000,5.000,99.206,99.206,5.040,6.250,6.250,15.979,15.979,126.435,1.25,35.00,33.0000,12.6435,56.896
2163,450.000,3.281,3.281,90.180,90.180,4.990,4.556,4.556,14.405,14.405,112.422,1.25,35.00,33.0000,11.2422,50.590
2164,300.000,0.648,0.648,61.983,61.983,4.840,1.350,1.350,9.653,9.653,73.634,1.25,35.00,33.0000,7.3634,33.135
2165,200.000,0.128,0.128,42.194,42.194,4.740,0.400,0.400,6.459,6.459,49.181,1.25,35.00,33.0000,4.9181,22.131
2166,250.000,0.313,0.313,52.192,52.192,4.790,0.781,0.781,8.058,8.058,61.344,1.25,35.00,33.0000,6.1344,27.605
2167,350.000,1.200,1.200,71.575,71.575,4.890,2.144,2.144,11.242,11.242,86.161,1.25,35.00,33.0000,8.6161,38.772
2168,500.000,5.000,5.000,99.206,99.206,5.040,6.250,6.250,15.979,15.979,126.435,1.25,35.00,33.0000,12.6435,56.896
2169,450.000,3.281,3.281,90.180,90.180,4.990,4.556,4.556,14.405,14.405,112.422,1.25,35.00,33.0000,11.2422,50.590
2170,300.000,0.648,0.648,61.983,61.983,4.840,1.350,1.350,9.653,9.653,73.634,1.25,35.00,33.0000,7.3634,33.135
2171,200.000,0.128,0.128,42.194,42.194,4.740,0.400,0.400,6.459,6.459,49.181,1.25,35.00,33.0000,4.9181,22.131
2172,250.000,0.313,0.313,52.192,52.192,4.790,0.781,0.781,8.058,8.058,61.344,1.25,35.00,33.0000,6.1344,27.605
2173,350.000,1.200,1.200,71.575,71.575,4.890,2.144,2.144,11.242,11.242,86.161,1.25,35.00,33.0000,8.6161,38.772
2174,500.000,5.000,5.000,99.206,99.206,5.040,6.250,6.250,15.979,15.979,126.435,1.25,35.00,33.0000,12.6435,56.896
2175,450.000,3.281,3.281,90.180,90.180,4.990,4.556,4.556,14.405,14.405,112.422,1.25,35.00,33.0000,11.2422,50.590
2176,300.000,0.648,0.648,61.983,61.983,4.840,1.350,1.350,9.653,9.653,73.634,1.25,35.00,33.0000,7.3634,33.135
2177,200.000,0.128,0.128,42.194,42.194,4.740,0.400,0.400,6.459,6.459,49.181,1.25,35.00,33.0000,4.9181,22.131
2178,250.000,0.313,0.313,52.192,52.192,4.790,0.781,0.781,8.058,8.058,61.344,1.25,35.00,33.0000,6.1344,27.605
2179,350.000,1.200,1.200,71.575,71.575,4.890,2.144,2.144,11.242,11.242,86.161,1.25,35.00,33.0000,8.6161,38.772
2180,500.000,5.000,5.000,99.206,99.206,5.040,6.250,6.250,15.979,15.979,126.435,1.25,35.00,33.0000,12.6435,56.896
2181,450.000,3.281,3.281,90.180,90.180,4.990,4.556,4.556,14.405,14.405,112.422,1.25,35.00,33.0000,11.2422,50.590
2182,300.000,0.648,0.648,61.983,61.983,4.840,1.350,1.350,9.653,9.653,73.634,1.25,35.00,33.0000,7.3634,33.135
2183,200.000,0.128,0.128,42.194,42.194,4.740,0.400,0.400,6.459,6.459,49.181,1.25,35.00,33.0000,4.9181,22.131
2184,250.000,0.313,0.313,52.192,52.192,4.790,0.781,0.781,8.058,8.058,61.344,1.25,35.00,33.0000,6.1344,27.605
2185,350.000,1.200,1.200,71.575,71.575,4.890,2.144,2.144,11.242,11.242,86.161,1.25,35.00,33.0000,8.6161,38.772
2186,500.000,5.000,5.000,99.206,99.206,5.040,6.250,6.250,15.979,15.979,126.435,1.25,35.00,33.0000,12.6435,56.896
2187,450.000,3.281,3.281,90.180,90.180,4.990,4.556,4.556,14.405,14.405,112.422,1.25,35.00,33.0000,11.2422,50.590
2188,300.000,0.648,0.648,61.983,61.983,4.840,1.350,1.350,9.653,9.653,73.634,1.25,35.00,33.0000,7.3634,33.135
2189,200.000,0.128,0.128,42.194,42.194,4.740,0.400,0.400,6.459,6.459,49.181,1.25,35.00,33.0000,4.9181,22.131
2190,250.000,0.313,0.313,52.192,52.192,4.790,0.781,0.781,8.058,8.058,61.344,1.25,35.00,33.0000,6.1344,27.605
2191,350.000,1.200,1.200,71.575,71.575,4.890,2.144,2.144,11.242,11.242,86.161,1.25,35.00,33.0000,8.6161,38.772
2192,500.000,5.000,5.000,99.206,99.206,5.040,6.250,6.250,15.979,15.979,126.435,1.25,35.00,33.0000,12.6435,56.896
2193,450.000,3.281,3.281,90.180,90.180,4.990,4.556,4.556,14.405,14.405,112.422,1.25,35.00,33.0000,11.2422,50.590
2194,300.000,0.648,0.648,61.983,61.983,4.840,1.350,1.350,9.653,9.653,73.634,1.25,35.00,33.0000,7.3634,33.135
2195,200.000,0.128,0.128,42.194,42.194,4.740,0.400,0.400,6.459,6.459,49.181,1.25,35.00,33.0000,4.9181,22.131
2196,250.000,0.313,0.313,52.192,52.192,4.790,0.781,0.781,8.058,8.058,61.344,1.25,35.00,33.0000,6.1344,27.605
2197,350.000,1.200,1.200,71.575,71.575,4.890,2.144,2.144,11.242,11.242,86.161,1.25,35.00,33.0000,8.6161,38.772
2198,500.000,5.000,5.000,99.206,99.206,5.040,6.250,6.250,15.979,15.979,126.435,1.25,35.00,33.0000,12.6435,56.896
2199,450.000,3.281,3.281,90.180,90.180,4.990,4.556,4.556,14.405,14.405,112.422,1.25,35.00,33.0000,11.2422,50.590
2200,300.000,0.648,0.648,61.983,61.983,4.840,1.350,1.350,9.653,9.653,73.634,1.25,35.00,33.0000,7.3634,33.135
2201,200.000,0.128,0.128,42.194,42.194,4.740,0.400,0.400,6.459,6.459,49.181,1.25,35.00,33.0000,4.9181,22.131
2202,250.000,0.313,0.313,52.192,52.192,4.790,0.781,0.781,8.058,8.058,61.344,1.25,35.00,33.0000,6.1344,27.605
2203,350.000,1.200,1.200,71.575,71.575,4.890,2.144,2.144,11.242,11.242,86.161,1.25,35.00,33.0000,8.6161,38.772
2204,500.000,5.000,5.000,99.206,99.206,5.040,6.250,6.250,15.979,15.979,126.435,1.25,35.00,33.0000,12.6435,56.896
2205,450.000,3.281,3.281,90.180,90.180,4.990,4.556,4.556,14.405,14.405,112.422,1.25,35.00,33.0000,11.2422,50.590
2206,300.000,0.648,0.648,61.983,61.983,4.840,1.350,1.350,9.653,9.653,73.634,1.25,35.00,33.0000,7.3634,33.135
2207,200.000,0.128,0.128,42.194,42.194,4.740,0.400,0.400,6.459,6.459,49.181,1.25,35.00,33.0000,4.9181,22.131
2208,250.000,0.313,0.313,52.192,52.192,4.790,0.781,0.781,8.058,8.058,61.344,1.25,35.00,33.0000,6.1344,27.605
2209,350.000,1.200,1.200,71.575,71.575,4.890,2.144,2.144,11.242,11.242,86.161,1.25,35.00,33.0000,8.6161,38.772
2210,500.000,5.000,5.000,99.206,99.206,5.040,6.250,6.250,15.979,15.979,126.435,1.25,35.00,33.0000,12.6435,56.896
2211,450.000,3.281,3.281,90.180,90.180,4.990,4.556,4.556,14.405,14.405,112.422,1.25,35.00,33.0000,11.2422,50.590
2212,300.000,0.648,0.648,61.983,61.983,4.840,1.350,1.350,9.653,9.653,73.634,1.25,35.00,33.0000,7.3634,33.135
2213,200.000,0.128,0.128,42.194,42.194,4.740,0.400,0.400,6.459,6.459,49.181,1.25,35.00,33.0000,4.9181,22.131
2214,250.000,0.313,0.313,52.192,52.192,4.790,0.781,0.781,8.058,8.058,61.344,1.25,35.00,33.0000,6.1344,27.605
2215,350.000,1.200,1.200,71.575,71.575,4.890,2.144,2.144,11.242,11.242,86.161,1.25,35.00,33.0000,8.6161,38.772
2216,500.000,5.000,5.000,99.206,99.206,5.040,6.250,6.250,15.979,15.979,126.435,1.25,35.00,33.0000,12.6435,56.896
2217,450.000,3.281,3.281,90.180,90.180,4.990,4.556,4.556,14.405,14.405,112.422,1.25,35.00,33.0000,11.2422,50.590
2218,300.000,0.648,0.648,61.983,61.983,4.840,1.350,1.350,9.653,9.653,73.634,1.25,35.00,33.0000,7.3634,33.135
2219,200.000,0.128,0.128,42.194,42.194,4.740,0.400,0.400,6.459,6.459,49.181,1.25,35.00,33.0000,4.9181,22.131
2220,250.000,0.313,0.313,52.192,52.192,4.790,0.781,0.781,8.058,8.058,61.344,1.25,35.00,33.0000,6.1344,27.605
2221,350.000,1.200,1.200,71.575,71.575,4.890,2.144,2.144,11.242,11.242,86.161,1.25,35.00,33.0000,8.6161,38.772
2222,500.000,5.000,5.000,99.206,99.206,5.040,6.250,6.250,15.979,15.979,126.435,1.25,35.00,33.0000,12.6435,56.896
2223,450.000,3.281,3.281,90.180,90.180,4.990,4.556,4.556,14.405,14.405,112.422,1.25,35.00,33.0000,11.2422,50.590
2224,300.000,0.648,0.648,61.983,61.983,4.840,1.350,1.350,9.653,9.653,73.634,1.25,35.00,33.0000,7.3634,33.135
2225,200.000,0.128,0.128,42.194,42.194,4.740,0.400,0.400,6.459,6.459,49.181,1.25,35.00,33.0000,4.9181,22.131
2226,250.000,0.313,0.313,52.192,52.192,4.790,0.781,0.781,8.058,8.058,61.344,1.25,35.00,33.0000,6.1344,27.605
2227,350.000,1.200,1.200,71.575,71.575,4.890,2.144,2.144,11.242,11.242,86.161,1.25,35.00,33.0000,8.6161,38.772
2228,500.000,5.000,5.000,99.206,99.206,5.040,6.250,6.250,15.979,15.979,126.435,1.25,35.00,33.0000,12.6435,56.896
2229,450.000,3.281,3.281,90.180,90.180,4.990,4.556,4.556,14.405,14.405,112.422,1.25,35.00,33.0000,11.2422,50.590
2230,300.000,0.648,0.648,61.983,61.983,4.840,1.350,1.350,9.653,9.653,73.634,1.25,35.00,33.0000,7.3634,33.135
2231,200.000,0.128,0.128,42.194,42.194,4.740,0.400,0.400,6.459,6.459,49.181,1.25,35.00,33.0000,4.9181,22.131
2232,250.000,0.313,0.313,52.192,52.192,4.790,0.781,0.781,8.058,8.058,61.344,1.25,35.00,33.0000,6.1344,27.605
2233,350.000,1.200,1.200,71.575,71.575,4.890,2.144,2.144,11.242,11.242,86.161,1.25,35.00,33.0000,8.6161,38.772
2234,500.000,5.000,5.000,99.206,99.206,5.040,6.250,6.250,15.979,15.979,126.435,1.25,35.00,33.0000,12.6435,56.896
2235,450.000,3.281,3.281,90.180,90.180,4.990,4.556,4.556,14.405,14.405,112.422,1.25,35.00,33.0000,11.2422,50.590
2236,300.000,0.648,0.648,61.983,61.983,4.840,1.350,1.350,9.653,9.653,73.634,1.25,35.00,33.0000,7.3634,33.135
2237,200.000,0.128,0.128,42.194,42.194,4.740,0.400,0.400,6.459,6.459,49.181,1.25,35.00,33.0000,4.9181,22.131
2238,250.000,0.313,0.313,52.192,52.192,4.790,0.781,0.781,8.058,8.058,61.344,1.25,35.00,33.0000,6.1344,27.605
2239,350.000,1.200,1.200,71.575,71.575,4.890,2.144,2.144,11.242,11.242,86.161,1.25,35.00,33.0000,8.6161,38.772
2240,500.000,5.000,5.000,99.206,99.206,5.040,6.250,6.250,15.979,15.979,126.435,1.25,35.00,33.0000,12.6435,56.896
2241,450.000,3.281,3.281,90.180,90.180,4.990,4.556,4.556,14.405,14.405,112.422,1.25,35.00,33.0000,11.2422,50.590
2242,300.000,0.648,0.648,61.983,61.983,4.840,1.350,1.350,9.653,9.653,73.634,1.25,35.00,33.0000,7.3634,33.135
2243,200.000,0.128,0.128,42.194,42.194,4.740,0.400,0.400,6.459,6.459,49.181,1.25,35.00,33.0000,4.9181,22.131
2244,250.000,0.313,0.313,52.192,52.192,4.790,0.781,0.781,8.058,8.058,61.344,1.25,35.00,33.0000,6.1344,27.605
2245,350.000,1.200,1.200,71.575,71.575,4.890,2.144,2.144,11.242,11.242,86.161,1.25,35.00,33.0000,8.6161,38.772
2246,500.000,5.000,5.000,99.206,99.206,5.040,6.250,6.250,15.979,15.979,126.435,1.25,35.00,33.0000,12.6435,56.896
2247,450.000,3.281,3.281,90.180,90.180,4.990,4.556,4.556,14.405,14.405,112.422,1.25,35.00,33.0000,11.2422,50.590
2248,300.000,0.648,0.648,61.983,61.983,4.840,1.350,1.350,9.653,9.653,73.634,1.25,35.00,33.0000,7.3634,33.135
2249,200.000,0.128,0.128,42.194,42.194,4.740,0.400,0.400,6.459,6.459,49.181,1.25,35.00,33.0000,4.9181,22.131
2250,250.000,0.313,0.313,52.192,52.192,4.790,0.781,0.781,8.058,8.058,61.344,1.25,35.00,33.0000,6.1344,27.605
2251,350.000,1.200,1.200,71.575,71.575,4.890,2.144,2.144,11.242,11.242,86.161,1.25,35.00,33.0000,8.6161,38.772
2252,500.000,5.000,5.000,99.206,99.206,5.040,6.250,6.250,15.979,15.979,126.435,1.25,35.00,33.0000,12.6435,56.896
2253,450.000,3.281,3.281,90.180,90.180,4.990,4.556,4.556,14.405,14.405,112.422,1.25,35.00,33.0000,11.2422,50.590
2254,300.000,0.648,0.648,61.983,61.983,4.840,1.350,1.350,9.653,9.653,73.634,1.25,35.00,33.0000,7.3634,33.135
2255,200.000,0.128,0.128,42.194,42.194,4.740,0.400,0.400,6.459,6.459,49.181,1.25,35.00,33.0000,4.9181,22.131
2256,250.000,0.313,0.313,52.192,52.192,4.790,0.781,0.781,8.058,8.058,61.344,1.25,35.00,33.0000,6.1344,27.605
2257,350.000,1.200,1.200,71.575,71.575,4.890,2.144,2.144,11.242,11.242,86.161,1.25,35.00,33.0000,8.6161,38.772
2258,500.000,5.000,5.000,99.206,99.206,5.040,6.250,6.250,15.979,15.979,126.435,1.25,35.00,33.0000,12.6435,56.896
2259,450.000,3.281,3.281,90.180,90.180,4.990,4.556,4.556,14.405,14.405,112.422,1.25,35.00,33.0000,11.2422,50.590
2260,300.000,0.648,0.648,61.983,61.983,4.840,1.350,1.350,9.653,9.653,73.634,1.25,35.00,33.0000,7.3634,33.135
2261,200.000,0.128,0.128,42.194,42.194,4.740,0.400,0.400,6.459,6.459,49.181,1.25,35.00,33.0000,4.9181,22.131
2262,250.000,0.313,0.313,52.192,52.192,4.790,0.781,0.781,8.058,8.058,61.344,1.25,35.00,33.0000,6.1344,27.605
2263,350.000,1.200,1.200,71.575,71.575,4.890,2.144,2.144,11.242,11.242,86.161,1.25,35.00,33.0000,8.6161,38.772
2264,500.000,5.000,5.000,99.206,99.206,5.040,6.250,6.250,15.979,15.979,126.435,1.25,35.00,33.0000,12.6435,56.896
2265,450.000,3.281,3.281,90.180,90.180,4.990,4.556,4.556,14.405,14.405,112.422,1.25,35.00,33.0000,11.2422,50.590
2266,300.000,0.648,0.648,61.983,61.983,4.840,1.350,1.350,9.653,9.653,73.634,1.25,35.00,33.0000,7.3634,33.135
2267,200.000,0.128,0.128,42.194,42.194,4.740,0.400,0.400,6.459,6.459,49.181,1.25,35.00,33.0000,4.9181,22.131
2268,250.000,0.313,0.313,52.192,52.192,4.790,0.781,0.781,8.058,8.058,61.344,1.25,35.00,33.0000,6.1344,27.605
2269,350.000,1.200,1.200,71.575,71.575,4.890,2.144,2.144,11.242,11.242,86.161,1.25,35.00,33.0000,8.6161,38.772
2270,500.000,5.000,5.000,99.206,99.206,5.040,6.250,6.250,15.979,15.979,126.435,1.25,35.00,33.0000,12.6435,56.896
2271,450.000,3.281,3.281,90.180,90.180,4.990,4.556,4.556,14.405,14.405,112.422,1.25,35.00,33.0000,11.2422,50.590
2272,300.000,0.648,0.648,61.983,61.983,4.840,1.350,1.350,9.653,9.653,73.634,1.25,35.00,33.0000,7.3634,33.135
2273,200.000,0.128,0.128,42.194,42.194,4.740,0.400,0.400,6.459,6.459,49.181,1.25,35.00,33.0000,4.9181,22.131
2274,250.000,0.313,0.313,52.192,52.192,4.790,0.781,0.781,8.058,8.058,61.344,1.25,35.00,33.0000,6.1344,27.605
2275,350.000,1.200,1.200,71.575,71.575,4.890,2.144,2.144,11.242,11.242,86.161,1.25,35.00,33.0000,8.6161,38.772
2276,500.000,5.000,5.000,99.206,99.206,5.040,6.250,6.250,15.979,15.979,126.435,1.25,35.00,33.0000,12.6435,56.896
2277,450.000,3.281,3.281,90.180,90.180,4.990,4.556,4.556,14.405,14.405,112.422,1.25,35.00,33.0000,11.2422,50.590
2278,300.000,0.648,0.648,61.983,61.983,4.840,1.350,1.350,9.653,9.653,73.634,1.25,35.00,33.0000,7.3634,33.135
2279,200.000,0.128,0.128,42.194,42.194,4.740,0.400,0.400,6.459,6.459,49.181,1.25,35.00,33.0000,4.9181,22.131
2280,250.000,0.313,0.313,52.192,52.192,4.790,0.781,0.781,8.058,8.058,61.344,1.25,35.00,33.0000,6.1344,27.605
2281,350.000,1.200,1.200,71.575,71.575,4.890,2.144,2.144,11.242,11.242,86.161,1.25,35.00,33.0000,8.6161,38.772
2282,500.000,5.000,5.000,99.206,99.206,5.040,6.250,6.250,15.979,15.979,126.435,1.25,35.00,33.0000,12.6435,56.896
2283,450.000,3.281,3.281,90.180,90.180,4.990,4.556,4.556,14.405,14.405,112.422,1.25,35.00,33.0000,11.2422,50.590
2284,300.000,0.648,0.648,61.983,61.983,4.840,1.350,1.350,9.653,9.653,73.634,1.25,35.00,33.0000,7.3634,33.135
2285,200.000,0.128,0.128,42.194,42.194,4.740,0.400,0.400,6.459,6.459,49.181,1.25,35.00,33.0000,4.9181,22.131
2286,250.000,0.313,0.313,52.192,52.192,4.790,0.781,0.781,8.058,8.058,61.344,1.25,35.00,33.0000,6.1344,27.605
2287,350.000,1.200,1.200,71.575,71.575,4.890,2.144,2.144,11.242,11.242,86.161,1.25,35.00,33.0000,8.6161,38.772
2288,500.000,5.000,5.000,99.206,99.206,5.040,6.250,6.250,15.979,15.979,126.435,1.25,35.00,33.0000,12.6435,56.896
2289,450.000,3.281,3.281,90.180,90.180,4.990,4.556,4.556,14.405,14.405,112.422,1.25,35.00,33.0000,11.2422,50.590
2290,300.000,0.648,0.648,61.983,61.983,4.840,1.350,1.350,9.653,9.653,73.634,1.25,35.00,33.0000,7.3634,33.135
2291,200.000,0.128,0.128,42.194,42.194,4.740,0.400,0.400,6.459,6.459,49.181,1.25,35.00,33.0000,4.9181,22.131
2292,250.000,0.313,0.313,52.192,52.192,4.790,0.781,0.781,8.058,8.058,61.344,1.25,35.00,33.0000,6.1344,27.605
2293,350.000,1.200,1.200,71.575,71.575,4.890,2.144,2.144,11.242,11.242,86.161,1.25,35.00,33.0000,8.6161,38.772
2294,500.000,5.000,5.000,99.206,99.206,5.040,6.250,6.250,15.979,15.979,126.435,1.25,35.00,33.0000,12.6435,56.896
2295,450.000,3.281,3.281,90.180,90.180,4.990,4.556,4.556,14.405,14.405,112.422,1.25,35.00,33.0000,11.2422,50.590
2296,300.000,0.648,0.648,61.983,61.983,4.840,1.350,1.350,9.653,9.653,73.634,1.25,35.00,33.0000,7.3634,33.135
2297,200.000,0.128,0.128,42.194,42.194,4.740,0.400,0.400,6.459,6.459,49.181,1.25,35.00,33.0000,4.9181,22.131
2298,250.000,0.313,0.313,52.192,52.192,4.790,0.781,0.781,8.058,8.058,61.344,1.25,35.00,33.0000,6.1344,27.605
2299,350.000,1.200,1.200,71.575,71.575,4.890,2.144,2.144,11.242,11.242,86.161,1.25,35.00,33.0000,8.6161,38.772
2300,500.000,5.000,5.000,99.206,99.206,5.040,6.250,6.250,15.979,15.979,126.435,1.25,35.00,33.0000,12.6435,56.896
2301,450.000,3.281,3.281,90.180,90.180,4.990,4.556,4.556,14.405,14.405,112.422,1.25,35.00,33.0000,11.2422,50.590
2302,300.000,0.648,0.648,61.983,61.983,4.840,1.350,1.350,9.653,9.653,73.634,1.25,35.00,33.0000,7.3634,33.135
2303,200.000,0.128,0.128,42.194,42.194,4.740,0.400,0.400,6.459,6.459,49.181,1.25,35.00,33.0000,4.9181,22.131
2304,250.000,0.313,0.313,52.192,52.192,4.790,0.781,0.781,8.058,8.058,61.344,1.25,35.00,33.0000,6.1344,27.605
2305,350.000,1.200,1.200,71.575,71.575,4.890,2.144,2.144,11.242,11.242,86.161,1.25,35.00,33.0000,8.6161,38.772
2306,500.000,5.000,5.000,99.206,99.206,5.040,6.250,6.250,15.979,15.979,126.435,1.25,35.00,33.0000,12.6435,56.896
2307,450.000,3.281,3.281,90.180,90.180,4.990,4.556,4.556,14.405,14.405,112.422,1.25,35.00,33.0000,11.2422,50.590
2308,300.000,0.648,0.648,61.983,61.983,4.840,1.350,1.350,9.653,9.653,73.634,1.25,35.00,33.0000,7.3634,33.135
2309,200.000,0.128,0.128,42.194,42.194,4.740,0.400,0.400,6.459,6.459,49.181,1.25,35.00,33.0000,4.9181,22.131
2310,250.000,0.313,0.313,52.192,52.192,4.790,0.781,0.781,8.058,8.058,61.344,1.25,35.00,33.0000,6.1344,27.605
2311,350.000,1.200,1.200,71.575,71.575,4.890,2.144,2.144,11.242,11.242,86.161,1.25,35.00,33.0000,8.6161,38.772
2312,500.000,5.000,5.000,99.206,99.206,5.040,6.250,6.250,15.979,15.979,126.435,1.25,35.00,33.0000,12.6435,56.896
2313,450.000,3.281,3.281,90.180,90.180,4.990,4.556,4.556,14.405,14.405,112.422,1.25,35.00,33.0000,11.2422,50.590
2314,300.000,0.648,0.648,61.983,61.983,4.840,1.350,1.350,9.653,9.653,73.634,1.25,35.00,33.0000,7.3634,33.135
2315,200.000,0.128,0.128,42.194,42.194,4.740,0.400,0.400,6.459,6.459,49.181,1.25,35.00,33.0000,4.9181,22.131
2316,250.000,0.313,0.313,52.192,52.192,4.790,0.781,0.781,8.058,8.058,61.344,1.25,35.00,33.0000,6.1344,27.605
2317,350.000,1.200,1.200,71.575,71.575,4.890,2.144,2.144,11.242,11.242,86.161,1.25,35.00,33.0000,8.6161,38.772
2318,500.000,5.000,5.000,99.206,99.206,5.040,6.250,6.250,15.979,15.979,126.435,1.25,35.00,33.0000,12.6435,56.896
2319,450.000,3.281,3.281,90.180,90.180,4.990,4.556,4.556,14.405,14.405,112.422,1.25,35.00,33.0000,11.2422,50.590
2320,300.000,0.648,0.648,61.983,61.983,4.840,1.350,1.350,9.653,9.653,73.634,1.25,35.00,33.0000,7.3634,33.135
2321,200.000,0.128,0.128,42.194,42.194,4.740,0.400,0.400,6.459,6.459,49.181,1.25,35.00,33.0000,4.9181,22.131
2322,250.000,0.313,0.313,52.192,52.192,4.790,0.781,0.781,8.058,8.058,61.344,1.25,35.00,33.0000,6.1344,27.605
2323,350.000,1.200,1.200,71.575,71.575,4.890,2.144,2.144,11.242,11.242,86.161,1.25,35.00,33.0000,8.6161,38.772
2324,500.000,5.000,5.000,99.206,99.206,5.040,6.250,6.250,15.979,15.979,126.435,1.25,35.00,33.0000,12.6435,56.896
2325,450.000,3.281,3.281,90.180,90.180,4.990,4.556,4.556,14.405,14.405,112.422,1.25,35.00,33.0000,11.2422,50.590
2326,300.000,0.648,0.648,61.983,61.983,4.840,1.350,1.350,9.653,9.653,73.634,1.25,35.00,33.0000,7.3634,33.135
2327,200.000,0.128,0.128,42.194,42.194,4.740,0.400,0.400,6.459,6.459,49.181,1.25,35.00,33.0000,4.9181,22.131
2328,250.000,0.313,0.313,52.192,52.192,4.790,0.781,0.781,8.058,8.058,61.344,1.25,35.00,33.0000,6.1344,27.605
2329,350.000,1.200,1.200,71.575,71.575,4.890,2.144,2.144,11.242,11.242,86.161,1.25,35.00,33.0000,8.6161,38.772
2330,500.000,5.000,5.000,99.206,99.206,5.040,6.250,6.250,15.979,15.979,126.435,1.25,35.00,33.0000,12.6435,56.896
2331,450.000,3.281,3.281,90.180,90.180,4.990,4.556,4.556,14.405,14.405,112.422,1.25,35.00,33.0000,11.2422,50.590
2332,300.000,0.648,0.648,61.983,61.983,4.840,1.350,1.350,9.653,9.653,73.634,1.25,35.00,33.0000,7.3634,33.135
2333,200.000,0.128,0.128,42.194,42.194,4.740,0.400,0.400,6.459,6.459,49.181,1.25,35.00,33.0000,4.9181,22.131
2334,250.000,0.313,0.313,52.192,52.192,4.790,0.781,0.781,8.058,8.058,61.344,1.25,35.00,33.0000,6.1344,27.605
2335,350.000,1.200,1.200,71.575,71.575,4.890,2.144,2.144,11.242,11.242,86.161,1.25,35.00,33.0000,8.6161,38.772
2336,500.000,5.000,5.000,99.206,99.206,5.040,6.250,6.250,15.979,15.979,126.435,1.25,35.00,33.0000,12.6435,56.896
2337,450.000,3.281,3.281,90.180,90.180,4.990,4.556,4.556,14.405,14.405,112.422,1.25,35.00,33.0000,11.2422,50.590
2338,300.000,0.648,0.648,61.983,61.983,4.840,1.350,1.350,9.653,9.653,73.634,1.25,35.00,33.0000,7.3634,33.135
2339,200.000,0.128,0.128,42.194,42.194,4.740,0.400,0.400,6.459,6.459,49.181,1.25,35.00,33.0000,4.9181,22.131
2340,250.000,0.313,0.313,52.192,52.192,4.790,0.781,0.781,8.058,8.058,61.344,1.25,35.00,33.0000,6.1344,27.605
2341,350.000,1.200,1.200,71.575,71.575,4.890,2.144,2.144,11.242,11.242,86.161,1.25,35.00,33.0000,8.6161,38.772
2342,500.000,5.000,5.000,99.206,99.206,5.040,6.250,6.250,15.979,15.979,126.435,1.25,35.00,33.0000,12.6435,56.896
2343,450.000,3.281,3.281,90.180,90.180,4.990,4.556,4.556,14.405,14.405,112.422,1.25,35.00,33.0000,11.2422,50.590
2344,300.000,0.648,0.648,61.983,61.983,4.840,1.350,1.350,9.653,9.653,73.634,1.25,35.00,33.0000,7.3634,33.135
2345,200.000,0.128,0.128,42.194,42.194,4.740,0.400,0.400,6.459,6.459,49.181,1.25,35.00,33.0000,4.9181,22.131
2346,250.000,0.313,0.313,52.192,52.192,4.790,0.781,0.781,8.058,8.058,61.344,1.25,35.00,33.0000,6.1344,27.605
2347,350.000,1.200,1.200,71.575,71.575,4.890,2.144,2.144,11.242,11.242,86.161,1.25,35.00,33.0000,8.6161,38.772
2348,500.000,5.000,5.000,99.206,99.206,5.040,6.250,6.250,15.979,15.979,126.435,1.25,35.00,33.0000,12.6435,56.896
2349,450.000,3.281,3.281,90.180,90.180,4.990,4.556,4.556,14.405,14.405,112.422,1.25,35.00,33.0000,11.2422,50.590
2350,300.000,0.648,0.648,61.983,61.983,4.840,1.350,1.350,9.653,9.653,73.634,1.25,35.00,33.0000,7.3634,33.135
2351,200.000,0.128,0.128,42.194,42.194,4.740,0.400,0.400,6.459,6.459,49.181,1.25,35.00,33.0000,4.9181,22.131
2352,250.000,0.313,0.313,52.192,52.192,4.790,0.781,0.781,8.058,8.058,61.344,1.25,35.00,33.0000,6.1344,27.605
2353,350.000,1.200,1.200,71.575,71.575,4.890,2.144,2.144,11.242,11.242,86.161,1.25,35.00,33.0000,8.6161,38.772
2354,500.000,5.000,5.000,99.206,99.206,5.040,6.250,6.250,15.979,15.979,126.435,1.25,35.00,33.0000,12.6435,56.896
2355,450.000,3.281,3.281,90.180,90.180,4.990,4.556,4.556,14.405,14.405,112.422,1.25,35.00,33.0000,11.2422,50.590
2356,300.000,0.648,0.648,61.983,61.983,4.840,1.350,1.350,9.653,9.653,73.634,1.25,35.00,33.0000,7.3634,33.135
2357,200.000,0.128,0.128,42.194,42.194,4.740,0.400,0.400,6.459,6.459,49.181,1.25,35.00,33.0000,4.9181,22.131
2358,250.000,0.313,0.313,52.192,52.192,4.790,0.781,0.781,8.058,8.058,61.344,1.25,35.00,33.0000,6.1344,27.605
2359,350.000,1.200,1.200,71.575,71.575,4.890,2.144,2.144,11.242,11.242,86.161,1.25,35.00,33.0000,8.6161,38.772
2360,500.000,5.000,5.000,99.206,99.206,5.040,6.250,6.250,15.979,15.979,126.435,1.25,35.00,33.0000,12.6435,56.896
2361,450.000,3.281,3.281,90.180,90.180,4.990,4.556,4.556,14.405,14.405,112.422,1.25,35.00,33.0000,11.2422,50.590
2362,300.000,0.648,0.648,61.983,61.983,4.840,1.350,1.350,9.653,9.653,73.634,1.25,35.00,33.0000,7.3634,33.135
2363,200.000,0.128,0.128,42.194,42.194,4.740,0.400,0.400,6.459,6.459,49.181,1.25,35.00,33.0000,4.9181,22.131
2364,250.000,0.313,0.313,52.192,52.192,4.790,0.781,0.781,8.058,8.058,61.344,1.25,35.00,33.0000,6.1344,27.605
2365,350.000,1.200,1.200,71.575,71.575,4.890,2.144,2.144,11.242,11.242,86.161,1.25,35.00,33.0000,8.6161,38.772
2366,500.000,5.000,5.000,99.206,99.206,5.040,6.250,6.250,15.979,15.979,126.435,1.25,35.00,33.0000,12.6435,56.896
2367,450.000,3.281,3.281,90.180,90.180,4.990,4.556,4.556,14.405,14.405,112.422,1.25,35.00,33.0000,11.2422,50.590
2368,300.000,0.648,0.648,61.983,61.983,4.840,1.350,1.350,9.653,9.653,73.634,1.25,35.00,33.0000,7.3634,33.135
2369,200.000,0.128,0.128,42.194,42.194,4.740,0.400,0.400,6.459,6.459,49.181,1.25,35.00,33.0000,4.9181,22.131
2370,250.000,0.313,0.313,52.192,52.192,4.790,0.781,0.781,8.058,8.058,61.344,1.25,35.00,33.0000,6.1344,27.605
2371,350.000,1.200,1.200,71.575,71.575,4.890,2.144,2.144,11.242,11.242,86.161,1.25,35.00,33.0000,8.6161,38.772
2372,500.000,5.000,5.000,99.206,99.206,5.040,6.250,6.250,15.979,15.979,126.435,1.25,35.00,33.0000,12.6435,56.896
2373,450.000,3.281,3.281,90.180,90.180,4.990,4.556,4.556,14.405,14.405,112.422,1.25,35.00,33.0000,11.2422,50.590
2374,300.000,0.648,0.648,61.983,61.983,4.840,1.350,1.350,9.653,9.653,73.634,1.25,35.00,33.0000,7.3634,33.135
2375,200.000,0.128,0.128,42.194,42.194,4.740,0.400,0.400,6.459,6.459,49.181,1.25,35.00,33.0000,4.9181,22.131
2376,250.000,0.313,0.313,52.192,52.192,4.790,0.781,0.781,8.058,8.058,61.344,1.25,35.00,33.0000,6.1344,27.605
2377,350.000,1.200,1.200,71.575,71.575,4.890,2.144,2.144,11.242,11.242,86.161,1.25,35.00,33.0000,8.6161,38.772
2378,500.000,5.000,5.000,99.206,99.206,5.040,6.250,6.250,15.979,15.979,126.435,1.25,35.00,33.0000,12.6435,56.896
2379,450.000,3.281,3.281,90.180,90.180,4.990,4.556,4.556,14.405,14.405,112.422,1.25,35.00,33.0000,11.2422,50.590
2380,300.000,0.648,0.648,61.983,61.983,4.840,1.350,1.350,9.653,9.653,73.634,1.25,35.00,33.0000,7.3634,33.135
2381,200.000,0.128,0.128,42.194,42.194,4.740,0.400,0.400,6.459,6.459,49.181,1.25,35.00,33.0000,4.9181,22.131
2382,250.000,0.313,0.313,52.192,52.192,4.790,0.781,0.781,8.058,8.058,61.344,1.25,35.00,33.0000,6.1344,27.605
2383,350.000,1.200,1.200,71.575,71.575,4.890,2.144,2.144,11.242,11.242,86.161,1.25,35.00,33.0000,8.6161,38.772
2384,500.000,5.000,5.000,99.206,99.206,5.040,6.250,6.250,15.979,15.979,126.435,1.25,35.00,33.0000,12.6435,56.896
2385,450.000,3.281,3.281,90.180,90.180,4.990,4.556,4.556,14.405,14.405,112.422,1.25,35.00,33.0000,11.2422,50.590
2386,300.000,0.648,0.648,61.983,61.983,4.840,1.350,1.350,9.653,9.653,73.634,1.25,35.00,33.0000,7.3634,33.135
2387,200.000,0.128,0.128,42.194,42.194,4.740,0.400,0.400,6.459,6.459,49.181,1.25,35.00,33.0000,4.9181,22.131
2388,250.000,0.313,0.313,52.192,52.192,4.790,0.781,0.781,8.058,8.058,61.344,1.25,35.00,33.0000,6.1344,27.605
2389,350.000,1.200,1.200,71.575,71.575,4.890,2.144,2.144,11.242,11.242,86.161,1.25,35.00,33.0000,8.6161,38.772
2390,500.000,5.000,5.000,99.206,99.206,5.040,6.250,6.250,15.979,15.979,126.435,1.25,35.00,33.0000,12.6435,56.896
2391,450.000,3.281,3.281,90.180,90.180,4.990,4.556,4.556,14.405,14.405,112.422,1.25,35.00,33.0000,11.2422,50.590
2392,300.000,0.648,0.648,61.983,61.983,4.840,1.350,1.350,9.653,9.653,73.634,1.25,35.00,33.0000,7.3634,33.135
2393,200.000,0.128,0.128,42.194,42.194,4.740,0.400,0.400,6.459,6.459,49.181,1.25,35.00,33.0000,4.9181,22.131
2394,250.000,0.313,0.313,52.192,52.192,4.790,0.781,0.781,8.058,8.058,61.344,1.25,35.00,33.0000,6.1344,27.605
2395,350.000,1.200,1.200,71.575,71.575,4.890,2.144,2.144,11.242,11.242,86.161,1.25,35.00,33.0000,8.6161,38.772
2396,500.000,5.000,5.000,99.206,99.206,5.040,6.250,6.250,15.979,15.979,126.435,1.25,35.00,33.0000,12.6435,56.896
2397,450.000,3.281,3.281,90.180,90.180,4.990,4.556,4.556,14.405,14.405,112.422,1.25,35.00,33.0000,11.2422,50.590
2398,300.000,0.648,0.648,61.983,61.983,4.840,1.350,1.350,9.653,9.653,73.634,1.25,35.00,33.0000,7.3634,33.135
2399,200.000,0.128,0.128,42.194,42.194,4.740,0.400,0.400,6.459,6.459,49.181,1.25,35.00,33.0000,4.9181,22.131
2400,250.000,0.313,0.313,52.192,52.192,4.790,0.781,0.781,8.058,8.058,61.344,1.25,35.00,33.0000,6.1344,27.605
2401,350.000,1.200,1.200,71.575,71.575,4.890,2.144,2.144,11.242,11.242,86.161,1.25,35.00,33.0000,8.6161,38.772
2402,500.000,5.000,5.000,99.206,99.206,5.040,6.250,6.250,15.979,15.979,126.435,1.25,35.00,33.0000,12.6435,56.896
2403,450.000,3.281,3.281,90.180,90.180,4.990,4.556,4.556,14.405,14.405,112.422,1.25,35.00,33.0000,11.2422,50.590
2404,300.000,0.648,0.648,61.983,61.983,4.840,1.350,1.350,9.653,9.653,73.634,1.25,35.00,33.0000,7.3634,33.135
2405,200.000,0.128,0.128,42.194,42.194,4.740,0.400,0.400,6.459,6.459,49.181,1.25,35.00,33.0000,4.9181,22.131
2406,250.000,0.313,0.313,52.192,52.192,4.790,0.781,0.781,8.058,8.058,61.344,1.25,35.00,33.0000,6.1344,27.605
2407,350.000,1.200,1.200,71.575,71.575,4.890,2.144,2.144,11.242,11.242,86.161,1.25,35.00,33.0000,8.6161,38.772
2408,500.000,5.000,5.000,99.206,99.206,5.040,6.250,6.250,15.979,15.979,126.435,1.25,35.00,33.0000,12.6435,56.896
2409,450.000,3.281,3.281,90.180,90.180,4.990,4.556,4.556,14.405,14.405,112.422,1.25,35.00,33.0000,11.2422,50.590
2410,300.000,0.648,0.648,61.983,61.983,4.840,1.350,1.350,9.653,9.653,73.634,1.25,35.00,33.0000,7.3634,33.135
2411,200.000,0.128,0.128,42.194,42.194,4.740,0.400,0.400,6.459,6.459,49.181,1.25,35.00,33.0000,4.9181,22.131
2412,250.000,0.313,0.313,52.192,52.192,4.790,0.781,0.781,8.058,8.058,61.344,1.25,35.00,33.0000,6.1344,27.605
2413,350.000,1.200,1.200,71.575,71.575,4.890,2.144,2.144,11.242,11.242,86.161,1.25,35.00,33.0000,8.6161,38.772
2414,500.000,5.000,5.000,99.206,99.206,5.040,6.250,6.250,15.979,15.979,126.435,1.25,35.00,33.0000,12.6435,56.896
2415,450.000,3.281,3.281,90.180,90.180,4.990,4.556,4.556,14.405,14.405,112.422,1.25,35.00,33.0000,11.2422,50.590
2416,300.000,0.648,0.648,61.983,61.983,4.840,1.350,1.350,9.653,9.653,73.634,1.25,35.00,33.0000,7.3634,33.135
2417,200.000,0.128,0.128,42.194,42.194,4.740,0.400,0.400,6.459,6.459,49.181,1.25,35.00,33.0000,4.9181,22.131
2418,250.000,0.313,0.313,52.192,52.192,4.790,0.781,0.781,8.058,8.058,61.344,1.25,35.00,33.0000,6.1344,27.605
2419,350.000,1.200,1.200,71.575,71.575,4.890,2.144,2.144,11.242,11.242,86.161,1.25,35.00,33.0000,8.6161,38.772
2420,500.000,5.000,5.000,99.206,99.206,5.040,6.250,6.250,15.979,15.979,126.435,1.25,35.00,33.0000,12.6435,56.896
2421,450.000,3.281,3.281,90.180,90.180,4.990,4.556,4.556,14.405,14.405,112.422,1.25,35.00,33.0000,11.2422,50.590
2422,300.000,0.648,0.648,61.983,61.983,4.840,1.350,1.350,9.653,9.653,73.634,1.25,35.00,33.0000,7.3634,33.135
2423,200.000,0.128,0.128,42.194,42.194,4.740,0.400,0.400,6.459,6.459,49.181,1.25,35.00,33.0000,4.9181,22.131
2424,250.000,0.313,0.313,52.192,52.192,4.790,0.781,0.781,8.058,8.058,61.344,1.25,35.00,33.0000,6.1344,27.605
2425,350.000,1.200,1.200,71.575,71.575,4.890,2.144,2.144,11.242,11.242,86.161,1.25,35.00,33.0000,8.6161,38.772
2426,500.000,5.000,5.000,99.206,99.206,5.040,6.250,6.250,15.979,15.979,126.435,1.25,35.00,33.0000,12.6435,56.896
2427,450.000,3.281,3.281,90.180,90.180,4.990,4.556,4.556,14.405,14.405,112.422,1.25,35.00,33.0000,11.2422,50.590
2428,300.000,0.648,0.648,61.983,61.983,4.840,1.350,1.350,9.653,9.653,73.634,1.25,35.00,33.0000,7.3634,33.135
2429,200.000,0.128,0.128,42.194,42.194,4.740,0.400,0.400,6.459,6.459,49.181,1.25,35.00,33.0000,4.9181,22.131
2430,250.000,0.313,0.313,52.192,52.192,4.790,0.781,0.781,8.058,8.058,61.344,1.25,35.00,33.0000,6.1344,27.605
2431,350.000,1.200,1.200,71.575,71.575,4.890,2.144,2.144,11.242,11.242,86.161,1.25,35.00,33.0000,8.6161,38.772
2432,500.000,5.000,5.000,99.206,99.206,5.040,6.250,6.250,15.979,15.979,126.435,1.25,35.00,33.0000,12.6435,56.896
2433,450.000,3.281,3.281,90.180,90.180,4.990,4.556,4.556,14.405,14.405,112.422,1.25,35.00,33.0000,11.2422,50.590
2434,300.000,0.648,0.648,61.983,61.983,4.840,1.350,1.350,9.653,9.653,73.634,1.25,35.00,33.0000,7.3634,33.135
2435,200.000,0.128,0.128,42.194,42.194,4.740,0.400,0.400,6.459,6.459,49.181,1.25,35.00,33.0000,4.9181,22.131
2436,250.000,0.313,0.313,52.192,52.192,4.790,0.781,0.781,8.058,8.058,61.344,1.25,35.00,33.0000,6.1344,27.605
2437,350.000,1.200,1.200,71.575,71.575,4.890,2.144,2.144,11.242,11.242,86.161,1.25,35.00,33.0000,8.6161,38.772
2438,500.000,5.000,5.000,99.206,99.206,5.040,6.250,6.250,15.979,15.979,126.435,1.25,35.00,33.0000,12.6435,56.896
2439,450.000,3.281,3.281,90.180,90.180,4.990,4.556,4.556,14.405,14.405,112.422,1.25,35.00,33.0000,11.2422,50.590
2440,300.000,0.648,0.648,61.983,61.983,4.840,1.350,1.350,9.653,9.653,73.634,1.25,35.00,33.0000,7.3634,33.135
2441,200.000,0.128,0.128,42.194,42.194,4.740,0.400,0.400,6.459,6.459,49.181,1.25,35.00,33.0000,4.9181,22.131
2442,250.000,0.313,0.313,52.192,52.192,4.790,0.781,0.781,8.058,8.058,61.344,1.25,35.00,33.0000,6.1344,27.605
2443,350.000,1.200,1.200,71.575,71.575,4.890,2.144,2.144,11.242,11.242,86.161,1.25,35.00,33.0000,8.6161,38.772
2444,500.000,5.000,5.000,99.206,99.206,5.040,6.250,6.250,15.979,15.979,126.435,1.25,35.00,33.0000,12.6435,56.896
2445,450.000,3.281,3.281,90.180,90.180,4.990,4.556,4.556,14.405,14.405,112.422,1.25,35.00,33.0000,11.2422,50.590
2446,300.000,0.648,0.648,61.983,61.983,4.840,1.350,1.350,9.653,9.653,73.634,1.25,35.00,33.0000,7.3634,33.135
2447,200.000,0.128,0.128,42.194,42.194,4.740,0.400,0.400,6.459,6.459,49.181,1.25,35.00,33.0000,4.9181,22.131
2448,250.000,0.313,0.313,52.192,52.192,4.790,0.781,0.781,8.058,8.058,61.344,1.25,35.00,33.0000,6.1344,27.605
2449,350.000,1.200,1.200,71.575,71.575,4.890,2.144,2.144,11.242,11.242,86.161,1.25,35.00,33.0000,8.6161,38.772
2450,500.000,5.000,5.000,99.206,99.206,5.040,6.250,6.250,15.979,15.979,126.435,1.25,35.00,33.0000,12.6435,56.896
2451,450.000,3.281,3.281,90.180,90.180,4.990,4.556,4.556,14.405,14.405,112.422,1.25,35.00,33.0000,11.2422,50.590
2452,300.000,0.648,0.648,61.983,61.983,4.840,1.350,1.350,9.653,9.653,73.634,1.25,35.00,33.0000,7.3634,33.135
2453,200.000,0.128,0.128,42.194,42.194,4.740,0.400,0.400,6.459,6.459,49.181,1.25,35.00,33.0000,4.9181,22.131
2454,250.000,0.313,0.313,52.192,52.192,4.790,0.781,0.781,8.058,8.058,61.344,1.25,35.00,33.0000,6.1344,27.605
2455,350.000,1.200,1.200,71.575,71.575,4.890,2.144,2.144,11.242,11.242,86.161,1.25,35.00,33.0000,8.6161,38.772
2456,500.000,5.000,5.000,99.206,99.206,5.040,6.250,6.250,15.979,15.979,126.435,1.25,35.00,33.0000,12.6435,56.896
2457,450.000,3.281,3.281,90.180,90.180,4.990,4.556,4.556,14.405,14.405,112.422,1.25,35.00,33.0000,11.2422,50.590
2458,300.000,0.648,0.648,61.983,61.983,4.840,1.350,1.350,9.653,9.653,73.634,1.25,35.00,33.0000,7.3634,33.135
2459,200.000,0.128,0.128,42.194,42.194,4.740,0.400,0.400,6.459,6.459,49.181,1.25,35.00,33.0000,4.9181,22.131
2460,250.000,0.313,0.313,52.192,52.192,4.790,0.781,0.781,8.058,8.058,61.344,1.25,35.00,33.0000,6.1344,27.605
2461,350.000,1.200,1.200,71.575,71.575,4.890,2.144,2.144,11.242,11.242,86.161,1.25,35.00,33.0000,8.6161,38.772
2462,500.000,5.000,5.000,99.206,99.206,5.040,6.250,6.250,15.979,15.979,126.435,1.25,35.00,33.0000,12.6435,56.896
2463,450.000,3.281,3.281,90.180,90.180,4.990,4.556,4.556,14.405,14.405,112.422,1.25,35.00,33.0000,11.2422,50.590
2464,300.000,0.648,0.648,61.983,61.983,4.840,1.350,1.350,9.653,9.653,73.634,1.25,35.00,33.0000,7.3634,33.135
2465,200.000,0.128,0.128,42.194,42.194,4.740,0.400,0.400,6.459,6.459,49.181,1.25,35.00,33.0000,4.9181,22.131
2466,250.000,0.313,0.313,52.192,52.192,4.790,0.781,0.781,8.058,8.058,61.344,1.25,35.00,33.0000,6.1344,27.605
2467,350.000,1.200,1.200,71.575,71.575,4.890,2.144,2.144,11.242,11.242,86.161,1.25,35.00,33.0000,8.6161,38.772
2468,500.000,5.000,5.000,99.206,99.206,5.040,6.250,6.250,15.979,15.979,126.435,1.25,35.00,33.0000,12.6435,56.896
2469,450.000,3.281,3.281,90.180,90.180,4.990,4.556,4.556,14.405,14.405,112.422,1.25,35.00,33.0000,11.2422,50.590
2470,300.000,0.648,0.648,61.983,61.983,4.840,1.350,1.350,9.653,9.653,73.634,1.25,35.00,33.0000,7.3634,33.135
2471,200.000,0.128,0.128,42.194,42.194,4.740,0.400,0.400,6.459,6.459,49.181,1.25,35.00,33.0000,4.9181,22.131
2472,250.000,0.313,0.313,52.192,52.192,4.790,0.781,0.781,8.058,8.058,61.344,1.25,35.00,33.0000,6.1344,27.605
2473,350.000,1.200,1.200,71.575,71.575,4.890,2.144,2.144,11.242,11.242,86.161,1.25,35.00,33.0000,8.6161,38.772
2474,500.000,5.000,5.000,99.206,99.206,5.040,6.250,6.250,15.979,15.979,126.435,1.25,35.00,33.0000,12.6435,56.896
2475,450.000,3.281,3.281,90.180,90.180,4.990,4.556,4.556,14.405,14.405,112.422,1.25,35.00,33.0000,11.2422,50.590
2476,300.000,0.648,0.648,61.983,61.983,4.840,1.350,1.350,9.653,9.653,73.634,1.25,35.00,33.0000,7.3634,33.135
2477,200.000,0.128,0.128,42.194,42.194,4.740,0.400,0.400,6.459,6.459,49.181,1.25,35.00,33.0000,4.9181,22.131
2478,250.000,0.313,0.313,52.192,52.192,4.790,0.781,0.781,8.058,8.058,61.344,1.25,35.00,33.0000,6.1344,27.605
2479,350.000,1.200,1.200,71.575,71.575,4.890,2.144,2.144,11.242,11.242,86.161,1.25,35.00,33.0000,8.6161,38.772
2480,500.000,5.000,5.000,99.206,99.206,5.040,6.250,6.250,15.979,15.979,126.435,1.25,35.00,33.0000,12.6435,56.896
2481,450.000,3.281,3.281,90.180,90.180,4.990,4.556,4.556,14.405,14.405,112.422,1.25,35.00,33.0000,11.2422,50.590
2482,300.000,0.648,0.648,61.983,61.983,4.840,1.350,1.350,9.653,9.653,73.634,1.25,35.00,33.0000,7.3634,33.135
2483,200.000,0.128,0.128,42.194,42.194,4.740,0.400,0.400,6.459,6.459,49.181,1.25,35.00,33.0000,4.9181,22.131
2484,250.000,0.313,0.313,52.192,52.192,4.790,0.781,0.781,8.058,8.058,61.344,1.25,35.00,33.0000,6.1344,27.605
2485,350.000,1.200,1.200,71.575,71.575,4.890,2.144,2.144,11.242,11.242,86.161,1.25,35.00,33.0000,8.6161,38.772
2486,500.000,5.000,5.000,99.206,99.206,5.040,6.250,6.250,15.979,15.979,126.435,1.25,35.00,33.0000,12.6435,56.896
2487,450.000,3.281,3.281,90.180,90.180,4.990,4.556,4.556,14.405,14.405,112.422,1.25,35.00,33.0000,11.2422,50.590
2488,300.000,0.648,0.648,61.983,61.983,4.840,1.350,1.350,9.653,9.653,73.634,1.25,35.00,33.0000,7.3634,33.135
2489,200.000,0.128,0.128,42.194,42.194,4.740,0.400,0.400,6.459,6.459,49.181,1.25,35.00,33.0000,4.9181,22.131
2490,250.000,0.313,0.313,52.192,52.192,4.790,0.781,0.781,8.058,8.058,61.344,1.25,35.00,33.0000,6.1344,27.605
2491,350.000,1.200,1.200,71.575,71.575,4.890,2.144,2.144,11.242,11.242,86.161,1.25,35.00,33.0000,8.6161,38.772
2492,500.000,5.000,5.000,99.206,99.206,5.040,6.250,6.250,15.979,15.979,126.435,1.25,35.00,33.0000,12.6435,56.896
2493,450.000,3.281,3.281,90.180,90.180,4.990,4.556,4.556,14.405,14.405,112.422,1.25,35.00,33.0000,11.2422,50.590
2494,300.000,0.648,0.648,61.983,61.983,4.840,1.350,1.350,9.653,9.653,73.634,1.25,35.00,33.0000,7.3634,33.135
2495,200.000,0.128,0.128,42.194,42.194,4.740,0.400,0.400,6.459,6.459,49.181,1.25,35.00,33.0000,4.9181,22.131
2496,250.000,0.313,0.313,52.192,52.192,4.790,0.781,0.781,8.058,8.058,61.344,1.25,35.00,33.0000,6.1344,27.605
2497,350.000,1.200,1.200,71.575,71.575,4.890,2.144,2.144,11.242,11.242,86.161,1.25,35.00,33.0000,8.6161,38.772
2498,500.000,5.000,5.000,99.206,99.206,5.040,6.250,6.250,15.979,15.979,126.435,1.25,35.00,33.0000,12.6435,56.896
2499,450.000,3.281,3.281,90.180,90.180,4.990,4.556,4.556,14.405,14.405,112.422,1.25,35.00,33.0000,11.2422,50.590
2500,300.000,0.648,0.648,61.983,61.983,4.840,1.350,1.350,9.653,9.653,73.634,1.25,35.00,33.0000,7.3634,33.135
2501,200.000,0.128,0.128,42.194,42.194,4.740,0.400,0.400,6.459,6.459,49.181,1.25,35.00,33.0000,4.9181,22.131
2502,250.000,0.313,0.313,52.192,52.192,4.790,0.781,0.781,8.058,8.058,61.344,1.25,35.00,33.0000,6.1344,27.605
2503,350.000,1.200,1.200,71.575,71.575,4.890,2.144,2.144,11.242,11.242,86.161,1.25,35.00,33.0000,8.6161,38.772
2504,500.000,5.000,5.000,99.206,99.206,5.040,6.250,6.250,15.979,15.979,126.435,1.25,35.00,33.0000,12.6435,56.896
2505,450.000,3.281,3.281,90.180,90.180,4.990,4.556,4.556,14.405,14.405,112.422,1.25,35.00,33.0000,11.2422,50.590
2506,300.000,0.648,0.648,61.983,61.983,4.840,1.350,1.350,9.653,9.653,73.634,1.25,35.00,33.0000,7.3634,33.135
2507,200.000,0.128,0.128,42.194,42.194,4.740,0.400,0.400,6.459,6.459,49.181,1.25,35.00,33.0000,4.9181,22.131
2508,250.000,0.313,0.313,52.192,52.192,4.790,0.781,0.781,8.058,8.058,61.344,1.25,35.00,33.0000,6.1344,27.605
2509,350.000,1.200,1.200,71.575,71.575,4.890,2.144,2.144,11.242,11.242,86.161,1.25,35.00,33.0000,8.6161,38.772
2510,500.000,5.000,5.000,99.206,99.206,5.040,6.250,6.250,15.979,15.979,126.435,1.25,35.00,33.0000,12.6435,56.896
2511,450.000,3.281,3.281,90.180,90.180,4.990,4.556,4.556,14.405,14.405,112.422,1.25,35.00,33.0000,11.2422,50.590
2512,300.000,0.648,0.648,61.983,61.983,4.840,1.350,1.350,9.653,9.653,73.634,1.25,35.00,33.0000,7.3634,33.135
2513,200.000,0.128,0.128,42.194,42.194,4.740,0.400,0.400,6.459,6.459,49.181,1.25,35.00,33.0000,4.9181,22.131
2514,250.000,0.313,0.313,52.192,52.192,4.790,0.781,0.781,8.058,8.058,61.344,1.25,35.00,33.0000,6.1344,27.605
2515,350.000,1.200,1.200,71.575,71.575,4.890,2.144,2.144,11.242,11.242,86.161,1.25,35.00,33.0000,8.6161,38.772
2516,500.000,5.000,5.000,99.206,99.206,5.040,6.250,6.250,15.979,15.979,126.435,1.25,35.00,33.0000,12.6435,56.896
2517,450.000,3.281,3.281,90.180,90.180,4.990,4.556,4.556,14.405,14.405,112.422,1.25,35.00,33.0000,11.2422,50.590
2518,300.000,0.648,0.648,61.983,61.983,4.840,1.350,1.350,9.653,9.653,73.634,1.25,35.00,33.0000,7.3634,33.135
2519,200.000,0.128,0.128,42.194,42.194,4.740,0.400,0.400,6.459,6.459,49.181,1.25,35.00,33.0000,4.9181,22.131
2520,250.000,0.313,0.313,52.192,52.192,4.790,0.781,0.781,8.058,8.058,61.344,1.25,35.00,33.0000,6.1344,27.605
2521,350.000,1.200,1.200,71.575,71.575,4.890,2.144,2.144,11.242,11.242,86.161,1.25,35.00,33.0000,8.6161,38.772
2522,500.000,5.000,5.000,99.206,99.206,5.040,6.250,6.250,15.979,15.979,126.435,1.25,35.00,33.0000,12.6435,56.896
2523,450.000,3.281,3.281,90.180,90.180,4.990,4.556,4.556,14.405,14.405,112.422,1.25,35.00,33.0000,11.2422,50.590
2524,300.000,0.648,0.648,61.983,61.983,4.840,1.350,1.350,9.653,9.653,73.634,1.25,35.00,33.0000,7.3634,33.135
2525,200.000,0.128,0.128,42.194,42.194,4.740,0.400,0.400,6.459,6.459,49.181,1.25,35.00,33.0000,4.9181,22.131
2526,250.000,0.313,0.313,52.192,52.192,4.790,0.781,0.781,8.058,8.058,61.344,1.25,35.00,33.0000,6.1344,27.605
2527,350.000,1.200,1.200,71.575,71.575,4.890,2.144,2.144,11.242,11.242,86.161,1.25,35.00,33.0000,8.6161,38.772
2528,500.000,5.000,5.000,99.206,99.206,5.040,6.250,6.250,15.979,15.979,126.435,1.25,35.00,33.0000,12.6435,56.896
2529,450.000,3.281,3.281,90.180,90.180,4.990,4.556,4.556,14.405,14.405,112.422,1.25,35.00,33.0000,11.2422,50.590
2530,300.000,0.648,0.648,61.983,61.983,4.840,1.350,1.350,9.653,9.653,73.634,1.25,35.00,33.0000,7.3634,33.135
2531,200.000,0.128,0.128,42.194,42.194,4.740,0.400,0.400,6.459,6.459,49.181,1.25,35.00,33.0000,4.9181,22.131
2532,250.000,0.313,0.313,52.192,52.192,4.790,0.781,0.781,8.058,8.058,61.344,1.25,35.00,33.0000,6.1344,27.605
2533,350.000,1.200,1.200,71.575,71.575,4.890,2.144,2.144,11.242,11.242,86.161,1.25,35.00,33.0000,8.6161,38.772
2534,500.000,5.000,5.000,99.206,99.206,5.040,6.250,6.250,15.979,15.979,126.435,1.25,35.00,33.0000,12.6435,56.896
2535,450.000,3.281,3.281,90.180,90.180,4.990,4.556,4.556,14.405,14.405,112.422,1.25,35.00,33.0000,11.2422,50.590
2536,300.000,0.648,0.648,61.983,61.983,4.840,1.350,1.350,9.653,9.653,73.634,1.25,35.00,33.0000,7.3634,33.135
2537,200.000,0.128,0.128,42.194,42.194,4.740,0.400,0.400,6.459,6.459,49.181,1.25,35.00,33.0000,4.9181,22.131
2538,250.000,0.313,0.313,52.192,52.192,4.790,0.781,0.781,8.058,8.058,61.344,1.25,35.00,33.0000,6.1344,27.605
2539,350.000,1.200,1.200,71.575,71.575,4.890,2.144,2.144,11.242,11.242,86.161,1.25,35.00,33.0000,8.6161,38.772
2540,500.000,5.000,5.000,99.206,99.206,5.040,6.250,6.250,15.979,15.979,126.435,1.25,35.00,33.0000,12.6435,56.896
2541,450.000,3.281,3.281,90.180,90.180,4.990,4.556,4.556,14.405,14.405,112.422,1.25,35.00,33.0000,11.2422,50.590
2542,300.000,0.648,0.648,61.983,61.983,4.840,1.350,1.350,9.653,9.653,73.634,1.25,35.00,33.0000,7.3634,33.135
2543,200.000,0.128,0.128,42.194,42.194,4.740,0.400,0.400,6.459,6.459,49.181,1.25,35.00,33.0000,4.9181,22.131
2544,250.000,0.313,0.313,52.192,52.192,4.790,0.781,0.781,8.058,8.058,61.344,1.25,35.00,33.0000,6.1344,27.605
2545,350.000,1.200,1.200,71.575,71.575,4.890,2.144,2.144,11.242,11.242,86.161,1.25,35.00,33.0000,8.6161,38.772
2546,500.000,5.000,5.000,99.206,99.206,5.040,6.250,6.250,15.979,15.979,126.435,1.25,35.00,33.0000,12.6435,56.896
2547,450.000,3.281,3.281,90.180,90.180,4.990,4.556,4.556,14.405,14.405,112.422,1.25,35.00,33.0000,11.2422,50.590
2548,300.000,0.648,0.648,61.983,61.983,4.840,1.350,1.350,9.653,9.653,73.634,1.25,35.00,33.0000,7.3634,33.135
2549,200.000,0.128,0.128,42.194,42.194,4.740,0.400,0.400,6.459,6.459,49.181,1.25,35.00,33.0000,4.9181,22.131
2550,250.000,0.313,0.313,52.192,52.192,4.790,0.781,0.781,8.058,8.058,61.344,1.25,35.00,33.0000,6.1344,27.605
2551,350.000,1.200,1.200,71.575,71.575,4.890,2.144,2.144,11.242,11.242,86.161,1.25,35.00,33.0000,8.6161,38.772
2552,500.000,5.000,5.000,99.206,99.206,5.040,6.250,6.250,15.979,15.979,126.435,1.25,35.00,33.0000,12.6435,56.896
2553,450.000,3.281,3.281,90.180,90.180,4.990,4.556,4.556,14.405,14.405,112.422,1.25,35.00,33.0000,11.2422,50.590
2554,300.000,0.648,0.648,61.983,61.983,4.840,1.350,1.350,9.653,9.653,73.634,1.25,35.00,33.0000,7.3634,33.135
2555,200.000,0.128,0.128,42.194,42.194,4.740,0.400,0.400,6.459,6.459,49.181,1.25,35.00,33.0000,4.9181,22.131
2556,250.000,0.313,0.313,52.192,52.192,4.790,0.781,0.781,8.058,8.058,61.344,1.25,35.00,33.0000,6.1344,27.605
2557,350.000,1.200,1.200,71.575,71.575,4.890,2.144,2.144,11.242,11.242,86.161,1.25,35.00,33.0000,8.6161,38.772
2558,500.000,5.000,5.000,99.206,99.206,5.040,6.250,6.250,15.979,15.979,126.435,1.25,35.00,33.0000,12.6435,56.896
2559,450.000,3.281,3.281,90.180,90.180,4.990,4.556,4.556,14.405,14.405,112.422,1.25,35.00,33.0000,11.2422,50.590
2560,300.000,0.648,0.648,61.983,61.983,4.840,1.350,1.350,9.653,9.653,73.634,1.25,35.00,33.0000,7.3634,33.135
2561,200.000,0.128,0.128,42.194,42.194,4.740,0.400,0.400,6.459,6.459,49.181,1.25,35.00,33.0000,4.9181,22.131
2562,250.000,0.313,0.313,52.192,52.192,4.790,0.781,0.781,8.058,8.058,61.344,1.25,35.00,33.0000,6.1344,27.605
2563,350.000,1.200,1.200,71.575,71.575,4.890,2.144,2.144,11.242,11.242,86.161,1.25,35.00,33.0000,8.6161,38.772
2564,500.000,5.000,5.000,99.206,99.206,5.040,6.250,6.250,15.979,15.979,126.435,1.25,35.00,33.0000,12.6435,56.896
2565,450.000,3.281,3.281,90.180,90.180,4.990,4.556,4.556,14.405,14.405,112.422,1.25,35.00,33.0000,11.2422,50.590
2566,300.000,0.648,0.648,61.983,61.983,4.840,1.350,1.350,9.653,9.653,73.634,1.25,35.00,33.0000,7.3634,33.135
2567,200.000,0.128,0.128,42.194,42.194,4.740,0.400,0.400,6.459,6.459,49.181,1.25,35.00,33.0000,4.9181,22.131
2568,250.000,0.313,0.313,52.192,52.192,4.790,0.781,0.781,8.058,8.058,61.344,1.25,35.00,33.0000,6.1344,27.605
2569,350.000,1.200,1.200,71.575,71.575,4.890,2.144,2.144,11.242,11.242,86.161,1.25,35.00,33.0000,8.6161,38.772
2570,500.000,5.000,5.000,99.206,99.206,5.040,6.250,6.250,15.979,15.979,126.435,1.25,35.00,33.0000,12.6435,56.896
2571,450.000,3.281,3.281,90.180,90.180,4.990,4.556,4.556,14.405,14.405,112.422,1.25,35.00,33.0000,11.2422,50.590
2572,300.000,0.648,0.648,61.983,61.983,4.840,1.350,1.350,9.653,9.653,73.634,1.25,35.00,33.0000,7.3634,33.135
2573,200.000,0.128,0.128,42.194,42.194,4.740,0.400,0.400,6.459,6.459,49.181,1.25,35.00,33.0000,4.9181,22.131
2574,250.000,0.313,0.313,52.192,52.192,4.790,0.781,0.781,8.058,8.058,61.344,1.25,35.00,33.0000,6.1344,27.605
2575,350.000,1.200,1.200,71.575,71.575,4.890,2.144,2.144,11.242,11.242,86.161,1.25,35.00,33.0000,8.6161,38.772
2576,500.000,5.000,5.000,99.206,99.206,5.040,6.250,6.250,15.979,15.979,126.435,1.25,35.00,33.0000,12.6435,56.896
2577,450.000,3.281,3.281,90.180,90.180,4.990,4.556,4.556,14.405,14.405,112.422,1.25,35.00,33.0000,11.2422,50.590
2578,300.000,0.648,0.648,61.983,61.983,4.840,1.350,1.350,9.653,9.653,73.634,1.25,35.00,33.0000,7.3634,33.135
2579,200.000,0.128,0.128,42.194,42.194,4.740,0.400,0.400,6.459,6.459,49.181,1.25,35.00,33.0000,4.9181,22.131
2580,250.000,0.313,0.313,52.192,52.192,4.790,0.781,0.781,8.058,8.058,61.344,1.25,35.00,33.0000,6.1344,27.605
2581,350.000,1.200,1.200,71.575,71.575,4.890,2.144,2.144,11.242,11.242,86.161,1.25,35.00,33.0000,8.6161,38.772
2582,500.000,5.000,5.000,99.206,99.206,5.040,6.250,6.250,15.979,15.979,126.435,1.25,35.00,33.0000,12.6435,56.896
2583,450.000,3.281,3.281,90.180,90.180,4.990,4.556,4.556,14.405,14.405,112.422,1.25,35.00,33.0000,11.2422,50.590
2584,300.000,0.648,0.648,61.983,61.983,4.840,1.350,1.350,9.653,9.653,73.634,1.25,35.00,33.0000,7.3634,33.135
2585,200.000,0.128,0.128,42.194,42.194,4.740,0.400,0.400,6.459,6.459,49.181,1.25,35.00,33.0000,4.9181,22.131
2586,250.000,0.313,0.313,52.192,52.192,4.790,0.781,0.781,8.058,8.058,61.344,1.25,35.00,33.0000,6.1344,27.605
2587,350.000,1.200,1.200,71.575,71.575,4.890,2.144,2.144,11.242,11.242,86.161,1.25,35.00,33.0000,8.6161,38.772
2588,500.000,5.000,5.000,99.206,99.206,5.040,6.250,6.250,15.979,15.979,126.435,1.25,35.00,33.0000,12.6435,56.896
2589,450.000,3.281,3.281,90.180,90.180,4.990,4.556,4.556,14.405,14.405,112.422,1.25,35.00,33.0000,11.2422,50.590
2590,300.000,0.648,0.648,61.983,61.983,4.840,1.350,1.350,9.653,9.653,73.634,1.25,35.00,33.0000,7.3634,33.135
2591,200.000,0.128,0.128,42.194,42.194,4.740,0.400,0.400,6.459,6.459,49.181,1.25,35.00,33.0000,4.9181,22.131
2592,250.000,0.313,0.313,52.192,52.192,4.790,0.781,0.781,8.058,8.058,61.344,1.25,35.00,33.0000,6.1344,27.605
2593,350.000,1.200,1.200,71.575,71.575,4.890,2.144,2.144,11.242,11.242,86.161,1.25,35.00,33.0000,8.6161,38.772
2594,500.000,5.000,5.000,99.206,99.206,5.040,6.250,6.250,15.979,15.979,126.435,1.25,35.00,33.0000,12.6435,56.896
2595,450.000,3.281,3.281,90.180,90.180,4.990,4.556,4.556,14.405,14.405,112.422,1.25,35.00,33.0000,11.2422,50.590
2596,300.000,0.648,0.648,61.983,61.983,4.840,1.350,1.350,9.653,9.653,73.634,1.25,35.00,33.0000,7.3634,33.135
2597,200.000,0.128,0.128,42.194,42.194,4.740,0.400,0.400,6.459,6.459,49.181,1.25,35.00,33.0000,4.9181,22.131
2598,250.000,0.313,0.313,52.192,52.192,4.790,0.781,0.781,8.058,8.058,61.344,1.25,35.00,33.0000,6.1344,27.605
2599,350.000,1.200,1.200,71.575,71.575,4.890,2.144,2.144,11.242,11.242,86.161,1.25,35.00,33.0000,8.6161,38.772
2600,500.000,5.000,5.000,99.206,99.206,5.040,6.250,6.250,15.979,15.979,126.435,1.25,35.00,33.0000,12.6435,56.896
2601,450.000,3.281,3.281,90.180,90.180,4.990,4.556,4.556,14.405,14.405,112.422,1.25,35.00,33.0000,11.2422,50.590
2602,300.000,0.648,0.648,61.983,61.983,4.840,1.350,1.350,9.653,9.653,73.634,1.25,35.00,33.0000,7.3634,33.135
2603,200.000,0.128,0.128,42.194,42.194,4.740,0.400,0.400,6.459,6.459,49.181,1.25,35.00,33.0000,4.9181,22.131
2604,250.000,0.313,0.313,52.192,52.192,4.790,0.781,0.781,8.058,8.058,61.344,1.25,35.00,33.0000,6.1344,27.605
2605,350.000,1.200,1.200,71.575,71.575,4.890,2.144,2.144,11.242,11.242,86.161,1.25,35.00,33.0000,8.6161,38.772
2606,500.000,5.000,5.000,99.206,99.206,5.040,6.250,6.250,15.979,15.979,126.435,1.25,35.00,33.0000,12.6435,56.896
2607,450.000,3.281,3.281,90.180,90.180,4.990,4.556,4.556,14.405,14.405,112.422,1.25,35.00,33.0000,11.2422,50.590
2608,300.000,0.648,0.648,61.983,61.983,4.840,1.350,1.350,9.653,9.653,73.634,1.25,35.00,33.0000,7.3634,33.135
2609,200.000,0.128,0.128,42.194,42.194,4.740,0.400,0.400,6.459,6.459,49.181,1.25,35.00,33.0000,4.9181,22.131
2610,250.000,0.313,0.313,52.192,52.192,4.790,0.781,0.781,8.058,8.058,61.344,1.25,35.00,33.0000,6.1344,27.605
2611,350.000,1.200,1.200,71.575,71.575,4.890,2.144,2.144,11.242,11.242,86.161,1.25,35.00,33.0000,8.6161,38.772
2612,500.000,5.000,5.000,99.206,99.206,5.040,6.250,6.250,15.979,15.979,126.435,1.25,35.00,33.0000,12.6435,56.896
2613,450.000,3.281,3.281,90.180,90.180,4.990,4.556,4.556,14.405,14.405,112.422,1.25,35.00,33.0000,11.2422,50.590
2614,300.000,0.648,0.648,61.983,61.983,4.840,1.350,1.350,9.653,9.653,73.634,1.25,35.00,33.0000,7.3634,33.135
2615,200.000,0.128,0.128,42.194,42.194,4.740,0.400,0.400,6.459,6.459,49.181,1.25,35.00,33.0000,4.9181,22.131
2616,250.000,0.313,0.313,52.192,52.192,4.790,0.781,0.781,8.058,8.058,61.344,1.25,35.00,33.0000,6.1344,27.605
2617,350.000,1.200,1.200,71.575,71.575,4.890,2.144,2.144,11.242,11.242,86.161,1.25,35.00,33.0000,8.6161,38.772
2618,500.000,5.000,5.000,99.206,99.206,5.040,6.250,6.250,15.979,15.979,126.435,1.25,35.00,33.0000,12.6435,56.896
2619,450.000,3.281,3.281,90.180,90.180,4.990,4.556,4.556,14.405,14.405,112.422,1.25,35.00,33.0000,11.2422,50.590
2620,300.000,0.648,0.648,61.983,61.983,4.840,1.350,1.350,9.653,9.653,73.634,1.25,35.00,33.0000,7.3634,33.135
2621,200.000,0.128,0.128,42.194,42.194,4.740,0.400,0.400,6.459,6.459,49.181,1.25,35.00,33.0000,4.9181,22.131
2622,250.000,0.313,0.313,52.192,52.192,4.790,0.781,0.781,8.058,8.058,61.344,1.25,35.00,33.0000,6.1344,27.605
2623,350.000,1.200,1.200,71.575,71.575,4.890,2.144,2.144,11.242,11.242,86.161,1.25,35.00,33.0000,8.6161,38.772
2624,500.000,5.000,5.000,99.206,99.206,5.040,6.250,6.250,15.979,15.979,126.435,1.25,35.00,33.0000,12.6435,56.896
2625,450.000,3.281,3.281,90.180,90.180,4.990,4.556,4.556,14.405,14.405,112.422,1.25,35.00,33.0000,11.2422,50.590
2626,300.000,0.648,0.648,61.983,61.983,4.840,1.350,1.350,9.653,9.653,73.634,1.25,35.00,33.0000,7.3634,33.135
2627,200.000,0.128,0.128,42.194,42.194,4.740,0.400,0.400,6.459,6.459,49.181,1.25,35.00,33.0000,4.9181,22.131
2628,250.000,0.313,0.313,52.192,52.192,4.790,0.781,0.781,8.058,8.058,61.344,1.25,35.00,33.0000,6.1344,27.605
2629,350.000,1.200,1.200,71.575,71.575,4.890,2.144,2.144,11.242,11.242,86.161,1.25,35.00,33.0000,8.6161,38.772
2630,500.000,5.000,5.000,99.206,99.206,5.040,6.250,6.250,15.979,15.979,126.435,1.25,35.00,33.0000,12.6435,56.896
2631,450.000,3.281,3.281,90.180,90.180,4.990,4.556,4.556,14.405,14.405,112.422,1.25,35.00,33.0000,11.2422,50.590
2632,300.000,0.648,0.648,61.983,61.983,4.840,1.350,1.350,9.653,9.653,73.634,1.25,35.00,33.0000,7.3634,33.135
2633,200.000,0.128,0.128,42.194,42.194,4.740,0.400,0.400,6.459,6.459,49.181,1.25,35.00,33.0000,4.9181,22.131
2634,250.000,0.313,0.313,52.192,52.192,4.790,0.781,0.781,8.058,8.058,61.344,1.25,35.00,33.0000,6.1344,27.605
2635,350.000,1.200,1.200,71.575,71.575,4.890,2.144,2.144,11.242,11.242,86.161,1.25,35.00,33.0000,8.6161,38.772
2636,500.000,5.000,5.000,99.206,99.206,5.040,6.250,6.250,15.979,15.979,126.435,1.25,35.00,33.0000,12.6435,56.896
2637,450.000,3.281,3.281,90.180,90.180,4.990,4.556,4.556,14.405,14.405,112.422,1.25,35.00,33.0000,11.2422,50.590
2638,300.000,0.648,0.648,61.983,61.983,4.840,1.350,1.350,9.653,9.653,73.634,1.25,35.00,33.0000,7.3634,33.135
2639,200.000,0.128,0.128,42.194,42.194,4.740,0.400,0.400,6.459,6.459,49.181,1.25,35.00,33.0000,4.9181,22.131
2640,250.000,0.313,0.313,52.192,52.192,4.790,0.781,0.781,8.058,8.058,61.344,1.25,35.00,33.0000,6.1344,27.605
2641,350.000,1.200,1.200,71.575,71.575,4.890,2.144,2.144,11.242,11.242,86.161,1.25,35.00,33.0000,8.6161,38.772
2642,500.000,5.000,5.000,99.206,99.206,5.040,6.250,6.250,15.979,15.979,126.435,1.25,35.00,33.0000,12.6435,56.896
2643,450.000,3.281,3.281,90.180,90.180,4.990,4.556,4.556,14.405,14.405,112.422,1.25,35.00,33.0000,11.2422,50.590
2644,300.000,0.648,0.648,61.983,61.983,4.840,1.350,1.350,9.653,9.653,73.634,1.25,35.00,33.0000,7.3634,33.135
2645,200.000,0.128,0.128,42.194,42.194,4.740,0.400,0.400,6.459,6.459,49.181,1.25,35.00,33.0000,4.9181,22.131
2646,250.000,0.313,0.313,52.192,52.192,4.790,0.781,0.781,8.058,8.058,61.344,1.25,35.00,33.0000,6.1344,27.605
2647,350.000,1.200,1.200,71.575,71.575,4.890,2.144,2.144,11.242,11.242,86.161,1.25,35.00,33.0000,8.6161,38.772
2648,500.000,5.000,5.000,99.206,99.206,5.040,6.250,6.250,15.979,15.979,126.435,1.25,35.00,33.0000,12.6435,56.896
2649,450.000,3.281,3.281,90.180,90.180,4.990,4.556,4.556,14.405,14.405,112.422,1.25,35.00,33.0000,11.2422,50.590
2650,300.000,0.648,0.648,61.983,61.983,4.840,1.350,1.350,9.653,9.653,73.634,1.25,35.00,33.0000,7.3634,33.135
2651,200.000,0.128,0.128,42.194,42.194,4.740,0.400,0.400,6.459,6.459,49.181,1.25,35.00,33.0000,4.9181,22.131
2652,250.000,0.313,0.313,52.192,52.192,4.790,0.781,0.781,8.058,8.058,61.344,1.25,35.00,33.0000,6.1344,27.605
2653,350.000,1.200,1.200,71.575,71.575,4.890,2.144,2.144,11.242,11.242,86.161,1.25,35.00,33.0000,8.6161,38.772
2654,500.000,5.000,5.000,99.206,99.206,5.040,6.250,6.250,15.979,15.979,126.435,1.25,35.00,33.0000,12.6435,56.896
2655,450.000,3.281,3.281,90.180,90.180,4.990,4.556,4.556,14.405,14.405,112.422,1.25,35.00,33.0000,11.2422,50.590
2656,300.000,0.648,0.648,61.983,61.983,4.840,1.350,1.350,9.653,9.653,73.634,1.25,35.00,33.0000,7.3634,33.135
2657,200.000,0.128,0.128,42.194,42.194,4.740,0.400,0.400,6.459,6.459,49.181,1.25,35.00,33.0000,4.9181,22.131
2658,250.000,0.313,0.313,52.192,52.192,4.790,0.781,0.781,8.058,8.058,61.344,1.25,35.00,33.0000,6.1344,27.605
2659,350.000,1.200,1.200,71.575,71.575,4.890,2.144,2.144,11.242,11.242,86.161,1.25,35.00,33.0000,8.6161,38.772
2660,500.000,5.000,5.000,99.206,99.206,5.040,6.250,6.250,15.979,15.979,126.435,1.25,35.00,33.0000,12.6435,56.896
2661,450.000,3.281,3.281,90.180,90.180,4.990,4.556,4.556,14.405,14.405,112.422,1.25,35.00,33.0000,11.2422,50.590
2662,300.000,0.648,0.648,61.983,61.983,4.840,1.350,1.350,9.653,9.653,73.634,1.25,35.00,33.0000,7.3634,33.135
2663,200.000,0.128,0.128,42.194,42.194,4.740,0.400,0.400,6.459,6.459,49.181,1.25,35.00,33.0000,4.9181,22.131
2664,250.000,0.313,0.313,52.192,52.192,4.790,0.781,0.781,8.058,8.058,61.344,1.25,35.00,33.0000,6.1344,27.605
2665,350.000,1.200,1.200,71.575,71.575,4.890,2.144,2.144,11.242,11.242,86.161,1.25,35.00,33.0000,8.6161,38.772
2666,500.000,5.000,5.000,99.206,99.206,5.040,6.250,6.250,15.979,15.979,126.435,1.25,35.00,33.0000,12.6435,56.896
2667,450.000,3.281,3.281,90.180,90.180,4.990,4.556,4.556,14.405,14.405,112.422,1.25,35.00,33.0000,11.2422,50.590
2668,300.000,0.648,0.648,61.983,61.983,4.840,1.350,1.350,9.653,9.653,73.634,1.25,35.00,33.0000,7.3634,33.135
2669,200.000,0.128,0.128,42.194,42.194,4.740,0.400,0.400,6.459,6.459,49.181,1.25,35.00,33.0000,4.9181,22.131
2670,250.000,0.313,0.313,52.192,52.192,4.790,0.781,0.781,8.058,8.058,61.344,1.25,35.00,33.0000,6.1344,27.605
2671,350.000,1.200,1.200,71.575,71.575,4.890,2.144,2.144,11.242,11.242,86.161,1.25,35.00,33.0000,8.6161,38.772
2672,500.000,5.000,5.000,99.206,99.206,5.040,6.250,6.250,15.979,15.979,126.435,1.25,35.00,33.0000,12.6435,56.896
2673,450.000,3.281,3.281,90.180,90.180,4.990,4.556,4.556,14.405,14.405,112.422,1.25,35.00,33.0000,11.2422,50.590
2674,300.000,0.648,0.648,61.983,61.983,4.840,1.350,1.350,9.653,9.653,73.634,1.25,35.00,33.0000,7.3634,33.135
2675,200.000,0.128,0.128,42.194,42.194,4.740,0.400,0.400,6.459,6.459,49.181,1.25,35.00,33.0000,4.9181,22.131
2676,250.000,0.313,0.313,52.192,52.192,4.790,0.781,0.781,8.058,8.058,61.344,1.25,35.00,33.0000,6.1344,27.605
2677,350.000,1.200,1.200,71.575,71.575,4.890,2.144,2.144,11.242,11.242,86.161,1.25,35.00,33.0000,8.6161,38.772
2678,500.000,5.000,5.000,99.206,99.206,5.040,6.250,6.250,15.979,15.979,126.435,1.25,35.00,33.0000,12.6435,56.896
2679,450.000,3.281,3.281,90.180,90.180,4.990,4.556,4.556,14.405,14.405,112.422,1.25,35.00,33.0000,11.2422,50.590
2680,300.000,0.648,0.648,61.983,61.983,4.840,1.350,1.350,9.653,9.653,73.634,1.25,35.00,33.0000,7.3634,33.135
2681,200.000,0.128,0.128,42.194,42.194,4.740,0.400,0.400,6.459,6.459,49.181,1.25,35.00,33.0000,4.9181,22.131
2682,250.000,0.313,0.313,52.192,52.192,4.790,0.781,0.781,8.058,8.058,61.344,1.25,35.00,33.0000,6.1344,27.605
2683,350.000,1.200,1.200,71.575,71.575,4.890,2.144,2.144,11.242,11.242,86.161,1.25,35.00,33.0000,8.6161,38.772
2684,500.000,5.000,5.000,99.206,99.206,5.040,6.250,6.250,15.979,15.979,126.435,1.25,35.00,33.0000,12.6435,56.896
2685,450.000,3.281,3.281,90.180,90.180,4.990,4.556,4.556,14.405,14.405,112.422,1.25,35.00,33.0000,11.2422,50.590
2686,300.000,0.648,0.648,61.983,61.983,4.840,1.350,1.350,9.653,9.653,73.634,1.25,35.00,33.0000,7.3634,33.135
2687,200.000,0.128,0.128,42.194,42.194,4.740,0.400,0.400,6.459,6.459,49.181,1.25,35.00,33.0000,4.9181,22.131
2688,250.000,0.313,0.313,52.192,52.192,4.790,0.781,0.781,8.058,8.058,61.344,1.25,35.00,33.0000,6.1344,27.605
2689,350.000,1.200,1.200,71.575,71.575,4.890,2.144,2.144,11.242,11.242,86.161,1.25,35.00,33.0000,8.6161,38.772
2690,500.000,5.000,5.000,99.206,99.206,5.040,6.250,6.250,15.979,15.979,126.435,1.25,35.00,33.0000,12.6435,56.896
2691,450.000,3.281,3.281,90.180,90.180,4.990,4.556,4.556,14.405,14.405,112.422,1.25,35.00,33.0000,11.2422,50.590
2692,300.000,0.648,0.648,61.983,61.983,4.840,1.350,1.350,9.653,9.653,73.634,1.25,35.00,33.0000,7.3634,33.135
2693,200.000,0.128,0.128,42.194,42.194,4.740,0.400,0.400,6.459,6.459,49.181,1.25,35.00,33.0000,4.9181,22.131
2694,250.000,0.313,0.313,52.192,52.192,4.790,0.781,0.781,8.058,8.058,61.344,1.25,35.00,33.0000,6.1344,27.605
2695,350.000,1.200,1.200,71.575,71.575,4.890,2.144,2.144,11.242,11.242,86.161,1.25,35.00,33.0000,8.6161,38.772
2696,500.000,5.000,5.000,99.206,99.206,5.040,6.250,6.250,15.979,15.979,126.435,1.25,35.00,33.0000,12.6435,56.896
2697,450.000,3.281,3.281,90.180,90.180,4.990,4.556,4.556,14.405,14.405,112.422,1.25,35.00,33.0000,11.2422,50.590
2698,300.000,0.648,0.648,61.983,61.983,4.840,1.350,1.350,9.653,9.653,73.634,1.25,35.00,33.0000,7.3634,33.135
2699,200.000,0.128,0.128,42.194,42.194,4.740,0.400,0.400,6.459,6.459,49.181,1.25,35.00,33.0000,4.9181,22.131
2700,250.000,0.313,0.313,52.192,52.192,4.790,0.781,0.781,8.058,8.058,61.344,1.25,35.00,33.0000,6.1344,27.605
2701,350.000,1.200,1.200,71.575,71.575,4.890,2.144,2.144,11.242,11.242,86.161,1.25,35.00,33.0000,8.6161,38.772
2702,500.000,5.000,5.000,99.206,99.206,5.040,6.250,6.250,15.979,15.979,126.435,1.25,35.00,33.0000,12.6435,56.896
2703,450.000,3.281,3.281,90.180,90.180,4.990,4.556,4.556,14.405,14.405,112.422,1.25,35.00,33.0000,11.2422,50.590
2704,300.000,0.648,0.648,61.983,61.983,4.840,1.350,1.350,9.653,9.653,73.634,1.25,35.00,33.0000,7.3634,33.135
2705,200.000,0.128,0.128,42.194,42.194,4.740,0.400,0.400,6.459,6.459,49.181,1.25,35.00,33.0000,4.9181,22.131
2706,250.000,0.313,0.313,52.192,52.192,4.790,0.781,0.781,8.058,8.058,61.344,1.25,35.00,33.0000,6.1344,27.605
2707,350.000,1.200,1.200,71.575,71.575,4.890,2.144,2.144,11.242,11.242,86.161,1.25,35.00,33.0000,8.6161,38.772
2708,500.000,5.000,5.000,99.206,99.206,5.040,6.250,6.250,15.979,15.979,126.435,1.25,35.00,33.0000,12.6435,56.896
2709,450.000,3.281,3.281,90.180,90.180,4.990,4.556,4.556,14.405,14.405,112.422,1.25,35.00,33.0000,11.2422,50.590
2710,300.000,0.648,0.648,61.983,61.983,4.840,1.350,1.350,9.653,9.653,73.634,1.25,35.00,33.0000,7.3634,33.135
2711,200.000,0.128,0.128,42.194,42.194,4.740,0.400,0.400,6.459,6.459,49.181,1.25,35.00,33.0000,4.9181,22.131
2712,250.000,0.313,0.313,52.192,52.192,4.790,0.781,0.781,8.058,8.058,61.344,1.25,35.00,33.0000,6.1344,27.605
2713,350.000,1.200,1.200,71.575,71.575,4.890,2.144,2.144,11.242,11.242,86.161,1.25,35.00,33.0000,8.6161,38.772
2714,500.000,5.000,5.000,99.206,99.206,5.040,6.250,6.250,15.979,15.979,126.435,1.25,35.00,33.0000,12.6435,56.896
2715,450.000,3.281,3.281,90.180,90.180,4.990,4.556,4.556,14.405,14.405,112.422,1.25,35.00,33.0000,11.2422,50.590
2716,300.000,0.648,0.648,61.983,61.983,4.840,1.350,1.350,9.653,9.653,73.634,1.25,35.00,33.0000,7.3634,33.135
2717,200.000,0.128,0.128,42.194,42.194,4.740,0.400,0.400,6.459,6.459,49.181,1.25,35.00,33.0000,4.9181,22.131
2718,250.000,0.313,0.313,52.192,52.192,4.790,0.781,0.781,8.058,8.058,61.344,1.25,35.00,33.0000,6.1344,27.605
2719,350.000,1.200,1.200,71.575,71.575,4.890,2.144,2.144,11.242,11.242,86.161,1.25,35.00,33.0000,8.6161,38.772
2720,500.000,5.000,5.000,99.206,99.206,5.040,6.250,6.250,15.979,15.979,126.435,1.25,35.00,33.0000,12.6435,56.896
2721,450.000,3.281,3.281,90.180,90.180,4.990,4.556,4.556,14.405,14.405,112.422,1.25,35.00,33.0000,11.2422,50.590
2722,300.000,0.648,0.648,61.983,61.983,4.840,1.350,1.350,9.653,9.653,73.634,1.25,35.00,33.0000,7.3634,33.135
2723,200.000,0.128,0.128,42.194,42.194,4.740,0.400,0.400,6.459,6.459,49.181,1.25,35.00,33.0000,4.9181,22.131
2724,250.000,0.313,0.313,52.192,52.192,4.790,0.781,0.781,8.058,8.058,61.344,1.25,35.00,33.0000,6.1344,27.605
2725,350.000,1.200,1.200,71.575,71.575,4.890,2.144,2.144,11.242,11.242,86.161,1.25,35.00,33.0000,8.6161,38.772
2726,500.000,5.000,5.000,99.206,99.206,5.040,6.250,6.250,15.979,15.979,126.435,1.25,35.00,33.0000,12.6435,56.896
2727,450.000,3.281,3.281,90.180,90.180,4.990,4.556,4.556,14.405,14.405,112.422,1.25,35.00,33.0000,11.2422,50.590
2728,300.000,0.648,0.648,61.983,61.983,4.840,1.350,1.350,9.653,9.653,73.634,1.25,35.00,33.0000,7.3634,33.135
2729,200.000,0.128,0.128,42.194,42.194,4.740,0.400,0.400,6.459,6.459,49.181,1.25,35.00,33.0000,4.9181,22.131
2730,250.000,0.313,0.313,52.192,52.192,4.790,0.781,0.781,8.058,8.058,61.344,1.25,35.00,33.0000,6.1344,27.605
2731,350.000,1.200,1.200,71.575,71.575,4.890,2.144,2.144,11.242,11.242,86.161,1.25,35.00,33.0000,8.6161,38.772
2732,500.000,5.000,5.000,99.206,99.206,5.040,6.250,6.250,15.979,15.979,126.435,1.25,35.00,33.0000,12.6435,56.896
2733,450.000,3.281,3.281,90.180,90.180,4.990,4.556,4.556,14.405,14.405,112.422,1.25,35.00,33.0000,11.2422,50.590
2734,300.000,0.648,0.648,61.983,61.983,4.840,1.350,1.350,9.653,9.653,73.634,1.25,35.00,33.0000,7.3634,33.135
2735,200.000,0.128,0.128,42.194,42.194,4.740,0.400,0.400,6.459,6.459,49.181,1.25,35.00,33.0000,4.9181,22.131
2736,250.000,0.313,0.313,52.192,52.192,4.790,0.781,0.781,8.058,8.058,61.344,1.25,35.00,33.0000,6.1344,27.605
2737,350.000,1.200,1.200,71.575,71.575,4.890,2.144,2.144,11.242,11.242,86.161,1.25,35.00,33.0000,8.6161,38.772
2738,500.000,5.000,5.000,99.206,99.206,5.040,6.250,6.250,15.979,15.979,126.435,1.25,35.00,33.0000,12.6435,56.896
2739,450.000,3.281,3.281,90.180,90.180,4.990,4.556,4.556,14.405,14.405,112.422,1.25,35.00,33.0000,11.2422,50.590
2740,300.000,0.648,0.648,61.983,61.983,4.840,1.350,1.350,9.653,9.653,73.634,1.25,35.00,33.0000,7.3634,33.135
2741,200.000,0.128,0.128,42.194,42.194,4.740,0.400,0.400,6.459,6.459,49.181,1.25,35.00,33.0000,4.9181,22.131
2742,250.000,0.313,0.313,52.192,52.192,4.790,0.781,0.781,8.058,8.058,61.344,1.25,35.00,33.0000,6.1344,27.605
2743,350.000,1.200,1.200,71.575,71.575,4.890,2.144,2.144,11.242,11.242,86.161,1.25,35.00,33.0000,8.6161,38.772
2744,500.000,5.000,5.000,99.206,99.206,5.040,6.250,6.250,15.979,15.979,126.435,1.25,35.00,33.0000,12.6435,56.896
2745,450.000,3.281,3.281,90.180,90.180,4.990,4.556,4.556,14.405,14.405,112.422,1.25,35.00,33.0000,11.2422,50.590
2746,300.000,0.648,0.648,61.983,61.983,4.840,1.350,1.350,9.653,9.653,73.634,1.25,35.00,33.0000,7.3634,33.135
2747,200.000,0.128,0.128,42.194,42.194,4.740,0.400,0.400,6.459,6.459,49.181,1.25,35.00,33.0000,4.9181,22.131
2748,250.000,0.313,0.313,52.192,52.192,4.790,0.781,0.781,8.058,8.058,61.344,1.25,35.00,33.0000,6.1344,27.605
2749,350.000,1.200,1.200,71.575,71.575,4.890,2.144,2.144,11.242,11.242,86.161,1.25,35.00,33.0000,8.6161,38.772
2750,500.000,5.000,5.000,99.206,99.206,5.040,6.250,6.250,15.979,15.979,126.435,1.25,35.00,33.0000,12.6435,56.896
2751,450.000,3.281,3.281,90.180,90.180,4.990,4.556,4.556,14.405,14.405,112.422,1.25,35.00,33.0000,11.2422,50.590
2752,300.000,0.648,0.648,61.983,61.983,4.840,1.350,1.350,9.653,9.653,73.634,1.25,35.00,33.0000,7.3634,33.135
2753,200.000,0.128,0.128,42.194,42.194,4.740,0.400,0.400,6.459,6.459,49.181,1.25,35.00,33.0000,4.9181,22.131
2754,250.000,0.313,0.313,52.192,52.192,4.790,0.781,0.781,8.058,8.058,61.344,1.25,35.00,33.0000,6.1344,27.605
2755,350.000,1.200,1.200,71.575,71.575,4.890,2.144,2.144,11.242,11.242,86.161,1.25,35.00,33.0000,8.6161,38.772
2756,500.000,5.000,5.000,99.206,99.206,5.040,6.250,6.250,15.979,15.979,126.435,1.25,35.00,33.0000,12.6435,56.896
2757,450.000,3.281,3.281,90.180,90.180,4.990,4.556,4.556,14.405,14.405,112.422,1.25,35.00,33.0000,11.2422,50.590
2758,300.000,0.648,0.648,61.983,61.983,4.840,1.350,1.350,9.653,9.653,73.634,1.25,35.00,33.0000,7.3634,33.135
2759,200.000,0.128,0.128,42.194,42.194,4.740,0.400,0.400,6.459,6.459,49.181,1.25,35.00,33.0000,4.9181,22.131
2760,250.000,0.313,0.313,52.192,52.192,4.790,0.781,0.781,8.058,8.058,61.344,1.25,35.00,33.0000,6.1344,27.605
2761,350.000,1.200,1.200,71.575,71.575,4.890,2.144,2.144,11.242,11.242,86.161,1.25,35.00,33.0000,8.6161,38.772
2762,500.000,5.000,5.000,99.206,99.206,5.040,6.250,6.250,15.979,15.979,126.435,1.25,35.00,33.0000,12.6435,56.896
2763,450.000,3.281,3.281,90.180,90.180,4.990,4.556,4.556,14.405,14.405,112.422,1.25,35.00,33.0000,11.2422,50.590
2764,300.000,0.648,0.648,61.983,61.983,4.840,1.350,1.350,9.653,9.653,73.634,1.25,35.00,33.0000,7.3634,33.135
2765,200.000,0.128,0.128,42.194,42.194,4.740,0.400,0.400,6.459,6.459,49.181,1.25,35.00,33.0000,4.9181,22.131
2766,250.000,0.313,0.313,52.192,52.192,4.790,0.781,0.781,8.058,8.058,61.344,1.25,35.00,33.0000,6.1344,27.605
2767,350.000,1.200,1.200,71.575,71.575,4.890,2.144,2.144,11.242,11.242,86.161,1.25,35.00,33.0000,8.6161,38.772
2768,500.000,5.000,5.000,99.206,99.206,5.040,6.250,6.250,15.979,15.979,126.435,1.25,35.00,33.0000,12.6435,56.896
2769,450.000,3.281,3.281,90.180,90.180,4.990,4.556,4.556,14.405,14.405,112.422,1.25,35.00,33.0000,11.2422,50.590
2770,300.000,0.648,0.648,61.983,61.983,4.840,1.350,1.350,9.653,9.653,73.634,1.25,35.00,33.0000,7.3634,33.135
2771,200.000,0.128,0.128,42.194,42.194,4.740,0.400,0.400,6.459,6.459,49.181,1.25,35.00,33.0000,4.9181,22.131
2772,250.000,0.313,0.313,52.192,52.192,4.790,0.781,0.781,8.058,8.058,61.344,1.25,35.00,33.0000,6.1344,27.605
2773,350.000,1.200,1.200,71.575,71.575,4.890,2.144,2.144,11.242,11.242,86.161,1.25,35.00,33.0000,8.6161,38.772
2774,500.000,5.000,5.000,99.206,99.206,5.040,6.250,6.250,15.979,15.979,126.435,1.25,35.00,33.0000,12.6435,56.896
2775,450.000,3.281,3.281,90.180,90.180,4.990,4.556,4.556,14.405,14.405,112.422,1.25,35.00,33.0000,11.2422,50.590
2776,300.000,0.648,0.648,61.983,61.983,4.840,1.350,1.350,9.653,9.653,73.634,1.25,35.00,33.0000,7.3634,33.135
2777,200.000,0.128,0.128,42.194,42.194,4.740,0.400,0.400,6.459,6.459,49.181,1.25,35.00,33.0000,4.9181,22.131
2778,250.000,0.313,0.313,52.192,52.192,4.790,0.781,0.781,8.058,8.058,61.344,1.25,35.00,33.0000,6.1344,27.605
2779,350.000,1.200,1.200,71.575,71.575,4.890,2.144,2.144,11.242,11.242,86.161,1.25,35.00,33.0000,8.6161,38.772
2780,500.000,5.000,5.000,99.206,99.206,5.040,6.250,6.250,15.979,15.979,126.435,1.25,35.00,33.0000,12.6435,56.896
2781,450.000,3.281,3.281,90.180,90.180,4.990,4.556,4.556,14.405,14.405,112.422,1.25,35.00,33.0000,11.2422,50.590
2782,300.000,0.648,0.648,61.983,61.983,4.840,1.350,1.350,9.653,9.653,73.634,1.25,35.00,33.0000,7.3634,33.135
2783,200.000,0.128,0.128,42.194,42.194,4.740,0.400,0.400,6.459,6.459,49.181,1.25,35.00,33.0000,4.9181,22.131
2784,250.000,0.313,0.313,52.192,52.192,4.790,0.781,0.781,8.058,8.058,61.344,1.25,35.00,33.0000,6.1344,27.605
2785,350.000,1.200,1.200,71.575,71.575,4.890,2.144,2.144,11.242,11.242,86.161,1.25,35.00,33.0000,8.6161,38.772
2786,500.000,5.000,5.000,99.206,99.206,5.040,6.250,6.250,15.979,15.979,126.435,1.25,35.00,33.0000,12.6435,56.896
2787,450.000,3.281,3.281,90.180,90.180,4.990,4.556,4.556,14.405,14.405,112.422,1.25,35.00,33.0000,11.2422,50.590
2788,300.000,0.648,0.648,61.983,61.983,4.840,1.350,1.350,9.653,9.653,73.634,1.25,35.00,33.0000,7.3634,33.135
2789,200.000,0.128,0.128,42.194,42.194,4.740,0.400,0.400,6.459,6.459,49.181,1.25,35.00,33.0000,4.9181,22.131
2790,250.000,0.313,0.313,52.192,52.192,4.790,0.781,0.781,8.058,8.058,61.344,1.25,35.00,33.0000,6.1344,27.605
2791,350.000,1.200,1.200,71.575,71.575,4.890,2.144,2.144,11.242,11.242,86.161,1.25,35.00,33.0000,8.6161,38.772
2792,500.000,5.000,5.000,99.206,99.206,5.040,6.250,6.250,15.979,15.979,126.435,1.25,35.00,33.0000,12.6435,56.896
2793,450.000,3.281,3.281,90.180,90.180,4.990,4.556,4.556,14.405,14.405,112.422,1.25,35.00,33.0000,11.2422,50.590
2794,300.000,0.648,0.648,61.983,61.983,4.840,1.350,1.350,9.653,9.653,73.634,1.25,35.00,33.0000,7.3634,33.135
2795,200.000,0.128,0.128,42.194,42.194,4.740,0.400,0.400,6.459,6.459,49.181,1.25,35.00,33.0000,4.9181,22.131
2796,250.000,0.313,0.313,52.192,52.192,4.790,0.781,0.781,8.058,8.058,61.344,1.25,35.00,33.0000,6.1344,27.605
2797,350.000,1.200,1.200,71.575,71.575,4.890,2.144,2.144,11.242,11.242,86.161,1.25,35.00,33.0000,8.6161,38.772
2798,500.000,5.000,5.000,99.206,99.206,5.040,6.250,6.250,15.979,15.979,126.435,1.25,35.00,33.0000,12.6435,56.896
2799,450.000,3.281,3.281,90.180,90.180,4.990,4.556,4.556,14.405,14.405,112.422,1.25,35.00,33.0000,11.2422,50.590
2800,300.000,0.648,0.648,61.983,61.983,4.840,1.350,1.350,9.653,9.653,73.634,1.25,35.00,33.0000,7.3634,33.135
2801,200.000,0.128,0.128,42.194,42.194,4.740,0.400,0.400,6.459,6.459,49.181,1.25,35.00,33.0000,4.9181,22.131
2802,250.000,0.313,0.313,52.192,52.192,4.790,0.781,0.781,8.058,8.058,61.344,1.25,35.00,33.0000,6.1344,27.605
2803,350.000,1.200,1.200,71.575,71.575,4.890,2.144,2.144,11.242,11.242,86.161,1.25,35.00,33.0000,8.6161,38.772
2804,500.000,5.000,5.000,99.206,99.206,5.040,6.250,6.250,15.979,15.979,126.435,1.25,35.00,33.0000,12.6435,56.896
2805,450.000,3.281,3.281,90.180,90.180,4.990,4.556,4.556,14.405,14.405,112.422,1.25,35.00,33.0000,11.2422,50.590
2806,300.000,0.648,0.648,61.983,61.983,4.840,1.350,1.350,9.653,9.653,73.634,1.25,35.00,33.0000,7.3634,33.135
2807,200.000,0.128,0.128,42.194,42.194,4.740,0.400,0.400,6.459,6.459,49.181,1.25,35.00,33.0000,4.9181,22.131
2808,250.000,0.313,0.313,52.192,52.192,4.790,0.781,0.781,8.058,8.058,61.344,1.25,35.00,33.0000,6.1344,27.605
2809,350.000,1.200,1.200,71.575,71.575,4.890,2.144,2.144,11.242,11.242,86.161,1.25,35.00,33.0000,8.6161,38.772
2810,500.000,5.000,5.000,99.206,99.206,5.040,6.250,6.250,15.979,15.979,126.435,1.25,35.00,33.0000,12.6435,56.896
2811,450.000,3.281,3.281,90.180,90.180,4.990,4.556,4.556,14.405,14.405,112.422,1.25,35.00,33.0000,11.2422,50.590
2812,300.000,0.648,0.648,61.983,61.983,4.840,1.350,1.350,9.653,9.653,73.634,1.25,35.00,33.0000,7.3634,33.135
2813,200.000,0.128,0.128,42.194,42.194,4.740,0.400,0.400,6.459,6.459,49.181,1.25,35.00,33.0000,4.9181,22.131
2814,250.000,0.313,0.313,52.192,52.192,4.790,0.781,0.781,8.058,8.058,61.344,1.25,35.00,33.0000,6.1344,27.605
2815,350.000,1.200,1.200,71.575,71.575,4.890,2.144,2.144,11.242,11.242,86.161,1.25,35.00,33.0000,8.6161,38.772
2816,500.000,5.000,5.000,99.206,99.206,5.040,6.250,6.250,15.979,15.979,126.435,1.25,35.00,33.0000,12.6435,56.896
2817,450.000,3.281,3.281,90.180,90.180,4.990,4.556,4.556,14.405,14.405,112.422,1.25,35.00,33.0000,11.2422,50.590
2818,300.000,0.648,0.648,61.983,61.983,4.840,1.350,1.350,9.653,9.653,73.634,1.25,35.00,33.0000,7.3634,33.135
2819,200.000,0.128,0.128,42.194,42.194,4.740,0.400,0.400,6.459,6.459,49.181,1.25,35.00,33.0000,4.9181,22.131
2820,250.000,0.313,0.313,52.192,52.192,4.790,0.781,0.781,8.058,8.058,61.344,1.25,35.00,33.0000,6.1344,27.605
2821,350.000,1.200,1.200,71.575,71.575,4.890,2.144,2.144,11.242,11.242,86.161,1.25,35.00,33.0000,8.6161,38.772
2822,500.000,5.000,5.000,99.206,99.206,5.040,6.250,6.250,15.979,15.979,126.435,1.25,35.00,33.0000,12.6435,56.896
2823,450.000,3.281,3.281,90.180,90.180,4.990,4.556,4.556,14.405,14.405,112.422,1.25,35.00,33.0000,11.2422,50.590
2824,300.000,0.648,0.648,61.983,61.983,4.840,1.350,1.350,9.653,9.653,73.634,1.25,35.00,33.0000,7.3634,33.135
2825,200.000,0.128,0.128,42.194,42.194,4.740,0.400,0.400,6.459,6.459,49.181,1.25,35.00,33.0000,4.9181,22.131
2826,250.000,0.313,0.313,52.192,52.192,4.790,0.781,0.781,8.058,8.058,61.344,1.25,35.00,33.0000,6.1344,27.605
2827,350.000,1.200,1.200,71.575,71.575,4.890,2.144,2.144,11.242,11.242,86.161,1.25,35.00,33.0000,8.6161,38.772
2828,500.000,5.000,5.000,99.206,99.206,5.040,6.250,6.250,15.979,15.979,126.435,1.25,35.00,33.0000,12.6435,56.896
2829,450.000,3.281,3.281,90.180,90.180,4.990,4.556,4.556,14.405,14.405,112.422,1.25,35.00,33.0000,11.2422,50.590
2830,300.000,0.648,0.648,61.983,61.983,4.840,1.350,1.350,9.653,9.653,73.634,1.25,35.00,33.0000,7.3634,33.135
2831,200.000,0.128,0.128,42.194,42.194,4.740,0.400,0.400,6.459,6.459,49.181,1.25,35.00,33.0000,4.9181,22.131
2832,250.000,0.313,0.313,52.192,52.192,4.790,0.781,0.781,8.058,8.058,61.344,1.25,35.00,33.0000,6.1344,27.605
2833,350.000,1.200,1.200,71.575,71.575,4.890,2.144,2.144,11.242,11.242,86.161,1.25,35.00,33.0000,8.6161,38.772
2834,500.000,5.000,5.000,99.206,99.206,5.040,6.250,6.250,15.979,15.979,126.435,1.25,35.00,33.0000,12.6435,56.896
2835,450.000,3.281,3.281,90.180,90.180,4.990,4.556,4.556,14.405,14.405,112.422,1.25,35.00,33.0000,11.2422,50.590
2836,300.000,0.648,0.648,61.983,61.983,4.840,1.350,1.350,9.653,9.653,73.634,1.25,35.00,33.0000,7.3634,33.135
2837,200.000,0.128,0.128,42.194,42.194,4.740,0.400,0.400,6.459,6.459,49.181,1.25,35.00,33.0000,4.9181,22.131
2838,250.000,0.313,0.313,52.192,52.192,4.790,0.781,0.781,8.058,8.058,61.344,1.25,35.00,33.0000,6.1344,27.605
2839,350.000,1.200,1.200,71.575,71.575,4.890,2.144,2.144,11.242,11.242,86.161,1.25,35.00,33.0000,8.6161,38.772
2840,500.000,5.000,5.000,99.206,99.206,5.040,6.250,6.250,15.979,15.979,126.435,1.25,35.00,33.0000,12.6435,56.896
2841,450.000,3.281,3.281,90.180,90.180,4.990,4.556,4.556,14.405,14.405,112.422,1.25,35.00,33.0000,11.2422,50.590
2842,300.000,0.648,0.648,61.983,61.983,4.840,1.350,1.350,9.653,9.653,73.634,1.25,35.00,33.0000,7.3634,33.135
2843,200.000,0.128,0.128,42.194,42.194,4.740,0.400,0.400,6.459,6.459,49.181,1.25,35.00,33.0000,4.9181,22.131
2844,250.000,0.313,0.313,52.192,52.192,4.790,0.781,0.781,8.058,8.058,61.344,1.25,35.00,33.0000,6.1344,27.605
2845,350.000,1.200,1.200,71.575,71.575,4.890,2.144,2.144,11.242,11.242,86.161,1.25,35.00,33.0000,8.6161,38.772
2846,500.000,5.000,5.000,99.206,99.206,5.040,6.250,6.250,15.979,15.979,126.435,1.25,35.00,33.0000,12.6435,56.896
2847,450.000,3.281,3.281,90.180,90.180,4.990,4.556,4.556,14.405,14.405,112.422,1.25,35.00,33.0000,11.2422,50.590
2848,300.000,0.648,0.648,61.983,61.983,4.840,1.350,1.350,9.653,9.653,73.634,1.25,35.00,33.0000,7.3634,33.135
2849,200.000,0.128,0.128,42.194,42.194,4.740,0.400,0.400,6.459,6.459,49.181,1.25,35.00,33.0000,4.9181,22.131
2850,250.000,0.313,0.313,52.192,52.192,4.790,0.781,0.781,8.058,8.058,61.344,1.25,35.00,33.0000,6.1344,27.605
2851,350.000,1.200,1.200,71.575,71.575,4.890,2.144,2.144,11.242,11.242,86.161,1.25,35.00,33.0000,8.6161,38.772
2852,500.000,5.000,5.000,99.206,99.206,5.040,6.250,6.250,15.979,15.979,126.435,1.25,35.00,33.0000,12.6435,56.896
2853,450.000,3.281,3.281,90.180,90.180,4.990,4.556,4.556,14.405,14.405,112.422,1.25,35.00,33.0000,11.2422,50.590
2854,300.000,0.648,0.648,61.983,61.983,4.840,1.350,1.350,9.653,9.653,73.634,1.25,35.00,33.0000,7.3634,33.135
2855,200.000,0.128,0.128,42.194,42.194,4.740,0.400,0.400,6.459,6.459,49.181,1.25,35.00,33.0000,4.9181,22.131
2856,250.000,0.313,0.313,52.192,52.192,4.790,0.781,0.781,8.058,8.058,61.344,1.25,35.00,33.0000,6.1344,27.605
2857,350.000,1.200,1.200,71.575,71.575,4.890,2.144,2.144,11.242,11.242,86.161,1.25,35.00,33.0000,8.6161,38.772
2858,500.000,5.000,5.000,99.206,99.206,5.040,6.250,6.250,15.979,15.979,126.435,1.25,35.00,33.0000,12.6435,56.896
2859,450.000,3.281,3.281,90.180,90.180,4.990,4.556,4.556,14.405,14.405,112.422,1.25,35.00,33.0000,11.2422,50.590
2860,300.000,0.648,0.648,61.983,61.983,4.840,1.350,1.350,9.653,9.653,73.634,1.25,35.00,33.0000,7.3634,33.135
2861,200.000,0.128,0.128,42.194,42.194,4.740,0.400,0.400,6.459,6.459,49.181,1.25,35.00,33.0000,4.9181,22.131
2862,250.000,0.313,0.313,52.192,52.192,4.790,0.781,0.781,8.058,8.058,61.344,1.25,35.00,33.0000,6.1344,27.605
2863,350.000,1.200,1.200,71.575,71.575,4.890,2.144,2.144,11.242,11.242,86.161,1.25,35.00,33.0000,8.6161,38.772
2864,500.000,5.000,5.000,99.206,99.206,5.040,6.250,6.250,15.979,15.979,126.435,1.25,35.00,33.0000,12.6435,56.896
2865,450.000,3.281,3.281,90.180,90.180,4.990,4.556,4.556,14.405,14.405,112.422,1.25,35.00,33.0000,11.2422,50.590
2866,300.000,0.648,0.648,61.983,61.983,4.840,1.350,1.350,9.653,9.653,73.634,1.25,35.00,33.0000,7.3634,33.135
2867,200.000,0.128,0.128,42.194,42.194,4.740,0.400,0.400,6.459,6.459,49.181,1.25,35.00,33.0000,4.9181,22.131
2868,250.000,0.313,0.313,52.192,52.192,4.790,0.781,0.781,8.058,8.058,61.344,1.25,35.00,33.0000,6.1344,27.605
2869,350.000,1.200,1.200,71.575,71.575,4.890,2.144,2.144,11.242,11.242,86.161,1.25,35.00,33.0000,8.6161,38.772
2870,500.000,5.000,5.000,99.206,99.206,5.040,6.250,6.250,15.979,15.979,126.435,1.25,35.00,33.0000,12.6435,56.896
2871,450.000,3.281,3.281,90.180,90.180,4.990,4.556,4.556,14.405,14.405,112.422,1.25,35.00,33.0000,11.2422,50.590
2872,300.000,0.648,0.648,61.983,61.983,4.840,1.350,1.350,9.653,9.653,73.634,1.25,35.00,33.0000,7.3634,33.135
2873,200.000,0.128,0.128,42.194,42.194,4.740,0.400,0.400,6.459,6.459,49.181,1.25,35.00,33.0000,4.9181,22.131
2874,250.000,0.313,0.313,52.192,52.192,4.790,0.781,0.781,8.058,8.058,61.344,1.25,35.00,33.0000,6.1344,27.605
2875,350.000,1.200,1.200,71.575,71.575,4.890,2.144,2.144,11.242,11.242,86.161,1.25,35.00,33.0000,8.6161,38.772
2876,500.000,5.000,5.000,99.206,99.206,5.040,6.250,6.250,15.979,15.979,126.435,1.25,35.00,33.0000,12.6435,56.896
2877,450.000,3.281,3.281,90.180,90.180,4.990,4.556,4.556,14.405,14.405,112.422,1.25,35.00,33.0000,11.2422,50.590
2878,300.000,0.648,0.648,61.983,61.983,4.840,1.350,1.350,9.653,9.653,73.634,1.25,35.00,33.0000,7.3634,33.135
2879,200.000,0.128,0.128,42.194,42.194,4.740,0.400,0.400,6.459,6.459,49.181,1.25,35.00,33.0000,4.9181,22.131
2880,250.000,0.313,0.313,52.192,52.192,4.790,0.781,0.781,8.058,8.058,61.344,1.25,35.00,33.0000,6.1344,27.605
2881,350.000,1.200,1.200,71.575,71.575,4.890,2.144,2.144,11.242,11.242,86.161,1.25,35.00,33.0000,8.6161,38.772
2882,500.000,5.000,5.000,99.206,99.206,5.040,6.250,6.250,15.979,15.979,126.435,1.25,35.00,33.0000,12.6435,56.896
2883,450.000,3.281,3.281,90.180,90.180,4.990,4.556,4.556,14.405,14.405,112.422,1.25,35.00,33.0000,11.2422,50.590
2884,300.000,0.648,0.648,61.983,61.983,4.840,1.350,1.350,9.653,9.653,73.634,1.25,35.00,33.0000,7.3634,33.135
2885,200.000,0.128,0.128,42.194,42.194,4.740,0.400,0.400,6.459,6.459,49.181,1.25,35.00,33.0000,4.9181,22.131
2886,250.000,0.313,0.313,52.192,52.192,4.790,0.781,0.781,8.058,8.058,61.344,1.25,35.00,33.0000,6.1344,27.605
2887,350.000,1.200,1.200,71.575,71.575,4.890,2.144,2.144,11.242,11.242,86.161,1.25,35.00,33.0000,8.6161,38.772
2888,500.000,5.000,5.000,99.206,99.206,5.040,6.250,6.250,15.979,15.979,126.435,1.25,35.00,33.0000,12.6435,56.896
2889,450.000,3.281,3.281,90.180,90.180,4.990,4.556,4.556,14.405,14.405,112.422,1.25,35.00,33.0000,11.2422,50.590
2890,300.000,0.648,0.648,61.983,61.983,4.840,1.350,1.350,9.653,9.653,73.634,1.25,35.00,33.0000,7.3634,33.135
2891,200.000,0.128,0.128,42.194,42.194,4.740,0.400,0.400,6.459,6.459,49.181,1.25,35.00,33.0000,4.9181,22.131
2892,250.000,0.313,0.313,52.192,52.192,4.790,0.781,0.781,8.058,8.058,61.344,1.25,35.00,33.0000,6.1344,27.605
2893,350.000,1.200,1.200,71.575,71.575,4.890,2.144,2.144,11.242,11.242,86.161,1.25,35.00,33.0000,8.6161,38.772
2894,500.000,5.000,5.000,99.206,99.206,5.040,6.250,6.250,15.979,15.979,126.435,1.25,35.00,33.0000,12.6435,56.896
2895,450.000,3.281,3.281,90.180,90.180,4.990,4.556,4.556,14.405,14.405,112.422,1.25,35.00,33.0000,11.2422,50.590
2896,300.000,0.648,0.648,61.983,61.983,4.840,1.350,1.350,9.653,9.653,73.634,1.25,35.00,33.0000,7.3634,33.135
2897,200.000,0.128,0.128,42.194,42.194,4.740,0.400,0.400,6.459,6.459,49.181,1.25,35.00,33.0000,4.9181,22.131
2898,250.000,0.313,0.313,52.192,52.192,4.790,0.781,0.781,8.058,8.058,61.344,1.25,35.00,33.0000,6.1344,27.605
2899,350.000,1.200,1.200,71.575,71.575,4.890,2.144,2.144,11.242,11.242,86.161,1.25,35.00,33.0000,8.6161,38.772
2900,500.000,5.000,5.000,99.206,99.206,5.040,6.250,6.250,15.979,15.979,126.435,1.25,35.00,33.0000,12.6435,56.896
2901,450.000,3.281,3.281,90.180,90.180,4.990,4.556,4.556,14.405,14.405,112.422,1.25,35.00,33.0000,11.2422,50.590
2902,300.000,0.648,0.648,61.983,61.983,4.840,1.350,1.350,9.653,9.653,73.634,1.25,35.00,33.0000,7.3634,33.135
2903,200.000,0.128,0.128,42.194,42.194,4.740,0.400,0.400,6.459,6.459,49.181,1.25,35.00,33.0000,4.9181,22.131
2904,250.000,0.313,0.313,52.192,52.192,4.790,0.781,0.781,8.058,8.058,61.344,1.25,35.00,33.0000,6.1344,27.605
2905,350.000,1.200,1.200,71.575,71.575,4.890,2.144,2.144,11.242,11.242,86.161,1.25,35.00,33.0000,8.6161,38.772
2906,500.000,5.000,5.000,99.206,99.206,5.040,6.250,6.250,15.979,15.979,126.435,1.25,35.00,33.0000,12.6435,56.896
2907,450.000,3.281,3.281,90.180,90.180,4.990,4.556,4.556,14.405,14.405,112.422,1.25,35.00,33.0000,11.2422,50.590
2908,300.000,0.648,0.648,61.983,61.983,4.840,1.350,1.350,9.653,9.653,73.634,1.25,35.00,33.0000,7.3634,33.135
2909,200.000,0.128,0.128,42.194,42.194,4.740,0.400,0.400,6.459,6.459,49.181,1.25,35.00,33.0000,4.9181,22.131
2910,250.000,0.313,0.313,52.192,52.192,4.790,0.781,0.781,8.058,8.058,61.344,1.25,35.00,33.0000,6.1344,27.605
2911,350.000,1.200,1.200,71.575,71.575,4.890,2.144,2.144,11.242,11.242,86.161,1.25,35.00,33.0000,8.6161,38.772
2912,500.000,5.000,5.000,99.206,99.206,5.040,6.250,6.250,15.979,15.979,126.435,1.25,35.00,33.0000,12.6435,56.896
2913,450.000,3.281,3.281,90.180,90.180,4.990,4.556,4.556,14.405,14.405,112.422,1.25,35.00,33.0000,11.2422,50.590
2914,300.000,0.648,0.648,61.983,61.983,4.840,1.350,1.350,9.653,9.653,73.634,1.25,35.00,33.0000,7.3634,33.135
2915,200.000,0.128,0.128,42.194,42.194,4.740,0.400,0.400,6.459,6.459,49.181,1.25,35.00,33.0000,4.9181,22.131
2916,250.000,0.313,0.313,52.192,52.192,4.790,0.781,0.781,8.058,8.058,61.344,1.25,35.00,33.0000,6.1344,27.605
2917,350.000,1.200,1.200,71.575,71.575,4.890,2.144,2.144,11.242,11.242,86.161,1.25,35.00,33.0000,8.6161,38.772
2918,500.000,5.000,5.000,99.206,99.206,5.040,6.250,6.250,15.979,15.979,126.435,1.25,35.00,33.0000,12.6435,56.896
2919,450.000,3.281,3.281,90.180,90.180,4.990,4.556,4.556,14.405,14.405,112.422,1.25,35.00,33.0000,11.2422,50.590
2920,300.000,0.648,0.648,61.983,61.983,4.840,1.350,1.350,9.653,9.653,73.634,1.25,35.00,33.0000,7.3634,33.135
2921,200.000,0.128,0.128,42.194,42.194,4.740,0.400,0.400,6.459,6.459,49.181,1.25,35.00,33.0000,4.9181,22.131
2922,250.000,0.313,0.313,52.192,52.192,4.790,0.781,0.781,8.058,8.058,61.344,1.25,35.00,33.0000,6.1344,27.605
2923,350.000,1.200,1.200,71.575,71.575,4.890,2.144,2.144,11.242,11.242,86.161,1.25,35.00,33.0000,8.6161,38.772
2924,500.000,5.000,5.000,99.206,99.206,5.040,6.250,6.250,15.979,15.979,126.435,1.25,35.00,33.0000,12.6435,56.896
2925,450.000,3.281,3.281,90.180,90.180,4.990,4.556,4.556,14.405,14.405,112.422,1.25,35.00,33.0000,11.2422,50.590
2926,300.000,0.648,0.648,61.983,61.983,4.840,1.350,1.350,9.653,9.653,73.634,1.25,35.00,33.0000,7.3634,33.135
2927,200.000,0.128,0.128,42.194,42.194,4.740,0.400,0.400,6.459,6.459,49.181,1.25,35.00,33.0000,4.9181,22.131
2928,250.000,0.313,0.313,52.192,52.192,4.790,0.781,0.781,8.058,8.058,61.344,1.25,35.00,33.0000,6.1344,27.605
2929,350.000,1.200,1.200,71.575,71.575,4.890,2.144,2.144,11.242,11.242,86.161,1.25,35.00,33.0000,8.6161,38.772
2930,500.000,5.000,5.000,99.206,99.206,5.040,6.250,6.250,15.979,15.979,126.435,1.25,35.00,33.0000,12.6435,56.896
2931,450.000,3.281,3.281,90.180,90.180,4.990,4.556,4.556,14.405,14.405,112.422,1.25,35.00,33.0000,11.2422,50.590
2932,300.000,0.648,0.648,61.983,61.983,4.840,1.350,1.350,9.653,9.653,73.634,1.25,35.00,33.0000,7.3634,33.135
2933,200.000,0.128,0.128,42.194,42.194,4.740,0.400,0.400,6.459,6.459,49.181,1.25,35.00,33.0000,4.9181,22.131
2934,250.000,0.313,0.313,52.192,52.192,4.790,0.781,0.781,8.058,8.058,61.344,1.25,35.00,33.0000,6.1344,27.605
2935,350.000,1.200,1.200,71.575,71.575,4.890,2.144,2.144,11.242,11.242,86.161,1.25,35.00,33.0000,8.6161,38.772
2936,500.000,5.000,5.000,99.206,99.206,5.040,6.250,6.250,15.979,15.979,126.435,1.25,35.00,33.0000,12.6435,56.896
2937,450.000,3.281,3.281,90.180,90.180,4.990,4.556,4.556,14.405,14.405,112.422,1.25,35.00,33.0000,11.2422,50.590
2938,300.000,0.648,0.648,61.983,61.983,4.840,1.350,1.350,9.653,9.653,73.634,1.25,35.00,33.0000,7.3634,33.135
2939,200.000,0.128,0.128,42.194,42.194,4.740,0.400,0.400,6.459,6.459,49.181,1.25,35.00,33.0000,4.9181,22.131
2940,250.000,0.313,0.313,52.192,52.192,4.790,0.781,0.781,8.058,8.058,61.344,1.25,35.00,33.0000,6.1344,27.605
2941,350.000,1.200,1.200,71.575,71.575,4.890,2.144,2.144,11.242,11.242,86.161,1.25,35.00,33.0000,8.6161,38.772
2942,500.000,5.000,5.000,99.206,99.206,5.040,6.250,6.250,15.979,15.979,126.435,1.25,35.00,33.0000,12.6435,56.896
2943,450.000,3.281,3.281,90.180,90.180,4.990,4.556,4.556,14.405,14.405,112.422,1.25,35.00,33.0000,11.2422,50.590
2944,300.000,0.648,0.648,61.983,61.983,4.840,1.350,1.350,9.653,9.653,73.634,1.25,35.00,33.0000,7.3634,33.135
2945,200.000,0.128,0.128,42.194,42.194,4.740,0.400,0.400,6.459,6.459,49.181,1.25,35.00,33.0000,4.9181,22.131
2946,250.000,0.313,0.313,52.192,52.192,4.790,0.781,0.781,8.058,8.058,61.344,1.25,35.00,33.0000,6.1344,27.605
2947,350.000,1.200,1.200,71.575,71.575,4.890,2.144,2.144,11.242,11.242,86.161,1.25,35.00,33.0000,8.6161,38.772
2948,500.000,5.000,5.000,99.206,99.206,5.040,6.250,6.250,15.979,15.979,126.435,1.25,35.00,33.0000,12.6435,56.896
2949,450.000,3.281,3.281,90.180,90.180,4.990,4.556,4.556,14.405,14.405,112.422,1.25,35.00,33.0000,11.2422,50.590
2950,300.000,0.648,0.648,61.983,61.983,4.840,1.350,1.350,9.653,9.653,73.634,1.25,35.00,33.0000,7.3634,33.135
2951,200.000,0.128,0.128,42.194,42.194,4.740,0.400,0.400,6.459,6.459,49.181,1.25,35.00,33.0000,4.9181,22.131
2952,250.000,0.313,0.313,52.192,52.192,4.790,0.781,0.781,8.058,8.058,61.344,1.25,35.00,33.0000,6.1344,27.605
2953,350.000,1.200,1.200,71.575,71.575,4.890,2.144,2.144,11.242,11.242,86.161,1.25,35.00,33.0000,8.6161,38.772
2954,500.000,5.000,5.000,99.206,99.206,5.040,6.250,6.250,15.979,15.979,126.435,1.25,35.00,33.0000,12.6435,56.896
2955,450.000,3.281,3.281,90.180,90.180,4.990,4.556,4.556,14.405,14.405,112.422,1.25,35.00,33.0000,11.2422,50.590
2956,300.000,0.648,0.648,61.983,61.983,4.840,1.350,1.350,9.653,9.653,73.634,1.25,35.00,33.0000,7.3634,33.135
2957,200.000,0.128,0.128,42.194,42.194,4.740,0.400,0.400,6.459,6.459,49.181,1.25,35.00,33.0000,4.9181,22.131
2958,250.000,0.313,0.313,52.192,52.192,4.790,0.781,0.781,8.058,8.058,61.344,1.25,35.00,33.0000,6.1344,27.605
2959,350.000,1.200,1.200,71.575,71.575,4.890,2.144,2.144,11.242,11.242,86.161,1.25,35.00,33.0000,8.6161,38.772
2960,500.000,5.000,5.000,99.206,99.206,5.040,6.250,6.250,15.979,15.979,126.435,1.25,35.00,33.0000,12.6435,56.896
2961,450.000,3.281,3.281,90.180,90.180,4.990,4.556,4.556,14.405,14.405,112.422,1.25,35.00,33.0000,11.2422,50.590
2962,300.000,0.648,0.648,61.983,61.983,4.840,1.350,1.350,9.653,9.653,73.634,1.25,35.00,33.0000,7.3634,33.135
2963,200.000,0.128,0.128,42.194,42.194,4.740,0.400,0.400,6.459,6.459,49.181,1.25,35.00,33.0000,4.9181,22.131
2964,250.000,0.313,0.313,52.192,52.192,4.790,0.781,0.781,8.058,8.058,61.344,1.25,35.00,33.0000,6.1344,27.605
2965,350.000,1.200,1.200,71.575,71.575,4.890,2.144,2.144,11.242,11.242,86.161,1.25,35.00,33.0000,8.6161,38.772
2966,500.000,5.000,5.000,99.206,99.206,5.040,6.250,6.250,15.979,15.979,126.435,1.25,35.00,33.0000,12.6435,56.896
2967,450.000,3.281,3.281,90.180,90.180,4.990,4.556,4.556,14.405,14.405,112.422,1.25,35.00,33.0000,11.2422,50.590
2968,300.000,0.648,0.648,61.983,61.983,4.840,1.350,1.350,9.653,9.653,73.634,1.25,35.00,33.0000,7.3634,33.135
2969,200.000,0.128,0.128,42.194,42.194,4.740,0.400,0.400,6.459,6.459,49.181,1.25,35.00,33.0000,4.9181,22.131
2970,250.000,0.313,0.313,52.192,52.192,4.790,0.781,0.781,8.058,8.058,61.344,1.25,35.00,33.0000,6.1344,27.605
2971,350.000,1.200,1.200,71.575,71.575,4.890,2.144,2.144,11.242,11.242,86.161,1.25,35.00,33.0000,8.6161,38.772
2972,500.000,5.000,5.000,99.206,99.206,5.040,6.250,6.250,15.979,15.979,126.435,1.25,35.00,33.0000,12.6435,56.896
2973,450.000,3.281,3.281,90.180,90.180,4.990,4.556,4.556,14.405,14.405,112.422,1.25,35.00,33.0000,11.2422,50.590
2974,300.000,0.648,0.648,61.983,61.983,4.840,1.350,1.350,9.653,9.653,73.634,1.25,35.00,33.0000,7.3634,33.135
2975,200.000,0.128,0.128,42.194,42.194,4.740,0.400,0.400,6.459,6.459,49.181,1.25,35.00,33.0000,4.9181,22.131
2976,250.000,0.313,0.313,52.192,52.192,4.790,0.781,0.781,8.058,8.058,61.344,1.25,35.00,33.0000,6.1344,27.605
2977,350.000,1.200,1.200,71.575,71.575,4.890,2.144,2.144,11.242,11.242,86.161,1.25,35.00,33.0000,8.6161,38.772
2978,500.000,5.000,5.000,99.206,99.206,5.040,6.250,6.250,15.979,15.979,126.435,1.25,35.00,33.0000,12.6435,56.896
2979,450.000,3.281,3.281,90.180,90.180,4.990,4.556,4.556,14.405,14.405,112.422,1.25,35.00,33.0000,11.2422,50.590
2980,300.000,0.648,0.648,61.983,61.983,4.840,1.350,1.350,9.653,9.653,73.634,1.25,35.00,33.0000,7.3634,33.135
2981,200.000,0.128,0.128,42.194,42.194,4.740,0.400,0.400,6.459,6.459,49.181,1.25,35.00,33.0000,4.9181,22.131
2982,250.000,0.313,0.313,52.192,52.192,4.790,0.781,0.781,8.058,8.058,61.344,1.25,35.00,33.0000,6.1344,27.605
2983,350.000,1.200,1.200,71.575,71.575,4.890,2.144,2.144,11.242,11.242,86.161,1.25,35.00,33.0000,8.6161,38.772
2984,500.000,5.000,5.000,99.206,99.206,5.040,6.250,6.250,15.979,15.979,126.435,1.25,35.00,33.0000,12.6435,56.896
2985,450.000,3.281,3.281,90.180,90.180,4.990,4.556,4.556,14.405,14.405,112.422,1.25,35.00,33.0000,11.2422,50.590
2986,300.000,0.648,0.648,61.983,61.983,4.840,1.350,1.350,9.653,9.653,73.634,1.25,35.00,33.0000,7.3634,33.135
2987,200.000,0.128,0.128,42.194,42.194,4.740,0.400,0.400,6.459,6.459,49.181,1.25,35.00,33.0000,4.9181,22.131
2988,250.000,0.313,0.313,52.192,52.192,4.790,0.781,0.781,8.058,8.058,61.344,1.25,35.00,33.0000,6.1344,27.605
2989,350.000,1.200,1.200,71.575,71.575,4.890,2.144,2.144,11.242,11.242,86.161,1.25,35.00,33.0000,8.6161,38.772
2990,500.000,5.000,5.000,99.206,99.206,5.040,6.250,6.250,15.979,15.979,126.435,1.25,35.00,33.0000,12.6435,56.896
2991,450.000,3.281,3.281,90.180,90.180,4.990,4.556,4.556,14.405,14.405,112.422,1.25,35.00,33.0000,11.2422,50.590
2992,300.000,0.648,0.648,61.983,61.983,4.840,1.350,1.350,9.653,9.653,73.634,1.25,35.00,33.0000,7.3634,33.135
2993,200.000,0.128,0.128,42.194,42.194,4.740,0.400,0.400,6.459,6.459,49.181,1.25,35.00,33.0000,4.9181,22.131
2994,250.000,0.313,0.313,52.192,52.192,4.790,0.781,0.781,8.058,8.058,61.344,1.25,35.00,33.0000,6.1344,27.605
2995,350.000,1.200,1.200,71.575,71.575,4.890,2.144,2.144,11.242,11.242,86.161,1.25,35.00,33.0000,8.6161,38.772
2996,500.000,5.000,5.000,99.206,99.206,5.040,6.250,6.250,15.979,15.979,126.435,1.25,35.00,33.0000,12.6435,56.896
2997,450.000,3.281,3.281,90.180,90.180,4.990,4.556,4.556,14.405,14.405,112.422,1.25,35.00,33.0000,11.2422,50.590
2998,300.000,0.648,0.648,61.983,61.983,4.840,1.350,1.350,9.653,9.653,73.634,1.25,35.00,33.0000,7.3634,33.135
2999,200.000,0.128,0.128,42.194,42.194,4.740,0.400,0.400,6.459,6.459,49.181,1.25,35.00,33.0000,4.9181,22.131
3000,250.000,0.313,0.313,52.192,52.192,4.790,0.781,0.781,8.058,8.058,61.344,1.25,35.00,33.0000,6.1344,27.605
3001,350.000,1.200,1.200,71.575,71.575,4.890,2.144,2.144,11.242,11.242,86.161,1.25,35.00,33.0000,8.6161,38.772
3002,500.000,5.000,5.000,99.206,99.206,5.040,6.250,6.250,15.979,15.979,126.435,1.25,35.00,33.0000,12.6435,56.896
3003,450.000,3.281,3.281,90.180,90.180,4.990,4.556,4.556,14.405,14.405,112.422,1.25,35.00,33.0000,11.2422,50.590
3004,300.000,0.648,0.648,61.983,61.983,4.840,1.350,1.350,9.653,9.653,73.634,1.25,35.00,33.0000,7.3634,33.135
3005,200.000,0.128,0.128,42.194,42.194,4.740,0.400,0.400,6.459,6.459,49.181,1.25,35.00,33.0000,4.9181,22.131
3006,250.000,0.313,0.313,52.192,52.192,4.790,0.781,0.781,8.058,8.058,61.344,1.25,35.00,33.0000,6.1344,27.605
3007,350.000,1.200,1.200,71.575,71.575,4.890,2.144,2.144,11.242,11.242,86.161,1.25,35.00,33.0000,8.6161,38.772
3008,500.000,5.000,5.000,99.206,99.206,5.040,6.250,6.250,15.979,15.979,126.435,1.25,35.00,33.0000,12.6435,56.896
3009,450.000,3.281,3.281,90.180,90.180,4.990,4.556,4.556,14.405,14.405,112.422,1.25,35.00,33.0000,11.2422,50.590
3010,300.000,0.648,0.648,61.983,61.983,4.840,1.350,1.350,9.653,9.653,73.634,1.25,35.00,33.0000,7.3634,33.135
3011,200.000,0.128,0.128,42.194,42.194,4.740,0.400,0.400,6.459,6.459,49.181,1.25,35.00,33.0000,4.9181,22.131
3012,250.000,0.313,0.313,52.192,52.192,4.790,0.781,0.781,8.058,8.058,61.344,1.25,35.00,33.0000,6.1344,27.605
3013,350.000,1.200,1.200,71.575,71.575,4.890,2.144,2.144,11.242,11.242,86.161,1.25,35.00,33.0000,8.6161,38.772
3014,500.000,5.000,5.000,99.206,99.206,5.040,6.250,6.250,15.979,15.979,126.435,1.25,35.00,33.0000,12.6435,56.896
3015,450.000,3.281,3.281,90.180,90.180,4.990,4.556,4.556,14.405,14.405,112.422,1.25,35.00,33.0000,11.2422,50.590
3016,300.000,0.648,0.648,61.983,61.983,4.840,1.350,1.350,9.653,9.653,73.634,1.25,35.00,33.0000,7.3634,33.135
3017,200.000,0.128,0.128,42.194,42.194,4.740,0.400,0.400,6.459,6.459,49.181,1.25,35.00,33.0000,4.9181,22.131
3018,250.000,0.313,0.313,52.192,52.192,4.790,0.781,0.781,8.058,8.058,61.344,1.25,35.00,33.0000,6.1344,27.605
3019,350.000,1.200,1.200,71.575,71.575,4.890,2.144,2.144,11.242,11.242,86.161,1.25,35.00,33.0000,8.6161,38.772
3020,500.000,5.000,5.000,99.206,99.206,5.040,6.250,6.250,15.979,15.979,126.435,1.25,35.00,33.0000,12.6435,56.896
3021,450.000,3.281,3.281,90.180,90.180,4.990,4.556,4.556,14.405,14.405,112.422,1.25,35.00,33.0000,11.2422,50.590
3022,300.000,0.648,0.648,61.983,61.983,4.840,1.350,1.350,9.653,9.653,73.634,1.25,35.00,33.0000,7.3634,33.135
3023,200.000,0.128,0.128,42.194,42.194,4.740,0.400,0.400,6.459,6.459,49.181,1.25,35.00,33.0000,4.9181,22.131
3024,250.000,0.313,0.313,52.192,52.192,4.790,0.781,0.781,8.058,8.058,61.344,1.25,35.00,33.0000,6.1344,27.605
3025,350.000,1.200,1.200,71.575,71.575,4.890,2.144,2.144,11.242,11.242,86.161,1.25,35.00,33.0000,8.6161,38.772
3026,500.000,5.000,5.000,99.206,99.206,5.040,6.250,6.250,15.979,15.979,126.435,1.25,35.00,33.0000,12.6435,56.896
3027,450.000,3.281,3.281,90.180,90.180,4.990,4.556,4.556,14.405,14.405,112.422,1.25,35.00,33.0000,11.2422,50.590
3028,300.000,0.648,0.648,61.983,61.983,4.840,1.350,1.350,9.653,9.653,73.634,1.25,35.00,33.0000,7.3634,33.135
3029,200.000,0.128,0.128,42.194,42.194,4.740,0.400,0.400,6.459,6.459,49.181,1.25,35.00,33.0000,4.9181,22.131
3030,250.000,0.313,0.313,52.192,52.192,4.790,0.781,0.781,8.058,8.058,61.344,1.25,35.00,33.0000,6.1344,27.605
3031,350.000,1.200,1.200,71.575,71.575,4.890,2.144,2.144,11.242,11.242,86.161,1.25,35.00,33.0000,8.6161,38.772
3032,500.000,5.000,5.000,99.206,99.206,5.040,6.250,6.250,15.979,15.979,126.435,1.25,35.00,33.0000,12.6435,56.896
3033,450.000,3.281,3.281,90.180,90.180,4.990,4.556,4.556,14.405,14.405,112.422,1.25,35.00,33.0000,11.2422,50.590
3034,300.000,0.648,0.648,61.983,61.983,4.840,1.350,1.350,9.653,9.653,73.634,1.25,35.00,33.0000,7.3634,33.135
3035,200.000,0.128,0.128,42.194,42.194,4.740,0.400,0.400,6.459,6.459,49.181,1.25,35.00,33.0000,4.9181,22.131
3036,250.000,0.313,0.313,52.192,52.192,4.790,0.781,0.781,8.058,8.058,61.344,1.25,35.00,33.0000,6.1344,27.605
3037,350.000,1.200,1.200,71.575,71.575,4.890,2.144,2.144,11.242,11.242,86.161,1.25,35.00,33.0000,8.6161,38.772
3038,500.000,5.000,5.000,99.206,99.206,5.040,6.250,6.250,15.979,15.979,126.435,1.25,35.00,33.0000,12.6435,56.896
3039,450.000,3.281,3.281,90.180,90.180,4.990,4.556,4.556,14.405,14.405,112.422,1.25,35.00,33.0000,11.2422,50.590
3040,300.000,0.648,0.648,61.983,61.983,4.840,1.350,1.350,9.653,9.653,73.634,1.25,35.00,33.0000,7.3634,33.135
3041,200.000,0.128,0.128,42.194,42.194,4.740,0.400,0.400,6.459,6.459,49.181,1.25,35.00,33.0000,4.9181,22.131
3042,250.000,0.313,0.313,52.192,52.192,4.790,0.781,0.781,8.058,8.058,61.344,1.25,35.00,33.0000,6.1344,27.605
3043,350.000,1.200,1.200,71.575,71.575,4.890,2.144,2.144,11.242,11.242,86.161,1.25,35.00,33.0000,8.6161,38.772
3044,500.000,5.000,5.000,99.206,99.206,5.040,6.250,6.250,15.979,15.979,126.435,1.25,35.00,33.0000,12.6435,56.896
3045,450.000,3.281,3.281,90.180,90.180,4.990,4.556,4.556,14.405,14.405,112.422,1.25,35.00,33.0000,11.2422,50.590
3046,300.000,0.648,0.648,61.983,61.983,4.840,1.350,1.350,9.653,9.653,73.634,1.25,35.00,33.0000,7.3634,33.135
3047,200.000,0.128,0.128,42.194,42.194,4.740,0.400,0.400,6.459,6.459,49.181,1.25,35.00,33.0000,4.9181,22.131
3048,250.000,0.313,0.313,52.192,52.192,4.790,0.781,0.781,8.058,8.058,61.344,1.25,35.00,33.0000,6.1344,27.605
3049,350.000,1.200,1.200,71.575,71.575,4.890,2.144,2.144,11.242,11.242,86.161,1.25,35.00,33.0000,8.6161,38.772
3050,500.000,5.000,5.000,99.206,99.206,5.040,6.250,6.250,15.979,15.979,126.435,1.25,35.00,33.0000,12.6435,56.896
3051,450.000,3.281,3.281,90.180,90.180,4.990,4.556,4.556,14.405,14.405,112.422,1.25,35.00,33.0000,11.2422,50.590
3052,300.000,0.648,0.648,61.983,61.983,4.840,1.350,1.350,9.653,9.653,73.634,1.25,35.00,33.0000,7.3634,33.135
3053,200.000,0.128,0.128,42.194,42.194,4.740,0.400,0.400,6.459,6.459,49.181,1.25,35.00,33.0000,4.9181,22.131
3054,250.000,0.313,0.313,52.192,52.192,4.790,0.781,0.781,8.058,8.058,61.344,1.25,35.00,33.0000,6.1344,27.605
3055,350.000,1.200,1.200,71.575,71.575,4.890,2.144,2.144,11.242,11.242,86.161,1.25,35.00,33.0000,8.6161,38.772
3056,500.000,5.000,5.000,99.206,99.206,5.040,6.250,6.250,15.979,15.979,126.435,1.25,35.00,33.0000,12.6435,56.896
3057,450.000,3.281,3.281,90.180,90.180,4.990,4.556,4.556,14.405,14.405,112.422,1.25,35.00,33.0000,11.2422,50.590
3058,300.000,0.648,0.648,61.983,61.983,4.840,1.350,1.350,9.653,9.653,73.634,1.25,35.00,33.0000,7.3634,33.135
3059,200.000,0.128,0.128,42.194,42.194,4.740,0.400,0.400,6.459,6.459,49.181,1.25,35.00,33.0000,4.9181,22.131
3060,250.000,0.313,0.313,52.192,52.192,4.790,0.781,0.781,8.058,8.058,61.344,1.25,35.00,33.0000,6.1344,27.605
3061,350.000,1.200,1.200,71.575,71.575,4.890,2.144,2.144,11.242,11.242,86.161,1.25,35.00,33.0000,8.6161,38.772
3062,500.000,5.000,5.000,99.206,99.206,5.040,6.250,6.250,15.979,15.979,126.435,1.25,35.00,33.0000,12.6435,56.896
3063,450.000,3.281,3.281,90.180,90.180,4.990,4.556,4.556,14.405,14.405,112.422,1.25,35.00,33.0000,11.2422,50.590
3064,300.000,0.648,0.648,61.983,61.983,4.840,1.350,1.350,9.653,9.653,73.634,1.25,35.00,33.0000,7.3634,33.135
3065,200.000,0.128,0.128,42.194,42.194,4.740,0.400,0.400,6.459,6.459,49.181,1.25,35.00,33.0000,4.9181,22.131
3066,250.000,0.313,0.313,52.192,52.192,4.790,0.781,0.781,8.058,8.058,61.344,1.25,35.00,33.0000,6.1344,27.605
3067,350.000,1.200,1.200,71.575,71.575,4.890,2.144,2.144,11.242,11.242,86.161,1.25,35.00,33.0000,8.6161,38.772
3068,500.000,5.000,5.000,99.206,99.206,5.040,6.250,6.250,15.979,15.979,126.435,1.25,35.00,33.0000,12.6435,56.896
3069,450.000,3.281,3.281,90.180,90.180,4.990,4.556,4.556,14.405,14.405,112.422,1.25,35.00,33.0000,11.2422,50.590
3070,300.000,0.648,0.648,61.983,61.983,4.840,1.350,1.350,9.653,9.653,73.634,1.25,35.00,33.0000,7.3634,33.135
3071,200.000,0.128,0.128,42.194,42.194,4.740,0.400,0.400,6.459,6.459,49.181,1.25,35.00,33.0000,4.9181,22.131
3072,250.000,0.313,0.313,52.192,52.192,4.790,0.781,0.781,8.058,8.058,61.344,1.25,35.00,33.0000,6.1344,27.605
3073,350.000,1.200,1.200,71.575,71.575,4.890,2.144,2.144,11.242,11.242,86.161,1.25,35.00,33.0000,8.6161,38.772
3074,500.000,5.000,5.000,99.206,99.206,5.040,6.250,6.250,15.979,15.979,126.435,1.25,35.00,33.0000,12.6435,56.896
3075,450.000,3.281,3.281,90.180,90.180,4.990,4.556,4.556,14.405,14.405,112.422,1.25,35.00,33.0000,11.2422,50.590
3076,300.000,0.648,0.648,61.983,61.983,4.840,1.350,1.350,9.653,9.653,73.634,1.25,35.00,33.0000,7.3634,33.135
3077,200.000,0.128,0.128,42.194,42.194,4.740,0.400,0.400,6.459,6.459,49.181,1.25,35.00,33.0000,4.9181,22.131
3078,250.000,0.313,0.313,52.192,52.192,4.790,0.781,0.781,8.058,8.058,61.344,1.25,35.00,33.0000,6.1344,27.605
3079,350.000,1.200,1.200,71.575,71.575,4.890,2.144,2.144,11.242,11.242,86.161,1.25,35.00,33.0000,8.6161,38.772
3080,500.000,5.000,5.000,99.206,99.206,5.040,6.250,6.250,15.979,15.979,126.435,1.25,35.00,33.0000,12.6435,56.896
3081,450.000,3.281,3.281,90.180,90.180,4.990,4.556,4.556,14.405,14.405,112.422,1.25,35.00,33.0000,11.2422,50.590
3082,300.000,0.648,0.648,61.983,61.983,4.840,1.350,1.350,9.653,9.653,73.634,1.25,35.00,33.0000,7.3634,33.135
3083,200.000,0.128,0.128,42.194,42.194,4.740,0.400,0.400,6.459,6.459,49.181,1.25,35.00,33.0000,4.9181,22.131
3084,250.000,0.313,0.313,52.192,52.192,4.790,0.781,0.781,8.058,8.058,61.344,1.25,35.00,33.0000,6.1344,27.605
3085,350.000,1.200,1.200,71.575,71.575,4.890,2.144,2.144,11.242,11.242,86.161,1.25,35.00,33.0000,8.6161,38.772
3086,500.000,5.000,5.000,99.206,99.206,5.040,6.250,6.250,15.979,15.979,126.435,1.25,35.00,33.0000,12.6435,56.896
3087,450.000,3.281,3.281,90.180,90.180,4.990,4.556,4.556,14.405,14.405,112.422,1.25,35.00,33.0000,11.2422,50.590
3088,300.000,0.648,0.648,61.983,61.983,4.840,1.350,1.350,9.653,9.653,73.634,1.25,35.00,33.0000,7.3634,33.135
3089,200.000,0.128,0.128,42.194,42.194,4.740,0.400,0.400,6.459,6.459,49.181,1.25,35.00,33.0000,4.9181,22.131
3090,250.000,0.313,0.313,52.192,52.192,4.790,0.781,0.781,8.058,8.058,61.344,1.25,35.00,33.0000,6.1344,27.605
3091,350.000,1.200,1.200,71.575,71.575,4.890,2.144,2.144,11.242,11.242,86.161,1.25,35.00,33.0000,8.6161,38.772
3092,500.000,5.000,5.000,99.206,99.206,5.040,6.250,6.250,15.979,15.979,126.435,1.25,35.00,33.0000,12.6435,56.896
3093,450.000,3.281,3.281,90.180,90.180,4.990,4.556,4.556,14.405,14.405,112.422,1.25,35.00,33.0000,11.2422,50.590
3094,300.000,0.648,0.648,61.983,61.983,4.840,1.350,1.350,9.653,9.653,73.634,1.25,35.00,33.0000,7.3634,33.135
3095,200.000,0.128,0.128,42.194,42.194,4.740,0.400,0.400,6.459,6.459,49.181,1.25,35.00,33.0000,4.9181,22.131
3096,250.000,0.313,0.313,52.192,52.192,4.790,0.781,0.781,8.058,8.058,61.344,1.25,35.00,33.0000,6.1344,27.605
3097,350.000,1.200,1.200,71.575,71.575,4.890,2.144,2.144,11.242,11.242,86.161,1.25,35.00,33.0000,8.6161,38.772
3098,500.000,5.000,5.000,99.206,99.206,5.040,6.250,6.250,15.979,15.979,126.435,1.25,35.00,33.0000,12.6435,56.896
3099,450.000,3.281,3.281,90.180,90.180,4.990,4.556,4.556,14.405,14.405,112.422,1.25,35.00,33.0000,11.2422,50.590
3100,300.000,0.648,0.648,61.983,61.983,4.840,1.350,1.350,9.653,9.653,73.634,1.25,35.00,33.0000,7.3634,33.135
3101,200.000,0.128,0.128,42.194,42.194,4.740,0.400,0.400,6.459,6.459,49.181,1.25,35.00,33.0000,4.9181,22.131
3102,250.000,0.313,0.313,52.192,52.192,4.790,0.781,0.781,8.058,8.058,61.344,1.25,35.00,33.0000,6.1344,27.605
3103,350.000,1.200,1.200,71.575,71.575,4.890,2.144,2.144,11.242,11.242,86.161,1.25,35.00,33.0000,8.6161,38.772
3104,500.000,5.000,5.000,99.206,99.206,5.040,6.250,6.250,15.979,15.979,126.435,1.25,35.00,33.0000,12.6435,56.896
3105,450.000,3.281,3.281,90.180,90.180,4.990,4.556,4.556,14.405,14.405,112.422,1.25,35.00,33.0000,11.2422,50.590
3106,300.000,0.648,0.648,61.983,61.983,4.840,1.350,1.350,9.653,9.653,73.634,1.25,35.00,33.0000,7.3634,33.135
3107,200.000,0.128,0.128,42.194,42.194,4.740,0.400,0.400,6.459,6.459,49.181,1.25,35.00,33.0000,4.9181,22.131
3108,250.000,0.313,0.313,52.192,52.192,4.790,0.781,0.781,8.058,8.058,61.344,1.25,35.00,33.0000,6.1344,27.605
3109,350.000,1.200,1.200,71.575,71.575,4.890,2.144,2.144,11.242,11.242,86.161,1.25,35.00,33.0000,8.6161,38.772
3110,500.000,5.000,5.000,99.206,99.206,5.040,6.250,6.250,15.979,15.979,126.435,1.25,35.00,33.0000,12.6435,56.896
3111,450.000,3.281,3.281,90.180,90.180,4.990,4.556,4.556,14.405,14.405,112.422,1.25,35.00,33.0000,11.2422,50.590
3112,300.000,0.648,0.648,61.983,61.983,4.840,1.350,1.350,9.653,9.653,73.634,1.25,35.00,33.0000,7.3634,33.135
3113,200.000,0.128,0.128,42.194,42.194,4.740,0.400,0.400,6.459,6.459,49.181,1.25,35.00,33.0000,4.9181,22.131
3114,250.000,0.313,0.313,52.192,52.192,4.790,0.781,0.781,8.058,8.058,61.344,1.25,35.00,33.0000,6.1344,27.605
3115,350.000,1.200,1.200,71.575,71.575,4.890,2.144,2.144,11.242,11.242,86.161,1.25,35.00,33.0000,8.6161,38.772
3116,500.000,5.000,5.000,99.206,99.206,5.040,6.250,6.250,15.979,15.979,126.435,1.25,35.00,33.0000,12.6435,56.896
3117,450.000,3.281,3.281,90.180,90.180,4.990,4.556,4.556,14.405,14.405,112.422,1.25,35.00,33.0000,11.2422,50.590
3118,300.000,0.648,0.648,61.983,61.983,4.840,1.350,1.350,9.653,9.653,73.634,1.25,35.00,33.0000,7.3634,33.135
3119,200.000,0.128,0.128,42.194,42.194,4.740,0.400,0.400,6.459,6.459,49.181,1.25,35.00,33.0000,4.9181,22.131
3120,250.000,0.313,0.313,52.192,52.192,4.790,0.781,0.781,8.058,8.058,61.344,1.25,35.00,33.0000,6.1344,27.605
3121,350.000,1.200,1.200,71.575,71.575,4.890,2.144,2.144,11.242,11.242,86.161,1.25,35.00,33.0000,8.6161,38.772
3122,500.000,5.000,5.000,99.206,99.206,5.040,6.250,6.250,15.979,15.979,126.435,1.25,35.00,33.0000,12.6435,56.896
3123,450.000,3.281,3.281,90.180,90.180,4.990,4.556,4.556,14.405,14.405,112.422,1.25,35.00,33.0000,11.2422,50.590
3124,300.000,0.648,0.648,61.983,61.983,4.840,1.350,1.350,9.653,9.653,73.634,1.25,35.00,33.0000,7.3634,33.135
3125,200.000,0.128,0.128,42.194,42.194,4.740,0.400,0.400,6.459,6.459,49.181,1.25,35.00,33.0000,4.9181,22.131
3126,250.000,0.313,0.313,52.192,52.192,4.790,0.781,0.781,8.058,8.058,61.344,1.25,35.00,33.0000,6.1344,27.605
3127,350.000,1.200,1.200,71.575,71.575,4.890,2.144,2.144,11.242,11.242,86.161,1.25,35.00,33.0000,8.6161,38.772
3128,500.000,5.000,5.000,99.206,99.206,5.040,6.250,6.250,15.979,15.979,126.435,1.25,35.00,33.0000,12.6435,56.896
3129,450.000,3.281,3.281,90.180,90.180,4.990,4.556,4.556,14.405,14.405,112.422,1.25,35.00,33.0000,11.2422,50.590
3130,300.000,0.648,0.648,61.983,61.983,4.840,1.350,1.350,9.653,9.653,73.634,1.25,35.00,33.0000,7.3634,33.135
3131,200.000,0.128,0.128,42.194,42.194,4.740,0.400,0.400,6.459,6.459,49.181,1.25,35.00,33.0000,4.9181,22.131
3132,250.000,0.313,0.313,52.192,52.192,4.790,0.781,0.781,8.058,8.058,61.344,1.25,35.00,33.0000,6.1344,27.605
3133,350.000,1.200,1.200,71.575,71.575,4.890,2.144,2.144,11.242,11.242,86.161,1.25,35.00,33.0000,8.6161,38.772
3134,500.000,5.000,5.000,99.206,99.206,5.040,6.250,6.250,15.979,15.979,126.435,1.25,35.00,33.0000,12.6435,56.896
3135,450.000,3.281,3.281,90.180,90.180,4.990,4.556,4.556,14.405,14.405,112.422,1.25,35.00,33.0000,11.2422,50.590
3136,300.000,0.648,0.648,61.983,61.983,4.840,1.350,1.350,9.653,9.653,73.634,1.25,35.00,33.0000,7.3634,33.135
3137,200.000,0.128,0.128,42.194,42.194,4.740,0.400,0.400,6.459,6.459,49.181,1.25,35.00,33.0000,4.9181,22.131
3138,250.000,0.313,0.313,52.192,52.192,4.790,0.781,0.781,8.058,8.058,61.344,1.25,35.00,33.0000,6.1344,27.605
3139,350.000,1.200,1.200,71.575,71.575,4.890,2.144,2.144,11.242,11.242,86.161,1.25,35.00,33.0000,8.6161,38.772
3140,500.000,5.000,5.000,99.206,99.206,5.040,6.250,6.250,15.979,15.979,126.435,1.25,35.00,33.0000,12.6435,56.896
3141,450.000,3.281,3.281,90.180,90.180,4.990,4.556,4.556,14.405,14.405,112.422,1.25,35.00,33.0000,11.2422,50.590
3142,300.000,0.648,0.648,61.983,61.983,4.840,1.350,1.350,9.653,9.653,73.634,1.25,35.00,33.0000,7.3634,33.135
3143,200.000,0.128,0.128,42.194,42.194,4.740,0.400,0.400,6.459,6.459,49.181,1.25,35.00,33.0000,4.9181,22.131
3144,250.000,0.313,0.313,52.192,52.192,4.790,0.781,0.781,8.058,8.058,61.344,1.25,35.00,33.0000,6.1344,27.605
3145,350.000,1.200,1.200,71.575,71.575,4.890,2.144,2.144,11.242,11.242,86.161,1.25,35.00,33.0000,8.6161,38.772
3146,500.000,5.000,5.000,99.206,99.206,5.040,6.250,6.250,15.979,15.979,126.435,1.25,35.00,33.0000,12.6435,56.896
3147,450.000,3.281,3.281,90.180,90.180,4.990,4.556,4.556,14.405,14.405,112.422,1.25,35.00,33.0000,11.2422,50.590
3148,300.000,0.648,0.648,61.983,61.983,4.840,1.350,1.350,9.653,9.653,73.634,1.25,35.00,33.0000,7.3634,33.135
3149,200.000,0.128,0.128,42.194,42.194,4.740,0.400,0.400,6.459,6.459,49.181,1.25,35.00,33.0000,4.9181,22.131
3150,250.000,0.313,0.313,52.192,52.192,4.790,0.781,0.781,8.058,8.058,61.344,1.25,35.00,33.0000,6.1344,27.605
3151,350.000,1.200,1.200,71.575,71.575,4.890,2.144,2.144,11.242,11.242,86.161,1.25,35.00,33.0000,8.6161,38.772
3152,500.000,5.000,5.000,99.206,99.206,5.040,6.250,6.250,15.979,15.979,126.435,1.25,35.00,33.0000,12.6435,56.896
3153,450.000,3.281,3.281,90.180,90.180,4.990,4.556,4.556,14.405,14.405,112.422,1.25,35.00,33.0000,11.2422,50.590
3154,300.000,0.648,0.648,61.983,61.983,4.840,1.350,1.350,9.653,9.653,73.634,1.25,35.00,33.0000,7.3634,33.135
3155,200.000,0.128,0.128,42.194,42.194,4.740,0.400,0.400,6.459,6.459,49.181,1.25,35.00,33.0000,4.9181,22.131
3156,250.000,0.313,0.313,52.192,52.192,4.790,0.781,0.781,8.058,8.058,61.344,1.25,35.00,33.0000,6.1344,27.605
3157,350.000,1.200,1.200,71.575,71.575,4.890,2.144,2.144,11.242,11.242,86.161,1.25,35.00,33.0000,8.6161,38.772
3158,500.000,5.000,5.000,99.206,99.206,5.040,6.250,6.250,15.979,15.979,126.435,1.25,35.00,33.0000,12.6435,56.896
3159,450.000,3.281,3.281,90.180,90.180,4.990,4.556,4.556,14.405,14.405,112.422,1.25,35.00,33.0000,11.2422,50.590
3160,300.000,0.648,0.648,61.983,61.983,4.840,1.350,1.350,9.653,9.653,73.634,1.25,35.00,33.0000,7.3634,33.135
3161,200.000,0.128,0.128,42.194,42.194,4.740,0.400,0.400,6.459,6.459,49.181,1.25,35.00,33.0000,4.9181,22.131
3162,250.000,0.313,0.313,52.192,52.192,4.790,0.781,0.781,8.058,8.058,61.344,1.25,35.00,33.0000,6.1344,27.605
3163,350.000,1.200,1.200,71.575,71.575,4.890,2.144,2.144,11.242,11.242,86.161,1.25,35.00,33.0000,8.6161,38.772
3164,500.000,5.000,5.000,99.206,99.206,5.040,6.250,6.250,15.979,15.979,126.435,1.25,35.00,33.0000,12.6435,56.896
3165,450.000,3.281,3.281,90.180,90.180,4.990,4.556,4.556,14.405,14.405,112.422,1.25,35.00,33.0000,11.2422,50.590
3166,300.000,0.648,0.648,61.983,61.983,4.840,1.350,1.350,9.653,9.653,73.634,1.25,35.00,33.0000,7.3634,33.135
3167,200.000,0.128,0.128,42.194,42.194,4.740,0.400,0.400,6.459,6.459,49.181,1.25,35.00,33.0000,4.9181,22.131
3168,250.000,0.313,0.313,52.192,52.192,4.790,0.781,0.781,8.058,8.058,61.344,1.25,35.00,33.0000,6.1344,27.605
3169,350.000,1.200,1.200,71.575,71.575,4.890,2.144,2.144,11.242,11.242,86.161,1.25,35.00,33.0000,8.6161,38.772
3170,500.000,5.000,5.000,99.206,99.206,5.040,6.250,6.250,15.979,15.979,126.435,1.25,35.00,33.0000,12.6435,56.896
3171,450.000,3.281,3.281,90.180,90.180,4.990,4.556,4.556,14.405,14.405,112.422,1.25,35.00,33.0000,11.2422,50.590
3172,300.000,0.648,0.648,61.983,61.983,4.840,1.350,1.350,9.653,9.653,73.634,1.25,35.00,33.0000,7.3634,33.135
3173,200.000,0.128,0.128,42.194,42.194,4.740,0.400,0.400,6.459,6.459,49.181,1.25,35.00,33.0000,4.9181,22.131
3174,250.000,0.313,0.313,52.192,52.192,4.790,0.781,0.781,8.058,8.058,61.344,1.25,35.00,33.0000,6.1344,27.605
3175,350.000,1.200,1.200,71.575,71.575,4.890,2.144,2.144,11.242,11.242,86.161,1.25,35.00,33.0000,8.6161,38.772
3176,500.000,5.000,5.000,99.206,99.206,5.040,6.250,6.250,15.979,15.979,126.435,1.25,35.00,33.0000,12.6435,56.896
3177,450.000,3.281,3.281,90.180,90.180,4.990,4.556,4.556,14.405,14.405,112.422,1.25,35.00,33.0000,11.2422,50.590
3178,300.000,0.648,0.648,61.983,61.983,4.840,1.350,1.350,9.653,9.653,73.634,1.25,35.00,33.0000,7.3634,33.135
3179,200.000,0.128,0.128,42.194,42.194,4.740,0.400,0.400,6.459,6.459,49.181,1.25,35.00,33.0000,4.9181,22.131
3180,250.000,0.313,0.313,52.192,52.192,4.790,0.781,0.781,8.058,8.058,61.344,1.25,35.00,33.0000,6.1344,27.605
3181,350.000,1.200,1.200,71.575,71.575,4.890,2.144,2.144,11.242,11.242,86.161,1.25,35.00,33.0000,8.6161,38.772
3182,500.000,5.000,5.000,99.206,99.206,5.040,6.250,6.250,15.979,15.979,126.435,1.25,35.00,33.0000,12.6435,56.896
3183,450.000,3.281,3.281,90.180,90.180,4.990,4.556,4.556,14.405,14.405,112.422,1.25,35.00,33.0000,11.2422,50.590
3184,300.000,0.648,0.648,61.983,61.983,4.840,1.350,1.350,9.653,9.653,73.634,1.25,35.00,33.0000,7.3634,33.135
3185,200.000,0.128,0.128,42.194,42.194,4.740,0.400,0.400,6.459,6.459,49.181,1.25,35.00,33.0000,4.9181,22.131
3186,250.000,0.313,0.313,52.192,52.192,4.790,0.781,0.781,8.058,8.058,61.344,1.25,35.00,33.0000,6.1344,27.605
3187,350.000,1.200,1.200,71.575,71.575,4.890,2.144,2.144,11.242,11.242,86.161,1.25,35.00,33.0000,8.6161,38.772
3188,500.000,5.000,5.000,99.206,99.206,5.040,6.250,6.250,15.979,15.979,126.435,1.25,35.00,33.0000,12.6435,56.896
3189,450.000,3.281,3.281,90.180,90.180,4.990,4.556,4.556,14.405,14.405,112.422,1.25,35.00,33.0000,11.2422,50.590
3190,300.000,0.648,0.648,61.983,61.983,4.840,1.350,1.350,9.653,9.653,73.634,1.25,35.00,33.0000,7.3634,33.135
3191,200.000,0.128,0.128,42.194,42.194,4.740,0.400,0.400,6.459,6.459,49.181,1.25,35.00,33.0000,4.9181,22.131
3192,250.000,0.313,0.313,52.192,52.192,4.790,0.781,0.781,8.058,8.058,61.344,1.25,35.00,33.0000,6.1344,27.605
3193,350.000,1.200,1.200,71.575,71.575,4.890,2.144,2.144,11.242,11.242,86.161,1.25,35.00,33.0000,8.6161,38.772
3194,500.000,5.000,5.000,99.206,99.206,5.040,6.250,6.250,15.979,15.979,126.435,1.25,35.00,33.0000,12.6435,56.896
3195,450.000,3.281,3.281,90.180,90.180,4.990,4.556,4.556,14.405,14.405,112.422,1.25,35.00,33.0000,11.2422,50.590
3196,300.000,0.648,0.648,61.983,61.983,4.840,1.350,1.350,9.653,9.653,73.634,1.25,35.00,33.0000,7.3634,33.135
3197,200.000,0.128,0.128,42.194,42.194,4.740,0.400,0.400,6.459,6.459,49.181,1.25,35.00,33.0000,4.9181,22.131
3198,250.000,0.313,0.313,52.192,52.192,4.790,0.781,0.781,8.058,8.058,61.344,1.25,35.00,33.0000,6.1344,27.605
3199,350.000,1.200,1.200,71.575,71.575,4.890,2.144,2.144,11.242,11.242,86.161,1.25,35.00,33.0000,8.6161,38.772
3200,500.000,5.000,5.000,99.206,99.206,5.040,6.250,6.250,15.979,15.979,126.435,1.25,35.00,33.0000,12.6435,56.896
3201,450.000,3.281,3.281,90.180,90.180,4.990,4.556,4.556,14.405,14.405,112.422,1.25,35.00,33.0000,11.2422,50.590
3202,300.000,0.648,0.648,61.983,61.983,4.840,1.350,1.350,9.653,9.653,73.634,1.25,35.00,33.0000,7.3634,33.135
3203,200.000,0.128,0.128,42.194,42.194,4.740,0.400,0.400,6.459,6.459,49.181,1.25,35.00,33.0000,4.9181,22.131
3204,250.000,0.313,0.313,52.192,52.192,4.790,0.781,0.781,8.058,8.058,61.344,1.25,35.00,33.0000,6.1344,27.605
3205,350.000,1.200,1.200,71.575,71.575,4.890,2.144,2.144,11.242,11.242,86.161,1.25,35.00,33.0000,8.6161,38.772
3206,500.000,5.000,5.000,99.206,99.206,5.040,6.250,6.250,15.979,15.979,126.435,1.25,35.00,33.0000,12.6435,56.896
3207,450.000,3.281,3.281,90.180,90.180,4.990,4.556,4.556,14.405,14.405,112.422,1.25,35.00,33.0000,11.2422,50.590
3208,300.000,0.648,0.648,61.983,61.983,4.840,1.350,1.350,9.653,9.653,73.634,1.25,35.00,33.0000,7.3634,33.135
3209,200.000,0.128,0.128,42.194,42.194,4.740,0.400,0.400,6.459,6.459,49.181,1.25,35.00,33.0000,4.9181,22.131
3210,250.000,0.313,0.313,52.192,52.192,4.790,0.781,0.781,8.058,8.058,61.344,1.25,35.00,33.0000,6.1344,27.605
3211,350.000,1.200,1.200,71.575,71.575,4.890,2.144,2.144,11.242,11.242,86.161,1.25,35.00,33.0000,8.6161,38.772
3212,500.000,5.000,5.000,99.206,99.206,5.040,6.250,6.250,15.979,15.979,126.435,1.25,35.00,33.0000,12.6435,56.896
3213,450.000,3.281,3.281,90.180,90.180,4.990,4.556,4.556,14.405,14.405,112.422,1.25,35.00,33.0000,11.2422,50.590
3214,300.000,0.648,0.648,61.983,61.983,4.840,1.350,1.350,9.653,9.653,73.634,1.25,35.00,33.0000,7.3634,33.135
3215,200.000,0.128,0.128,42.194,42.194,4.740,0.400,0.400,6.459,6.459,49.181,1.25,35.00,33.0000,4.9181,22.131
3216,250.000,0.313,0.313,52.192,52.192,4.790,0.781,0.781,8.058,8.058,61.344,1.25,35.00,33.0000,6.1344,27.605
3217,350.000,1.200,1.200,71.575,71.575,4.890,2.144,2.144,11.242,11.242,86.161,1.25,35.00,33.0000,8.6161,38.772
3218,500.000,5.000,5.000,99.206,99.206,5.040,6.250,6.250,15.979,15.979,126.435,1.25,35.00,33.0000,12.6435,56.896
3219,450.000,3.281,3.281,90.180,90.180,4.990,4.556,4.556,14.405,14.405,112.422,1.25,35.00,33.0000,11.2422,50.590
3220,300.000,0.648,0.648,61.983,61.983,4.840,1.350,1.350,9.653,9.653,73.634,1.25,35.00,33.0000,7.3634,33.135
3221,200.000,0.128,0.128,42.194,42.194,4.740,0.400,0.400,6.459,6.459,49.181,1.25,35.00,33.0000,4.9181,22.131
3222,250.000,0.313,0.313,52.192,52.192,4.790,0.781,0.781,8.058,8.058,61.344,1.25,35.00,33.0000,6.1344,27.605
3223,350.000,1.200,1.200,71.575,71.575,4.890,2.144,2.144,11.242,11.242,86.161,1.25,35.00,33.0000,8.6161,38.772
3224,500.000,5.000,5.000,99.206,99.206,5.040,6.250,6.250,15.979,15.979,126.435,1.25,35.00,33.0000,12.6435,56.896
3225,450.000,3.281,3.281,90.180,90.180,4.990,4.556,4.556,14.405,14.405,112.422,1.25,35.00,33.0000,11.2422,50.590
3226,300.000,0.648,0.648,61.983,61.983,4.840,1.350,1.350,9.653,9.653,73.634,1.25,35.00,33.0000,7.3634,33.135
3227,200.000,0.128,0.128,42.194,42.194,4.740,0.400,0.400,6.459,6.459,49.181,1.25,35.00,33.0000,4.9181,22.131
3228,250.000,0.313,0.313,52.192,52.192,4.790,0.781,0.781,8.058,8.058,61.344,1.25,35.00,33.0000,6.1344,27.605
3229,350.000,1.200,1.200,71.575,71.575,4.890,2.144,2.144,11.242,11.242,86.161,1.25,35.00,33.0000,8.6161,38.772
3230,500.000,5.000,5.000,99.206,99.206,5.040,6.250,6.250,15.979,15.979,126.435,1.25,35.00,33.0000,12.6435,56.896
3231,450.000,3.281,3.281,90.180,90.180,4.990,4.556,4.556,14.405,14.405,112.422,1.25,35.00,33.0000,11.2422,50.590
3232,300.000,0.648,0.648,61.983,61.983,4.840,1.350,1.350,9.653,9.653,73.634,1.25,35.00,33.0000,7.3634,33.135
3233,200.000,0.128,0.128,42.194,42.194,4.740,0.400,0.400,6.459,6.459,49.181,1.25,35.00,33.0000,4.9181,22.131
3234,250.000,0.313,0.313,52.192,52.192,4.790,0.781,0.781,8.058,8.058,61.344,1.25,35.00,33.0000,6.1344,27.605
3235,350.000,1.200,1.200,71.575,71.575,4.890,2.144,2.144,11.242,11.242,86.161,1.25,35.00,33.0000,8.6161,38.772
3236,500.000,5.000,5.000,99.206,99.206,5.040,6.250,6.250,15.979,15.979,126.435,1.25,35.00,33.0000,12.6435,56.896
3237,450.000,3.281,3.281,90.180,90.180,4.990,4.556,4.556,14.405,14.405,112.422,1.25,35.00,33.0000,11.2422,50.590
3238,300.000,0.648,0.648,61.983,61.983,4.840,1.350,1.350,9.653,9.653,73.634,1.25,35.00,33.0000,7.3634,33.135
3239,200.000,0.128,0.128,42.194,42.194,4.740,0.400,0.400,6.459,6.459,49.181,1.25,35.00,33.0000,4.9181,22.131
3240,250.000,0.313,0.313,52.192,52.192,4.790,0.781,0.781,8.058,8.058,61.344,1.25,35.00,33.0000,6.1344,27.605
3241,350.000,1.200,1.200,71.575,71.575,4.890,2.144,2.144,11.242,11.242,86.161,1.25,35.00,33.0000,8.6161,38.772
3242,500.000,5.000,5.000,99.206,99.206,5.040,6.250,6.250,15.979,15.979,126.435,1.25,35.00,33.0000,12.6435,56.896
3243,450.000,3.281,3.281,90.180,90.180,4.990,4.556,4.556,14.405,14.405,112.422,1.25,35.00,33.0000,11.2422,50.590
3244,300.000,0.648,0.648,61.983,61.983,4.840,1.350,1.350,9.653,9.653,73.634,1.25,35.00,33.0000,7.3634,33.135
3245,200.000,0.128,0.128,42.194,42.194,4.740,0.400,0.400,6.459,6.459,49.181,1.25,35.00,33.0000,4.9181,22.131
3246,250.000,0.313,0.313,52.192,52.192,4.790,0.781,0.781,8.058,8.058,61.344,1.25,35.00,33.0000,6.1344,27.605
3247,350.000,1.200,1.200,71.575,71.575,4.890,2.144,2.144,11.242,11.242,86.161,1.25,35.00,33.0000,8.6161,38.772
3248,500.000,5.000,5.000,99.206,99.206,5.040,6.250,6.250,15.979,15.979,126.435,1.25,35.00,33.0000,12.6435,56.896
3249,450.000,3.281,3.281,90.180,90.180,4.990,4.556,4.556,14.405,14.405,112.422,1.25,35.00,33.0000,11.2422,50.590
3250,300.000,0.648,0.648,61.983,61.983,4.840,1.350,1.350,9.653,9.653,73.634,1.25,35.00,33.0000,7.3634,33.135
3251,200.000,0.128,0.128,42.194,42.194,4.740,0.400,0.400,6.459,6.459,49.181,1.25,35.00,33.0000,4.9181,22.131
3252,250.000,0.313,0.313,52.192,52.192,4.790,0.781,0.781,8.058,8.058,61.344,1.25,35.00,33.0000,6.1344,27.605
3253,350.000,1.200,1.200,71.575,71.575,4.890,2.144,2.144,11.242,11.242,86.161,1.25,35.00,33.0000,8.6161,38.772
3254,500.000,5.000,5.000,99.206,99.206,5.040,6.250,6.250,15.979,15.979,126.435,1.25,35.00,33.0000,12.6435,56.896
3255,450.000,3.281,3.281,90.180,90.180,4.990,4.556,4.556,14.405,14.405,112.422,1.25,35.00,33.0000,11.2422,50.590
3256,300.000,0.648,0.648,61.983,61.983,4.840,1.350,1.350,9.653,9.653,73.634,1.25,35.00,33.0000,7.3634,33.135
3257,200.000,0.128,0.128,42.194,42.194,4.740,0.400,0.400,6.459,6.459,49.181,1.25,35.00,33.0000,4.9181,22.131
3258,250.000,0.313,0.313,52.192,52.192,4.790,0.781,0.781,8.058,8.058,61.344,1.25,35.00,33.0000,6.1344,27.605
3259,350.000,1.200,1.200,71.575,71.575,4.890,2.144,2.144,11.242,11.242,86.161,1.25,35.00,33.0000,8.6161,38.772
3260,500.000,5.000,5.000,99.206,99.206,5.040,6.250,6.250,15.979,15.979,126.435,1.25,35.00,33.0000,12.6435,56.896
3261,450.000,3.281,3.281,90.180,90.180,4.990,4.556,4.556,14.405,14.405,112.422,1.25,35.00,33.0000,11.2422,50.590
3262,300.000,0.648,0.648,61.983,61.983,4.840,1.350,1.350,9.653,9.653,73.634,1.25,35.00,33.0000,7.3634,33.135
3263,200.000,0.128,0.128,42.194,42.194,4.740,0.400,0.400,6.459,6.459,49.181,1.25,35.00,33.0000,4.9181,22.131
3264,250.000,0.313,0.313,52.192,52.192,4.790,0.781,0.781,8.058,8.058,61.344,1.25,35.00,33.0000,6.1344,27.605
3265,350.000,1.200,1.200,71.575,71.575,4.890,2.144,2.144,11.242,11.242,86.161,1.25,35.00,33.0000,8.6161,38.772
3266,500.000,5.000,5.000,99.206,99.206,5.040,6.250,6.250,15.979,15.979,126.435,1.25,35.00,33.0000,12.6435,56.896
3267,450.000,3.281,3.281,90.180,90.180,4.990,4.556,4.556,14.405,14.405,112.422,1.25,35.00,33.0000,11.2422,50.590
3268,300.000,0.648,0.648,61.983,61.983,4.840,1.350,1.350,9.653,9.653,73.634,1.25,35.00,33.0000,7.3634,33.135
3269,200.000,0.128,0.128,42.194,42.194,4.740,0.400,0.400,6.459,6.459,49.181,1.25,35.00,33.0000,4.9181,22.131
3270,250.000,0.313,0.313,52.192,52.192,4.790,0.781,0.781,8.058,8.058,61.344,1.25,35.00,33.0000,6.1344,27.605
3271,350.000,1.200,1.200,71.575,71.575,4.890,2.144,2.144,11.242,11.242,86.161,1.25,35.00,33.0000,8.6161,38.772
3272,500.000,5.000,5.000,99.206,99.206,5.040,6.250,6.250,15.979,15.979,126.435,1.25,35.00,33.0000,12.6435,56.896
3273,450.000,3.281,3.281,90.180,90.180,4.990,4.556,4.556,14.405,14.405,112.422,1.25,35.00,33.0000,11.2422,50.590
3274,300.000,0.648,0.648,61.983,61.983,4.840,1.350,1.350,9.653,9.653,73.634,1.25,35.00,33.0000,7.3634,33.135
3275,200.000,0.128,0.128,42.194,42.194,4.740,0.400,0.400,6.459,6.459,49.181,1.25,35.00,33.0000,4.9181,22.131
3276,250.000,0.313,0.313,52.192,52.192,4.790,0.781,0.781,8.058,8.058,61.344,1.25,35.00,33.0000,6.1344,27.605
3277,350.000,1.200,1.200,71.575,71.575,4.890,2.144,2.144,11.242,11.242,86.161,1.25,35.00,33.0000,8.6161,38.772
3278,500.000,5.000,5.000,99.206,99.206,5.040,6.250,6.250,15.979,15.979,126.435,1.25,35.00,33.0000,12.6435,56.896
3279,450.000,3.281,3.281,90.180,90.180,4.990,4.556,4.556,14.405,14.405,112.422,1.25,35.00,33.0000,11.2422,50.590
3280,300.000,0.648,0.648,61.983,61.983,4.840,1.350,1.350,9.653,9.653,73.634,1.25,35.00,33.0000,7.3634,33.135
3281,200.000,0.128,0.128,42.194,42.194,4.740,0.400,0.400,6.459,6.459,49.181,1.25,35.00,33.0000,4.9181,22.131
3282,250.000,0.313,0.313,52.192,52.192,4.790,0.781,0.781,8.058,8.058,61.344,1.25,35.00,33.0000,6.1344,27.605
3283,350.000,1.200,1.200,71.575,71.575,4.890,2.144,2.144,11.242,11.242,86.161,1.25,35.00,33.0000,8.6161,38.772
3284,500.000,5.000,5.000,99.206,99.206,5.040,6.250,6.250,15.979,15.979,126.435,1.25,35.00,33.0000,12.6435,56.896
3285,450.000,3.281,3.281,90.180,90.180,4.990,4.556,4.556,14.405,14.405,112.422,1.25,35.00,33.0000,11.2422,50.590
3286,300.000,0.648,0.648,61.983,61.983,4.840,1.350,1.350,9.653,9.653,73.634,1.25,35.00,33.0000,7.3634,33.135
3287,200.000,0.128,0.128,42.194,42.194,4.740,0.400,0.400,6.459,6.459,49.181,1.25,35.00,33.0000,4.9181,22.131
3288,250.000,0.313,0.313,52.192,52.192,4.790,0.781,0.781,8.058,8.058,61.344,1.25,35.00,33.0000,6.1344,27.605
3289,350.000,1.200,1.200,71.575,71.575,4.890,2.144,2.144,11.242,11.242,86.161,1.25,35.00,33.0000,8.6161,38.772
3290,500.000,5.000,5.000,99.206,99.206,5.040,6.250,6.250,15.979,15.979,126.435,1.25,35.00,33.0000,12.6435,56.896
3291,450.000,3.281,3.281,90.180,90.180,4.990,4.556,4.556,14.405,14.405,112.422,1.25,35.00,33.0000,11.2422,50.590
3292,300.000,0.648,0.648,61.983,61.983,4.840,1.350,1.350,9.653,9.653,73.634,1.25,35.00,33.0000,7.3634,33.135
3293,200.000,0.128,0.128,42.194,42.194,4.740,0.400,0.400,6.459,6.459,49.181,1.25,35.00,33.0000,4.9181,22.131
3294,250.000,0.313,0.313,52.192,52.192,4.790,0.781,0.781,8.058,8.058,61.344,1.25,35.00,33.0000,6.1344,27.605
3295,350.000,1.200,1.200,71.575,71.575,4.890,2.144,2.144,11.242,11.242,86.161,1.25,35.00,33.0000,8.6161,38.772
3296,500.000,5.000,5.000,99.206,99.206,5.040,6.250,6.250,15.979,15.979,126.435,1.25,35.00,33.0000,12.6435,56.896
3297,450.000,3.281,3.281,90.180,90.180,4.990,4.556,4.556,14.405,14.405,112.422,1.25,35.00,33.0000,11.2422,50.590
3298,300.000,0.648,0.648,61.983,61.983,4.840,1.350,1.350,9.653,9.653,73.634,1.25,35.00,33.0000,7.3634,33.135
3299,200.000,0.128,0.128,42.194,42.194,4.740,0.400,0.400,6.459,6.459,49.181,1.25,35.00,33.0000,4.9181,22.131
3300,250.000,0.313,0.313,52.192,52.192,4.790,0.781,0.781,8.058,8.058,61.344,1.25,35.00,33.0000,6.1344,27.605
3301,350.000,1.200,1.200,71.575,71.575,4.890,2.144,2.144,11.242,11.242,86.161,1.25,35.00,33.0000,8.6161,38.772
3302,500.000,5.000,5.000,99.206,99.206,5.040,6.250,6.250,15.979,15.979,126.435,1.25,35.00,33.0000,12.6435,56.896
3303,450.000,3.281,3.281,90.180,90.180,4.990,4.556,4.556,14.405,14.405,112.422,1.25,35.00,33.0000,11.2422,50.590
3304,300.000,0.648,0.648,61.983,61.983,4.840,1.350,1.350,9.653,9.653,73.634,1.25,35.00,33.0000,7.3634,33.135
3305,200.000,0.128,0.128,42.194,42.194,4.740,0.400,0.400,6.459,6.459,49.181,1.25,35.00,33.0000,4.9181,22.131
3306,250.000,0.313,0.313,52.192,52.192,4.790,0.781,0.781,8.058,8.058,61.344,1.25,35.00,33.0000,6.1344,27.605
3307,350.000,1.200,1.200,71.575,71.575,4.890,2.144,2.144,11.242,11.242,86.161,1.25,35.00,33.0000,8.6161,38.772
3308,500.000,5.000,5.000,99.206,99.206,5.040,6.250,6.250,15.979,15.979,126.435,1.25,35.00,33.0000,12.6435,56.896
3309,450.000,3.281,3.281,90.180,90.180,4.990,4.556,4.556,14.405,14.405,112.422,1.25,35.00,33.0000,11.2422,50.590
3310,300.000,0.648,0.648,61.983,61.983,4.840,1.350,1.350,9.653,9.653,73.634,1.25,35.00,33.0000,7.3634,33.135
3311,200.000,0.128,0.128,42.194,42.194,4.740,0.400,0.400,6.459,6.459,49.181,1.25,35.00,33.0000,4.9181,22.131
3312,250.000,0.313,0.313,52.192,52.192,4.790,0.781,0.781,8.058,8.058,61.344,1.25,35.00,33.0000,6.1344,27.605
3313,350.000,1.200,1.200,71.575,71.575,4.890,2.144,2.144,11.242,11.242,86.161,1.25,35.00,33.0000,8.6161,38.772
3314,500.000,5.000,5.000,99.206,99.206,5.040,6.250,6.250,15.979,15.979,126.435,1.25,35.00,33.0000,12.6435,56.896
3315,450.000,3.281,3.281,90.180,90.180,4.990,4.556,4.556,14.405,14.405,112.422,1.25,35.00,33.0000,11.2422,50.590
3316,300.000,0.648,0.648,61.983,61.983,4.840,1.350,1.350,9.653,9.653,73.634,1.25,35.00,33.0000,7.3634,33.135
3317,200.000,0.128,0.128,42.194,42.194,4.740,0.400,0.400,6.459,6.459,49.181,1.25,35.00,33.0000,4.9181,22.131
3318,250.000,0.313,0.313,52.192,52.192,4.790,0.781,0.781,8.058,8.058,61.344,1.25,35.00,33.0000,6.1344,27.605
3319,350.000,1.200,1.200,71.575,71.575,4.890,2.144,2.144,11.242,11.242,86.161,1.25,35.00,33.0000,8.6161,38.772
3320,500.000,5.000,5.000,99.206,99.206,5.040,6.250,6.250,15.979,15.979,126.435,1.25,35.00,33.0000,12.6435,56.896
3321,450.000,3.281,3.281,90.180,90.180,4.990,4.556,4.556,14.405,14.405,112.422,1.25,35.00,33.0000,11.2422,50.590
3322,300.000,0.648,0.648,61.983,61.983,4.840,1.350,1.350,9.653,9.653,73.634,1.25,35.00,33.0000,7.3634,33.135
3323,200.000,0.128,0.128,42.194,42.194,4.740,0.400,0.400,6.459,6.459,49.181,1.25,35.00,33.0000,4.9181,22.131
3324,250.000,0.313,0.313,52.192,52.192,4.790,0.781,0.781,8.058,8.058,61.344,1.25,35.00,33.0000,6.1344,27.605
3325,350.000,1.200,1.200,71.575,71.575,4.890,2.144,2.144,11.242,11.242,86.161,1.25,35.00,33.0000,8.6161,38.772
3326,500.000,5.000,5.000,99.206,99.206,5.040,6.250,6.250,15.979,15.979,126.435,1.25,35.00,33.0000,12.6435,56.896
3327,450.000,3.281,3.281,90.180,90.180,4.990,4.556,4.556,14.405,14.405,112.422,1.25,35.00,33.0000,11.2422,50.590
3328,300.000,0.648,0.648,61.983,61.983,4.840,1.350,1.350,9.653,9.653,73.634,1.25,35.00,33.0000,7.3634,33.135
3329,200.000,0.128,0.128,42.194,42.194,4.740,0.400,0.400,6.459,6.459,49.181,1.25,35.00,33.0000,4.9181,22.131
3330,250.000,0.313,0.313,52.192,52.192,4.790,0.781,0.781,8.058,8.058,61.344,1.25,35.00,33.0000,6.1344,27.605
3331,350.000,1.200,1.200,71.575,71.575,4.890,2.144,2.144,11.242,11.242,86.161,1.25,35.00,33.0000,8.6161,38.772
3332,500.000,5.000,5.000,99.206,99.206,5.040,6.250,6.250,15.979,15.979,126.435,1.25,35.00,33.0000,12.6435,56.896
3333,450.000,3.281,3.281,90.180,90.180,4.990,4.556,4.556,14.405,14.405,112.422,1.25,35.00,33.0000,11.2422,50.590
3334,300.000,0.648,0.648,61.983,61.983,4.840,1.350,1.350,9.653,9.653,73.634,1.25,35.00,33.0000,7.3634,33.135
3335,200.000,0.128,0.128,42.194,42.194,4.740,0.400,0.400,6.459,6.459,49.181,1.25,35.00,33.0000,4.9181,22.131
3336,250.000,0.313,0.313,52.192,52.192,4.790,0.781,0.781,8.058,8.058,61.344,1.25,35.00,33.0000,6.1344,27.605
3337,350.000,1.200,1.200,71.575,71.575,4.890,2.144,2.144,11.242,11.242,86.161,1.25,35.00,33.0000,8.6161,38.772
3338,500.000,5.000,5.000,99.206,99.206,5.040,6.250,6.250,15.979,15.979,126.435,1.25,35.00,33.0000,12.6435,56.896
3339,450.000,3.281,3.281,90.180,90.180,4.990,4.556,4.556,14.405,14.405,112.422,1.25,35.00,33.0000,11.2422,50.590
3340,300.000,0.648,0.648,61.983,61.983,4.840,1.350,1.350,9.653,9.653,73.634,1.25,35.00,33.0000,7.3634,33.135
3341,200.000,0.128,0.128,42.194,42.194,4.740,0.400,0.400,6.459,6.459,49.181,1.25,35.00,33.0000,4.9181,22.131
3342,250.000,0.313,0.313,52.192,52.192,4.790,0.781,0.781,8.058,8.058,61.344,1.25,35.00,33.0000,6.1344,27.605
3343,350.000,1.200,1.200,71.575,71.575,4.890,2.144,2.144,11.242,11.242,86.161,1.25,35.00,33.0000,8.6161,38.772
3344,500.000,5.000,5.000,99.206,99.206,5.040,6.250,6.250,15.979,15.979,126.435,1.25,35.00,33.0000,12.6435,56.896
3345,450.000,3.281,3.281,90.180,90.180,4.990,4.556,4.556,14.405,14.405,112.422,1.25,35.00,33.0000,11.2422,50.590
3346,300.000,0.648,0.648,61.983,61.983,4.840,1.350,1.350,9.653,9.653,73.634,1.25,35.00,33.0000,7.3634,33.135
3347,200.000,0.128,0.128,42.194,42.194,4.740,0.400,0.400,6.459,6.459,49.181,1.25,35.00,33.0000,4.9181,22.131
3348,250.000,0.313,0.313,52.192,52.192,4.790,0.781,0.781,8.058,8.058,61.344,1.25,35.00,33.0000,6.1344,27.605
3349,350.000,1.200,1.200,71.575,71.575,4.890,2.144,2.144,11.242,11.242,86.161,1.25,35.00,33.0000,8.6161,38.772
3350,500.000,5.000,5.000,99.206,99.206,5.040,6.250,6.250,15.979,15.979,126.435,1.25,35.00,33.0000,12.6435,56.896
3351,450.000,3.281,3.281,90.180,90.180,4.990,4.556,4.556,14.405,14.405,112.422,1.25,35.00,33.0000,11.2422,50.590
3352,300.000,0.648,0.648,61.983,61.983,4.840,1.350,1.350,9.653,9.653,73.634,1.25,35.00,33.0000,7.3634,33.135
3353,200.000,0.128,0.128,42.194,42.194,4.740,0.400,0.400,6.459,6.459,49.181,1.25,35.00,33.0000,4.9181,22.131
3354,250.000,0.313,0.313,52.192,52.192,4.790,0.781,0.781,8.058,8.058,61.344,1.25,35.00,33.0000,6.1344,27.605
3355,350.000,1.200,1.200,71.575,71.575,4.890,2.144,2.144,11.242,11.242,86.161,1.25,35.00,33.0000,8.6161,38.772
3356,500.000,5.000,5.000,99.206,99.206,5.040,6.250,6.250,15.979,15.979,126.435,1.25,35.00,33.0000,12.6435,56.896
3357,450.000,3.281,3.281,90.180,90.180,4.990,4.556,4.556,14.405,14.405,112.422,1.25,35.00,33.0000,11.2422,50.590
3358,300.000,0.648,0.648,61.983,61.983,4.840,1.350,1.350,9.653,9.653,73.634,1.25,35.00,33.0000,7.3634,33.135
3359,200.000,0.128,0.128,42.194,42.194,4.740,0.400,0.400,6.459,6.459,49.181,1.25,35.00,33.0000,4.9181,22.131
3360,250.000,0.313,0.313,52.192,52.192,4.790,0.781,0.781,8.058,8.058,61.344,1.25,35.00,33.0000,6.1344,27.605
3361,350.000,1.200,1.200,71.575,71.575,4.890,2.144,2.144,11.242,11.242,86.161,1.25,35.00,33.0000,8.6161,38.772
3362,500.000,5.000,5.000,99.206,99.206,5.040,6.250,6.250,15.979,15.979,126.435,1.25,35.00,33.0000,12.6435,56.896
3363,450.000,3.281,3.281,90.180,90.180,4.990,4.556,4.556,14.405,14.405,112.422,1.25,35.00,33.0000,11.2422,50.590
3364,300.000,0.648,0.648,61.983,61.983,4.840,1.350,1.350,9.653,9.653,73.634,1.25,35.00,33.0000,7.3634,33.135
3365,200.000,0.128,0.128,42.194,42.194,4.740,0.400,0.400,6.459,6.459,49.181,1.25,35.00,33.0000,4.9181,22.131
3366,250.000,0.313,0.313,52.192,52.192,4.790,0.781,0.781,8.058,8.058,61.344,1.25,35.00,33.0000,6.1344,27.605
3367,350.000,1.200,1.200,71.575,71.575,4.890,2.144,2.144,11.242,11.242,86.161,1.25,35.00,33.0000,8.6161,38.772
3368,500.000,5.000,5.000,99.206,99.206,5.040,6.250,6.250,15.979,15.979,126.435,1.25,35.00,33.0000,12.6435,56.896
3369,450.000,3.281,3.281,90.180,90.180,4.990,4.556,4.556,14.405,14.405,112.422,1.25,35.00,33.0000,11.2422,50.590
3370,300.000,0.648,0.648,61.983,61.983,4.840,1.350,1.350,9.653,9.653,73.634,1.25,35.00,33.0000,7.3634,33.135
3371,200.000,0.128,0.128,42.194,42.194,4.740,0.400,0.400,6.459,6.459,49.181,1.25,35.00,33.0000,4.9181,22.131
3372,250.000,0.313,0.313,52.192,52.192,4.790,0.781,0.781,8.058,8.058,61.344,1.25,35.00,33.0000,6.1344,27.605
3373,350.000,1.200,1.200,71.575,71.575,4.890,2.144,2.144,11.242,11.242,86.161,1.25,35.00,33.0000,8.6161,38.772
3374,500.000,5.000,5.000,99.206,99.206,5.040,6.250,6.250,15.979,15.979,126.435,1.25,35.00,33.0000,12.6435,56.896
3375,450.000,3.281,3.281,90.180,90.180,4.990,4.556,4.556,14.405,14.405,112.422,1.25,35.00,33.0000,11.2422,50.590
3376,300.000,0.648,0.648,61.983,61.983,4.840,1.350,1.350,9.653,9.653,73.634,1.25,35.00,33.0000,7.3634,33.135
3377,200.000,0.128,0.128,42.194,42.194,4.740,0.400,0.400,6.459,6.459,49.181,1.25,35.00,33.0000,4.9181,22.131
3378,250.000,0.313,0.313,52.192,52.192,4.790,0.781,0.781,8.058,8.058,61.344,1.25,35.00,33.0000,6.1344,27.605
3379,350.000,1.200,1.200,71.575,71.575,4.890,2.144,2.144,11.242,11.242,86.161,1.25,35.00,33.0000,8.6161,38.772
3380,500.000,5.000,5.000,99.206,99.206,5.040,6.250,6.250,15.979,15.979,126.435,1.25,35.00,33.0000,12.6435,56.896
3381,450.000,3.281,3.281,90.180,90.180,4.990,4.556,4.556,14.405,14.405,112.422,1.25,35.00,33.0000,11.2422,50.590
3382,300.000,0.648,0.648,61.983,61.983,4.840,1.350,1.350,9.653,9.653,73.634,1.25,35.00,33.0000,7.3634,33.135
3383,200.000,0.128,0.128,42.194,42.194,4.740,0.400,0.400,6.459,6.459,49.181,1.25,35.00,33.0000,4.9181,22.131
3384,250.000,0.313,0.313,52.192,52.192,4.790,0.781,0.781,8.058,8.058,61.344,1.25,35.00,33.0000,6.1344,27.605
3385,350.000,1.200,1.200,71.575,71.575,4.890,2.144,2.144,11.242,11.242,86.161,1.25,35.00,33.0000,8.6161,38.772
3386,500.000,5.000,5.000,99.206,99.206,5.040,6.250,6.250,15.979,15.979,126.435,1.25,35.00,33.0000,12.6435,56.896
3387,450.000,3.281,3.281,90.180,90.180,4.990,4.556,4.556,14.405,14.405,112.422,1.25,35.00,33.0000,11.2422,50.590
3388,300.000,0.648,0.648,61.983,61.983,4.840,1.350,1.350,9.653,9.653,73.634,1.25,35.00,33.0000,7.3634,33.135
3389,200.000,0.128,0.128,42.194,42.194,4.740,0.400,0.400,6.459,6.459,49.181,1.25,35.00,33.0000,4.9181,22.131
3390,250.000,0.313,0.313,52.192,52.192,4.790,0.781,0.781,8.058,8.058,61.344,1.25,35.00,33.0000,6.1344,27.605
3391,350.000,1.200,1.200,71.575,71.575,4.890,2.144,2.144,11.242,11.242,86.161,1.25,35.00,33.0000,8.6161,38.772
3392,500.000,5.000,5.000,99.206,99.206,5.040,6.250,6.250,15.979,15.979,126.435,1.25,35.00,33.0000,12.6435,56.896
3393,450.000,3.281,3.281,90.180,90.180,4.990,4.556,4.556,14.405,14.405,112.422,1.25,35.00,33.0000,11.2422,50.590
3394,300.000,0.648,0.648,61.983,61.983,4.840,1.350,1.350,9.653,9.653,73.634,1.25,35.00,33.0000,7.3634,33.135
3395,200.000,0.128,0.128,42.194,42.194,4.740,0.400,0.400,6.459,6.459,49.181,1.25,35.00,33.0000,4.9181,22.131
3396,250.000,0.313,0.313,52.192,52.192,4.790,0.781,0.781,8.058,8.058,61.344,1.25,35.00,33.0000,6.1344,27.605
3397,350.000,1.200,1.200,71.575,71.575,4.890,2.144,2.144,11.242,11.242,86.161,1.25,35.00,33.0000,8.6161,38.772
3398,500.000,5.000,5.000,99.206,99.206,5.040,6.250,6.250,15.979,15.979,126.435,1.25,35.00,33.0000,12.6435,56.896
3399,450.000,3.281,3.281,90.180,90.180,4.990,4.556,4.556,14.405,14.405,112.422,1.25,35.00,33.0000,11.2422,50.590
3400,300.000,0.648,0.648,61.983,61.983,4.840,1.350,1.350,9.653,9.653,73.634,1.25,35.00,33.0000,7.3634,33.135
3401,200.000,0.128,0.128,42.194,42.194,4.740,0.400,0.400,6.459,6.459,49.181,1.25,35.00,33.0000,4.9181,22.131
3402,250.000,0.313,0.313,52.192,52.192,4.790,0.781,0.781,8.058,8.058,61.344,1.25,35.00,33.0000,6.1344,27.605
3403,350.000,1.200,1.200,71.575,71.575,4.890,2.144,2.144,11.242,11.242,86.161,1.25,35.00,33.0000,8.6161,38.772
3404,500.000,5.000,5.000,99.206,99.206,5.040,6.250,6.250,15.979,15.979,126.435,1.25,35.00,33.0000,12.6435,56.896
3405,450.000,3.281,3.281,90.180,90.180,4.990,4.556,4.556,14.405,14.405,112.422,1.25,35.00,33.0000,11.2422,50.590
3406,300.000,0.648,0.648,61.983,61.983,4.840,1.350,1.350,9.653,9.653,73.634,1.25,35.00,33.0000,7.3634,33.135
3407,200.000,0.128,0.128,42.194,42.194,4.740,0.400,0.400,6.459,6.459,49.181,1.25,35.00,33.0000,4.9181,22.131
3408,250.000,0.313,0.313,52.192,52.192,4.790,0.781,0.781,8.058,8.058,61.344,1.25,35.00,33.0000,6.1344,27.605
3409,350.000,1.200,1.200,71.575,71.575,4.890,2.144,2.144,11.242,11.242,86.161,1.25,35.00,33.0000,8.6161,38.772
3410,500.000,5.000,5.000,99.206,99.206,5.040,6.250,6.250,15.979,15.979,126.435,1.25,35.00,33.0000,12.6435,56.896
3411,450.000,3.281,3.281,90.180,90.180,4.990,4.556,4.556,14.405,14.405,112.422,1.25,35.00,33.0000,11.2422,50.590
3412,300.000,0.648,0.648,61.983,61.983,4.840,1.350,1.350,9.653,9.653,73.634,1.25,35.00,33.0000,7.3634,33.135
3413,200.000,0.128,0.128,42.194,42.194,4.740,0.400,0.400,6.459,6.459,49.181,1.25,35.00,33.0000,4.9181,22.131
3414,250.000,0.313,0.313,52.192,52.192,4.790,0.781,0.781,8.058,8.058,61.344,1.25,35.00,33.0000,6.1344,27.605
3415,350.000,1.200,1.200,71.575,71.575,4.890,2.144,2.144,11.242,11.242,86.161,1.25,35.00,33.0000,8.6161,38.772
3416,500.000,5.000,5.000,99.206,99.206,5.040,6.250,6.250,15.979,15.979,126.435,1.25,35.00,33.0000,12.6435,56.896
3417,450.000,3.281,3.281,90.180,90.180,4.990,4.556,4.556,14.405,14.405,112.422,1.25,35.00,33.0000,11.2422,50.590
3418,300.000,0.648,0.648,61.983,61.983,4.840,1.350,1.350,9.653,9.653,73.634,1.25,35.00,33.0000,7.3634,33.135
3419,200.000,0.128,0.128,42.194,42.194,4.740,0.400,0.400,6.459,6.459,49.181,1.25,35.00,33.0000,4.9181,22.131
3420,250.000,0.313,0.313,52.192,52.192,4.790,0.781,0.781,8.058,8.058,61.344,1.25,35.00,33.0000,6.1344,27.605
3421,350.000,1.200,1.200,71.575,71.575,4.890,2.144,2.144,11.242,11.242,86.161,1.25,35.00,33.0000,8.6161,38.772
3422,500.000,5.000,5.000,99.206,99.206,5.040,6.250,6.250,15.979,15.979,126.435,1.25,35.00,33.0000,12.6435,56.896
3423,450.000,3.281,3.281,90.180,90.180,4.990,4.556,4.556,14.405,14.405,112.422,1.25,35.00,33.0000,11.2422,50.590
3424,300.000,0.648,0.648,61.983,61.983,4.840,1.350,1.350,9.653,9.653,73.634,1.25,35.00,33.0000,7.3634,33.135
3425,200.000,0.128,0.128,42.194,42.194,4.740,0.400,0.400,6.459,6.459,49.181,1.25,35.00,33.0000,4.9181,22.131
3426,250.000,0.313,0.313,52.192,52.192,4.790,0.781,0.781,8.058,8.058,61.344,1.25,35.00,33.0000,6.1344,27.605
3427,350.000,1.200,1.200,71.575,71.575,4.890,2.144,2.144,11.242,11.242,86.161,1.25,35.00,33.0000,8.6161,38.772
3428,500.000,5.000,5.000,99.206,99.206,5.040,6.250,6.250,15.979,15.979,126.435,1.25,35.00,33.0000,12.6435,56.896
3429,450.000,3.281,3.281,90.180,90.180,4.990,4.556,4.556,14.405,14.405,112.422,1.25,35.00,33.0000,11.2422,50.590
3430,300.000,0.648,0.648,61.983,61.983,4.840,1.350,1.350,9.653,9.653,73.634,1.25,35.00,33.0000,7.3634,33.135
3431,200.000,0.128,0.128,42.194,42.194,4.740,0.400,0.400,6.459,6.459,49.181,1.25,35.00,33.0000,4.9181,22.131
3432,250.000,0.313,0.313,52.192,52.192,4.790,0.781,0.781,8.058,8.058,61.344,1.25,35.00,33.0000,6.1344,27.605
3433,350.000,1.200,1.200,71.575,71.575,4.890,2.144,2.144,11.242,11.242,86.161,1.25,35.00,33.0000,8.6161,38.772
3434,500.000,5.000,5.000,99.206,99.206,5.040,6.250,6.250,15.979,15.979,126.435,1.25,35.00,33.0000,12.6435,56.896
3435,450.000,3.281,3.281,90.180,90.180,4.990,4.556,4.556,14.405,14.405,112.422,1.25,35.00,33.0000,11.2422,50.590
3436,300.000,0.648,0.648,61.983,61.983,4.840,1.350,1.350,9.653,9.653,73.634,1.25,35.00,33.0000,7.3634,33.135
3437,200.000,0.128,0.128,42.194,42.194,4.740,0.400,0.400,6.459,6.459,49.181,1.25,35.00,33.0000,4.9181,22.131
3438,250.000,0.313,0.313,52.192,52.192,4.790,0.781,0.781,8.058,8.058,61.344,1.25,35.00,33.0000,6.1344,27.605
3439,350.000,1.200,1.200,71.575,71.575,4.890,2.144,2.144,11.242,11.242,86.161,1.25,35.00,33.0000,8.6161,38.772
3440,500.000,5.000,5.000,99.206,99.206,5.040,6.250,6.250,15.979,15.979,126.435,1.25,35.00,33.0000,12.6435,56.896
3441,450.000,3.281,3.281,90.180,90.180,4.990,4.556,4.556,14.405,14.405,112.422,1.25,35.00,33.0000,11.2422,50.590
3442,300.000,0.648,0.648,61.983,61.983,4.840,1.350,1.350,9.653,9.653,73.634,1.25,35.00,33.0000,7.3634,33.135
3443,200.000,0.128,0.128,42.194,42.194,4.740,0.400,0.400,6.459,6.459,49.181,1.25,35.00,33.0000,4.9181,22.131
3444,250.000,0.313,0.313,52.192,52.192,4.790,0.781,0.781,8.058,8.058,61.344,1.25,35.00,33.0000,6.1344,27.605
3445,350.000,1.200,1.200,71.575,71.575,4.890,2.144,2.144,11.242,11.242,86.161,1.25,35.00,33.0000,8.6161,38.772
3446,500.000,5.000,5.000,99.206,99.206,5.040,6.250,6.250,15.979,15.979,126.435,1.25,35.00,33.0000,12.6435,56.896
3447,450.000,3.281,3.281,90.180,90.180,4.990,4.556,4.556,14.405,14.405,112.422,1.25,35.00,33.0000,11.2422,50.590
3448,300.000,0.648,0.648,61.983,61.983,4.840,1.350,1.350,9.653,9.653,73.634,1.25,35.00,33.0000,7.3634,33.135
3449,200.000,0.128,0.128,42.194,42.194,4.740,0.400,0.400,6.459,6.459,49.181,1.25,35.00,33.0000,4.9181,22.131
3450,250.000,0.313,0.313,52.192,52.192,4.790,0.781,0.781,8.058,8.058,61.344,1.25,35.00,33.0000,6.1344,27.605
3451,350.000,1.200,1.200,71.575,71.575,4.890,2.144,2.144,11.242,11.242,86.161,1.25,35.00,33.0000,8.6161,38.772
3452,500.000,5.000,5.000,99.206,99.206,5.040,6.250,6.250,15.979,15.979,126.435,1.25,35.00,33.0000,12.6435,56.896
3453,450.000,3.281,3.281,90.180,90.180,4.990,4.556,4.556,14.405,14.405,112.422,1.25,35.00,33.0000,11.2422,50.590
3454,300.000,0.648,0.648,61.983,61.983,4.840,1.350,1.350,9.653,9.653,73.634,1.25,35.00,33.0000,7.3634,33.135
3455,200.000,0.128,0.128,42.194,42.194,4.740,0.400,0.400,6.459,6.459,49.181,1.25,35.00,33.0000,4.9181,22.131
3456,250.000,0.313,0.313,52.192,52.192,4.790,0.781,0.781,8.058,8.058,61.344,1.25,35.00,33.0000,6.1344,27.605
3457,350.000,1.200,1.200,71.575,71.575,4.890,2.144,2.144,11.242,11.242,86.161,1.25,35.00,33.0000,8.6161,38.772
3458,500.000,5.000,5.000,99.206,99.206,5.040,6.250,6.250,15.979,15.979,126.435,1.25,35.00,33.0000,12.6435,56.896
3459,450.000,3.281,3.281,90.180,90.180,4.990,4.556,4.556,14.405,14.405,112.422,1.25,35.00,33.0000,11.2422,50.590
3460,300.000,0.648,0.648,61.983,61.983,4.840,1.350,1.350,9.653,9.653,73.634,1.25,35.00,33.0000,7.3634,33.135
3461,200.000,0.128,0.128,42.194,42.194,4.740,0.400,0.400,6.459,6.459,49.181,1.25,35.00,33.0000,4.9181,22.131
3462,250.000,0.313,0.313,52.192,52.192,4.790,0.781,0.781,8.058,8.058,61.344,1.25,35.00,33.0000,6.1344,27.605
3463,350.000,1.200,1.200,71.575,71.575,4.890,2.144,2.144,11.242,11.242,86.161,1.25,35.00,33.0000,8.6161,38.772
3464,500.000,5.000,5.000,99.206,99.206,5.040,6.250,6.250,15.979,15.979,126.435,1.25,35.00,33.0000,12.6435,56.896
3465,450.000,3.281,3.281,90.180,90.180,4.990,4.556,4.556,14.405,14.405,112.422,1.25,35.00,33.0000,11.2422,50.590
3466,300.000,0.648,0.648,61.983,61.983,4.840,1.350,1.350,9.653,9.653,73.634,1.25,35.00,33.0000,7.3634,33.135
3467,200.000,0.128,0.128,42.194,42.194,4.740,0.400,0.400,6.459,6.459,49.181,1.25,35.00,33.0000,4.9181,22.131
3468,250.000,0.313,0.313,52.192,52.192,4.790,0.781,0.781,8.058,8.058,61.344,1.25,35.00,33.0000,6.1344,27.605
3469,350.000,1.200,1.200,71.575,71.575,4.890,2.144,2.144,11.242,11.242,86.161,1.25,35.00,33.0000,8.6161,38.772
3470,500.000,5.000,5.000,99.206,99.206,5.040,6.250,6.250,15.979,15.979,126.435,1.25,35.00,33.0000,12.6435,56.896
3471,450.000,3.281,3.281,90.180,90.180,4.990,4.556,4.556,14.405,14.405,112.422,1.25,35.00,33.0000,11.2422,50.590
3472,300.000,0.648,0.648,61.983,61.983,4.840,1.350,1.350,9.653,9.653,73.634,1.25,35.00,33.0000,7.3634,33.135
3473,200.000,0.128,0.128,42.194,42.194,4.740,0.400,0.400,6.459,6.459,49.181,1.25,35.00,33.0000,4.9181,22.131
3474,250.000,0.313,0.313,52.192,52.192,4.790,0.781,0.781,8.058,8.058,61.344,1.25,35.00,33.0000,6.1344,27.605
3475,350.000,1.200,1.200,71.575,71.575,4.890,2.144,2.144,11.242,11.242,86.161,1.25,35.00,33.0000,8.6161,38.772
3476,500.000,5.000,5.000,99.206,99.206,5.040,6.250,6.250,15.979,15.979,126.435,1.25,35.00,33.0000,12.6435,56.896
3477,450.000,3.281,3.281,90.180,90.180,4.990,4.556,4.556,14.405,14.405,112.422,1.25,35.00,33.0000,11.2422,50.590
3478,300.000,0.648,0.648,61.983,61.983,4.840,1.350,1.350,9.653,9.653,73.634,1.25,35.00,33.0000,7.3634,33.135
3479,200.000,0.128,0.128,42.194,42.194,4.740,0.400,0.400,6.459,6.459,49.181,1.25,35.00,33.0000,4.9181,22.131
3480,250.000,0.313,0.313,52.192,52.192,4.790,0.781,0.781,8.058,8.058,61.344,1.25,35.00,33.0000,6.1344,27.605
3481,350.000,1.200,1.200,71.575,71.575,4.890,2.144,2.144,11.242,11.242,86.161,1.25,35.00,33.0000,8.6161,38.772
3482,500.000,5.000,5.000,99.206,99.206,5.040,6.250,6.250,15.979,15.979,126.435,1.25,35.00,33.0000,12.6435,56.896
3483,450.000,3.281,3.281,90.180,90.180,4.990,4.556,4.556,14.405,14.405,112.422,1.25,35.00,33.0000,11.2422,50.590
3484,300.000,0.648,0.648,61.983,61.983,4.840,1.350,1.350,9.653,9.653,73.634,1.25,35.00,33.0000,7.3634,33.135
3485,200.000,0.128,0.128,42.194,42.194,4.740,0.400,0.400,6.459,6.459,49.181,1.25,35.00,33.0000,4.9181,22.131
3486,250.000,0.313,0.313,52.192,52.192,4.790,0.781,0.781,8.058,8.058,61.344,1.25,35.00,33.0000,6.1344,27.605
3487,350.000,1.200,1.200,71.575,71.575,4.890,2.144,2.144,11.242,11.242,86.161,1.25,35.00,33.0000,8.6161,38.772
3488,500.000,5.000,5.000,99.206,99.206,5.040,6.250,6.250,15.979,15.979,126.435,1.25,35.00,33.0000,12.6435,56.896
3489,450.000,3.281,3.281,90.180,90.180,4.990,4.556,4.556,14.405,14.405,112.422,1.25,35.00,33.0000,11.2422,50.590
3490,300.000,0.648,0.648,61.983,61.983,4.840,1.350,1.350,9.653,9.653,73.634,1.25,35.00,33.0000,7.3634,33.135
3491,200.000,0.128,0.128,42.194,42.194,4.740,0.400,0.400,6.459,6.459,49.181,1.25,35.00,33.0000,4.9181,22.131
3492,250.000,0.313,0.313,52.192,52.192,4.790,0.781,0.781,8.058,8.058,61.344,1.25,35.00,33.0000,6.1344,27.605
3493,350.000,1.200,1.200,71.575,71.575,4.890,2.144,2.144,11.242,11.242,86.161,1.25,35.00,33.0000,8.6161,38.772
3494,500.000,5.000,5.000,99.206,99.206,5.040,6.250,6.250,15.979,15.979,126.435,1.25,35.00,33.0000,12.6435,56.896
3495,450.000,3.281,3.281,90.180,90.180,4.990,4.556,4.556,14.405,14.405,112.422,1.25,35.00,33.0000,11.2422,50.590
3496,300.000,0.648,0.648,61.983,61.983,4.840,1.350,1.350,9.653,9.653,73.634,1.25,35.00,33.0000,7.3634,33.135
3497,200.000,0.128,0.128,42.194,42.194,4.740,0.400,0.400,6.459,6.459,49.181,1.25,35.00,33.0000,4.9181,22.131
3498,250.000,0.313,0.313,52.192,52.192,4.790,0.781,0.781,8.058,8.058,61.344,1.25,35.00,33.0000,6.1344,27.605
3499,350.000,1.200,1.200,71.575,71.575,4.890,2.144,2.144,11.242,11.242,86.161,1.25,35.00,33.0000,8.6161,38.772
3500,500.000,5.000,5.000,99.206,99.206,5.040,6.250,6.250,15.979,15.979,126.435,1.25,35.00,33.0000,12.6435,56.896
3501,450.000,3.281,3.281,90.180,90.180,4.990,4.556,4.556,14.405,14.405,112.422,1.25,35.00,33.0000,11.2422,50.590
3502,300.000,0.648,0.648,61.983,61.983,4.840,1.350,1.350,9.653,9.653,73.634,1.25,35.00,33.0000,7.3634,33.135
3503,200.000,0.128,0.128,42.194,42.194,4.740,0.400,0.400,6.459,6.459,49.181,1.25,35.00,33.0000,4.9181,22.131
3504,250.000,0.313,0.313,52.192,52.192,4.790,0.781,0.781,8.058,8.058,61.344,1.25,35.00,33.0000,6.1344,27.605
3505,350.000,1.200,1.200,71.575,71.575,4.890,2.144,2.144,11.242,11.242,86.161,1.25,35.00,33.0000,8.6161,38.772
3506,500.000,5.000,5.000,99.206,99.206,5.040,6.250,6.250,15.979,15.979,126.435,1.25,35.00,33.0000,12.6435,56.896
3507,450.000,3.281,3.281,90.180,90.180,4.990,4.556,4.556,14.405,14.405,112.422,1.25,35.00,33.0000,11.2422,50.590
3508,300.000,0.648,0.648,61.983,61.983,4.840,1.350,1.350,9.653,9.653,73.634,1.25,35.00,33.0000,7.3634,33.135
3509,200.000,0.128,0.128,42.194,42.194,4.740,0.400,0.400,6.459,6.459,49.181,1.25,35.00,33.0000,4.9181,22.131
3510,250.000,0.313,0.313,52.192,52.192,4.790,0.781,0.781,8.058,8.058,61.344,1.25,35.00,33.0000,6.1344,27.605
3511,350.000,1.200,1.200,71.575,71.575,4.890,2.144,2.144,11.242,11.242,86.161,1.25,35.00,33.0000,8.6161,38.772
3512,500.000,5.000,5.000,99.206,99.206,5.040,6.250,6.250,15.979,15.979,126.435,1.25,35.00,33.0000,12.6435,56.896
3513,450.000,3.281,3.281,90.180,90.180,4.990,4.556,4.556,14.405,14.405,112.422,1.25,35.00,33.0000,11.2422,50.590
3514,300.000,0.648,0.648,61.983,61.983,4.840,1.350,1.350,9.653,9.653,73.634,1.25,35.00,33.0000,7.3634,33.135
3515,200.000,0.128,0.128,42.194,42.194,4.740,0.400,0.400,6.459,6.459,49.181,1.25,35.00,33.0000,4.9181,22.131
3516,250.000,0.313,0.313,52.192,52.192,4.790,0.781,0.781,8.058,8.058,61.344,1.25,35.00,33.0000,6.1344,27.605
3517,350.000,1.200,1.200,71.575,71.575,4.890,2.144,2.144,11.242,11.242,86.161,1.25,35.00,33.0000,8.6161,38.772
3518,500.000,5.000,5.000,99.206,99.206,5.040,6.250,6.250,15.979,15.979,126.435,1.25,35.00,33.0000,12.6435,56.896
3519,450.000,3.281,3.281,90.180,90.180,4.990,4.556,4.556,14.405,14.405,112.422,1.25,35.00,33.0000,11.2422,50.590
3520,300.000,0.648,0.648,61.983,61.983,4.840,1.350,1.350,9.653,9.653,73.634,1.25,35.00,33.0000,7.3634,33.135
3521,200.000,0.128,0.128,42.194,42.194,4.740,0.400,0.400,6.459,6.459,49.181,1.25,35.00,33.0000,4.9181,22.131
3522,250.000,0.313,0.313,52.192,52.192,4.790,0.781,0.781,8.058,8.058,61.344,1.25,35.00,33.0000,6.1344,27.605
3523,350.000,1.200,1.200,71.575,71.575,4.890,2.144,2.144,11.242,11.242,86.161,1.25,35.00,33.0000,8.6161,38.772
3524,500.000,5.000,5.000,99.206,99.206,5.040,6.250,6.250,15.979,15.979,126.435,1.25,35.00,33.0000,12.6435,56.896
3525,450.000,3.281,3.281,90.180,90.180,4.990,4.556,4.556,14.405,14.405,112.422,1.25,35.00,33.0000,11.2422,50.590
3526,300.000,0.648,0.648,61.983,61.983,4.840,1.350,1.350,9.653,9.653,73.634,1.25,35.00,33.0000,7.3634,33.135
3527,200.000,0.128,0.128,42.194,42.194,4.740,0.400,0.400,6.459,6.459,49.181,1.25,35.00,33.0000,4.9181,22.131
3528,250.000,0.313,0.313,52.192,52.192,4.790,0.781,0.781,8.058,8.058,61.344,1.25,35.00,33.0000,6.1344,27.605
3529,350.000,1.200,1.200,71.575,71.575,4.890,2.144,2.144,11.242,11.242,86.161,1.25,35.00,33.0000,8.6161,38.772
3530,500.000,5.000,5.000,99.206,99.206,5.040,6.250,6.250,15.979,15.979,126.435,1.25,35.00,33.0000,12.6435,56.896
3531,450.000,3.281,3.281,90.180,90.180,4.990,4.556,4.556,14.405,14.405,112.422,1.25,35.00,33.0000,11.2422,50.590
3532,300.000,0.648,0.648,61.983,61.983,4.840,1.350,1.350,9.653,9.653,73.634,1.25,35.00,33.0000,7.3634,33.135
3533,200.000,0.128,0.128,42.194,42.194,4.740,0.400,0.400,6.459,6.459,49.181,1.25,35.00,33.0000,4.9181,22.131
3534,250.000,0.313,0.313,52.192,52.192,4.790,0.781,0.781,8.058,8.058,61.344,1.25,35.00,33.0000,6.1344,27.605
3535,350.000,1.200,1.200,71.575,71.575,4.890,2.144,2.144,11.242,11.242,86.161,1.25,35.00,33.0000,8.6161,38.772
3536,500.000,5.000,5.000,99.206,99.206,5.040,6.250,6.250,15.979,15.979,126.435,1.25,35.00,33.0000,12.6435,56.896
3537,450.000,3.281,3.281,90.180,90.180,4.990,4.556,4.556,14.405,14.405,112.422,1.25,35.00,33.0000,11.2422,50.590
3538,300.000,0.648,0.648,61.983,61.983,4.840,1.350,1.350,9.653,9.653,73.634,1.25,35.00,33.0000,7.3634,33.135
3539,200.000,0.128,0.128,42.194,42.194,4.740,0.400,0.400,6.459,6.459,49.181,1.25,35.00,33.0000,4.9181,22.131
3540,250.000,0.313,0.313,52.192,52.192,4.790,0.781,0.781,8.058,8.058,61.344,1.25,35.00,33.0000,6.1344,27.605
3541,350.000,1.200,1.200,71.575,71.575,4.890,2.144,2.144,11.242,11.242,86.161,1.25,35.00,33.0000,8.6161,38.772
3542,500.000,5.000,5.000,99.206,99.206,5.040,6.250,6.250,15.979,15.979,126.435,1.25,35.00,33.0000,12.6435,56.896
3543,450.000,3.281,3.281,90.180,90.180,4.990,4.556,4.556,14.405,14.405,112.422,1.25,35.00,33.0000,11.2422,50.590
3544,300.000,0.648,0.648,61.983,61.983,4.840,1.350,1.350,9.653,9.653,73.634,1.25,35.00,33.0000,7.3634,33.135
3545,200.000,0.128,0.128,42.194,42.194,4.740,0.400,0.400,6.459,6.459,49.181,1.25,35.00,33.0000,4.9181,22.131
3546,250.000,0.313,0.313,52.192,52.192,4.790,0.781,0.781,8.058,8.058,61.344,1.25,35.00,33.0000,6.1344,27.605
3547,350.000,1.200,1.200,71.575,71.575,4.890,2.144,2.144,11.242,11.242,86.161,1.25,35.00,33.0000,8.6161,38.772
3548,500.000,5.000,5.000,99.206,99.206,5.040,6.250,6.250,15.979,15.979,126.435,1.25,35.00,33.0000,12.6435,56.896
3549,450.000,3.281,3.281,90.180,90.180,4.990,4.556,4.556,14.405,14.405,112.422,1.25,35.00,33.0000,11.2422,50.590
3550,300.000,0.648,0.648,61.983,61.983,4.840,1.350,1.350,9.653,9.653,73.634,1.25,35.00,33.0000,7.3634,33.135
3551,200.000,0.128,0.128,42.194,42.194,4.740,0.400,0.400,6.459,6.459,49.181,1.25,35.00,33.0000,4.9181,22.131
3552,250.000,0.313,0.313,52.192,52.192,4.790,0.781,0.781,8.058,8.058,61.344,1.25,35.00,33.0000,6.1344,27.605
3553,350.000,1.200,1.200,71.575,71.575,4.890,2.144,2.144,11.242,11.242,86.161,1.25,35.00,33.0000,8.6161,38.772
3554,500.000,5.000,5.000,99.206,99.206,5.040,6.250,6.250,15.979,15.979,126.435,1.25,35.00,33.0000,12.6435,56.896
3555,450.000,3.281,3.281,90.180,90.180,4.990,4.556,4.556,14.405,14.405,112.422,1.25,35.00,33.0000,11.2422,50.590
3556,300.000,0.648,0.648,61.983,61.983,4.840,1.350,1.350,9.653,9.653,73.634,1.25,35.00,33.0000,7.3634,33.135
3557,200.000,0.128,0.128,42.194,42.194,4.740,0.400,0.400,6.459,6.459,49.181,1.25,35.00,33.0000,4.9181,22.131
3558,250.000,0.313,0.313,52.192,52.192,4.790,0.781,0.781,8.058,8.058,61.344,1.25,35.00,33.0000,6.1344,27.605
3559,350.000,1.200,1.200,71.575,71.575,4.890,2.144,2.144,11.242,11.242,86.161,1.25,35.00,33.0000,8.6161,38.772
3560,500.000,5.000,5.000,99.206,99.206,5.040,6.250,6.250,15.979,15.979,126.435,1.25,35.00,33.0000,12.6435,56.896
3561,450.000,3.281,3.281,90.180,90.180,4.990,4.556,4.556,14.405,14.405,112.422,1.25,35.00,33.0000,11.2422,50.590
3562,300.000,0.648,0.648,61.983,61.983,4.840,1.350,1.350,9.653,9.653,73.634,1.25,35.00,33.0000,7.3634,33.135
3563,200.000,0.128,0.128,42.194,42.194,4.740,0.400,0.400,6.459,6.459,49.181,1.25,35.00,33.0000,4.9181,22.131
3564,250.000,0.313,0.313,52.192,52.192,4.790,0.781,0.781,8.058,8.058,61.344,1.25,35.00,33.0000,6.1344,27.605
3565,350.000,1.200,1.200,71.575,71.575,4.890,2.144,2.144,11.242,11.242,86.161,1.25,35.00,33.0000,8.6161,38.772
3566,500.000,5.000,5.000,99.206,99.206,5.040,6.250,6.250,15.979,15.979,126.435,1.25,35.00,33.0000,12.6435,56.896
3567,450.000,3.281,3.281,90.180,90.180,4.990,4.556,4.556,14.405,14.405,112.422,1.25,35.00,33.0000,11.2422,50.590
3568,300.000,0.648,0.648,61.983,61.983,4.840,1.350,1.350,9.653,9.653,73.634,1.25,35.00,33.0000,7.3634,33.135
3569,200.000,0.128,0.128,42.194,42.194,4.740,0.400,0.400,6.459,6.459,49.181,1.25,35.00,33.0000,4.9181,22.131
3570,250.000,0.313,0.313,52.192,52.192,4.790,0.781,0.781,8.058,8.058,61.344,1.25,35.00,33.0000,6.1344,27.605
3571,350.000,1.200,1.200,71.575,71.575,4.890,2.144,2.144,11.242,11.242,86.161,1.25,35.00,33.0000,8.6161,38.772
3572,500.000,5.000,5.000,99.206,99.206,5.040,6.250,6.250,15.979,15.979,126.435,1.25,35.00,33.0000,12.6435,56.896
3573,450.000,3.281,3.281,90.180,90.180,4.990,4.556,4.556,14.405,14.405,112.422,1.25,35.00,33.0000,11.2422,50.590
3574,300.000,0.648,0.648,61.983,61.983,4.840,1.350,1.350,9.653,9.653,73.634,1.25,35.00,33.0000,7.3634,33.135
3575,200.000,0.128,0.128,42.194,42.194,4.740,0.400,0.400,6.459,6.459,49.181,1.25,35.00,33.0000,4.9181,22.131
3576,250.000,0.313,0.313,52.192,52.192,4.790,0.781,0.781,8.058,8.058,61.344,1.25,35.00,33.0000,6.1344,27.605
3577,350.000,1.200,1.200,71.575,71.575,4.890,2.144,2.144,11.242,11.242,86.161,1.25,35.00,33.0000,8.6161,38.772
3578,500.000,5.000,5.000,99.206,99.206,5.040,6.250,6.250,15.979,15.979,126.435,1.25,35.00,33.0000,12.6435,56.896
3579,450.000,3.281,3.281,90.180,90.180,4.990,4.556,4.556,14.405,14.405,112.422,1.25,35.00,33.0000,11.2422,50.590
3580,300.000,0.648,0.648,61.983,61.983,4.840,1.350,1.350,9.653,9.653,73.634,1.25,35.00,33.0000,7.3634,33.135
3581,200.000,0.128,0.128,42.194,42.194,4.740,0.400,0.400,6.459,6.459,49.181,1.25,35.00,33.0000,4.9181,22.131
3582,250.000,0.313,0.313,52.192,52.192,4.790,0.781,0.781,8.058,8.058,61.344,1.25,35.00,33.0000,6.1344,27.605
3583,350.000,1.200,1.200,71.575,71.575,4.890,2.144,2.144,11.242,11.242,86.161,1.25,35.00,33.0000,8.6161,38.772
3584,500.000,5.000,5.000,99.206,99.206,5.040,6.250,6.250,15.979,15.979,126.435,1.25,35.00,33.0000,12.6435,56.896
3585,450.000,3.281,3.281,90.180,90.180,4.990,4.556,4.556,14.405,14.405,112.422,1.25,35.00,33.0000,11.2422,50.590
3586,300.000,0.648,0.648,61.983,61.983,4.840,1.350,1.350,9.653,9.653,73.634,1.25,35.00,33.0000,7.3634,33.135
3587,200.000,0.128,0.128,42.194,42.194,4.740,0.400,0.400,6.459,6.459,49.181,1.25,35.00,33.0000,4.9181,22.131
3588,250.000,0.313,0.313,52.192,52.192,4.790,0.781,0.781,8.058,8.058,61.344,1.25,35.00,33.0000,6.1344,27.605
3589,350.000,1.200,1.200,71.575,71.575,4.890,2.144,2.144,11.242,11.242,86.161,1.25,35.00,33.0000,8.6161,38.772
3590,500.000,5.000,5.000,99.206,99.206,5.040,6.250,6.250,15.979,15.979,126.435,1.25,35.00,33.0000,12.6435,56.896
3591,450.000,3.281,3.281,90.180,90.180,4.990,4.556,4.556,14.405,14.405,112.422,1.25,35.00,33.0000,11.2422,50.590
3592,300.000,0.648,0.648,61.983,61.983,4.840,1.350,1.350,9.653,9.653,73.634,1.25,35.00,33.0000,7.3634,33.135
3593,200.000,0.128,0.128,42.194,42.194,4.740,0.400,0.400,6.459,6.459,49.181,1.25,35.00,33.0000,4.9181,22.131
3594,250.000,0.313,0.313,52.192,52.192,4.790,0.781,0.781,8.058,8.058,61.344,1.25,35.00,33.0000,6.1344,27.605
3595,350.000,1.200,1.200,71.575,71.575,4.890,2.144,2.144,11.242,11.242,86.161,1.25,35.00,33.0000,8.6161,38.772
3596,500.000,5.000,5.000,99.206,99.206,5.040,6.250,6.250,15.979,15.979,126.435,1.25,35.00,33.0000,12.6435,56.896
3597,450.000,3.281,3.281,90.180,90.180,4.990,4.556,4.556,14.405,14.405,112.422,1.25,35.00,33.0000,11.2422,50.590
3598,300.000,0.648,0.648,61.983,61.983,4.840,1.350,1.350,9.653,9.653,73.634,1.25,35.00,33.0000,7.3634,33.135
3599,200.000,0.128,0.128,42.194,42.194,4.740,0.400,0.400,6.459,6.459,49.181,1.25,35.00,33.0000,4.9181,22.131
3600,250.000,0.313,0.313,52.192,52.192,4.790,0.781,0.781,8.058,8.058,61.344,1.25,35.00,33.0000,6.1344,27.605
3601,350.000,1.200,1.200,71.575,71.575,4.890,2.144,2.144,11.242,11.242,86.161,1.25,35.00,33.0000,8.6161,38.772
3602,500.000,5.000,5.000,99.206,99.206,5.040,6.250,6.250,15.979,15.979,126.435,1.25,35.00,33.0000,12.6435,56.896
3603,450.000,3.281,3.281,90.180,90.180,4.990,4.556,4.556,14.405,14.405,112.422,1.25,35.00,33.0000,11.2422,50.590
3604,300.000,0.648,0.648,61.983,61.983,4.840,1.350,1.350,9.653,9.653,73.634,1.25,35.00,33.0000,7.3634,33.135
3605,200.000,0.128,0.128,42.194,42.194,4.740,0.400,0.400,6.459,6.459,49.181,1.25,35.00,33.0000,4.9181,22.131
3606,250.000,0.313,0.313,52.192,52.192,4.790,0.781,0.781,8.058,8.058,61.344,1.25,35.00,33.0000,6.1344,27.605
3607,350.000,1.200,1.200,71.575,71.575,4.890,2.144,2.144,11.242,11.242,86.161,1.25,35.00,33.0000,8.6161,38.772
3608,500.000,5.000,5.000,99.206,99.206,5.040,6.250,6.250,15.979,15.979,126.435,1.25,35.00,33.0000,12.6435,56.896
3609,450.000,3.281,3.281,90.180,90.180,4.990,4.556,4.556,14.405,14.405,112.422,1.25,35.00,33.0000,11.2422,50.590
3610,300.000,0.648,0.648,61.983,61.983,4.840,1.350,1.350,9.653,9.653,73.634,1.25,35.00,33.0000,7.3634,33.135
3611,200.000,0.128,0.128,42.194,42.194,4.740,0.400,0.400,6.459,6.459,49.181,1.25,35.00,33.0000,4.9181,22.131
3612,250.000,0.313,0.313,52.192,52.192,4.790,0.781,0.781,8.058,8.058,61.344,1.25,35.00,33.0000,6.1344,27.605
3613,350.000,1.200,1.200,71.575,71.575,4.890,2.144,2.144,11.242,11.242,86.161,1.25,35.00,33.0000,8.6161,38.772
3614,500.000,5.000,5.000,99.206,99.206,5.040,6.250,6.250,15.979,15.979,126.435,1.25,35.00,33.0000,12.6435,56.896
3615,450.000,3.281,3.281,90.180,90.180,4.990,4.556,4.556,14.405,14.405,112.422,1.25,35.00,33.0000,11.2422,50.590
3616,300.000,0.648,0.648,61.983,61.983,4.840,1.350,1.350,9.653,9.653,73.634,1.25,35.00,33.0000,7.3634,33.135
3617,200.000,0.128,0.128,42.194,42.194,4.740,0.400,0.400,6.459,6.459,49.181,1.25,35.00,33.0000,4.9181,22.131
3618,250.000,0.313,0.313,52.192,52.192,4.790,0.781,0.781,8.058,8.058,61.344,1.25,35.00,33.0000,6.1344,27.605
3619,350.000,1.200,1.200,71.575,71.575,4.890,2.144,2.144,11.242,11.242,86.161,1.25,35.00,33.0000,8.6161,38.772
3620,500.000,5.000,5.000,99.206,99.206,5.040,6.250,6.250,15.979,15.979,126.435,1.25,35.00,33.0000,12.6435,56.896
3621,450.000,3.281,3.281,90.180,90.180,4.990,4.556,4.556,14.405,14.405,112.422,1.25,35.00,33.0000,11.2422,50.590
3622,300.000,0.648,0.648,61.983,61.983,4.840,1.350,1.350,9.653,9.653,73.634,1.25,35.00,33.0000,7.3634,33.135
3623,200.000,0.128,0.128,42.194,42.194,4.740,0.400,0.400,6.459,6.459,49.181,1.25,35.00,33.0000,4.9181,22.131
3624,250.000,0.313,0.313,52.192,52.192,4.790,0.781,0.781,8.058,8.058,61.344,1.25,35.00,33.0000,6.1344,27.605
3625,350.000,1.200,1.200,71.575,71.575,4.890,2.144,2.144,11.242,11.242,86.161,1.25,35.00,33.0000,8.6161,38.772
3626,500.000,5.000,5.000,99.206,99.206,5.040,6.250,6.250,15.979,15.979,126.435,1.25,35.00,33.0000,12.6435,56.896
3627,450.000,3.281,3.281,90.180,90.180,4.990,4.556,4.556,14.405,14.405,112.422,1.25,35.00,33.0000,11.2422,50.590
3628,300.000,0.648,0.648,61.983,61.983,4.840,1.350,1.350,9.653,9.653,73.634,1.25,35.00,33.0000,7.3634,33.135
3629,200.000,0.128,0.128,42.194,42.194,4.740,0.400,0.400,6.459,6.459,49.181,1.25,35.00,33.0000,4.9181,22.131
3630,250.000,0.313,0.313,52.192,52.192,4.790,0.781,0.781,8.058,8.058,61.344,1.25,35.00,33.0000,6.1344,27.605
3631,350.000,1.200,1.200,71.575,71.575,4.890,2.144,2.144,11.242,11.242,86.161,1.25,35.00,33.0000,8.6161,38.772
3632,500.000,5.000,5.000,99.206,99.206,5.040,6.250,6.250,15.979,15.979,126.435,1.25,35.00,33.0000,12.6435,56.896
3633,450.000,3.281,3.281,90.180,90.180,4.990,4.556,4.556,14.405,14.405,112.422,1.25,35.00,33.0000,11.2422,50.590
3634,300.000,0.648,0.648,61.983,61.983,4.840,1.350,1.350,9.653,9.653,73.634,1.25,35.00,33.0000,7.3634,33.135
3635,200.000,0.128,0.128,42.194,42.194,4.740,0.400,0.400,6.459,6.459,49.181,1.25,35.00,33.0000,4.9181,22.131
3636,250.000,0.313,0.313,52.192,52.192,4.790,0.781,0.781,8.058,8.058,61.344,1.25,35.00,33.0000,6.1344,27.605
3637,350.000,1.200,1.200,71.575,71.575,4.890,2.144,2.144,11.242,11.242,86.161,1.25,35.00,33.0000,8.6161,38.772
3638,500.000,5.000,5.000,99.206,99.206,5.040,6.250,6.250,15.979,15.979,126.435,1.25,35.00,33.0000,12.6435,56.896
3639,450.000,3.281,3.281,90.180,90.180,4.990,4.556,4.556,14.405,14.405,112.422,1.25,35.00,33.0000,11.2422,50.590
3640,300.000,0.648,0.648,61.983,61.983,4.840,1.350,1.350,9.653,9.653,73.634,1.25,35.00,33.0000,7.3634,33.135
3641,200.000,0.128,0.128,42.194,42.194,4.740,0.400,0.400,6.459,6.459,49.181,1.25,35.00,33.0000,4.9181,22.131
3642,250.000,0.313,0.313,52.192,52.192,4.790,0.781,0.781,8.058,8.058,61.344,1.25,35.00,33.0000,6.1344,27.605
3643,350.000,1.200,1.200,71.575,71.575,4.890,2.144,2.144,11.242,11.242,86.161,1.25,35.00,33.0000,8.6161,38.772
3644,500.000,5.000,5.000,99.206,99.206,5.040,6.250,6.250,15.979,15.979,126.435,1.25,35.00,33.0000,12.6435,56.896
3645,450.000,3.281,3.281,90.180,90.180,4.990,4.556,4.556,14.405,14.405,112.422,1.25,35.00,33.0000,11.2422,50.590
3646,300.000,0.648,0.648,61.983,61.983,4.840,1.350,1.350,9.653,9.653,73.634,1.25,35.00,33.0000,7.3634,33.135
3647,200.000,0.128,0.128,42.194,42.194,4.740,0.400,0.400,6.459,6.459,49.181,1.25,35.00,33.0000,4.9181,22.131
3648,250.000,0.313,0.313,52.192,52.192,4.790,0.781,0.781,8.058,8.058,61.344,1.25,35.00,33.0000,6.1344,27.605
3649,350.000,1.200,1.200,71.575,71.575,4.890,2.144,2.144,11.242,11.242,86.161,1.25,35.00,33.0000,8.6161,38.772
3650,500.000,5.000,5.000,99.206,99.206,5.040,6.250,6.250,15.979,15.979,126.435,1.25,35.00,33.0000,12.6435,56.896
3651,450.000,3.281,3.281,90.180,90.180,4.990,4.556,4.556,14.405,14.405,112.422,1.25,35.00,33.0000,11.2422,50.590
3652,300.000,0.648,0.648,61.983,61.983,4.840,1.350,1.350,9.653,9.653,73.634,1.25,35.00,33.0000,7.3634,33.135
3653,200.000,0.128,0.128,42.194,42.194,4.740,0.400,0.400,6.459,6.459,49.181,1.25,35.00,33.0000,4.9181,22.131
3654,250.000,0.313,0.313,52.192,52.192,4.790,0.781,0.781,8.058,8.058,61.344,1.25,35.00,33.0000,6.1344,27.605
3655,350.000,1.200,1.200,71.575,71.575,4.890,2.144,2.144,11.242,11.242,86.161,1.25,35.00,33.0000,8.6161,38.772
3656,500.000,5.000,5.000,99.206,99.206,5.040,6.250,6.250,15.979,15.979,126.435,1.25,35.00,33.0000,12.6435,56.896
3657,450.000,3.281,3.281,90.180,90.180,4.990,4.556,4.556,14.405,14.405,112.422,1.25,35.00,33.0000,11.2422,50.590
3658,300.000,0.648,0.648,61.983,61.983,4.840,1.350,1.350,9.653,9.653,73.634,1.25,35.00,33.0000,7.3634,33.135
3659,200.000,0.128,0.128,42.194,42.194,4.740,0.400,0.400,6.459,6.459,49.181,1.25,35.00,33.0000,4.9181,22.131
3660,250.000,0.313,0.313,52.192,52.192,4.790,0.781,0.781,8.058,8.058,61.344,1.25,35.00,33.0000,6.1344,27.605
3661,350.000,1.200,1.200,71.575,71.575,4.890,2.144,2.144,11.242,11.242,86.161,1.25,35.00,33.0000,8.6161,38.772
3662,500.000,5.000,5.000,99.206,99.206,5.040,6.250,6.250,15.979,15.979,126.435,1.25,35.00,33.0000,12.6435,56.896
3663,450.000,3.281,3.281,90.180,90.180,4.990,4.556,4.556,14.405,14.405,112.422,1.25,35.00,33.0000,11.2422,50.590
3664,300.000,0.648,0.648,61.983,61.983,4.840,1.350,1.350,9.653,9.653,73.634,1.25,35.00,33.0000,7.3634,33.135
3665,200.000,0.128,0.128,42.194,42.194,4.740,0.400,0.400,6.459,6.459,49.181,1.25,35.00,33.0000,4.9181,22.131
3666,250.000,0.313,0.313,52.192,52.192,4.790,0.781,0.781,8.058,8.058,61.344,1.25,35.00,33.0000,6.1344,27.605
3667,350.000,1.200,1.200,71.575,71.575,4.890,2.144,2.144,11.242,11.242,86.161,1.25,35.00,33.0000,8.6161,38.772
3668,500.000,5.000,5.000,99.206,99.206,5.040,6.250,6.250,15.979,15.979,126.435,1.25,35.00,33.0000,12.6435,56.896
3669,450.000,3.281,3.281,90.180,90.180,4.990,4.556,4.556,14.405,14.405,112.422,1.25,35.00,33.0000,11.2422,50.590
3670,300.000,0.648,0.648,61.983,61.983,4.840,1.350,1.350,9.653,9.653,73.634,1.25,35.00,33.0000,7.3634,33.135
3671,200.000,0.128,0.128,42.194,42.194,4.740,0.400,0.400,6.459,6.459,49.181,1.25,35.00,33.0000,4.9181,22.131
3672,250.000,0.313,0.313,52.192,52.192,4.790,0.781,0.781,8.058,8.058,61.344,1.25,35.00,33.0000,6.1344,27.605
3673,350.000,1.200,1.200,71.575,71.575,4.890,2.144,2.144,11.242,11.242,86.161,1.25,35.00,33.0000,8.6161,38.772
3674,500.000,5.000,5.000,99.206,99.206,5.040,6.250,6.250,15.979,15.979,126.435,1.25,35.00,33.0000,12.6435,56.896
3675,450.000,3.281,3.281,90.180,90.180,4.990,4.556,4.556,14.405,14.405,112.422,1.25,35.00,33.0000,11.2422,50.590
3676,300.000,0.648,0.648,61.983,61.983,4.840,1.350,1.350,9.653,9.653,73.634,1.25,35.00,33.0000,7.3634,33.135
3677,200.000,0.128,0.128,42.194,42.194,4.740,0.400,0.400,6.459,6.459,49.181,1.25,35.00,33.0000,4.9181,22.131
3678,250.000,0.313,0.313,52.192,52.192,4.790,0.781,0.781,8.058,8.058,61.344,1.25,35.00,33.0000,6.1344,27.605
3679,350.000,1.200,1.200,71.575,71.575,4.890,2.144,2.144,11.242,11.242,86.161,1.25,35.00,33.0000,8.6161,38.772
3680,500.000,5.000,5.000,99.206,99.206,5.040,6.250,6.250,15.979,15.979,126.435,1.25,35.00,33.0000,12.6435,56.896
3681,450.000,3.281,3.281,90.180,90.180,4.990,4.556,4.556,14.405,14.405,112.422,1.25,35.00,33.0000,11.2422,50.590
3682,300.000,0.648,0.648,61.983,61.983,4.840,1.350,1.350,9.653,9.653,73.634,1.25,35.00,33.0000,7.3634,33.135
3683,200.000,0.128,0.128,42.194,42.194,4.740,0.400,0.400,6.459,6.459,49.181,1.25,35.00,33.0000,4.9181,22.131
3684,250.000,0.313,0.313,52.192,52.192,4.790,0.781,0.781,8.058,8.058,61.344,1.25,35.00,33.0000,6.1344,27.605
3685,350.000,1.200,1.200,71.575,71.575,4.890,2.144,2.144,11.242,11.242,86.161,1.25,35.00,33.0000,8.6161,38.772
3686,500.000,5.000,5.000,99.206,99.206,5.040,6.250,6.250,15.979,15.979,126.435,1.25,35.00,33.0000,12.6435,56.896
3687,450.000,3.281,3.281,90.180,90.180,4.990,4.556,4.556,14.405,14.405,112.422,1.25,35.00,33.0000,11.2422,50.590
3688,300.000,0.648,0.648,61.983,61.983,4.840,1.350,1.350,9.653,9.653,73.634,1.25,35.00,33.0000,7.3634,33.135
3689,200.000,0.128,0.128,42.194,42.194,4.740,0.400,0.400,6.459,6.459,49.181,1.25,35.00,33.0000,4.9181,22.131
3690,250.000,0.313,0.313,52.192,52.192,4.790,0.781,0.781,8.058,8.058,61.344,1.25,35.00,33.0000,6.1344,27.605
3691,350.000,1.200,1.200,71.575,71.575,4.890,2.144,2.144,11.242,11.242,86.161,1.25,35.00,33.0000,8.6161,38.772
3692,500.000,5.000,5.000,99.206,99.206,5.040,6.250,6.250,15.979,15.979,126.435,1.25,35.00,33.0000,12.6435,56.896
3693,450.000,3.281,3.281,90.180,90.180,4.990,4.556,4.556,14.405,14.405,112.422,1.25,35.00,33.0000,11.2422,50.590
3694,300.000,0.648,0.648,61.983,61.983,4.840,1.350,1.350,9.653,9.653,73.634,1.25,35.00,33.0000,7.3634,33.135
3695,200.000,0.128,0.128,42.194,42.194,4.740,0.400,0.400,6.459,6.459,49.181,1.25,35.00,33.0000,4.9181,22.131
3696,250.000,0.313,0.313,52.192,52.192,4.790,0.781,0.781,8.058,8.058,61.344,1.25,35.00,33.0000,6.1344,27.605
3697,350.000,1.200,1.200,71.575,71.575,4.890,2.144,2.144,11.242,11.242,86.161,1.25,35.00,33.0000,8.6161,38.772
3698,500.000,5.000,5.000,99.206,99.206,5.040,6.250,6.250,15.979,15.979,126.435,1.25,35.00,33.0000,12.6435,56.896
3699,450.000,3.281,3.281,90.180,90.180,4.990,4.556,4.556,14.405,14.405,112.422,1.25,35.00,33.0000,11.2422,50.590
3700,300.000,0.648,0.648,61.983,61.983,4.840,1.350,1.350,9.653,9.653,73.634,1.25,35.00,33.0000,7.3634,33.135
3701,200.000,0.128,0.128,42.194,42.194,4.740,0.400,0.400,6.459,6.459,49.181,1.25,35.00,33.0000,4.9181,22.131
3702,250.000,0.313,0.313,52.192,52.192,4.790,0.781,0.781,8.058,8.058,61.344,1.25,35.00,33.0000,6.1344,27.605
3703,350.000,1.200,1.200,71.575,71.575,4.890,2.144,2.144,11.242,11.242,86.161,1.25,35.00,33.0000,8.6161,38.772
3704,500.000,5.000,5.000,99.206,99.206,5.040,6.250,6.250,15.979,15.979,126.435,1.25,35.00,33.0000,12.6435,56.896
3705,450.000,3.281,3.281,90.180,90.180,4.990,4.556,4.556,14.405,14.405,112.422,1.25,35.00,33.0000,11.2422,50.590
3706,300.000,0.648,0.648,61.983,61.983,4.840,1.350,1.350,9.653,9.653,73.634,1.25,35.00,33.0000,7.3634,33.135
3707,200.000,0.128,0.128,42.194,42.194,4.740,0.400,0.400,6.459,6.459,49.181,1.25,35.00,33.0000,4.9181,22.131
3708,250.000,0.313,0.313,52.192,52.192,4.790,0.781,0.781,8.058,8.058,61.344,1.25,35.00,33.0000,6.1344,27.605
3709,350.000,1.200,1.200,71.575,71.575,4.890,2.144,2.144,11.242,11.242,86.161,1.25,35.00,33.0000,8.6161,38.772
3710,500.000,5.000,5.000,99.206,99.206,5.040,6.250,6.250,15.979,15.979,126.435,1.25,35.00,33.0000,12.6435,56.896
3711,450.000,3.281,3.281,90.180,90.180,4.990,4.556,4.556,14.405,14.405,112.422,1.25,35.00,33.0000,11.2422,50.590
3712,300.000,0.648,0.648,61.983,61.983,4.840,1.350,1.350,9.653,9.653,73.634,1.25,35.00,33.0000,7.3634,33.135
3713,200.000,0.128,0.128,42.194,42.194,4.740,0.400,0.400,6.459,6.459,49.181,1.25,35.00,33.0000,4.9181,22.131
3714,250.000,0.313,0.313,52.192,52.192,4.790,0.781,0.781,8.058,8.058,61.344,1.25,35.00,33.0000,6.1344,27.605
3715,350.000,1.200,1.200,71.575,71.575,4.890,2.144,2.144,11.242,11.242,86.161,1.25,35.00,33.0000,8.6161,38.772
3716,500.000,5.000,5.000,99.206,99.206,5.040,6.250,6.250,15.979,15.979,126.435,1.25,35.00,33.0000,12.6435,56.896
3717,450.000,3.281,3.281,90.180,90.180,4.990,4.556,4.556,14.405,14.405,112.422,1.25,35.00,33.0000,11.2422,50.590
3718,300.000,0.648,0.648,61.983,61.983,4.840,1.350,1.350,9.653,9.653,73.634,1.25,35.00,33.0000,7.3634,33.135
3719,200.000,0.128,0.128,42.194,42.194,4.740,0.400,0.400,6.459,6.459,49.181,1.25,35.00,33.0000,4.9181,22.131
3720,250.000,0.313,0.313,52.192,52.192,4.790,0.781,0.781,8.058,8.058,61.344,1.25,35.00,33.0000,6.1344,27.605
3721,350.000,1.200,1.200,71.575,71.575,4.890,2.144,2.144,11.242,11.242,86.161,1.25,35.00,33.0000,8.6161,38.772
3722,500.000,5.000,5.000,99.206,99.206,5.040,6.250,6.250,15.979,15.979,126.435,1.25,35.00,33.0000,12.6435,56.896
3723,450.000,3.281,3.281,90.180,90.180,4.990,4.556,4.556,14.405,14.405,112.422,1.25,35.00,33.0000,11.2422,50.590
3724,300.000,0.648,0.648,61.983,61.983,4.840,1.350,1.350,9.653,9.653,73.634,1.25,35.00,33.0000,7.3634,33.135
3725,200.000,0.128,0.128,42.194,42.194,4.740,0.400,0.400,6.459,6.459,49.181,1.25,35.00,33.0000,4.9181,22.131
3726,250.000,0.313,0.313,52.192,52.192,4.790,0.781,0.781,8.058,8.058,61.344,1.25,35.00,33.0000,6.1344,27.605
3727,350.000,1.200,1.200,71.575,71.575,4.890,2.144,2.144,11.242,11.242,86.161,1.25,35.00,33.0000,8.6161,38.772
3728,500.000,5.000,5.000,99.206,99.206,5.040,6.250,6.250,15.979,15.979,126.435,1.25,35.00,33.0000,12.6435,56.896
3729,450.000,3.281,3.281,90.180,90.180,4.990,4.556,4.556,14.405,14.405,112.422,1.25,35.00,33.0000,11.2422,50.590
3730,300.000,0.648,0.648,61.983,61.983,4.840,1.350,1.350,9.653,9.653,73.634,1.25,35.00,33.0000,7.3634,33.135
3731,200.000,0.128,0.128,42.194,42.194,4.740,0.400,0.400,6.459,6.459,49.181,1.25,35.00,33.0000,4.9181,22.131
3732,250.000,0.313,0.313,52.192,52.192,4.790,0.781,0.781,8.058,8.058,61.344,1.25,35.00,33.0000,6.1344,27.605
3733,350.000,1.200,1.200,71.575,71.575,4.890,2.144,2.144,11.242,11.242,86.161,1.25,35.00,33.0000,8.6161,38.772
3734,500.000,5.000,5.000,99.206,99.206,5.040,6.250,6.250,15.979,15.979,126.435,1.25,35.00,33.0000,12.6435,56.896
3735,450.000,3.281,3.281,90.180,90.180,4.990,4.556,4.556,14.405,14.405,112.422,1.25,35.00,33.0000,11.2422,50.590
3736,300.000,0.648,0.648,61.983,61.983,4.840,1.350,1.350,9.653,9.653,73.634,1.25,35.00,33.0000,7.3634,33.135
3737,200.000,0.128,0.128,42.194,42.194,4.740,0.400,0.400,6.459,6.459,49.181,1.25,35.00,33.0000,4.9181,22.131
3738,250.000,0.313,0.313,52.192,52.192,4.790,0.781,0.781,8.058,8.058,61.344,1.25,35.00,33.0000,6.1344,27.605
3739,350.000,1.200,1.200,71.575,71.575,4.890,2.144,2.144,11.242,11.242,86.161,1.25,35.00,33.0000,8.6161,38.772
3740,500.000,5.000,5.000,99.206,99.206,5.040,6.250,6.250,15.979,15.979,126.435,1.25,35.00,33.0000,12.6435,56.896
3741,450.000,3.281,3.281,90.180,90.180,4.990,4.556,4.556,14.405,14.405,112.422,1.25,35.00,33.0000,11.2422,50.590
3742,300.000,0.648,0.648,61.983,61.983,4.840,1.350,1.350,9.653,9.653,73.634,1.25,35.00,33.0000,7.3634,33.135
3743,200.000,0.128,0.128,42.194,42.194,4.740,0.400,0.400,6.459,6.459,49.181,1.25,35.00,33.0000,4.9181,22.131
3744,250.000,0.313,0.313,52.192,52.192,4.790,0.781,0.781,8.058,8.058,61.344,1.25,35.00,33.0000,6.1344,27.605
3745,350.000,1.200,1.200,71.575,71.575,4.890,2.144,2.144,11.242,11.242,86.161,1.25,35.00,33.0000,8.6161,38.772
3746,500.000,5.000,5.000,99.206,99.206,5.040,6.250,6.250,15.979,15.979,126.435,1.25,35.00,33.0000,12.6435,56.896
3747,450.000,3.281,3.281,90.180,90.180,4.990,4.556,4.556,14.405,14.405,112.422,1.25,35.00,33.0000,11.2422,50.590
3748,300.000,0.648,0.648,61.983,61.983,4.840,1.350,1.350,9.653,9.653,73.634,1.25,35.00,33.0000,7.3634,33.135
3749,200.000,0.128,0.128,42.194,42.194,4.740,0.400,0.400,6.459,6.459,49.181,1.25,35.00,33.0000,4.9181,22.131
3750,250.000,0.313,0.313,52.192,52.192,4.790,0.781,0.781,8.058,8.058,61.344,1.25,35.00,33.0000,6.1344,27.605
3751,350.000,1.200,1.200,71.575,71.575,4.890,2.144,2.144,11.242,11.242,86.161,1.25,35.00,33.0000,8.6161,38.772
3752,500.000,5.000,5.000,99.206,99.206,5.040,6.250,6.250,15.979,15.979,126.435,1.25,35.00,33.0000,12.6435,56.896
3753,450.000,3.281,3.281,90.180,90.180,4.990,4.556,4.556,14.405,14.405,112.422,1.25,35.00,33.0000,11.2422,50.590
3754,300.000,0.648,0.648,61.983,61.983,4.840,1.350,1.350,9.653,9.653,73.634,1.25,35.00,33.0000,7.3634,33.135
3755,200.000,0.128,0.128,42.194,42.194,4.740,0.400,0.400,6.459,6.459,49.181,1.25,35.00,33.0000,4.9181,22.131
3756,250.000,0.313,0.313,52.192,52.192,4.790,0.781,0.781,8.058,8.058,61.344,1.25,35.00,33.0000,6.1344,27.605
3757,350.000,1.200,1.200,71.575,71.575,4.890,2.144,2.144,11.242,11.242,86.161,1.25,35.00,33.0000,8.6161,38.772
3758,500.000,5.000,5.000,99.206,99.206,5.040,6.250,6.250,15.979,15.979,126.435,1.25,35.00,33.0000,12.6435,56.896
3759,450.000,3.281,3.281,90.180,90.180,4.990,4.556,4.556,14.405,14.405,112.422,1.25,35.00,33.0000,11.2422,50.590
3760,300.000,0.648,0.648,61.983,61.983,4.840,1.350,1.350,9.653,9.653,73.634,1.25,35.00,33.0000,7.3634,33.135
3761,200.000,0.128,0.128,42.194,42.194,4.740,0.400,0.400,6.459,6.459,49.181,1.25,35.00,33.0000,4.9181,22.131
3762,250.000,0.313,0.313,52.192,52.192,4.790,0.781,0.781,8.058,8.058,61.344,1.25,35.00,33.0000,6.1344,27.605
3763,350.000,1.200,1.200,71.575,71.575,4.890,2.144,2.144,11.242,11.242,86.161,1.25,35.00,33.0000,8.6161,38.772
3764,500.000,5.000,5.000,99.206,99.206,5.040,6.250,6.250,15.979,15.979,126.435,1.25,35.00,33.0000,12.6435,56.896
3765,450.000,3.281,3.281,90.180,90.180,4.990,4.556,4.556,14.405,14.405,112.422,1.25,35.00,33.0000,11.2422,50.590
3766,300.000,0.648,0.648,61.983,61.983,4.840,1.350,1.350,9.653,9.653,73.634,1.25,35.00,33.0000,7.3634,33.135
3767,200.000,0.128,0.128,42.194,42.194,4.740,0.400,0.400,6.459,6.459,49.181,1.25,35.00,33.0000,4.9181,22.131
3768,250.000,0.313,0.313,52.192,52.192,4.790,0.781,0.781,8.058,8.058,61.344,1.25,35.00,33.0000,6.1344,27.605
3769,350.000,1.200,1.200,71.575,71.575,4.890,2.144,2.144,11.242,11.242,86.161,1.25,35.00,33.0000,8.6161,38.772
3770,500.000,5.000,5.000,99.206,99.206,5.040,6.250,6.250,15.979,15.979,126.435,1.25,35.00,33.0000,12.6435,56.896
3771,450.000,3.281,3.281,90.180,90.180,4.990,4.556,4.556,14.405,14.405,112.422,1.25,35.00,33.0000,11.2422,50.590
3772,300.000,0.648,0.648,61.983,61.983,4.840,1.350,1.350,9.653,9.653,73.634,1.25,35.00,33.0000,7.3634,33.135
3773,200.000,0.128,0.128,42.194,42.194,4.740,0.400,0.400,6.459,6.459,49.181,1.25,35.00,33.0000,4.9181,22.131
3774,250.000,0.313,0.313,52.192,52.192,4.790,0.781,0.781,8.058,8.058,61.344,1.25,35.00,33.0000,6.1344,27.605
3775,350.000,1.200,1.200,71.575,71.575,4.890,2.144,2.144,11.242,11.242,86.161,1.25,35.00,33.0000,8.6161,38.772
3776,500.000,5.000,5.000,99.206,99.206,5.040,6.250,6.250,15.979,15.979,126.435,1.25,35.00,33.0000,12.6435,56.896
3777,450.000,3.281,3.281,90.180,90.180,4.990,4.556,4.556,14.405,14.405,112.422,1.25,35.00,33.0000,11.2422,50.590
3778,300.000,0.648,0.648,61.983,61.983,4.840,1.350,1.350,9.653,9.653,73.634,1.25,35.00,33.0000,7.3634,33.135
3779,200.000,0.128,0.128,42.194,42.194,4.740,0.400,0.400,6.459,6.459,49.181,1.25,35.00,33.0000,4.9181,22.131
3780,250.000,0.313,0.313,52.192,52.192,4.790,0.781,0.781,8.058,8.058,61.344,1.25,35.00,33.0000,6.1344,27.605
3781,350.000,1.200,1.200,71.575,71.575,4.890,2.144,2.144,11.242,11.242,86.161,1.25,35.00,33.0000,8.6161,38.772
3782,500.000,5.000,5.000,99.206,99.206,5.040,6.250,6.250,15.979,15.979,126.435,1.25,35.00,33.0000,12.6435,56.896
3783,450.000,3.281,3.281,90.180,90.180,4.990,4.556,4.556,14.405,14.405,112.422,1.25,35.00,33.0000,11.2422,50.590
3784,300.000,0.648,0.648,61.983,61.983,4.840,1.350,1.350,9.653,9.653,73.634,1.25,35.00,33.0000,7.3634,33.135
3785,200.000,0.128,0.128,42.194,42.194,4.740,0.400,0.400,6.459,6.459,49.181,1.25,35.00,33.0000,4.9181,22.131
3786,250.000,0.313,0.313,52.192,52.192,4.790,0.781,0.781,8.058,8.058,61.344,1.25,35.00,33.0000,6.1344,27.605
3787,350.000,1.200,1.200,71.575,71.575,4.890,2.144,2.144,11.242,11.242,86.161,1.25,35.00,33.0000,8.6161,38.772
3788,500.000,5.000,5.000,99.206,99.206,5.040,6.250,6.250,15.979,15.979,126.435,1.25,35.00,33.0000,12.6435,56.896
3789,450.000,3.281,3.281,90.180,90.180,4.990,4.556,4.556,14.405,14.405,112.422,1.25,35.00,33.0000,11.2422,50.590
3790,300.000,0.648,0.648,61.983,61.983,4.840,1.350,1.350,9.653,9.653,73.634,1.25,35.00,33.0000,7.3634,33.135
3791,200.000,0.128,0.128,42.194,42.194,4.740,0.400,0.400,6.459,6.459,49.181,1.25,35.00,33.0000,4.9181,22.131
3792,250.000,0.313,0.313,52.192,52.192,4.790,0.781,0.781,8.058,8.058,61.344,1.25,35.00,33.0000,6.1344,27.605
3793,350.000,1.200,1.200,71.575,71.575,4.890,2.144,2.144,11.242,11.242,86.161,1.25,35.00,33.0000,8.6161,38.772
3794,500.000,5.000,5.000,99.206,99.206,5.040,6.250,6.250,15.979,15.979,126.435,1.25,35.00,33.0000,12.6435,56.896
3795,450.000,3.281,3.281,90.180,90.180,4.990,4.556,4.556,14.405,14.405,112.422,1.25,35.00,33.0000,11.2422,50.590
3796,300.000,0.648,0.648,61.983,61.983,4.840,1.350,1.350,9.653,9.653,73.634,1.25,35.00,33.0000,7.3634,33.135
3797,200.000,0.128,0.128,42.194,42.194,4.740,0.400,0.400,6.459,6.459,49.181,1.25,35.00,33.0000,4.9181,22.131
3798,250.000,0.313,0.313,52.192,52.192,4.790,0.781,0.781,8.058,8.058,61.344,1.25,35.00,33.0000,6.1344,27.605
3799,350.000,1.200,1.200,71.575,71.575,4.890,2.144,2.144,11.242,11.242,86.161,1.25,35.00,33.0000,8.6161,38.772
3800,500.000,5.000,5.000,99.206,99.206,5.040,6.250,6.250,15.979,15.979,126.435,1.25,35.00,33.0000,12.6435,56.896
3801,450.000,3.281,3.281,90.180,90.180,4.990,4.556,4.556,14.405,14.405,112.422,1.25,35.00,33.0000,11.2422,50.590
3802,300.000,0.648,0.648,61.983,61.983,4.840,1.350,1.350,9.653,9.653,73.634,1.25,35.00,33.0000,7.3634,33.135
3803,200.000,0.128,0.128,42.194,42.194,4.740,0.400,0.400,6.459,6.459,49.181,1.25,35.00,33.0000,4.9181,22.131
3804,250.000,0.313,0.313,52.192,52.192,4.790,0.781,0.781,8.058,8.058,61.344,1.25,35.00,33.0000,6.1344,27.605
3805,350.000,1.200,1.200,71.575,71.575,4.890,2.144,2.144,11.242,11.242,86.161,1.25,35.00,33.0000,8.6161,38.772
3806,500.000,5.000,5.000,99.206,99.206,5.040,6.250,6.250,15.979,15.979,126.435,1.25,35.00,33.0000,12.6435,56.896
3807,450.000,3.281,3.281,90.180,90.180,4.990,4.556,4.556,14.405,14.405,112.422,1.25,35.00,33.0000,11.2422,50.590
3808,300.000,0.648,0.648,61.983,61.983,4.840,1.350,1.350,9.653,9.653,73.634,1.25,35.00,33.0000,7.3634,33.135
3809,200.000,0.128,0.128,42.194,42.194,4.740,0.400,0.400,6.459,6.459,49.181,1.25,35.00,33.0000,4.9181,22.131
3810,250.000,0.313,0.313,52.192,52.192,4.790,0.781,0.781,8.058,8.058,61.344,1.25,35.00,33.0000,6.1344,27.605
3811,350.000,1.200,1.200,71.575,71.575,4.890,2.144,2.144,11.242,11.242,86.161,1.25,35.00,33.0000,8.6161,38.772
3812,500.000,5.000,5.000,99.206,99.206,5.040,6.250,6.250,15.979,15.979,126.435,1.25,35.00,33.0000,12.6435,56.896
3813,450.000,3.281,3.281,90.180,90.180,4.990,4.556,4.556,14.405,14.405,112.422,1.25,35.00,33.0000,11.2422,50.590
3814,300.000,0.648,0.648,61.983,61.983,4.840,1.350,1.350,9.653,9.653,73.634,1.25,35.00,33.0000,7.3634,33.135
3815,200.000,0.128,0.128,42.194,42.194,4.740,0.400,0.400,6.459,6.459,49.181,1.25,35.00,33.0000,4.9181,22.131
3816,250.000,0.313,0.313,52.192,52.192,4.790,0.781,0.781,8.058,8.058,61.344,1.25,35.00,33.0000,6.1344,27.605
3817,350.000,1.200,1.200,71.575,71.575,4.890,2.144,2.144,11.242,11.242,86.161,1.25,35.00,33.0000,8.6161,38.772
3818,500.000,5.000,5.000,99.206,99.206,5.040,6.250,6.250,15.979,15.979,126.435,1.25,35.00,33.0000,12.6435,56.896
3819,450.000,3.281,3.281,90.180,90.180,4.990,4.556,4.556,14.405,14.405,112.422,1.25,35.00,33.0000,11.2422,50.590
3820,300.000,0.648,0.648,61.983,61.983,4.840,1.350,1.350,9.653,9.653,73.634,1.25,35.00,33.0000,7.3634,33.135
3821,200.000,0.128,0.128,42.194,42.194,4.740,0.400,0.400,6.459,6.459,49.181,1.25,35.00,33.0000,4.9181,22.131
3822,250.000,0.313,0.313,52.192,52.192,4.790,0.781,0.781,8.058,8.058,61.344,1.25,35.00,33.0000,6.1344,27.605
3823,350.000,1.200,1.200,71.575,71.575,4.890,2.144,2.144,11.242,11.242,86.161,1.25,35.00,33.0000,8.6161,38.772
3824,500.000,5.000,5.000,99.206,99.206,5.040,6.250,6.250,15.979,15.979,126.435,1.25,35.00,33.0000,12.6435,56.896
3825,450.000,3.281,3.281,90.180,90.180,4.990,4.556,4.556,14.405,14.405,112.422,1.25,35.00,33.0000,11.2422,50.590
3826,300.000,0.648,0.648,61.983,61.983,4.840,1.350,1.350,9.653,9.653,73.634,1.25,35.00,33.0000,7.3634,33.135
3827,200.000,0.128,0.128,42.194,42.194,4.740,0.400,0.400,6.459,6.459,49.181,1.25,35.00,33.0000,4.9181,22.131
3828,250.000,0.313,0.313,52.192,52.192,4.790,0.781,0.781,8.058,8.058,61.344,1.25,35.00,33.0000,6.1344,27.605
3829,350.000,1.200,1.200,71.575,71.575,4.890,2.144,2.144,11.242,11.242,86.161,1.25,35.00,33.0000,8.6161,38.772
3830,500.000,5.000,5.000,99.206,99.206,5.040,6.250,6.250,15.979,15.979,126.435,1.25,35.00,33.0000,12.6435,56.896
3831,450.000,3.281,3.281,90.180,90.180,4.990,4.556,4.556,14.405,14.405,112.422,1.25,35.00,33.0000,11.2422,50.590
3832,300.000,0.648,0.648,61.983,61.983,4.840,1.350,1.350,9.653,9.653,73.634,1.25,35.00,33.0000,7.3634,33.135
3833,200.000,0.128,0.128,42.194,42.194,4.740,0.400,0.400,6.459,6.459,49.181,1.25,35.00,33.0000,4.9181,22.131
3834,250.000,0.313,0.313,52.192,52.192,4.790,0.781,0.781,8.058,8.058,61.344,1.25,35.00,33.0000,6.1344,27.605
3835,350.000,1.200,1.200,71.575,71.575,4.890,2.144,2.144,11.242,11.242,86.161,1.25,35.00,33.0000,8.6161,38.772
3836,500.000,5.000,5.000,99.206,99.206,5.040,6.250,6.250,15.979,15.979,126.435,1.25,35.00,33.0000,12.6435,56.896
3837,450.000,3.281,3.281,90.180,90.180,4.990,4.556,4.556,14.405,14.405,112.422,1.25,35.00,33.0000,11.2422,50.590
3838,300.000,0.648,0.648,61.983,61.983,4.840,1.350,1.350,9.653,9.653,73.634,1.25,35.00,33.0000,7.3634,33.135
3839,200.000,0.128,0.128,42.194,42.194,4.740,0.400,0.400,6.459,6.459,49.181,1.25,35.00,33.0000,4.9181,22.131
3840,250.000,0.313,0.313,52.192,52.192,4.790,0.781,0.781,8.058,8.058,61.344,1.25,35.00,33.0000,6.1344,27.605
3841,350.000,1.200,1.200,71.575,71.575,4.890,2.144,2.144,11.242,11.242,86.161,1.25,35.00,33.0000,8.6161,38.772
3842,500.000,5.000,5.000,99.206,99.206,5.040,6.250,6.250,15.979,15.979,126.435,1.25,35.00,33.0000,12.6435,56.896
3843,450.000,3.281,3.281,90.180,90.180,4.990,4.556,4.556,14.405,14.405,112.422,1.25,35.00,33.0000,11.2422,50.590
3844,300.000,0.648,0.648,61.983,61.983,4.840,1.350,1.350,9.653,9.653,73.634,1.25,35.00,33.0000,7.3634,33.135
3845,200.000,0.128,0.128,42.194,42.194,4.740,0.400,0.400,6.459,6.459,49.181,1.25,35.00,33.0000,4.9181,22.131
3846,250.000,0.313,0.313,52.192,52.192,4.790,0.781,0.781,8.058,8.058,61.344,1.25,35.00,33.0000,6.1344,27.605
3847,350.000,1.200,1.200,71.575,71.575,4.890,2.144,2.144,11.242,11.242,86.161,1.25,35.00,33.0000,8.6161,38.772
3848,500.000,5.000,5.000,99.206,99.206,5.040,6.250,6.250,15.979,15.979,126.435,1.25,35.00,33.0000,12.6435,56.896
3849,450.000,3.281,3.281,90.180,90.180,4.990,4.556,4.556,14.405,14.405,112.422,1.25,35.00,33.0000,11.2422,50.590
3850,300.000,0.648,0.648,61.983,61.983,4.840,1.350,1.350,9.653,9.653,73.634,1.25,35.00,33.0000,7.3634,33.135
3851,200.000,0.128,0.128,42.194,42.194,4.740,0.400,0.400,6.459,6.459,49.181,1.25,35.00,33.0000,4.9181,22.131
3852,250.000,0.313,0.313,52.192,52.192,4.790,0.781,0.781,8.058,8.058,61.344,1.25,35.00,33.0000,6.1344,27.605
3853,350.000,1.200,1.200,71.575,71.575,4.890,2.144,2.144,11.242,11.242,86.161,1.25,35.00,33.0000,8.6161,38.772
3854,500.000,5.000,5.000,99.206,99.206,5.040,6.250,6.250,15.979,15.979,126.435,1.25,35.00,33.0000,12.6435,56.896
3855,450.000,3.281,3.281,90.180,90.180,4.990,4.556,4.556,14.405,14.405,112.422,1.25,35.00,33.0000,11.2422,50.590
3856,300.000,0.648,0.648,61.983,61.983,4.840,1.350,1.350,9.653,9.653,73.634,1.25,35.00,33.0000,7.3634,33.135
3857,200.000,0.128,0.128,42.194,42.194,4.740,0.400,0.400,6.459,6.459,49.181,1.25,35.00,33.0000,4.9181,22.131
3858,250.000,0.313,0.313,52.192,52.192,4.790,0.781,0.781,8.058,8.058,61.344,1.25,35.00,33.0000,6.1344,27.605
3859,350.000,1.200,1.200,71.575,71.575,4.890,2.144,2.144,11.242,11.242,86.161,1.25,35.00,33.0000,8.6161,38.772
3860,500.000,5.000,5.000,99.206,99.206,5.040,6.250,6.250,15.979,15.979,126.435,1.25,35.00,33.0000,12.6435,56.896
3861,450.000,3.281,3.281,90.180,90.180,4.990,4.556,4.556,14.405,14.405,112.422,1.25,35.00,33.0000,11.2422,50.590
3862,300.000,0.648,0.648,61.983,61.983,4.840,1.350,1.350,9.653,9.653,73.634,1.25,35.00,33.0000,7.3634,33.135
3863,200.000,0.128,0.128,42.194,42.194,4.740,0.400,0.400,6.459,6.459,49.181,1.25,35.00,33.0000,4.9181,22.131
3864,250.000,0.313,0.313,52.192,52.192,4.790,0.781,0.781,8.058,8.058,61.344,1.25,35.00,33.0000,6.1344,27.605
3865,350.000,1.200,1.200,71.575,71.575,4.890,2.144,2.144,11.242,11.242,86.161,1.25,35.00,33.0000,8.6161,38.772
3866,500.000,5.000,5.000,99.206,99.206,5.040,6.250,6.250,15.979,15.979,126.435,1.25,35.00,33.0000,12.6435,56.896
3867,450.000,3.281,3.281,90.180,90.180,4.990,4.556,4.556,14.405,14.405,112.422,1.25,35.00,33.0000,11.2422,50.590
3868,300.000,0.648,0.648,61.983,61.983,4.840,1.350,1.350,9.653,9.653,73.634,1.25,35.00,33.0000,7.3634,33.135
3869,200.000,0.128,0.128,42.194,42.194,4.740,0.400,0.400,6.459,6.459,49.181,1.25,35.00,33.0000,4.9181,22.131
3870,250.000,0.313,0.313,52.192,52.192,4.790,0.781,0.781,8.058,8.058,61.344,1.25,35.00,33.0000,6.1344,27.605
3871,350.000,1.200,1.200,71.575,71.575,4.890,2.144,2.144,11.242,11.242,86.161,1.25,35.00,33.0000,8.6161,38.772
3872,500.000,5.000,5.000,99.206,99.206,5.040,6.250,6.250,15.979,15.979,126.435,1.25,35.00,33.0000,12.6435,56.896
3873,450.000,3.281,3.281,90.180,90.180,4.990,4.556,4.556,14.405,14.405,112.422,1.25,35.00,33.0000,11.2422,50.590
3874,300.000,0.648,0.648,61.983,61.983,4.840,1.350,1.350,9.653,9.653,73.634,1.25,35.00,33.0000,7.3634,33.135
3875,200.000,0.128,0.128,42.194,42.194,4.740,0.400,0.400,6.459,6.459,49.181,1.25,35.00,33.0000,4.9181,22.131
3876,250.000,0.313,0.313,52.192,52.192,4.790,0.781,0.781,8.058,8.058,61.344,1.25,35.00,33.0000,6.1344,27.605
3877,350.000,1.200,1.200,71.575,71.575,4.890,2.144,2.144,11.242,11.242,86.161,1.25,35.00,33.0000,8.6161,38.772
3878,500.000,5.000,5.000,99.206,99.206,5.040,6.250,6.250,15.979,15.979,126.435,1.25,35.00,33.0000,12.6435,56.896
3879,450.000,3.281,3.281,90.180,90.180,4.990,4.556,4.556,14.405,14.405,112.422,1.25,35.00,33.0000,11.2422,50.590
3880,300.000,0.648,0.648,61.983,61.983,4.840,1.350,1.350,9.653,9.653,73.634,1.25,35.00,33.0000,7.3634,33.135
3881,200.000,0.128,0.128,42.194,42.194,4.740,0.400,0.400,6.459,6.459,49.181,1.25,35.00,33.0000,4.9181,22.131
3882,250.000,0.313,0.313,52.192,52.192,4.790,0.781,0.781,8.058,8.058,61.344,1.25,35.00,33.0000,6.1344,27.605
3883,350.000,1.200,1.200,71.575,71.575,4.890,2.144,2.144,11.242,11.242,86.161,1.25,35.00,33.0000,8.6161,38.772
3884,500.000,5.000,5.000,99.206,99.206,5.040,6.250,6.250,15.979,15.979,126.435,1.25,35.00,33.0000,12.6435,56.896
3885,450.000,3.281,3.281,90.180,90.180,4.990,4.556,4.556,14.405,14.405,112.422,1.25,35.00,33.0000,11.2422,50.590
3886,300.000,0.648,0.648,61.983,61.983,4.840,1.350,1.350,9.653,9.653,73.634,1.25,35.00,33.0000,7.3634,33.135
3887,200.000,0.128,0.128,42.194,42.194,4.740,0.400,0.400,6.459,6.459,49.181,1.25,35.00,33.0000,4.9181,22.131
3888,250.000,0.313,0.313,52.192,52.192,4.790,0.781,0.781,8.058,8.058,61.344,1.25,35.00,33.0000,6.1344,27.605
3889,350.000,1.200,1.200,71.575,71.575,4.890,2.144,2.144,11.242,11.242,86.161,1.25,35.00,33.0000,8.6161,38.772
3890,500.000,5.000,5.000,99.206,99.206,5.040,6.250,6.250,15.979,15.979,126.435,1.25,35.00,33.0000,12.6435,56.896
3891,450.000,3.281,3.281,90.180,90.180,4.990,4.556,4.556,14.405,14.405,112.422,1.25,35.00,33.0000,11.2422,50.590
3892,300.000,0.648,0.648,61.983,61.983,4.840,1.350,1.350,9.653,9.653,73.634,1.25,35.00,33.0000,7.3634,33.135
3893,200.000,0.128,0.128,42.194,42.194,4.740,0.400,0.400,6.459,6.459,49.181,1.25,35.00,33.0000,4.9181,22.131
3894,250.000,0.313,0.313,52.192,52.192,4.790,0.781,0.781,8.058,8.058,61.344,1.25,35.00,33.0000,6.1344,27.605
3895,350.000,1.200,1.200,71.575,71.575,4.890,2.144,2.144,11.242,11.242,86.161,1.25,35.00,33.0000,8.6161,38.772
3896,500.000,5.000,5.000,99.206,99.206,5.040,6.250,6.250,15.979,15.979,126.435,1.25,35.00,33.0000,12.6435,56.896
3897,450.000,3.281,3.281,90.180,90.180,4.990,4.556,4.556,14.405,14.405,112.422,1.25,35.00,33.0000,11.2422,50.590
3898,300.000,0.648,0.648,61.983,61.983,4.840,1.350,1.350,9.653,9.653,73.634,1.25,35.00,33.0000,7.3634,33.135
3899,200.000,0.128,0.128,42.194,42.194,4.740,0.400,0.400,6.459,6.459,49.181,1.25,35.00,33.0000,4.9181,22.131
3900,250.000,0.313,0.313,52.192,52.192,4.790,0.781,0.781,8.058,8.058,61.344,1.25,35.00,33.0000,6.1344,27.605
3901,350.000,1.200,1.200,71.575,71.575,4.890,2.144,2.144,11.242,11.242,86.161,1.25,35.00,33.0000,8.6161,38.772
3902,500.000,5.000,5.000,99.206,99.206,5.040,6.250,6.250,15.979,15.979,126.435,1.25,35.00,33.0000,12.6435,56.896
3903,450.000,3.281,3.281,90.180,90.180,4.990,4.556,4.556,14.405,14.405,112.422,1.25,35.00,33.0000,11.2422,50.590
3904,300.000,0.648,0.648,61.983,61.983,4.840,1.350,1.350,9.653,9.653,73.634,1.25,35.00,33.0000,7.3634,33.135
3905,200.000,0.128,0.128,42.194,42.194,4.740,0.400,0.400,6.459,6.459,49.181,1.25,35.00,33.0000,4.9181,22.131
3906,250.000,0.313,0.313,52.192,52.192,4.790,0.781,0.781,8.058,8.058,61.344,1.25,35.00,33.0000,6.1344,27.605
3907,350.000,1.200,1.200,71.575,71.575,4.890,2.144,2.144,11.242,11.242,86.161,1.25,35.00,33.0000,8.6161,38.772
3908,500.000,5.000,5.000,99.206,99.206,5.040,6.250,6.250,15.979,15.979,126.435,1.25,35.00,33.0000,12.6435,56.896
3909,450.000,3.281,3.281,90.180,90.180,4.990,4.556,4.556,14.405,14.405,112.422,1.25,35.00,33.0000,11.2422,50.590
3910,300.000,0.648,0.648,61.983,61.983,4.840,1.350,1.350,9.653,9.653,73.634,1.25,35.00,33.0000,7.3634,33.135
3911,200.000,0.128,0.128,42.194,42.194,4.740,0.400,0.400,6.459,6.459,49.181,1.25,35.00,33.0000,4.9181,22.131
3912,250.000,0.313,0.313,52.192,52.192,4.790,0.781,0.781,8.058,8.058,61.344,1.25,35.00,33.0000,6.1344,27.605
3913,350.000,1.200,1.200,71.575,71.575,4.890,2.144,2.144,11.242,11.242,86.161,1.25,35.00,33.0000,8.6161,38.772
3914,500.000,5.000,5.000,99.206,99.206,5.040,6.250,6.250,15.979,15.979,126.435,1.25,35.00,33.0000,12.6435,56.896
3915,450.000,3.281,3.281,90.180,90.180,4.990,4.556,4.556,14.405,14.405,112.422,1.25,35.00,33.0000,11.2422,50.590
3916,300.000,0.648,0.648,61.983,61.983,4.840,1.350,1.350,9.653,9.653,73.634,1.25,35.00,33.0000,7.3634,33.135
3917,200.000,0.128,0.128,42.194,42.194,4.740,0.400,0.400,6.459,6.459,49.181,1.25,35.00,33.0000,4.9181,22.131
3918,250.000,0.313,0.313,52.192,52.192,4.790,0.781,0.781,8.058,8.058,61.344,1.25,35.00,33.0000,6.1344,27.605
3919,350.000,1.200,1.200,71.575,71.575,4.890,2.144,2.144,11.242,11.242,86.161,1.25,35.00,33.0000,8.6161,38.772
3920,500.000,5.000,5.000,99.206,99.206,5.040,6.250,6.250,15.979,15.979,126.435,1.25,35.00,33.0000,12.6435,56.896
3921,450.000,3.281,3.281,90.180,90.180,4.990,4.556,4.556,14.405,14.405,112.422,1.25,35.00,33.0000,11.2422,50.590
3922,300.000,0.648,0.648,61.983,61.983,4.840,1.350,1.350,9.653,9.653,73.634,1.25,35.00,33.0000,7.3634,33.135
3923,200.000,0.128,0.128,42.194,42.194,4.740,0.400,0.400,6.459,6.459,49.181,1.25,35.00,33.0000,4.9181,22.131
3924,250.000,0.313,0.313,52.192,52.192,4.790,0.781,0.781,8.058,8.058,61.344,1.25,35.00,33.0000,6.1344,27.605
3925,350.000,1.200,1.200,71.575,71.575,4.890,2.144,2.144,11.242,11.242,86.161,1.25,35.00,33.0000,8.6161,38.772
3926,500.000,5.000,5.000,99.206,99.206,5.040,6.250,6.250,15.979,15.979,126.435,1.25,35.00,33.0000,12.6435,56.896
3927,450.000,3.281,3.281,90.180,90.180,4.990,4.556,4.556,14.405,14.405,112.422,1.25,35.00,33.0000,11.2422,50.590
3928,300.000,0.648,0.648,61.983,61.983,4.840,1.350,1.350,9.653,9.653,73.634,1.25,35.00,33.0000,7.3634,33.135
3929,200.000,0.128,0.128,42.194,42.194,4.740,0.400,0.400,6.459,6.459,49.181,1.25,35.00,33.0000,4.9181,22.131
3930,250.000,0.313,0.313,52.192,52.192,4.790,0.781,0.781,8.058,8.058,61.344,1.25,35.00,33.0000,6.1344,27.605
3931,350.000,1.200,1.200,71.575,71.575,4.890,2.144,2.144,11.242,11.242,86.161,1.25,35.00,33.0000,8.6161,38.772
3932,500.000,5.000,5.000,99.206,99.206,5.040,6.250,6.250,15.979,15.979,126.435,1.25,35.00,33.0000,12.6435,56.896
3933,450.000,3.281,3.281,90.180,90.180,4.990,4.556,4.556,14.405,14.405,112.422,1.25,35.00,33.0000,11.2422,50.590
3934,300.000,0.648,0.648,61.983,61.983,4.840,1.350,1.350,9.653,9.653,73.634,1.25,35.00,33.0000,7.3634,33.135
3935,200.000,0.128,0.128,42.194,42.194,4.740,0.400,0.400,6.459,6.459,49.181,1.25,35.00,33.0000,4.9181,22.131
3936,250.000,0.313,0.313,52.192,52.192,4.790,0.781,0.781,8.058,8.058,61.344,1.25,35.00,33.0000,6.1344,27.605
3937,350.000,1.200,1.200,71.575,71.575,4.890,2.144,2.144,11.242,11.242,86.161,1.25,35.00,33.0000,8.6161,38.772
3938,500.000,5.000,5.000,99.206,99.206,5.040,6.250,6.250,15.979,15.979,126.435,1.25,35.00,33.0000,12.6435,56.896
3939,450.000,3.281,3.281,90.180,90.180,4.990,4.556,4.556,14.405,14.405,112.422,1.25,35.00,33.0000,11.2422,50.590
3940,300.000,0.648,0.648,61.983,61.983,4.840,1.350,1.350,9.653,9.653,73.634,1.25,35.00,33.0000,7.3634,33.135
3941,200.000,0.128,0.128,42.194,42.194,4.740,0.400,0.400,6.459,6.459,49.181,1.25,35.00,33.0000,4.9181,22.131
3942,250.000,0.313,0.313,52.192,52.192,4.790,0.781,0.781,8.058,8.058,61.344,1.25,35.00,33.0000,6.1344,27.605
3943,350.000,1.200,1.200,71.575,71.575,4.890,2.144,2.144,11.242,11.242,86.161,1.25,35.00,33.0000,8.6161,38.772
3944,500.000,5.000,5.000,99.206,99.206,5.040,6.250,6.250,15.979,15.979,126.435,1.25,35.00,33.0000,12.6435,56.896
3945,450.000,3.281,3.281,90.180,90.180,4.990,4.556,4.556,14.405,14.405,112.422,1.25,35.00,33.0000,11.2422,50.590
3946,300.000,0.648,0.648,61.983,61.983,4.840,1.350,1.350,9.653,9.653,73.634,1.25,35.00,33.0000,7.3634,33.135
3947,200.000,0.128,0.128,42.194,42.194,4.740,0.400,0.400,6.459,6.459,49.181,1.25,35.00,33.0000,4.9181,22.131
3948,250.000,0.313,0.313,52.192,52.192,4.790,0.781,0.781,8.058,8.058,61.344,1.25,35.00,33.0000,6.1344,27.605
3949,350.000,1.200,1.200,71.575,71.575,4.890,2.144,2.144,11.242,11.242,86.161,1.25,35.00,33.0000,8.6161,38.772
3950,500.000,5.000,5.000,99.206,99.206,5.040,6.250,6.250,15.979,15.979,126.435,1.25,35.00,33.0000,12.6435,56.896
3951,450.000,3.281,3.281,90.180,90.180,4.990,4.556,4.556,14.405,14.405,112.422,1.25,35.00,33.0000,11.2422,50.590
3952,300.000,0.648,0.648,61.983,61.983,4.840,1.350,1.350,9.653,9.653,73.634,1.25,35.00,33.0000,7.3634,33.135
3953,200.000,0.128,0.128,42.194,42.194,4.740,0.400,0.400,6.459,6.459,49.181,1.25,35.00,33.0000,4.9181,22.131
3954,250.000,0.313,0.313,52.192,52.192,4.790,0.781,0.781,8.058,8.058,61.344,1.25,35.00,33.0000,6.1344,27.605
3955,350.000,1.200,1.200,71.575,71.575,4.890,2.144,2.144,11.242,11.242,86.161,1.25,35.00,33.0000,8.6161,38.772
3956,500.000,5.000,5.000,99.206,99.206,5.040,6.250,6.250,15.979,15.979,126.435,1.25,35.00,33.0000,12.6435,56.896
3957,450.000,3.281,3.281,90.180,90.180,4.990,4.556,4.556,14.405,14.405,112.422,1.25,35.00,33.0000,11.2422,50.590
3958,300.000,0.648,0.648,61.983,61.983,4.840,1.350,1.350,9.653,9.653,73.634,1.25,35.00,33.0000,7.3634,33.135
3959,200.000,0.128,0.128,42.194,42.194,4.740,0.400,0.400,6.459,6.459,49.181,1.25,35.00,33.0000,4.9181,22.131
3960,250.000,0.313,0.313,52.192,52.192,4.790,0.781,0.781,8.058,8.058,61.344,1.25,35.00,33.0000,6.1344,27.605
3961,350.000,1.200,1.200,71.575,71.575,4.890,2.144,2.144,11.242,11.242,86.161,1.25,35.00,33.0000,8.6161,38.772
3962,500.000,5.000,5.000,99.206,99.206,5.040,6.250,6.250,15.979,15.979,126.435,1.25,35.00,33.0000,12.6435,56.896
3963,450.000,3.281,3.281,90.180,90.180,4.990,4.556,4.556,14.405,14.405,112.422,1.25,35.00,33.0000,11.2422,50.590
3964,300.000,0.648,0.648,61.983,61.983,4.840,1.350,1.350,9.653,9.653,73.634,1.25,35.00,33.0000,7.3634,33.135
3965,200.000,0.128,0.128,42.194,42.194,4.740,0.400,0.400,6.459,6.459,49.181,1.25,35.00,33.0000,4.9181,22.131
3966,250.000,0.313,0.313,52.192,52.192,4.790,0.781,0.781,8.058,8.058,61.344,1.25,35.00,33.0000,6.1344,27.605
3967,350.000,1.200,1.200,71.575,71.575,4.890,2.144,2.144,11.242,11.242,86.161,1.25,35.00,33.0000,8.6161,38.772
3968,500.000,5.000,5.000,99.206,99.206,5.040,6.250,6.250,15.979,15.979,126.435,1.25,35.00,33.0000,12.6435,56.896
3969,450.000,3.281,3.281,90.180,90.180,4.990,4.556,4.556,14.405,14.405,112.422,1.25,35.00,33.0000,11.2422,50.590
3970,300.000,0.648,0.648,61.983,61.983,4.840,1.350,1.350,9.653,9.653,73.634,1.25,35.00,33.0000,7.3634,33.135
3971,200.000,0.128,0.128,42.194,42.194,4.740,0.400,0.400,6.459,6.459,49.181,1.25,35.00,33.0000,4.9181,22.131
3972,250.000,0.313,0.313,52.192,52.192,4.790,0.781,0.781,8.058,8.058,61.344,1.25,35.00,33.0000,6.1344,27.605
3973,350.000,1.200,1.200,71.575,71.575,4.890,2.144,2.144,11.242,11.242,86.161,1.25,35.00,33.0000,8.6161,38.772
3974,500.000,5.000,5.000,99.206,99.206,5.040,6.250,6.250,15.979,15.979,126.435,1.25,35.00,33.0000,12.6435,56.896
3975,450.000,3.281,3.281,90.180,90.180,4.990,4.556,4.556,14.405,14.405,112.422,1.25,35.00,33.0000,11.2422,50.590
3976,300.000,0.648,0.648,61.983,61.983,4.840,1.350,1.350,9.653,9.653,73.634,1.25,35.00,33.0000,7.3634,33.135
3977,200.000,0.128,0.128,42.194,42.194,4.740,0.400,0.400,6.459,6.459,49.181,1.25,35.00,33.0000,4.9181,22.131
3978,250.000,0.313,0.313,52.192,52.192,4.790,0.781,0.781,8.058,8.058,61.344,1.25,35.00,33.0000,6.1344,27.605
3979,350.000,1.200,1.200,71.575,71.575,4.890,2.144,2.144,11.242,11.242,86.161,1.25,35.00,33.0000,8.6161,38.772
3980,500.000,5.000,5.000,99.206,99.206,5.040,6.250,6.250,15.979,15.979,126.435,1.25,35.00,33.0000,12.6435,56.896
3981,450.000,3.281,3.281,90.180,90.180,4.990,4.556,4.556,14.405,14.405,112.422,1.25,35.00,33.0000,11.2422,50.590
3982,300.000,0.648,0.648,61.983,61.983,4.840,1.350,1.350,9.653,9.653,73.634,1.25,35.00,33.0000,7.3634,33.135
3983,200.000,0.128,0.128,42.194,42.194,4.740,0.400,0.400,6.459,6.459,49.181,1.25,35.00,33.0000,4.9181,22.131
3984,250.000,0.313,0.313,52.192,52.192,4.790,0.781,0.781,8.058,8.058,61.344,1.25,35.00,33.0000,6.1344,27.605
3985,350.000,1.200,1.200,71.575,71.575,4.890,2.144,2.144,11.242,11.242,86.161,1.25,35.00,33.0000,8.6161,38.772
3986,500.000,5.000,5.000,99.206,99.206,5.040,6.250,6.250,15.979,15.979,126.435,1.25,35.00,33.0000,12.6435,56.896
3987,450.000,3.281,3.281,90.180,90.180,4.990,4.556,4.556,14.405,14.405,112.422,1.25,35.00,33.0000,11.2422,50.590
3988,300.000,0.648,0.648,61.983,61.983,4.840,1.350,1.350,9.653,9.653,73.634,1.25,35.00,33.0000,7.3634,33.135
3989,200.000,0.128,0.128,42.194,42.194,4.740,0.400,0.400,6.459,6.459,49.181,1.25,35.00,33.0000,4.9181,22.131
3990,250.000,0.313,0.313,52.192,52.192,4.790,0.781,0.781,8.058,8.058,61.344,1.25,35.00,33.0000,6.1344,27.605
3991,350.000,1.200,1.200,71.575,71.575,4.890,2.144,2.144,11.242,11.242,86.161,1.25,35.00,33.0000,8.6161,38.772
3992,500.000,5.000,5.000,99.206,99.206,5.040,6.250,6.250,15.979,15.979,126.435,1.25,35.00,33.0000,12.6435,56.896
3993,450.000,3.281,3.281,90.180,90.180,4.990,4.556,4.556,14.405,14.405,112.422,1.25,35.00,33.0000,11.2422,50.590
3994,300.000,0.648,0.648,61.983,61.983,4.840,1.350,1.350,9.653,9.653,73.634,1.25,35.00,33.0000,7.3634,33.135
3995,200.000,0.128,0.128,42.194,42.194,4.740,0.400,0.400,6.459,6.459,49.181,1.25,35.00,33.0000,4.9181,22.131
3996,250.000,0.313,0.313,52.192,52.192,4.790,0.781,0.781,8.058,8.058,61.344,1.25,35.00,33.0000,6.1344,27.605
3997,350.000,1.200,1.200,71.575,71.575,4.890,2.144,2.144,11.242,11.242,86.161,1.25,35.00,33.0000,8.6161,38.772
3998,500.000,5.000,5.000,99.206,99.206,5.040,6.250,6.250,15.979,15.979,126.435,1.25,35.00,33.0000,12.6435,56.896
3999,450.000,3.281,3.281,90.180,90.180,4.990,4.556,4.556,14.405,14.405,112.422,1.25,35.00,33.0000,11.2422,50.590
4000,300.000,0.648,0.648,61.983,61.983,4.840,1.350,1.350,9.653,9.653,73.634,1.25,35.00,33.0000,7.3634,33.135
4001,200.000,0.128,0.128,42.194,42.194,4.740,0.400,0.400,6.459,6.459,49.181,1.25,35.00,33.0000,4.9181,22.131
4002,250.000,0.313,0.313,52.192,52.192,4.790,0.781,0.781,8.058,8.058,61.344,1.25,35.00,33.0000,6.1344,27.605
4003,350.000,1.200,1.200,71.575,71.575,4.890,2.144,2.144,11.242,11.242,86.161,1.25,35.00,33.0000,8.6161,38.772
4004,500.000,5.000,5.000,99.206,99.206,5.040,6.250,6.250,15.979,15.979,126.435,1.25,35.00,33.0000,12.6435,56.896
4005,450.000,3.281,3.281,90.180,90.180,4.990,4.556,4.556,14.405,14.405,112.422,1.25,35.00,33.0000,11.2422,50.590
4006,300.000,0.648,0.648,61.983,61.983,4.840,1.350,1.350,9.653,9.653,73.634,1.25,35.00,33.0000,7.3634,33.135
4007,200.000,0.128,0.128,42.194,42.194,4.740,0.400,0.400,6.459,6.459,49.181,1.25,35.00,33.0000,4.9181,22.131
4008,250.000,0.313,0.313,52.192,52.192,4.790,0.781,0.781,8.058,8.058,61.344,1.25,35.00,33.0000,6.1344,27.605
4009,350.000,1.200,1.200,71.575,71.575,4.890,2.144,2.144,11.242,11.242,86.161,1.25,35.00,33.0000,8.6161,38.772
4010,500.000,5.000,5.000,99.206,99.206,5.040,6.250,6.250,15.979,15.979,126.435,1.25,35.00,33.0000,12.6435,56.896
4011,450.000,3.281,3.281,90.180,90.180,4.990,4.556,4.556,14.405,14.405,112.422,1.25,35.00,33.0000,11.2422,50.590
4012,300.000,0.648,0.648,61.983,61.983,4.840,1.350,1.350,9.653,9.653,73.634,1.25,35.00,33.0000,7.3634,33.135
4013,200.000,0.128,0.128,42.194,42.194,4.740,0.400,0.400,6.459,6.459,49.181,1.25,35.00,33.0000,4.9181,22.131
4014,250.000,0.313,0.313,52.192,52.192,4.790,0.781,0.781,8.058,8.058,61.344,1.25,35.00,33.0000,6.1344,27.605
4015,350.000,1.200,1.200,71.575,71.575,4.890,2.144,2.144,11.242,11.242,86.161,1.25,35.00,33.0000,8.6161,38.772
4016,500.000,5.000,5.000,99.206,99.206,5.040,6.250,6.250,15.979,15.979,126.435,1.25,35.00,33.0000,12.6435,56.896
4017,450.000,3.281,3.281,90.180,90.180,4.990,4.556,4.556,14.405,14.405,112.422,1.25,35.00,33.0000,11.2422,50.590
4018,300.000,0.648,0.648,61.983,61.983,4.840,1.350,1.350,9.653,9.653,73.634,1.25,35.00,33.0000,7.3634,33.135
4019,200.000,0.128,0.128,42.194,42.194,4.740,0.400,0.400,6.459,6.459,49.181,1.25,35.00,33.0000,4.9181,22.131
4020,250.000,0.313,0.313,52.192,52.192,4.790,0.781,0.781,8.058,8.058,61.344,1.25,35.00,33.0000,6.1344,27.605
4021,350.000,1.200,1.200,71.575,71.575,4.890,2.144,2.144,11.242,11.242,86.161,1.25,35.00,33.0000,8.6161,38.772
4022,500.000,5.000,5.000,99.206,99.206,5.040,6.250,6.250,15.979,15.979,126.435,1.25,35.00,33.0000,12.6435,56.896
4023,450.000,3.281,3.281,90.180,90.180,4.990,4.556,4.556,14.405,14.405,112.422,1.25,35.00,33.0000,11.2422,50.590
4024,300.000,0.648,0.648,61.983,61.983,4.840,1.350,1.350,9.653,9.653,73.634,1.25,35.00,33.0000,7.3634,33.135
4025,200.000,0.128,0.128,42.194,42.194,4.740,0.400,0.400,6.459,6.459,49.181,1.25,35.00,33.0000,4.9181,22.131
4026,250.000,0.313,0.313,52.192,52.192,4.790,0.781,0.781,8.058,8.058,61.344,1.25,35.00,33.0000,6.1344,27.605
4027,350.000,1.200,1.200,71.575,71.575,4.890,2.144,2.144,11.242,11.242,86.161,1.25,35.00,33.0000,8.6161,38.772
4028,500.000,5.000,5.000,99.206,99.206,5.040,6.250,6.250,15.979,15.979,126.435,1.25,35.00,33.0000,12.6435,56.896
4029,450.000,3.281,3.281,90.180,90.180,4.990,4.556,4.556,14.405,14.405,112.422,1.25,35.00,33.0000,11.2422,50.590
4030,300.000,0.648,0.648,61.983,61.983,4.840,1.350,1.350,9.653,9.653,73.634,1.25,35.00,33.0000,7.3634,33.135
4031,200.000,0.128,0.128,42.194,42.194,4.740,0.400,0.400,6.459,6.459,49.181,1.25,35.00,33.0000,4.9181,22.131
4032,250.000,0.313,0.313,52.192,52.192,4.790,0.781,0.781,8.058,8.058,61.344,1.25,35.00,33.0000,6.1344,27.605
4033,350.000,1.200,1.200,71.575,71.575,4.890,2.144,2.144,11.242,11.242,86.161,1.25,35.00,33.0000,8.6161,38.772
4034,500.000,5.000,5.000,99.206,99.206,5.040,6.250,6.250,15.979,15.979,126.435,1.25,35.00,33.0000,12.6435,56.896
4035,450.000,3.281,3.281,90.180,90.180,4.990,4.556,4.556,14.405,14.405,112.422,1.25,35.00,33.0000,11.2422,50.590
4036,300.000,0.648,0.648,61.983,61.983,4.840,1.350,1.350,9.653,9.653,73.634,1.25,35.00,33.0000,7.3634,33.135
4037,200.000,0.128,0.128,42.194,42.194,4.740,0.400,0.400,6.459,6.459,49.181,1.25,35.00,33.0000,4.9181,22.131
4038,250.000,0.313,0.313,52.192,52.192,4.790,0.781,0.781,8.058,8.058,61.344,1.25,35.00,33.0000,6.1344,27.605
4039,350.000,1.200,1.200,71.575,71.575,4.890,2.144,2.144,11.242,11.242,86.161,1.25,35.00,33.0000,8.6161,38.772
4040,500.000,5.000,5.000,99.206,99.206,5.040,6.250,6.250,15.979,15.979,126.435,1.25,35.00,33.0000,12.6435,56.896
4041,450.000,3.281,3.281,90.180,90.180,4.990,4.556,4.556,14.405,14.405,112.422,1.25,35.00,33.0000,11.2422,50.590
4042,300.000,0.648,0.648,61.983,61.983,4.840,1.350,1.350,9.653,9.653,73.634,1.25,35.00,33.0000,7.3634,33.135
4043,200.000,0.128,0.128,42.194,42.194,4.740,0.400,0.400,6.459,6.459,49.181,1.25,35.00,33.0000,4.9181,22.131
4044,250.000,0.313,0.313,52.192,52.192,4.790,0.781,0.781,8.058,8.058,61.344,1.25,35.00,33.0000,6.1344,27.605
4045,350.000,1.200,1.200,71.575,71.575,4.890,2.144,2.144,11.242,11.242,86.161,1.25,35.00,33.0000,8.6161,38.772
4046,500.000,5.000,5.000,99.206,99.206,5.040,6.250,6.250,15.979,15.979,126.435,1.25,35.00,33.0000,12.6435,56.896
4047,450.000,3.281,3.281,90.180,90.180,4.990,4.556,4.556,14.405,14.405,112.422,1.25,35.00,33.0000,11.2422,50.590
4048,300.000,0.648,0.648,61.983,61.983,4.840,1.350,1.350,9.653,9.653,73.634,1.25,35.00,33.0000,7.3634,33.135
4049,200.000,0.128,0.128,42.194,42.194,4.740,0.400,0.400,6.459,6.459,49.181,1.25,35.00,33.0000,4.9181,22.131
4050,250.000,0.313,0.313,52.192,52.192,4.790,0.781,0.781,8.058,8.058,61.344,1.25,35.00,33.0000,6.1344,27.605
4051,350.000,1.200,1.200,71.575,71.575,4.890,2.144,2.144,11.242,11.242,86.161,1.25,35.00,33.0000,8.6161,38.772
4052,500.000,5.000,5.000,99.206,99.206,5.040,6.250,6.250,15.979,15.979,126.435,1.25,35.00,33.0000,12.6435,56.896
4053,450.000,3.281,3.281,90.180,90.180,4.990,4.556,4.556,14.405,14.405,112.422,1.25,35.00,33.0000,11.2422,50.590
4054,300.000,0.648,0.648,61.983,61.983,4.840,1.350,1.350,9.653,9.653,73.634,1.25,35.00,33.0000,7.3634,33.135
4055,200.000,0.128,0.128,42.194,42.194,4.740,0.400,0.400,6.459,6.459,49.181,1.25,35.00,33.0000,4.9181,22.131
4056,250.000,0.313,0.313,52.192,52.192,4.790,0.781,0.781,8.058,8.058,61.344,1.25,35.00,33.0000,6.1344,27.605
4057,350.000,1.200,1.200,71.575,71.575,4.890,2.144,2.144,11.242,11.242,86.161,1.25,35.00,33.0000,8.6161,38.772
4058,500.000,5.000,5.000,99.206,99.206,5.040,6.250,6.250,15.979,15.979,126.435,1.25,35.00,33.0000,12.6435,56.896
4059,450.000,3.281,3.281,90.180,90.180,4.990,4.556,4.556,14.405,14.405,112.422,1.25,35.00,33.0000,11.2422,50.590
4060,300.000,0.648,0.648,61.983,61.983,4.840,1.350,1.350,9.653,9.653,73.634,1.25,35.00,33.0000,7.3634,33.135
4061,200.000,0.128,0.128,42.194,42.194,4.740,0.400,0.400,6.459,6.459,49.181,1.25,35.00,33.0000,4.9181,22.131
4062,250.000,0.313,0.313,52.192,52.192,4.790,0.781,0.781,8.058,8.058,61.344,1.25,35.00,33.0000,6.1344,27.605
4063,350.000,1.200,1.200,71.575,71.575,4.890,2.144,2.144,11.242,11.242,86.161,1.25,35.00,33.0000,8.6161,38.772
4064,500.000,5.000,5.000,99.206,99.206,5.040,6.250,6.250,15.979,15.979,126.435,1.25,35.00,33.0000,12.6435,56.896
4065,450.000,3.281,3.281,90.180,90.180,4.990,4.556,4.556,14.405,14.405,112.422,1.25,35.00,33.0000,11.2422,50.590
4066,300.000,0.648,0.648,61.983,61.983,4.840,1.350,1.350,9.653,9.653,73.634,1.25,35.00,33.0000,7.3634,33.135
4067,200.000,0.128,0.128,42.194,42.194,4.740,0.400,0.400,6.459,6.459,49.181,1.25,35.00,33.0000,4.9181,22.131
4068,250.000,0.313,0.313,52.192,52.192,4.790,0.781,0.781,8.058,8.058,61.344,1.25,35.00,33.0000,6.1344,27.605
4069,350.000,1.200,1.200,71.575,71.575,4.890,2.144,2.144,11.242,11.242,86.161,1.25,35.00,33.0000,8.6161,38.772
4070,500.000,5.000,5.000,99.206,99.206,5.040,6.250,6.250,15.979,15.979,126.435,1.25,35.00,33.0000,12.6435,56.896
4071,450.000,3.281,3.281,90.180,90.180,4.990,4.556,4.556,14.405,14.405,112.422,1.25,35.00,33.0000,11.2422,50.590
4072,300.000,0.648,0.648,61.983,61.983,4.840,1.350,1.350,9.653,9.653,73.634,1.25,35.00,33.0000,7.3634,33.135
4073,200.000,0.128,0.128,42.194,42.194,4.740,0.400,0.400,6.459,6.459,49.181,1.25,35.00,33.0000,4.9181,22.131
4074,250.000,0.313,0.313,52.192,52.192,4.790,0.781,0.781,8.058,8.058,61.344,1.25,35.00,33.0000,6.1344,27.605
4075,350.000,1.200,1.200,71.575,71.575,4.890,2.144,2.144,11.242,11.242,86.161,1.25,35.00,33.0000,8.6161,38.772
4076,500.000,5.000,5.000,99.206,99.206,5.040,6.250,6.250,15.979,15.979,126.435,1.25,35.00,33.0000,12.6435,56.896
4077,450.000,3.281,3.281,90.180,90.180,4.990,4.556,4.556,14.405,14.405,112.422,1.25,35.00,33.0000,11.2422,50.590
4078,300.000,0.648,0.648,61.983,61.983,4.840,1.350,1.350,9.653,9.653,73.634,1.25,35.00,33.0000,7.3634,33.135
4079,200.000,0.128,0.128,42.194,42.194,4.740,0.400,0.400,6.459,6.459,49.181,1.25,35.00,33.0000,4.9181,22.131
4080,250.000,0.313,0.313,52.192,52.192,4.790,0.781,0.781,8.058,8.058,61.344,1.25,35.00,33.0000,6.1344,27.605
4081,350.000,1.200,1.200,71.575,71.575,4.890,2.144,2.144,11.242,11.242,86.161,1.25,35.00,33.0000,8.6161,38.772
4082,500.000,5.000,5.000,99.206,99.206,5.040,6.250,6.250,15.979,15.979,126.435,1.25,35.00,33.0000,12.6435,56.896
4083,450.000,3.281,3.281,90.180,90.180,4.990,4.556,4.556,14.405,14.405,112.422,1.25,35.00,33.0000,11.2422,50.590
4084,300.000,0.648,0.648,61.983,61.983,4.840,1.350,1.350,9.653,9.653,73.634,1.25,35.00,33.0000,7.3634,33.135
4085,200.000,0.128,0.128,42.194,42.194,4.740,0.400,0.400,6.459,6.459,49.181,1.25,35.00,33.0000,4.9181,22.131
4086,250.000,0.313,0.313,52.192,52.192,4.790,0.781,0.781,8.058,8.058,61.344,1.25,35.00,33.0000,6.1344,27.605
4087,350.000,1.200,1.200,71.575,71.575,4.890,2.144,2.144,11.242,11.242,86.161,1.25,35.00,33.0000,8.6161,38.772
4088,500.000,5.000,5.000,99.206,99.206,5.040,6.250,6.250,15.979,15.979,126.435,1.25,35.00,33.0000,12.6435,56.896
4089,450.000,3.281,3.281,90.180,90.180,4.990,4.556,4.556,14.405,14.405,112.422,1.25,35.00,33.0000,11.2422,50.590
4090,300.000,0.648,0.648,61.983,61.983,4.840,1.350,1.350,9.653,9.653,73.634,1.25,35.00,33.0000,7.3634,33.135
4091,200.000,0.128,0.128,42.194,42.194,4.740,0.400,0.400,6.459,6.459,49.181,1.25,35.00,33.0000,4.9181,22.131
4092,250.000,0.313,0.313,52.192,52.192,4.790,0.781,0.781,8.058,8.058,61.344,1.25,35.00,33.0000,6.1344,27.605
4093,350.000,1.200,1.200,71.575,71.575,4.890,2.144,2.144,11.242,11.242,86.161,1.25,35.00,33.0000,8.6161,38.772
4094,500.000,5.000,5.000,99.206,99.206,5.040,6.250,6.250,15.979,15.979,126.435,1.25,35.00,33.0000,12.6435,56.896
4095,450.000,3.281,3.281,90.180,90.180,4.990,4.556,4.556,14.405,14.405,112.422,1.25,35.00,33.0000,11.2422,50.590
4096,300.000,0.648,0.648,61.983,61.983,4.840,1.350,1.350,9.653,9.653,73.634,1.25,35.00,33.0000,7.3634,33.135
4097,200.000,0.128,0.128,42.194,42.194,4.740,0.400,0.400,6.459,6.459,49.181,1.25,35.00,33.0000,4.9181,22.131
4098,250.000,0.313,0.313,52.192,52.192,4.790,0.781,0.781,8.058,8.058,61.344,1.25,35.00,33.0000,6.1344,27.605
4099,350.000,1.200,1.200,71.575,71.575,4.890,2.144,2.144,11.242,11.242,86.161,1.25,35.00,33.0000,8.6161,38.772
4100,500.000,5.000,5.000,99.206,99.206,5.040,6.250,6.250,15.979,15.979,126.435,1.25,35.00,33.0000,12.6435,56.896
4101,450.000,3.281,3.281,90.180,90.180,4.990,4.556,4.556,14.405,14.405,112.422,1.25,35.00,33.0000,11.2422,50.590
4102,300.000,0.648,0.648,61.983,61.983,4.840,1.350,1.350,9.653,9.653,73.634,1.25,35.00,33.0000,7.3634,33.135
4103,200.000,0.128,0.128,42.194,42.194,4.740,0.400,0.400,6.459,6.459,49.181,1.25,35.00,33.0000,4.9181,22.131
4104,250.000,0.313,0.313,52.192,52.192,4.790,0.781,0.781,8.058,8.058,61.344,1.25,35.00,33.0000,6.1344,27.605
4105,350.000,1.200,1.200,71.575,71.575,4.890,2.144,2.144,11.242,11.242,86.161,1.25,35.00,33.0000,8.6161,38.772
4106,500.000,5.000,5.000,99.206,99.206,5.040,6.250,6.250,15.979,15.979,126.435,1.25,35.00,33.0000,12.6435,56.896
4107,450.000,3.281,3.281,90.180,90.180,4.990,4.556,4.556,14.405,14.405,112.422,1.25,35.00,33.0000,11.2422,50.590
4108,300.000,0.648,0.648,61.983,61.983,4.840,1.350,1.350,9.653,9.653,73.634,1.25,35.00,33.0000,7.3634,33.135
4109,200.000,0.128,0.128,42.194,42.194,4.740,0.400,0.400,6.459,6.459,49.181,1.25,35.00,33.0000,4.9181,22.131
4110,250.000,0.313,0.313,52.192,52.192,4.790,0.781,0.781,8.058,8.058,61.344,1.25,35.00,33.0000,6.1344,27.605
4111,350.000,1.200,1.200,71.575,71.575,4.890,2.144,2.144,11.242,11.242,86.161,1.25,35.00,33.0000,8.6161,38.772
4112,500.000,5.000,5.000,99.206,99.206,5.040,6.250,6.250,15.979,15.979,126.435,1.25,35.00,33.0000,12.6435,56.896
4113,450.000,3.281,3.281,90.180,90.180,4.990,4.556,4.556,14.405,14.405,112.422,1.25,35.00,33.0000,11.2422,50.590
4114,300.000,0.648,0.648,61.983,61.983,4.840,1.350,1.350,9.653,9.653,73.634,1.25,35.00,33.0000,7.3634,33.135
4115,200.000,0.128,0.128,42.194,42.194,4.740,0.400,0.400,6.459,6.459,49.181,1.25,35.00,33.0000,4.9181,22.131
4116,250.000,0.313,0.313,52.192,52.192,4.790,0.781,0.781,8.058,8.058,61.344,1.25,35.00,33.0000,6.1344,27.605
4117,350.000,1.200,1.200,71.575,71.575,4.890,2.144,2.144,11.242,11.242,86.161,1.25,35.00,33.0000,8.6161,38.772
4118,500.000,5.000,5.000,99.206,99.206,5.040,6.250,6.250,15.979,15.979,126.435,1.25,35.00,33.0000,12.6435,56.896
4119,450.000,3.281,3.281,90.180,90.180,4.990,4.556,4.556,14.405,14.405,112.422,1.25,35.00,33.0000,11.2422,50.590
4120,300.000,0.648,0.648,61.983,61.983,4.840,1.350,1.350,9.653,9.653,73.634,1.25,35.00,33.0000,7.3634,33.135
4121,200.000,0.128,0.128,42.194,42.194,4.740,0.400,0.400,6.459,6.459,49.181,1.25,35.00,33.0000,4.9181,22.131
4122,250.000,0.313,0.313,52.192,52.192,4.790,0.781,0.781,8.058,8.058,61.344,1.25,35.00,33.0000,6.1344,27.605
4123,350.000,1.200,1.200,71.575,71.575,4.890,2.144,2.144,11.242,11.242,86.161,1.25,35.00,33.0000,8.6161,38.772
4124,500.000,5.000,5.000,99.206,99.206,5.040,6.250,6.250,15.979,15.979,126.435,1.25,35.00,33.0000,12.6435,56.896
4125,450.000,3.281,3.281,90.180,90.180,4.990,4.556,4.556,14.405,14.405,112.422,1.25,35.00,33.0000,11.2422,50.590
4126,300.000,0.648,0.648,61.983,61.983,4.840,1.350,1.350,9.653,9.653,73.634,1.25,35.00,33.0000,7.3634,33.135
4127,200.000,0.128,0.128,42.194,42.194,4.740,0.400,0.400,6.459,6.459,49.181,1.25,35.00,33.0000,4.9181,22.131
4128,250.000,0.313,0.313,52.192,52.192,4.790,0.781,0.781,8.058,8.058,61.344,1.25,35.00,33.0000,6.1344,27.605
4129,350.000,1.200,1.200,71.575,71.575,4.890,2.144,2.144,11.242,11.242,86.161,1.25,35.00,33.0000,8.6161,38.772
4130,500.000,5.000,5.000,99.206,99.206,5.040,6.250,6.250,15.979,15.979,126.435,1.25,35.00,33.0000,12.6435,56.896
4131,450.000,3.281,3.281,90.180,90.180,4.990,4.556,4.556,14.405,14.405,112.422,1.25,35.00,33.0000,11.2422,50.590
4132,300.000,0.648,0.648,61.983,61.983,4.840,1.350,1.350,9.653,9.653,73.634,1.25,35.00,33.0000,7.3634,33.135
4133,200.000,0.128,0.128,42.194,42.194,4.740,0.400,0.400,6.459,6.459,49.181,1.25,35.00,33.0000,4.9181,22.131
4134,250.000,0.313,0.313,52.192,52.192,4.790,0.781,0.781,8.058,8.058,61.344,1.25,35.00,33.0000,6.1344,27.605
4135,350.000,1.200,1.200,71.575,71.575,4.890,2.144,2.144,11.242,11.242,86.161,1.25,35.00,33.0000,8.6161,38.772
4136,500.000,5.000,5.000,99.206,99.206,5.040,6.250,6.250,15.979,15.979,126.435,1.25,35.00,33.0000,12.6435,56.896
4137,450.000,3.281,3.281,90.180,90.180,4.990,4.556,4.556,14.405,14.405,112.422,1.25,35.00,33.0000,11.2422,50.590
4138,300.000,0.648,0.648,61.983,61.983,4.840,1.350,1.350,9.653,9.653,73.634,1.25,35.00,33.0000,7.3634,33.135
4139,200.000,0.128,0.128,42.194,42.194,4.740,0.400,0.400,6.459,6.459,49.181,1.25,35.00,33.0000,4.9181,22.131
4140,250.000,0.313,0.313,52.192,52.192,4.790,0.781,0.781,8.058,8.058,61.344,1.25,35.00,33.0000,6.1344,27.605
4141,350.000,1.200,1.200,71.575,71.575,4.890,2.144,2.144,11.242,11.242,86.161,1.25,35.00,33.0000,8.6161,38.772
4142,500.000,5.000,5.000,99.206,99.206,5.040,6.250,6.250,15.979,15.979,126.435,1.25,35.00,33.0000,12.6435,56.896
4143,450.000,3.281,3.281,90.180,90.180,4.990,4.556,4.556,14.405,14.405,112.422,1.25,35.00,33.0000,11.2422,50.590
4144,300.000,0.648,0.648,61.983,61.983,4.840,1.350,1.350,9.653,9.653,73.634,1.25,35.00,33.0000,7.3634,33.135
4145,200.000,0.128,0.128,42.194,42.194,4.740,0.400,0.400,6.459,6.459,49.181,1.25,35.00,33.0000,4.9181,22.131
4146,250.000,0.313,0.313,52.192,52.192,4.790,0.781,0.781,8.058,8.058,61.344,1.25,35.00,33.0000,6.1344,27.605
4147,350.000,1.200,1.200,71.575,71.575,4.890,2.144,2.144,11.242,11.242,86.161,1.25,35.00,33.0000,8.6161,38.772
4148,500.000,5.000,5.000,99.206,99.206,5.040,6.250,6.250,15.979,15.979,126.435,1.25,35.00,33.0000,12.6435,56.896
4149,450.000,3.281,3.281,90.180,90.180,4.990,4.556,4.556,14.405,14.405,112.422,1.25,35.00,33.0000,11.2422,50.590
4150,300.000,0.648,0.648,61.983,61.983,4.840,1.350,1.350,9.653,9.653,73.634,1.25,35.00,33.0000,7.3634,33.135
4151,200.000,0.128,0.128,42.194,42.194,4.740,0.400,0.400,6.459,6.459,49.181,1.25,35.00,33.0000,4.9181,22.131
4152,250.000,0.313,0.313,52.192,52.192,4.790,0.781,0.781,8.058,8.058,61.344,1.25,35.00,33.0000,6.1344,27.605
4153,350.000,1.200,1.200,71.575,71.575,4.890,2.144,2.144,11.242,11.242,86.161,1.25,35.00,33.0000,8.6161,38.772
4154,500.000,5.000,5.000,99.206,99.206,5.040,6.250,6.250,15.979,15.979,126.435,1.25,35.00,33.0000,12.6435,56.896
4155,450.000,3.281,3.281,90.180,90.180,4.990,4.556,4.556,14.405,14.405,112.422,1.25,35.00,33.0000,11.2422,50.590
4156,300.000,0.648,0.648,61.983,61.983,4.840,1.350,1.350,9.653,9.653,73.634,1.25,35.00,33.0000,7.3634,33.135
4157,200.000,0.128,0.128,42.194,42.194,4.740,0.400,0.400,6.459,6.459,49.181,1.25,35.00,33.0000,4.9181,22.131
4158,250.000,0.313,0.313,52.192,52.192,4.790,0.781,0.781,8.058,8.058,61.344,1.25,35.00,33.0000,6.1344,27.605
4159,350.000,1.200,1.200,71.575,71.575,4.890,2.144,2.144,11.242,11.242,86.161,1.25,35.00,33.0000,8.6161,38.772
4160,500.000,5.000,5.000,99.206,99.206,5.040,6.250,6.250,15.979,15.979,126.435,1.25,35.00,33.0000,12.6435,56.896
4161,450.000,3.281,3.281,90.180,90.180,4.990,4.556,4.556,14.405,14.405,112.422,1.25,35.00,33.0000,11.2422,50.590
4162,300.000,0.648,0.648,61.983,61.983,4.840,1.350,1.350,9.653,9.653,73.634,1.25,35.00,33.0000,7.3634,33.135
4163,200.000,0.128,0.128,42.194,42.194,4.740,0.400,0.400,6.459,6.459,49.181,1.25,35.00,33.0000,4.9181,22.131
4164,250.000,0.313,0.313,52.192,52.192,4.790,0.781,0.781,8.058,8.058,61.344,1.25,35.00,33.0000,6.1344,27.605
4165,350.000,1.200,1.200,71.575,71.575,4.890,2.144,2.144,11.242,11.242,86.161,1.25,35.00,33.0000,8.6161,38.772
4166,500.000,5.000,5.000,99.206,99.206,5.040,6.250,6.250,15.979,15.979,126.435,1.25,35.00,33.0000,12.6435,56.896
4167,450.000,3.281,3.281,90.180,90.180,4.990,4.556,4.556,14.405,14.405,112.422,1.25,35.00,33.0000,11.2422,50.590
4168,300.000,0.648,0.648,61.983,61.983,4.840,1.350,1.350,9.653,9.653,73.634,1.25,35.00,33.0000,7.3634,33.135
4169,200.000,0.128,0.128,42.194,42.194,4.740,0.400,0.400,6.459,6.459,49.181,1.25,35.00,33.0000,4.9181,22.131
4170,250.000,0.313,0.313,52.192,52.192,4.790,0.781,0.781,8.058,8.058,61.344,1.25,35.00,33.0000,6.1344,27.605
4171,350.000,1.200,1.200,71.575,71.575,4.890,2.144,2.144,11.242,11.242,86.161,1.25,35.00,33.0000,8.6161,38.772
4172,500.000,5.000,5.000,99.206,99.206,5.040,6.250,6.250,15.979,15.979,126.435,1.25,35.00,33.0000,12.6435,56.896
4173,450.000,3.281,3.281,90.180,90.180,4.990,4.556,4.556,14.405,14.405,112.422,1.25,35.00,33.0000,11.2422,50.590
4174,300.000,0.648,0.648,61.983,61.983,4.840,1.350,1.350,9.653,9.653,73.634,1.25,35.00,33.0000,7.3634,33.135
4175,200.000,0.128,0.128,42.194,42.194,4.740,0.400,0.400,6.459,6.459,49.181,1.25,35.00,33.0000,4.9181,22.131
4176,250.000,0.313,0.313,52.192,52.192,4.790,0.781,0.781,8.058,8.058,61.344,1.25,35.00,33.0000,6.1344,27.605
4177,350.000,1.200,1.200,71.575,71.575,4.890,2.144,2.144,11.242,11.242,86.161,1.25,35.00,33.0000,8.6161,38.772
4178,500.000,5.000,5.000,99.206,99.206,5.040,6.250,6.250,15.979,15.979,126.435,1.25,35.00,33.0000,12.6435,56.896
4179,450.000,3.281,3.281,90.180,90.180,4.990,4.556,4.556,14.405,14.405,112.422,1.25,35.00,33.0000,11.2422,50.590
4180,300.000,0.648,0.648,61.983,61.983,4.840,1.350,1.350,9.653,9.653,73.634,1.25,35.00,33.0000,7.3634,33.135
4181,200.000,0.128,0.128,42.194,42.194,4.740,0.400,0.400,6.459,6.459,49.181,1.25,35.00,33.0000,4.9181,22.131
4182,250.000,0.313,0.313,52.192,52.192,4.790,0.781,0.781,8.058,8.058,61.344,1.25,35.00,33.0000,6.1344,27.605
4183,350.000,1.200,1.200,71.575,71.575,4.890,2.144,2.144,11.242,11.242,86.161,1.25,35.00,33.0000,8.6161,38.772
4184,500.000,5.000,5.000,99.206,99.206,5.040,6.250,6.250,15.979,15.979,126.435,1.25,35.00,33.0000,12.6435,56.896
4185,450.000,3.281,3.281,90.180,90.180,4.990,4.556,4.556,14.405,14.405,112.422,1.25,35.00,33.0000,11.2422,50.590
4186,300.000,0.648,0.648,61.983,61.983,4.840,1.350,1.350,9.653,9.653,73.634,1.25,35.00,33.0000,7.3634,33.135
4187,200.000,0.128,0.128,42.194,42.194,4.740,0.400,0.400,6.459,6.459,49.181,1.25,35.00,33.0000,4.9181,22.131
4188,250.000,0.313,0.313,52.192,52.192,4.790,0.781,0.781,8.058,8.058,61.344,1.25,35.00,33.0000,6.1344,27.605
4189,350.000,1.200,1.200,71.575,71.575,4.890,2.144,2.144,11.242,11.242,86.161,1.25,35.00,33.0000,8.6161,38.772
4190,500.000,5.000,5.000,99.206,99.206,5.040,6.250,6.250,15.979,15.979,126.435,1.25,35.00,33.0000,12.6435,56.896
4191,450.000,3.281,3.281,90.180,90.180,4.990,4.556,4.556,14.405,14.405,112.422,1.25,35.00,33.0000,11.2422,50.590
4192,300.000,0.648,0.648,61.983,61.983,4.840,1.350,1.350,9.653,9.653,73.634,1.25,35.00,33.0000,7.3634,33.135
4193,200.000,0.128,0.128,42.194,42.194,4.740,0.400,0.400,6.459,6.459,49.181,1.25,35.00,33.0000,4.9181,22.131
4194,250.000,0.313,0.313,52.192,52.192,4.790,0.781,0.781,8.058,8.058,61.344,1.25,35.00,33.0000,6.1344,27.605
4195,350.000,1.200,1.200,71.575,71.575,4.890,2.144,2.144,11.242,11.242,86.161,1.25,35.00,33.0000,8.6161,38.772
4196,500.000,5.000,5.000,99.206,99.206,5.040,6.250,6.250,15.979,15.979,126.435,1.25,35.00,33.0000,12.6435,56.896
4197,450.000,3.281,3.281,90.180,90.180,4.990,4.556,4.556,14.405,14.405,112.422,1.25,35.00,33.0000,11.2422,50.590
4198,300.000,0.648,0.648,61.983,61.983,4.840,1.350,1.350,9.653,9.653,73.634,1.25,35.00,33.0000,7.3634,33.135
4199,200.000,0.128,0.128,42.194,42.194,4.740,0.400,0.400,6.459,6.459,49.181,1.25,35.00,33.0000,4.9181,22.131
4200,250.000,0.313,0.313,52.192,52.192,4.790,0.781,0.781,8.058,8.058,61.344,1.25,35.00,33.0000,6.1344,27.605
4201,350.000,1.200,1.200,71.575,71.575,4.890,2.144,2.144,11.242,11.242,86.161,1.25,35.00,33.0000,8.6161,38.772
4202,500.000,5.000,5.000,99.206,99.206,5.040,6.250,6.250,15.979,15.979,126.435,1.25,35.00,33.0000,12.6435,56.896
4203,450.000,3.281,3.281,90.180,90.180,4.990,4.556,4.556,14.405,14.405,112.422,1.25,35.00,33.0000,11.2422,50.590
4204,300.000,0.648,0.648,61.983,61.983,4.840,1.350,1.350,9.653,9.653,73.634,1.25,35.00,33.0000,7.3634,33.135
4205,200.000,0.128,0.128,42.194,42.194,4.740,0.400,0.400,6.459,6.459,49.181,1.25,35.00,33.0000,4.9181,22.131
4206,250.000,0.313,0.313,52.192,52.192,4.790,0.781,0.781,8.058,8.058,61.344,1.25,35.00,33.0000,6.1344,27.605
4207,350.000,1.200,1.200,71.575,71.575,4.890,2.144,2.144,11.242,11.242,86.161,1.25,35.00,33.0000,8.6161,38.772
4208,500.000,5.000,5.000,99.206,99.206,5.040,6.250,6.250,15.979,15.979,126.435,1.25,35.00,33.0000,12.6435,56.896
4209,450.000,3.281,3.281,90.180,90.180,4.990,4.556,4.556,14.405,14.405,112.422,1.25,35.00,33.0000,11.2422,50.590
4210,300.000,0.648,0.648,61.983,61.983,4.840,1.350,1.350,9.653,9.653,73.634,1.25,35.00,33.0000,7.3634,33.135
4211,200.000,0.128,0.128,42.194,42.194,4.740,0.400,0.400,6.459,6.459,49.181,1.25,35.00,33.0000,4.9181,22.131
4212,250.000,0.313,0.313,52.192,52.192,4.790,0.781,0.781,8.058,8.058,61.344,1.25,35.00,33.0000,6.1344,27.605
4213,350.000,1.200,1.200,71.575,71.575,4.890,2.144,2.144,11.242,11.242,86.161,1.25,35.00,33.0000,8.6161,38.772
4214,500.000,5.000,5.000,99.206,99.206,5.040,6.250,6.250,15.979,15.979,126.435,1.25,35.00,33.0000,12.6435,56.896
4215,450.000,3.281,3.281,90.180,90.180,4.990,4.556,4.556,14.405,14.405,112.422,1.25,35.00,33.0000,11.2422,50.590
4216,300.000,0.648,0.648,61.983,61.983,4.840,1.350,1.350,9.653,9.653,73.634,1.25,35.00,33.0000,7.3634,33.135
4217,200.000,0.128,0.128,42.194,42.194,4.740,0.400,0.400,6.459,6.459,49.181,1.25,35.00,33.0000,4.9181,22.131
4218,250.000,0.313,0.313,52.192,52.192,4.790,0.781,0.781,8.058,8.058,61.344,1.25,35.00,33.0000,6.1344,27.605
4219,350.000,1.200,1.200,71.575,71.575,4.890,2.144,2.144,11.242,11.242,86.161,1.25,35.00,33.0000,8.6161,38.772
4220,500.000,5.000,5.000,99.206,99.206,5.040,6.250,6.250,15.979,15.979,126.435,1.25,35.00,33.0000,12.6435,56.896
4221,450.000,3.281,3.281,90.180,90.180,4.990,4.556,4.556,14.405,14.405,112.422,1.25,35.00,33.0000,11.2422,50.590
4222,300.000,0.648,0.648,61.983,61.983,4.840,1.350,1.350,9.653,9.653,73.634,1.25,35.00,33.0000,7.3634,33.135
4223,200.000,0.128,0.128,42.194,42.194,4.740,0.400,0.400,6.459,6.459,49.181,1.25,35.00,33.0000,4.9181,22.131
4224,250.000,0.313,0.313,52.192,52.192,4.790,0.781,0.781,8.058,8.058,61.344,1.25,35.00,33.0000,6.1344,27.605
4225,350.000,1.200,1.200,71.575,71.575,4.890,2.144,2.144,11.242,11.242,86.161,1.25,35.00,33.0000,8.6161,38.772
4226,500.000,5.000,5.000,99.206,99.206,5.040,6.250,6.250,15.979,15.979,126.435,1.25,35.00,33.0000,12.6435,56.896
4227,450.000,3.281,3.281,90.180,90.180,4.990,4.556,4.556,14.405,14.405,112.422,1.25,35.00,33.0000,11.2422,50.590
4228,300.000,0.648,0.648,61.983,61.983,4.840,1.350,1.350,9.653,9.653,73.634,1.25,35.00,33.0000,7.3634,33.135
4229,200.000,0.128,0.128,42.194,42.194,4.740,0.400,0.400,6.459,6.459,49.181,1.25,35.00,33.0000,4.9181,22.131
4230,250.000,0.313,0.313,52.192,52.192,4.790,0.781,0.781,8.058,8.058,61.344,1.25,35.00,33.0000,6.1344,27.605
4231,350.000,1.200,1.200,71.575,71.575,4.890,2.144,2.144,11.242,11.242,86.161,1.25,35.00,33.0000,8.6161,38.772
4232,500.000,5.000,5.000,99.206,99.206,5.040,6.250,6.250,15.979,15.979,126.435,1.25,35.00,33.0000,12.6435,56.896
4233,450.000,3.281,3.281,90.180,90.180,4.990,4.556,4.556,14.405,14.405,112.422,1.25,35.00,33.0000,11.2422,50.590
4234,300.000,0.648,0.648,61.983,61.983,4.840,1.350,1.350,9.653,9.653,73.634,1.25,35.00,33.0000,7.3634,33.135
4235,200.000,0.128,0.128,42.194,42.194,4.740,0.400,0.400,6.459,6.459,49.181,1.25,35.00,33.0000,4.9181,22.131
4236,250.000,0.313,0.313,52.192,52.192,4.790,0.781,0.781,8.058,8.058,61.344,1.25,35.00,33.0000,6.1344,27.605
4237,350.000,1.200,1.200,71.575,71.575,4.890,2.144,2.144,11.242,11.242,86.161,1.25,35.00,33.0000,8.6161,38.772
4238,500.000,5.000,5.000,99.206,99.206,5.040,6.250,6.250,15.979,15.979,126.435,1.25,35.00,33.0000,12.6435,56.896
4239,450.000,3.281,3.281,90.180,90.180,4.990,4.556,4.556,14.405,14.405,112.422,1.25,35.00,33.0000,11.2422,50.590
4240,300.000,0.648,0.648,61.983,61.983,4.840,1.350,1.350,9.653,9.653,73.634,1.25,35.00,33.0000,7.3634,33.135
4241,200.000,0.128,0.128,42.194,42.194,4.740,0.400,0.400,6.459,6.459,49.181,1.25,35.00,33.0000,4.9181,22.131
4242,250.000,0.313,0.313,52.192,52.192,4.790,0.781,0.781,8.058,8.058,61.344,1.25,35.00,33.0000,6.1344,27.605
4243,350.000,1.200,1.200,71.575,71.575,4.890,2.144,2.144,11.242,11.242,86.161,1.25,35.00,33.0000,8.6161,38.772
4244,500.000,5.000,5.000,99.206,99.206,5.040,6.250,6.250,15.979,15.979,126.435,1.25,35.00,33.0000,12.6435,56.896
4245,450.000,3.281,3.281,90.180,90.180,4.990,4.556,4.556,14.405,14.405,112.422,1.25,35.00,33.0000,11.2422,50.590
4246,300.000,0.648,0.648,61.983,61.983,4.840,1.350,1.350,9.653,9.653,73.634,1.25,35.00,33.0000,7.3634,33.135
4247,200.000,0.128,0.128,42.194,42.194,4.740,0.400,0.400,6.459,6.459,49.181,1.25,35.00,33.0000,4.9181,22.131
4248,250.000,0.313,0.313,52.192,52.192,4.790,0.781,0.781,8.058,8.058,61.344,1.25,35.00,33.0000,6.1344,27.605
4249,350.000,1.200,1.200,71.575,71.575,4.890,2.144,2.144,11.242,11.242,86.161,1.25,35.00,33.0000,8.6161,38.772
4250,500.000,5.000,5.000,99.206,99.206,5.040,6.250,6.250,15.979,15.979,126.435,1.25,35.00,33.0000,12.6435,56.896
4251,450.000,3.281,3.281,90.180,90.180,4.990,4.556,4.556,14.405,14.405,112.422,1.25,35.00,33.0000,11.2422,50.590
4252,300.000,0.648,0.648,61.983,61.983,4.840,1.350,1.350,9.653,9.653,73.634,1.25,35.00,33.0000,7.3634,33.135
4253,200.000,0.128,0.128,42.194,42.194,4.740,0.400,0.400,6.459,6.459,49.181,1.25,35.00,33.0000,4.9181,22.131
4254,250.000,0.313,0.313,52.192,52.192,4.790,0.781,0.781,8.058,8.058,61.344,1.25,35.00,33.0000,6.1344,27.605
4255,350.000,1.200,1.200,71.575,71.575,4.890,2.144,2.144,11.242,11.242,86.161,1.25,35.00,33.0000,8.6161,38.772
4256,500.000,5.000,5.000,99.206,99.206,5.040,6.250,6.250,15.979,15.979,126.435,1.25,35.00,33.0000,12.6435,56.896
4257,450.000,3.281,3.281,90.180,90.180,4.990,4.556,4.556,14.405,14.405,112.422,1.25,35.00,33.0000,11.2422,50.590
4258,300.000,0.648,0.648,61.983,61.983,4.840,1.350,1.350,9.653,9.653,73.634,1.25,35.00,33.0000,7.3634,33.135
4259,200.000,0.128,0.128,42.194,42.194,4.740,0.400,0.400,6.459,6.459,49.181,1.25,35.00,33.0000,4.9181,22.131
4260,250.000,0.313,0.313,52.192,52.192,4.790,0.781,0.781,8.058,8.058,61.344,1.25,35.00,33.0000,6.1344,27.605
4261,350.000,1.200,1.200,71.575,71.575,4.890,2.144,2.144,11.242,11.242,86.161,1.25,35.00,33.0000,8.6161,38.772
4262,500.000,5.000,5.000,99.206,99.206,5.040,6.250,6.250,15.979,15.979,126.435,1.25,35.00,33.0000,12.6435,56.896
4263,450.000,3.281,3.281,90.180,90.180,4.990,4.556,4.556,14.405,14.405,112.422,1.25,35.00,33.0000,11.2422,50.590
4264,300.000,0.648,0.648,61.983,61.983,4.840,1.350,1.350,9.653,9.653,73.634,1.25,35.00,33.0000,7.3634,33.135
4265,200.000,0.128,0.128,42.194,42.194,4.740,0.400,0.400,6.459,6.459,49.181,1.25,35.00,33.0000,4.9181,22.131
4266,250.000,0.313,0.313,52.192,52.192,4.790,0.781,0.781,8.058,8.058,61.344,1.25,35.00,33.0000,6.1344,27.605
4267,350.000,1.200,1.200,71.575,71.575,4.890,2.144,2.144,11.242,11.242,86.161,1.25,35.00,33.0000,8.6161,38.772
4268,500.000,5.000,5.000,99.206,99.206,5.040,6.250,6.250,15.979,15.979,126.435,1.25,35.00,33.0000,12.6435,56.896
4269,450.000,3.281,3.281,90.180,90.180,4.990,4.556,4.556,14.405,14.405,112.422,1.25,35.00,33.0000,11.2422,50.590
4270,300.000,0.648,0.648,61.983,61.983,4.840,1.350,1.350,9.653,9.653,73.634,1.25,35.00,33.0000,7.3634,33.135
4271,200.000,0.128,0.128,42.194,42.194,4.740,0.400,0.400,6.459,6.459,49.181,1.25,35.00,33.0000,4.9181,22.131
4272,250.000,0.313,0.313,52.192,52.192,4.790,0.781,0.781,8.058,8.058,61.344,1.25,35.00,33.0000,6.1344,27.605
4273,350.000,1.200,1.200,71.575,71.575,4.890,2.144,2.144,11.242,11.242,86.161,1.25,35.00,33.0000,8.6161,38.772
4274,500.000,5.000,5.000,99.206,99.206,5.040,6.250,6.250,15.979,15.979,126.435,1.25,35.00,33.0000,12.6435,56.896
4275,450.000,3.281,3.281,90.180,90.180,4.990,4.556,4.556,14.405,14.405,112.422,1.25,35.00,33.0000,11.2422,50.590
4276,300.000,0.648,0.648,61.983,61.983,4.840,1.350,1.350,9.653,9.653,73.634,1.25,35.00,33.0000,7.3634,33.135
4277,200.000,0.128,0.128,42.194,42.194,4.740,0.400,0.400,6.459,6.459,49.181,1.25,35.00,33.0000,4.9181,22.131
4278,250.000,0.313,0.313,52.192,52.192,4.790,0.781,0.781,8.058,8.058,61.344,1.25,35.00,33.0000,6.1344,27.605
4279,350.000,1.200,1.200,71.575,71.575,4.890,2.144,2.144,11.242,11.242,86.161,1.25,35.00,33.0000,8.6161,38.772
4280,500.000,5.000,5.000,99.206,99.206,5.040,6.250,6.250,15.979,15.979,126.435,1.25,35.00,33.0000,12.6435,56.896
4281,450.000,3.281,3.281,90.180,90.180,4.990,4.556,4.556,14.405,14.405,112.422,1.25,35.00,33.0000,11.2422,50.590
4282,300.000,0.648,0.648,61.983,61.983,4.840,1.350,1.350,9.653,9.653,73.634,1.25,35.00,33.0000,7.3634,33.135
4283,200.000,0.128,0.128,42.194,42.194,4.740,0.400,0.400,6.459,6.459,49.181,1.25,35.00,33.0000,4.9181,22.131
4284,250.000,0.313,0.313,52.192,52.192,4.790,0.781,0.781,8.058,8.058,61.344,1.25,35.00,33.0000,6.1344,27.605
4285,350.000,1.200,1.200,71.575,71.575,4.890,2.144,2.144,11.242,11.242,86.161,1.25,35.00,33.0000,8.6161,38.772
4286,500.000,5.000,5.000,99.206,99.206,5.040,6.250,6.250,15.979,15.979,126.435,1.25,35.00,33.0000,12.6435,56.896
4287,450.000,3.281,3.281,90.180,90.180,4.990,4.556,4.556,14.405,14.405,112.422,1.25,35.00,33.0000,11.2422,50.590
4288,300.000,0.648,0.648,61.983,61.983,4.840,1.350,1.350,9.653,9.653,73.634,1.25,35.00,33.0000,7.3634,33.135
4289,200.000,0.128,0.128,42.194,42.194,4.740,0.400,0.400,6.459,6.459,49.181,1.25,35.00,33.0000,4.9181,22.131
4290,250.000,0.313,0.313,52.192,52.192,4.790,0.781,0.781,8.058,8.058,61.344,1.25,35.00,33.0000,6.1344,27.605
4291,350.000,1.200,1.200,71.575,71.575,4.890,2.144,2.144,11.242,11.242,86.161,1.25,35.00,33.0000,8.6161,38.772
4292,500.000,5.000,5.000,99.206,99.206,5.040,6.250,6.250,15.979,15.979,126.435,1.25,35.00,33.0000,12.6435,56.896
4293,450.000,3.281,3.281,90.180,90.180,4.990,4.556,4.556,14.405,14.405,112.422,1.25,35.00,33.0000,11.2422,50.590
4294,300.000,0.648,0.648,61.983,61.983,4.840,1.350,1.350,9.653,9.653,73.634,1.25,35.00,33.0000,7.3634,33.135
4295,200.000,0.128,0.128,42.194,42.194,4.740,0.400,0.400,6.459,6.459,49.181,1.25,35.00,33.0000,4.9181,22.131
4296,250.000,0.313,0.313,52.192,52.192,4.790,0.781,0.781,8.058,8.058,61.344,1.25,35.00,33.0000,6.1344,27.605
4297,350.000,1.200,1.200,71.575,71.575,4.890,2.144,2.144,11.242,11.242,86.161,1.25,35.00,33.0000,8.6161,38.772
4298,500.000,5.000,5.000,99.206,99.206,5.040,6.250,6.250,15.979,15.979,126.435,1.25,35.00,33.0000,12.6435,56.896
4299,450.000,3.281,3.281,90.180,90.180,4.990,4.556,4.556,14.405,14.405,112.422,1.25,35.00,33.0000,11.2422,50.590
4300,300.000,0.648,0.648,61.983,61.983,4.840,1.350,1.350,9.653,9.653,73.634,1.25,35.00,33.0000,7.3634,33.135
4301,200.000,0.128,0.128,42.194,42.194,4.740,0.400,0.400,6.459,6.459,49.181,1.25,35.00,33.0000,4.9181,22.131
4302,250.000,0.313,0.313,52.192,52.192,4.790,0.781,0.781,8.058,8.058,61.344,1.25,35.00,33.0000,6.1344,27.605
4303,350.000,1.200,1.200,71.575,71.575,4.890,2.144,2.144,11.242,11.242,86.161,1.25,35.00,33.0000,8.6161,38.772
4304,500.000,5.000,5.000,99.206,99.206,5.040,6.250,6.250,15.979,15.979,126.435,1.25,35.00,33.0000,12.6435,56.896
4305,450.000,3.281,3.281,90.180,90.180,4.990,4.556,4.556,14.405,14.405,112.422,1.25,35.00,33.0000,11.2422,50.590
4306,300.000,0.648,0.648,61.983,61.983,4.840,1.350,1.350,9.653,9.653,73.634,1.25,35.00,33.0000,7.3634,33.135
4307,200.000,0.128,0.128,42.194,42.194,4.740,0.400,0.400,6.459,6.459,49.181,1.25,35.00,33.0000,4.9181,22.131
4308,250.000,0.313,0.313,52.192,52.192,4.790,0.781,0.781,8.058,8.058,61.344,1.25,35.00,33.0000,6.1344,27.605
4309,350.000,1.200,1.200,71.575,71.575,4.890,2.144,2.144,11.242,11.242,86.161,1.25,35.00,33.0000,8.6161,38.772
4310,500.000,5.000,5.000,99.206,99.206,5.040,6.250,6.250,15.979,15.979,126.435,1.25,35.00,33.0000,12.6435,56.896
4311,450.000,3.281,3.281,90.180,90.180,4.990,4.556,4.556,14.405,14.405,112.422,1.25,35.00,33.0000,11.2422,50.590
4312,300.000,0.648,0.648,61.983,61.983,4.840,1.350,1.350,9.653,9.653,73.634,1.25,35.00,33.0000,7.3634,33.135
4313,200.000,0.128,0.128,42.194,42.194,4.740,0.400,0.400,6.459,6.459,49.181,1.25,35.00,33.0000,4.9181,22.131
4314,250.000,0.313,0.313,52.192,52.192,4.790,0.781,0.781,8.058,8.058,61.344,1.25,35.00,33.0000,6.1344,27.605
4315,350.000,1.200,1.200,71.575,71.575,4.890,2.144,2.144,11.242,11.242,86.161,1.25,35.00,33.0000,8.6161,38.772
4316,500.000,5.000,5.000,99.206,99.206,5.040,6.250,6.250,15.979,15.979,126.435,1.25,35.00,33.0000,12.6435,56.896
4317,450.000,3.281,3.281,90.180,90.180,4.990,4.556,4.556,14.405,14.405,112.422,1.25,35.00,33.0000,11.2422,50.590
4318,300.000,0.648,0.648,61.983,61.983,4.840,1.350,1.350,9.653,9.653,73.634,1.25,35.00,33.0000,7.3634,33.135
4319,200.000,0.128,0.128,42.194,42.194,4.740,0.400,0.400,6.459,6.459,49.181,1.25,35.00,33.0000,4.9181,22.131
4320,250.000,0.313,0.313,52.192,52.192,4.790,0.781,0.781,8.058,8.058,61.344,1.25,35.00,33.0000,6.1344,27.605
4321,350.000,1.200,1.200,71.575,71.575,4.890,2.144,2.144,11.242,11.242,86.161,1.25,35.00,33.0000,8.6161,38.772
4322,500.000,5.000,5.000,99.206,99.206,5.040,6.250,6.250,15.979,15.979,126.435,1.25,35.00,33.0000,12.6435,56.896
4323,450.000,3.281,3.281,90.180,90.180,4.990,4.556,4.556,14.405,14.405,112.422,1.25,35.00,33.0000,11.2422,50.590
4324,300.000,0.648,0.648,61.983,61.983,4.840,1.350,1.350,9.653,9.653,73.634,1.25,35.00,33.0000,7.3634,33.135
4325,200.000,0.128,0.128,42.194,42.194,4.740,0.400,0.400,6.459,6.459,49.181,1.25,35.00,33.0000,4.9181,22.131
4326,250.000,0.313,0.313,52.192,52.192,4.790,0.781,0.781,8.058,8.058,61.344,1.25,35.00,33.0000,6.1344,27.605
4327,350.000,1.200,1.200,71.575,71.575,4.890,2.144,2.144,11.242,11.242,86.161,1.25,35.00,33.0000,8.6161,38.772
4328,500.000,5.000,5.000,99.206,99.206,5.040,6.250,6.250,15.979,15.979,126.435,1.25,35.00,33.0000,12.6435,56.896
4329,450.000,3.281,3.281,90.180,90.180,4.990,4.556,4.556,14.405,14.405,112.422,1.25,35.00,33.0000,11.2422,50.590
4330,300.000,0.648,0.648,61.983,61.983,4.840,1.350,1.350,9.653,9.653,73.634,1.25,35.00,33.0000,7.3634,33.135
4331,200.000,0.128,0.128,42.194,42.194,4.740,0.400,0.400,6.459,6.459,49.181,1.25,35.00,33.0000,4.9181,22.131
4332,250.000,0.313,0.313,52.192,52.192,4.790,0.781,0.781,8.058,8.058,61.344,1.25,35.00,33.0000,6.1344,27.605
4333,350.000,1.200,1.200,71.575,71.575,4.890,2.144,2.144,11.242,11.242,86.161,1.25,35.00,33.0000,8.6161,38.772
4334,500.000,5.000,5.000,99.206,99.206,5.040,6.250,6.250,15.979,15.979,126.435,1.25,35.00,33.0000,12.6435,56.896
4335,450.000,3.281,3.281,90.180,90.180,4.990,4.556,4.556,14.405,14.405,112.422,1.25,35.00,33.0000,11.2422,50.590
4336,300.000,0.648,0.648,61.983,61.983,4.840,1.350,1.350,9.653,9.653,73.634,1.25,35.00,33.0000,7.3634,33.135
4337,200.000,0.128,0.128,42.194,42.194,4.740,0.400,0.400,6.459,6.459,49.181,1.25,35.00,33.0000,4.9181,22.131
4338,250.000,0.313,0.313,52.192,52.192,4.790,0.781,0.781,8.058,8.058,61.344,1.25,35.00,33.0000,6.1344,27.605
4339,350.000,1.200,1.200,71.575,71.575,4.890,2.144,2.144,11.242,11.242,86.161,1.25,35.00,33.0000,8.6161,38.772
4340,500.000,5.000,5.000,99.206,99.206,5.040,6.250,6.250,15.979,15.979,126.435,1.25,35.00,33.0000,12.6435,56.896
4341,450.000,3.281,3.281,90.180,90.180,4.990,4.556,4.556,14.405,14.405,112.422,1.25,35.00,33.0000,11.2422,50.590
4342,300.000,0.648,0.648,61.983,61.983,4.840,1.350,1.350,9.653,9.653,73.634,1.25,35.00,33.0000,7.3634,33.135
4343,200.000,0.128,0.128,42.194,42.194,4.740,0.400,0.400,6.459,6.459,49.181,1.25,35.00,33.0000,4.9181,22.131
4344,250.000,0.313,0.313,52.192,52.192,4.790,0.781,0.781,8.058,8.058,61.344,1.25,35.00,33.0000,6.1344,27.605
4345,350.000,1.200,1.200,71.575,71.575,4.890,2.144,2.144,11.242,11.242,86.161,1.25,35.00,33.0000,8.6161,38.772
4346,500.000,5.000,5.000,99.206,99.206,5.040,6.250,6.250,15.979,15.979,126.435,1.25,35.00,33.0000,12.6435,56.896
4347,450.000,3.281,3.281,90.180,90.180,4.990,4.556,4.556,14.405,14.405,112.422,1.25,35.00,33.0000,11.2422,50.590
4348,300.000,0.648,0.648,61.983,61.983,4.840,1.350,1.350,9.653,9.653,73.634,1.25,35.00,33.0000,7.3634,33.135
4349,200.000,0.128,0.128,42.194,42.194,4.740,0.400,0.400,6.459,6.459,49.181,1.25,35.00,33.0000,4.9181,22.131
4350,250.000,0.313,0.313,52.192,52.192,4.790,0.781,0.781,8.058,8.058,61.344,1.25,35.00,33.0000,6.1344,27.605
4351,350.000,1.200,1.200,71.575,71.575,4.890,2.144,2.144,11.242,11.242,86.161,1.25,35.00,33.0000,8.6161,38.772
4352,500.000,5.000,5.000,99.206,99.206,5.040,6.250,6.250,15.979,15.979,126.435,1.25,35.00,33.0000,12.6435,56.896
4353,450.000,3.281,3.281,90.180,90.180,4.990,4.556,4.556,14.405,14.405,112.422,1.25,35.00,33.0000,11.2422,50.590
4354,300.000,0.648,0.648,61.983,61.983,4.840,1.350,1.350,9.653,9.653,73.634,1.25,35.00,33.0000,7.3634,33.135
4355,200.000,0.128,0.128,42.194,42.194,4.740,0.400,0.400,6.459,6.459,49.181,1.25,35.00,33.0000,4.9181,22.131
4356,250.000,0.313,0.313,52.192,52.192,4.790,0.781,0.781,8.058,8.058,61.344,1.25,35.00,33.0000,6.1344,27.605
4357,350.000,1.200,1.200,71.575,71.575,4.890,2.144,2.144,11.242,11.242,86.161,1.25,35.00,33.0000,8.6161,38.772
4358,500.000,5.000,5.000,99.206,99.206,5.040,6.250,6.250,15.979,15.979,126.435,1.25,35.00,33.0000,12.6435,56.896
4359,450.000,3.281,3.281,90.180,90.180,4.990,4.556,4.556,14.405,14.405,112.422,1.25,35.00,33.0000,11.2422,50.590
4360,300.000,0.648,0.648,61.983,61.983,4.840,1.350,1.350,9.653,9.653,73.634,1.25,35.00,33.0000,7.3634,33.135
4361,200.000,0.128,0.128,42.194,42.194,4.740,0.400,0.400,6.459,6.459,49.181,1.25,35.00,33.0000,4.9181,22.131
4362,250.000,0.313,0.313,52.192,52.192,4.790,0.781,0.781,8.058,8.058,61.344,1.25,35.00,33.0000,6.1344,27.605
4363,350.000,1.200,1.200,71.575,71.575,4.890,2.144,2.144,11.242,11.242,86.161,1.25,35.00,33.0000,8.6161,38.772
4364,500.000,5.000,5.000,99.206,99.206,5.040,6.250,6.250,15.979,15.979,126.435,1.25,35.00,33.0000,12.6435,56.896
4365,450.000,3.281,3.281,90.180,90.180,4.990,4.556,4.556,14.405,14.405,112.422,1.25,35.00,33.0000,11.2422,50.590
4366,300.000,0.648,0.648,61.983,61.983,4.840,1.350,1.350,9.653,9.653,73.634,1.25,35.00,33.0000,7.3634,33.135
4367,200.000,0.128,0.128,42.194,42.194,4.740,0.400,0.400,6.459,6.459,49.181,1.25,35.00,33.0000,4.9181,22.131
4368,250.000,0.313,0.313,52.192,52.192,4.790,0.781,0.781,8.058,8.058,61.344,1.25,35.00,33.0000,6.1344,27.605
4369,350.000,1.200,1.200,71.575,71.575,4.890,2.144,2.144,11.242,11.242,86.161,1.25,35.00,33.0000,8.6161,38.772
4370,500.000,5.000,5.000,99.206,99.206,5.040,6.250,6.250,15.979,15.979,126.435,1.25,35.00,33.0000,12.6435,56.896
4371,450.000,3.281,3.281,90.180,90.180,4.990,4.556,4.556,14.405,14.405,112.422,1.25,35.00,33.0000,11.2422,50.590
4372,300.000,0.648,0.648,61.983,61.983,4.840,1.350,1.350,9.653,9.653,73.634,1.25,35.00,33.0000,7.3634,33.135
4373,200.000,0.128,0.128,42.194,42.194,4.740,0.400,0.400,6.459,6.459,49.181,1.25,35.00,33.0000,4.9181,22.131
4374,250.000,0.313,0.313,52.192,52.192,4.790,0.781,0.781,8.058,8.058,61.344,1.25,35.00,33.0000,6.1344,27.605
4375,350.000,1.200,1.200,71.575,71.575,4.890,2.144,2.144,11.242,11.242,86.161,1.25,35.00,33.0000,8.6161,38.772
4376,500.000,5.000,5.000,99.206,99.206,5.040,6.250,6.250,15.979,15.979,126.435,1.25,35.00,33.0000,12.6435,56.896
4377,450.000,3.281,3.281,90.180,90.180,4.990,4.556,4.556,14.405,14.405,112.422,1.25,35.00,33.0000,11.2422,50.590
4378,300.000,0.648,0.648,61.983,61.983,4.840,1.350,1.350,9.653,9.653,73.634,1.25,35.00,33.0000,7.3634,33.135
4379,200.000,0.128,0.128,42.194,42.194,4.740,0.400,0.400,6.459,6.459,49.181,1.25,35.00,33.0000,4.9181,22.131
4380,250.000,0.313,0.313,52.192,52.192,4.790,0.781,0.781,8.058,8.058,61.344,1.25,35.00,33.0000,6.1344,27.605
4381,350.000,1.200,1.200,71.575,71.575,4.890,2.144,2.144,11.242,11.242,86.161,1.25,35.00,33.0000,8.6161,38.772
4382,500.000,5.000,5.000,99.206,99.206,5.040,6.250,6.250,15.979,15.979,126.435,1.25,35.00,33.0000,12.6435,56.896
4383,450.000,3.281,3.281,90.180,90.180,4.990,4.556,4.556,14.405,14.405,112.422,1.25,35.00,33.0000,11.2422,50.590
4384,300.000,0.648,0.648,61.983,61.983,4.840,1.350,1.350,9.653,9.653,73.634,1.25,35.00,33.0000,7.3634,33.135
4385,200.000,0.128,0.128,42.194,42.194,4.740,0.400,0.400,6.459,6.459,49.181,1.25,35.00,33.0000,4.9181,22.131
4386,250.000,0.313,0.313,52.192,52.192,4.790,0.781,0.781,8.058,8.058,61.344,1.25,35.00,33.0000,6.1344,27.605
4387,350.000,1.200,1.200,71.575,71.575,4.890,2.144,2.144,11.242,11.242,86.161,1.25,35.00,33.0000,8.6161,38.772
4388,500.000,5.000,5.000,99.206,99.206,5.040,6.250,6.250,15.979,15.979,126.435,1.25,35.00,33.0000,12.6435,56.896
4389,450.000,3.281,3.281,90.180,90.180,4.990,4.556,4.556,14.405,14.405,112.422,1.25,35.00,33.0000,11.2422,50.590
4390,300.000,0.648,0.648,61.983,61.983,4.840,1.350,1.350,9.653,9.653,73.634,1.25,35.00,33.0000,7.3634,33.135
4391,200.000,0.128,0.128,42.194,42.194,4.740,0.400,0.400,6.459,6.459,49.181,1.25,35.00,33.0000,4.9181,22.131
4392,250.000,0.313,0.313,52.192,52.192,4.790,0.781,0.781,8.058,8.058,61.344,1.25,35.00,33.0000,6.1344,27.605
4393,350.000,1.200,1.200,71.575,71.575,4.890,2.144,2.144,11.242,11.242,86.161,1.25,35.00,33.0000,8.6161,38.772
4394,500.000,5.000,5.000,99.206,99.206,5.040,6.250,6.250,15.979,15.979,126.435,1.25,35.00,33.0000,12.6435,56.896
4395,450.000,3.281,3.281,90.180,90.180,4.990,4.556,4.556,14.405,14.405,112.422,1.25,35.00,33.0000,11.2422,50.590
4396,300.000,0.648,0.648,61.983,61.983,4.840,1.350,1.350,9.653,9.653,73.634,1.25,35.00,33.0000,7.3634,33.135
4397,200.000,0.128,0.128,42.194,42.194,4.740,0.400,0.400,6.459,6.459,49.181,1.25,35.00,33.0000,4.9181,22.131
4398,250.000,0.313,0.313,52.192,52.192,4.790,0.781,0.781,8.058,8.058,61.344,1.25,35.00,33.0000,6.1344,27.605
4399,350.000,1.200,1.200,71.575,71.575,4.890,2.144,2.144,11.242,11.242,86.161,1.25,35.00,33.0000,8.6161,38.772
4400,500.000,5.000,5.000,99.206,99.206,5.040,6.250,6.250,15.979,15.979,126.435,1.25,35.00,33.0000,12.6435,56.896
4401,450.000,3.281,3.281,90.180,90.180,4.990,4.556,4.556,14.405,14.405,112.422,1.25,35.00,33.0000,11.2422,50.590
4402,300.000,0.648,0.648,61.983,61.983,4.840,1.350,1.350,9.653,9.653,73.634,1.25,35.00,33.0000,7.3634,33.135
4403,200.000,0.128,0.128,42.194,42.194,4.740,0.400,0.400,6.459,6.459,49.181,1.25,35.00,33.0000,4.9181,22.131
4404,250.000,0.313,0.313,52.192,52.192,4.790,0.781,0.781,8.058,8.058,61.344,1.25,35.00,33.0000,6.1344,27.605
4405,350.000,1.200,1.200,71.575,71.575,4.890,2.144,2.144,11.242,11.242,86.161,1.25,35.00,33.0000,8.6161,38.772
4406,500.000,5.000,5.000,99.206,99.206,5.040,6.250,6.250,15.979,15.979,126.435,1.25,35.00,33.0000,12.6435,56.896
4407,450.000,3.281,3.281,90.180,90.180,4.990,4.556,4.556,14.405,14.405,112.422,1.25,35.00,33.0000,11.2422,50.590
4408,300.000,0.648,0.648,61.983,61.983,4.840,1.350,1.350,9.653,9.653,73.634,1.25,35.00,33.0000,7.3634,33.135
4409,200.000,0.128,0.128,42.194,42.194,4.740,0.400,0.400,6.459,6.459,49.181,1.25,35.00,33.0000,4.9181,22.131
4410,250.000,0.313,0.313,52.192,52.192,4.790,0.781,0.781,8.058,8.058,61.344,1.25,35.00,33.0000,6.1344,27.605
4411,350.000,1.200,1.200,71.575,71.575,4.890,2.144,2.144,11.242,11.242,86.161,1.25,35.00,33.0000,8.6161,38.772
4412,500.000,5.000,5.000,99.206,99.206,5.040,6.250,6.250,15.979,15.979,126.435,1.25,35.00,33.0000,12.6435,56.896
4413,450.000,3.281,3.281,90.180,90.180,4.990,4.556,4.556,14.405,14.405,112.422,1.25,35.00,33.0000,11.2422,50.590
4414,300.000,0.648,0.648,61.983,61.983,4.840,1.350,1.350,9.653,9.653,73.634,1.25,35.00,33.0000,7.3634,33.135
4415,200.000,0.128,0.128,42.194,42.194,4.740,0.400,0.400,6.459,6.459,49.181,1.25,35.00,33.0000,4.9181,22.131
4416,250.000,0.313,0.313,52.192,52.192,4.790,0.781,0.781,8.058,8.058,61.344,1.25,35.00,33.0000,6.1344,27.605
4417,350.000,1.200,1.200,71.575,71.575,4.890,2.144,2.144,11.242,11.242,86.161,1.25,35.00,33.0000,8.6161,38.772
4418,500.000,5.000,5.000,99.206,99.206,5.040,6.250,6.250,15.979,15.979,126.435,1.25,35.00,33.0000,12.6435,56.896
4419,450.000,3.281,3.281,90.180,90.180,4.990,4.556,4.556,14.405,14.405,112.422,1.25,35.00,33.0000,11.2422,50.590
4420,300.000,0.648,0.648,61.983,61.983,4.840,1.350,1.350,9.653,9.653,73.634,1.25,35.00,33.0000,7.3634,33.135
4421,200.000,0.128,0.128,42.194,42.194,4.740,0.400,0.400,6.459,6.459,49.181,1.25,35.00,33.0000,4.9181,22.131
4422,250.000,0.313,0.313,52.192,52.192,4.790,0.781,0.781,8.058,8.058,61.344,1.25,35.00,33.0000,6.1344,27.605
4423,350.000,1.200,1.200,71.575,71.575,4.890,2.144,2.144,11.242,11.242,86.161,1.25,35.00,33.0000,8.6161,38.772
4424,500.000,5.000,5.000,99.206,99.206,5.040,6.250,6.250,15.979,15.979,126.435,1.25,35.00,33.0000,12.6435,56.896
4425,450.000,3.281,3.281,90.180,90.180,4.990,4.556,4.556,14.405,14.405,112.422,1.25,35.00,33.0000,11.2422,50.590
4426,300.000,0.648,0.648,61.983,61.983,4.840,1.350,1.350,9.653,9.653,73.634,1.25,35.00,33.0000,7.3634,33.135
4427,200.000,0.128,0.128,42.194,42.194,4.740,0.400,0.400,6.459,6.459,49.181,1.25,35.00,33.0000,4.9181,22.131
4428,250.000,0.313,0.313,52.192,52.192,4.790,0.781,0.781,8.058,8.058,61.344,1.25,35.00,33.0000,6.1344,27.605
4429,350.000,1.200,1.200,71.575,71.575,4.890,2.144,2.144,11.242,11.242,86.161,1.25,35.00,33.0000,8.6161,38.772
4430,500.000,5.000,5.000,99.206,99.206,5.040,6.250,6.250,15.979,15.979,126.435,1.25,35.00,33.0000,12.6435,56.896
4431,450.000,3.281,3.281,90.180,90.180,4.990,4.556,4.556,14.405,14.405,112.422,1.25,35.00,33.0000,11.2422,50.590
4432,300.000,0.648,0.648,61.983,61.983,4.840,1.350,1.350,9.653,9.653,73.634,1.25,35.00,33.0000,7.3634,33.135
4433,200.000,0.128,0.128,42.194,42.194,4.740,0.400,0.400,6.459,6.459,49.181,1.25,35.00,33.0000,4.9181,22.131
4434,250.000,0.313,0.313,52.192,52.192,4.790,0.781,0.781,8.058,8.058,61.344,1.25,35.00,33.0000,6.1344,27.605
4435,350.000,1.200,1.200,71.575,71.575,4.890,2.144,2.144,11.242,11.242,86.161,1.25,35.00,33.0000,8.6161,38.772
4436,500.000,5.000,5.000,99.206,99.206,5.040,6.250,6.250,15.979,15.979,126.435,1.25,35.00,33.0000,12.6435,56.896
4437,450.000,3.281,3.281,90.180,90.180,4.990,4.556,4.556,14.405,14.405,112.422,1.25,35.00,33.0000,11.2422,50.590
4438,300.000,0.648,0.648,61.983,61.983,4.840,1.350,1.350,9.653,9.653,73.634,1.25,35.00,33.0000,7.3634,33.135
4439,200.000,0.128,0.128,42.194,42.194,4.740,0.400,0.400,6.459,6.459,49.181,1.25,35.00,33.0000,4.9181,22.131
4440,250.000,0.313,0.313,52.192,52.192,4.790,0.781,0.781,8.058,8.058,61.344,1.25,35.00,33.0000,6.1344,27.605
4441,350.000,1.200,1.200,71.575,71.575,4.890,2.144,2.144,11.242,11.242,86.161,1.25,35.00,33.0000,8.6161,38.772
4442,500.000,5.000,5.000,99.206,99.206,5.040,6.250,6.250,15.979,15.979,126.435,1.25,35.00,33.0000,12.6435,56.896
4443,450.000,3.281,3.281,90.180,90.180,4.990,4.556,4.556,14.405,14.405,112.422,1.25,35.00,33.0000,11.2422,50.590
4444,300.000,0.648,0.648,61.983,61.983,4.840,1.350,1.350,9.653,9.653,73.634,1.25,35.00,33.0000,7.3634,33.135
4445,200.000,0.128,0.128,42.194,42.194,4.740,0.400,0.400,6.459,6.459,49.181,1.25,35.00,33.0000,4.9181,22.131
4446,250.000,0.313,0.313,52.192,52.192,4.790,0.781,0.781,8.058,8.058,61.344,1.25,35.00,33.0000,6.1344,27.605
4447,350.000,1.200,1.200,71.575,71.575,4.890,2.144,2.144,11.242,11.242,86.161,1.25,35.00,33.0000,8.6161,38.772
4448,500.000,5.000,5.000,99.206,99.206,5.040,6.250,6.250,15.979,15.979,126.435,1.25,35.00,33.0000,12.6435,56.896
4449,450.000,3.281,3.281,90.180,90.180,4.990,4.556,4.556,14.405,14.405,112.422,1.25,35.00,33.0000,11.2422,50.590
4450,300.000,0.648,0.648,61.983,61.983,4.840,1.350,1.350,9.653,9.653,73.634,1.25,35.00,33.0000,7.3634,33.135
4451,200.000,0.128,0.128,42.194,42.194,4.740,0.400,0.400,6.459,6.459,49.181,1.25,35.00,33.0000,4.9181,22.131
4452,250.000,0.313,0.313,52.192,52.192,4.790,0.781,0.781,8.058,8.058,61.344,1.25,35.00,33.0000,6.1344,27.605
4453,350.000,1.200,1.200,71.575,71.575,4.890,2.144,2.144,11.242,11.242,86.161,1.25,35.00,33.0000,8.6161,38.772
4454,500.000,5.000,5.000,99.206,99.206,5.040,6.250,6.250,15.979,15.979,126.435,1.25,35.00,33.0000,12.6435,56.896
4455,450.000,3.281,3.281,90.180,90.180,4.990,4.556,4.556,14.405,14.405,112.422,1.25,35.00,33.0000,11.2422,50.590
4456,300.000,0.648,0.648,61.983,61.983,4.840,1.350,1.350,9.653,9.653,73.634,1.25,35.00,33.0000,7.3634,33.135
4457,200.000,0.128,0.128,42.194,42.194,4.740,0.400,0.400,6.459,6.459,49.181,1.25,35.00,33.0000,4.9181,22.131
4458,250.000,0.313,0.313,52.192,52.192,4.790,0.781,0.781,8.058,8.058,61.344,1.25,35.00,33.0000,6.1344,27.605
4459,350.000,1.200,1.200,71.575,71.575,4.890,2.144,2.144,11.242,11.242,86.161,1.25,35.00,33.0000,8.6161,38.772
4460,500.000,5.000,5.000,99.206,99.206,5.040,6.250,6.250,15.979,15.979,126.435,1.25,35.00,33.0000,12.6435,56.896
4461,450.000,3.281,3.281,90.180,90.180,4.990,4.556,4.556,14.405,14.405,112.422,1.25,35.00,33.0000,11.2422,50.590
4462,300.000,0.648,0.648,61.983,61.983,4.840,1.350,1.350,9.653,9.653,73.634,1.25,35.00,33.0000,7.3634,33.135
4463,200.000,0.128,0.128,42.194,42.194,4.740,0.400,0.400,6.459,6.459,49.181,1.25,35.00,33.0000,4.9181,22.131
4464,250.000,0.313,0.313,52.192,52.192,4.790,0.781,0.781,8.058,8.058,61.344,1.25,35.00,33.0000,6.1344,27.605
4465,350.000,1.200,1.200,71.575,71.575,4.890,2.144,2.144,11.242,11.242,86.161,1.25,35.00,33.0000,8.6161,38.772
4466,500.000,5.000,5.000,99.206,99.206,5.040,6.250,6.250,15.979,15.979,126.435,1.25,35.00,33.0000,12.6435,56.896
4467,450.000,3.281,3.281,90.180,90.180,4.990,4.556,4.556,14.405,14.405,112.422,1.25,35.00,33.0000,11.2422,50.590
4468,300.000,0.648,0.648,61.983,61.983,4.840,1.350,1.350,9.653,9.653,73.634,1.25,35.00,33.0000,7.3634,33.135
4469,200.000,0.128,0.128,42.194,42.194,4.740,0.400,0.400,6.459,6.459,49.181,1.25,35.00,33.0000,4.9181,22.131
4470,250.000,0.313,0.313,52.192,52.192,4.790,0.781,0.781,8.058,8.058,61.344,1.25,35.00,33.0000,6.1344,27.605
4471,350.000,1.200,1.200,71.575,71.575,4.890,2.144,2.144,11.242,11.242,86.161,1.25,35.00,33.0000,8.6161,38.772
4472,500.000,5.000,5.000,99.206,99.206,5.040,6.250,6.250,15.979,15.979,126.435,1.25,35.00,33.0000,12.6435,56.896
4473,450.000,3.281,3.281,90.180,90.180,4.990,4.556,4.556,14.405,14.405,112.422,1.25,35.00,33.0000,11.2422,50.590
4474,300.000,0.648,0.648,61.983,61.983,4.840,1.350,1.350,9.653,9.653,73.634,1.25,35.00,33.0000,7.3634,33.135
4475,200.000,0.128,0.128,42.194,42.194,4.740,0.400,0.400,6.459,6.459,49.181,1.25,35.00,33.0000,4.9181,22.131
4476,250.000,0.313,0.313,52.192,52.192,4.790,0.781,0.781,8.058,8.058,61.344,1.25,35.00,33.0000,6.1344,27.605
4477,350.000,1.200,1.200,71.575,71.575,4.890,2.144,2.144,11.242,11.242,86.161,1.25,35.00,33.0000,8.6161,38.772
4478,500.000,5.000,5.000,99.206,99.206,5.040,6.250,6.250,15.979,15.979,126.435,1.25,35.00,33.0000,12.6435,56.896
4479,450.000,3.281,3.281,90.180,90.180,4.990,4.556,4.556,14.405,14.405,112.422,1.25,35.00,33.0000,11.2422,50.590
4480,300.000,0.648,0.648,61.983,61.983,4.840,1.350,1.350,9.653,9.653,73.634,1.25,35.00,33.0000,7.3634,33.135
4481,200.000,0.128,0.128,42.194,42.194,4.740,0.400,0.400,6.459,6.459,49.181,1.25,35.00,33.0000,4.9181,22.131
4482,250.000,0.313,0.313,52.192,52.192,4.790,0.781,0.781,8.058,8.058,61.344,1.25,35.00,33.0000,6.1344,27.605
4483,350.000,1.200,1.200,71.575,71.575,4.890,2.144,2.144,11.242,11.242,86.161,1.25,35.00,33.0000,8.6161,38.772
4484,500.000,5.000,5.000,99.206,99.206,5.040,6.250,6.250,15.979,15.979,126.435,1.25,35.00,33.0000,12.6435,56.896
4485,450.000,3.281,3.281,90.180,90.180,4.990,4.556,4.556,14.405,14.405,112.422,1.25,35.00,33.0000,11.2422,50.590
4486,300.000,0.648,0.648,61.983,61.983,4.840,1.350,1.350,9.653,9.653,73.634,1.25,35.00,33.0000,7.3634,33.135
4487,200.000,0.128,0.128,42.194,42.194,4.740,0.400,0.400,6.459,6.459,49.181,1.25,35.00,33.0000,4.9181,22.131
4488,250.000,0.313,0.313,52.192,52.192,4.790,0.781,0.781,8.058,8.058,61.344,1.25,35.00,33.0000,6.1344,27.605
4489,350.000,1.200,1.200,71.575,71.575,4.890,2.144,2.144,11.242,11.242,86.161,1.25,35.00,33.0000,8.6161,38.772
4490,500.000,5.000,5.000,99.206,99.206,5.040,6.250,6.250,15.979,15.979,126.435,1.25,35.00,33.0000,12.6435,56.896
4491,450.000,3.281,3.281,90.180,90.180,4.990,4.556,4.556,14.405,14.405,112.422,1.25,35.00,33.0000,11.2422,50.590
4492,300.000,0.648,0.648,61.983,61.983,4.840,1.350,1.350,9.653,9.653,73.634,1.25,35.00,33.0000,7.3634,33.135
4493,200.000,0.128,0.128,42.194,42.194,4.740,0.400,0.400,6.459,6.459,49.181,1.25,35.00,33.0000,4.9181,22.131
4494,250.000,0.313,0.313,52.192,52.192,4.790,0.781,0.781,8.058,8.058,61.344,1.25,35.00,33.0000,6.1344,27.605
4495,350.000,1.200,1.200,71.575,71.575,4.890,2.144,2.144,11.242,11.242,86.161,1.25,35.00,33.0000,8.6161,38.772
4496,500.000,5.000,5.000,99.206,99.206,5.040,6.250,6.250,15.979,15.979,126.435,1.25,35.00,33.0000,12.6435,56.896
4497,450.000,3.281,3.281,90.180,90.180,4.990,4.556,4.556,14.405,14.405,112.422,1.25,35.00,33.0000,11.2422,50.590
4498,300.000,0.648,0.648,61.983,61.983,4.840,1.350,1.350,9.653,9.653,73.634,1.25,35.00,33.0000,7.3634,33.135
4499,200.000,0.128,0.128,42.194,42.194,4.740,0.400,0.400,6.459,6.459,49.181,1.25,35.00,33.0000,4.9181,22.131
4500,250.000,0.313,0.313,52.192,52.192,4.790,0.781,0.781,8.058,8.058,61.344,1.25,35.00,33.0000,6.1344,27.605
4501,350.000,1.200,1.200,71.575,71.575,4.890,2.144,2.144,11.242,11.242,86.161,1.25,35.00,33.0000,8.6161,38.772
4502,500.000,5.000,5.000,99.206,99.206,5.040,6.250,6.250,15.979,15.979,126.435,1.25,35.00,33.0000,12.6435,56.896
4503,450.000,3.281,3.281,90.180,90.180,4.990,4.556,4.556,14.405,14.405,112.422,1.25,35.00,33.0000,11.2422,50.590
4504,300.000,0.648,0.648,61.983,61.983,4.840,1.350,1.350,9.653,9.653,73.634,1.25,35.00,33.0000,7.3634,33.135
4505,200.000,0.128,0.128,42.194,42.194,4.740,0.400,0.400,6.459,6.459,49.181,1.25,35.00,33.0000,4.9181,22.131
4506,250.000,0.313,0.313,52.192,52.192,4.790,0.781,0.781,8.058,8.058,61.344,1.25,35.00,33.0000,6.1344,27.605
4507,350.000,1.200,1.200,71.575,71.575,4.890,2.144,2.144,11.242,11.242,86.161,1.25,35.00,33.0000,8.6161,38.772
4508,500.000,5.000,5.000,99.206,99.206,5.040,6.250,6.250,15.979,15.979,126.435,1.25,35.00,33.0000,12.6435,56.896
4509,450.000,3.281,3.281,90.180,90.180,4.990,4.556,4.556,14.405,14.405,112.422,1.25,35.00,33.0000,11.2422,50.590
4510,300.000,0.648,0.648,61.983,61.983,4.840,1.350,1.350,9.653,9.653,73.634,1.25,35.00,33.0000,7.3634,33.135
4511,200.000,0.128,0.128,42.194,42.194,4.740,0.400,0.400,6.459,6.459,49.181,1.25,35.00,33.0000,4.9181,22.131
4512,250.000,0.313,0.313,52.192,52.192,4.790,0.781,0.781,8.058,8.058,61.344,1.25,35.00,33.0000,6.1344,27.605
4513,350.000,1.200,1.200,71.575,71.575,4.890,2.144,2.144,11.242,11.242,86.161,1.25,35.00,33.0000,8.6161,38.772
4514,500.000,5.000,5.000,99.206,99.206,5.040,6.250,6.250,15.979,15.979,126.435,1.25,35.00,33.0000,12.6435,56.896
4515,450.000,3.281,3.281,90.180,90.180,4.990,4.556,4.556,14.405,14.405,112.422,1.25,35.00,33.0000,11.2422,50.590
4516,300.000,0.648,0.648,61.983,61.983,4.840,1.350,1.350,9.653,9.653,73.634,1.25,35.00,33.0000,7.3634,33.135
4517,200.000,0.128,0.128,42.194,42.194,4.740,0.400,0.400,6.459,6.459,49.181,1.25,35.00,33.0000,4.9181,22.131
4518,250.000,0.313,0.313,52.192,52.192,4.790,0.781,0.781,8.058,8.058,61.344,1.25,35.00,33.0000,6.1344,27.605
4519,350.000,1.200,1.200,71.575,71.575,4.890,2.144,2.144,11.242,11.242,86.161,1.25,35.00,33.0000,8.6161,38.772
4520,500.000,5.000,5.000,99.206,99.206,5.040,6.250,6.250,15.979,15.979,126.435,1.25,35.00,33.0000,12.6435,56.896
4521,450.000,3.281,3.281,90.180,90.180,4.990,4.556,4.556,14.405,14.405,112.422,1.25,35.00,33.0000,11.2422,50.590
4522,300.000,0.648,0.648,61.983,61.983,4.840,1.350,1.350,9.653,9.653,73.634,1.25,35.00,33.0000,7.3634,33.135
4523,200.000,0.128,0.128,42.194,42.194,4.740,0.400,0.400,6.459,6.459,49.181,1.25,35.00,33.0000,4.9181,22.131
4524,250.000,0.313,0.313,52.192,52.192,4.790,0.781,0.781,8.058,8.058,61.344,1.25,35.00,33.0000,6.1344,27.605
4525,350.000,1.200,1.200,71.575,71.575,4.890,2.144,2.144,11.242,11.242,86.161,1.25,35.00,33.0000,8.6161,38.772
4526,500.000,5.000,5.000,99.206,99.206,5.040,6.250,6.250,15.979,15.979,126.435,1.25,35.00,33.0000,12.6435,56.896
4527,450.000,3.281,3.281,90.180,90.180,4.990,4.556,4.556,14.405,14.405,112.422,1.25,35.00,33.0000,11.2422,50.590
4528,300.000,0.648,0.648,61.983,61.983,4.840,1.350,1.350,9.653,9.653,73.634,1.25,35.00,33.0000,7.3634,33.135
4529,200.000,0.128,0.128,42.194,42.194,4.740,0.400,0.400,6.459,6.459,49.181,1.25,35.00,33.0000,4.9181,22.131
4530,250.000,0.313,0.313,52.192,52.192,4.790,0.781,0.781,8.058,8.058,61.344,1.25,35.00,33.0000,6.1344,27.605
4531,350.000,1.200,1.200,71.575,71.575,4.890,2.144,2.144,11.242,11.242,86.161,1.25,35.00,33.0000,8.6161,38.772
4532,500.000,5.000,5.000,99.206,99.206,5.040,6.250,6.250,15.979,15.979,126.435,1.25,35.00,33.0000,12.6435,56.896
4533,450.000,3.281,3.281,90.180,90.180,4.990,4.556,4.556,14.405,14.405,112.422,1.25,35.00,33.0000,11.2422,50.590
4534,300.000,0.648,0.648,61.983,61.983,4.840,1.350,1.350,9.653,9.653,73.634,1.25,35.00,33.0000,7.3634,33.135
4535,200.000,0.128,0.128,42.194,42.194,4.740,0.400,0.400,6.459,6.459,49.181,1.25,35.00,33.0000,4.9181,22.131
4536,250.000,0.313,0.313,52.192,52.192,4.790,0.781,0.781,8.058,8.058,61.344,1.25,35.00,33.0000,6.1344,27.605
4537,350.000,1.200,1.200,71.575,71.575,4.890,2.144,2.144,11.242,11.242,86.161,1.25,35.00,33.0000,8.6161,38.772
4538,500.000,5.000,5.000,99.206,99.206,5.040,6.250,6.250,15.979,15.979,126.435,1.25,35.00,33.0000,12.6435,56.896
4539,450.000,3.281,3.281,90.180,90.180,4.990,4.556,4.556,14.405,14.405,112.422,1.25,35.00,33.0000,11.2422,50.590
4540,300.000,0.648,0.648,61.983,61.983,4.840,1.350,1.350,9.653,9.653,73.634,1.25,35.00,33.0000,7.3634,33.135
4541,200.000,0.128,0.128,42.194,42.194,4.740,0.400,0.400,6.459,6.459,49.181,1.25,35.00,33.0000,4.9181,22.131
4542,250.000,0.313,0.313,52.192,52.192,4.790,0.781,0.781,8.058,8.058,61.344,1.25,35.00,33.0000,6.1344,27.605
4543,350.000,1.200,1.200,71.575,71.575,4.890,2.144,2.144,11.242,11.242,86.161,1.25,35.00,33.0000,8.6161,38.772
4544,500.000,5.000,5.000,99.206,99.206,5.040,6.250,6.250,15.979,15.979,126.435,1.25,35.00,33.0000,12.6435,56.896
4545,450.000,3.281,3.281,90.180,90.180,4.990,4.556,4.556,14.405,14.405,112.422,1.25,35.00,33.0000,11.2422,50.590
4546,300.000,0.648,0.648,61.983,61.983,4.840,1.350,1.350,9.653,9.653,73.634,1.25,35.00,33.0000,7.3634,33.135
4547,200.000,0.128,0.128,42.194,42.194,4.740,0.400,0.400,6.459,6.459,49.181,1.25,35.00,33.0000,4.9181,22.131
4548,250.000,0.313,0.313,52.192,52.192,4.790,0.781,0.781,8.058,8.058,61.344,1.25,35.00,33.0000,6.1344,27.605
4549,350.000,1.200,1.200,71.575,71.575,4.890,2.144,2.144,11.242,11.242,86.161,1.25,35.00,33.0000,8.6161,38.772
4550,500.000,5.000,5.000,99.206,99.206,5.040,6.250,6.250,15.979,15.979,126.435,1.25,35.00,33.0000,12.6435,56.896
4551,450.000,3.281,3.281,90.180,90.180,4.990,4.556,4.556,14.405,14.405,112.422,1.25,35.00,33.0000,11.2422,50.590
4552,300.000,0.648,0.648,61.983,61.983,4.840,1.350,1.350,9.653,9.653,73.634,1.25,35.00,33.0000,7.3634,33.135
4553,200.000,0.128,0.128,42.194,42.194,4.740,0.400,0.400,6.459,6.459,49.181,1.25,35.00,33.0000,4.9181,22.131
4554,250.000,0.313,0.313,52.192,52.192,4.790,0.781,0.781,8.058,8.058,61.344,1.25,35.00,33.0000,6.1344,27.605
4555,350.000,1.200,1.200,71.575,71.575,4.890,2.144,2.144,11.242,11.242,86.161,1.25,35.00,33.0000,8.6161,38.772
4556,500.000,5.000,5.000,99.206,99.206,5.040,6.250,6.250,15.979,15.979,126.435,1.25,35.00,33.0000,12.6435,56.896
4557,450.000,3.281,3.281,90.180,90.180,4.990,4.556,4.556,14.405,14.405,112.422,1.25,35.00,33.0000,11.2422,50.590
4558,300.000,0.648,0.648,61.983,61.983,4.840,1.350,1.350,9.653,9.653,73.634,1.25,35.00,33.0000,7.3634,33.135
4559,200.000,0.128,0.128,42.194,42.194,4.740,0.400,0.400,6.459,6.459,49.181,1.25,35.00,33.0000,4.9181,22.131
4560,250.000,0.313,0.313,52.192,52.192,4.790,0.781,0.781,8.058,8.058,61.344,1.25,35.00,33.0000,6.1344,27.605
4561,350.000,1.200,1.200,71.575,71.575,4.890,2.144,2.144,11.242,11.242,86.161,1.25,35.00,33.0000,8.6161,38.772
4562,500.000,5.000,5.000,99.206,99.206,5.040,6.250,6.250,15.979,15.979,126.435,1.25,35.00,33.0000,12.6435,56.896
4563,450.000,3.281,3.281,90.180,90.180,4.990,4.556,4.556,14.405,14.405,112.422,1.25,35.00,33.0000,11.2422,50.590
4564,300.000,0.648,0.648,61.983,61.983,4.840,1.350,1.350,9.653,9.653,73.634,1.25,35.00,33.0000,7.3634,33.135
4565,200.000,0.128,0.128,42.194,42.194,4.740,0.400,0.400,6.459,6.459,49.181,1.25,35.00,33.0000,4.9181,22.131
4566,250.000,0.313,0.313,52.192,52.192,4.790,0.781,0.781,8.058,8.058,61.344,1.25,35.00,33.0000,6.1344,27.605
4567,350.000,1.200,1.200,71.575,71.575,4.890,2.144,2.144,11.242,11.242,86.161,1.25,35.00,33.0000,8.6161,38.772
4568,500.000,5.000,5.000,99.206,99.206,5.040,6.250,6.250,15.979,15.979,126.435,1.25,35.00,33.0000,12.6435,56.896
4569,450.000,3.281,3.281,90.180,90.180,4.990,4.556,4.556,14.405,14.405,112.422,1.25,35.00,33.0000,11.2422,50.590
4570,300.000,0.648,0.648,61.983,61.983,4.840,1.350,1.350,9.653,9.653,73.634,1.25,35.00,33.0000,7.3634,33.135
4571,200.000,0.128,0.128,42.194,42.194,4.740,0.400,0.400,6.459,6.459,49.181,1.25,35.00,33.0000,4.9181,22.131
4572,250.000,0.313,0.313,52.192,52.192,4.790,0.781,0.781,8.058,8.058,61.344,1.25,35.00,33.0000,6.1344,27.605
4573,350.000,1.200,1.200,71.575,71.575,4.890,2.144,2.144,11.242,11.242,86.161,1.25,35.00,33.0000,8.6161,38.772
4574,500.000,5.000,5.000,99.206,99.206,5.040,6.250,6.250,15.979,15.979,126.435,1.25,35.00,33.0000,12.6435,56.896
4575,450.000,3.281,3.281,90.180,90.180,4.990,4.556,4.556,14.405,14.405,112.422,1.25,35.00,33.0000,11.2422,50.590
4576,300.000,0.648,0.648,61.983,61.983,4.840,1.350,1.350,9.653,9.653,73.634,1.25,35.00,33.0000,7.3634,33.135
4577,200.000,0.128,0.128,42.194,42.194,4.740,0.400,0.400,6.459,6.459,49.181,1.25,35.00,33.0000,4.9181,22.131
4578,250.000,0.313,0.313,52.192,52.192,4.790,0.781,0.781,8.058,8.058,61.344,1.25,35.00,33.0000,6.1344,27.605
4579,350.000,1.200,1.200,71.575,71.575,4.890,2.144,2.144,11.242,11.242,86.161,1.25,35.00,33.0000,8.6161,38.772
4580,500.000,5.000,5.000,99.206,99.206,5.040,6.250,6.250,15.979,15.979,126.435,1.25,35.00,33.0000,12.6435,56.896
4581,450.000,3.281,3.281,90.180,90.180,4.990,4.556,4.556,14.405,14.405,112.422,1.25,35.00,33.0000,11.2422,50.590
4582,300.000,0.648,0.648,61.983,61.983,4.840,1.350,1.350,9.653,9.653,73.634,1.25,35.00,33.0000,7.3634,33.135
4583,200.000,0.128,0.128,42.194,42.194,4.740,0.400,0.400,6.459,6.459,49.181,1.25,35.00,33.0000,4.9181,22.131
4584,250.000,0.313,0.313,52.192,52.192,4.790,0.781,0.781,8.058,8.058,61.344,1.25,35.00,33.0000,6.1344,27.605
4585,350.000,1.200,1.200,71.575,71.575,4.890,2.144,2.144,11.242,11.242,86.161,1.25,35.00,33.0000,8.6161,38.772
4586,500.000,5.000,5.000,99.206,99.206,5.040,6.250,6.250,15.979,15.979,126.435,1.25,35.00,33.0000,12.6435,56.896
4587,450.000,3.281,3.281,90.180,90.180,4.990,4.556,4.556,14.405,14.405,112.422,1.25,35.00,33.0000,11.2422,50.590
4588,300.000,0.648,0.648,61.983,61.983,4.840,1.350,1.350,9.653,9.653,73.634,1.25,35.00,33.0000,7.3634,33.135
4589,200.000,0.128,0.128,42.194,42.194,4.740,0.400,0.400,6.459,6.459,49.181,1.25,35.00,33.0000,4.9181,22.131
4590,250.000,0.313,0.313,52.192,52.192,4.790,0.781,0.781,8.058,8.058,61.344,1.25,35.00,33.0000,6.1344,27.605
4591,350.000,1.200,1.200,71.575,71.575,4.890,2.144,2.144,11.242,11.242,86.161,1.25,35.00,33.0000,8.6161,38.772
4592,500.000,5.000,5.000,99.206,99.206,5.040,6.250,6.250,15.979,15.979,126.435,1.25,35.00,33.0000,12.6435,56.896
4593,450.000,3.281,3.281,90.180,90.180,4.990,4.556,4.556,14.405,14.405,112.422,1.25,35.00,33.0000,11.2422,50.590
4594,300.000,0.648,0.648,61.983,61.983,4.840,1.350,1.350,9.653,9.653,73.634,1.25,35.00,33.0000,7.3634,33.135
4595,200.000,0.128,0.128,42.194,42.194,4.740,0.400,0.400,6.459,6.459,49.181,1.25,35.00,33.0000,4.9181,22.131
4596,250.000,0.313,0.313,52.192,52.192,4.790,0.781,0.781,8.058,8.058,61.344,1.25,35.00,33.0000,6.1344,27.605
4597,350.000,1.200,1.200,71.575,71.575,4.890,2.144,2.144,11.242,11.242,86.161,1.25,35.00,33.0000,8.6161,38.772
4598,500.000,5.000,5.000,99.206,99.206,5.040,6.250,6.250,15.979,15.979,126.435,1.25,35.00,33.0000,12.6435,56.896
4599,450.000,3.281,3.281,90.180,90.180,4.990,4.556,4.556,14.405,14.405,112.422,1.25,35.00,33.0000,11.2422,50.590
4600,300.000,0.648,0.648,61.983,61.983,4.840,1.350,1.350,9.653,9.653,73.634,1.25,35.00,33.0000,7.3634,33.135
4601,200.000,0.128,0.128,42.194,42.194,4.740,0.400,0.400,6.459,6.459,49.181,1.25,35.00,33.0000,4.9181,22.131
4602,250.000,0.313,0.313,52.192,52.192,4.790,0.781,0.781,8.058,8.058,61.344,1.25,35.00,33.0000,6.1344,27.605
4603,350.000,1.200,1.200,71.575,71.575,4.890,2.144,2.144,11.242,11.242,86.161,1.25,35.00,33.0000,8.6161,38.772
4604,500.000,5.000,5.000,99.206,99.206,5.040,6.250,6.250,15.979,15.979,126.435,1.25,35.00,33.0000,12.6435,56.896
4605,450.000,3.281,3.281,90.180,90.180,4.990,4.556,4.556,14.405,14.405,112.422,1.25,35.00,33.0000,11.2422,50.590
4606,300.000,0.648,0.648,61.983,61.983,4.840,1.350,1.350,9.653,9.653,73.634,1.25,35.00,33.0000,7.3634,33.135
4607,200.000,0.128,0.128,42.194,42.194,4.740,0.400,0.400,6.459,6.459,49.181,1.25,35.00,33.0000,4.9181,22.131
4608,250.000,0.313,0.313,52.192,52.192,4.790,0.781,0.781,8.058,8.058,61.344,1.25,35.00,33.0000,6.1344,27.605
4609,350.000,1.200,1.200,71.575,71.575,4.890,2.144,2.144,11.242,11.242,86.161,1.25,35.00,33.0000,8.6161,38.772
4610,500.000,5.000,5.000,99.206,99.206,5.040,6.250,6.250,15.979,15.979,126.435,1.25,35.00,33.0000,12.6435,56.896
4611,450.000,3.281,3.281,90.180,90.180,4.990,4.556,4.556,14.405,14.405,112.422,1.25,35.00,33.0000,11.2422,50.590
4612,300.000,0.648,0.648,61.983,61.983,4.840,1.350,1.350,9.653,9.653,73.634,1.25,35.00,33.0000,7.3634,33.135
4613,200.000,0.128,0.128,42.194,42.194,4.740,0.400,0.400,6.459,6.459,49.181,1.25,35.00,33.0000,4.9181,22.131
4614,250.000,0.313,0.313,52.192,52.192,4.790,0.781,0.781,8.058,8.058,61.344,1.25,35.00,33.0000,6.1344,27.605
4615,350.000,1.200,1.200,71.575,71.575,4.890,2.144,2.144,11.242,11.242,86.161,1.25,35.00,33.0000,8.6161,38.772
4616,500.000,5.000,5.000,99.206,99.206,5.040,6.250,6.250,15.979,15.979,126.435,1.25,35.00,33.0000,12.6435,56.896
4617,450.000,3.281,3.281,90.180,90.180,4.990,4.556,4.556,14.405,14.405,112.422,1.25,35.00,33.0000,11.2422,50.590
4618,300.000,0.648,0.648,61.983,61.983,4.840,1.350,1.350,9.653,9.653,73.634,1.25,35.00,33.0000,7.3634,33.135
4619,200.000,0.128,0.128,42.194,42.194,4.740,0.400,0.400,6.459,6.459,49.181,1.25,35.00,33.0000,4.9181,22.131
4620,250.000,0.313,0.313,52.192,52.192,4.790,0.781,0.781,8.058,8.058,61.344,1.25,35.00,33.0000,6.1344,27.605
4621,350.000,1.200,1.200,71.575,71.575,4.890,2.144,2.144,11.242,11.242,86.161,1.25,35.00,33.0000,8.6161,38.772
4622,500.000,5.000,5.000,99.206,99.206,5.040,6.250,6.250,15.979,15.979,126.435,1.25,35.00,33.0000,12.6435,56.896
4623,450.000,3.281,3.281,90.180,90.180,4.990,4.556,4.556,14.405,14.405,112.422,1.25,35.00,33.0000,11.2422,50.590
4624,300.000,0.648,0.648,61.983,61.983,4.840,1.350,1.350,9.653,9.653,73.634,1.25,35.00,33.0000,7.3634,33.135
4625,200.000,0.128,0.128,42.194,42.194,4.740,0.400,0.400,6.459,6.459,49.181,1.25,35.00,33.0000,4.9181,22.131
4626,250.000,0.313,0.313,52.192,52.192,4.790,0.781,0.781,8.058,8.058,61.344,1.25,35.00,33.0000,6.1344,27.605
4627,350.000,1.200,1.200,71.575,71.575,4.890,2.144,2.144,11.242,11.242,86.161,1.25,35.00,33.0000,8.6161,38.772
4628,500.000,5.000,5.000,99.206,99.206,5.040,6.250,6.250,15.979,15.979,126.435,1.25,35.00,33.0000,12.6435,56.896
4629,450.000,3.281,3.281,90.180,90.180,4.990,4.556,4.556,14.405,14.405,112.422,1.25,35.00,33.0000,11.2422,50.590
4630,300.000,0.648,0.648,61.983,61.983,4.840,1.350,1.350,9.653,9.653,73.634,1.25,35.00,33.0000,7.3634,33.135
4631,200.000,0.128,0.128,42.194,42.194,4.740,0.400,0.400,6.459,6.459,49.181,1.25,35.00,33.0000,4.9181,22.131
4632,250.000,0.313,0.313,52.192,52.192,4.790,0.781,0.781,8.058,8.058,61.344,1.25,35.00,33.0000,6.1344,27.605
4633,350.000,1.200,1.200,71.575,71.575,4.890,2.144,2.144,11.242,11.242,86.161,1.25,35.00,33.0000,8.6161,38.772
4634,500.000,5.000,5.000,99.206,99.206,5.040,6.250,6.250,15.979,15.979,126.435,1.25,35.00,33.0000,12.6435,56.896
4635,450.000,3.281,3.281,90.180,90.180,4.990,4.556,4.556,14.405,14.405,112.422,1.25,35.00,33.0000,11.2422,50.590
4636,300.000,0.648,0.648,61.983,61.983,4.840,1.350,1.350,9.653,9.653,73.634,1.25,35.00,33.0000,7.3634,33.135
4637,200.000,0.128,0.128,42.194,42.194,4.740,0.400,0.400,6.459,6.459,49.181,1.25,35.00,33.0000,4.9181,22.131
4638,250.000,0.313,0.313,52.192,52.192,4.790,0.781,0.781,8.058,8.058,61.344,1.25,35.00,33.0000,6.1344,27.605
4639,350.000,1.200,1.200,71.575,71.575,4.890,2.144,2.144,11.242,11.242,86.161,1.25,35.00,33.0000,8.6161,38.772
4640,500.000,5.000,5.000,99.206,99.206,5.040,6.250,6.250,15.979,15.979,126.435,1.25,35.00,33.0000,12.6435,56.896
4641,450.000,3.281,3.281,90.180,90.180,4.990,4.556,4.556,14.405,14.405,112.422,1.25,35.00,33.0000,11.2422,50.590
4642,300.000,0.648,0.648,61.983,61.983,4.840,1.350,1.350,9.653,9.653,73.634,1.25,35.00,33.0000,7.3634,33.135
4643,200.000,0.128,0.128,42.194,42.194,4.740,0.400,0.400,6.459,6.459,49.181,1.25,35.00,33.0000,4.9181,22.131
4644,250.000,0.313,0.313,52.192,52.192,4.790,0.781,0.781,8.058,8.058,61.344,1.25,35.00,33.0000,6.1344,27.605
4645,350.000,1.200,1.200,71.575,71.575,4.890,2.144,2.144,11.242,11.242,86.161,1.25,35.00,33.0000,8.6161,38.772
4646,500.000,5.000,5.000,99.206,99.206,5.040,6.250,6.250,15.979,15.979,126.435,1.25,35.00,33.0000,12.6435,56.896
4647,450.000,3.281,3.281,90.180,90.180,4.990,4.556,4.556,14.405,14.405,112.422,1.25,35.00,33.0000,11.2422,50.590
4648,300.000,0.648,0.648,61.983,61.983,4.840,1.350,1.350,9.653,9.653,73.634,1.25,35.00,33.0000,7.3634,33.135
4649,200.000,0.128,0.128,42.194,42.194,4.740,0.400,0.400,6.459,6.459,49.181,1.25,35.00,33.0000,4.9181,22.131
4650,250.000,0.313,0.313,52.192,52.192,4.790,0.781,0.781,8.058,8.058,61.344,1.25,35.00,33.0000,6.1344,27.605
4651,350.000,1.200,1.200,71.575,71.575,4.890,2.144,2.144,11.242,11.242,86.161,1.25,35.00,33.0000,8.6161,38.772
4652,500.000,5.000,5.000,99.206,99.206,5.040,6.250,6.250,15.979,15.979,126.435,1.25,35.00,33.0000,12.6435,56.896
4653,450.000,3.281,3.281,90.180,90.180,4.990,4.556,4.556,14.405,14.405,112.422,1.25,35.00,33.0000,11.2422,50.590
4654,300.000,0.648,0.648,61.983,61.983,4.840,1.350,1.350,9.653,9.653,73.634,1.25,35.00,33.0000,7.3634,33.135
4655,200.000,0.128,0.128,42.194,42.194,4.740,0.400,0.400,6.459,6.459,49.181,1.25,35.00,33.0000,4.9181,22.131
4656,250.000,0.313,0.313,52.192,52.192,4.790,0.781,0.781,8.058,8.058,61.344,1.25,35.00,33.0000,6.1344,27.605
4657,350.000,1.200,1.200,71.575,71.575,4.890,2.144,2.144,11.242,11.242,86.161,1.25,35.00,33.0000,8.6161,38.772
4658,500.000,5.000,5.000,99.206,99.206,5.040,6.250,6.250,15.979,15.979,126.435,1.25,35.00,33.0000,12.6435,56.896
4659,450.000,3.281,3.281,90.180,90.180,4.990,4.556,4.556,14.405,14.405,112.422,1.25,35.00,33.0000,11.2422,50.590
4660,300.000,0.648,0.648,61.983,61.983,4.840,1.350,1.350,9.653,9.653,73.634,1.25,35.00,33.0000,7.3634,33.135
4661,200.000,0.128,0.128,42.194,42.194,4.740,0.400,0.400,6.459,6.459,49.181,1.25,35.00,33.0000,4.9181,22.131
4662,250.000,0.313,0.313,52.192,52.192,4.790,0.781,0.781,8.058,8.058,61.344,1.25,35.00,33.0000,6.1344,27.605
4663,350.000,1.200,1.200,71.575,71.575,4.890,2.144,2.144,11.242,11.242,86.161,1.25,35.00,33.0000,8.6161,38.772
4664,500.000,5.000,5.000,99.206,99.206,5.040,6.250,6.250,15.979,15.979,126.435,1.25,35.00,33.0000,12.6435,56.896
4665,450.000,3.281,3.281,90.180,90.180,4.990,4.556,4.556,14.405,14.405,112.422,1.25,35.00,33.0000,11.2422,50.590
4666,300.000,0.648,0.648,61.983,61.983,4.840,1.350,1.350,9.653,9.653,73.634,1.25,35.00,33.0000,7.3634,33.135
4667,200.000,0.128,0.128,42.194,42.194,4.740,0.400,0.400,6.459,6.459,49.181,1.25,35.00,33.0000,4.9181,22.131
4668,250.000,0.313,0.313,52.192,52.192,4.790,0.781,0.781,8.058,8.058,61.344,1.25,35.00,33.0000,6.1344,27.605
4669,350.000,1.200,1.200,71.575,71.575,4.890,2.144,2.144,11.242,11.242,86.161,1.25,35.00,33.0000,8.6161,38.772
4670,500.000,5.000,5.000,99.206,99.206,5.040,6.250,6.250,15.979,15.979,126.435,1.25,35.00,33.0000,12.6435,56.896
4671,450.000,3.281,3.281,90.180,90.180,4.990,4.556,4.556,14.405,14.405,112.422,1.25,35.00,33.0000,11.2422,50.590
4672,300.000,0.648,0.648,61.983,61.983,4.840,1.350,1.350,9.653,9.653,73.634,1.25,35.00,33.0000,7.3634,33.135
4673,200.000,0.128,0.128,42.194,42.194,4.740,0.400,0.400,6.459,6.459,49.181,1.25,35.00,33.0000,4.9181,22.131
4674,250.000,0.313,0.313,52.192,52.192,4.790,0.781,0.781,8.058,8.058,61.344,1.25,35.00,33.0000,6.1344,27.605
4675,350.000,1.200,1.200,71.575,71.575,4.890,2.144,2.144,11.242,11.242,86.161,1.25,35.00,33.0000,8.6161,38.772
4676,500.000,5.000,5.000,99.206,99.206,5.040,6.250,6.250,15.979,15.979,126.435,1.25,35.00,33.0000,12.6435,56.896
4677,450.000,3.281,3.281,90.180,90.180,4.990,4.556,4.556,14.405,14.405,112.422,1.25,35.00,33.0000,11.2422,50.590
4678,300.000,0.648,0.648,61.983,61.983,4.840,1.350,1.350,9.653,9.653,73.634,1.25,35.00,33.0000,7.3634,33.135
4679,200.000,0.128,0.128,42.194,42.194,4.740,0.400,0.400,6.459,6.459,49.181,1.25,35.00,33.0000,4.9181,22.131
4680,250.000,0.313,0.313,52.192,52.192,4.790,0.781,0.781,8.058,8.058,61.344,1.25,35.00,33.0000,6.1344,27.605
4681,350.000,1.200,1.200,71.575,71.575,4.890,2.144,2.144,11.242,11.242,86.161,1.25,35.00,33.0000,8.6161,38.772
4682,500.000,5.000,5.000,99.206,99.206,5.040,6.250,6.250,15.979,15.979,126.435,1.25,35.00,33.0000,12.6435,56.896
4683,450.000,3.281,3.281,90.180,90.180,4.990,4.556,4.556,14.405,14.405,112.422,1.25,35.00,33.0000,11.2422,50.590
4684,300.000,0.648,0.648,61.983,61.983,4.840,1.350,1.350,9.653,9.653,73.634,1.25,35.00,33.0000,7.3634,33.135
4685,200.000,0.128,0.128,42.194,42.194,4.740,0.400,0.400,6.459,6.459,49.181,1.25,35.00,33.0000,4.9181,22.131
4686,250.000,0.313,0.313,52.192,52.192,4.790,0.781,0.781,8.058,8.058,61.344,1.25,35.00,33.0000,6.1344,27.605
4687,350.000,1.200,1.200,71.575,71.575,4.890,2.144,2.144,11.242,11.242,86.161,1.25,35.00,33.0000,8.6161,38.772
4688,500.000,5.000,5.000,99.206,99.206,5.040,6.250,6.250,15.979,15.979,126.435,1.25,35.00,33.0000,12.6435,56.896
4689,450.000,3.281,3.281,90.180,90.180,4.990,4.556,4.556,14.405,14.405,112.422,1.25,35.00,33.0000,11.2422,50.590
4690,300.000,0.648,0.648,61.983,61.983,4.840,1.350,1.350,9.653,9.653,73.634,1.25,35.00,33.0000,7.3634,33.135
4691,200.000,0.128,0.128,42.194,42.194,4.740,0.400,0.400,6.459,6.459,49.181,1.25,35.00,33.0000,4.9181,22.131
4692,250.000,0.313,0.313,52.192,52.192,4.790,0.781,0.781,8.058,8.058,61.344,1.25,35.00,33.0000,6.1344,27.605
4693,350.000,1.200,1.200,71.575,71.575,4.890,2.144,2.144,11.242,11.242,86.161,1.25,35.00,33.0000,8.6161,38.772
4694,500.000,5.000,5.000,99.206,99.206,5.040,6.250,6.250,15.979,15.979,126.435,1.25,35.00,33.0000,12.6435,56.896
4695,450.000,3.281,3.281,90.180,90.180,4.990,4.556,4.556,14.405,14.405,112.422,1.25,35.00,33.0000,11.2422,50.590
4696,300.000,0.648,0.648,61.983,61.983,4.840,1.350,1.350,9.653,9.653,73.634,1.25,35.00,33.0000,7.3634,33.135
4697,200.000,0.128,0.128,42.194,42.194,4.740,0.400,0.400,6.459,6.459,49.181,1.25,35.00,33.0000,4.9181,22.131
4698,250.000,0.313,0.313,52.192,52.192,4.790,0.781,0.781,8.058,8.058,61.344,1.25,35.00,33.0000,6.1344,27.605
4699,350.000,1.200,1.200,71.575,71.575,4.890,2.144,2.144,11.242,11.242,86.161,1.25,35.00,33.0000,8.6161,38.772
4700,500.000,5.000,5.000,99.206,99.206,5.040,6.250,6.250,15.979,15.979,126.435,1.25,35.00,33.0000,12.6435,56.896
4701,450.000,3.281,3.281,90.180,90.180,4.990,4.556,4.556,14.405,14.405,112.422,1.25,35.00,33.0000,11.2422,50.590
4702,300.000,0.648,0.648,61.983,61.983,4.840,1.350,1.350,9.653,9.653,73.634,1.25,35.00,33.0000,7.3634,33.135
4703,200.000,0.128,0.128,42.194,42.194,4.740,0.400,0.400,6.459,6.459,49.181,1.25,35.00,33.0000,4.9181,22.131
4704,250.000,0.313,0.313,52.192,52.192,4.790,0.781,0.781,8.058,8.058,61.344,1.25,35.00,33.0000,6.1344,27.605
4705,350.000,1.200,1.200,71.575,71.575,4.890,2.144,2.144,11.242,11.242,86.161,1.25,35.00,33.0000,8.6161,38.772
4706,500.000,5.000,5.000,99.206,99.206,5.040,6.250,6.250,15.979,15.979,126.435,1.25,35.00,33.0000,12.6435,56.896
4707,450.000,3.281,3.281,90.180,90.180,4.990,4.556,4.556,14.405,14.405,112.422,1.25,35.00,33.0000,11.2422,50.590
4708,300.000,0.648,0.648,61.983,61.983,4.840,1.350,1.350,9.653,9.653,73.634,1.25,35.00,33.0000,7.3634,33.135
4709,200.000,0.128,0.128,42.194,42.194,4.740,0.400,0.400,6.459,6.459,49.181,1.25,35.00,33.0000,4.9181,22.131
4710,250.000,0.313,0.313,52.192,52.192,4.790,0.781,0.781,8.058,8.058,61.344,1.25,35.00,33.0000,6.1344,27.605
4711,350.000,1.200,1.200,71.575,71.575,4.890,2.144,2.144,11.242,11.242,86.161,1.25,35.00,33.0000,8.6161,38.772
4712,500.000,5.000,5.000,99.206,99.206,5.040,6.250,6.250,15.979,15.979,126.435,1.25,35.00,33.0000,12.6435,56.896
4713,450.000,3.281,3.281,90.180,90.180,4.990,4.556,4.556,14.405,14.405,112.422,1.25,35.00,33.0000,11.2422,50.590
4714,300.000,0.648,0.648,61.983,61.983,4.840,1.350,1.350,9.653,9.653,73.634,1.25,35.00,33.0000,7.3634,33.135
4715,200.000,0.128,0.128,42.194,42.194,4.740,0.400,0.400,6.459,6.459,49.181,1.25,35.00,33.0000,4.9181,22.131
4716,250.000,0.313,0.313,52.192,52.192,4.790,0.781,0.781,8.058,8.058,61.344,1.25,35.00,33.0000,6.1344,27.605
4717,350.000,1.200,1.200,71.575,71.575,4.890,2.144,2.144,11.242,11.242,86.161,1.25,35.00,33.0000,8.6161,38.772
4718,500.000,5.000,5.000,99.206,99.206,5.040,6.250,6.250,15.979,15.979,126.435,1.25,35.00,33.0000,12.6435,56.896
4719,450.000,3.281,3.281,90.180,90.180,4.990,4.556,4.556,14.405,14.405,112.422,1.25,35.00,33.0000,11.2422,50.590
4720,300.000,0.648,0.648,61.983,61.983,4.840,1.350,1.350,9.653,9.653,73.634,1.25,35.00,33.0000,7.3634,33.135
4721,200.000,0.128,0.128,42.194,42.194,4.740,0.400,0.400,6.459,6.459,49.181,1.25,35.00,33.0000,4.9181,22.131
4722,250.000,0.313,0.313,52.192,52.192,4.790,0.781,0.781,8.058,8.058,61.344,1.25,35.00,33.0000,6.1344,27.605
4723,350.000,1.200,1.200,71.575,71.575,4.890,2.144,2.144,11.242,11.242,86.161,1.25,35.00,33.0000,8.6161,38.772
4724,500.000,5.000,5.000,99.206,99.206,5.040,6.250,6.250,15.979,15.979,126.435,1.25,35.00,33.0000,12.6435,56.896
4725,450.000,3.281,3.281,90.180,90.180,4.990,4.556,4.556,14.405,14.405,112.422,1.25,35.00,33.0000,11.2422,50.590
4726,300.000,0.648,0.648,61.983,61.983,4.840,1.350,1.350,9.653,9.653,73.634,1.25,35.00,33.0000,7.3634,33.135
4727,200.000,0.128,0.128,42.194,42.194,4.740,0.400,0.400,6.459,6.459,49.181,1.25,35.00,33.0000,4.9181,22.131
4728,250.000,0.313,0.313,52.192,52.192,4.790,0.781,0.781,8.058,8.058,61.344,1.25,35.00,33.0000,6.1344,27.605
4729,350.000,1.200,1.200,71.575,71.575,4.890,2.144,2.144,11.242,11.242,86.161,1.25,35.00,33.0000,8.6161,38.772
4730,500.000,5.000,5.000,99.206,99.206,5.040,6.250,6.250,15.979,15.979,126.435,1.25,35.00,33.0000,12.6435,56.896
4731,450.000,3.281,3.281,90.180,90.180,4.990,4.556,4.556,14.405,14.405,112.422,1.25,35.00,33.0000,11.2422,50.590
4732,300.000,0.648,0.648,61.983,61.983,4.840,1.350,1.350,9.653,9.653,73.634,1.25,35.00,33.0000,7.3634,33.135
4733,200.000,0.128,0.128,42.194,42.194,4.740,0.400,0.400,6.459,6.459,49.181,1.25,35.00,33.0000,4.9181,22.131
4734,250.000,0.313,0.313,52.192,52.192,4.790,0.781,0.781,8.058,8.058,61.344,1.25,35.00,33.0000,6.1344,27.605
4735,350.000,1.200,1.200,71.575,71.575,4.890,2.144,2.144,11.242,11.242,86.161,1.25,35.00,33.0000,8.6161,38.772
4736,500.000,5.000,5.000,99.206,99.206,5.040,6.250,6.250,15.979,15.979,126.435,1.25,35.00,33.0000,12.6435,56.896
4737,450.000,3.281,3.281,90.180,90.180,4.990,4.556,4.556,14.405,14.405,112.422,1.25,35.00,33.0000,11.2422,50.590
4738,300.000,0.648,0.648,61.983,61.983,4.840,1.350,1.350,9.653,9.653,73.634,1.25,35.00,33.0000,7.3634,33.135
4739,200.000,0.128,0.128,42.194,42.194,4.740,0.400,0.400,6.459,6.459,49.181,1.25,35.00,33.0000,4.9181,22.131
4740,250.000,0.313,0.313,52.192,52.192,4.790,0.781,0.781,8.058,8.058,61.344,1.25,35.00,33.0000,6.1344,27.605
4741,350.000,1.200,1.200,71.575,71.575,4.890,2.144,2.144,11.242,11.242,86.161,1.25,35.00,33.0000,8.6161,38.772
4742,500.000,5.000,5.000,99.206,99.206,5.040,6.250,6.250,15.979,15.979,126.435,1.25,35.00,33.0000,12.6435,56.896
4743,450.000,3.281,3.281,90.180,90.180,4.990,4.556,4.556,14.405,14.405,112.422,1.25,35.00,33.0000,11.2422,50.590
4744,300.000,0.648,0.648,61.983,61.983,4.840,1.350,1.350,9.653,9.653,73.634,1.25,35.00,33.0000,7.3634,33.135
4745,200.000,0.128,0.128,42.194,42.194,4.740,0.400,0.400,6.459,6.459,49.181,1.25,35.00,33.0000,4.9181,22.131
4746,250.000,0.313,0.313,52.192,52.192,4.790,0.781,0.781,8.058,8.058,61.344,1.25,35.00,33.0000,6.1344,27.605
4747,350.000,1.200,1.200,71.575,71.575,4.890,2.144,2.144,11.242,11.242,86.161,1.25,35.00,33.0000,8.6161,38.772
4748,500.000,5.000,5.000,99.206,99.206,5.040,6.250,6.250,15.979,15.979,126.435,1.25,35.00,33.0000,12.6435,56.896
4749,450.000,3.281,3.281,90.180,90.180,4.990,4.556,4.556,14.405,14.405,112.422,1.25,35.00,33.0000,11.2422,50.590
4750,300.000,0.648,0.648,61.983,61.983,4.840,1.350,1.350,9.653,9.653,73.634,1.25,35.00,33.0000,7.3634,33.135
4751,200.000,0.128,0.128,42.194,42.194,4.740,0.400,0.400,6.459,6.459,49.181,1.25,35.00,33.0000,4.9181,22.131
4752,250.000,0.313,0.313,52.192,52.192,4.790,0.781,0.781,8.058,8.058,61.344,1.25,35.00,33.0000,6.1344,27.605
4753,350.000,1.200,1.200,71.575,71.575,4.890,2.144,2.144,11.242,11.242,86.161,1.25,35.00,33.0000,8.6161,38.772
4754,500.000,5.000,5.000,99.206,99.206,5.040,6.250,6.250,15.979,15.979,126.435,1.25,35.00,33.0000,12.6435,56.896
4755,450.000,3.281,3.281,90.180,90.180,4.990,4.556,4.556,14.405,14.405,112.422,1.25,35.00,33.0000,11.2422,50.590
4756,300.000,0.648,0.648,61.983,61.983,4.840,1.350,1.350,9.653,9.653,73.634,1.25,35.00,33.0000,7.3634,33.135
4757,200.000,0.128,0.128,42.194,42.194,4.740,0.400,0.400,6.459,6.459,49.181,1.25,35.00,33.0000,4.9181,22.131
4758,250.000,0.313,0.313,52.192,52.192,4.790,0.781,0.781,8.058,8.058,61.344,1.25,35.00,33.0000,6.1344,27.605
4759,350.000,1.200,1.200,71.575,71.575,4.890,2.144,2.144,11.242,11.242,86.161,1.25,35.00,33.0000,8.6161,38.772
4760,500.000,5.000,5.000,99.206,99.206,5.040,6.250,6.250,15.979,15.979,126.435,1.25,35.00,33.0000,12.6435,56.896
4761,450.000,3.281,3.281,90.180,90.180,4.990,4.556,4.556,14.405,14.405,112.422,1.25,35.00,33.0000,11.2422,50.590
4762,300.000,0.648,0.648,61.983,61.983,4.840,1.350,1.350,9.653,9.653,73.634,1.25,35.00,33.0000,7.3634,33.135
4763,200.000,0.128,0.128,42.194,42.194,4.740,0.400,0.400,6.459,6.459,49.181,1.25,35.00,33.0000,4.9181,22.131
4764,250.000,0.313,0.313,52.192,52.192,4.790,0.781,0.781,8.058,8.058,61.344,1.25,35.00,33.0000,6.1344,27.605
4765,350.000,1.200,1.200,71.575,71.575,4.890,2.144,2.144,11.242,11.242,86.161,1.25,35.00,33.0000,8.6161,38.772
4766,500.000,5.000,5.000,99.206,99.206,5.040,6.250,6.250,15.979,15.979,126.435,1.25,35.00,33.0000,12.6435,56.896
4767,450.000,3.281,3.281,90.180,90.180,4.990,4.556,4.556,14.405,14.405,112.422,1.25,35.00,33.0000,11.2422,50.590
4768,300.000,0.648,0.648,61.983,61.983,4.840,1.350,1.350,9.653,9.653,73.634,1.25,35.00,33.0000,7.3634,33.135
4769,200.000,0.128,0.128,42.194,42.194,4.740,0.400,0.400,6.459,6.459,49.181,1.25,35.00,33.0000,4.9181,22.131
4770,250.000,0.313,0.313,52.192,52.192,4.790,0.781,0.781,8.058,8.058,61.344,1.25,35.00,33.0000,6.1344,27.605
4771,350.000,1.200,1.200,71.575,71.575,4.890,2.144,2.144,11.242,11.242,86.161,1.25,35.00,33.0000,8.6161,38.772
4772,500.000,5.000,5.000,99.206,99.206,5.040,6.250,6.250,15.979,15.979,126.435,1.25,35.00,33.0000,12.6435,56.896
4773,450.000,3.281,3.281,90.180,90.180,4.990,4.556,4.556,14.405,14.405,112.422,1.25,35.00,33.0000,11.2422,50.590
4774,300.000,0.648,0.648,61.983,61.983,4.840,1.350,1.350,9.653,9.653,73.634,1.25,35.00,33.0000,7.3634,33.135
4775,200.000,0.128,0.128,42.194,42.194,4.740,0.400,0.400,6.459,6.459,49.181,1.25,35.00,33.0000,4.9181,22.131
4776,250.000,0.313,0.313,52.192,52.192,4.790,0.781,0.781,8.058,8.058,61.344,1.25,35.00,33.0000,6.1344,27.605
4777,350.000,1.200,1.200,71.575,71.575,4.890,2.144,2.144,11.242,11.242,86.161,1.25,35.00,33.0000,8.6161,38.772
4778,500.000,5.000,5.000,99.206,99.206,5.040,6.250,6.250,15.979,15.979,126.435,1.25,35.00,33.0000,12.6435,56.896
4779,450.000,3.281,3.281,90.180,90.180,4.990,4.556,4.556,14.405,14.405,112.422,1.25,35.00,33.0000,11.2422,50.590
4780,300.000,0.648,0.648,61.983,61.983,4.840,1.350,1.350,9.653,9.653,73.634,1.25,35.00,33.0000,7.3634,33.135
4781,200.000,0.128,0.128,42.194,42.194,4.740,0.400,0.400,6.459,6.459,49.181,1.25,35.00,33.0000,4.9181,22.131
4782,250.000,0.313,0.313,52.192,52.192,4.790,0.781,0.781,8.058,8.058,61.344,1.25,35.00,33.0000,6.1344,27.605
4783,350.000,1.200,1.200,71.575,71.575,4.890,2.144,2.144,11.242,11.242,86.161,1.25,35.00,33.0000,8.6161,38.772
4784,500.000,5.000,5.000,99.206,99.206,5.040,6.250,6.250,15.979,15.979,126.435,1.25,35.00,33.0000,12.6435,56.896
4785,450.000,3.281,3.281,90.180,90.180,4.990,4.556,4.556,14.405,14.405,112.422,1.25,35.00,33.0000,11.2422,50.590
4786,300.000,0.648,0.648,61.983,61.983,4.840,1.350,1.350,9.653,9.653,73.634,1.25,35.00,33.0000,7.3634,33.135
4787,200.000,0.128,0.128,42.194,42.194,4.740,0.400,0.400,6.459,6.459,49.181,1.25,35.00,33.0000,4.9181,22.131
4788,250.000,0.313,0.313,52.192,52.192,4.790,0.781,0.781,8.058,8.058,61.344,1.25,35.00,33.0000,6.1344,27.605
4789,350.000,1.200,1.200,71.575,71.575,4.890,2.144,2.144,11.242,11.242,86.161,1.25,35.00,33.0000,8.6161,38.772
4790,500.000,5.000,5.000,99.206,99.206,5.040,6.250,6.250,15.979,15.979,126.435,1.25,35.00,33.0000,12.6435,56.896
4791,450.000,3.281,3.281,90.180,90.180,4.990,4.556,4.556,14.405,14.405,112.422,1.25,35.00,33.0000,11.2422,50.590
4792,300.000,0.648,0.648,61.983,61.983,4.840,1.350,1.350,9.653,9.653,73.634,1.25,35.00,33.0000,7.3634,33.135
4793,200.000,0.128,0.128,42.194,42.194,4.740,0.400,0.400,6.459,6.459,49.181,1.25,35.00,33.0000,4.9181,22.131
4794,250.000,0.313,0.313,52.192,52.192,4.790,0.781,0.781,8.058,8.058,61.344,1.25,35.00,33.0000,6.1344,27.605
4795,350.000,1.200,1.200,71.575,71.575,4.890,2.144,2.144,11.242,11.242,86.161,1.25,35.00,33.0000,8.6161,38.772
4796,500.000,5.000,5.000,99.206,99.206,5.040,6.250,6.250,15.979,15.979,126.435,1.25,35.00,33.0000,12.6435,56.896
4797,450.000,3.281,3.281,90.180,90.180,4.990,4.556,4.556,14.405,14.405,112.422,1.25,35.00,33.0000,11.2422,50.590
4798,300.000,0.648,0.648,61.983,61.983,4.840,1.350,1.350,9.653,9.653,73.634,1.25,35.00,33.0000,7.3634,33.135
4799,200.000,0.128,0.128,42.194,42.194,4.740,0.400,0.400,6.459,6.459,49.181,1.25,35.00,33.0000,4.9181,22.131
4800,250.000,0.313,0.313,52.192,52.192,4.790,0.781,0.781,8.058,8.058,61.344,1.25,35.00,33.0000,6.1344,27.605
4801,350.000,1.200,1.200,71.575,71.575,4.890,2.144,2.144,11.242,11.242,86.161,1.25,35.00,33.0000,8.6161,38.772
4802,500.000,5.000,5.000,99.206,99.206,5.040,6.250,6.250,15.979,15.979,126.435,1.25,35.00,33.0000,12.6435,56.896
4803,450.000,3.281,3.281,90.180,90.180,4.990,4.556,4.556,14.405,14.405,112.422,1.25,35.00,33.0000,11.2422,50.590
4804,300.000,0.648,0.648,61.983,61.983,4.840,1.350,1.350,9.653,9.653,73.634,1.25,35.00,33.0000,7.3634,33.135
4805,200.000,0.128,0.128,42.194,42.194,4.740,0.400,0.400,6.459,6.459,49.181,1.25,35.00,33.0000,4.9181,22.131
4806,250.000,0.313,0.313,52.192,52.192,4.790,0.781,0.781,8.058,8.058,61.344,1.25,35.00,33.0000,6.1344,27.605
4807,350.000,1.200,1.200,71.575,71.575,4.890,2.144,2.144,11.242,11.242,86.161,1.25,35.00,33.0000,8.6161,38.772
4808,500.000,5.000,5.000,99.206,99.206,5.040,6.250,6.250,15.979,15.979,126.435,1.25,35.00,33.0000,12.6435,56.896
4809,450.000,3.281,3.281,90.180,90.180,4.990,4.556,4.556,14.405,14.405,112.422,1.25,35.00,33.0000,11.2422,50.590
4810,300.000,0.648,0.648,61.983,61.983,4.840,1.350,1.350,9.653,9.653,73.634,1.25,35.00,33.0000,7.3634,33.135
4811,200.000,0.128,0.128,42.194,42.194,4.740,0.400,0.400,6.459,6.459,49.181,1.25,35.00,33.0000,4.9181,22.131
4812,250.000,0.313,0.313,52.192,52.192,4.790,0.781,0.781,8.058,8.058,61.344,1.25,35.00,33.0000,6.1344,27.605
4813,350.000,1.200,1.200,71.575,71.575,4.890,2.144,2.144,11.242,11.242,86.161,1.25,35.00,33.0000,8.6161,38.772
4814,500.000,5.000,5.000,99.206,99.206,5.040,6.250,6.250,15.979,15.979,126.435,1.25,35.00,33.0000,12.6435,56.896
4815,450.000,3.281,3.281,90.180,90.180,4.990,4.556,4.556,14.405,14.405,112.422,1.25,35.00,33.0000,11.2422,50.590
4816,300.000,0.648,0.648,61.983,61.983,4.840,1.350,1.350,9.653,9.653,73.634,1.25,35.00,33.0000,7.3634,33.135
4817,200.000,0.128,0.128,42.194,42.194,4.740,0.400,0.400,6.459,6.459,49.181,1.25,35.00,33.0000,4.9181,22.131
4818,250.000,0.313,0.313,52.192,52.192,4.790,0.781,0.781,8.058,8.058,61.344,1.25,35.00,33.0000,6.1344,27.605
4819,350.000,1.200,1.200,71.575,71.575,4.890,2.144,2.144,11.242,11.242,86.161,1.25,35.00,33.0000,8.6161,38.772
4820,500.000,5.000,5.000,99.206,99.206,5.040,6.250,6.250,15.979,15.979,126.435,1.25,35.00,33.0000,12.6435,56.896
4821,450.000,3.281,3.281,90.180,90.180,4.990,4.556,4.556,14.405,14.405,112.422,1.25,35.00,33.0000,11.2422,50.590
4822,300.000,0.648,0.648,61.983,61.983,4.840,1.350,1.350,9.653,9.653,73.634,1.25,35.00,33.0000,7.3634,33.135
4823,200.000,0.128,0.128,42.194,42.194,4.740,0.400,0.400,6.459,6.459,49.181,1.25,35.00,33.0000,4.9181,22.131
4824,250.000,0.313,0.313,52.192,52.192,4.790,0.781,0.781,8.058,8.058,61.344,1.25,35.00,33.0000,6.1344,27.605
4825,350.000,1.200,1.200,71.575,71.575,4.890,2.144,2.144,11.242,11.242,86.161,1.25,35.00,33.0000,8.6161,38.772
4826,500.000,5.000,5.000,99.206,99.206,5.040,6.250,6.250,15.979,15.979,126.435,1.25,35.00,33.0000,12.6435,56.896
4827,450.000,3.281,3.281,90.180,90.180,4.990,4.556,4.556,14.405,14.405,112.422,1.25,35.00,33.0000,11.2422,50.590
4828,300.000,0.648,0.648,61.983,61.983,4.840,1.350,1.350,9.653,9.653,73.634,1.25,35.00,33.0000,7.3634,33.135
4829,200.000,0.128,0.128,42.194,42.194,4.740,0.400,0.400,6.459,6.459,49.181,1.25,35.00,33.0000,4.9181,22.131
4830,250.000,0.313,0.313,52.192,52.192,4.790,0.781,0.781,8.058,8.058,61.344,1.25,35.00,33.0000,6.1344,27.605
4831,350.000,1.200,1.200,71.575,71.575,4.890,2.144,2.144,11.242,11.242,86.161,1.25,35.00,33.0000,8.6161,38.772
4832,500.000,5.000,5.000,99.206,99.206,5.040,6.250,6.250,15.979,15.979,126.435,1.25,35.00,33.0000,12.6435,56.896
4833,450.000,3.281,3.281,90.180,90.180,4.990,4.556,4.556,14.405,14.405,112.422,1.25,35.00,33.0000,11.2422,50.590
4834,300.000,0.648,0.648,61.983,61.983,4.840,1.350,1.350,9.653,9.653,73.634,1.25,35.00,33.0000,7.3634,33.135
4835,200.000,0.128,0.128,42.194,42.194,4.740,0.400,0.400,6.459,6.459,49.181,1.25,35.00,33.0000,4.9181,22.131
4836,250.000,0.313,0.313,52.192,52.192,4.790,0.781,0.781,8.058,8.058,61.344,1.25,35.00,33.0000,6.1344,27.605
4837,350.000,1.200,1.200,71.575,71.575,4.890,2.144,2.144,11.242,11.242,86.161,1.25,35.00,33.0000,8.6161,38.772
4838,500.000,5.000,5.000,99.206,99.206,5.040,6.250,6.250,15.979,15.979,126.435,1.25,35.00,33.0000,12.6435,56.896
4839,450.000,3.281,3.281,90.180,90.180,4.990,4.556,4.556,14.405,14.405,112.422,1.25,35.00,33.0000,11.2422,50.590
4840,300.000,0.648,0.648,61.983,61.983,4.840,1.350,1.350,9.653,9.653,73.634,1.25,35.00,33.0000,7.3634,33.135
4841,200.000,0.128,0.128,42.194,42.194,4.740,0.400,0.400,6.459,6.459,49.181,1.25,35.00,33.0000,4.9181,22.131
4842,250.000,0.313,0.313,52.192,52.192,4.790,0.781,0.781,8.058,8.058,61.344,1.25,35.00,33.0000,6.1344,27.605
4843,350.000,1.200,1.200,71.575,71.575,4.890,2.144,2.144,11.242,11.242,86.161,1.25,35.00,33.0000,8.6161,38.772
4844,500.000,5.000,5.000,99.206,99.206,5.040,6.250,6.250,15.979,15.979,126.435,1.25,35.00,33.0000,12.6435,56.896
4845,450.000,3.281,3.281,90.180,90.180,4.990,4.556,4.556,14.405,14.405,112.422,1.25,35.00,33.0000,11.2422,50.590
4846,300.000,0.648,0.648,61.983,61.983,4.840,1.350,1.350,9.653,9.653,73.634,1.25,35.00,33.0000,7.3634,33.135
4847,200.000,0.128,0.128,42.194,42.194,4.740,0.400,0.400,6.459,6.459,49.181,1.25,35.00,33.0000,4.9181,22.131
4848,250.000,0.313,0.313,52.192,52.192,4.790,0.781,0.781,8.058,8.058,61.344,1.25,35.00,33.0000,6.1344,27.605
4849,350.000,1.200,1.200,71.575,71.575,4.890,2.144,2.144,11.242,11.242,86.161,1.25,35.00,33.0000,8.6161,38.772
4850,500.000,5.000,5.000,99.206,99.206,5.040,6.250,6.250,15.979,15.979,126.435,1.25,35.00,33.0000,12.6435,56.896
4851,450.000,3.281,3.281,90.180,90.180,4.990,4.556,4.556,14.405,14.405,112.422,1.25,35.00,33.0000,11.2422,50.590
4852,300.000,0.648,0.648,61.983,61.983,4.840,1.350,1.350,9.653,9.653,73.634,1.25,35.00,33.0000,7.3634,33.135
4853,200.000,0.128,0.128,42.194,42.194,4.740,0.400,0.400,6.459,6.459,49.181,1.25,35.00,33.0000,4.9181,22.131
4854,250.000,0.313,0.313,52.192,52.192,4.790,0.781,0.781,8.058,8.058,61.344,1.25,35.00,33.0000,6.1344,27.605
4855,350.000,1.200,1.200,71.575,71.575,4.890,2.144,2.144,11.242,11.242,86.161,1.25,35.00,33.0000,8.6161,38.772
4856,500.000,5.000,5.000,99.206,99.206,5.040,6.250,6.250,15.979,15.979,126.435,1.25,35.00,33.0000,12.6435,56.896
4857,450.000,3.281,3.281,90.180,90.180,4.990,4.556,4.556,14.405,14.405,112.422,1.25,35.00,33.0000,11.2422,50.590
4858,300.000,0.648,0.648,61.983,61.983,4.840,1.350,1.350,9.653,9.653,73.634,1.25,35.00,33.0000,7.3634,33.135
4859,200.000,0.128,0.128,42.194,42.194,4.740,0.400,0.400,6.459,6.459,49.181,1.25,35.00,33.0000,4.9181,22.131
4860,250.000,0.313,0.313,52.192,52.192,4.790,0.781,0.781,8.058,8.058,61.344,1.25,35.00,33.0000,6.1344,27.605
4861,350.000,1.200,1.200,71.575,71.575,4.890,2.144,2.144,11.242,11.242,86.161,1.25,35.00,33.0000,8.6161,38.772
4862,500.000,5.000,5.000,99.206,99.206,5.040,6.250,6.250,15.979,15.979,126.435,1.25,35.00,33.0000,12.6435,56.896
4863,450.000,3.281,3.281,90.180,90.180,4.990,4.556,4.556,14.405,14.405,112.422,1.25,35.00,33.0000,11.2422,50.590
4864,300.000,0.648,0.648,61.983,61.983,4.840,1.350,1.350,9.653,9.653,73.634,1.25,35.00,33.0000,7.3634,33.135
4865,200.000,0.128,0.128,42.194,42.194,4.740,0.400,0.400,6.459,6.459,49.181,1.25,35.00,33.0000,4.9181,22.131
4866,250.000,0.313,0.313,52.192,52.192,4.790,0.781,0.781,8.058,8.058,61.344,1.25,35.00,33.0000,6.1344,27.605
4867,350.000,1.200,1.200,71.575,71.575,4.890,2.144,2.144,11.242,11.242,86.161,1.25,35.00,33.0000,8.6161,38.772
4868,500.000,5.000,5.000,99.206,99.206,5.040,6.250,6.250,15.979,15.979,126.435,1.25,35.00,33.0000,12.6435,56.896
4869,450.000,3.281,3.281,90.180,90.180,4.990,4.556,4.556,14.405,14.405,112.422,1.25,35.00,33.0000,11.2422,50.590
4870,300.000,0.648,0.648,61.983,61.983,4.840,1.350,1.350,9.653,9.653,73.634,1.25,35.00,33.0000,7.3634,33.135
4871,200.000,0.128,0.128,42.194,42.194,4.740,0.400,0.400,6.459,6.459,49.181,1.25,35.00,33.0000,4.9181,22.131
4872,250.000,0.313,0.313,52.192,52.192,4.790,0.781,0.781,8.058,8.058,61.344,1.25,35.00,33.0000,6.1344,27.605
4873,350.000,1.200,1.200,71.575,71.575,4.890,2.144,2.144,11.242,11.242,86.161,1.25,35.00,33.0000,8.6161,38.772
4874,500.000,5.000,5.000,99.206,99.206,5.040,6.250,6.250,15.979,15.979,126.435,1.25,35.00,33.0000,12.6435,56.896
4875,450.000,3.281,3.281,90.180,90.180,4.990,4.556,4.556,14.405,14.405,112.422,1.25,35.00,33.0000,11.2422,50.590
4876,300.000,0.648,0.648,61.983,61.983,4.840,1.350,1.350,9.653,9.653,73.634,1.25,35.00,33.0000,7.3634,33.135
4877,200.000,0.128,0.128,42.194,42.194,4.740,0.400,0.400,6.459,6.459,49.181,1.25,35.00,33.0000,4.9181,22.131
4878,250.000,0.313,0.313,52.192,52.192,4.790,0.781,0.781,8.058,8.058,61.344,1.25,35.00,33.0000,6.1344,27.605
4879,350.000,1.200,1.200,71.575,71.575,4.890,2.144,2.144,11.242,11.242,86.161,1.25,35.00,33.0000,8.6161,38.772
4880,500.000,5.000,5.000,99.206,99.206,5.040,6.250,6.250,15.979,15.979,126.435,1.25,35.00,33.0000,12.6435,56.896
4881,450.000,3.281,3.281,90.180,90.180,4.990,4.556,4.556,14.405,14.405,112.422,1.25,35.00,33.0000,11.2422,50.590
4882,300.000,0.648,0.648,61.983,61.983,4.840,1.350,1.350,9.653,9.653,73.634,1.25,35.00,33.0000,7.3634,33.135
4883,200.000,0.128,0.128,42.194,42.194,4.740,0.400,0.400,6.459,6.459,49.181,1.25,35.00,33.0000,4.9181,22.131
4884,250.000,0.313,0.313,52.192,52.192,4.790,0.781,0.781,8.058,8.058,61.344,1.25,35.00,33.0000,6.1344,27.605
4885,350.000,1.200,1.200,71.575,71.575,4.890,2.144,2.144,11.242,11.242,86.161,1.25,35.00,33.0000,8.6161,38.772
4886,500.000,5.000,5.000,99.206,99.206,5.040,6.250,6.250,15.979,15.979,126.435,1.25,35.00,33.0000,12.6435,56.896
4887,450.000,3.281,3.281,90.180,90.180,4.990,4.556,4.556,14.405,14.405,112.422,1.25,35.00,33.0000,11.2422,50.590
4888,300.000,0.648,0.648,61.983,61.983,4.840,1.350,1.350,9.653,9.653,73.634,1.25,35.00,33.0000,7.3634,33.135
4889,200.000,0.128,0.128,42.194,42.194,4.740,0.400,0.400,6.459,6.459,49.181,1.25,35.00,33.0000,4.9181,22.131
4890,250.000,0.313,0.313,52.192,52.192,4.790,0.781,0.781,8.058,8.058,61.344,1.25,35.00,33.0000,6.1344,27.605
4891,350.000,1.200,1.200,71.575,71.575,4.890,2.144,2.144,11.242,11.242,86.161,1.25,35.00,33.0000,8.6161,38.772
4892,500.000,5.000,5.000,99.206,99.206,5.040,6.250,6.250,15.979,15.979,126.435,1.25,35.00,33.0000,12.6435,56.896
4893,450.000,3.281,3.281,90.180,90.180,4.990,4.556,4.556,14.405,14.405,112.422,1.25,35.00,33.0000,11.2422,50.590
4894,300.000,0.648,0.648,61.983,61.983,4.840,1.350,1.350,9.653,9.653,73.634,1.25,35.00,33.0000,7.3634,33.135
4895,200.000,0.128,0.128,42.194,42.194,4.740,0.400,0.400,6.459,6.459,49.181,1.25,35.00,33.0000,4.9181,22.131
4896,250.000,0.313,0.313,52.192,52.192,4.790,0.781,0.781,8.058,8.058,61.344,1.25,35.00,33.0000,6.1344,27.605
4897,350.000,1.200,1.200,71.575,71.575,4.890,2.144,2.144,11.242,11.242,86.161,1.25,35.00,33.0000,8.6161,38.772
4898,500.000,5.000,5.000,99.206,99.206,5.040,6.250,6.250,15.979,15.979,126.435,1.25,35.00,33.0000,12.6435,56.896
4899,450.000,3.281,3.281,90.180,90.180,4.990,4.556,4.556,14.405,14.405,112.422,1.25,35.00,33.0000,11.2422,50.590
4900,300.000,0.648,0.648,61.983,61.983,4.840,1.350,1.350,9.653,9.653,73.634,1.25,35.00,33.0000,7.3634,33.135
4901,200.000,0.128,0.128,42.194,42.194,4.740,0.400,0.400,6.459,6.459,49.181,1.25,35.00,33.0000,4.9181,22.131
4902,250.000,0.313,0.313,52.192,52.192,4.790,0.781,0.781,8.058,8.058,61.344,1.25,35.00,33.0000,6.1344,27.605
4903,350.000,1.200,1.200,71.575,71.575,4.890,2.144,2.144,11.242,11.242,86.161,1.25,35.00,33.0000,8.6161,38.772
4904,500.000,5.000,5.000,99.206,99.206,5.040,6.250,6.250,15.979,15.979,126.435,1.25,35.00,33.0000,12.6435,56.896
4905,450.000,3.281,3.281,90.180,90.180,4.990,4.556,4.556,14.405,14.405,112.422,1.25,35.00,33.0000,11.2422,50.590
4906,300.000,0.648,0.648,61.983,61.983,4.840,1.350,1.350,9.653,9.653,73.634,1.25,35.00,33.0000,7.3634,33.135
4907,200.000,0.128,0.128,42.194,42.194,4.740,0.400,0.400,6.459,6.459,49.181,1.25,35.00,33.0000,4.9181,22.131
4908,250.000,0.313,0.313,52.192,52.192,4.790,0.781,0.781,8.058,8.058,61.344,1.25,35.00,33.0000,6.1344,27.605
4909,350.000,1.200,1.200,71.575,71.575,4.890,2.144,2.144,11.242,11.242,86.161,1.25,35.00,33.0000,8.6161,38.772
4910,500.000,5.000,5.000,99.206,99.206,5.040,6.250,6.250,15.979,15.979,126.435,1.25,35.00,33.0000,12.6435,56.896
4911,450.000,3.281,3.281,90.180,90.180,4.990,4.556,4.556,14.405,14.405,112.422,1.25,35.00,33.0000,11.2422,50.590
4912,300.000,0.648,0.648,61.983,61.983,4.840,1.350,1.350,9.653,9.653,73.634,1.25,35.00,33.0000,7.3634,33.135
4913,200.000,0.128,0.128,42.194,42.194,4.740,0.400,0.400,6.459,6.459,49.181,1.25,35.00,33.0000,4.9181,22.131
4914,250.000,0.313,0.313,52.192,52.192,4.790,0.781,0.781,8.058,8.058,61.344,1.25,35.00,33.0000,6.1344,27.605
4915,350.000,1.200,1.200,71.575,71.575,4.890,2.144,2.144,11.242,11.242,86.161,1.25,35.00,33.0000,8.6161,38.772
4916,500.000,5.000,5.000,99.206,99.206,5.040,6.250,6.250,15.979,15.979,126.435,1.25,35.00,33.0000,12.6435,56.896
4917,450.000,3.281,3.281,90.180,90.180,4.990,4.556,4.556,14.405,14.405,112.422,1.25,35.00,33.0000,11.2422,50.590
4918,300.000,0.648,0.648,61.983,61.983,4.840,1.350,1.350,9.653,9.653,73.634,1.25,35.00,33.0000,7.3634,33.135
4919,200.000,0.128,0.128,42.194,42.194,4.740,0.400,0.400,6.459,6.459,49.181,1.25,35.00,33.0000,4.9181,22.131
4920,250.000,0.313,0.313,52.192,52.192,4.790,0.781,0.781,8.058,8.058,61.344,1.25,35.00,33.0000,6.1344,27.605
4921,350.000,1.200,1.200,71.575,71.575,4.890,2.144,2.144,11.242,11.242,86.161,1.25,35.00,33.0000,8.6161,38.772
4922,500.000,5.000,5.000,99.206,99.206,5.040,6.250,6.250,15.979,15.979,126.435,1.25,35.00,33.0000,12.6435,56.896
4923,450.000,3.281,3.281,90.180,90.180,4.990,4.556,4.556,14.405,14.405,112.422,1.25,35.00,33.0000,11.2422,50.590
4924,300.000,0.648,0.648,61.983,61.983,4.840,1.350,1.350,9.653,9.653,73.634,1.25,35.00,33.0000,7.3634,33.135
4925,200.000,0.128,0.128,42.194,42.194,4.740,0.400,0.400,6.459,6.459,49.181,1.25,35.00,33.0000,4.9181,22.131
4926,250.000,0.313,0.313,52.192,52.192,4.790,0.781,0.781,8.058,8.058,61.344,1.25,35.00,33.0000,6.1344,27.605
4927,350.000,1.200,1.200,71.575,71.575,4.890,2.144,2.144,11.242,11.242,86.161,1.25,35.00,33.0000,8.6161,38.772
4928,500.000,5.000,5.000,99.206,99.206,5.040,6.250,6.250,15.979,15.979,126.435,1.25,35.00,33.0000,12.6435,56.896
4929,450.000,3.281,3.281,90.180,90.180,4.990,4.556,4.556,14.405,14.405,112.422,1.25,35.00,33.0000,11.2422,50.590
4930,300.000,0.648,0.648,61.983,61.983,4.840,1.350,1.350,9.653,9.653,73.634,1.25,35.00,33.0000,7.3634,33.135
4931,200.000,0.128,0.128,42.194,42.194,4.740,0.400,0.400,6.459,6.459,49.181,1.25,35.00,33.0000,4.9181,22.131
4932,250.000,0.313,0.313,52.192,52.192,4.790,0.781,0.781,8.058,8.058,61.344,1.25,35.00,33.0000,6.1344,27.605
4933,350.000,1.200,1.200,71.575,71.575,4.890,2.144,2.144,11.242,11.242,86.161,1.25,35.00,33.0000,8.6161,38.772
4934,500.000,5.000,5.000,99.206,99.206,5.040,6.250,6.250,15.979,15.979,126.435,1.25,35.00,33.0000,12.6435,56.896
4935,450.000,3.281,3.281,90.180,90.180,4.990,4.556,4.556,14.405,14.405,112.422,1.25,35.00,33.0000,11.2422,50.590
4936,300.000,0.648,0.648,61.983,61.983,4.840,1.350,1.350,9.653,9.653,73.634,1.25,35.00,33.0000,7.3634,33.135
4937,200.000,0.128,0.128,42.194,42.194,4.740,0.400,0.400,6.459,6.459,49.181,1.25,35.00,33.0000,4.9181,22.131
4938,250.000,0.313,0.313,52.192,52.192,4.790,0.781,0.781,8.058,8.058,61.344,1.25,35.00,33.0000,6.1344,27.605
4939,350.000,1.200,1.200,71.575,71.575,4.890,2.144,2.144,11.242,11.242,86.161,1.25,35.00,33.0000,8.6161,38.772
4940,500.000,5.000,5.000,99.206,99.206,5.040,6.250,6.250,15.979,15.979,126.435,1.25,35.00,33.0000,12.6435,56.896
4941,450.000,3.281,3.281,90.180,90.180,4.990,4.556,4.556,14.405,14.405,112.422,1.25,35.00,33.0000,11.2422,50.590
4942,300.000,0.648,0.648,61.983,61.983,4.840,1.350,1.350,9.653,9.653,73.634,1.25,35.00,33.0000,7.3634,33.135
4943,200.000,0.128,0.128,42.194,42.194,4.740,0.400,0.400,6.459,6.459,49.181,1.25,35.00,33.0000,4.9181,22.131
4944,250.000,0.313,0.313,52.192,52.192,4.790,0.781,0.781,8.058,8.058,61.344,1.25,35.00,33.0000,6.1344,27.605
4945,350.000,1.200,1.200,71.575,71.575,4.890,2.144,2.144,11.242,11.242,86.161,1.25,35.00,33.0000,8.6161,38.772
4946,500.000,5.000,5.000,99.206,99.206,5.040,6.250,6.250,15.979,15.979,126.435,1.25,35.00,33.0000,12.6435,56.896
4947,450.000,3.281,3.281,90.180,90.180,4.990,4.556,4.556,14.405,14.405,112.422,1.25,35.00,33.0000,11.2422,50.590
4948,300.000,0.648,0.648,61.983,61.983,4.840,1.350,1.350,9.653,9.653,73.634,1.25,35.00,33.0000,7.3634,33.135
4949,200.000,0.128,0.128,42.194,42.194,4.740,0.400,0.400,6.459,6.459,49.181,1.25,35.00,33.0000,4.9181,22.131
4950,250.000,0.313,0.313,52.192,52.192,4.790,0.781,0.781,8.058,8.058,61.344,1.25,35.00,33.0000,6.1344,27.605
4951,350.000,1.200,1.200,71.575,71.575,4.890,2.144,2.144,11.242,11.242,86.161,1.25,35.00,33.0000,8.6161,38.772
4952,500.000,5.000,5.000,99.206,99.206,5.040,6.250,6.250,15.979,15.979,126.435,1.25,35.00,33.0000,12.6435,56.896
4953,450.000,3.281,3.281,90.180,90.180,4.990,4.556,4.556,14.405,14.405,112.422,1.25,35.00,33.0000,11.2422,50.590
4954,300.000,0.648,0.648,61.983,61.983,4.840,1.350,1.350,9.653,9.653,73.634,1.25,35.00,33.0000,7.3634,33.135
4955,200.000,0.128,0.128,42.194,42.194,4.740,0.400,0.400,6.459,6.459,49.181,1.25,35.00,33.0000,4.9181,22.131
4956,250.000,0.313,0.313,52.192,52.192,4.790,0.781,0.781,8.058,8.058,61.344,1.25,35.00,33.0000,6.1344,27.605
4957,350.000,1.200,1.200,71.575,71.575,4.890,2.144,2.144,11.242,11.242,86.161,1.25,35.00,33.0000,8.6161,38.772
4958,500.000,5.000,5.000,99.206,99.206,5.040,6.250,6.250,15.979,15.979,126.435,1.25,35.00,33.0000,12.6435,56.896
4959,450.000,3.281,3.281,90.180,90.180,4.990,4.556,4.556,14.405,14.405,112.422,1.25,35.00,33.0000,11.2422,50.590
4960,300.000,0.648,0.648,61.983,61.983,4.840,1.350,1.350,9.653,9.653,73.634,1.25,35.00,33.0000,7.3634,33.135
4961,200.000,0.128,0.128,42.194,42.194,4.740,0.400,0.400,6.459,6.459,49.181,1.25,35.00,33.0000,4.9181,22.131
4962,250.000,0.313,0.313,52.192,52.192,4.790,0.781,0.781,8.058,8.058,61.344,1.25,35.00,33.0000,6.1344,27.605
4963,350.000,1.200,1.200,71.575,71.575,4.890,2.144,2.144,11.242,11.242,86.161,1.25,35.00,33.0000,8.6161,38.772
4964,500.000,5.000,5.000,99.206,99.206,5.040,6.250,6.250,15.979,15.979,126.435,1.25,35.00,33.0000,12.6435,56.896
4965,450.000,3.281,3.281,90.180,90.180,4.990,4.556,4.556,14.405,14.405,112.422,1.25,35.00,33.0000,11.2422,50.590
4966,300.000,0.648,0.648,61.983,61.983,4.840,1.350,1.350,9.653,9.653,73.634,1.25,35.00,33.0000,7.3634,33.135
4967,200.000,0.128,0.128,42.194,42.194,4.740,0.400,0.400,6.459,6.459,49.181,1.25,35.00,33.0000,4.9181,22.131
4968,250.000,0.313,0.313,52.192,52.192,4.790,0.781,0.781,8.058,8.058,61.344,1.25,35.00,33.0000,6.1344,27.605
4969,350.000,1.200,1.200,71.575,71.575,4.890,2.144,2.144,11.242,11.242,86.161,1.25,35.00,33.0000,8.6161,38.772
4970,500.000,5.000,5.000,99.206,99.206,5.040,6.250,6.250,15.979,15.979,126.435,1.25,35.00,33.0000,12.6435,56.896
4971,450.000,3.281,3.281,90.180,90.180,4.990,4.556,4.556,14.405,14.405,112.422,1.25,35.00,33.0000,11.2422,50.590
4972,300.000,0.648,0.648,61.983,61.983,4.840,1.350,1.350,9.653,9.653,73.634,1.25,35.00,33.0000,7.3634,33.135
4973,200.000,0.128,0.128,42.194,42.194,4.740,0.400,0.400,6.459,6.459,49.181,1.25,35.00,33.0000,4.9181,22.131
4974,250.000,0.313,0.313,52.192,52.192,4.790,0.781,0.781,8.058,8.058,61.344,1.25,35.00,33.0000,6.1344,27.605
4975,350.000,1.200,1.200,71.575,71.575,4.890,2.144,2.144,11.242,11.242,86.161,1.25,35.00,33.0000,8.6161,38.772
4976,500.000,5.000,5.000,99.206,99.206,5.040,6.250,6.250,15.979,15.979,126.435,1.25,35.00,33.0000,12.6435,56.896
4977,450.000,3.281,3.281,90.180,90.180,4.990,4.556,4.556,14.405,14.405,112.422,1.25,35.00,33.0000,11.2422,50.590
4978,300.000,0.648,0.648,61.983,61.983,4.840,1.350,1.350,9.653,9.653,73.634,1.25,35.00,33.0000,7.3634,33.135
4979,200.000,0.128,0.128,42.194,42.194,4.740,0.400,0.400,6.459,6.459,49.181,1.25,35.00,33.0000,4.9181,22.131
4980,250.000,0.313,0.313,52.192,52.192,4.790,0.781,0.781,8.058,8.058,61.344,1.25,35.00,33.0000,6.1344,27.605
4981,350.000,1.200,1.200,71.575,71.575,4.890,2.144,2.144,11.242,11.242,86.161,1.25,35.00,33.0000,8.6161,38.772
4982,500.000,5.000,5.000,99.206,99.206,5.040,6.250,6.250,15.979,15.979,126.435,1.25,35.00,33.0000,12.6435,56.896
4983,450.000,3.281,3.281,90.180,90.180,4.990,4.556,4.556,14.405,14.405,112.422,1.25,35.00,33.0000,11.2422,50.590
4984,300.000,0.648,0.648,61.983,61.983,4.840,1.350,1.350,9.653,9.653,73.634,1.25,35.00,33.0000,7.3634,33.135
4985,200.000,0.128,0.128,42.194,42.194,4.740,0.400,0.400,6.459,6.459,49.181,1.25,35.00,33.0000,4.9181,22.131
4986,250.000,0.313,0.313,52.192,52.192,4.790,0.781,0.781,8.058,8.058,61.344,1.25,35.00,33.0000,6.1344,27.605
4987,350.000,1.200,1.200,71.575,71.575,4.890,2.144,2.144,11.242,11.242,86.161,1.25,35.00,33.0000,8.6161,38.772
4988,500.000,5.000,5.000,99.206,99.206,5.040,6.250,6.250,15.979,15.979,126.435,1.25,35.00,33.0000,12.6435,56.896
4989,450.000,3.281,3.281,90.180,90.180,4.990,4.556,4.556,14.405,14.405,112.422,1.25,35.00,33.0000,11.2422,50.590
4990,300.000,0.648,0.648,61.983,61.983,4.840,1.350,1.350,9.653,9.653,73.634,1.25,35.00,33.0000,7.3634,33.135
4991,200.000,0.128,0.128,42.194,42.194,4.740,0.400,0.400,6.459,6.459,49.181,1.25,35.00,33.0000,4.9181,22.131
4992,250.000,0.313,0.313,52.192,52.192,4.790,0.781,0.781,8.058,8.058,61.344,1.25,35.00,33.0000,6.1344,27.605
4993,350.000,1.200,1.200,71.575,71.575,4.890,2.144,2.144,11.242,11.242,86.161,1.25,35.00,33.0000,8.6161,38.772
4994,500.000,5.000,5.000,99.206,99.206,5.040,6.250,6.250,15.979,15.979,126.435,1.25,35.00,33.0000,12.6435,56.896
4995,450.000,3.281,3.281,90.180,90.180,4.990,4.556,4.556,14.405,14.405,112.422,1.25,35.00,33.0000,11.2422,50.590
4996,300.000,0.648,0.648,61.983,61.983,4.840,1.350,1.350,9.653,9.653,73.634,1.25,35.00,33.0000,7.3634,33.135
4997,200.000,0.128,0.128,42.194,42.194,4.740,0.400,0.400,6.459,6.459,49.181,1.25,35.00,33.0000,4.9181,22.131
4998,250.000,0.313,0.313,52.192,52.192,4.790,0.781,0.781,8.058,8.058,61.344,1.25,35.00,33.0000,6.1344,27.605
4999,350.000,1.200,1.200,71.575,71.575,4.890,2.144,2.144,11.242,11.242,86.161,1.25,35.00,33.0000,8.6161,38.772
5000,500.000,5.000,5.000,99.206,99.206,5.040,6.250,6.250,15.979,15.979,126.435,1.25,35.00,33.0000,12.6435,56.896
5001,450.000,3.281,3.281,90.180,90.180,4.990,4.556,4.556,14.405,14.405,112.422,1.25,35.00,33.0000,11.2422,50.590
5002,300.000,0.648,0.648,61.983,61.983,4.840,1.350,1.350,9.653,9.653,73.634,1.25,35.00,33.0000,7.3634,33.135
5003,200.000,0.128,0.128,42.194,42.194,4.740,0.400,0.400,6.459,6.459,49.181,1.25,35.00,33.0000,4.9181,22.131
5004,250.000,0.313,0.313,52.192,52.192,4.790,0.781,0.781,8.058,8.058,61.344,1.25,35.00,33.0000,6.1344,27.605
5005,350.000,1.200,1.200,71.575,71.575,4.890,2.144,2.144,11.242,11.242,86.161,1.25,35.00,33.0000,8.6161,38.772
5006,500.000,5.000,5.000,99.206,99.206,5.040,6.250,6.250,15.979,15.979,126.435,1.25,35.00,33.0000,12.6435,56.896
5007,450.000,3.281,3.281,90.180,90.180,4.990,4.556,4.556,14.405,14.405,112.422,1.25,35.00,33.0000,11.2422,50.590
5008,300.000,0.648,0.648,61.983,61.983,4.840,1.350,1.350,9.653,9.653,73.634,1.25,35.00,33.0000,7.3634,33.135
5009,200.000,0.128,0.128,42.194,42.194,4.740,0.400,0.400,6.459,6.459,49.181,1.25,35.00,33.0000,4.9181,22.131
5010,250.000,0.313,0.313,52.192,52.192,4.790,0.781,0.781,8.058,8.058,61.344,1.25,35.00,33.0000,6.1344,27.605
5011,350.000,1.200,1.200,71.575,71.575,4.890,2.144,2.144,11.242,11.242,86.161,1.25,35.00,33.0000,8.6161,38.772
5012,500.000,5.000,5.000,99.206,99.206,5.040,6.250,6.250,15.979,15.979,126.435,1.25,35.00,33.0000,12.6435,56.896
5013,450.000,3.281,3.281,90.180,90.180,4.990,4.556,4.556,14.405,14.405,112.422,1.25,35.00,33.0000,11.2422,50.590
5014,300.000,0.648,0.648,61.983,61.983,4.840,1.350,1.350,9.653,9.653,73.634,1.25,35.00,33.0000,7.3634,33.135
5015,200.000,0.128,0.128,42.194,42.194,4.740,0.400,0.400,6.459,6.459,49.181,1.25,35.00,33.0000,4.9181,22.131
5016,250.000,0.313,0.313,52.192,52.192,4.790,0.781,0.781,8.058,8.058,61.344,1.25,35.00,33.0000,6.1344,27.605
5017,350.000,1.200,1.200,71.575,71.575,4.890,2.144,2.144,11.242,11.242,86.161,1.25,35.00,33.0000,8.6161,38.772
5018,500.000,5.000,5.000,99.206,99.206,5.040,6.250,6.250,15.979,15.979,126.435,1.25,35.00,33.0000,12.6435,56.896
5019,450.000,3.281,3.281,90.180,90.180,4.990,4.556,4.556,14.405,14.405,112.422,1.25,35.00,33.0000,11.2422,50.590
5020,300.000,0.648,0.648,61.983,61.983,4.840,1.350,1.350,9.653,9.653,73.634,1.25,35.00,33.0000,7.3634,33.135
5021,200.000,0.128,0.128,42.194,42.194,4.740,0.400,0.400,6.459,6.459,49.181,1.25,35.00,33.0000,4.9181,22.131
5022,250.000,0.313,0.313,52.192,52.192,4.790,0.781,0.781,8.058,8.058,61.344,1.25,35.00,33.0000,6.1344,27.605
5023,350.000,1.200,1.200,71.575,71.575,4.890,2.144,2.144,11.242,11.242,86.161,1.25,35.00,33.0000,8.6161,38.772
5024,500.000,5.000,5.000,99.206,99.206,5.040,6.250,6.250,15.979,15.979,126.435,1.25,35.00,33.0000,12.6435,56.896
5025,450.000,3.281,3.281,90.180,90.180,4.990,4.556,4.556,14.405,14.405,112.422,1.25,35.00,33.0000,11.2422,50.590
5026,300.000,0.648,0.648,61.983,61.983,4.840,1.350,1.350,9.653,9.653,73.634,1.25,35.00,33.0000,7.3634,33.135
5027,200.000,0.128,0.128,42.194,42.194,4.740,0.400,0.400,6.459,6.459,49.181,1.25,35.00,33.0000,4.9181,22.131
5028,250.000,0.313,0.313,52.192,52.192,4.790,0.781,0.781,8.058,8.058,61.344,1.25,35.00,33.0000,6.1344,27.605
5029,350.000,1.200,1.200,71.575,71.575,4.890,2.144,2.144,11.242,11.242,86.161,1.25,35.00,33.0000,8.6161,38.772
5030,500.000,5.000,5.000,99.206,99.206,5.040,6.250,6.250,15.979,15.979,126.435,1.25,35.00,33.0000,12.6435,56.896
5031,450.000,3.281,3.281,90.180,90.180,4.990,4.556,4.556,14.405,14.405,112.422,1.25,35.00,33.0000,11.2422,50.590
5032,300.000,0.648,0.648,61.983,61.983,4.840,1.350,1.350,9.653,9.653,73.634,1.25,35.00,33.0000,7.3634,33.135
5033,200.000,0.128,0.128,42.194,42.194,4.740,0.400,0.400,6.459,6.459,49.181,1.25,35.00,33.0000,4.9181,22.131
5034,250.000,0.313,0.313,52.192,52.192,4.790,0.781,0.781,8.058,8.058,61.344,1.25,35.00,33.0000,6.1344,27.605
5035,350.000,1.200,1.200,71.575,71.575,4.890,2.144,2.144,11.242,11.242,86.161,1.25,35.00,33.0000,8.6161,38.772
5036,500.000,5.000,5.000,99.206,99.206,5.040,6.250,6.250,15.979,15.979,126.435,1.25,35.00,33.0000,12.6435,56.896
5037,450.000,3.281,3.281,90.180,90.180,4.990,4.556,4.556,14.405,14.405,112.422,1.25,35.00,33.0000,11.2422,50.590
5038,300.000,0.648,0.648,61.983,61.983,4.840,1.350,1.350,9.653,9.653,73.634,1.25,35.00,33.0000,7.3634,33.135
5039,200.000,0.128,0.128,42.194,42.194,4.740,0.400,0.400,6.459,6.459,49.181,1.25,35.00,33.0000,4.9181,22.131
5040,250.000,0.313,0.313,52.192,52.192,4.790,0.781,0.781,8.058,8.058,61.344,1.25,35.00,33.0000,6.1344,27.605
5041,350.000,1.200,1.200,71.575,71.575,4.890,2.144,2.144,11.242,11.242,86.161,1.25,35.00,33.0000,8.6161,38.772
5042,500.000,5.000,5.000,99.206,99.206,5.040,6.250,6.250,15.979,15.979,126.435,1.25,35.00,33.0000,12.6435,56.896
5043,450.000,3.281,3.281,90.180,90.180,4.990,4.556,4.556,14.405,14.405,112.422,1.25,35.00,33.0000,11.2422,50.590
5044,300.000,0.648,0.648,61.983,61.983,4.840,1.350,1.350,9.653,9.653,73.634,1.25,35.00,33.0000,7.3634,33.135
5045,200.000,0.128,0.128,42.194,42.194,4.740,0.400,0.400,6.459,6.459,49.181,1.25,35.00,33.0000,4.9181,22.131
5046,250.000,0.313,0.313,52.192,52.192,4.790,0.781,0.781,8.058,8.058,61.344,1.25,35.00,33.0000,6.1344,27.605
5047,350.000,1.200,1.200,71.575,71.575,4.890,2.144,2.144,11.242,11.242,86.161,1.25,35.00,33.0000,8.6161,38.772
5048,500.000,5.000,5.000,99.206,99.206,5.040,6.250,6.250,15.979,15.979,126.435,1.25,35.00,33.0000,12.6435,56.896
5049,450.000,3.281,3.281,90.180,90.180,4.990,4.556,4.556,14.405,14.405,112.422,1.25,35.00,33.0000,11.2422,50.590
5050,300.000,0.648,0.648,61.983,61.983,4.840,1.350,1.350,9.653,9.653,73.634,1.25,35.00,33.0000,7.3634,33.135
5051,200.000,0.128,0.128,42.194,42.194,4.740,0.400,0.400,6.459,6.459,49.181,1.25,35.00,33.0000,4.9181,22.131
5052,250.000,0.313,0.313,52.192,52.192,4.790,0.781,0.781,8.058,8.058,61.344,1.25,35.00,33.0000,6.1344,27.605
5053,350.000,1.200,1.200,71.575,71.575,4.890,2.144,2.144,11.242,11.242,86.161,1.25,35.00,33.0000,8.6161,38.772
5054,500.000,5.000,5.000,99.206,99.206,5.040,6.250,6.250,15.979,15.979,126.435,1.25,35.00,33.0000,12.6435,56.896
5055,450.000,3.281,3.281,90.180,90.180,4.990,4.556,4.556,14.405,14.405,112.422,1.25,35.00,33.0000,11.2422,50.590
5056,300.000,0.648,0.648,61.983,61.983,4.840,1.350,1.350,9.653,9.653,73.634,1.25,35.00,33.0000,7.3634,33.135
5057,200.000,0.128,0.128,42.194,42.194,4.740,0.400,0.400,6.459,6.459,49.181,1.25,35.00,33.0000,4.9181,22.131
5058,250.000,0.313,0.313,52.192,52.192,4.790,0.781,0.781,8.058,8.058,61.344,1.25,35.00,33.0000,6.1344,27.605
5059,350.000,1.200,1.200,71.575,71.575,4.890,2.144,2.144,11.242,11.242,86.161,1.25,35.00,33.0000,8.6161,38.772
5060,500.000,5.000,5.000,99.206,99.206,5.040,6.250,6.250,15.979,15.979,126.435,1.25,35.00,33.0000,12.6435,56.896
5061,450.000,3.281,3.281,90.180,90.180,4.990,4.556,4.556,14.405,14.405,112.422,1.25,35.00,33.0000,11.2422,50.590
5062,300.000,0.648,0.648,61.983,61.983,4.840,1.350,1.350,9.653,9.653,73.634,1.25,35.00,33.0000,7.3634,33.135
5063,200.000,0.128,0.128,42.194,42.194,4.740,0.400,0.400,6.459,6.459,49.181,1.25,35.00,33.0000,4.9181,22.131
5064,250.000,0.313,0.313,52.192,52.192,4.790,0.781,0.781,8.058,8.058,61.344,1.25,35.00,33.0000,6.1344,27.605
5065,350.000,1.200,1.200,71.575,71.575,4.890,2.144,2.144,11.242,11.242,86.161,1.25,35.00,33.0000,8.6161,38.772
5066,500.000,5.000,5.000,99.206,99.206,5.040,6.250,6.250,15.979,15.979,126.435,1.25,35.00,33.0000,12.6435,56.896
5067,450.000,3.281,3.281,90.180,90.180,4.990,4.556,4.556,14.405,14.405,112.422,1.25,35.00,33.0000,11.2422,50.590
5068,300.000,0.648,0.648,61.983,61.983,4.840,1.350,1.350,9.653,9.653,73.634,1.25,35.00,33.0000,7.3634,33.135
5069,200.000,0.128,0.128,42.194,42.194,4.740,0.400,0.400,6.459,6.459,49.181,1.25,35.00,33.0000,4.9181,22.131
5070,250.000,0.313,0.313,52.192,52.192,4.790,0.781,0.781,8.058,8.058,61.344,1.25,35.00,33.0000,6.1344,27.605
5071,350.000,1.200,1.200,71.575,71.575,4.890,2.144,2.144,11.242,11.242,86.161,1.25,35.00,33.0000,8.6161,38.772
5072,500.000,5.000,5.000,99.206,99.206,5.040,6.250,6.250,15.979,15.979,126.435,1.25,35.00,33.0000,12.6435,56.896
5073,450.000,3.281,3.281,90.180,90.180,4.990,4.556,4.556,14.405,14.405,112.422,1.25,35.00,33.0000,11.2422,50.590
5074,300.000,0.648,0.648,61.983,61.983,4.840,1.350,1.350,9.653,9.653,73.634,1.25,35.00,33.0000,7.3634,33.135
5075,200.000,0.128,0.128,42.194,42.194,4.740,0.400,0.400,6.459,6.459,49.181,1.25,35.00,33.0000,4.9181,22.131
5076,250.000,0.313,0.313,52.192,52.192,4.790,0.781,0.781,8.058,8.058,61.344,1.25,35.00,33.0000,6.1344,27.605
5077,350.000,1.200,1.200,71.575,71.575,4.890,2.144,2.144,11.242,11.242,86.161,1.25,35.00,33.0000,8.6161,38.772
5078,500.000,5.000,5.000,99.206,99.206,5.040,6.250,6.250,15.979,15.979,126.435,1.25,35.00,33.0000,12.6435,56.896
5079,450.000,3.281,3.281,90.180,90.180,4.990,4.556,4.556,14.405,14.405,112.422,1.25,35.00,33.0000,11.2422,50.590
5080,300.000,0.648,0.648,61.983,61.983,4.840,1.350,1.350,9.653,9.653,73.634,1.25,35.00,33.0000,7.3634,33.135
5081,200.000,0.128,0.128,42.194,42.194,4.740,0.400,0.400,6.459,6.459,49.181,1.25,35.00,33.0000,4.9181,22.131
5082,250.000,0.313,0.313,52.192,52.192,4.790,0.781,0.781,8.058,8.058,61.344,1.25,35.00,33.0000,6.1344,27.605
5083,350.000,1.200,1.200,71.575,71.575,4.890,2.144,2.144,11.242,11.242,86.161,1.25,35.00,33.0000,8.6161,38.772
5084,500.000,5.000,5.000,99.206,99.206,5.040,6.250,6.250,15.979,15.979,126.435,1.25,35.00,33.0000,12.6435,56.896
5085,450.000,3.281,3.281,90.180,90.180,4.990,4.556,4.556,14.405,14.405,112.422,1.25,35.00,33.0000,11.2422,50.590
5086,300.000,0.648,0.648,61.983,61.983,4.840,1.350,1.350,9.653,9.653,73.634,1.25,35.00,33.0000,7.3634,33.135
5087,200.000,0.128,0.128,42.194,42.194,4.740,0.400,0.400,6.459,6.459,49.181,1.25,35.00,33.0000,4.9181,22.131
5088,250.000,0.313,0.313,52.192,52.192,4.790,0.781,0.781,8.058,8.058,61.344,1.25,35.00,33.0000,6.1344,27.605
5089,350.000,1.200,1.200,71.575,71.575,4.890,2.144,2.144,11.242,11.242,86.161,1.25,35.00,33.0000,8.6161,38.772
5090,500.000,5.000,5.000,99.206,99.206,5.040,6.250,6.250,15.979,15.979,126.435,1.25,35.00,33.0000,12.6435,56.896
5091,450.000,3.281,3.281,90.180,90.180,4.990,4.556,4.556,14.405,14.405,112.422,1.25,35.00,33.0000,11.2422,50.590
5092,300.000,0.648,0.648,61.983,61.983,4.840,1.350,1.350,9.653,9.653,73.634,1.25,35.00,33.0000,7.3634,33.135
5093,200.000,0.128,0.128,42.194,42.194,4.740,0.400,0.400,6.459,6.459,49.181,1.25,35.00,33.0000,4.9181,22.131
5094,250.000,0.313,0.313,52.192,52.192,4.790,0.781,0.781,8.058,8.058,61.344,1.25,35.00,33.0000,6.1344,27.605
5095,350.000,1.200,1.200,71.575,71.575,4.890,2.144,2.144,11.242,11.242,86.161,1.25,35.00,33.0000,8.6161,38.772
5096,500.000,5.000,5.000,99.206,99.206,5.040,6.250,6.250,15.979,15.979,126.435,1.25,35.00,33.0000,12.6435,56.896
5097,450.000,3.281,3.281,90.180,90.180,4.990,4.556,4.556,14.405,14.405,112.422,1.25,35.00,33.0000,11.2422,50.590
5098,300.000,0.648,0.648,61.983,61.983,4.840,1.350,1.350,9.653,9.653,73.634,1.25,35.00,33.0000,7.3634,33.135
5099,200.000,0.128,0.128,42.194,42.194,4.740,0.400,0.400,6.459,6.459,49.181,1.25,35.00,33.0000,4.9181,22.131
5100,250.000,0.313,0.313,52.192,52.192,4.790,0.781,0.781,8.058,8.058,61.344,1.25,35.00,33.0000,6.1344,27.605
5101,350.000,1.200,1.200,71.575,71.575,4.890,2.144,2.144,11.242,11.242,86.161,1.25,35.00,33.0000,8.6161,38.772
5102,500.000,5.000,5.000,99.206,99.206,5.040,6.250,6.250,15.979,15.979,126.435,1.25,35.00,33.0000,12.6435,56.896
5103,450.000,3.281,3.281,90.180,90.180,4.990,4.556,4.556,14.405,14.405,112.422,1.25,35.00,33.0000,11.2422,50.590
5104,300.000,0.648,0.648,61.983,61.983,4.840,1.350,1.350,9.653,9.653,73.634,1.25,35.00,33.0000,7.3634,33.135
5105,200.000,0.128,0.128,42.194,42.194,4.740,0.400,0.400,6.459,6.459,49.181,1.25,35.00,33.0000,4.9181,22.131
5106,250.000,0.313,0.313,52.192,52.192,4.790,0.781,0.781,8.058,8.058,61.344,1.25,35.00,33.0000,6.1344,27.605
5107,350.000,1.200,1.200,71.575,71.575,4.890,2.144,2.144,11.242,11.242,86.161,1.25,35.00,33.0000,8.6161,38.772
5108,500.000,5.000,5.000,99.206,99.206,5.040,6.250,6.250,15.979,15.979,126.435,1.25,35.00,33.0000,12.6435,56.896
5109,450.000,3.281,3.281,90.180,90.180,4.990,4.556,4.556,14.405,14.405,112.422,1.25,35.00,33.0000,11.2422,50.590
5110,300.000,0.648,0.648,61.983,61.983,4.840,1.350,1.350,9.653,9.653,73.634,1.25,35.00,33.0000,7.3634,33.135
5111,200.000,0.128,0.128,42.194,42.194,4.740,0.400,0.400,6.459,6.459,49.181,1.25,35.00,33.0000,4.9181,22.131
5112,250.000,0.313,0.313,52.192,52.192,4.790,0.781,0.781,8.058,8.058,61.344,1.25,35.00,33.0000,6.1344,27.605
5113,350.000,1.200,1.200,71.575,71.575,4.890,2.144,2.144,11.242,11.242,86.161,1.25,35.00,33.0000,8.6161,38.772
5114,500.000,5.000,5.000,99.206,99.206,5.040,6.250,6.250,15.979,15.979,126.435,1.25,35.00,33.0000,12.6435,56.896
5115,450.000,3.281,3.281,90.180,90.180,4.990,4.556,4.556,14.405,14.405,112.422,1.25,35.00,33.0000,11.2422,50.590
5116,300.000,0.648,0.648,61.983,61.983,4.840,1.350,1.350,9.653,9.653,73.634,1.25,35.00,33.0000,7.3634,33.135
5117,200.000,0.128,0.128,42.194,42.194,4.740,0.400,0.400,6.459,6.459,49.181,1.25,35.00,33.0000,4.9181,22.131
5118,250.000,0.313,0.313,52.192,52.192,4.790,0.781,0.781,8.058,8.058,61.344,1.25,35.00,33.0000,6.1344,27.605
5119,350.000,1.200,1.200,71.575,71.575,4.890,2.144,2.144,11.242,11.242,86.161,1.25,35.00,33.0000,8.6161,38.772
5120,500.000,5.000,5.000,99.206,99.206,5.040,6.250,6.250,15.979,15.979,126.435,1.25,35.00,33.0000,12.6435,56.896
5121,450.000,3.281,3.281,90.180,90.180,4.990,4.556,4.556,14.405,14.405,112.422,1.25,35.00,33.0000,11.2422,50.590
5122,300.000,0.648,0.648,61.983,61.983,4.840,1.350,1.350,9.653,9.653,73.634,1.25,35.00,33.0000,7.3634,33.135
5123,200.000,0.128,0.128,42.194,42.194,4.740,0.400,0.400,6.459,6.459,49.181,1.25,35.00,33.0000,4.9181,22.131
5124,250.000,0.313,0.313,52.192,52.192,4.790,0.781,0.781,8.058,8.058,61.344,1.25,35.00,33.0000,6.1344,27.605
5125,350.000,1.200,1.200,71.575,71.575,4.890,2.144,2.144,11.242,11.242,86.161,1.25,35.00,33.0000,8.6161,38.772
5126,500.000,5.000,5.000,99.206,99.206,5.040,6.250,6.250,15.979,15.979,126.435,1.25,35.00,33.0000,12.6435,56.896
5127,450.000,3.281,3.281,90.180,90.180,4.990,4.556,4.556,14.405,14.405,112.422,1.25,35.00,33.0000,11.2422,50.590
5128,300.000,0.648,0.648,61.983,61.983,4.840,1.350,1.350,9.653,9.653,73.634,1.25,35.00,33.0000,7.3634,33.135
5129,200.000,0.128,0.128,42.194,42.194,4.740,0.400,0.400,6.459,6.459,49.181,1.25,35.00,33.0000,4.9181,22.131
5130,250.000,0.313,0.313,52.192,52.192,4.790,0.781,0.781,8.058,8.058,61.344,1.25,35.00,33.0000,6.1344,27.605
5131,350.000,1.200,1.200,71.575,71.575,4.890,2.144,2.144,11.242,11.242,86.161,1.25,35.00,33.0000,8.6161,38.772
5132,500.000,5.000,5.000,99.206,99.206,5.040,6.250,6.250,15.979,15.979,126.435,1.25,35.00,33.0000,12.6435,56.896
5133,450.000,3.281,3.281,90.180,90.180,4.990,4.556,4.556,14.405,14.405,112.422,1.25,35.00,33.0000,11.2422,50.590
5134,300.000,0.648,0.648,61.983,61.983,4.840,1.350,1.350,9.653,9.653,73.634,1.25,35.00,33.0000,7.3634,33.135
5135,200.000,0.128,0.128,42.194,42.194,4.740,0.400,0.400,6.459,6.459,49.181,1.25,35.00,33.0000,4.9181,22.131
5136,250.000,0.313,0.313,52.192,52.192,4.790,0.781,0.781,8.058,8.058,61.344,1.25,35.00,33.0000,6.1344,27.605
5137,350.000,1.200,1.200,71.575,71.575,4.890,2.144,2.144,11.242,11.242,86.161,1.25,35.00,33.0000,8.6161,38.772
5138,500.000,5.000,5.000,99.206,99.206,5.040,6.250,6.250,15.979,15.979,126.435,1.25,35.00,33.0000,12.6435,56.896
5139,450.000,3.281,3.281,90.180,90.180,4.990,4.556,4.556,14.405,14.405,112.422,1.25,35.00,33.0000,11.2422,50.590
5140,300.000,0.648,0.648,61.983,61.983,4.840,1.350,1.350,9.653,9.653,73.634,1.25,35.00,33.0000,7.3634,33.135
5141,200.000,0.128,0.128,42.194,42.194,4.740,0.400,0.400,6.459,6.459,49.181,1.25,35.00,33.0000,4.9181,22.131
5142,250.000,0.313,0.313,52.192,52.192,4.790,0.781,0.781,8.058,8.058,61.344,1.25,35.00,33.0000,6.1344,27.605
5143,350.000,1.200,1.200,71.575,71.575,4.890,2.144,2.144,11.242,11.242,86.161,1.25,35.00,33.0000,8.6161,38.772
5144,500.000,5.000,5.000,99.206,99.206,5.040,6.250,6.250,15.979,15.979,126.435,1.25,35.00,33.0000,12.6435,56.896
5145,450.000,3.281,3.281,90.180,90.180,4.990,4.556,4.556,14.405,14.405,112.422,1.25,35.00,33.0000,11.2422,50.590
5146,300.000,0.648,0.648,61.983,61.983,4.840,1.350,1.350,9.653,9.653,73.634,1.25,35.00,33.0000,7.3634,33.135
5147,200.000,0.128,0.128,42.194,42.194,4.740,0.400,0.400,6.459,6.459,49.181,1.25,35.00,33.0000,4.9181,22.131
5148,250.000,0.313,0.313,52.192,52.192,4.790,0.781,0.781,8.058,8.058,61.344,1.25,35.00,33.0000,6.1344,27.605
5149,350.000,1.200,1.200,71.575,71.575,4.890,2.144,2.144,11.242,11.242,86.161,1.25,35.00,33.0000,8.6161,38.772
5150,500.000,5.000,5.000,99.206,99.206,5.040,6.250,6.250,15.979,15.979,126.435,1.25,35.00,33.0000,12.6435,56.896
5151,450.000,3.281,3.281,90.180,90.180,4.990,4.556,4.556,14.405,14.405,112.422,1.25,35.00,33.0000,11.2422,50.590
5152,300.000,0.648,0.648,61.983,61.983,4.840,1.350,1.350,9.653,9.653,73.634,1.25,35.00,33.0000,7.3634,33.135
5153,200.000,0.128,0.128,42.194,42.194,4.740,0.400,0.400,6.459,6.459,49.181,1.25,35.00,33.0000,4.9181,22.131
5154,250.000,0.313,0.313,52.192,52.192,4.790,0.781,0.781,8.058,8.058,61.344,1.25,35.00,33.0000,6.1344,27.605
5155,350.000,1.200,1.200,71.575,71.575,4.890,2.144,2.144,11.242,11.242,86.161,1.25,35.00,33.0000,8.6161,38.772
5156,500.000,5.000,5.000,99.206,99.206,5.040,6.250,6.250,15.979,15.979,126.435,1.25,35.00,33.0000,12.6435,56.896
5157,450.000,3.281,3.281,90.180,90.180,4.990,4.556,4.556,14.405,14.405,112.422,1.25,35.00,33.0000,11.2422,50.590
5158,300.000,0.648,0.648,61.983,61.983,4.840,1.350,1.350,9.653,9.653,73.634,1.25,35.00,33.0000,7.3634,33.135
5159,200.000,0.128,0.128,42.194,42.194,4.740,0.400,0.400,6.459,6.459,49.181,1.25,35.00,33.0000,4.9181,22.131
5160,250.000,0.313,0.313,52.192,52.192,4.790,0.781,0.781,8.058,8.058,61.344,1.25,35.00,33.0000,6.1344,27.605
5161,350.000,1.200,1.200,71.575,71.575,4.890,2.144,2.144,11.242,11.242,86.161,1.25,35.00,33.0000,8.6161,38.772
5162,500.000,5.000,5.000,99.206,99.206,5.040,6.250,6.250,15.979,15.979,126.435,1.25,35.00,33.0000,12.6435,56.896
5163,450.000,3.281,3.281,90.180,90.180,4.990,4.556,4.556,14.405,14.405,112.422,1.25,35.00,33.0000,11.2422,50.590
5164,300.000,0.648,0.648,61.983,61.983,4.840,1.350,1.350,9.653,9.653,73.634,1.25,35.00,33.0000,7.3634,33.135
5165,200.000,0.128,0.128,42.194,42.194,4.740,0.400,0.400,6.459,6.459,49.181,1.25,35.00,33.0000,4.9181,22.131
5166,250.000,0.313,0.313,52.192,52.192,4.790,0.781,0.781,8.058,8.058,61.344,1.25,35.00,33.0000,6.1344,27.605
5167,350.000,1.200,1.200,71.575,71.575,4.890,2.144,2.144,11.242,11.242,86.161,1.25,35.00,33.0000,8.6161,38.772
5168,500.000,5.000,5.000,99.206,99.206,5.040,6.250,6.250,15.979,15.979,126.435,1.25,35.00,33.0000,12.6435,56.896
5169,450.000,3.281,3.281,90.180,90.180,4.990,4.556,4.556,14.405,14.405,112.422,1.25,35.00,33.0000,11.2422,50.590
5170,300.000,0.648,0.648,61.983,61.983,4.840,1.350,1.350,9.653,9.653,73.634,1.25,35.00,33.0000,7.3634,33.135
5171,200.000,0.128,0.128,42.194,42.194,4.740,0.400,0.400,6.459,6.459,49.181,1.25,35.00,33.0000,4.9181,22.131
5172,250.000,0.313,0.313,52.192,52.192,4.790,0.781,0.781,8.058,8.058,61.344,1.25,35.00,33.0000,6.1344,27.605
5173,350.000,1.200,1.200,71.575,71.575,4.890,2.144,2.144,11.242,11.242,86.161,1.25,35.00,33.0000,8.6161,38.772
5174,500.000,5.000,5.000,99.206,99.206,5.040,6.250,6.250,15.979,15.979,126.435,1.25,35.00,33.0000,12.6435,56.896
5175,450.000,3.281,3.281,90.180,90.180,4.990,4.556,4.556,14.405,14.405,112.422,1.25,35.00,33.0000,11.2422,50.590
5176,300.000,0.648,0.648,61.983,61.983,4.840,1.350,1.350,9.653,9.653,73.634,1.25,35.00,33.0000,7.3634,33.135
5177,200.000,0.128,0.128,42.194,42.194,4.740,0.400,0.400,6.459,6.459,49.181,1.25,35.00,33.0000,4.9181,22.131
5178,250.000,0.313,0.313,52.192,52.192,4.790,0.781,0.781,8.058,8.058,61.344,1.25,35.00,33.0000,6.1344,27.605
5179,350.000,1.200,1.200,71.575,71.575,4.890,2.144,2.144,11.242,11.242,86.161,1.25,35.00,33.0000,8.6161,38.772
5180,500.000,5.000,5.000,99.206,99.206,5.040,6.250,6.250,15.979,15.979,126.435,1.25,35.00,33.0000,12.6435,56.896
5181,450.000,3.281,3.281,90.180,90.180,4.990,4.556,4.556,14.405,14.405,112.422,1.25,35.00,33.0000,11.2422,50.590
5182,300.000,0.648,0.648,61.983,61.983,4.840,1.350,1.350,9.653,9.653,73.634,1.25,35.00,33.0000,7.3634,33.135
5183,200.000,0.128,0.128,42.194,42.194,4.740,0.400,0.400,6.459,6.459,49.181,1.25,35.00,33.0000,4.9181,22.131
5184,250.000,0.313,0.313,52.192,52.192,4.790,0.781,0.781,8.058,8.058,61.344,1.25,35.00,33.0000,6.1344,27.605
5185,350.000,1.200,1.200,71.575,71.575,4.890,2.144,2.144,11.242,11.242,86.161,1.25,35.00,33.0000,8.6161,38.772
5186,500.000,5.000,5.000,99.206,99.206,5.040,6.250,6.250,15.979,15.979,126.435,1.25,35.00,33.0000,12.6435,56.896
5187,450.000,3.281,3.281,90.180,90.180,4.990,4.556,4.556,14.405,14.405,112.422,1.25,35.00,33.0000,11.2422,50.590
5188,300.000,0.648,0.648,61.983,61.983,4.840,1.350,1.350,9.653,9.653,73.634,1.25,35.00,33.0000,7.3634,33.135
5189,200.000,0.128,0.128,42.194,42.194,4.740,0.400,0.400,6.459,6.459,49.181,1.25,35.00,33.0000,4.9181,22.131
5190,250.000,0.313,0.313,52.192,52.192,4.790,0.781,0.781,8.058,8.058,61.344,1.25,35.00,33.0000,6.1344,27.605
5191,350.000,1.200,1.200,71.575,71.575,4.890,2.144,2.144,11.242,11.242,86.161,1.25,35.00,33.0000,8.6161,38.772
5192,500.000,5.000,5.000,99.206,99.206,5.040,6.250,6.250,15.979,15.979,126.435,1.25,35.00,33.0000,12.6435,56.896
5193,450.000,3.281,3.281,90.180,90.180,4.990,4.556,4.556,14.405,14.405,112.422,1.25,35.00,33.0000,11.2422,50.590
5194,300.000,0.648,0.648,61.983,61.983,4.840,1.350,1.350,9.653,9.653,73.634,1.25,35.00,33.0000,7.3634,33.135
5195,200.000,0.128,0.128,42.194,42.194,4.740,0.400,0.400,6.459,6.459,49.181,1.25,35.00,33.0000,4.9181,22.131
5196,250.000,0.313,0.313,52.192,52.192,4.790,0.781,0.781,8.058,8.058,61.344,1.25,35.00,33.0000,6.1344,27.605
5197,350.000,1.200,1.200,71.575,71.575,4.890,2.144,2.144,11.242,11.242,86.161,1.25,35.00,33.0000,8.6161,38.772
5198,500.000,5.000,5.000,99.206,99.206,5.040,6.250,6.250,15.979,15.979,126.435,1.25,35.00,33.0000,12.6435,56.896
5199,450.000,3.281,3.281,90.180,90.180,4.990,4.556,4.556,14.405,14.405,112.422,1.25,35.00,33.0000,11.2422,50.590
5200,300.000,0.648,0.648,61.983,61.983,4.840,1.350,1.350,9.653,9.653,73.634,1.25,35.00,33.0000,7.3634,33.135
5201,200.000,0.128,0.128,42.194,42.194,4.740,0.400,0.400,6.459,6.459,49.181,1.25,35.00,33.0000,4.9181,22.131
5202,250.000,0.313,0.313,52.192,52.192,4.790,0.781,0.781,8.058,8.058,61.344,1.25,35.00,33.0000,6.1344,27.605
5203,350.000,1.200,1.200,71.575,71.575,4.890,2.144,2.144,11.242,11.242,86.161,1.25,35.00,33.0000,8.6161,38.772
5204,500.000,5.000,5.000,99.206,99.206,5.040,6.250,6.250,15.979,15.979,126.435,1.25,35.00,33.0000,12.6435,56.896
5205,450.000,3.281,3.281,90.180,90.180,4.990,4.556,4.556,14.405,14.405,112.422,1.25,35.00,33.0000,11.2422,50.590
5206,300.000,0.648,0.648,61.983,61.983,4.840,1.350,1.350,9.653,9.653,73.634,1.25,35.00,33.0000,7.3634,33.135
5207,200.000,0.128,0.128,42.194,42.194,4.740,0.400,0.400,6.459,6.459,49.181,1.25,35.00,33.0000,4.9181,22.131
5208,250.000,0.313,0.313,52.192,52.192,4.790,0.781,0.781,8.058,8.058,61.344,1.25,35.00,33.0000,6.1344,27.605
5209,350.000,1.200,1.200,71.575,71.575,4.890,2.144,2.144,11.242,11.242,86.161,1.25,35.00,33.0000,8.6161,38.772
5210,500.000,5.000,5.000,99.206,99.206,5.040,6.250,6.250,15.979,15.979,126.435,1.25,35.00,33.0000,12.6435,56.896
5211,450.000,3.281,3.281,90.180,90.180,4.990,4.556,4.556,14.405,14.405,112.422,1.25,35.00,33.0000,11.2422,50.590
5212,300.000,0.648,0.648,61.983,61.983,4.840,1.350,1.350,9.653,9.653,73.634,1.25,35.00,33.0000,7.3634,33.135
5213,200.000,0.128,0.128,42.194,42.194,4.740,0.400,0.400,6.459,6.459,49.181,1.25,35.00,33.0000,4.9181,22.131
5214,250.000,0.313,0.313,52.192,52.192,4.790,0.781,0.781,8.058,8.058,61.344,1.25,35.00,33.0000,6.1344,27.605
5215,350.000,1.200,1.200,71.575,71.575,4.890,2.144,2.144,11.242,11.242,86.161,1.25,35.00,33.0000,8.6161,38.772
5216,500.000,5.000,5.000,99.206,99.206,5.040,6.250,6.250,15.979,15.979,126.435,1.25,35.00,33.0000,12.6435,56.896
5217,450.000,3.281,3.281,90.180,90.180,4.990,4.556,4.556,14.405,14.405,112.422,1.25,35.00,33.0000,11.2422,50.590
5218,300.000,0.648,0.648,61.983,61.983,4.840,1.350,1.350,9.653,9.653,73.634,1.25,35.00,33.0000,7.3634,33.135
5219,200.000,0.128,0.128,42.194,42.194,4.740,0.400,0.400,6.459,6.459,49.181,1.25,35.00,33.0000,4.9181,22.131
5220,250.000,0.313,0.313,52.192,52.192,4.790,0.781,0.781,8.058,8.058,61.344,1.25,35.00,33.0000,6.1344,27.605
5221,350.000,1.200,1.200,71.575,71.575,4.890,2.144,2.144,11.242,11.242,86.161,1.25,35.00,33.0000,8.6161,38.772
5222,500.000,5.000,5.000,99.206,99.206,5.040,6.250,6.250,15.979,15.979,126.435,1.25,35.00,33.0000,12.6435,56.896
5223,450.000,3.281,3.281,90.180,90.180,4.990,4.556,4.556,14.405,14.405,112.422,1.25,35.00,33.0000,11.2422,50.590
5224,300.000,0.648,0.648,61.983,61.983,4.840,1.350,1.350,9.653,9.653,73.634,1.25,35.00,33.0000,7.3634,33.135
5225,200.000,0.128,0.128,42.194,42.194,4.740,0.400,0.400,6.459,6.459,49.181,1.25,35.00,33.0000,4.9181,22.131
5226,250.000,0.313,0.313,52.192,52.192,4.790,0.781,0.781,8.058,8.058,61.344,1.25,35.00,33.0000,6.1344,27.605
5227,350.000,1.200,1.200,71.575,71.575,4.890,2.144,2.144,11.242,11.242,86.161,1.25,35.00,33.0000,8.6161,38.772
5228,500.000,5.000,5.000,99.206,99.206,5.040,6.250,6.250,15.979,15.979,126.435,1.25,35.00,33.0000,12.6435,56.896
5229,450.000,3.281,3.281,90.180,90.180,4.990,4.556,4.556,14.405,14.405,112.422,1.25,35.00,33.0000,11.2422,50.590
5230,300.000,0.648,0.648,61.983,61.983,4.840,1.350,1.350,9.653,9.653,73.634,1.25,35.00,33.0000,7.3634,33.135
5231,200.000,0.128,0.128,42.194,42.194,4.740,0.400,0.400,6.459,6.459,49.181,1.25,35.00,33.0000,4.9181,22.131
5232,250.000,0.313,0.313,52.192,52.192,4.790,0.781,0.781,8.058,8.058,61.344,1.25,35.00,33.0000,6.1344,27.605
5233,350.000,1.200,1.200,71.575,71.575,4.890,2.144,2.144,11.242,11.242,86.161,1.25,35.00,33.0000,8.6161,38.772
5234,500.000,5.000,5.000,99.206,99.206,5.040,6.250,6.250,15.979,15.979,126.435,1.25,35.00,33.0000,12.6435,56.896
5235,450.000,3.281,3.281,90.180,90.180,4.990,4.556,4.556,14.405,14.405,112.422,1.25,35.00,33.0000,11.2422,50.590
5236,300.000,0.648,0.648,61.983,61.983,4.840,1.350,1.350,9.653,9.653,73.634,1.25,35.00,33.0000,7.3634,33.135
5237,200.000,0.128,0.128,42.194,42.194,4.740,0.400,0.400,6.459,6.459,49.181,1.25,35.00,33.0000,4.9181,22.131
5238,250.000,0.313,0.313,52.192,52.192,4.790,0.781,0.781,8.058,8.058,61.344,1.25,35.00,33.0000,6.1344,27.605
5239,350.000,1.200,1.200,71.575,71.575,4.890,2.144,2.144,11.242,11.242,86.161,1.25,35.00,33.0000,8.6161,38.772
5240,500.000,5.000,5.000,99.206,99.206,5.040,6.250,6.250,15.979,15.979,126.435,1.25,35.00,33.0000,12.6435,56.896
5241,450.000,3.281,3.281,90.180,90.180,4.990,4.556,4.556,14.405,14.405,112.422,1.25,35.00,33.0000,11.2422,50.590
5242,300.000,0.648,0.648,61.983,61.983,4.840,1.350,1.350,9.653,9.653,73.634,1.25,35.00,33.0000,7.3634,33.135
5243,200.000,0.128,0.128,42.194,42.194,4.740,0.400,0.400,6.459,6.459,49.181,1.25,35.00,33.0000,4.9181,22.131
5244,250.000,0.313,0.313,52.192,52.192,4.790,0.781,0.781,8.058,8.058,61.344,1.25,35.00,33.0000,6.1344,27.605
5245,350.000,1.200,1.200,71.575,71.575,4.890,2.144,2.144,11.242,11.242,86.161,1.25,35.00,33.0000,8.6161,38.772
5246,500.000,5.000,5.000,99.206,99.206,5.040,6.250,6.250,15.979,15.979,126.435,1.25,35.00,33.0000,12.6435,56.896
5247,450.000,3.281,3.281,90.180,90.180,4.990,4.556,4.556,14.405,14.405,112.422,1.25,35.00,33.0000,11.2422,50.590
5248,300.000,0.648,0.648,61.983,61.983,4.840,1.350,1.350,9.653,9.653,73.634,1.25,35.00,33.0000,7.3634,33.135
5249,200.000,0.128,0.128,42.194,42.194,4.740,0.400,0.400,6.459,6.459,49.181,1.25,35.00,33.0000,4.9181,22.131
5250,250.000,0.313,0.313,52.192,52.192,4.790,0.781,0.781,8.058,8.058,61.344,1.25,35.00,33.0000,6.1344,27.605
5251,350.000,1.200,1.200,71.575,71.575,4.890,2.144,2.144,11.242,11.242,86.161,1.25,35.00,33.0000,8.6161,38.772
5252,500.000,5.000,5.000,99.206,99.206,5.040,6.250,6.250,15.979,15.979,126.435,1.25,35.00,33.0000,12.6435,56.896
5253,450.000,3.281,3.281,90.180,90.180,4.990,4.556,4.556,14.405,14.405,112.422,1.25,35.00,33.0000,11.2422,50.590
5254,300.000,0.648,0.648,61.983,61.983,4.840,1.350,1.350,9.653,9.653,73.634,1.25,35.00,33.0000,7.3634,33.135
5255,200.000,0.128,0.128,42.194,42.194,4.740,0.400,0.400,6.459,6.459,49.181,1.25,35.00,33.0000,4.9181,22.131
5256,250.000,0.313,0.313,52.192,52.192,4.790,0.781,0.781,8.058,8.058,61.344,1.25,35.00,33.0000,6.1344,27.605
5257,350.000,1.200,1.200,71.575,71.575,4.890,2.144,2.144,11.242,11.242,86.161,1.25,35.00,33.0000,8.6161,38.772
5258,500.000,5.000,5.000,99.206,99.206,5.040,6.250,6.250,15.979,15.979,126.435,1.25,35.00,33.0000,12.6435,56.896
5259,450.000,3.281,3.281,90.180,90.180,4.990,4.556,4.556,14.405,14.405,112.422,1.25,35.00,33.0000,11.2422,50.590
5260,300.000,0.648,0.648,61.983,61.983,4.840,1.350,1.350,9.653,9.653,73.634,1.25,35.00,33.0000,7.3634,33.135
5261,200.000,0.128,0.128,42.194,42.194,4.740,0.400,0.400,6.459,6.459,49.181,1.25,35.00,33.0000,4.9181,22.131
5262,250.000,0.313,0.313,52.192,52.192,4.790,0.781,0.781,8.058,8.058,61.344,1.25,35.00,33.0000,6.1344,27.605
5263,350.000,1.200,1.200,71.575,71.575,4.890,2.144,2.144,11.242,11.242,86.161,1.25,35.00,33.0000,8.6161,38.772
5264,500.000,5.000,5.000,99.206,99.206,5.040,6.250,6.250,15.979,15.979,126.435,1.25,35.00,33.0000,12.6435,56.896
5265,450.000,3.281,3.281,90.180,90.180,4.990,4.556,4.556,14.405,14.405,112.422,1.25,35.00,33.0000,11.2422,50.590
5266,300.000,0.648,0.648,61.983,61.983,4.840,1.350,1.350,9.653,9.653,73.634,1.25,35.00,33.0000,7.3634,33.135
5267,200.000,0.128,0.128,42.194,42.194,4.740,0.400,0.400,6.459,6.459,49.181,1.25,35.00,33.0000,4.9181,22.131
5268,250.000,0.313,0.313,52.192,52.192,4.790,0.781,0.781,8.058,8.058,61.344,1.25,35.00,33.0000,6.1344,27.605
5269,350.000,1.200,1.200,71.575,71.575,4.890,2.144,2.144,11.242,11.242,86.161,1.25,35.00,33.0000,8.6161,38.772
5270,500.000,5.000,5.000,99.206,99.206,5.040,6.250,6.250,15.979,15.979,126.435,1.25,35.00,33.0000,12.6435,56.896
5271,450.000,3.281,3.281,90.180,90.180,4.990,4.556,4.556,14.405,14.405,112.422,1.25,35.00,33.0000,11.2422,50.590
5272,300.000,0.648,0.648,61.983,61.983,4.840,1.350,1.350,9.653,9.653,73.634,1.25,35.00,33.0000,7.3634,33.135
5273,200.000,0.128,0.128,42.194,42.194,4.740,0.400,0.400,6.459,6.459,49.181,1.25,35.00,33.0000,4.9181,22.131
5274,250.000,0.313,0.313,52.192,52.192,4.790,0.781,0.781,8.058,8.058,61.344,1.25,35.00,33.0000,6.1344,27.605
5275,350.000,1.200,1.200,71.575,71.575,4.890,2.144,2.144,11.242,11.242,86.161,1.25,35.00,33.0000,8.6161,38.772
5276,500.000,5.000,5.000,99.206,99.206,5.040,6.250,6.250,15.979,15.979,126.435,1.25,35.00,33.0000,12.6435,56.896
5277,450.000,3.281,3.281,90.180,90.180,4.990,4.556,4.556,14.405,14.405,112.422,1.25,35.00,33.0000,11.2422,50.590
5278,300.000,0.648,0.648,61.983,61.983,4.840,1.350,1.350,9.653,9.653,73.634,1.25,35.00,33.0000,7.3634,33.135
5279,200.000,0.128,0.128,42.194,42.194,4.740,0.400,0.400,6.459,6.459,49.181,1.25,35.00,33.0000,4.9181,22.131
5280,250.000,0.313,0.313,52.192,52.192,4.790,0.781,0.781,8.058,8.058,61.344,1.25,35.00,33.0000,6.1344,27.605
5281,350.000,1.200,1.200,71.575,71.575,4.890,2.144,2.144,11.242,11.242,86.161,1.25,35.00,33.0000,8.6161,38.772
5282,500.000,5.000,5.000,99.206,99.206,5.040,6.250,6.250,15.979,15.979,126.435,1.25,35.00,33.0000,12.6435,56.896
5283,450.000,3.281,3.281,90.180,90.180,4.990,4.556,4.556,14.405,14.405,112.422,1.25,35.00,33.0000,11.2422,50.590
5284,300.000,0.648,0.648,61.983,61.983,4.840,1.350,1.350,9.653,9.653,73.634,1.25,35.00,33.0000,7.3634,33.135
5285,200.000,0.128,0.128,42.194,42.194,4.740,0.400,0.400,6.459,6.459,49.181,1.25,35.00,33.0000,4.9181,22.131
5286,250.000,0.313,0.313,52.192,52.192,4.790,0.781,0.781,8.058,8.058,61.344,1.25,35.00,33.0000,6.1344,27.605
5287,350.000,1.200,1.200,71.575,71.575,4.890,2.144,2.144,11.242,11.242,86.161,1.25,35.00,33.0000,8.6161,38.772
5288,500.000,5.000,5.000,99.206,99.206,5.040,6.250,6.250,15.979,15.979,126.435,1.25,35.00,33.0000,12.6435,56.896
5289,450.000,3.281,3.281,90.180,90.180,4.990,4.556,4.556,14.405,14.405,112.422,1.25,35.00,33.0000,11.2422,50.590
5290,300.000,0.648,0.648,61.983,61.983,4.840,1.350,1.350,9.653,9.653,73.634,1.25,35.00,33.0000,7.3634,33.135
5291,200.000,0.128,0.128,42.194,42.194,4.740,0.400,0.400,6.459,6.459,49.181,1.25,35.00,33.0000,4.9181,22.131
5292,250.000,0.313,0.313,52.192,52.192,4.790,0.781,0.781,8.058,8.058,61.344,1.25,35.00,33.0000,6.1344,27.605
5293,350.000,1.200,1.200,71.575,71.575,4.890,2.144,2.144,11.242,11.242,86.161,1.25,35.00,33.0000,8.6161,38.772
5294,500.000,5.000,5.000,99.206,99.206,5.040,6.250,6.250,15.979,15.979,126.435,1.25,35.00,33.0000,12.6435,56.896
5295,450.000,3.281,3.281,90.180,90.180,4.990,4.556,4.556,14.405,14.405,112.422,1.25,35.00,33.0000,11.2422,50.590
5296,300.000,0.648,0.648,61.983,61.983,4.840,1.350,1.350,9.653,9.653,73.634,1.25,35.00,33.0000,7.3634,33.135
5297,200.000,0.128,0.128,42.194,42.194,4.740,0.400,0.400,6.459,6.459,49.181,1.25,35.00,33.0000,4.9181,22.131
5298,250.000,0.313,0.313,52.192,52.192,4.790,0.781,0.781,8.058,8.058,61.344,1.25,35.00,33.0000,6.1344,27.605
5299,350.000,1.200,1.200,71.575,71.575,4.890,2.144,2.144,11.242,11.242,86.161,1.25,35.00,33.0000,8.6161,38.772
5300,500.000,5.000,5.000,99.206,99.206,5.040,6.250,6.250,15.979,15.979,126.435,1.25,35.00,33.0000,12.6435,56.896
5301,450.000,3.281,3.281,90.180,90.180,4.990,4.556,4.556,14.405,14.405,112.422,1.25,35.00,33.0000,11.2422,50.590
5302,300.000,0.648,0.648,61.983,61.983,4.840,1.350,1.350,9.653,9.653,73.634,1.25,35.00,33.0000,7.3634,33.135
5303,200.000,0.128,0.128,42.194,42.194,4.740,0.400,0.400,6.459,6.459,49.181,1.25,35.00,33.0000,4.9181,22.131
5304,250.000,0.313,0.313,52.192,52.192,4.790,0.781,0.781,8.058,8.058,61.344,1.25,35.00,33.0000,6.1344,27.605
5305,350.000,1.200,1.200,71.575,71.575,4.890,2.144,2.144,11.242,11.242,86.161,1.25,35.00,33.0000,8.6161,38.772
5306,500.000,5.000,5.000,99.206,99.206,5.040,6.250,6.250,15.979,15.979,126.435,1.25,35.00,33.0000,12.6435,56.896
5307,450.000,3.281,3.281,90.180,90.180,4.990,4.556,4.556,14.405,14.405,112.422,1.25,35.00,33.0000,11.2422,50.590
5308,300.000,0.648,0.648,61.983,61.983,4.840,1.350,1.350,9.653,9.653,73.634,1.25,35.00,33.0000,7.3634,33.135
5309,200.000,0.128,0.128,42.194,42.194,4.740,0.400,0.400,6.459,6.459,49.181,1.25,35.00,33.0000,4.9181,22.131
5310,250.000,0.313,0.313,52.192,52.192,4.790,0.781,0.781,8.058,8.058,61.344,1.25,35.00,33.0000,6.1344,27.605
5311,350.000,1.200,1.200,71.575,71.575,4.890,2.144,2.144,11.242,11.242,86.161,1.25,35.00,33.0000,8.6161,38.772
5312,500.000,5.000,5.000,99.206,99.206,5.040,6.250,6.250,15.979,15.979,126.435,1.25,35.00,33.0000,12.6435,56.896
5313,450.000,3.281,3.281,90.180,90.180,4.990,4.556,4.556,14.405,14.405,112.422,1.25,35.00,33.0000,11.2422,50.590
5314,300.000,0.648,0.648,61.983,61.983,4.840,1.350,1.350,9.653,9.653,73.634,1.25,35.00,33.0000,7.3634,33.135
5315,200.000,0.128,0.128,42.194,42.194,4.740,0.400,0.400,6.459,6.459,49.181,1.25,35.00,33.0000,4.9181,22.131
5316,250.000,0.313,0.313,52.192,52.192,4.790,0.781,0.781,8.058,8.058,61.344,1.25,35.00,33.0000,6.1344,27.605
5317,350.000,1.200,1.200,71.575,71.575,4.890,2.144,2.144,11.242,11.242,86.161,1.25,35.00,33.0000,8.6161,38.772
5318,500.000,5.000,5.000,99.206,99.206,5.040,6.250,6.250,15.979,15.979,126.435,1.25,35.00,33.0000,12.6435,56.896
5319,450.000,3.281,3.281,90.180,90.180,4.990,4.556,4.556,14.405,14.405,112.422,1.25,35.00,33.0000,11.2422,50.590
5320,300.000,0.648,0.648,61.983,61.983,4.840,1.350,1.350,9.653,9.653,73.634,1.25,35.00,33.0000,7.3634,33.135
5321,200.000,0.128,0.128,42.194,42.194,4.740,0.400,0.400,6.459,6.459,49.181,1.25,35.00,33.0000,4.9181,22.131
5322,250.000,0.313,0.313,52.192,52.192,4.790,0.781,0.781,8.058,8.058,61.344,1.25,35.00,33.0000,6.1344,27.605
5323,350.000,1.200,1.200,71.575,71.575,4.890,2.144,2.144,11.242,11.242,86.161,1.25,35.00,33.0000,8.6161,38.772
5324,500.000,5.000,5.000,99.206,99.206,5.040,6.250,6.250,15.979,15.979,126.435,1.25,35.00,33.0000,12.6435,56.896
5325,450.000,3.281,3.281,90.180,90.180,4.990,4.556,4.556,14.405,14.405,112.422,1.25,35.00,33.0000,11.2422,50.590
5326,300.000,0.648,0.648,61.983,61.983,4.840,1.350,1.350,9.653,9.653,73.634,1.25,35.00,33.0000,7.3634,33.135
5327,200.000,0.128,0.128,42.194,42.194,4.740,0.400,0.400,6.459,6.459,49.181,1.25,35.00,33.0000,4.9181,22.131
5328,250.000,0.313,0.313,52.192,52.192,4.790,0.781,0.781,8.058,8.058,61.344,1.25,35.00,33.0000,6.1344,27.605
5329,350.000,1.200,1.200,71.575,71.575,4.890,2.144,2.144,11.242,11.242,86.161,1.25,35.00,33.0000,8.6161,38.772
5330,500.000,5.000,5.000,99.206,99.206,5.040,6.250,6.250,15.979,15.979,126.435,1.25,35.00,33.0000,12.6435,56.896
5331,450.000,3.281,3.281,90.180,90.180,4.990,4.556,4.556,14.405,14.405,112.422,1.25,35.00,33.0000,11.2422,50.590
5332,300.000,0.648,0.648,61.983,61.983,4.840,1.350,1.350,9.653,9.653,73.634,1.25,35.00,33.0000,7.3634,33.135
5333,200.000,0.128,0.128,42.194,42.194,4.740,0.400,0.400,6.459,6.459,49.181,1.25,35.00,33.0000,4.9181,22.131
5334,250.000,0.313,0.313,52.192,52.192,4.790,0.781,0.781,8.058,8.058,61.344,1.25,35.00,33.0000,6.1344,27.605
5335,350.000,1.200,1.200,71.575,71.575,4.890,2.144,2.144,11.242,11.242,86.161,1.25,35.00,33.0000,8.6161,38.772
5336,500.000,5.000,5.000,99.206,99.206,5.040,6.250,6.250,15.979,15.979,126.435,1.25,35.00,33.0000,12.6435,56.896
5337,450.000,3.281,3.281,90.180,90.180,4.990,4.556,4.556,14.405,14.405,112.422,1.25,35.00,33.0000,11.2422,50.590
5338,300.000,0.648,0.648,61.983,61.983,4.840,1.350,1.350,9.653,9.653,73.634,1.25,35.00,33.0000,7.3634,33.135
5339,200.000,0.128,0.128,42.194,42.194,4.740,0.400,0.400,6.459,6.459,49.181,1.25,35.00,33.0000,4.9181,22.131
5340,250.000,0.313,0.313,52.192,52.192,4.790,0.781,0.781,8.058,8.058,61.344,1.25,35.00,33.0000,6.1344,27.605
5341,350.000,1.200,1.200,71.575,71.575,4.890,2.144,2.144,11.242,11.242,86.161,1.25,35.00,33.0000,8.6161,38.772
5342,500.000,5.000,5.000,99.206,99.206,5.040,6.250,6.250,15.979,15.979,126.435,1.25,35.00,33.0000,12.6435,56.896
5343,450.000,3.281,3.281,90.180,90.180,4.990,4.556,4.556,14.405,14.405,112.422,1.25,35.00,33.0000,11.2422,50.590
5344,300.000,0.648,0.648,61.983,61.983,4.840,1.350,1.350,9.653,9.653,73.634,1.25,35.00,33.0000,7.3634,33.135
5345,200.000,0.128,0.128,42.194,42.194,4.740,0.400,0.400,6.459,6.459,49.181,1.25,35.00,33.0000,4.9181,22.131
5346,250.000,0.313,0.313,52.192,52.192,4.790,0.781,0.781,8.058,8.058,61.344,1.25,35.00,33.0000,6.1344,27.605
5347,350.000,1.200,1.200,71.575,71.575,4.890,2.144,2.144,11.242,11.242,86.161,1.25,35.00,33.0000,8.6161,38.772
5348,500.000,5.000,5.000,99.206,99.206,5.040,6.250,6.250,15.979,15.979,126.435,1.25,35.00,33.0000,12.6435,56.896
5349,450.000,3.281,3.281,90.180,90.180,4.990,4.556,4.556,14.405,14.405,112.422,1.25,35.00,33.0000,11.2422,50.590
5350,300.000,0.648,0.648,61.983,61.983,4.840,1.350,1.350,9.653,9.653,73.634,1.25,35.00,33.0000,7.3634,33.135
5351,200.000,0.128,0.128,42.194,42.194,4.740,0.400,0.400,6.459,6.459,49.181,1.25,35.00,33.0000,4.9181,22.131
5352,250.000,0.313,0.313,52.192,52.192,4.790,0.781,0.781,8.058,8.058,61.344,1.25,35.00,33.0000,6.1344,27.605
5353,350.000,1.200,1.200,71.575,71.575,4.890,2.144,2.144,11.242,11.242,86.161,1.25,35.00,33.0000,8.6161,38.772
5354,500.000,5.000,5.000,99.206,99.206,5.040,6.250,6.250,15.979,15.979,126.435,1.25,35.00,33.0000,12.6435,56.896
5355,450.000,3.281,3.281,90.180,90.180,4.990,4.556,4.556,14.405,14.405,112.422,1.25,35.00,33.0000,11.2422,50.590
5356,300.000,0.648,0.648,61.983,61.983,4.840,1.350,1.350,9.653,9.653,73.634,1.25,35.00,33.0000,7.3634,33.135
5357,200.000,0.128,0.128,42.194,42.194,4.740,0.400,0.400,6.459,6.459,49.181,1.25,35.00,33.0000,4.9181,22.131
5358,250.000,0.313,0.313,52.192,52.192,4.790,0.781,0.781,8.058,8.058,61.344,1.25,35.00,33.0000,6.1344,27.605
5359,350.000,1.200,1.200,71.575,71.575,4.890,2.144,2.144,11.242,11.242,86.161,1.25,35.00,33.0000,8.6161,38.772
5360,500.000,5.000,5.000,99.206,99.206,5.040,6.250,6.250,15.979,15.979,126.435,1.25,35.00,33.0000,12.6435,56.896
5361,450.000,3.281,3.281,90.180,90.180,4.990,4.556,4.556,14.405,14.405,112.422,1.25,35.00,33.0000,11.2422,50.590
5362,300.000,0.648,0.648,61.983,61.983,4.840,1.350,1.350,9.653,9.653,73.634,1.25,35.00,33.0000,7.3634,33.135
5363,200.000,0.128,0.128,42.194,42.194,4.740,0.400,0.400,6.459,6.459,49.181,1.25,35.00,33.0000,4.9181,22.131
5364,250.000,0.313,0.313,52.192,52.192,4.790,0.781,0.781,8.058,8.058,61.344,1.25,35.00,33.0000,6.1344,27.605
5365,350.000,1.200,1.200,71.575,71.575,4.890,2.144,2.144,11.242,11.242,86.161,1.25,35.00,33.0000,8.6161,38.772
5366,500.000,5.000,5.000,99.206,99.206,5.040,6.250,6.250,15.979,15.979,126.435,1.25,35.00,33.0000,12.6435,56.896
5367,450.000,3.281,3.281,90.180,90.180,4.990,4.556,4.556,14.405,14.405,112.422,1.25,35.00,33.0000,11.2422,50.590
5368,300.000,0.648,0.648,61.983,61.983,4.840,1.350,1.350,9.653,9.653,73.634,1.25,35.00,33.0000,7.3634,33.135
5369,200.000,0.128,0.128,42.194,42.194,4.740,0.400,0.400,6.459,6.459,49.181,1.25,35.00,33.0000,4.9181,22.131
5370,250.000,0.313,0.313,52.192,52.192,4.790,0.781,0.781,8.058,8.058,61.344,1.25,35.00,33.0000,6.1344,27.605
5371,350.000,1.200,1.200,71.575,71.575,4.890,2.144,2.144,11.242,11.242,86.161,1.25,35.00,33.0000,8.6161,38.772
5372,500.000,5.000,5.000,99.206,99.206,5.040,6.250,6.250,15.979,15.979,126.435,1.25,35.00,33.0000,12.6435,56.896
5373,450.000,3.281,3.281,90.180,90.180,4.990,4.556,4.556,14.405,14.405,112.422,1.25,35.00,33.0000,11.2422,50.590
5374,300.000,0.648,0.648,61.983,61.983,4.840,1.350,1.350,9.653,9.653,73.634,1.25,35.00,33.0000,7.3634,33.135
5375,200.000,0.128,0.128,42.194,42.194,4.740,0.400,0.400,6.459,6.459,49.181,1.25,35.00,33.0000,4.9181,22.131
5376,250.000,0.313,0.313,52.192,52.192,4.790,0.781,0.781,8.058,8.058,61.344,1.25,35.00,33.0000,6.1344,27.605
5377,350.000,1.200,1.200,71.575,71.575,4.890,2.144,2.144,11.242,11.242,86.161,1.25,35.00,33.0000,8.6161,38.772
5378,500.000,5.000,5.000,99.206,99.206,5.040,6.250,6.250,15.979,15.979,126.435,1.25,35.00,33.0000,12.6435,56.896
5379,450.000,3.281,3.281,90.180,90.180,4.990,4.556,4.556,14.405,14.405,112.422,1.25,35.00,33.0000,11.2422,50.590
5380,300.000,0.648,0.648,61.983,61.983,4.840,1.350,1.350,9.653,9.653,73.634,1.25,35.00,33.0000,7.3634,33.135
5381,200.000,0.128,0.128,42.194,42.194,4.740,0.400,0.400,6.459,6.459,49.181,1.25,35.00,33.0000,4.9181,22.131
5382,250.000,0.313,0.313,52.192,52.192,4.790,0.781,0.781,8.058,8.058,61.344,1.25,35.00,33.0000,6.1344,27.605
5383,350.000,1.200,1.200,71.575,71.575,4.890,2.144,2.144,11.242,11.242,86.161,1.25,35.00,33.0000,8.6161,38.772
5384,500.000,5.000,5.000,99.206,99.206,5.040,6.250,6.250,15.979,15.979,126.435,1.25,35.00,33.0000,12.6435,56.896
5385,450.000,3.281,3.281,90.180,90.180,4.990,4.556,4.556,14.405,14.405,112.422,1.25,35.00,33.0000,11.2422,50.590
5386,300.000,0.648,0.648,61.983,61.983,4.840,1.350,1.350,9.653,9.653,73.634,1.25,35.00,33.0000,7.3634,33.135
5387,200.000,0.128,0.128,42.194,42.194,4.740,0.400,0.400,6.459,6.459,49.181,1.25,35.00,33.0000,4.9181,22.131
5388,250.000,0.313,0.313,52.192,52.192,4.790,0.781,0.781,8.058,8.058,61.344,1.25,35.00,33.0000,6.1344,27.605
5389,350.000,1.200,1.200,71.575,71.575,4.890,2.144,2.144,11.242,11.242,86.161,1.25,35.00,33.0000,8.6161,38.772
5390,500.000,5.000,5.000,99.206,99.206,5.040,6.250,6.250,15.979,15.979,126.435,1.25,35.00,33.0000,12.6435,56.896
5391,450.000,3.281,3.281,90.180,90.180,4.990,4.556,4.556,14.405,14.405,112.422,1.25,35.00,33.0000,11.2422,50.590
5392,300.000,0.648,0.648,61.983,61.983,4.840,1.350,1.350,9.653,9.653,73.634,1.25,35.00,33.0000,7.3634,33.135
5393,200.000,0.128,0.128,42.194,42.194,4.740,0.400,0.400,6.459,6.459,49.181,1.25,35.00,33.0000,4.9181,22.131
5394,250.000,0.313,0.313,52.192,52.192,4.790,0.781,0.781,8.058,8.058,61.344,1.25,35.00,33.0000,6.1344,27.605
5395,350.000,1.200,1.200,71.575,71.575,4.890,2.144,2.144,11.242,11.242,86.161,1.25,35.00,33.0000,8.6161,38.772
5396,500.000,5.000,5.000,99.206,99.206,5.040,6.250,6.250,15.979,15.979,126.435,1.25,35.00,33.0000,12.6435,56.896
5397,450.000,3.281,3.281,90.180,90.180,4.990,4.556,4.556,14.405,14.405,112.422,1.25,35.00,33.0000,11.2422,50.590
5398,300.000,0.648,0.648,61.983,61.983,4.840,1.350,1.350,9.653,9.653,73.634,1.25,35.00,33.0000,7.3634,33.135
5399,200.000,0.128,0.128,42.194,42.194,4.740,0.400,0.400,6.459,6.459,49.181,1.25,35.00,33.0000,4.9181,22.131
5400,250.000,0.313,0.313,52.192,52.192,4.790,0.781,0.781,8.058,8.058,61.344,1.25,35.00,33.0000,6.1344,27.605
5401,350.000,1.200,1.200,71.575,71.575,4.890,2.144,2.144,11.242,11.242,86.161,1.25,35.00,33.0000,8.6161,38.772
5402,500.000,5.000,5.000,99.206,99.206,5.040,6.250,6.250,15.979,15.979,126.435,1.25,35.00,33.0000,12.6435,56.896
5403,450.000,3.281,3.281,90.180,90.180,4.990,4.556,4.556,14.405,14.405,112.422,1.25,35.00,33.0000,11.2422,50.590
5404,300.000,0.648,0.648,61.983,61.983,4.840,1.350,1.350,9.653,9.653,73.634,1.25,35.00,33.0000,7.3634,33.135
5405,200.000,0.128,0.128,42.194,42.194,4.740,0.400,0.400,6.459,6.459,49.181,1.25,35.00,33.0000,4.9181,22.131
5406,250.000,0.313,0.313,52.192,52.192,4.790,0.781,0.781,8.058,8.058,61.344,1.25,35.00,33.0000,6.1344,27.605
5407,350.000,1.200,1.200,71.575,71.575,4.890,2.144,2.144,11.242,11.242,86.161,1.25,35.00,33.0000,8.6161,38.772
5408,500.000,5.000,5.000,99.206,99.206,5.040,6.250,6.250,15.979,15.979,126.435,1.25,35.00,33.0000,12.6435,56.896
5409,450.000,3.281,3.281,90.180,90.180,4.990,4.556,4.556,14.405,14.405,112.422,1.25,35.00,33.0000,11.2422,50.590
5410,300.000,0.648,0.648,61.983,61.983,4.840,1.350,1.350,9.653,9.653,73.634,1.25,35.00,33.0000,7.3634,33.135
5411,200.000,0.128,0.128,42.194,42.194,4.740,0.400,0.400,6.459,6.459,49.181,1.25,35.00,33.0000,4.9181,22.131
5412,250.000,0.313,0.313,52.192,52.192,4.790,0.781,0.781,8.058,8.058,61.344,1.25,35.00,33.0000,6.1344,27.605
5413,350.000,1.200,1.200,71.575,71.575,4.890,2.144,2.144,11.242,11.242,86.161,1.25,35.00,33.0000,8.6161,38.772
5414,500.000,5.000,5.000,99.206,99.206,5.040,6.250,6.250,15.979,15.979,126.435,1.25,35.00,33.0000,12.6435,56.896
5415,450.000,3.281,3.281,90.180,90.180,4.990,4.556,4.556,14.405,14.405,112.422,1.25,35.00,33.0000,11.2422,50.590
5416,300.000,0.648,0.648,61.983,61.983,4.840,1.350,1.350,9.653,9.653,73.634,1.25,35.00,33.0000,7.3634,33.135
5417,200.000,0.128,0.128,42.194,42.194,4.740,0.400,0.400,6.459,6.459,49.181,1.25,35.00,33.0000,4.9181,22.131
5418,250.000,0.313,0.313,52.192,52.192,4.790,0.781,0.781,8.058,8.058,61.344,1.25,35.00,33.0000,6.1344,27.605
5419,350.000,1.200,1.200,71.575,71.575,4.890,2.144,2.144,11.242,11.242,86.161,1.25,35.00,33.0000,8.6161,38.772
5420,500.000,5.000,5.000,99.206,99.206,5.040,6.250,6.250,15.979,15.979,126.435,1.25,35.00,33.0000,12.6435,56.896
5421,450.000,3.281,3.281,90.180,90.180,4.990,4.556,4.556,14.405,14.405,112.422,1.25,35.00,33.0000,11.2422,50.590
5422,300.000,0.648,0.648,61.983,61.983,4.840,1.350,1.350,9.653,9.653,73.634,1.25,35.00,33.0000,7.3634,33.135
5423,200.000,0.128,0.128,42.194,42.194,4.740,0.400,0.400,6.459,6.459,49.181,1.25,35.00,33.0000,4.9181,22.131
5424,250.000,0.313,0.313,52.192,52.192,4.790,0.781,0.781,8.058,8.058,61.344,1.25,35.00,33.0000,6.1344,27.605
5425,350.000,1.200,1.200,71.575,71.575,4.890,2.144,2.144,11.242,11.242,86.161,1.25,35.00,33.0000,8.6161,38.772
5426,500.000,5.000,5.000,99.206,99.206,5.040,6.250,6.250,15.979,15.979,126.435,1.25,35.00,33.0000,12.6435,56.896
5427,450.000,3.281,3.281,90.180,90.180,4.990,4.556,4.556,14.405,14.405,112.422,1.25,35.00,33.0000,11.2422,50.590
5428,300.000,0.648,0.648,61.983,61.983,4.840,1.350,1.350,9.653,9.653,73.634,1.25,35.00,33.0000,7.3634,33.135
5429,200.000,0.128,0.128,42.194,42.194,4.740,0.400,0.400,6.459,6.459,49.181,1.25,35.00,33.0000,4.9181,22.131
5430,250.000,0.313,0.313,52.192,52.192,4.790,0.781,0.781,8.058,8.058,61.344,1.25,35.00,33.0000,6.1344,27.605
5431,350.000,1.200,1.200,71.575,71.575,4.890,2.144,2.144,11.242,11.242,86.161,1.25,35.00,33.0000,8.6161,38.772
5432,500.000,5.000,5.000,99.206,99.206,5.040,6.250,6.250,15.979,15.979,126.435,1.25,35.00,33.0000,12.6435,56.896
5433,450.000,3.281,3.281,90.180,90.180,4.990,4.556,4.556,14.405,14.405,112.422,1.25,35.00,33.0000,11.2422,50.590
5434,300.000,0.648,0.648,61.983,61.983,4.840,1.350,1.350,9.653,9.653,73.634,1.25,35.00,33.0000,7.3634,33.135
5435,200.000,0.128,0.128,42.194,42.194,4.740,0.400,0.400,6.459,6.459,49.181,1.25,35.00,33.0000,4.9181,22.131
5436,250.000,0.313,0.313,52.192,52.192,4.790,0.781,0.781,8.058,8.058,61.344,1.25,35.00,33.0000,6.1344,27.605
5437,350.000,1.200,1.200,71.575,71.575,4.890,2.144,2.144,11.242,11.242,86.161,1.25,35.00,33.0000,8.6161,38.772
5438,500.000,5.000,5.000,99.206,99.206,5.040,6.250,6.250,15.979,15.979,126.435,1.25,35.00,33.0000,12.6435,56.896
5439,450.000,3.281,3.281,90.180,90.180,4.990,4.556,4.556,14.405,14.405,112.422,1.25,35.00,33.0000,11.2422,50.590
5440,300.000,0.648,0.648,61.983,61.983,4.840,1.350,1.350,9.653,9.653,73.634,1.25,35.00,33.0000,7.3634,33.135
5441,200.000,0.128,0.128,42.194,42.194,4.740,0.400,0.400,6.459,6.459,49.181,1.25,35.00,33.0000,4.9181,22.131
5442,250.000,0.313,0.313,52.192,52.192,4.790,0.781,0.781,8.058,8.058,61.344,1.25,35.00,33.0000,6.1344,27.605
5443,350.000,1.200,1.200,71.575,71.575,4.890,2.144,2.144,11.242,11.242,86.161,1.25,35.00,33.0000,8.6161,38.772
5444,500.000,5.000,5.000,99.206,99.206,5.040,6.250,6.250,15.979,15.979,126.435,1.25,35.00,33.0000,12.6435,56.896
5445,450.000,3.281,3.281,90.180,90.180,4.990,4.556,4.556,14.405,14.405,112.422,1.25,35.00,33.0000,11.2422,50.590
5446,300.000,0.648,0.648,61.983,61.983,4.840,1.350,1.350,9.653,9.653,73.634,1.25,35.00,33.0000,7.3634,33.135
5447,200.000,0.128,0.128,42.194,42.194,4.740,0.400,0.400,6.459,6.459,49.181,1.25,35.00,33.0000,4.9181,22.131
5448,250.000,0.313,0.313,52.192,52.192,4.790,0.781,0.781,8.058,8.058,61.344,1.25,35.00,33.0000,6.1344,27.605
5449,350.000,1.200,1.200,71.575,71.575,4.890,2.144,2.144,11.242,11.242,86.161,1.25,35.00,33.0000,8.6161,38.772
5450,500.000,5.000,5.000,99.206,99.206,5.040,6.250,6.250,15.979,15.979,126.435,1.25,35.00,33.0000,12.6435,56.896
5451,450.000,3.281,3.281,90.180,90.180,4.990,4.556,4.556,14.405,14.405,112.422,1.25,35.00,33.0000,11.2422,50.590
5452,300.000,0.648,0.648,61.983,61.983,4.840,1.350,1.350,9.653,9.653,73.634,1.25,35.00,33.0000,7.3634,33.135
5453,200.000,0.128,0.128,42.194,42.194,4.740,0.400,0.400,6.459,6.459,49.181,1.25,35.00,33.0000,4.9181,22.131
5454,250.000,0.313,0.313,52.192,52.192,4.790,0.781,0.781,8.058,8.058,61.344,1.25,35.00,33.0000,6.1344,27.605
5455,350.000,1.200,1.200,71.575,71.575,4.890,2.144,2.144,11.242,11.242,86.161,1.25,35.00,33.0000,8.6161,38.772
5456,500.000,5.000,5.000,99.206,99.206,5.040,6.250,6.250,15.979,15.979,126.435,1.25,35.00,33.0000,12.6435,56.896
5457,450.000,3.281,3.281,90.180,90.180,4.990,4.556,4.556,14.405,14.405,112.422,1.25,35.00,33.0000,11.2422,50.590
5458,300.000,0.648,0.648,61.983,61.983,4.840,1.350,1.350,9.653,9.653,73.634,1.25,35.00,33.0000,7.3634,33.135
5459,200.000,0.128,0.128,42.194,42.194,4.740,0.400,0.400,6.459,6.459,49.181,1.25,35.00,33.0000,4.9181,22.131
5460,250.000,0.313,0.313,52.192,52.192,4.790,0.781,0.781,8.058,8.058,61.344,1.25,35.00,33.0000,6.1344,27.605
5461,350.000,1.200,1.200,71.575,71.575,4.890,2.144,2.144,11.242,11.242,86.161,1.25,35.00,33.0000,8.6161,38.772
5462,500.000,5.000,5.000,99.206,99.206,5.040,6.250,6.250,15.979,15.979,126.435,1.25,35.00,33.0000,12.6435,56.896
5463,450.000,3.281,3.281,90.180,90.180,4.990,4.556,4.556,14.405,14.405,112.422,1.25,35.00,33.0000,11.2422,50.590
5464,300.000,0.648,0.648,61.983,61.983,4.840,1.350,1.350,9.653,9.653,73.634,1.25,35.00,33.0000,7.3634,33.135
5465,200.000,0.128,0.128,42.194,42.194,4.740,0.400,0.400,6.459,6.459,49.181,1.25,35.00,33.0000,4.9181,22.131
5466,250.000,0.313,0.313,52.192,52.192,4.790,0.781,0.781,8.058,8.058,61.344,1.25,35.00,33.0000,6.1344,27.605
5467,350.000,1.200,1.200,71.575,71.575,4.890,2.144,2.144,11.242,11.242,86.161,1.25,35.00,33.0000,8.6161,38.772
5468,500.000,5.000,5.000,99.206,99.206,5.040,6.250,6.250,15.979,15.979,126.435,1.25,35.00,33.0000,12.6435,56.896
5469,450.000,3.281,3.281,90.180,90.180,4.990,4.556,4.556,14.405,14.405,112.422,1.25,35.00,33.0000,11.2422,50.590
5470,300.000,0.648,0.648,61.983,61.983,4.840,1.350,1.350,9.653,9.653,73.634,1.25,35.00,33.0000,7.3634,33.135
5471,200.000,0.128,0.128,42.194,42.194,4.740,0.400,0.400,6.459,6.459,49.181,1.25,35.00,33.0000,4.9181,22.131
5472,250.000,0.313,0.313,52.192,52.192,4.790,0.781,0.781,8.058,8.058,61.344,1.25,35.00,33.0000,6.1344,27.605
5473,350.000,1.200,1.200,71.575,71.575,4.890,2.144,2.144,11.242,11.242,86.161,1.25,35.00,33.0000,8.6161,38.772
5474,500.000,5.000,5.000,99.206,99.206,5.040,6.250,6.250,15.979,15.979,126.435,1.25,35.00,33.0000,12.6435,56.896
5475,450.000,3.281,3.281,90.180,90.180,4.990,4.556,4.556,14.405,14.405,112.422,1.25,35.00,33.0000,11.2422,50.590
5476,300.000,0.648,0.648,61.983,61.983,4.840,1.350,1.350,9.653,9.653,73.634,1.25,35.00,33.0000,7.3634,33.135
5477,200.000,0.128,0.128,42.194,42.194,4.740,0.400,0.400,6.459,6.459,49.181,1.25,35.00,33.0000,4.9181,22.131
5478,250.000,0.313,0.313,52.192,52.192,4.790,0.781,0.781,8.058,8.058,61.344,1.25,35.00,33.0000,6.1344,27.605
5479,350.000,1.200,1.200,71.575,71.575,4.890,2.144,2.144,11.242,11.242,86.161,1.25,35.00,33.0000,8.6161,38.772
5480,500.000,5.000,5.000,99.206,99.206,5.040,6.250,6.250,15.979,15.979,126.435,1.25,35.00,33.0000,12.6435,56.896
5481,450.000,3.281,3.281,90.180,90.180,4.990,4.556,4.556,14.405,14.405,112.422,1.25,35.00,33.0000,11.2422,50.590
5482,300.000,0.648,0.648,61.983,61.983,4.840,1.350,1.350,9.653,9.653,73.634,1.25,35.00,33.0000,7.3634,33.135
5483,200.000,0.128,0.128,42.194,42.194,4.740,0.400,0.400,6.459,6.459,49.181,1.25,35.00,33.0000,4.9181,22.131
5484,250.000,0.313,0.313,52.192,52.192,4.790,0.781,0.781,8.058,8.058,61.344,1.25,35.00,33.0000,6.1344,27.605
5485,350.000,1.200,1.200,71.575,71.575,4.890,2.144,2.144,11.242,11.242,86.161,1.25,35.00,33.0000,8.6161,38.772
5486,500.000,5.000,5.000,99.206,99.206,5.040,6.250,6.250,15.979,15.979,126.435,1.25,35.00,33.0000,12.6435,56.896
5487,450.000,3.281,3.281,90.180,90.180,4.990,4.556,4.556,14.405,14.405,112.422,1.25,35.00,33.0000,11.2422,50.590
5488,300.000,0.648,0.648,61.983,61.983,4.840,1.350,1.350,9.653,9.653,73.634,1.25,35.00,33.0000,7.3634,33.135
5489,200.000,0.128,0.128,42.194,42.194,4.740,0.400,0.400,6.459,6.459,49.181,1.25,35.00,33.0000,4.9181,22.131
5490,250.000,0.313,0.313,52.192,52.192,4.790,0.781,0.781,8.058,8.058,61.344,1.25,35.00,33.0000,6.1344,27.605
5491,350.000,1.200,1.200,71.575,71.575,4.890,2.144,2.144,11.242,11.242,86.161,1.25,35.00,33.0000,8.6161,38.772
5492,500.000,5.000,5.000,99.206,99.206,5.040,6.250,6.250,15.979,15.979,126.435,1.25,35.00,33.0000,12.6435,56.896
5493,450.000,3.281,3.281,90.180,90.180,4.990,4.556,4.556,14.405,14.405,112.422,1.25,35.00,33.0000,11.2422,50.590
5494,300.000,0.648,0.648,61.983,61.983,4.840,1.350,1.350,9.653,9.653,73.634,1.25,35.00,33.0000,7.3634,33.135
5495,200.000,0.128,0.128,42.194,42.194,4.740,0.400,0.400,6.459,6.459,49.181,1.25,35.00,33.0000,4.9181,22.131
5496,250.000,0.313,0.313,52.192,52.192,4.790,0.781,0.781,8.058,8.058,61.344,1.25,35.00,33.0000,6.1344,27.605
5497,350.000,1.200,1.200,71.575,71.575,4.890,2.144,2.144,11.242,11.242,86.161,1.25,35.00,33.0000,8.6161,38.772
5498,500.000,5.000,5.000,99.206,99.206,5.040,6.250,6.250,15.979,15.979,126.435,1.25,35.00,33.0000,12.6435,56.896
5499,450.000,3.281,3.281,90.180,90.180,4.990,4.556,4.556,14.405,14.405,112.422,1.25,35.00,33.0000,11.2422,50.590
5500,300.000,0.648,0.648,61.983,61.983,4.840,1.350,1.350,9.653,9.653,73.634,1.25,35.00,33.0000,7.3634,33.135
5501,200.000,0.128,0.128,42.194,42.194,4.740,0.400,0.400,6.459,6.459,49.181,1.25,35.00,33.0000,4.9181,22.131
5502,250.000,0.313,0.313,52.192,52.192,4.790,0.781,0.781,8.058,8.058,61.344,1.25,35.00,33.0000,6.1344,27.605
5503,350.000,1.200,1.200,71.575,71.575,4.890,2.144,2.144,11.242,11.242,86.161,1.25,35.00,33.0000,8.6161,38.772
5504,500.000,5.000,5.000,99.206,99.206,5.040,6.250,6.250,15.979,15.979,126.435,1.25,35.00,33.0000,12.6435,56.896
5505,450.000,3.281,3.281,90.180,90.180,4.990,4.556,4.556,14.405,14.405,112.422,1.25,35.00,33.0000,11.2422,50.590
5506,300.000,0.648,0.648,61.983,61.983,4.840,1.350,1.350,9.653,9.653,73.634,1.25,35.00,33.0000,7.3634,33.135
5507,200.000,0.128,0.128,42.194,42.194,4.740,0.400,0.400,6.459,6.459,49.181,1.25,35.00,33.0000,4.9181,22.131
5508,250.000,0.313,0.313,52.192,52.192,4.790,0.781,0.781,8.058,8.058,61.344,1.25,35.00,33.0000,6.1344,27.605
5509,350.000,1.200,1.200,71.575,71.575,4.890,2.144,2.144,11.242,11.242,86.161,1.25,35.00,33.0000,8.6161,38.772
5510,500.000,5.000,5.000,99.206,99.206,5.040,6.250,6.250,15.979,15.979,126.435,1.25,35.00,33.0000,12.6435,56.896
5511,450.000,3.281,3.281,90.180,90.180,4.990,4.556,4.556,14.405,14.405,112.422,1.25,35.00,33.0000,11.2422,50.590
5512,300.000,0.648,0.648,61.983,61.983,4.840,1.350,1.350,9.653,9.653,73.634,1.25,35.00,33.0000,7.3634,33.135
5513,200.000,0.128,0.128,42.194,42.194,4.740,0.400,0.400,6.459,6.459,49.181,1.25,35.00,33.0000,4.9181,22.131
5514,250.000,0.313,0.313,52.192,52.192,4.790,0.781,0.781,8.058,8.058,61.344,1.25,35.00,33.0000,6.1344,27.605
5515,350.000,1.200,1.200,71.575,71.575,4.890,2.144,2.144,11.242,11.242,86.161,1.25,35.00,33.0000,8.6161,38.772
5516,500.000,5.000,5.000,99.206,99.206,5.040,6.250,6.250,15.979,15.979,126.435,1.25,35.00,33.0000,12.6435,56.896
5517,450.000,3.281,3.281,90.180,90.180,4.990,4.556,4.556,14.405,14.405,112.422,1.25,35.00,33.0000,11.2422,50.590
5518,300.000,0.648,0.648,61.983,61.983,4.840,1.350,1.350,9.653,9.653,73.634,1.25,35.00,33.0000,7.3634,33.135
5519,200.000,0.128,0.128,42.194,42.194,4.740,0.400,0.400,6.459,6.459,49.181,1.25,35.00,33.0000,4.9181,22.131
5520,250.000,0.313,0.313,52.192,52.192,4.790,0.781,0.781,8.058,8.058,61.344,1.25,35.00,33.0000,6.1344,27.605
5521,350.000,1.200,1.200,71.575,71.575,4.890,2.144,2.144,11.242,11.242,86.161,1.25,35.00,33.0000,8.6161,38.772
5522,500.000,5.000,5.000,99.206,99.206,5.040,6.250,6.250,15.979,15.979,126.435,1.25,35.00,33.0000,12.6435,56.896
5523,450.000,3.281,3.281,90.180,90.180,4.990,4.556,4.556,14.405,14.405,112.422,1.25,35.00,33.0000,11.2422,50.590
5524,300.000,0.648,0.648,61.983,61.983,4.840,1.350,1.350,9.653,9.653,73.634,1.25,35.00,33.0000,7.3634,33.135
5525,200.000,0.128,0.128,42.194,42.194,4.740,0.400,0.400,6.459,6.459,49.181,1.25,35.00,33.0000,4.9181,22.131
5526,250.000,0.313,0.313,52.192,52.192,4.790,0.781,0.781,8.058,8.058,61.344,1.25,35.00,33.0000,6.1344,27.605
5527,350.000,1.200,1.200,71.575,71.575,4.890,2.144,2.144,11.242,11.242,86.161,1.25,35.00,33.0000,8.6161,38.772
5528,500.000,5.000,5.000,99.206,99.206,5.040,6.250,6.250,15.979,15.979,126.435,1.25,35.00,33.0000,12.6435,56.896
5529,450.000,3.281,3.281,90.180,90.180,4.990,4.556,4.556,14.405,14.405,112.422,1.25,35.00,33.0000,11.2422,50.590
5530,300.000,0.648,0.648,61.983,61.983,4.840,1.350,1.350,9.653,9.653,73.634,1.25,35.00,33.0000,7.3634,33.135
5531,200.000,0.128,0.128,42.194,42.194,4.740,0.400,0.400,6.459,6.459,49.181,1.25,35.00,33.0000,4.9181,22.131
5532,250.000,0.313,0.313,52.192,52.192,4.790,0.781,0.781,8.058,8.058,61.344,1.25,35.00,33.0000,6.1344,27.605
5533,350.000,1.200,1.200,71.575,71.575,4.890,2.144,2.144,11.242,11.242,86.161,1.25,35.00,33.0000,8.6161,38.772
5534,500.000,5.000,5.000,99.206,99.206,5.040,6.250,6.250,15.979,15.979,126.435,1.25,35.00,33.0000,12.6435,56.896
5535,450.000,3.281,3.281,90.180,90.180,4.990,4.556,4.556,14.405,14.405,112.422,1.25,35.00,33.0000,11.2422,50.590
5536,300.000,0.648,0.648,61.983,61.983,4.840,1.350,1.350,9.653,9.653,73.634,1.25,35.00,33.0000,7.3634,33.135
5537,200.000,0.128,0.128,42.194,42.194,4.740,0.400,0.400,6.459,6.459,49.181,1.25,35.00,33.0000,4.9181,22.131
5538,250.000,0.313,0.313,52.192,52.192,4.790,0.781,0.781,8.058,8.058,61.344,1.25,35.00,33.0000,6.1344,27.605
5539,350.000,1.200,1.200,71.575,71.575,4.890,2.144,2.144,11.242,11.242,86.161,1.25,35.00,33.0000,8.6161,38.772
5540,500.000,5.000,5.000,99.206,99.206,5.040,6.250,6.250,15.979,15.979,126.435,1.25,35.00,33.0000,12.6435,56.896
5541,450.000,3.281,3.281,90.180,90.180,4.990,4.556,4.556,14.405,14.405,112.422,1.25,35.00,33.0000,11.2422,50.590
5542,300.000,0.648,0.648,61.983,61.983,4.840,1.350,1.350,9.653,9.653,73.634,1.25,35.00,33.0000,7.3634,33.135
5543,200.000,0.128,0.128,42.194,42.194,4.740,0.400,0.400,6.459,6.459,49.181,1.25,35.00,33.0000,4.9181,22.131
5544,250.000,0.313,0.313,52.192,52.192,4.790,0.781,0.781,8.058,8.058,61.344,1.25,35.00,33.0000,6.1344,27.605
5545,350.000,1.200,1.200,71.575,71.575,4.890,2.144,2.144,11.242,11.242,86.161,1.25,35.00,33.0000,8.6161,38.772
5546,500.000,5.000,5.000,99.206,99.206,5.040,6.250,6.250,15.979,15.979,126.435,1.25,35.00,33.0000,12.6435,56.896
5547,450.000,3.281,3.281,90.180,90.180,4.990,4.556,4.556,14.405,14.405,112.422,1.25,35.00,33.0000,11.2422,50.590
5548,300.000,0.648,0.648,61.983,61.983,4.840,1.350,1.350,9.653,9.653,73.634,1.25,35.00,33.0000,7.3634,33.135
5549,200.000,0.128,0.128,42.194,42.194,4.740,0.400,0.400,6.459,6.459,49.181,1.25,35.00,33.0000,4.9181,22.131
5550,250.000,0.313,0.313,52.192,52.192,4.790,0.781,0.781,8.058,8.058,61.344,1.25,35.00,33.0000,6.1344,27.605
5551,350.000,1.200,1.200,71.575,71.575,4.890,2.144,2.144,11.242,11.242,86.161,1.25,35.00,33.0000,8.6161,38.772
5552,500.000,5.000,5.000,99.206,99.206,5.040,6.250,6.250,15.979,15.979,126.435,1.25,35.00,33.0000,12.6435,56.896
5553,450.000,3.281,3.281,90.180,90.180,4.990,4.556,4.556,14.405,14.405,112.422,1.25,35.00,33.0000,11.2422,50.590
5554,300.000,0.648,0.648,61.983,61.983,4.840,1.350,1.350,9.653,9.653,73.634,1.25,35.00,33.0000,7.3634,33.135
5555,200.000,0.128,0.128,42.194,42.194,4.740,0.400,0.400,6.459,6.459,49.181,1.25,35.00,33.0000,4.9181,22.131
5556,250.000,0.313,0.313,52.192,52.192,4.790,0.781,0.781,8.058,8.058,61.344,1.25,35.00,33.0000,6.1344,27.605
5557,350.000,1.200,1.200,71.575,71.575,4.890,2.144,2.144,11.242,11.242,86.161,1.25,35.00,33.0000,8.6161,38.772
5558,500.000,5.000,5.000,99.206,99.206,5.040,6.250,6.250,15.979,15.979,126.435,1.25,35.00,33.0000,12.6435,56.896
5559,450.000,3.281,3.281,90.180,90.180,4.990,4.556,4.556,14.405,14.405,112.422,1.25,35.00,33.0000,11.2422,50.590
5560,300.000,0.648,0.648,61.983,61.983,4.840,1.350,1.350,9.653,9.653,73.634,1.25,35.00,33.0000,7.3634,33.135
5561,200.000,0.128,0.128,42.194,42.194,4.740,0.400,0.400,6.459,6.459,49.181,1.25,35.00,33.0000,4.9181,22.131
5562,250.000,0.313,0.313,52.192,52.192,4.790,0.781,0.781,8.058,8.058,61.344,1.25,35.00,33.0000,6.1344,27.605
5563,350.000,1.200,1.200,71.575,71.575,4.890,2.144,2.144,11.242,11.242,86.161,1.25,35.00,33.0000,8.6161,38.772
5564,500.000,5.000,5.000,99.206,99.206,5.040,6.250,6.250,15.979,15.979,126.435,1.25,35.00,33.0000,12.6435,56.896
5565,450.000,3.281,3.281,90.180,90.180,4.990,4.556,4.556,14.405,14.405,112.422,1.25,35.00,33.0000,11.2422,50.590
5566,300.000,0.648,0.648,61.983,61.983,4.840,1.350,1.350,9.653,9.653,73.634,1.25,35.00,33.0000,7.3634,33.135
5567,200.000,0.128,0.128,42.194,42.194,4.740,0.400,0.400,6.459,6.459,49.181,1.25,35.00,33.0000,4.9181,22.131
5568,250.000,0.313,0.313,52.192,52.192,4.790,0.781,0.781,8.058,8.058,61.344,1.25,35.00,33.0000,6.1344,27.605
5569,350.000,1.200,1.200,71.575,71.575,4.890,2.144,2.144,11.242,11.242,86.161,1.25,35.00,33.0000,8.6161,38.772
5570,500.000,5.000,5.000,99.206,99.206,5.040,6.250,6.250,15.979,15.979,126.435,1.25,35.00,33.0000,12.6435,56.896
5571,450.000,3.281,3.281,90.180,90.180,4.990,4.556,4.556,14.405,14.405,112.422,1.25,35.00,33.0000,11.2422,50.590
5572,300.000,0.648,0.648,61.983,61.983,4.840,1.350,1.350,9.653,9.653,73.634,1.25,35.00,33.0000,7.3634,33.135
5573,200.000,0.128,0.128,42.194,42.194,4.740,0.400,0.400,6.459,6.459,49.181,1.25,35.00,33.0000,4.9181,22.131
5574,250.000,0.313,0.313,52.192,52.192,4.790,0.781,0.781,8.058,8.058,61.344,1.25,35.00,33.0000,6.1344,27.605
5575,350.000,1.200,1.200,71.575,71.575,4.890,2.144,2.144,11.242,11.242,86.161,1.25,35.00,33.0000,8.6161,38.772
5576,500.000,5.000,5.000,99.206,99.206,5.040,6.250,6.250,15.979,15.979,126.435,1.25,35.00,33.0000,12.6435,56.896
5577,450.000,3.281,3.281,90.180,90.180,4.990,4.556,4.556,14.405,14.405,112.422,1.25,35.00,33.0000,11.2422,50.590
5578,300.000,0.648,0.648,61.983,61.983,4.840,1.350,1.350,9.653,9.653,73.634,1.25,35.00,33.0000,7.3634,33.135
5579,200.000,0.128,0.128,42.194,42.194,4.740,0.400,0.400,6.459,6.459,49.181,1.25,35.00,33.0000,4.9181,22.131
5580,250.000,0.313,0.313,52.192,52.192,4.790,0.781,0.781,8.058,8.058,61.344,1.25,35.00,33.0000,6.1344,27.605
5581,350.000,1.200,1.200,71.575,71.575,4.890,2.144,2.144,11.242,11.242,86.161,1.25,35.00,33.0000,8.6161,38.772
5582,500.000,5.000,5.000,99.206,99.206,5.040,6.250,6.250,15.979,15.979,126.435,1.25,35.00,33.0000,12.6435,56.896
5583,450.000,3.281,3.281,90.180,90.180,4.990,4.556,4.556,14.405,14.405,112.422,1.25,35.00,33.0000,11.2422,50.590
5584,300.000,0.648,0.648,61.983,61.983,4.840,1.350,1.350,9.653,9.653,73.634,1.25,35.00,33.0000,7.3634,33.135
5585,200.000,0.128,0.128,42.194,42.194,4.740,0.400,0.400,6.459,6.459,49.181,1.25,35.00,33.0000,4.9181,22.131
5586,250.000,0.313,0.313,52.192,52.192,4.790,0.781,0.781,8.058,8.058,61.344,1.25,35.00,33.0000,6.1344,27.605
5587,350.000,1.200,1.200,71.575,71.575,4.890,2.144,2.144,11.242,11.242,86.161,1.25,35.00,33.0000,8.6161,38.772
5588,500.000,5.000,5.000,99.206,99.206,5.040,6.250,6.250,15.979,15.979,126.435,1.25,35.00,33.0000,12.6435,56.896
5589,450.000,3.281,3.281,90.180,90.180,4.990,4.556,4.556,14.405,14.405,112.422,1.25,35.00,33.0000,11.2422,50.590
5590,300.000,0.648,0.648,61.983,61.983,4.840,1.350,1.350,9.653,9.653,73.634,1.25,35.00,33.0000,7.3634,33.135
5591,200.000,0.128,0.128,42.194,42.194,4.740,0.400,0.400,6.459,6.459,49.181,1.25,35.00,33.0000,4.9181,22.131
5592,250.000,0.313,0.313,52.192,52.192,4.790,0.781,0.781,8.058,8.058,61.344,1.25,35.00,33.0000,6.1344,27.605
5593,350.000,1.200,1.200,71.575,71.575,4.890,2.144,2.144,11.242,11.242,86.161,1.25,35.00,33.0000,8.6161,38.772
5594,500.000,5.000,5.000,99.206,99.206,5.040,6.250,6.250,15.979,15.979,126.435,1.25,35.00,33.0000,12.6435,56.896
5595,450.000,3.281,3.281,90.180,90.180,4.990,4.556,4.556,14.405,14.405,112.422,1.25,35.00,33.0000,11.2422,50.590
5596,300.000,0.648,0.648,61.983,61.983,4.840,1.350,1.350,9.653,9.653,73.634,1.25,35.00,33.0000,7.3634,33.135
5597,200.000,0.128,0.128,42.194,42.194,4.740,0.400,0.400,6.459,6.459,49.181,1.25,35.00,33.0000,4.9181,22.131
5598,250.000,0.313,0.313,52.192,52.192,4.790,0.781,0.781,8.058,8.058,61.344,1.25,35.00,33.0000,6.1344,27.605
5599,350.000,1.200,1.200,71.575,71.575,4.890,2.144,2.144,11.242,11.242,86.161,1.25,35.00,33.0000,8.6161,38.772
5600,500.000,5.000,5.000,99.206,99.206,5.040,6.250,6.250,15.979,15.979,126.435,1.25,35.00,33.0000,12.6435,56.896
5601,450.000,3.281,3.281,90.180,90.180,4.990,4.556,4.556,14.405,14.405,112.422,1.25,35.00,33.0000,11.2422,50.590
5602,300.000,0.648,0.648,61.983,61.983,4.840,1.350,1.350,9.653,9.653,73.634,1.25,35.00,33.0000,7.3634,33.135
5603,200.000,0.128,0.128,42.194,42.194,4.740,0.400,0.400,6.459,6.459,49.181,1.25,35.00,33.0000,4.9181,22.131
5604,250.000,0.313,0.313,52.192,52.192,4.790,0.781,0.781,8.058,8.058,61.344,1.25,35.00,33.0000,6.1344,27.605
5605,350.000,1.200,1.200,71.575,71.575,4.890,2.144,2.144,11.242,11.242,86.161,1.25,35.00,33.0000,8.6161,38.772
5606,500.000,5.000,5.000,99.206,99.206,5.040,6.250,6.250,15.979,15.979,126.435,1.25,35.00,33.0000,12.6435,56.896
5607,450.000,3.281,3.281,90.180,90.180,4.990,4.556,4.556,14.405,14.405,112.422,1.25,35.00,33.0000,11.2422,50.590
5608,300.000,0.648,0.648,61.983,61.983,4.840,1.350,1.350,9.653,9.653,73.634,1.25,35.00,33.0000,7.3634,33.135
5609,200.000,0.128,0.128,42.194,42.194,4.740,0.400,0.400,6.459,6.459,49.181,1.25,35.00,33.0000,4.9181,22.131
5610,250.000,0.313,0.313,52.192,52.192,4.790,0.781,0.781,8.058,8.058,61.344,1.25,35.00,33.0000,6.1344,27.605
5611,350.000,1.200,1.200,71.575,71.575,4.890,2.144,2.144,11.242,11.242,86.161,1.25,35.00,33.0000,8.6161,38.772
5612,500.000,5.000,5.000,99.206,99.206,5.040,6.250,6.250,15.979,15.979,126.435,1.25,35.00,33.0000,12.6435,56.896
5613,450.000,3.281,3.281,90.180,90.180,4.990,4.556,4.556,14.405,14.405,112.422,1.25,35.00,33.0000,11.2422,50.590
5614,300.000,0.648,0.648,61.983,61.983,4.840,1.350,1.350,9.653,9.653,73.634,1.25,35.00,33.0000,7.3634,33.135
5615,200.000,0.128,0.128,42.194,42.194,4.740,0.400,0.400,6.459,6.459,49.181,1.25,35.00,33.0000,4.9181,22.131
5616,250.000,0.313,0.313,52.192,52.192,4.790,0.781,0.781,8.058,8.058,61.344,1.25,35.00,33.0000,6.1344,27.605
5617,350.000,1.200,1.200,71.575,71.575,4.890,2.144,2.144,11.242,11.242,86.161,1.25,35.00,33.0000,8.6161,38.772
5618,500.000,5.000,5.000,99.206,99.206,5.040,6.250,6.250,15.979,15.979,126.435,1.25,35.00,33.0000,12.6435,56.896
5619,450.000,3.281,3.281,90.180,90.180,4.990,4.556,4.556,14.405,14.405,112.422,1.25,35.00,33.0000,11.2422,50.590
5620,300.000,0.648,0.648,61.983,61.983,4.840,1.350,1.350,9.653,9.653,73.634,1.25,35.00,33.0000,7.3634,33.135
5621,200.000,0.128,0.128,42.194,42.194,4.740,0.400,0.400,6.459,6.459,49.181,1.25,35.00,33.0000,4.9181,22.131
5622,250.000,0.313,0.313,52.192,52.192,4.790,0.781,0.781,8.058,8.058,61.344,1.25,35.00,33.0000,6.1344,27.605
5623,350.000,1.200,1.200,71.575,71.575,4.890,2.144,2.144,11.242,11.242,86.161,1.25,35.00,33.0000,8.6161,38.772
5624,500.000,5.000,5.000,99.206,99.206,5.040,6.250,6.250,15.979,15.979,126.435,1.25,35.00,33.0000,12.6435,56.896
5625,450.000,3.281,3.281,90.180,90.180,4.990,4.556,4.556,14.405,14.405,112.422,1.25,35.00,33.0000,11.2422,50.590
5626,300.000,0.648,0.648,61.983,61.983,4.840,1.350,1.350,9.653,9.653,73.634,1.25,35.00,33.0000,7.3634,33.135
5627,200.000,0.128,0.128,42.194,42.194,4.740,0.400,0.400,6.459,6.459,49.181,1.25,35.00,33.0000,4.9181,22.131
5628,250.000,0.313,0.313,52.192,52.192,4.790,0.781,0.781,8.058,8.058,61.344,1.25,35.00,33.0000,6.1344,27.605
5629,350.000,1.200,1.200,71.575,71.575,4.890,2.144,2.144,11.242,11.242,86.161,1.25,35.00,33.0000,8.6161,38.772
5630,500.000,5.000,5.000,99.206,99.206,5.040,6.250,6.250,15.979,15.979,126.435,1.25,35.00,33.0000,12.6435,56.896
5631,450.000,3.281,3.281,90.180,90.180,4.990,4.556,4.556,14.405,14.405,112.422,1.25,35.00,33.0000,11.2422,50.590
5632,300.000,0.648,0.648,61.983,61.983,4.840,1.350,1.350,9.653,9.653,73.634,1.25,35.00,33.0000,7.3634,33.135
5633,200.000,0.128,0.128,42.194,42.194,4.740,0.400,0.400,6.459,6.459,49.181,1.25,35.00,33.0000,4.9181,22.131
5634,250.000,0.313,0.313,52.192,52.192,4.790,0.781,0.781,8.058,8.058,61.344,1.25,35.00,33.0000,6.1344,27.605
5635,350.000,1.200,1.200,71.575,71.575,4.890,2.144,2.144,11.242,11.242,86.161,1.25,35.00,33.0000,8.6161,38.772
5636,500.000,5.000,5.000,99.206,99.206,5.040,6.250,6.250,15.979,15.979,126.435,1.25,35.00,33.0000,12.6435,56.896
5637,450.000,3.281,3.281,90.180,90.180,4.990,4.556,4.556,14.405,14.405,112.422,1.25,35.00,33.0000,11.2422,50.590
5638,300.000,0.648,0.648,61.983,61.983,4.840,1.350,1.350,9.653,9.653,73.634,1.25,35.00,33.0000,7.3634,33.135
5639,200.000,0.128,0.128,42.194,42.194,4.740,0.400,0.400,6.459,6.459,49.181,1.25,35.00,33.0000,4.9181,22.131
5640,250.000,0.313,0.313,52.192,52.192,4.790,0.781,0.781,8.058,8.058,61.344,1.25,35.00,33.0000,6.1344,27.605
5641,350.000,1.200,1.200,71.575,71.575,4.890,2.144,2.144,11.242,11.242,86.161,1.25,35.00,33.0000,8.6161,38.772
5642,500.000,5.000,5.000,99.206,99.206,5.040,6.250,6.250,15.979,15.979,126.435,1.25,35.00,33.0000,12.6435,56.896
5643,450.000,3.281,3.281,90.180,90.180,4.990,4.556,4.556,14.405,14.405,112.422,1.25,35.00,33.0000,11.2422,50.590
5644,300.000,0.648,0.648,61.983,61.983,4.840,1.350,1.350,9.653,9.653,73.634,1.25,35.00,33.0000,7.3634,33.135
5645,200.000,0.128,0.128,42.194,42.194,4.740,0.400,0.400,6.459,6.459,49.181,1.25,35.00,33.0000,4.9181,22.131
5646,250.000,0.313,0.313,52.192,52.192,4.790,0.781,0.781,8.058,8.058,61.344,1.25,35.00,33.0000,6.1344,27.605
5647,350.000,1.200,1.200,71.575,71.575,4.890,2.144,2.144,11.242,11.242,86.161,1.25,35.00,33.0000,8.6161,38.772
5648,500.000,5.000,5.000,99.206,99.206,5.040,6.250,6.250,15.979,15.979,126.435,1.25,35.00,33.0000,12.6435,56.896
5649,450.000,3.281,3.281,90.180,90.180,4.990,4.556,4.556,14.405,14.405,112.422,1.25,35.00,33.0000,11.2422,50.590
5650,300.000,0.648,0.648,61.983,61.983,4.840,1.350,1.350,9.653,9.653,73.634,1.25,35.00,33.0000,7.3634,33.135
5651,200.000,0.128,0.128,42.194,42.194,4.740,0.400,0.400,6.459,6.459,49.181,1.25,35.00,33.0000,4.9181,22.131
5652,250.000,0.313,0.313,52.192,52.192,4.790,0.781,0.781,8.058,8.058,61.344,1.25,35.00,33.0000,6.1344,27.605
5653,350.000,1.200,1.200,71.575,71.575,4.890,2.144,2.144,11.242,11.242,86.161,1.25,35.00,33.0000,8.6161,38.772
5654,500.000,5.000,5.000,99.206,99.206,5.040,6.250,6.250,15.979,15.979,126.435,1.25,35.00,33.0000,12.6435,56.896
5655,450.000,3.281,3.281,90.180,90.180,4.990,4.556,4.556,14.405,14.405,112.422,1.25,35.00,33.0000,11.2422,50.590
5656,300.000,0.648,0.648,61.983,61.983,4.840,1.350,1.350,9.653,9.653,73.634,1.25,35.00,33.0000,7.3634,33.135
5657,200.000,0.128,0.128,42.194,42.194,4.740,0.400,0.400,6.459,6.459,49.181,1.25,35.00,33.0000,4.9181,22.131
5658,250.000,0.313,0.313,52.192,52.192,4.790,0.781,0.781,8.058,8.058,61.344,1.25,35.00,33.0000,6.1344,27.605
5659,350.000,1.200,1.200,71.575,71.575,4.890,2.144,2.144,11.242,11.242,86.161,1.25,35.00,33.0000,8.6161,38.772
5660,500.000,5.000,5.000,99.206,99.206,5.040,6.250,6.250,15.979,15.979,126.435,1.25,35.00,33.0000,12.6435,56.896
5661,450.000,3.281,3.281,90.180,90.180,4.990,4.556,4.556,14.405,14.405,112.422,1.25,35.00,33.0000,11.2422,50.590
5662,300.000,0.648,0.648,61.983,61.983,4.840,1.350,1.350,9.653,9.653,73.634,1.25,35.00,33.0000,7.3634,33.135
5663,200.000,0.128,0.128,42.194,42.194,4.740,0.400,0.400,6.459,6.459,49.181,1.25,35.00,33.0000,4.9181,22.131
5664,250.000,0.313,0.313,52.192,52.192,4.790,0.781,0.781,8.058,8.058,61.344,1.25,35.00,33.0000,6.1344,27.605
5665,350.000,1.200,1.200,71.575,71.575,4.890,2.144,2.144,11.242,11.242,86.161,1.25,35.00,33.0000,8.6161,38.772
5666,500.000,5.000,5.000,99.206,99.206,5.040,6.250,6.250,15.979,15.979,126.435,1.25,35.00,33.0000,12.6435,56.896
5667,450.000,3.281,3.281,90.180,90.180,4.990,4.556,4.556,14.405,14.405,112.422,1.25,35.00,33.0000,11.2422,50.590
5668,300.000,0.648,0.648,61.983,61.983,4.840,1.350,1.350,9.653,9.653,73.634,1.25,35.00,33.0000,7.3634,33.135
5669,200.000,0.128,0.128,42.194,42.194,4.740,0.400,0.400,6.459,6.459,49.181,1.25,35.00,33.0000,4.9181,22.131
5670,250.000,0.313,0.313,52.192,52.192,4.790,0.781,0.781,8.058,8.058,61.344,1.25,35.00,33.0000,6.1344,27.605
5671,350.000,1.200,1.200,71.575,71.575,4.890,2.144,2.144,11.242,11.242,86.161,1.25,35.00,33.0000,8.6161,38.772
5672,500.000,5.000,5.000,99.206,99.206,5.040,6.250,6.250,15.979,15.979,126.435,1.25,35.00,33.0000,12.6435,56.896
5673,450.000,3.281,3.281,90.180,90.180,4.990,4.556,4.556,14.405,14.405,112.422,1.25,35.00,33.0000,11.2422,50.590
5674,300.000,0.648,0.648,61.983,61.983,4.840,1.350,1.350,9.653,9.653,73.634,1.25,35.00,33.0000,7.3634,33.135
5675,200.000,0.128,0.128,42.194,42.194,4.740,0.400,0.400,6.459,6.459,49.181,1.25,35.00,33.0000,4.9181,22.131
5676,250.000,0.313,0.313,52.192,52.192,4.790,0.781,0.781,8.058,8.058,61.344,1.25,35.00,33.0000,6.1344,27.605
5677,350.000,1.200,1.200,71.575,71.575,4.890,2.144,2.144,11.242,11.242,86.161,1.25,35.00,33.0000,8.6161,38.772
5678,500.000,5.000,5.000,99.206,99.206,5.040,6.250,6.250,15.979,15.979,126.435,1.25,35.00,33.0000,12.6435,56.896
5679,450.000,3.281,3.281,90.180,90.180,4.990,4.556,4.556,14.405,14.405,112.422,1.25,35.00,33.0000,11.2422,50.590
5680,300.000,0.648,0.648,61.983,61.983,4.840,1.350,1.350,9.653,9.653,73.634,1.25,35.00,33.0000,7.3634,33.135
5681,200.000,0.128,0.128,42.194,42.194,4.740,0.400,0.400,6.459,6.459,49.181,1.25,35.00,33.0000,4.9181,22.131
5682,250.000,0.313,0.313,52.192,52.192,4.790,0.781,0.781,8.058,8.058,61.344,1.25,35.00,33.0000,6.1344,27.605
5683,350.000,1.200,1.200,71.575,71.575,4.890,2.144,2.144,11.242,11.242,86.161,1.25,35.00,33.0000,8.6161,38.772
5684,500.000,5.000,5.000,99.206,99.206,5.040,6.250,6.250,15.979,15.979,126.435,1.25,35.00,33.0000,12.6435,56.896
5685,450.000,3.281,3.281,90.180,90.180,4.990,4.556,4.556,14.405,14.405,112.422,1.25,35.00,33.0000,11.2422,50.590
5686,300.000,0.648,0.648,61.983,61.983,4.840,1.350,1.350,9.653,9.653,73.634,1.25,35.00,33.0000,7.3634,33.135
5687,200.000,0.128,0.128,42.194,42.194,4.740,0.400,0.400,6.459,6.459,49.181,1.25,35.00,33.0000,4.9181,22.131
5688,250.000,0.313,0.313,52.192,52.192,4.790,0.781,0.781,8.058,8.058,61.344,1.25,35.00,33.0000,6.1344,27.605
5689,350.000,1.200,1.200,71.575,71.575,4.890,2.144,2.144,11.242,11.242,86.161,1.25,35.00,33.0000,8.6161,38.772
5690,500.000,5.000,5.000,99.206,99.206,5.040,6.250,6.250,15.979,15.979,126.435,1.25,35.00,33.0000,12.6435,56.896
5691,450.000,3.281,3.281,90.180,90.180,4.990,4.556,4.556,14.405,14.405,112.422,1.25,35.00,33.0000,11.2422,50.590
5692,300.000,0.648,0.648,61.983,61.983,4.840,1.350,1.350,9.653,9.653,73.634,1.25,35.00,33.0000,7.3634,33.135
5693,200.000,0.128,0.128,42.194,42.194,4.740,0.400,0.400,6.459,6.459,49.181,1.25,35.00,33.0000,4.9181,22.131
5694,250.000,0.313,0.313,52.192,52.192,4.790,0.781,0.781,8.058,8.058,61.344,1.25,35.00,33.0000,6.1344,27.605
5695,350.000,1.200,1.200,71.575,71.575,4.890,2.144,2.144,11.242,11.242,86.161,1.25,35.00,33.0000,8.6161,38.772
5696,500.000,5.000,5.000,99.206,99.206,5.040,6.250,6.250,15.979,15.979,126.435,1.25,35.00,33.0000,12.6435,56.896
5697,450.000,3.281,3.281,90.180,90.180,4.990,4.556,4.556,14.405,14.405,112.422,1.25,35.00,33.0000,11.2422,50.590
5698,300.000,0.648,0.648,61.983,61.983,4.840,1.350,1.350,9.653,9.653,73.634,1.25,35.00,33.0000,7.3634,33.135
5699,200.000,0.128,0.128,42.194,42.194,4.740,0.400,0.400,6.459,6.459,49.181,1.25,35.00,33.0000,4.9181,22.131
5700,250.000,0.313,0.313,52.192,52.192,4.790,0.781,0.781,8.058,8.058,61.344,1.25,35.00,33.0000,6.1344,27.605
5701,350.000,1.200,1.200,71.575,71.575,4.890,2.144,2.144,11.242,11.242,86.161,1.25,35.00,33.0000,8.6161,38.772
5702,500.000,5.000,5.000,99.206,99.206,5.040,6.250,6.250,15.979,15.979,126.435,1.25,35.00,33.0000,12.6435,56.896
5703,450.000,3.281,3.281,90.180,90.180,4.990,4.556,4.556,14.405,14.405,112.422,1.25,35.00,33.0000,11.2422,50.590
5704,300.000,0.648,0.648,61.983,61.983,4.840,1.350,1.350,9.653,9.653,73.634,1.25,35.00,33.0000,7.3634,33.135
5705,200.000,0.128,0.128,42.194,42.194,4.740,0.400,0.400,6.459,6.459,49.181,1.25,35.00,33.0000,4.9181,22.131
5706,250.000,0.313,0.313,52.192,52.192,4.790,0.781,0.781,8.058,8.058,61.344,1.25,35.00,33.0000,6.1344,27.605
5707,350.000,1.200,1.200,71.575,71.575,4.890,2.144,2.144,11.242,11.242,86.161,1.25,35.00,33.0000,8.6161,38.772
5708,500.000,5.000,5.000,99.206,99.206,5.040,6.250,6.250,15.979,15.979,126.435,1.25,35.00,33.0000,12.6435,56.896
5709,450.000,3.281,3.281,90.180,90.180,4.990,4.556,4.556,14.405,14.405,112.422,1.25,35.00,33.0000,11.2422,50.590
5710,300.000,0.648,0.648,61.983,61.983,4.840,1.350,1.350,9.653,9.653,73.634,1.25,35.00,33.0000,7.3634,33.135
5711,200.000,0.128,0.128,42.194,42.194,4.740,0.400,0.400,6.459,6.459,49.181,1.25,35.00,33.0000,4.9181,22.131
5712,250.000,0.313,0.313,52.192,52.192,4.790,0.781,0.781,8.058,8.058,61.344,1.25,35.00,33.0000,6.1344,27.605
5713,350.000,1.200,1.200,71.575,71.575,4.890,2.144,2.144,11.242,11.242,86.161,1.25,35.00,33.0000,8.6161,38.772
5714,500.000,5.000,5.000,99.206,99.206,5.040,6.250,6.250,15.979,15.979,126.435,1.25,35.00,33.0000,12.6435,56.896
5715,450.000,3.281,3.281,90.180,90.180,4.990,4.556,4.556,14.405,14.405,112.422,1.25,35.00,33.0000,11.2422,50.590
5716,300.000,0.648,0.648,61.983,61.983,4.840,1.350,1.350,9.653,9.653,73.634,1.25,35.00,33.0000,7.3634,33.135
5717,200.000,0.128,0.128,42.194,42.194,4.740,0.400,0.400,6.459,6.459,49.181,1.25,35.00,33.0000,4.9181,22.131
5718,250.000,0.313,0.313,52.192,52.192,4.790,0.781,0.781,8.058,8.058,61.344,1.25,35.00,33.0000,6.1344,27.605
5719,350.000,1.200,1.200,71.575,71.575,4.890,2.144,2.144,11.242,11.242,86.161,1.25,35.00,33.0000,8.6161,38.772
5720,500.000,5.000,5.000,99.206,99.206,5.040,6.250,6.250,15.979,15.979,126.435,1.25,35.00,33.0000,12.6435,56.896
5721,450.000,3.281,3.281,90.180,90.180,4.990,4.556,4.556,14.405,14.405,112.422,1.25,35.00,33.0000,11.2422,50.590
5722,300.000,0.648,0.648,61.983,61.983,4.840,1.350,1.350,9.653,9.653,73.634,1.25,35.00,33.0000,7.3634,33.135
5723,200.000,0.128,0.128,42.194,42.194,4.740,0.400,0.400,6.459,6.459,49.181,1.25,35.00,33.0000,4.9181,22.131
5724,250.000,0.313,0.313,52.192,52.192,4.790,0.781,0.781,8.058,8.058,61.344,1.25,35.00,33.0000,6.1344,27.605
5725,350.000,1.200,1.200,71.575,71.575,4.890,2.144,2.144,11.242,11.242,86.161,1.25,35.00,33.0000,8.6161,38.772
5726,500.000,5.000,5.000,99.206,99.206,5.040,6.250,6.250,15.979,15.979,126.435,1.25,35.00,33.0000,12.6435,56.896
5727,450.000,3.281,3.281,90.180,90.180,4.990,4.556,4.556,14.405,14.405,112.422,1.25,35.00,33.0000,11.2422,50.590
5728,300.000,0.648,0.648,61.983,61.983,4.840,1.350,1.350,9.653,9.653,73.634,1.25,35.00,33.0000,7.3634,33.135
5729,200.000,0.128,0.128,42.194,42.194,4.740,0.400,0.400,6.459,6.459,49.181,1.25,35.00,33.0000,4.9181,22.131
5730,250.000,0.313,0.313,52.192,52.192,4.790,0.781,0.781,8.058,8.058,61.344,1.25,35.00,33.0000,6.1344,27.605
5731,350.000,1.200,1.200,71.575,71.575,4.890,2.144,2.144,11.242,11.242,86.161,1.25,35.00,33.0000,8.6161,38.772
5732,500.000,5.000,5.000,99.206,99.206,5.040,6.250,6.250,15.979,15.979,126.435,1.25,35.00,33.0000,12.6435,56.896
5733,450.000,3.281,3.281,90.180,90.180,4.990,4.556,4.556,14.405,14.405,112.422,1.25,35.00,33.0000,11.2422,50.590
5734,300.000,0.648,0.648,61.983,61.983,4.840,1.350,1.350,9.653,9.653,73.634,1.25,35.00,33.0000,7.3634,33.135
5735,200.000,0.128,0.128,42.194,42.194,4.740,0.400,0.400,6.459,6.459,49.181,1.25,35.00,33.0000,4.9181,22.131
5736,250.000,0.313,0.313,52.192,52.192,4.790,0.781,0.781,8.058,8.058,61.344,1.25,35.00,33.0000,6.1344,27.605
5737,350.000,1.200,1.200,71.575,71.575,4.890,2.144,2.144,11.242,11.242,86.161,1.25,35.00,33.0000,8.6161,38.772
5738,500.000,5.000,5.000,99.206,99.206,5.040,6.250,6.250,15.979,15.979,126.435,1.25,35.00,33.0000,12.6435,56.896
5739,450.000,3.281,3.281,90.180,90.180,4.990,4.556,4.556,14.405,14.405,112.422,1.25,35.00,33.0000,11.2422,50.590
5740,300.000,0.648,0.648,61.983,61.983,4.840,1.350,1.350,9.653,9.653,73.634,1.25,35.00,33.0000,7.3634,33.135
5741,200.000,0.128,0.128,42.194,42.194,4.740,0.400,0.400,6.459,6.459,49.181,1.25,35.00,33.0000,4.9181,22.131
5742,250.000,0.313,0.313,52.192,52.192,4.790,0.781,0.781,8.058,8.058,61.344,1.25,35.00,33.0000,6.1344,27.605
5743,350.000,1.200,1.200,71.575,71.575,4.890,2.144,2.144,11.242,11.242,86.161,1.25,35.00,33.0000,8.6161,38.772
5744,500.000,5.000,5.000,99.206,99.206,5.040,6.250,6.250,15.979,15.979,126.435,1.25,35.00,33.0000,12.6435,56.896
5745,450.000,3.281,3.281,90.180,90.180,4.990,4.556,4.556,14.405,14.405,112.422,1.25,35.00,33.0000,11.2422,50.590
5746,300.000,0.648,0.648,61.983,61.983,4.840,1.350,1.350,9.653,9.653,73.634,1.25,35.00,33.0000,7.3634,33.135
5747,200.000,0.128,0.128,42.194,42.194,4.740,0.400,0.400,6.459,6.459,49.181,1.25,35.00,33.0000,4.9181,22.131
5748,250.000,0.313,0.313,52.192,52.192,4.790,0.781,0.781,8.058,8.058,61.344,1.25,35.00,33.0000,6.1344,27.605
5749,350.000,1.200,1.200,71.575,71.575,4.890,2.144,2.144,11.242,11.242,86.161,1.25,35.00,33.0000,8.6161,38.772
5750,500.000,5.000,5.000,99.206,99.206,5.040,6.250,6.250,15.979,15.979,126.435,1.25,35.00,33.0000,12.6435,56.896
5751,450.000,3.281,3.281,90.180,90.180,4.990,4.556,4.556,14.405,14.405,112.422,1.25,35.00,33.0000,11.2422,50.590
5752,300.000,0.648,0.648,61.983,61.983,4.840,1.350,1.350,9.653,9.653,73.634,1.25,35.00,33.0000,7.3634,33.135
5753,200.000,0.128,0.128,42.194,42.194,4.740,0.400,0.400,6.459,6.459,49.181,1.25,35.00,33.0000,4.9181,22.131
5754,250.000,0.313,0.313,52.192,52.192,4.790,0.781,0.781,8.058,8.058,61.344,1.25,35.00,33.0000,6.1344,27.605
5755,350.000,1.200,1.200,71.575,71.575,4.890,2.144,2.144,11.242,11.242,86.161,1.25,35.00,33.0000,8.6161,38.772
5756,500.000,5.000,5.000,99.206,99.206,5.040,6.250,6.250,15.979,15.979,126.435,1.25,35.00,33.0000,12.6435,56.896
5757,450.000,3.281,3.281,90.180,90.180,4.990,4.556,4.556,14.405,14.405,112.422,1.25,35.00,33.0000,11.2422,50.590
5758,300.000,0.648,0.648,61.983,61.983,4.840,1.350,1.350,9.653,9.653,73.634,1.25,35.00,33.0000,7.3634,33.135
5759,200.000,0.128,0.128,42.194,42.194,4.740,0.400,0.400,6.459,6.459,49.181,1.25,35.00,33.0000,4.9181,22.131
5760,250.000,0.313,0.313,52.192,52.192,4.790,0.781,0.781,8.058,8.058,61.344,1.25,35.00,33.0000,6.1344,27.605
5761,350.000,1.200,1.200,71.575,71.575,4.890,2.144,2.144,11.242,11.242,86.161,1.25,35.00,33.0000,8.6161,38.772
5762,500.000,5.000,5.000,99.206,99.206,5.040,6.250,6.250,15.979,15.979,126.435,1.25,35.00,33.0000,12.6435,56.896
5763,450.000,3.281,3.281,90.180,90.180,4.990,4.556,4.556,14.405,14.405,112.422,1.25,35.00,33.0000,11.2422,50.590
5764,300.000,0.648,0.648,61.983,61.983,4.840,1.350,1.350,9.653,9.653,73.634,1.25,35.00,33.0000,7.3634,33.135
5765,200.000,0.128,0.128,42.194,42.194,4.740,0.400,0.400,6.459,6.459,49.181,1.25,35.00,33.0000,4.9181,22.131
5766,250.000,0.313,0.313,52.192,52.192,4.790,0.781,0.781,8.058,8.058,61.344,1.25,35.00,33.0000,6.1344,27.605
5767,350.000,1.200,1.200,71.575,71.575,4.890,2.144,2.144,11.242,11.242,86.161,1.25,35.00,33.0000,8.6161,38.772
5768,500.000,5.000,5.000,99.206,99.206,5.040,6.250,6.250,15.979,15.979,126.435,1.25,35.00,33.0000,12.6435,56.896
5769,450.000,3.281,3.281,90.180,90.180,4.990,4.556,4.556,14.405,14.405,112.422,1.25,35.00,33.0000,11.2422,50.590
5770,300.000,0.648,0.648,61.983,61.983,4.840,1.350,1.350,9.653,9.653,73.634,1.25,35.00,33.0000,7.3634,33.135
5771,200.000,0.128,0.128,42.194,42.194,4.740,0.400,0.400,6.459,6.459,49.181,1.25,35.00,33.0000,4.9181,22.131
5772,250.000,0.313,0.313,52.192,52.192,4.790,0.781,0.781,8.058,8.058,61.344,1.25,35.00,33.0000,6.1344,27.605
5773,350.000,1.200,1.200,71.575,71.575,4.890,2.144,2.144,11.242,11.242,86.161,1.25,35.00,33.0000,8.6161,38.772
5774,500.000,5.000,5.000,99.206,99.206,5.040,6.250,6.250,15.979,15.979,126.435,1.25,35.00,33.0000,12.6435,56.896
5775,450.000,3.281,3.281,90.180,90.180,4.990,4.556,4.556,14.405,14.405,112.422,1.25,35.00,33.0000,11.2422,50.590
5776,300.000,0.648,0.648,61.983,61.983,4.840,1.350,1.350,9.653,9.653,73.634,1.25,35.00,33.0000,7.3634,33.135
5777,200.000,0.128,0.128,42.194,42.194,4.740,0.400,0.400,6.459,6.459,49.181,1.25,35.00,33.0000,4.9181,22.131
5778,250.000,0.313,0.313,52.192,52.192,4.790,0.781,0.781,8.058,8.058,61.344,1.25,35.00,33.0000,6.1344,27.605
5779,350.000,1.200,1.200,71.575,71.575,4.890,2.144,2.144,11.242,11.242,86.161,1.25,35.00,33.0000,8.6161,38.772
5780,500.000,5.000,5.000,99.206,99.206,5.040,6.250,6.250,15.979,15.979,126.435,1.25,35.00,33.0000,12.6435,56.896
5781,450.000,3.281,3.281,90.180,90.180,4.990,4.556,4.556,14.405,14.405,112.422,1.25,35.00,33.0000,11.2422,50.590
5782,300.000,0.648,0.648,61.983,61.983,4.840,1.350,1.350,9.653,9.653,73.634,1.25,35.00,33.0000,7.3634,33.135
5783,200.000,0.128,0.128,42.194,42.194,4.740,0.400,0.400,6.459,6.459,49.181,1.25,35.00,33.0000,4.9181,22.131
5784,250.000,0.313,0.313,52.192,52.192,4.790,0.781,0.781,8.058,8.058,61.344,1.25,35.00,33.0000,6.1344,27.605
5785,350.000,1.200,1.200,71.575,71.575,4.890,2.144,2.144,11.242,11.242,86.161,1.25,35.00,33.0000,8.6161,38.772
5786,500.000,5.000,5.000,99.206,99.206,5.040,6.250,6.250,15.979,15.979,126.435,1.25,35.00,33.0000,12.6435,56.896
5787,450.000,3.281,3.281,90.180,90.180,4.990,4.556,4.556,14.405,14.405,112.422,1.25,35.00,33.0000,11.2422,50.590
5788,300.000,0.648,0.648,61.983,61.983,4.840,1.350,1.350,9.653,9.653,73.634,1.25,35.00,33.0000,7.3634,33.135
5789,200.000,0.128,0.128,42.194,42.194,4.740,0.400,0.400,6.459,6.459,49.181,1.25,35.00,33.0000,4.9181,22.131
5790,250.000,0.313,0.313,52.192,52.192,4.790,0.781,0.781,8.058,8.058,61.344,1.25,35.00,33.0000,6.1344,27.605
5791,350.000,1.200,1.200,71.575,71.575,4.890,2.144,2.144,11.242,11.242,86.161,1.25,35.00,33.0000,8.6161,38.772
5792,500.000,5.000,5.000,99.206,99.206,5.040,6.250,6.250,15.979,15.979,126.435,1.25,35.00,33.0000,12.6435,56.896
5793,450.000,3.281,3.281,90.180,90.180,4.990,4.556,4.556,14.405,14.405,112.422,1.25,35.00,33.0000,11.2422,50.590
5794,300.000,0.648,0.648,61.983,61.983,4.840,1.350,1.350,9.653,9.653,73.634,1.25,35.00,33.0000,7.3634,33.135
5795,200.000,0.128,0.128,42.194,42.194,4.740,0.400,0.400,6.459,6.459,49.181,1.25,35.00,33.0000,4.9181,22.131
5796,250.000,0.313,0.313,52.192,52.192,4.790,0.781,0.781,8.058,8.058,61.344,1.25,35.00,33.0000,6.1344,27.605
5797,350.000,1.200,1.200,71.575,71.575,4.890,2.144,2.144,11.242,11.242,86.161,1.25,35.00,33.0000,8.6161,38.772
5798,500.000,5.000,5.000,99.206,99.206,5.040,6.250,6.250,15.979,15.979,126.435,1.25,35.00,33.0000,12.6435,56.896
5799,450.000,3.281,3.281,90.180,90.180,4.990,4.556,4.556,14.405,14.405,112.422,1.25,35.00,33.0000,11.2422,50.590
5800,300.000,0.648,0.648,61.983,61.983,4.840,1.350,1.350,9.653,9.653,73.634,1.25,35.00,33.0000,7.3634,33.135
5801,200.000,0.128,0.128,42.194,42.194,4.740,0.400,0.400,6.459,6.459,49.181,1.25,35.00,33.0000,4.9181,22.131
5802,250.000,0.313,0.313,52.192,52.192,4.790,0.781,0.781,8.058,8.058,61.344,1.25,35.00,33.0000,6.1344,27.605
5803,350.000,1.200,1.200,71.575,71.575,4.890,2.144,2.144,11.242,11.242,86.161,1.25,35.00,33.0000,8.6161,38.772
5804,500.000,5.000,5.000,99.206,99.206,5.040,6.250,6.250,15.979,15.979,126.435,1.25,35.00,33.0000,12.6435,56.896
5805,450.000,3.281,3.281,90.180,90.180,4.990,4.556,4.556,14.405,14.405,112.422,1.25,35.00,33.0000,11.2422,50.590
5806,300.000,0.648,0.648,61.983,61.983,4.840,1.350,1.350,9.653,9.653,73.634,1.25,35.00,33.0000,7.3634,33.135
5807,200.000,0.128,0.128,42.194,42.194,4.740,0.400,0.400,6.459,6.459,49.181,1.25,35.00,33.0000,4.9181,22.131
5808,250.000,0.313,0.313,52.192,52.192,4.790,0.781,0.781,8.058,8.058,61.344,1.25,35.00,33.0000,6.1344,27.605
5809,350.000,1.200,1.200,71.575,71.575,4.890,2.144,2.144,11.242,11.242,86.161,1.25,35.00,33.0000,8.6161,38.772
5810,500.000,5.000,5.000,99.206,99.206,5.040,6.250,6.250,15.979,15.979,126.435,1.25,35.00,33.0000,12.6435,56.896
5811,450.000,3.281,3.281,90.180,90.180,4.990,4.556,4.556,14.405,14.405,112.422,1.25,35.00,33.0000,11.2422,50.590
5812,300.000,0.648,0.648,61.983,61.983,4.840,1.350,1.350,9.653,9.653,73.634,1.25,35.00,33.0000,7.3634,33.135
5813,200.000,0.128,0.128,42.194,42.194,4.740,0.400,0.400,6.459,6.459,49.181,1.25,35.00,33.0000,4.9181,22.131
5814,250.000,0.313,0.313,52.192,52.192,4.790,0.781,0.781,8.058,8.058,61.344,1.25,35.00,33.0000,6.1344,27.605
5815,350.000,1.200,1.200,71.575,71.575,4.890,2.144,2.144,11.242,11.242,86.161,1.25,35.00,33.0000,8.6161,38.772
5816,500.000,5.000,5.000,99.206,99.206,5.040,6.250,6.250,15.979,15.979,126.435,1.25,35.00,33.0000,12.6435,56.896
5817,450.000,3.281,3.281,90.180,90.180,4.990,4.556,4.556,14.405,14.405,112.422,1.25,35.00,33.0000,11.2422,50.590
5818,300.000,0.648,0.648,61.983,61.983,4.840,1.350,1.350,9.653,9.653,73.634,1.25,35.00,33.0000,7.3634,33.135
5819,200.000,0.128,0.128,42.194,42.194,4.740,0.400,0.400,6.459,6.459,49.181,1.25,35.00,33.0000,4.9181,22.131
5820,250.000,0.313,0.313,52.192,52.192,4.790,0.781,0.781,8.058,8.058,61.344,1.25,35.00,33.0000,6.1344,27.605
5821,350.000,1.200,1.200,71.575,71.575,4.890,2.144,2.144,11.242,11.242,86.161,1.25,35.00,33.0000,8.6161,38.772
5822,500.000,5.000,5.000,99.206,99.206,5.040,6.250,6.250,15.979,15.979,126.435,1.25,35.00,33.0000,12.6435,56.896
5823,450.000,3.281,3.281,90.180,90.180,4.990,4.556,4.556,14.405,14.405,112.422,1.25,35.00,33.0000,11.2422,50.590
5824,300.000,0.648,0.648,61.983,61.983,4.840,1.350,1.350,9.653,9.653,73.634,1.25,35.00,33.0000,7.3634,33.135
5825,200.000,0.128,0.128,42.194,42.194,4.740,0.400,0.400,6.459,6.459,49.181,1.25,35.00,33.0000,4.9181,22.131
5826,250.000,0.313,0.313,52.192,52.192,4.790,0.781,0.781,8.058,8.058,61.344,1.25,35.00,33.0000,6.1344,27.605
5827,350.000,1.200,1.200,71.575,71.575,4.890,2.144,2.144,11.242,11.242,86.161,1.25,35.00,33.0000,8.6161,38.772
5828,500.000,5.000,5.000,99.206,99.206,5.040,6.250,6.250,15.979,15.979,126.435,1.25,35.00,33.0000,12.6435,56.896
5829,450.000,3.281,3.281,90.180,90.180,4.990,4.556,4.556,14.405,14.405,112.422,1.25,35.00,33.0000,11.2422,50.590
5830,300.000,0.648,0.648,61.983,61.983,4.840,1.350,1.350,9.653,9.653,73.634,1.25,35.00,33.0000,7.3634,33.135
5831,200.000,0.128,0.128,42.194,42.194,4.740,0.400,0.400,6.459,6.459,49.181,1.25,35.00,33.0000,4.9181,22.131
5832,250.000,0.313,0.313,52.192,52.192,4.790,0.781,0.781,8.058,8.058,61.344,1.25,35.00,33.0000,6.1344,27.605
5833,350.000,1.200,1.200,71.575,71.575,4.890,2.144,2.144,11.242,11.242,86.161,1.25,35.00,33.0000,8.6161,38.772
5834,500.000,5.000,5.000,99.206,99.206,5.040,6.250,6.250,15.979,15.979,126.435,1.25,35.00,33.0000,12.6435,56.896
5835,450.000,3.281,3.281,90.180,90.180,4.990,4.556,4.556,14.405,14.405,112.422,1.25,35.00,33.0000,11.2422,50.590
5836,300.000,0.648,0.648,61.983,61.983,4.840,1.350,1.350,9.653,9.653,73.634,1.25,35.00,33.0000,7.3634,33.135
5837,200.000,0.128,0.128,42.194,42.194,4.740,0.400,0.400,6.459,6.459,49.181,1.25,35.00,33.0000,4.9181,22.131
5838,250.000,0.313,0.313,52.192,52.192,4.790,0.781,0.781,8.058,8.058,61.344,1.25,35.00,33.0000,6.1344,27.605
5839,350.000,1.200,1.200,71.575,71.575,4.890,2.144,2.144,11.242,11.242,86.161,1.25,35.00,33.0000,8.6161,38.772
5840,500.000,5.000,5.000,99.206,99.206,5.040,6.250,6.250,15.979,15.979,126.435,1.25,35.00,33.0000,12.6435,56.896
5841,450.000,3.281,3.281,90.180,90.180,4.990,4.556,4.556,14.405,14.405,112.422,1.25,35.00,33.0000,11.2422,50.590
5842,300.000,0.648,0.648,61.983,61.983,4.840,1.350,1.350,9.653,9.653,73.634,1.25,35.00,33.0000,7.3634,33.135
5843,200.000,0.128,0.128,42.194,42.194,4.740,0.400,0.400,6.459,6.459,49.181,1.25,35.00,33.0000,4.9181,22.131
5844,250.000,0.313,0.313,52.192,52.192,4.790,0.781,0.781,8.058,8.058,61.344,1.25,35.00,33.0000,6.1344,27.605
5845,350.000,1.200,1.200,71.575,71.575,4.890,2.144,2.144,11.242,11.242,86.161,1.25,35.00,33.0000,8.6161,38.772
5846,500.000,5.000,5.000,99.206,99.206,5.040,6.250,6.250,15.979,15.979,126.435,1.25,35.00,33.0000,12.6435,56.896
5847,450.000,3.281,3.281,90.180,90.180,4.990,4.556,4.556,14.405,14.405,112.422,1.25,35.00,33.0000,11.2422,50.590
5848,300.000,0.648,0.648,61.983,61.983,4.840,1.350,1.350,9.653,9.653,73.634,1.25,35.00,33.0000,7.3634,33.135
5849,200.000,0.128,0.128,42.194,42.194,4.740,0.400,0.400,6.459,6.459,49.181,1.25,35.00,33.0000,4.9181,22.131
5850,250.000,0.313,0.313,52.192,52.192,4.790,0.781,0.781,8.058,8.058,61.344,1.25,35.00,33.0000,6.1344,27.605
5851,350.000,1.200,1.200,71.575,71.575,4.890,2.144,2.144,11.242,11.242,86.161,1.25,35.00,33.0000,8.6161,38.772
5852,500.000,5.000,5.000,99.206,99.206,5.040,6.250,6.250,15.979,15.979,126.435,1.25,35.00,33.0000,12.6435,56.896
5853,450.000,3.281,3.281,90.180,90.180,4.990,4.556,4.556,14.405,14.405,112.422,1.25,35.00,33.0000,11.2422,50.590
5854,300.000,0.648,0.648,61.983,61.983,4.840,1.350,1.350,9.653,9.653,73.634,1.25,35.00,33.0000,7.3634,33.135
5855,200.000,0.128,0.128,42.194,42.194,4.740,0.400,0.400,6.459,6.459,49.181,1.25,35.00,33.0000,4.9181,22.131
5856,250.000,0.313,0.313,52.192,52.192,4.790,0.781,0.781,8.058,8.058,61.344,1.25,35.00,33.0000,6.1344,27.605
5857,350.000,1.200,1.200,71.575,71.575,4.890,2.144,2.144,11.242,11.242,86.161,1.25,35.00,33.0000,8.6161,38.772
5858,500.000,5.000,5.000,99.206,99.206,5.040,6.250,6.250,15.979,15.979,126.435,1.25,35.00,33.0000,12.6435,56.896
5859,450.000,3.281,3.281,90.180,90.180,4.990,4.556,4.556,14.405,14.405,112.422,1.25,35.00,33.0000,11.2422,50.590
5860,300.000,0.648,0.648,61.983,61.983,4.840,1.350,1.350,9.653,9.653,73.634,1.25,35.00,33.0000,7.3634,33.135
5861,200.000,0.128,0.128,42.194,42.194,4.740,0.400,0.400,6.459,6.459,49.181,1.25,35.00,33.0000,4.9181,22.131
5862,250.000,0.313,0.313,52.192,52.192,4.790,0.781,0.781,8.058,8.058,61.344,1.25,35.00,33.0000,6.1344,27.605
5863,350.000,1.200,1.200,71.575,71.575,4.890,2.144,2.144,11.242,11.242,86.161,1.25,35.00,33.0000,8.6161,38.772
5864,500.000,5.000,5.000,99.206,99.206,5.040,6.250,6.250,15.979,15.979,126.435,1.25,35.00,33.0000,12.6435,56.896
5865,450.000,3.281,3.281,90.180,90.180,4.990,4.556,4.556,14.405,14.405,112.422,1.25,35.00,33.0000,11.2422,50.590
5866,300.000,0.648,0.648,61.983,61.983,4.840,1.350,1.350,9.653,9.653,73.634,1.25,35.00,33.0000,7.3634,33.135
5867,200.000,0.128,0.128,42.194,42.194,4.740,0.400,0.400,6.459,6.459,49.181,1.25,35.00,33.0000,4.9181,22.131
5868,250.000,0.313,0.313,52.192,52.192,4.790,0.781,0.781,8.058,8.058,61.344,1.25,35.00,33.0000,6.1344,27.605
5869,350.000,1.200,1.200,71.575,71.575,4.890,2.144,2.144,11.242,11.242,86.161,1.25,35.00,33.0000,8.6161,38.772
5870,500.000,5.000,5.000,99.206,99.206,5.040,6.250,6.250,15.979,15.979,126.435,1.25,35.00,33.0000,12.6435,56.896
5871,450.000,3.281,3.281,90.180,90.180,4.990,4.556,4.556,14.405,14.405,112.422,1.25,35.00,33.0000,11.2422,50.590
5872,300.000,0.648,0.648,61.983,61.983,4.840,1.350,1.350,9.653,9.653,73.634,1.25,35.00,33.0000,7.3634,33.135
5873,200.000,0.128,0.128,42.194,42.194,4.740,0.400,0.400,6.459,6.459,49.181,1.25,35.00,33.0000,4.9181,22.131
5874,250.000,0.313,0.313,52.192,52.192,4.790,0.781,0.781,8.058,8.058,61.344,1.25,35.00,33.0000,6.1344,27.605
5875,350.000,1.200,1.200,71.575,71.575,4.890,2.144,2.144,11.242,11.242,86.161,1.25,35.00,33.0000,8.6161,38.772
5876,500.000,5.000,5.000,99.206,99.206,5.040,6.250,6.250,15.979,15.979,126.435,1.25,35.00,33.0000,12.6435,56.896
5877,450.000,3.281,3.281,90.180,90.180,4.990,4.556,4.556,14.405,14.405,112.422,1.25,35.00,33.0000,11.2422,50.590
5878,300.000,0.648,0.648,61.983,61.983,4.840,1.350,1.350,9.653,9.653,73.634,1.25,35.00,33.0000,7.3634,33.135
5879,200.000,0.128,0.128,42.194,42.194,4.740,0.400,0.400,6.459,6.459,49.181,1.25,35.00,33.0000,4.9181,22.131
5880,250.000,0.313,0.313,52.192,52.192,4.790,0.781,0.781,8.058,8.058,61.344,1.25,35.00,33.0000,6.1344,27.605
5881,350.000,1.200,1.200,71.575,71.575,4.890,2.144,2.144,11.242,11.242,86.161,1.25,35.00,33.0000,8.6161,38.772
5882,500.000,5.000,5.000,99.206,99.206,5.040,6.250,6.250,15.979,15.979,126.435,1.25,35.00,33.0000,12.6435,56.896
5883,450.000,3.281,3.281,90.180,90.180,4.990,4.556,4.556,14.405,14.405,112.422,1.25,35.00,33.0000,11.2422,50.590
5884,300.000,0.648,0.648,61.983,61.983,4.840,1.350,1.350,9.653,9.653,73.634,1.25,35.00,33.0000,7.3634,33.135
5885,200.000,0.128,0.128,42.194,42.194,4.740,0.400,0.400,6.459,6.459,49.181,1.25,35.00,33.0000,4.9181,22.131
5886,250.000,0.313,0.313,52.192,52.192,4.790,0.781,0.781,8.058,8.058,61.344,1.25,35.00,33.0000,6.1344,27.605
5887,350.000,1.200,1.200,71.575,71.575,4.890,2.144,2.144,11.242,11.242,86.161,1.25,35.00,33.0000,8.6161,38.772
5888,500.000,5.000,5.000,99.206,99.206,5.040,6.250,6.250,15.979,15.979,126.435,1.25,35.00,33.0000,12.6435,56.896
5889,450.000,3.281,3.281,90.180,90.180,4.990,4.556,4.556,14.405,14.405,112.422,1.25,35.00,33.0000,11.2422,50.590
5890,300.000,0.648,0.648,61.983,61.983,4.840,1.350,1.350,9.653,9.653,73.634,1.25,35.00,33.0000,7.3634,33.135
5891,200.000,0.128,0.128,42.194,42.194,4.740,0.400,0.400,6.459,6.459,49.181,1.25,35.00,33.0000,4.9181,22.131
5892,250.000,0.313,0.313,52.192,52.192,4.790,0.781,0.781,8.058,8.058,61.344,1.25,35.00,33.0000,6.1344,27.605
5893,350.000,1.200,1.200,71.575,71.575,4.890,2.144,2.144,11.242,11.242,86.161,1.25,35.00,33.0000,8.6161,38.772
5894,500.000,5.000,5.000,99.206,99.206,5.040,6.250,6.250,15.979,15.979,126.435,1.25,35.00,33.0000,12.6435,56.896
5895,450.000,3.281,3.281,90.180,90.180,4.990,4.556,4.556,14.405,14.405,112.422,1.25,35.00,33.0000,11.2422,50.590
5896,300.000,0.648,0.648,61.983,61.983,4.840,1.350,1.350,9.653,9.653,73.634,1.25,35.00,33.0000,7.3634,33.135
5897,200.000,0.128,0.128,42.194,42.194,4.740,0.400,0.400,6.459,6.459,49.181,1.25,35.00,33.0000,4.9181,22.131
5898,250.000,0.313,0.313,52.192,52.192,4.790,0.781,0.781,8.058,8.058,61.344,1.25,35.00,33.0000,6.1344,27.605
5899,350.000,1.200,1.200,71.575,71.575,4.890,2.144,2.144,11.242,11.242,86.161,1.25,35.00,33.0000,8.6161,38.772
5900,500.000,5.000,5.000,99.206,99.206,5.040,6.250,6.250,15.979,15.979,126.435,1.25,35.00,33.0000,12.6435,56.896
5901,450.000,3.281,3.281,90.180,90.180,4.990,4.556,4.556,14.405,14.405,112.422,1.25,35.00,33.0000,11.2422,50.590
5902,300.000,0.648,0.648,61.983,61.983,4.840,1.350,1.350,9.653,9.653,73.634,1.25,35.00,33.0000,7.3634,33.135
5903,200.000,0.128,0.128,42.194,42.194,4.740,0.400,0.400,6.459,6.459,49.181,1.25,35.00,33.0000,4.9181,22.131
5904,250.000,0.313,0.313,52.192,52.192,4.790,0.781,0.781,8.058,8.058,61.344,1.25,35.00,33.0000,6.1344,27.605
5905,350.000,1.200,1.200,71.575,71.575,4.890,2.144,2.144,11.242,11.242,86.161,1.25,35.00,33.0000,8.6161,38.772
5906,500.000,5.000,5.000,99.206,99.206,5.040,6.250,6.250,15.979,15.979,126.435,1.25,35.00,33.0000,12.6435,56.896
5907,450.000,3.281,3.281,90.180,90.180,4.990,4.556,4.556,14.405,14.405,112.422,1.25,35.00,33.0000,11.2422,50.590
5908,300.000,0.648,0.648,61.983,61.983,4.840,1.350,1.350,9.653,9.653,73.634,1.25,35.00,33.0000,7.3634,33.135
5909,200.000,0.128,0.128,42.194,42.194,4.740,0.400,0.400,6.459,6.459,49.181,1.25,35.00,33.0000,4.9181,22.131
5910,250.000,0.313,0.313,52.192,52.192,4.790,0.781,0.781,8.058,8.058,61.344,1.25,35.00,33.0000,6.1344,27.605
5911,350.000,1.200,1.200,71.575,71.575,4.890,2.144,2.144,11.242,11.242,86.161,1.25,35.00,33.0000,8.6161,38.772
5912,500.000,5.000,5.000,99.206,99.206,5.040,6.250,6.250,15.979,15.979,126.435,1.25,35.00,33.0000,12.6435,56.896
5913,450.000,3.281,3.281,90.180,90.180,4.990,4.556,4.556,14.405,14.405,112.422,1.25,35.00,33.0000,11.2422,50.590
5914,300.000,0.648,0.648,61.983,61.983,4.840,1.350,1.350,9.653,9.653,73.634,1.25,35.00,33.0000,7.3634,33.135
5915,200.000,0.128,0.128,42.194,42.194,4.740,0.400,0.400,6.459,6.459,49.181,1.25,35.00,33.0000,4.9181,22.131
5916,250.000,0.313,0.313,52.192,52.192,4.790,0.781,0.781,8.058,8.058,61.344,1.25,35.00,33.0000,6.1344,27.605
5917,350.000,1.200,1.200,71.575,71.575,4.890,2.144,2.144,11.242,11.242,86.161,1.25,35.00,33.0000,8.6161,38.772
5918,500.000,5.000,5.000,99.206,99.206,5.040,6.250,6.250,15.979,15.979,126.435,1.25,35.00,33.0000,12.6435,56.896
5919,450.000,3.281,3.281,90.180,90.180,4.990,4.556,4.556,14.405,14.405,112.422,1.25,35.00,33.0000,11.2422,50.590
5920,300.000,0.648,0.648,61.983,61.983,4.840,1.350,1.350,9.653,9.653,73.634,1.25,35.00,33.0000,7.3634,33.135
5921,200.000,0.128,0.128,42.194,42.194,4.740,0.400,0.400,6.459,6.459,49.181,1.25,35.00,33.0000,4.9181,22.131
5922,250.000,0.313,0.313,52.192,52.192,4.790,0.781,0.781,8.058,8.058,61.344,1.25,35.00,33.0000,6.1344,27.605
5923,350.000,1.200,1.200,71.575,71.575,4.890,2.144,2.144,11.242,11.242,86.161,1.25,35.00,33.0000,8.6161,38.772
5924,500.000,5.000,5.000,99.206,99.206,5.040,6.250,6.250,15.979,15.979,126.435,1.25,35.00,33.0000,12.6435,56.896
5925,450.000,3.281,3.281,90.180,90.180,4.990,4.556,4.556,14.405,14.405,112.422,1.25,35.00,33.0000,11.2422,50.590
5926,300.000,0.648,0.648,61.983,61.983,4.840,1.350,1.350,9.653,9.653,73.634,1.25,35.00,33.0000,7.3634,33.135
5927,200.000,0.128,0.128,42.194,42.194,4.740,0.400,0.400,6.459,6.459,49.181,1.25,35.00,33.0000,4.9181,22.131
5928,250.000,0.313,0.313,52.192,52.192,4.790,0.781,0.781,8.058,8.058,61.344,1.25,35.00,33.0000,6.1344,27.605
5929,350.000,1.200,1.200,71.575,71.575,4.890,2.144,2.144,11.242,11.242,86.161,1.25,35.00,33.0000,8.6161,38.772
5930,500.000,5.000,5.000,99.206,99.206,5.040,6.250,6.250,15.979,15.979,126.435,1.25,35.00,33.0000,12.6435,56.896
5931,450.000,3.281,3.281,90.180,90.180,4.990,4.556,4.556,14.405,14.405,112.422,1.25,35.00,33.0000,11.2422,50.590
5932,300.000,0.648,0.648,61.983,61.983,4.840,1.350,1.350,9.653,9.653,73.634,1.25,35.00,33.0000,7.3634,33.135
5933,200.000,0.128,0.128,42.194,42.194,4.740,0.400,0.400,6.459,6.459,49.181,1.25,35.00,33.0000,4.9181,22.131
5934,250.000,0.313,0.313,52.192,52.192,4.790,0.781,0.781,8.058,8.058,61.344,1.25,35.00,33.0000,6.1344,27.605
5935,350.000,1.200,1.200,71.575,71.575,4.890,2.144,2.144,11.242,11.242,86.161,1.25,35.00,33.0000,8.6161,38.772
5936,500.000,5.000,5.000,99.206,99.206,5.040,6.250,6.250,15.979,15.979,126.435,1.25,35.00,33.0000,12.6435,56.896
5937,450.000,3.281,3.281,90.180,90.180,4.990,4.556,4.556,14.405,14.405,112.422,1.25,35.00,33.0000,11.2422,50.590
5938,300.000,0.648,0.648,61.983,61.983,4.840,1.350,1.350,9.653,9.653,73.634,1.25,35.00,33.0000,7.3634,33.135
5939,200.000,0.128,0.128,42.194,42.194,4.740,0.400,0.400,6.459,6.459,49.181,1.25,35.00,33.0000,4.9181,22.131
5940,250.000,0.313,0.313,52.192,52.192,4.790,0.781,0.781,8.058,8.058,61.344,1.25,35.00,33.0000,6.1344,27.605
5941,350.000,1.200,1.200,71.575,71.575,4.890,2.144,2.144,11.242,11.242,86.161,1.25,35.00,33.0000,8.6161,38.772
5942,500.000,5.000,5.000,99.206,99.206,5.040,6.250,6.250,15.979,15.979,126.435,1.25,35.00,33.0000,12.6435,56.896
5943,450.000,3.281,3.281,90.180,90.180,4.990,4.556,4.556,14.405,14.405,112.422,1.25,35.00,33.0000,11.2422,50.590
5944,300.000,0.648,0.648,61.983,61.983,4.840,1.350,1.350,9.653,9.653,73.634,1.25,35.00,33.0000,7.3634,33.135
5945,200.000,0.128,0.128,42.194,42.194,4.740,0.400,0.400,6.459,6.459,49.181,1.25,35.00,33.0000,4.9181,22.131
5946,250.000,0.313,0.313,52.192,52.192,4.790,0.781,0.781,8.058,8.058,61.344,1.25,35.00,33.0000,6.1344,27.605
5947,350.000,1.200,1.200,71.575,71.575,4.890,2.144,2.144,11.242,11.242,86.161,1.25,35.00,33.0000,8.6161,38.772
5948,500.000,5.000,5.000,99.206,99.206,5.040,6.250,6.250,15.979,15.979,126.435,1.25,35.00,33.0000,12.6435,56.896
5949,450.000,3.281,3.281,90.180,90.180,4.990,4.556,4.556,14.405,14.405,112.422,1.25,35.00,33.0000,11.2422,50.590
5950,300.000,0.648,0.648,61.983,61.983,4.840,1.350,1.350,9.653,9.653,73.634,1.25,35.00,33.0000,7.3634,33.135
5951,200.000,0.128,0.128,42.194,42.194,4.740,0.400,0.400,6.459,6.459,49.181,1.25,35.00,33.0000,4.9181,22.131
5952,250.000,0.313,0.313,52.192,52.192,4.790,0.781,0.781,8.058,8.058,61.344,1.25,35.00,33.0000,6.1344,27.605
5953,350.000,1.200,1.200,71.575,71.575,4.890,2.144,2.144,11.242,11.242,86.161,1.25,35.00,33.0000,8.6161,38.772
5954,500.000,5.000,5.000,99.206,99.206,5.040,6.250,6.250,15.979,15.979,126.435,1.25,35.00,33.0000,12.6435,56.896
5955,450.000,3.281,3.281,90.180,90.180,4.990,4.556,4.556,14.405,14.405,112.422,1.25,35.00,33.0000,11.2422,50.590
5956,300.000,0.648,0.648,61.983,61.983,4.840,1.350,1.350,9.653,9.653,73.634,1.25,35.00,33.0000,7.3634,33.135
5957,200.000,0.128,0.128,42.194,42.194,4.740,0.400,0.400,6.459,6.459,49.181,1.25,35.00,33.0000,4.9181,22.131
5958,250.000,0.313,0.313,52.192,52.192,4.790,0.781,0.781,8.058,8.058,61.344,1.25,35.00,33.0000,6.1344,27.605
5959,350.000,1.200,1.200,71.575,71.575,4.890,2.144,2.144,11.242,11.242,86.161,1.25,35.00,33.0000,8.6161,38.772
5960,500.000,5.000,5.000,99.206,99.206,5.040,6.250,6.250,15.979,15.979,126.435,1.25,35.00,33.0000,12.6435,56.896
5961,450.000,3.281,3.281,90.180,90.180,4.990,4.556,4.556,14.405,14.405,112.422,1.25,35.00,33.0000,11.2422,50.590
5962,300.000,0.648,0.648,61.983,61.983,4.840,1.350,1.350,9.653,9.653,73.634,1.25,35.00,33.0000,7.3634,33.135
5963,200.000,0.128,0.128,42.194,42.194,4.740,0.400,0.400,6.459,6.459,49.181,1.25,35.00,33.0000,4.9181,22.131
5964,250.000,0.313,0.313,52.192,52.192,4.790,0.781,0.781,8.058,8.058,61.344,1.25,35.00,33.0000,6.1344,27.605
5965,350.000,1.200,1.200,71.575,71.575,4.890,2.144,2.144,11.242,11.242,86.161,1.25,35.00,33.0000,8.6161,38.772
5966,500.000,5.000,5.000,99.206,99.206,5.040,6.250,6.250,15.979,15.979,126.435,1.25,35.00,33.0000,12.6435,56.896
5967,450.000,3.281,3.281,90.180,90.180,4.990,4.556,4.556,14.405,14.405,112.422,1.25,35.00,33.0000,11.2422,50.590
5968,300.000,0.648,0.648,61.983,61.983,4.840,1.350,1.350,9.653,9.653,73.634,1.25,35.00,33.0000,7.3634,33.135
5969,200.000,0.128,0.128,42.194,42.194,4.740,0.400,0.400,6.459,6.459,49.181,1.25,35.00,33.0000,4.9181,22.131
5970,250.000,0.313,0.313,52.192,52.192,4.790,0.781,0.781,8.058,8.058,61.344,1.25,35.00,33.0000,6.1344,27.605
5971,350.000,1.200,1.200,71.575,71.575,4.890,2.144,2.144,11.242,11.242,86.161,1.25,35.00,33.0000,8.6161,38.772
5972,500.000,5.000,5.000,99.206,99.206,5.040,6.250,6.250,15.979,15.979,126.435,1.25,35.00,33.0000,12.6435,56.896
5973,450.000,3.281,3.281,90.180,90.180,4.990,4.556,4.556,14.405,14.405,112.422,1.25,35.00,33.0000,11.2422,50.590
5974,300.000,0.648,0.648,61.983,61.983,4.840,1.350,1.350,9.653,9.653,73.634,1.25,35.00,33.0000,7.3634,33.135
5975,200.000,0.128,0.128,42.194,42.194,4.740,0.400,0.400,6.459,6.459,49.181,1.25,35.00,33.0000,4.9181,22.131
5976,250.000,0.313,0.313,52.192,52.192,4.790,0.781,0.781,8.058,8.058,61.344,1.25,35.00,33.0000,6.1344,27.605
5977,350.000,1.200,1.200,71.575,71.575,4.890,2.144,2.144,11.242,11.242,86.161,1.25,35.00,33.0000,8.6161,38.772
5978,500.000,5.000,5.000,99.206,99.206,5.040,6.250,6.250,15.979,15.979,126.435,1.25,35.00,33.0000,12.6435,56.896
5979,450.000,3.281,3.281,90.180,90.180,4.990,4.556,4.556,14.405,14.405,112.422,1.25,35.00,33.0000,11.2422,50.590
5980,300.000,0.648,0.648,61.983,61.983,4.840,1.350,1.350,9.653,9.653,73.634,1.25,35.00,33.0000,7.3634,33.135
5981,200.000,0.128,0.128,42.194,42.194,4.740,0.400,0.400,6.459,6.459,49.181,1.25,35.00,33.0000,4.9181,22.131
5982,250.000,0.313,0.313,52.192,52.192,4.790,0.781,0.781,8.058,8.058,61.344,1.25,35.00,33.0000,6.1344,27.605
5983,350.000,1.200,1.200,71.575,71.575,4.890,2.144,2.144,11.242,11.242,86.161,1.25,35.00,33.0000,8.6161,38.772
5984,500.000,5.000,5.000,99.206,99.206,5.040,6.250,6.250,15.979,15.979,126.435,1.25,35.00,33.0000,12.6435,56.896
5985,450.000,3.281,3.281,90.180,90.180,4.990,4.556,4.556,14.405,14.405,112.422,1.25,35.00,33.0000,11.2422,50.590
5986,300.000,0.648,0.648,61.983,61.983,4.840,1.350,1.350,9.653,9.653,73.634,1.25,35.00,33.0000,7.3634,33.135
5987,200.000,0.128,0.128,42.194,42.194,4.740,0.400,0.400,6.459,6.459,49.181,1.25,35.00,33.0000,4.9181,22.131
5988,250.000,0.313,0.313,52.192,52.192,4.790,0.781,0.781,8.058,8.058,61.344,1.25,35.00,33.0000,6.1344,27.605
5989,350.000,1.200,1.200,71.575,71.575,4.890,2.144,2.144,11.242,11.242,86.161,1.25,35.00,33.0000,8.6161,38.772
5990,500.000,5.000,5.000,99.206,99.206,5.040,6.250,6.250,15.979,15.979,126.435,1.25,35.00,33.0000,12.6435,56.896
5991,450.000,3.281,3.281,90.180,90.180,4.990,4.556,4.556,14.405,14.405,112.422,1.25,35.00,33.0000,11.2422,50.590
5992,300.000,0.648,0.648,61.983,61.983,4.840,1.350,1.350,9.653,9.653,73.634,1.25,35.00,33.0000,7.3634,33.135
5993,200.000,0.128,0.128,42.194,42.194,4.740,0.400,0.400,6.459,6.459,49.181,1.25,35.00,33.0000,4.9181,22.131
5994,250.000,0.313,0.313,52.192,52.192,4.790,0.781,0.781,8.058,8.058,61.344,1.25,35.00,33.0000,6.1344,27.605
5995,350.000,1.200,1.200,71.575,71.575,4.890,2.144,2.144,11.242,11.242,86.161,1.25,35.00,33.0000,8.6161,38.772
5996,500.000,5.000,5.000,99.206,99.206,5.040,6.250,6.250,15.979,15.979,126.435,1.25,35.00,33.0000,12.6435,56.896
5997,450.000,3.281,3.281,90.180,90.180,4.990,4.556,4.556,14.405,14.405,112.422,1.25,35.00,33.0000,11.2422,50.590
5998,300.000,0.648,0.648,61.983,61.983,4.840,1.350,1.350,9.653,9.653,73.634,1.25,35.00,33.0000,7.3634,33.135
5999,200.000,0.128,0.128,42.194,42.194,4.740,0.400,0.400,6.459,6.459,49.181,1.25,35.00,33.0000,4.9181,22.131
6000,250.000,0.313,0.313,52.192,52.192,4.790,0.781,0.781,8.058,8.058,61.344,1.25,35.00,33.0000,6.1344,27.605
6001,350.000,1.200,1.200,71.575,71.575,4.890,2.144,2.144,11.242,11.242,86.161,1.25,35.00,33.0000,8.6161,38.772
6002,500.000,5.000,5.000,99.206,99.206,5.040,6.250,6.250,15.979,15.979,126.435,1.25,35.00,33.0000,12.6435,56.896
6003,450.000,3.281,3.281,90.180,90.180,4.990,4.556,4.556,14.405,14.405,112.422,1.25,35.00,33.0000,11.2422,50.590
6004,300.000,0.648,0.648,61.983,61.983,4.840,1.350,1.350,9.653,9.653,73.634,1.25,35.00,33.0000,7.3634,33.135
6005,200.000,0.128,0.128,42.194,42.194,4.740,0.400,0.400,6.459,6.459,49.181,1.25,35.00,33.0000,4.9181,22.131
6006,250.000,0.313,0.313,52.192,52.192,4.790,0.781,0.781,8.058,8.058,61.344,1.25,35.00,33.0000,6.1344,27.605
6007,350.000,1.200,1.200,71.575,71.575,4.890,2.144,2.144,11.242,11.242,86.161,1.25,35.00,33.0000,8.6161,38.772
6008,500.000,5.000,5.000,99.206,99.206,5.040,6.250,6.250,15.979,15.979,126.435,1.25,35.00,33.0000,12.6435,56.896
6009,450.000,3.281,3.281,90.180,90.180,4.990,4.556,4.556,14.405,14.405,112.422,1.25,35.00,33.0000,11.2422,50.590
6010,300.000,0.648,0.648,61.983,61.983,4.840,1.350,1.350,9.653,9.653,73.634,1.25,35.00,33.0000,7.3634,33.135
6011,200.000,0.128,0.128,42.194,42.194,4.740,0.400,0.400,6.459,6.459,49.181,1.25,35.00,33.0000,4.9181,22.131
6012,250.000,0.313,0.313,52.192,52.192,4.790,0.781,0.781,8.058,8.058,61.344,1.25,35.00,33.0000,6.1344,27.605
6013,350.000,1.200,1.200,71.575,71.575,4.890,2.144,2.144,11.242,11.242,86.161,1.25,35.00,33.0000,8.6161,38.772
6014,500.000,5.000,5.000,99.206,99.206,5.040,6.250,6.250,15.979,15.979,126.435,1.25,35.00,33.0000,12.6435,56.896
6015,450.000,3.281,3.281,90.180,90.180,4.990,4.556,4.556,14.405,14.405,112.422,1.25,35.00,33.0000,11.2422,50.590
6016,300.000,0.648,0.648,61.983,61.983,4.840,1.350,1.350,9.653,9.653,73.634,1.25,35.00,33.0000,7.3634,33.135
6017,200.000,0.128,0.128,42.194,42.194,4.740,0.400,0.400,6.459,6.459,49.181,1.25,35.00,33.0000,4.9181,22.131
6018,250.000,0.313,0.313,52.192,52.192,4.790,0.781,0.781,8.058,8.058,61.344,1.25,35.00,33.0000,6.1344,27.605
6019,350.000,1.200,1.200,71.575,71.575,4.890,2.144,2.144,11.242,11.242,86.161,1.25,35.00,33.0000,8.6161,38.772
6020,500.000,5.000,5.000,99.206,99.206,5.040,6.250,6.250,15.979,15.979,126.435,1.25,35.00,33.0000,12.6435,56.896
6021,450.000,3.281,3.281,90.180,90.180,4.990,4.556,4.556,14.405,14.405,112.422,1.25,35.00,33.0000,11.2422,50.590
6022,300.000,0.648,0.648,61.983,61.983,4.840,1.350,1.350,9.653,9.653,73.634,1.25,35.00,33.0000,7.3634,33.135
6023,200.000,0.128,0.128,42.194,42.194,4.740,0.400,0.400,6.459,6.459,49.181,1.25,35.00,33.0000,4.9181,22.131
6024,250.000,0.313,0.313,52.192,52.192,4.790,0.781,0.781,8.058,8.058,61.344,1.25,35.00,33.0000,6.1344,27.605
6025,350.000,1.200,1.200,71.575,71.575,4.890,2.144,2.144,11.242,11.242,86.161,1.25,35.00,33.0000,8.6161,38.772
6026,500.000,5.000,5.000,99.206,99.206,5.040,6.250,6.250,15.979,15.979,126.435,1.25,35.00,33.0000,12.6435,56.896
6027,450.000,3.281,3.281,90.180,90.180,4.990,4.556,4.556,14.405,14.405,112.422,1.25,35.00,33.0000,11.2422,50.590
6028,300.000,0.648,0.648,61.983,61.983,4.840,1.350,1.350,9.653,9.653,73.634,1.25,35.00,33.0000,7.3634,33.135
6029,200.000,0.128,0.128,42.194,42.194,4.740,0.400,0.400,6.459,6.459,49.181,1.25,35.00,33.0000,4.9181,22.131
6030,250.000,0.313,0.313,52.192,52.192,4.790,0.781,0.781,8.058,8.058,61.344,1.25,35.00,33.0000,6.1344,27.605
6031,350.000,1.200,1.200,71.575,71.575,4.890,2.144,2.144,11.242,11.242,86.161,1.25,35.00,33.0000,8.6161,38.772
6032,500.000,5.000,5.000,99.206,99.206,5.040,6.250,6.250,15.979,15.979,126.435,1.25,35.00,33.0000,12.6435,56.896
6033,450.000,3.281,3.281,90.180,90.180,4.990,4.556,4.556,14.405,14.405,112.422,1.25,35.00,33.0000,11.2422,50.590
6034,300.000,0.648,0.648,61.983,61.983,4.840,1.350,1.350,9.653,9.653,73.634,1.25,35.00,33.0000,7.3634,33.135
6035,200.000,0.128,0.128,42.194,42.194,4.740,0.400,0.400,6.459,6.459,49.181,1.25,35.00,33.0000,4.9181,22.131
6036,250.000,0.313,0.313,52.192,52.192,4.790,0.781,0.781,8.058,8.058,61.344,1.25,35.00,33.0000,6.1344,27.605
6037,350.000,1.200,1.200,71.575,71.575,4.890,2.144,2.144,11.242,11.242,86.161,1.25,35.00,33.0000,8.6161,38.772
6038,500.000,5.000,5.000,99.206,99.206,5.040,6.250,6.250,15.979,15.979,126.435,1.25,35.00,33.0000,12.6435,56.896
6039,450.000,3.281,3.281,90.180,90.180,4.990,4.556,4.556,14.405,14.405,112.422,1.25,35.00,33.0000,11.2422,50.590
6040,300.000,0.648,0.648,61.983,61.983,4.840,1.350,1.350,9.653,9.653,73.634,1.25,35.00,33.0000,7.3634,33.135
6041,200.000,0.128,0.128,42.194,42.194,4.740,0.400,0.400,6.459,6.459,49.181,1.25,35.00,33.0000,4.9181,22.131
6042,250.000,0.313,0.313,52.192,52.192,4.790,0.781,0.781,8.058,8.058,61.344,1.25,35.00,33.0000,6.1344,27.605
6043,350.000,1.200,1.200,71.575,71.575,4.890,2.144,2.144,11.242,11.242,86.161,1.25,35.00,33.0000,8.6161,38.772
6044,500.000,5.000,5.000,99.206,99.206,5.040,6.250,6.250,15.979,15.979,126.435,1.25,35.00,33.0000,12.6435,56.896
6045,450.000,3.281,3.281,90.180,90.180,4.990,4.556,4.556,14.405,14.405,112.422,1.25,35.00,33.0000,11.2422,50.590
6046,300.000,0.648,0.648,61.983,61.983,4.840,1.350,1.350,9.653,9.653,73.634,1.25,35.00,33.0000,7.3634,33.135
6047,200.000,0.128,0.128,42.194,42.194,4.740,0.400,0.400,6.459,6.459,49.181,1.25,35.00,33.0000,4.9181,22.131
6048,250.000,0.313,0.313,52.192,52.192,4.790,0.781,0.781,8.058,8.058,61.344,1.25,35.00,33.0000,6.1344,27.605
6049,350.000,1.200,1.200,71.575,71.575,4.890,2.144,2.144,11.242,11.242,86.161,1.25,35.00,33.0000,8.6161,38.772
6050,500.000,5.000,5.000,99.206,99.206,5.040,6.250,6.250,15.979,15.979,126.435,1.25,35.00,33.0000,12.6435,56.896
6051,450.000,3.281,3.281,90.180,90.180,4.990,4.556,4.556,14.405,14.405,112.422,1.25,35.00,33.0000,11.2422,50.590
6052,300.000,0.648,0.648,61.983,61.983,4.840,1.350,1.350,9.653,9.653,73.634,1.25,35.00,33.0000,7.3634,33.135
6053,200.000,0.128,0.128,42.194,42.194,4.740,0.400,0.400,6.459,6.459,49.181,1.25,35.00,33.0000,4.9181,22.131
6054,250.000,0.313,0.313,52.192,52.192,4.790,0.781,0.781,8.058,8.058,61.344,1.25,35.00,33.0000,6.1344,27.605
6055,350.000,1.200,1.200,71.575,71.575,4.890,2.144,2.144,11.242,11.242,86.161,1.25,35.00,33.0000,8.6161,38.772
6056,500.000,5.000,5.000,99.206,99.206,5.040,6.250,6.250,15.979,15.979,126.435,1.25,35.00,33.0000,12.6435,56.896
6057,450.000,3.281,3.281,90.180,90.180,4.990,4.556,4.556,14.405,14.405,112.422,1.25,35.00,33.0000,11.2422,50.590
6058,300.000,0.648,0.648,61.983,61.983,4.840,1.350,1.350,9.653,9.653,73.634,1.25,35.00,33.0000,7.3634,33.135
6059,200.000,0.128,0.128,42.194,42.194,4.740,0.400,0.400,6.459,6.459,49.181,1.25,35.00,33.0000,4.9181,22.131
6060,250.000,0.313,0.313,52.192,52.192,4.790,0.781,0.781,8.058,8.058,61.344,1.25,35.00,33.0000,6.1344,27.605
6061,350.000,1.200,1.200,71.575,71.575,4.890,2.144,2.144,11.242,11.242,86.161,1.25,35.00,33.0000,8.6161,38.772
6062,500.000,5.000,5.000,99.206,99.206,5.040,6.250,6.250,15.979,15.979,126.435,1.25,35.00,33.0000,12.6435,56.896
6063,450.000,3.281,3.281,90.180,90.180,4.990,4.556,4.556,14.405,14.405,112.422,1.25,35.00,33.0000,11.2422,50.590
6064,300.000,0.648,0.648,61.983,61.983,4.840,1.350,1.350,9.653,9.653,73.634,1.25,35.00,33.0000,7.3634,33.135
6065,200.000,0.128,0.128,42.194,42.194,4.740,0.400,0.400,6.459,6.459,49.181,1.25,35.00,33.0000,4.9181,22.131
6066,250.000,0.313,0.313,52.192,52.192,4.790,0.781,0.781,8.058,8.058,61.344,1.25,35.00,33.0000,6.1344,27.605
6067,350.000,1.200,1.200,71.575,71.575,4.890,2.144,2.144,11.242,11.242,86.161,1.25,35.00,33.0000,8.6161,38.772
6068,500.000,5.000,5.000,99.206,99.206,5.040,6.250,6.250,15.979,15.979,126.435,1.25,35.00,33.0000,12.6435,56.896
6069,450.000,3.281,3.281,90.180,90.180,4.990,4.556,4.556,14.405,14.405,112.422,1.25,35.00,33.0000,11.2422,50.590
6070,300.000,0.648,0.648,61.983,61.983,4.840,1.350,1.350,9.653,9.653,73.634,1.25,35.00,33.0000,7.3634,33.135
6071,200.000,0.128,0.128,42.194,42.194,4.740,0.400,0.400,6.459,6.459,49.181,1.25,35.00,33.0000,4.9181,22.131
6072,250.000,0.313,0.313,52.192,52.192,4.790,0.781,0.781,8.058,8.058,61.344,1.25,35.00,33.0000,6.1344,27.605
6073,350.000,1.200,1.200,71.575,71.575,4.890,2.144,2.144,11.242,11.242,86.161,1.25,35.00,33.0000,8.6161,38.772
6074,500.000,5.000,5.000,99.206,99.206,5.040,6.250,6.250,15.979,15.979,126.435,1.25,35.00,33.0000,12.6435,56.896
6075,450.000,3.281,3.281,90.180,90.180,4.990,4.556,4.556,14.405,14.405,112.422,1.25,35.00,33.0000,11.2422,50.590
6076,300.000,0.648,0.648,61.983,61.983,4.840,1.350,1.350,9.653,9.653,73.634,1.25,35.00,33.0000,7.3634,33.135
6077,200.000,0.128,0.128,42.194,42.194,4.740,0.400,0.400,6.459,6.459,49.181,1.25,35.00,33.0000,4.9181,22.131
6078,250.000,0.313,0.313,52.192,52.192,4.790,0.781,0.781,8.058,8.058,61.344,1.25,35.00,33.0000,6.1344,27.605
6079,350.000,1.200,1.200,71.575,71.575,4.890,2.144,2.144,11.242,11.242,86.161,1.25,35.00,33.0000,8.6161,38.772
6080,500.000,5.000,5.000,99.206,99.206,5.040,6.250,6.250,15.979,15.979,126.435,1.25,35.00,33.0000,12.6435,56.896
6081,450.000,3.281,3.281,90.180,90.180,4.990,4.556,4.556,14.405,14.405,112.422,1.25,35.00,33.0000,11.2422,50.590
6082,300.000,0.648,0.648,61.983,61.983,4.840,1.350,1.350,9.653,9.653,73.634,1.25,35.00,33.0000,7.3634,33.135
6083,200.000,0.128,0.128,42.194,42.194,4.740,0.400,0.400,6.459,6.459,49.181,1.25,35.00,33.0000,4.9181,22.131
6084,250.000,0.313,0.313,52.192,52.192,4.790,0.781,0.781,8.058,8.058,61.344,1.25,35.00,33.0000,6.1344,27.605
6085,350.000,1.200,1.200,71.575,71.575,4.890,2.144,2.144,11.242,11.242,86.161,1.25,35.00,33.0000,8.6161,38.772
6086,500.000,5.000,5.000,99.206,99.206,5.040,6.250,6.250,15.979,15.979,126.435,1.25,35.00,33.0000,12.6435,56.896
6087,450.000,3.281,3.281,90.180,90.180,4.990,4.556,4.556,14.405,14.405,112.422,1.25,35.00,33.0000,11.2422,50.590
6088,300.000,0.648,0.648,61.983,61.983,4.840,1.350,1.350,9.653,9.653,73.634,1.25,35.00,33.0000,7.3634,33.135
6089,200.000,0.128,0.128,42.194,42.194,4.740,0.400,0.400,6.459,6.459,49.181,1.25,35.00,33.0000,4.9181,22.131
6090,250.000,0.313,0.313,52.192,52.192,4.790,0.781,0.781,8.058,8.058,61.344,1.25,35.00,33.0000,6.1344,27.605
6091,350.000,1.200,1.200,71.575,71.575,4.890,2.144,2.144,11.242,11.242,86.161,1.25,35.00,33.0000,8.6161,38.772
6092,500.000,5.000,5.000,99.206,99.206,5.040,6.250,6.250,15.979,15.979,126.435,1.25,35.00,33.0000,12.6435,56.896
6093,450.000,3.281,3.281,90.180,90.180,4.990,4.556,4.556,14.405,14.405,112.422,1.25,35.00,33.0000,11.2422,50.590
6094,300.000,0.648,0.648,61.983,61.983,4.840,1.350,1.350,9.653,9.653,73.634,1.25,35.00,33.0000,7.3634,33.135
6095,200.000,0.128,0.128,42.194,42.194,4.740,0.400,0.400,6.459,6.459,49.181,1.25,35.00,33.0000,4.9181,22.131
6096,250.000,0.313,0.313,52.192,52.192,4.790,0.781,0.781,8.058,8.058,61.344,1.25,35.00,33.0000,6.1344,27.605
6097,350.000,1.200,1.200,71.575,71.575,4.890,2.144,2.144,11.242,11.242,86.161,1.25,35.00,33.0000,8.6161,38.772
6098,500.000,5.000,5.000,99.206,99.206,5.040,6.250,6.250,15.979,15.979,126.435,1.25,35.00,33.0000,12.6435,56.896
6099,450.000,3.281,3.281,90.180,90.180,4.990,4.556,4.556,14.405,14.405,112.422,1.25,35.00,33.0000,11.2422,50.590
6100,300.000,0.648,0.648,61.983,61.983,4.840,1.350,1.350,9.653,9.653,73.634,1.25,35.00,33.0000,7.3634,33.135
6101,200.000,0.128,0.128,42.194,42.194,4.740,0.400,0.400,6.459,6.459,49.181,1.25,35.00,33.0000,4.9181,22.131
6102,250.000,0.313,0.313,52.192,52.192,4.790,0.781,0.781,8.058,8.058,61.344,1.25,35.00,33.0000,6.1344,27.605
6103,350.000,1.200,1.200,71.575,71.575,4.890,2.144,2.144,11.242,11.242,86.161,1.25,35.00,33.0000,8.6161,38.772
6104,500.000,5.000,5.000,99.206,99.206,5.040,6.250,6.250,15.979,15.979,126.435,1.25,35.00,33.0000,12.6435,56.896
6105,450.000,3.281,3.281,90.180,90.180,4.990,4.556,4.556,14.405,14.405,112.422,1.25,35.00,33.0000,11.2422,50.590
6106,300.000,0.648,0.648,61.983,61.983,4.840,1.350,1.350,9.653,9.653,73.634,1.25,35.00,33.0000,7.3634,33.135
6107,200.000,0.128,0.128,42.194,42.194,4.740,0.400,0.400,6.459,6.459,49.181,1.25,35.00,33.0000,4.9181,22.131
6108,250.000,0.313,0.313,52.192,52.192,4.790,0.781,0.781,8.058,8.058,61.344,1.25,35.00,33.0000,6.1344,27.605
6109,350.000,1.200,1.200,71.575,71.575,4.890,2.144,2.144,11.242,11.242,86.161,1.25,35.00,33.0000,8.6161,38.772
6110,500.000,5.000,5.000,99.206,99.206,5.040,6.250,6.250,15.979,15.979,126.435,1.25,35.00,33.0000,12.6435,56.896
6111,450.000,3.281,3.281,90.180,90.180,4.990,4.556,4.556,14.405,14.405,112.422,1.25,35.00,33.0000,11.2422,50.590
6112,300.000,0.648,0.648,61.983,61.983,4.840,1.350,1.350,9.653,9.653,73.634,1.25,35.00,33.0000,7.3634,33.135
6113,200.000,0.128,0.128,42.194,42.194,4.740,0.400,0.400,6.459,6.459,49.181,1.25,35.00,33.0000,4.9181,22.131
6114,250.000,0.313,0.313,52.192,52.192,4.790,0.781,0.781,8.058,8.058,61.344,1.25,35.00,33.0000,6.1344,27.605
6115,350.000,1.200,1.200,71.575,71.575,4.890,2.144,2.144,11.242,11.242,86.161,1.25,35.00,33.0000,8.6161,38.772
6116,500.000,5.000,5.000,99.206,99.206,5.040,6.250,6.250,15.979,15.979,126.435,1.25,35.00,33.0000,12.6435,56.896
6117,450.000,3.281,3.281,90.180,90.180,4.990,4.556,4.556,14.405,14.405,112.422,1.25,35.00,33.0000,11.2422,50.590
6118,300.000,0.648,0.648,61.983,61.983,4.840,1.350,1.350,9.653,9.653,73.634,1.25,35.00,33.0000,7.3634,33.135
6119,200.000,0.128,0.128,42.194,42.194,4.740,0.400,0.400,6.459,6.459,49.181,1.25,35.00,33.0000,4.9181,22.131
6120,250.000,0.313,0.313,52.192,52.192,4.790,0.781,0.781,8.058,8.058,61.344,1.25,35.00,33.0000,6.1344,27.605
6121,350.000,1.200,1.200,71.575,71.575,4.890,2.144,2.144,11.242,11.242,86.161,1.25,35.00,33.0000,8.6161,38.772
6122,500.000,5.000,5.000,99.206,99.206,5.040,6.250,6.250,15.979,15.979,126.435,1.25,35.00,33.0000,12.6435,56.896
6123,450.000,3.281,3.281,90.180,90.180,4.990,4.556,4.556,14.405,14.405,112.422,1.25,35.00,33.0000,11.2422,50.590
6124,300.000,0.648,0.648,61.983,61.983,4.840,1.350,1.350,9.653,9.653,73.634,1.25,35.00,33.0000,7.3634,33.135
6125,200.000,0.128,0.128,42.194,42.194,4.740,0.400,0.400,6.459,6.459,49.181,1.25,35.00,33.0000,4.9181,22.131
6126,250.000,0.313,0.313,52.192,52.192,4.790,0.781,0.781,8.058,8.058,61.344,1.25,35.00,33.0000,6.1344,27.605
6127,350.000,1.200,1.200,71.575,71.575,4.890,2.144,2.144,11.242,11.242,86.161,1.25,35.00,33.0000,8.6161,38.772
6128,500.000,5.000,5.000,99.206,99.206,5.040,6.250,6.250,15.979,15.979,126.435,1.25,35.00,33.0000,12.6435,56.896
6129,450.000,3.281,3.281,90.180,90.180,4.990,4.556,4.556,14.405,14.405,112.422,1.25,35.00,33.0000,11.2422,50.590
6130,300.000,0.648,0.648,61.983,61.983,4.840,1.350,1.350,9.653,9.653,73.634,1.25,35.00,33.0000,7.3634,33.135
6131,200.000,0.128,0.128,42.194,42.194,4.740,0.400,0.400,6.459,6.459,49.181,1.25,35.00,33.0000,4.9181,22.131
6132,250.000,0.313,0.313,52.192,52.192,4.790,0.781,0.781,8.058,8.058,61.344,1.25,35.00,33.0000,6.1344,27.605
6133,350.000,1.200,1.200,71.575,71.575,4.890,2.144,2.144,11.242,11.242,86.161,1.25,35.00,33.0000,8.6161,38.772
6134,500.000,5.000,5.000,99.206,99.206,5.040,6.250,6.250,15.979,15.979,126.435,1.25,35.00,33.0000,12.6435,56.896
6135,450.000,3.281,3.281,90.180,90.180,4.990,4.556,4.556,14.405,14.405,112.422,1.25,35.00,33.0000,11.2422,50.590
6136,300.000,0.648,0.648,61.983,61.983,4.840,1.350,1.350,9.653,9.653,73.634,1.25,35.00,33.0000,7.3634,33.135
6137,200.000,0.128,0.128,42.194,42.194,4.740,0.400,0.400,6.459,6.459,49.181,1.25,35.00,33.0000,4.9181,22.131
6138,250.000,0.313,0.313,52.192,52.192,4.790,0.781,0.781,8.058,8.058,61.344,1.25,35.00,33.0000,6.1344,27.605
6139,350.000,1.200,1.200,71.575,71.575,4.890,2.144,2.144,11.242,11.242,86.161,1.25,35.00,33.0000,8.6161,38.772
6140,500.000,5.000,5.000,99.206,99.206,5.040,6.250,6.250,15.979,15.979,126.435,1.25,35.00,33.0000,12.6435,56.896
6141,450.000,3.281,3.281,90.180,90.180,4.990,4.556,4.556,14.405,14.405,112.422,1.25,35.00,33.0000,11.2422,50.590
6142,300.000,0.648,0.648,61.983,61.983,4.840,1.350,1.350,9.653,9.653,73.634,1.25,35.00,33.0000,7.3634,33.135
6143,200.000,0.128,0.128,42.194,42.194,4.740,0.400,0.400,6.459,6.459,49.181,1.25,35.00,33.0000,4.9181,22.131
6144,250.000,0.313,0.313,52.192,52.192,4.790,0.781,0.781,8.058,8.058,61.344,1.25,35.00,33.0000,6.1344,27.605
6145,350.000,1.200,1.200,71.575,71.575,4.890,2.144,2.144,11.242,11.242,86.161,1.25,35.00,33.0000,8.6161,38.772
6146,500.000,5.000,5.000,99.206,99.206,5.040,6.250,6.250,15.979,15.979,126.435,1.25,35.00,33.0000,12.6435,56.896
6147,450.000,3.281,3.281,90.180,90.180,4.990,4.556,4.556,14.405,14.405,112.422,1.25,35.00,33.0000,11.2422,50.590
6148,300.000,0.648,0.648,61.983,61.983,4.840,1.350,1.350,9.653,9.653,73.634,1.25,35.00,33.0000,7.3634,33.135
6149,200.000,0.128,0.128,42.194,42.194,4.740,0.400,0.400,6.459,6.459,49.181,1.25,35.00,33.0000,4.9181,22.131
6150,250.000,0.313,0.313,52.192,52.192,4.790,0.781,0.781,8.058,8.058,61.344,1.25,35.00,33.0000,6.1344,27.605
6151,350.000,1.200,1.200,71.575,71.575,4.890,2.144,2.144,11.242,11.242,86.161,1.25,35.00,33.0000,8.6161,38.772
6152,500.000,5.000,5.000,99.206,99.206,5.040,6.250,6.250,15.979,15.979,126.435,1.25,35.00,33.0000,12.6435,56.896
6153,450.000,3.281,3.281,90.180,90.180,4.990,4.556,4.556,14.405,14.405,112.422,1.25,35.00,33.0000,11.2422,50.590
6154,300.000,0.648,0.648,61.983,61.983,4.840,1.350,1.350,9.653,9.653,73.634,1.25,35.00,33.0000,7.3634,33.135
6155,200.000,0.128,0.128,42.194,42.194,4.740,0.400,0.400,6.459,6.459,49.181,1.25,35.00,33.0000,4.9181,22.131
6156,250.000,0.313,0.313,52.192,52.192,4.790,0.781,0.781,8.058,8.058,61.344,1.25,35.00,33.0000,6.1344,27.605
6157,350.000,1.200,1.200,71.575,71.575,4.890,2.144,2.144,11.242,11.242,86.161,1.25,35.00,33.0000,8.6161,38.772
6158,500.000,5.000,5.000,99.206,99.206,5.040,6.250,6.250,15.979,15.979,126.435,1.25,35.00,33.0000,12.6435,56.896
6159,450.000,3.281,3.281,90.180,90.180,4.990,4.556,4.556,14.405,14.405,112.422,1.25,35.00,33.0000,11.2422,50.590
6160,300.000,0.648,0.648,61.983,61.983,4.840,1.350,1.350,9.653,9.653,73.634,1.25,35.00,33.0000,7.3634,33.135
6161,200.000,0.128,0.128,42.194,42.194,4.740,0.400,0.400,6.459,6.459,49.181,1.25,35.00,33.0000,4.9181,22.131
6162,250.000,0.313,0.313,52.192,52.192,4.790,0.781,0.781,8.058,8.058,61.344,1.25,35.00,33.0000,6.1344,27.605
6163,350.000,1.200,1.200,71.575,71.575,4.890,2.144,2.144,11.242,11.242,86.161,1.25,35.00,33.0000,8.6161,38.772
6164,500.000,5.000,5.000,99.206,99.206,5.040,6.250,6.250,15.979,15.979,126.435,1.25,35.00,33.0000,12.6435,56.896
6165,450.000,3.281,3.281,90.180,90.180,4.990,4.556,4.556,14.405,14.405,112.422,1.25,35.00,33.0000,11.2422,50.590
6166,300.000,0.648,0.648,61.983,61.983,4.840,1.350,1.350,9.653,9.653,73.634,1.25,35.00,33.0000,7.3634,33.135
6167,200.000,0.128,0.128,42.194,42.194,4.740,0.400,0.400,6.459,6.459,49.181,1.25,35.00,33.0000,4.9181,22.131
6168,250.000,0.313,0.313,52.192,52.192,4.790,0.781,0.781,8.058,8.058,61.344,1.25,35.00,33.0000,6.1344,27.605
6169,350.000,1.200,1.200,71.575,71.575,4.890,2.144,2.144,11.242,11.242,86.161,1.25,35.00,33.0000,8.6161,38.772
6170,500.000,5.000,5.000,99.206,99.206,5.040,6.250,6.250,15.979,15.979,126.435,1.25,35.00,33.0000,12.6435,56.896
6171,450.000,3.281,3.281,90.180,90.180,4.990,4.556,4.556,14.405,14.405,112.422,1.25,35.00,33.0000,11.2422,50.590
6172,300.000,0.648,0.648,61.983,61.983,4.840,1.350,1.350,9.653,9.653,73.634,1.25,35.00,33.0000,7.3634,33.135
6173,200.000,0.128,0.128,42.194,42.194,4.740,0.400,0.400,6.459,6.459,49.181,1.25,35.00,33.0000,4.9181,22.131
6174,250.000,0.313,0.313,52.192,52.192,4.790,0.781,0.781,8.058,8.058,61.344,1.25,35.00,33.0000,6.1344,27.605
6175,350.000,1.200,1.200,71.575,71.575,4.890,2.144,2.144,11.242,11.242,86.161,1.25,35.00,33.0000,8.6161,38.772
6176,500.000,5.000,5.000,99.206,99.206,5.040,6.250,6.250,15.979,15.979,126.435,1.25,35.00,33.0000,12.6435,56.896
6177,450.000,3.281,3.281,90.180,90.180,4.990,4.556,4.556,14.405,14.405,112.422,1.25,35.00,33.0000,11.2422,50.590
6178,300.000,0.648,0.648,61.983,61.983,4.840,1.350,1.350,9.653,9.653,73.634,1.25,35.00,33.0000,7.3634,33.135
6179,200.000,0.128,0.128,42.194,42.194,4.740,0.400,0.400,6.459,6.459,49.181,1.25,35.00,33.0000,4.9181,22.131
6180,250.000,0.313,0.313,52.192,52.192,4.790,0.781,0.781,8.058,8.058,61.344,1.25,35.00,33.0000,6.1344,27.605
6181,350.000,1.200,1.200,71.575,71.575,4.890,2.144,2.144,11.242,11.242,86.161,1.25,35.00,33.0000,8.6161,38.772
6182,500.000,5.000,5.000,99.206,99.206,5.040,6.250,6.250,15.979,15.979,126.435,1.25,35.00,33.0000,12.6435,56.896
6183,450.000,3.281,3.281,90.180,90.180,4.990,4.556,4.556,14.405,14.405,112.422,1.25,35.00,33.0000,11.2422,50.590
6184,300.000,0.648,0.648,61.983,61.983,4.840,1.350,1.350,9.653,9.653,73.634,1.25,35.00,33.0000,7.3634,33.135
6185,200.000,0.128,0.128,42.194,42.194,4.740,0.400,0.400,6.459,6.459,49.181,1.25,35.00,33.0000,4.9181,22.131
6186,250.000,0.313,0.313,52.192,52.192,4.790,0.781,0.781,8.058,8.058,61.344,1.25,35.00,33.0000,6.1344,27.605
6187,350.000,1.200,1.200,71.575,71.575,4.890,2.144,2.144,11.242,11.242,86.161,1.25,35.00,33.0000,8.6161,38.772
6188,500.000,5.000,5.000,99.206,99.206,5.040,6.250,6.250,15.979,15.979,126.435,1.25,35.00,33.0000,12.6435,56.896
6189,450.000,3.281,3.281,90.180,90.180,4.990,4.556,4.556,14.405,14.405,112.422,1.25,35.00,33.0000,11.2422,50.590
6190,300.000,0.648,0.648,61.983,61.983,4.840,1.350,1.350,9.653,9.653,73.634,1.25,35.00,33.0000,7.3634,33.135
6191,200.000,0.128,0.128,42.194,42.194,4.740,0.400,0.400,6.459,6.459,49.181,1.25,35.00,33.0000,4.9181,22.131
6192,250.000,0.313,0.313,52.192,52.192,4.790,0.781,0.781,8.058,8.058,61.344,1.25,35.00,33.0000,6.1344,27.605
6193,350.000,1.200,1.200,71.575,71.575,4.890,2.144,2.144,11.242,11.242,86.161,1.25,35.00,33.0000,8.6161,38.772
6194,500.000,5.000,5.000,99.206,99.206,5.040,6.250,6.250,15.979,15.979,126.435,1.25,35.00,33.0000,12.6435,56.896
6195,450.000,3.281,3.281,90.180,90.180,4.990,4.556,4.556,14.405,14.405,112.422,1.25,35.00,33.0000,11.2422,50.590
6196,300.000,0.648,0.648,61.983,61.983,4.840,1.350,1.350,9.653,9.653,73.634,1.25,35.00,33.0000,7.3634,33.135
6197,200.000,0.128,0.128,42.194,42.194,4.740,0.400,0.400,6.459,6.459,49.181,1.25,35.00,33.0000,4.9181,22.131
6198,250.000,0.313,0.313,52.192,52.192,4.790,0.781,0.781,8.058,8.058,61.344,1.25,35.00,33.0000,6.1344,27.605
6199,350.000,1.200,1.200,71.575,71.575,4.890,2.144,2.144,11.242,11.242,86.161,1.25,35.00,33.0000,8.6161,38.772
6200,500.000,5.000,5.000,99.206,99.206,5.040,6.250,6.250,15.979,15.979,126.435,1.25,35.00,33.0000,12.6435,56.896
6201,450.000,3.281,3.281,90.180,90.180,4.990,4.556,4.556,14.405,14.405,112.422,1.25,35.00,33.0000,11.2422,50.590
6202,300.000,0.648,0.648,61.983,61.983,4.840,1.350,1.350,9.653,9.653,73.634,1.25,35.00,33.0000,7.3634,33.135
6203,200.000,0.128,0.128,42.194,42.194,4.740,0.400,0.400,6.459,6.459,49.181,1.25,35.00,33.0000,4.9181,22.131
6204,250.000,0.313,0.313,52.192,52.192,4.790,0.781,0.781,8.058,8.058,61.344,1.25,35.00,33.0000,6.1344,27.605
6205,350.000,1.200,1.200,71.575,71.575,4.890,2.144,2.144,11.242,11.242,86.161,1.25,35.00,33.0000,8.6161,38.772
6206,500.000,5.000,5.000,99.206,99.206,5.040,6.250,6.250,15.979,15.979,126.435,1.25,35.00,33.0000,12.6435,56.896
6207,450.000,3.281,3.281,90.180,90.180,4.990,4.556,4.556,14.405,14.405,112.422,1.25,35.00,33.0000,11.2422,50.590
6208,300.000,0.648,0.648,61.983,61.983,4.840,1.350,1.350,9.653,9.653,73.634,1.25,35.00,33.0000,7.3634,33.135
6209,200.000,0.128,0.128,42.194,42.194,4.740,0.400,0.400,6.459,6.459,49.181,1.25,35.00,33.0000,4.9181,22.131
6210,250.000,0.313,0.313,52.192,52.192,4.790,0.781,0.781,8.058,8.058,61.344,1.25,35.00,33.0000,6.1344,27.605
6211,350.000,1.200,1.200,71.575,71.575,4.890,2.144,2.144,11.242,11.242,86.161,1.25,35.00,33.0000,8.6161,38.772
6212,500.000,5.000,5.000,99.206,99.206,5.040,6.250,6.250,15.979,15.979,126.435,1.25,35.00,33.0000,12.6435,56.896
6213,450.000,3.281,3.281,90.180,90.180,4.990,4.556,4.556,14.405,14.405,112.422,1.25,35.00,33.0000,11.2422,50.590
6214,300.000,0.648,0.648,61.983,61.983,4.840,1.350,1.350,9.653,9.653,73.634,1.25,35.00,33.0000,7.3634,33.135
6215,200.000,0.128,0.128,42.194,42.194,4.740,0.400,0.400,6.459,6.459,49.181,1.25,35.00,33.0000,4.9181,22.131
6216,250.000,0.313,0.313,52.192,52.192,4.790,0.781,0.781,8.058,8.058,61.344,1.25,35.00,33.0000,6.1344,27.605
6217,350.000,1.200,1.200,71.575,71.575,4.890,2.144,2.144,11.242,11.242,86.161,1.25,35.00,33.0000,8.6161,38.772
6218,500.000,5.000,5.000,99.206,99.206,5.040,6.250,6.250,15.979,15.979,126.435,1.25,35.00,33.0000,12.6435,56.896
6219,450.000,3.281,3.281,90.180,90.180,4.990,4.556,4.556,14.405,14.405,112.422,1.25,35.00,33.0000,11.2422,50.590
6220,300.000,0.648,0.648,61.983,61.983,4.840,1.350,1.350,9.653,9.653,73.634,1.25,35.00,33.0000,7.3634,33.135
6221,200.000,0.128,0.128,42.194,42.194,4.740,0.400,0.400,6.459,6.459,49.181,1.25,35.00,33.0000,4.9181,22.131
6222,250.000,0.313,0.313,52.192,52.192,4.790,0.781,0.781,8.058,8.058,61.344,1.25,35.00,33.0000,6.1344,27.605
6223,350.000,1.200,1.200,71.575,71.575,4.890,2.144,2.144,11.242,11.242,86.161,1.25,35.00,33.0000,8.6161,38.772
6224,500.000,5.000,5.000,99.206,99.206,5.040,6.250,6.250,15.979,15.979,126.435,1.25,35.00,33.0000,12.6435,56.896
6225,450.000,3.281,3.281,90.180,90.180,4.990,4.556,4.556,14.405,14.405,112.422,1.25,35.00,33.0000,11.2422,50.590
6226,300.000,0.648,0.648,61.983,61.983,4.840,1.350,1.350,9.653,9.653,73.634,1.25,35.00,33.0000,7.3634,33.135
6227,200.000,0.128,0.128,42.194,42.194,4.740,0.400,0.400,6.459,6.459,49.181,1.25,35.00,33.0000,4.9181,22.131
6228,250.000,0.313,0.313,52.192,52.192,4.790,0.781,0.781,8.058,8.058,61.344,1.25,35.00,33.0000,6.1344,27.605
6229,350.000,1.200,1.200,71.575,71.575,4.890,2.144,2.144,11.242,11.242,86.161,1.25,35.00,33.0000,8.6161,38.772
6230,500.000,5.000,5.000,99.206,99.206,5.040,6.250,6.250,15.979,15.979,126.435,1.25,35.00,33.0000,12.6435,56.896
6231,450.000,3.281,3.281,90.180,90.180,4.990,4.556,4.556,14.405,14.405,112.422,1.25,35.00,33.0000,11.2422,50.590
6232,300.000,0.648,0.648,61.983,61.983,4.840,1.350,1.350,9.653,9.653,73.634,1.25,35.00,33.0000,7.3634,33.135
6233,200.000,0.128,0.128,42.194,42.194,4.740,0.400,0.400,6.459,6.459,49.181,1.25,35.00,33.0000,4.9181,22.131
6234,250.000,0.313,0.313,52.192,52.192,4.790,0.781,0.781,8.058,8.058,61.344,1.25,35.00,33.0000,6.1344,27.605
6235,350.000,1.200,1.200,71.575,71.575,4.890,2.144,2.144,11.242,11.242,86.161,1.25,35.00,33.0000,8.6161,38.772
6236,500.000,5.000,5.000,99.206,99.206,5.040,6.250,6.250,15.979,15.979,126.435,1.25,35.00,33.0000,12.6435,56.896
6237,450.000,3.281,3.281,90.180,90.180,4.990,4.556,4.556,14.405,14.405,112.422,1.25,35.00,33.0000,11.2422,50.590
6238,300.000,0.648,0.648,61.983,61.983,4.840,1.350,1.350,9.653,9.653,73.634,1.25,35.00,33.0000,7.3634,33.135
6239,200.000,0.128,0.128,42.194,42.194,4.740,0.400,0.400,6.459,6.459,49.181,1.25,35.00,33.0000,4.9181,22.131
6240,250.000,0.313,0.313,52.192,52.192,4.790,0.781,0.781,8.058,8.058,61.344,1.25,35.00,33.0000,6.1344,27.605
6241,350.000,1.200,1.200,71.575,71.575,4.890,2.144,2.144,11.242,11.242,86.161,1.25,35.00,33.0000,8.6161,38.772
6242,500.000,5.000,5.000,99.206,99.206,5.040,6.250,6.250,15.979,15.979,126.435,1.25,35.00,33.0000,12.6435,56.896
6243,450.000,3.281,3.281,90.180,90.180,4.990,4.556,4.556,14.405,14.405,112.422,1.25,35.00,33.0000,11.2422,50.590
6244,300.000,0.648,0.648,61.983,61.983,4.840,1.350,1.350,9.653,9.653,73.634,1.25,35.00,33.0000,7.3634,33.135
6245,200.000,0.128,0.128,42.194,42.194,4.740,0.400,0.400,6.459,6.459,49.181,1.25,35.00,33.0000,4.9181,22.131
6246,250.000,0.313,0.313,52.192,52.192,4.790,0.781,0.781,8.058,8.058,61.344,1.25,35.00,33.0000,6.1344,27.605
6247,350.000,1.200,1.200,71.575,71.575,4.890,2.144,2.144,11.242,11.242,86.161,1.25,35.00,33.0000,8.6161,38.772
6248,500.000,5.000,5.000,99.206,99.206,5.040,6.250,6.250,15.979,15.979,126.435,1.25,35.00,33.0000,12.6435,56.896
6249,450.000,3.281,3.281,90.180,90.180,4.990,4.556,4.556,14.405,14.405,112.422,1.25,35.00,33.0000,11.2422,50.590
6250,300.000,0.648,0.648,61.983,61.983,4.840,1.350,1.350,9.653,9.653,73.634,1.25,35.00,33.0000,7.3634,33.135
6251,200.000,0.128,0.128,42.194,42.194,4.740,0.400,0.400,6.459,6.459,49.181,1.25,35.00,33.0000,4.9181,22.131
6252,250.000,0.313,0.313,52.192,52.192,4.790,0.781,0.781,8.058,8.058,61.344,1.25,35.00,33.0000,6.1344,27.605
6253,350.000,1.200,1.200,71.575,71.575,4.890,2.144,2.144,11.242,11.242,86.161,1.25,35.00,33.0000,8.6161,38.772
6254,500.000,5.000,5.000,99.206,99.206,5.040,6.250,6.250,15.979,15.979,126.435,1.25,35.00,33.0000,12.6435,56.896
6255,450.000,3.281,3.281,90.180,90.180,4.990,4.556,4.556,14.405,14.405,112.422,1.25,35.00,33.0000,11.2422,50.590
6256,300.000,0.648,0.648,61.983,61.983,4.840,1.350,1.350,9.653,9.653,73.634,1.25,35.00,33.0000,7.3634,33.135
6257,200.000,0.128,0.128,42.194,42.194,4.740,0.400,0.400,6.459,6.459,49.181,1.25,35.00,33.0000,4.9181,22.131
6258,250.000,0.313,0.313,52.192,52.192,4.790,0.781,0.781,8.058,8.058,61.344,1.25,35.00,33.0000,6.1344,27.605
6259,350.000,1.200,1.200,71.575,71.575,4.890,2.144,2.144,11.242,11.242,86.161,1.25,35.00,33.0000,8.6161,38.772
6260,500.000,5.000,5.000,99.206,99.206,5.040,6.250,6.250,15.979,15.979,126.435,1.25,35.00,33.0000,12.6435,56.896
6261,450.000,3.281,3.281,90.180,90.180,4.990,4.556,4.556,14.405,14.405,112.422,1.25,35.00,33.0000,11.2422,50.590
6262,300.000,0.648,0.648,61.983,61.983,4.840,1.350,1.350,9.653,9.653,73.634,1.25,35.00,33.0000,7.3634,33.135
6263,200.000,0.128,0.128,42.194,42.194,4.740,0.400,0.400,6.459,6.459,49.181,1.25,35.00,33.0000,4.9181,22.131
6264,250.000,0.313,0.313,52.192,52.192,4.790,0.781,0.781,8.058,8.058,61.344,1.25,35.00,33.0000,6.1344,27.605
6265,350.000,1.200,1.200,71.575,71.575,4.890,2.144,2.144,11.242,11.242,86.161,1.25,35.00,33.0000,8.6161,38.772
6266,500.000,5.000,5.000,99.206,99.206,5.040,6.250,6.250,15.979,15.979,126.435,1.25,35.00,33.0000,12.6435,56.896
6267,450.000,3.281,3.281,90.180,90.180,4.990,4.556,4.556,14.405,14.405,112.422,1.25,35.00,33.0000,11.2422,50.590
6268,300.000,0.648,0.648,61.983,61.983,4.840,1.350,1.350,9.653,9.653,73.634,1.25,35.00,33.0000,7.3634,33.135
6269,200.000,0.128,0.128,42.194,42.194,4.740,0.400,0.400,6.459,6.459,49.181,1.25,35.00,33.0000,4.9181,22.131
6270,250.000,0.313,0.313,52.192,52.192,4.790,0.781,0.781,8.058,8.058,61.344,1.25,35.00,33.0000,6.1344,27.605
6271,350.000,1.200,1.200,71.575,71.575,4.890,2.144,2.144,11.242,11.242,86.161,1.25,35.00,33.0000,8.6161,38.772
6272,500.000,5.000,5.000,99.206,99.206,5.040,6.250,6.250,15.979,15.979,126.435,1.25,35.00,33.0000,12.6435,56.896
6273,450.000,3.281,3.281,90.180,90.180,4.990,4.556,4.556,14.405,14.405,112.422,1.25,35.00,33.0000,11.2422,50.590
6274,300.000,0.648,0.648,61.983,61.983,4.840,1.350,1.350,9.653,9.653,73.634,1.25,35.00,33.0000,7.3634,33.135
6275,200.000,0.128,0.128,42.194,42.194,4.740,0.400,0.400,6.459,6.459,49.181,1.25,35.00,33.0000,4.9181,22.131
6276,250.000,0.313,0.313,52.192,52.192,4.790,0.781,0.781,8.058,8.058,61.344,1.25,35.00,33.0000,6.1344,27.605
6277,350.000,1.200,1.200,71.575,71.575,4.890,2.144,2.144,11.242,11.242,86.161,1.25,35.00,33.0000,8.6161,38.772
6278,500.000,5.000,5.000,99.206,99.206,5.040,6.250,6.250,15.979,15.979,126.435,1.25,35.00,33.0000,12.6435,56.896
6279,450.000,3.281,3.281,90.180,90.180,4.990,4.556,4.556,14.405,14.405,112.422,1.25,35.00,33.0000,11.2422,50.590
6280,300.000,0.648,0.648,61.983,61.983,4.840,1.350,1.350,9.653,9.653,73.634,1.25,35.00,33.0000,7.3634,33.135
6281,200.000,0.128,0.128,42.194,42.194,4.740,0.400,0.400,6.459,6.459,49.181,1.25,35.00,33.0000,4.9181,22.131
6282,250.000,0.313,0.313,52.192,52.192,4.790,0.781,0.781,8.058,8.058,61.344,1.25,35.00,33.0000,6.1344,27.605
6283,350.000,1.200,1.200,71.575,71.575,4.890,2.144,2.144,11.242,11.242,86.161,1.25,35.00,33.0000,8.6161,38.772
6284,500.000,5.000,5.000,99.206,99.206,5.040,6.250,6.250,15.979,15.979,126.435,1.25,35.00,33.0000,12.6435,56.896
6285,450.000,3.281,3.281,90.180,90.180,4.990,4.556,4.556,14.405,14.405,112.422,1.25,35.00,33.0000,11.2422,50.590
6286,300.000,0.648,0.648,61.983,61.983,4.840,1.350,1.350,9.653,9.653,73.634,1.25,35.00,33.0000,7.3634,33.135
6287,200.000,0.128,0.128,42.194,42.194,4.740,0.400,0.400,6.459,6.459,49.181,1.25,35.00,33.0000,4.9181,22.131
6288,250.000,0.313,0.313,52.192,52.192,4.790,0.781,0.781,8.058,8.058,61.344,1.25,35.00,33.0000,6.1344,27.605
6289,350.000,1.200,1.200,71.575,71.575,4.890,2.144,2.144,11.242,11.242,86.161,1.25,35.00,33.0000,8.6161,38.772
6290,500.000,5.000,5.000,99.206,99.206,5.040,6.250,6.250,15.979,15.979,126.435,1.25,35.00,33.0000,12.6435,56.896
6291,450.000,3.281,3.281,90.180,90.180,4.990,4.556,4.556,14.405,14.405,112.422,1.25,35.00,33.0000,11.2422,50.590
6292,300.000,0.648,0.648,61.983,61.983,4.840,1.350,1.350,9.653,9.653,73.634,1.25,35.00,33.0000,7.3634,33.135
6293,200.000,0.128,0.128,42.194,42.194,4.740,0.400,0.400,6.459,6.459,49.181,1.25,35.00,33.0000,4.9181,22.131
6294,250.000,0.313,0.313,52.192,52.192,4.790,0.781,0.781,8.058,8.058,61.344,1.25,35.00,33.0000,6.1344,27.605
6295,350.000,1.200,1.200,71.575,71.575,4.890,2.144,2.144,11.242,11.242,86.161,1.25,35.00,33.0000,8.6161,38.772
6296,500.000,5.000,5.000,99.206,99.206,5.040,6.250,6.250,15.979,15.979,126.435,1.25,35.00,33.0000,12.6435,56.896
6297,450.000,3.281,3.281,90.180,90.180,4.990,4.556,4.556,14.405,14.405,112.422,1.25,35.00,33.0000,11.2422,50.590
6298,300.000,0.648,0.648,61.983,61.983,4.840,1.350,1.350,9.653,9.653,73.634,1.25,35.00,33.0000,7.3634,33.135
6299,200.000,0.128,0.128,42.194,42.194,4.740,0.400,0.400,6.459,6.459,49.181,1.25,35.00,33.0000,4.9181,22.131
6300,250.000,0.313,0.313,52.192,52.192,4.790,0.781,0.781,8.058,8.058,61.344,1.25,35.00,33.0000,6.1344,27.605
6301,350.000,1.200,1.200,71.575,71.575,4.890,2.144,2.144,11.242,11.242,86.161,1.25,35.00,33.0000,8.6161,38.772
6302,500.000,5.000,5.000,99.206,99.206,5.040,6.250,6.250,15.979,15.979,126.435,1.25,35.00,33.0000,12.6435,56.896
6303,450.000,3.281,3.281,90.180,90.180,4.990,4.556,4.556,14.405,14.405,112.422,1.25,35.00,33.0000,11.2422,50.590
6304,300.000,0.648,0.648,61.983,61.983,4.840,1.350,1.350,9.653,9.653,73.634,1.25,35.00,33.0000,7.3634,33.135
6305,200.000,0.128,0.128,42.194,42.194,4.740,0.400,0.400,6.459,6.459,49.181,1.25,35.00,33.0000,4.9181,22.131
6306,250.000,0.313,0.313,52.192,52.192,4.790,0.781,0.781,8.058,8.058,61.344,1.25,35.00,33.0000,6.1344,27.605
6307,350.000,1.200,1.200,71.575,71.575,4.890,2.144,2.144,11.242,11.242,86.161,1.25,35.00,33.0000,8.6161,38.772
6308,500.000,5.000,5.000,99.206,99.206,5.040,6.250,6.250,15.979,15.979,126.435,1.25,35.00,33.0000,12.6435,56.896
6309,450.000,3.281,3.281,90.180,90.180,4.990,4.556,4.556,14.405,14.405,112.422,1.25,35.00,33.0000,11.2422,50.590
6310,300.000,0.648,0.648,61.983,61.983,4.840,1.350,1.350,9.653,9.653,73.634,1.25,35.00,33.0000,7.3634,33.135
6311,200.000,0.128,0.128,42.194,42.194,4.740,0.400,0.400,6.459,6.459,49.181,1.25,35.00,33.0000,4.9181,22.131
6312,250.000,0.313,0.313,52.192,52.192,4.790,0.781,0.781,8.058,8.058,61.344,1.25,35.00,33.0000,6.1344,27.605
6313,350.000,1.200,1.200,71.575,71.575,4.890,2.144,2.144,11.242,11.242,86.161,1.25,35.00,33.0000,8.6161,38.772
6314,500.000,5.000,5.000,99.206,99.206,5.040,6.250,6.250,15.979,15.979,126.435,1.25,35.00,33.0000,12.6435,56.896
6315,450.000,3.281,3.281,90.180,90.180,4.990,4.556,4.556,14.405,14.405,112.422,1.25,35.00,33.0000,11.2422,50.590
6316,300.000,0.648,0.648,61.983,61.983,4.840,1.350,1.350,9.653,9.653,73.634,1.25,35.00,33.0000,7.3634,33.135
6317,200.000,0.128,0.128,42.194,42.194,4.740,0.400,0.400,6.459,6.459,49.181,1.25,35.00,33.0000,4.9181,22.131
6318,250.000,0.313,0.313,52.192,52.192,4.790,0.781,0.781,8.058,8.058,61.344,1.25,35.00,33.0000,6.1344,27.605
6319,350.000,1.200,1.200,71.575,71.575,4.890,2.144,2.144,11.242,11.242,86.161,1.25,35.00,33.0000,8.6161,38.772
6320,500.000,5.000,5.000,99.206,99.206,5.040,6.250,6.250,15.979,15.979,126.435,1.25,35.00,33.0000,12.6435,56.896
6321,450.000,3.281,3.281,90.180,90.180,4.990,4.556,4.556,14.405,14.405,112.422,1.25,35.00,33.0000,11.2422,50.590
6322,300.000,0.648,0.648,61.983,61.983,4.840,1.350,1.350,9.653,9.653,73.634,1.25,35.00,33.0000,7.3634,33.135
6323,200.000,0.128,0.128,42.194,42.194,4.740,0.400,0.400,6.459,6.459,49.181,1.25,35.00,33.0000,4.9181,22.131
6324,250.000,0.313,0.313,52.192,52.192,4.790,0.781,0.781,8.058,8.058,61.344,1.25,35.00,33.0000,6.1344,27.605
6325,350.000,1.200,1.200,71.575,71.575,4.890,2.144,2.144,11.242,11.242,86.161,1.25,35.00,33.0000,8.6161,38.772
6326,500.000,5.000,5.000,99.206,99.206,5.040,6.250,6.250,15.979,15.979,126.435,1.25,35.00,33.0000,12.6435,56.896
6327,450.000,3.281,3.281,90.180,90.180,4.990,4.556,4.556,14.405,14.405,112.422,1.25,35.00,33.0000,11.2422,50.590
6328,300.000,0.648,0.648,61.983,61.983,4.840,1.350,1.350,9.653,9.653,73.634,1.25,35.00,33.0000,7.3634,33.135
6329,200.000,0.128,0.128,42.194,42.194,4.740,0.400,0.400,6.459,6.459,49.181,1.25,35.00,33.0000,4.9181,22.131
6330,250.000,0.313,0.313,52.192,52.192,4.790,0.781,0.781,8.058,8.058,61.344,1.25,35.00,33.0000,6.1344,27.605
6331,350.000,1.200,1.200,71.575,71.575,4.890,2.144,2.144,11.242,11.242,86.161,1.25,35.00,33.0000,8.6161,38.772
6332,500.000,5.000,5.000,99.206,99.206,5.040,6.250,6.250,15.979,15.979,126.435,1.25,35.00,33.0000,12.6435,56.896
6333,450.000,3.281,3.281,90.180,90.180,4.990,4.556,4.556,14.405,14.405,112.422,1.25,35.00,33.0000,11.2422,50.590
6334,300.000,0.648,0.648,61.983,61.983,4.840,1.350,1.350,9.653,9.653,73.634,1.25,35.00,33.0000,7.3634,33.135
6335,200.000,0.128,0.128,42.194,42.194,4.740,0.400,0.400,6.459,6.459,49.181,1.25,35.00,33.0000,4.9181,22.131
6336,250.000,0.313,0.313,52.192,52.192,4.790,0.781,0.781,8.058,8.058,61.344,1.25,35.00,33.0000,6.1344,27.605
6337,350.000,1.200,1.200,71.575,71.575,4.890,2.144,2.144,11.242,11.242,86.161,1.25,35.00,33.0000,8.6161,38.772
6338,500.000,5.000,5.000,99.206,99.206,5.040,6.250,6.250,15.979,15.979,126.435,1.25,35.00,33.0000,12.6435,56.896
6339,450.000,3.281,3.281,90.180,90.180,4.990,4.556,4.556,14.405,14.405,112.422,1.25,35.00,33.0000,11.2422,50.590
6340,300.000,0.648,0.648,61.983,61.983,4.840,1.350,1.350,9.653,9.653,73.634,1.25,35.00,33.0000,7.3634,33.135
6341,200.000,0.128,0.128,42.194,42.194,4.740,0.400,0.400,6.459,6.459,49.181,1.25,35.00,33.0000,4.9181,22.131
6342,250.000,0.313,0.313,52.192,52.192,4.790,0.781,0.781,8.058,8.058,61.344,1.25,35.00,33.0000,6.1344,27.605
6343,350.000,1.200,1.200,71.575,71.575,4.890,2.144,2.144,11.242,11.242,86.161,1.25,35.00,33.0000,8.6161,38.772
6344,500.000,5.000,5.000,99.206,99.206,5.040,6.250,6.250,15.979,15.979,126.435,1.25,35.00,33.0000,12.6435,56.896
6345,450.000,3.281,3.281,90.180,90.180,4.990,4.556,4.556,14.405,14.405,112.422,1.25,35.00,33.0000,11.2422,50.590
6346,300.000,0.648,0.648,61.983,61.983,4.840,1.350,1.350,9.653,9.653,73.634,1.25,35.00,33.0000,7.3634,33.135
6347,200.000,0.128,0.128,42.194,42.194,4.740,0.400,0.400,6.459,6.459,49.181,1.25,35.00,33.0000,4.9181,22.131
6348,250.000,0.313,0.313,52.192,52.192,4.790,0.781,0.781,8.058,8.058,61.344,1.25,35.00,33.0000,6.1344,27.605
6349,350.000,1.200,1.200,71.575,71.575,4.890,2.144,2.144,11.242,11.242,86.161,1.25,35.00,33.0000,8.6161,38.772
6350,500.000,5.000,5.000,99.206,99.206,5.040,6.250,6.250,15.979,15.979,126.435,1.25,35.00,33.0000,12.6435,56.896
6351,450.000,3.281,3.281,90.180,90.180,4.990,4.556,4.556,14.405,14.405,112.422,1.25,35.00,33.0000,11.2422,50.590
6352,300.000,0.648,0.648,61.983,61.983,4.840,1.350,1.350,9.653,9.653,73.634,1.25,35.00,33.0000,7.3634,33.135
6353,200.000,0.128,0.128,42.194,42.194,4.740,0.400,0.400,6.459,6.459,49.181,1.25,35.00,33.0000,4.9181,22.131
6354,250.000,0.313,0.313,52.192,52.192,4.790,0.781,0.781,8.058,8.058,61.344,1.25,35.00,33.0000,6.1344,27.605
6355,350.000,1.200,1.200,71.575,71.575,4.890,2.144,2.144,11.242,11.242,86.161,1.25,35.00,33.0000,8.6161,38.772
6356,500.000,5.000,5.000,99.206,99.206,5.040,6.250,6.250,15.979,15.979,126.435,1.25,35.00,33.0000,12.6435,56.896
6357,450.000,3.281,3.281,90.180,90.180,4.990,4.556,4.556,14.405,14.405,112.422,1.25,35.00,33.0000,11.2422,50.590
6358,300.000,0.648,0.648,61.983,61.983,4.840,1.350,1.350,9.653,9.653,73.634,1.25,35.00,33.0000,7.3634,33.135
6359,200.000,0.128,0.128,42.194,42.194,4.740,0.400,0.400,6.459,6.459,49.181,1.25,35.00,33.0000,4.9181,22.131
6360,250.000,0.313,0.313,52.192,52.192,4.790,0.781,0.781,8.058,8.058,61.344,1.25,35.00,33.0000,6.1344,27.605
6361,350.000,1.200,1.200,71.575,71.575,4.890,2.144,2.144,11.242,11.242,86.161,1.25,35.00,33.0000,8.6161,38.772
6362,500.000,5.000,5.000,99.206,99.206,5.040,6.250,6.250,15.979,15.979,126.435,1.25,35.00,33.0000,12.6435,56.896
6363,450.000,3.281,3.281,90.180,90.180,4.990,4.556,4.556,14.405,14.405,112.422,1.25,35.00,33.0000,11.2422,50.590
6364,300.000,0.648,0.648,61.983,61.983,4.840,1.350,1.350,9.653,9.653,73.634,1.25,35.00,33.0000,7.3634,33.135
6365,200.000,0.128,0.128,42.194,42.194,4.740,0.400,0.400,6.459,6.459,49.181,1.25,35.00,33.0000,4.9181,22.131
6366,250.000,0.313,0.313,52.192,52.192,4.790,0.781,0.781,8.058,8.058,61.344,1.25,35.00,33.0000,6.1344,27.605
6367,350.000,1.200,1.200,71.575,71.575,4.890,2.144,2.144,11.242,11.242,86.161,1.25,35.00,33.0000,8.6161,38.772
6368,500.000,5.000,5.000,99.206,99.206,5.040,6.250,6.250,15.979,15.979,126.435,1.25,35.00,33.0000,12.6435,56.896
6369,450.000,3.281,3.281,90.180,90.180,4.990,4.556,4.556,14.405,14.405,112.422,1.25,35.00,33.0000,11.2422,50.590
6370,300.000,0.648,0.648,61.983,61.983,4.840,1.350,1.350,9.653,9.653,73.634,1.25,35.00,33.0000,7.3634,33.135
6371,200.000,0.128,0.128,42.194,42.194,4.740,0.400,0.400,6.459,6.459,49.181,1.25,35.00,33.0000,4.9181,22.131
6372,250.000,0.313,0.313,52.192,52.192,4.790,0.781,0.781,8.058,8.058,61.344,1.25,35.00,33.0000,6.1344,27.605
6373,350.000,1.200,1.200,71.575,71.575,4.890,2.144,2.144,11.242,11.242,86.161,1.25,35.00,33.0000,8.6161,38.772
6374,500.000,5.000,5.000,99.206,99.206,5.040,6.250,6.250,15.979,15.979,126.435,1.25,35.00,33.0000,12.6435,56.896
6375,450.000,3.281,3.281,90.180,90.180,4.990,4.556,4.556,14.405,14.405,112.422,1.25,35.00,33.0000,11.2422,50.590
6376,300.000,0.648,0.648,61.983,61.983,4.840,1.350,1.350,9.653,9.653,73.634,1.25,35.00,33.0000,7.3634,33.135
6377,200.000,0.128,0.128,42.194,42.194,4.740,0.400,0.400,6.459,6.459,49.181,1.25,35.00,33.0000,4.9181,22.131
6378,250.000,0.313,0.313,52.192,52.192,4.790,0.781,0.781,8.058,8.058,61.344,1.25,35.00,33.0000,6.1344,27.605
6379,350.000,1.200,1.200,71.575,71.575,4.890,2.144,2.144,11.242,11.242,86.161,1.25,35.00,33.0000,8.6161,38.772
6380,500.000,5.000,5.000,99.206,99.206,5.040,6.250,6.250,15.979,15.979,126.435,1.25,35.00,33.0000,12.6435,56.896
6381,450.000,3.281,3.281,90.180,90.180,4.990,4.556,4.556,14.405,14.405,112.422,1.25,35.00,33.0000,11.2422,50.590
6382,300.000,0.648,0.648,61.983,61.983,4.840,1.350,1.350,9.653,9.653,73.634,1.25,35.00,33.0000,7.3634,33.135
6383,200.000,0.128,0.128,42.194,42.194,4.740,0.400,0.400,6.459,6.459,49.181,1.25,35.00,33.0000,4.9181,22.131
6384,250.000,0.313,0.313,52.192,52.192,4.790,0.781,0.781,8.058,8.058,61.344,1.25,35.00,33.0000,6.1344,27.605
6385,350.000,1.200,1.200,71.575,71.575,4.890,2.144,2.144,11.242,11.242,86.161,1.25,35.00,33.0000,8.6161,38.772
6386,500.000,5.000,5.000,99.206,99.206,5.040,6.250,6.250,15.979,15.979,126.435,1.25,35.00,33.0000,12.6435,56.896
6387,450.000,3.281,3.281,90.180,90.180,4.990,4.556,4.556,14.405,14.405,112.422,1.25,35.00,33.0000,11.2422,50.590
6388,300.000,0.648,0.648,61.983,61.983,4.840,1.350,1.350,9.653,9.653,73.634,1.25,35.00,33.0000,7.3634,33.135
6389,200.000,0.128,0.128,42.194,42.194,4.740,0.400,0.400,6.459,6.459,49.181,1.25,35.00,33.0000,4.9181,22.131
6390,250.000,0.313,0.313,52.192,52.192,4.790,0.781,0.781,8.058,8.058,61.344,1.25,35.00,33.0000,6.1344,27.605
6391,350.000,1.200,1.200,71.575,71.575,4.890,2.144,2.144,11.242,11.242,86.161,1.25,35.00,33.0000,8.6161,38.772
6392,500.000,5.000,5.000,99.206,99.206,5.040,6.250,6.250,15.979,15.979,126.435,1.25,35.00,33.0000,12.6435,56.896
6393,450.000,3.281,3.281,90.180,90.180,4.990,4.556,4.556,14.405,14.405,112.422,1.25,35.00,33.0000,11.2422,50.590
6394,300.000,0.648,0.648,61.983,61.983,4.840,1.350,1.350,9.653,9.653,73.634,1.25,35.00,33.0000,7.3634,33.135
6395,200.000,0.128,0.128,42.194,42.194,4.740,0.400,0.400,6.459,6.459,49.181,1.25,35.00,33.0000,4.9181,22.131
6396,250.000,0.313,0.313,52.192,52.192,4.790,0.781,0.781,8.058,8.058,61.344,1.25,35.00,33.0000,6.1344,27.605
6397,350.000,1.200,1.200,71.575,71.575,4.890,2.144,2.144,11.242,11.242,86.161,1.25,35.00,33.0000,8.6161,38.772
6398,500.000,5.000,5.000,99.206,99.206,5.040,6.250,6.250,15.979,15.979,126.435,1.25,35.00,33.0000,12.6435,56.896
6399,450.000,3.281,3.281,90.180,90.180,4.990,4.556,4.556,14.405,14.405,112.422,1.25,35.00,33.0000,11.2422,50.590
6400,300.000,0.648,0.648,61.983,61.983,4.840,1.350,1.350,9.653,9.653,73.634,1.25,35.00,33.0000,7.3634,33.135
6401,200.000,0.128,0.128,42.194,42.194,4.740,0.400,0.400,6.459,6.459,49.181,1.25,35.00,33.0000,4.9181,22.131
6402,250.000,0.313,0.313,52.192,52.192,4.790,0.781,0.781,8.058,8.058,61.344,1.25,35.00,33.0000,6.1344,27.605
6403,350.000,1.200,1.200,71.575,71.575,4.890,2.144,2.144,11.242,11.242,86.161,1.25,35.00,33.0000,8.6161,38.772
6404,500.000,5.000,5.000,99.206,99.206,5.040,6.250,6.250,15.979,15.979,126.435,1.25,35.00,33.0000,12.6435,56.896
6405,450.000,3.281,3.281,90.180,90.180,4.990,4.556,4.556,14.405,14.405,112.422,1.25,35.00,33.0000,11.2422,50.590
6406,300.000,0.648,0.648,61.983,61.983,4.840,1.350,1.350,9.653,9.653,73.634,1.25,35.00,33.0000,7.3634,33.135
6407,200.000,0.128,0.128,42.194,42.194,4.740,0.400,0.400,6.459,6.459,49.181,1.25,35.00,33.0000,4.9181,22.131
6408,250.000,0.313,0.313,52.192,52.192,4.790,0.781,0.781,8.058,8.058,61.344,1.25,35.00,33.0000,6.1344,27.605
6409,350.000,1.200,1.200,71.575,71.575,4.890,2.144,2.144,11.242,11.242,86.161,1.25,35.00,33.0000,8.6161,38.772
6410,500.000,5.000,5.000,99.206,99.206,5.040,6.250,6.250,15.979,15.979,126.435,1.25,35.00,33.0000,12.6435,56.896
6411,450.000,3.281,3.281,90.180,90.180,4.990,4.556,4.556,14.405,14.405,112.422,1.25,35.00,33.0000,11.2422,50.590
6412,300.000,0.648,0.648,61.983,61.983,4.840,1.350,1.350,9.653,9.653,73.634,1.25,35.00,33.0000,7.3634,33.135
6413,200.000,0.128,0.128,42.194,42.194,4.740,0.400,0.400,6.459,6.459,49.181,1.25,35.00,33.0000,4.9181,22.131
6414,250.000,0.313,0.313,52.192,52.192,4.790,0.781,0.781,8.058,8.058,61.344,1.25,35.00,33.0000,6.1344,27.605
6415,350.000,1.200,1.200,71.575,71.575,4.890,2.144,2.144,11.242,11.242,86.161,1.25,35.00,33.0000,8.6161,38.772
6416,500.000,5.000,5.000,99.206,99.206,5.040,6.250,6.250,15.979,15.979,126.435,1.25,35.00,33.0000,12.6435,56.896
6417,450.000,3.281,3.281,90.180,90.180,4.990,4.556,4.556,14.405,14.405,112.422,1.25,35.00,33.0000,11.2422,50.590
6418,300.000,0.648,0.648,61.983,61.983,4.840,1.350,1.350,9.653,9.653,73.634,1.25,35.00,33.0000,7.3634,33.135
6419,200.000,0.128,0.128,42.194,42.194,4.740,0.400,0.400,6.459,6.459,49.181,1.25,35.00,33.0000,4.9181,22.131
6420,250.000,0.313,0.313,52.192,52.192,4.790,0.781,0.781,8.058,8.058,61.344,1.25,35.00,33.0000,6.1344,27.605
6421,350.000,1.200,1.200,71.575,71.575,4.890,2.144,2.144,11.242,11.242,86.161,1.25,35.00,33.0000,8.6161,38.772
6422,500.000,5.000,5.000,99.206,99.206,5.040,6.250,6.250,15.979,15.979,126.435,1.25,35.00,33.0000,12.6435,56.896
6423,450.000,3.281,3.281,90.180,90.180,4.990,4.556,4.556,14.405,14.405,112.422,1.25,35.00,33.0000,11.2422,50.590
6424,300.000,0.648,0.648,61.983,61.983,4.840,1.350,1.350,9.653,9.653,73.634,1.25,35.00,33.0000,7.3634,33.135
6425,200.000,0.128,0.128,42.194,42.194,4.740,0.400,0.400,6.459,6.459,49.181,1.25,35.00,33.0000,4.9181,22.131
6426,250.000,0.313,0.313,52.192,52.192,4.790,0.781,0.781,8.058,8.058,61.344,1.25,35.00,33.0000,6.1344,27.605
6427,350.000,1.200,1.200,71.575,71.575,4.890,2.144,2.144,11.242,11.242,86.161,1.25,35.00,33.0000,8.6161,38.772
6428,500.000,5.000,5.000,99.206,99.206,5.040,6.250,6.250,15.979,15.979,126.435,1.25,35.00,33.0000,12.6435,56.896
6429,450.000,3.281,3.281,90.180,90.180,4.990,4.556,4.556,14.405,14.405,112.422,1.25,35.00,33.0000,11.2422,50.590
6430,300.000,0.648,0.648,61.983,61.983,4.840,1.350,1.350,9.653,9.653,73.634,1.25,35.00,33.0000,7.3634,33.135
6431,200.000,0.128,0.128,42.194,42.194,4.740,0.400,0.400,6.459,6.459,49.181,1.25,35.00,33.0000,4.9181,22.131
6432,250.000,0.313,0.313,52.192,52.192,4.790,0.781,0.781,8.058,8.058,61.344,1.25,35.00,33.0000,6.1344,27.605
6433,350.000,1.200,1.200,71.575,71.575,4.890,2.144,2.144,11.242,11.242,86.161,1.25,35.00,33.0000,8.6161,38.772
6434,500.000,5.000,5.000,99.206,99.206,5.040,6.250,6.250,15.979,15.979,126.435,1.25,35.00,33.0000,12.6435,56.896
6435,450.000,3.281,3.281,90.180,90.180,4.990,4.556,4.556,14.405,14.405,112.422,1.25,35.00,33.0000,11.2422,50.590
6436,300.000,0.648,0.648,61.983,61.983,4.840,1.350,1.350,9.653,9.653,73.634,1.25,35.00,33.0000,7.3634,33.135
6437,200.000,0.128,0.128,42.194,42.194,4.740,0.400,0.400,6.459,6.459,49.181,1.25,35.00,33.0000,4.9181,22.131
6438,250.000,0.313,0.313,52.192,52.192,4.790,0.781,0.781,8.058,8.058,61.344,1.25,35.00,33.0000,6.1344,27.605
6439,350.000,1.200,1.200,71.575,71.575,4.890,2.144,2.144,11.242,11.242,86.161,1.25,35.00,33.0000,8.6161,38.772
6440,500.000,5.000,5.000,99.206,99.206,5.040,6.250,6.250,15.979,15.979,126.435,1.25,35.00,33.0000,12.6435,56.896
6441,450.000,3.281,3.281,90.180,90.180,4.990,4.556,4.556,14.405,14.405,112.422,1.25,35.00,33.0000,11.2422,50.590
6442,300.000,0.648,0.648,61.983,61.983,4.840,1.350,1.350,9.653,9.653,73.634,1.25,35.00,33.0000,7.3634,33.135
6443,200.000,0.128,0.128,42.194,42.194,4.740,0.400,0.400,6.459,6.459,49.181,1.25,35.00,33.0000,4.9181,22.131
6444,250.000,0.313,0.313,52.192,52.192,4.790,0.781,0.781,8.058,8.058,61.344,1.25,35.00,33.0000,6.1344,27.605
6445,350.000,1.200,1.200,71.575,71.575,4.890,2.144,2.144,11.242,11.242,86.161,1.25,35.00,33.0000,8.6161,38.772
6446,500.000,5.000,5.000,99.206,99.206,5.040,6.250,6.250,15.979,15.979,126.435,1.25,35.00,33.0000,12.6435,56.896
6447,450.000,3.281,3.281,90.180,90.180,4.990,4.556,4.556,14.405,14.405,112.422,1.25,35.00,33.0000,11.2422,50.590
6448,300.000,0.648,0.648,61.983,61.983,4.840,1.350,1.350,9.653,9.653,73.634,1.25,35.00,33.0000,7.3634,33.135
6449,200.000,0.128,0.128,42.194,42.194,4.740,0.400,0.400,6.459,6.459,49.181,1.25,35.00,33.0000,4.9181,22.131
6450,250.000,0.313,0.313,52.192,52.192,4.790,0.781,0.781,8.058,8.058,61.344,1.25,35.00,33.0000,6.1344,27.605
6451,350.000,1.200,1.200,71.575,71.575,4.890,2.144,2.144,11.242,11.242,86.161,1.25,35.00,33.0000,8.6161,38.772
6452,500.000,5.000,5.000,99.206,99.206,5.040,6.250,6.250,15.979,15.979,126.435,1.25,35.00,33.0000,12.6435,56.896
6453,450.000,3.281,3.281,90.180,90.180,4.990,4.556,4.556,14.405,14.405,112.422,1.25,35.00,33.0000,11.2422,50.590
6454,300.000,0.648,0.648,61.983,61.983,4.840,1.350,1.350,9.653,9.653,73.634,1.25,35.00,33.0000,7.3634,33.135
6455,200.000,0.128,0.128,42.194,42.194,4.740,0.400,0.400,6.459,6.459,49.181,1.25,35.00,33.0000,4.9181,22.131
6456,250.000,0.313,0.313,52.192,52.192,4.790,0.781,0.781,8.058,8.058,61.344,1.25,35.00,33.0000,6.1344,27.605
6457,350.000,1.200,1.200,71.575,71.575,4.890,2.144,2.144,11.242,11.242,86.161,1.25,35.00,33.0000,8.6161,38.772
6458,500.000,5.000,5.000,99.206,99.206,5.040,6.250,6.250,15.979,15.979,126.435,1.25,35.00,33.0000,12.6435,56.896
6459,450.000,3.281,3.281,90.180,90.180,4.990,4.556,4.556,14.405,14.405,112.422,1.25,35.00,33.0000,11.2422,50.590
6460,300.000,0.648,0.648,61.983,61.983,4.840,1.350,1.350,9.653,9.653,73.634,1.25,35.00,33.0000,7.3634,33.135
6461,200.000,0.128,0.128,42.194,42.194,4.740,0.400,0.400,6.459,6.459,49.181,1.25,35.00,33.0000,4.9181,22.131
6462,250.000,0.313,0.313,52.192,52.192,4.790,0.781,0.781,8.058,8.058,61.344,1.25,35.00,33.0000,6.1344,27.605
6463,350.000,1.200,1.200,71.575,71.575,4.890,2.144,2.144,11.242,11.242,86.161,1.25,35.00,33.0000,8.6161,38.772
6464,500.000,5.000,5.000,99.206,99.206,5.040,6.250,6.250,15.979,15.979,126.435,1.25,35.00,33.0000,12.6435,56.896
6465,450.000,3.281,3.281,90.180,90.180,4.990,4.556,4.556,14.405,14.405,112.422,1.25,35.00,33.0000,11.2422,50.590
6466,300.000,0.648,0.648,61.983,61.983,4.840,1.350,1.350,9.653,9.653,73.634,1.25,35.00,33.0000,7.3634,33.135
6467,200.000,0.128,0.128,42.194,42.194,4.740,0.400,0.400,6.459,6.459,49.181,1.25,35.00,33.0000,4.9181,22.131
6468,250.000,0.313,0.313,52.192,52.192,4.790,0.781,0.781,8.058,8.058,61.344,1.25,35.00,33.0000,6.1344,27.605
6469,350.000,1.200,1.200,71.575,71.575,4.890,2.144,2.144,11.242,11.242,86.161,1.25,35.00,33.0000,8.6161,38.772
6470,500.000,5.000,5.000,99.206,99.206,5.040,6.250,6.250,15.979,15.979,126.435,1.25,35.00,33.0000,12.6435,56.896
6471,450.000,3.281,3.281,90.180,90.180,4.990,4.556,4.556,14.405,14.405,112.422,1.25,35.00,33.0000,11.2422,50.590
6472,300.000,0.648,0.648,61.983,61.983,4.840,1.350,1.350,9.653,9.653,73.634,1.25,35.00,33.0000,7.3634,33.135
6473,200.000,0.128,0.128,42.194,42.194,4.740,0.400,0.400,6.459,6.459,49.181,1.25,35.00,33.0000,4.9181,22.131
6474,250.000,0.313,0.313,52.192,52.192,4.790,0.781,0.781,8.058,8.058,61.344,1.25,35.00,33.0000,6.1344,27.605
6475,350.000,1.200,1.200,71.575,71.575,4.890,2.144,2.144,11.242,11.242,86.161,1.25,35.00,33.0000,8.6161,38.772
6476,500.000,5.000,5.000,99.206,99.206,5.040,6.250,6.250,15.979,15.979,126.435,1.25,35.00,33.0000,12.6435,56.896
6477,450.000,3.281,3.281,90.180,90.180,4.990,4.556,4.556,14.405,14.405,112.422,1.25,35.00,33.0000,11.2422,50.590
6478,300.000,0.648,0.648,61.983,61.983,4.840,1.350,1.350,9.653,9.653,73.634,1.25,35.00,33.0000,7.3634,33.135
6479,200.000,0.128,0.128,42.194,42.194,4.740,0.400,0.400,6.459,6.459,49.181,1.25,35.00,33.0000,4.9181,22.131
6480,250.000,0.313,0.313,52.192,52.192,4.790,0.781,0.781,8.058,8.058,61.344,1.25,35.00,33.0000,6.1344,27.605
6481,350.000,1.200,1.200,71.575,71.575,4.890,2.144,2.144,11.242,11.242,86.161,1.25,35.00,33.0000,8.6161,38.772
6482,500.000,5.000,5.000,99.206,99.206,5.040,6.250,6.250,15.979,15.979,126.435,1.25,35.00,33.0000,12.6435,56.896
6483,450.000,3.281,3.281,90.180,90.180,4.990,4.556,4.556,14.405,14.405,112.422,1.25,35.00,33.0000,11.2422,50.590
6484,300.000,0.648,0.648,61.983,61.983,4.840,1.350,1.350,9.653,9.653,73.634,1.25,35.00,33.0000,7.3634,33.135
6485,200.000,0.128,0.128,42.194,42.194,4.740,0.400,0.400,6.459,6.459,49.181,1.25,35.00,33.0000,4.9181,22.131
6486,250.000,0.313,0.313,52.192,52.192,4.790,0.781,0.781,8.058,8.058,61.344,1.25,35.00,33.0000,6.1344,27.605
6487,350.000,1.200,1.200,71.575,71.575,4.890,2.144,2.144,11.242,11.242,86.161,1.25,35.00,33.0000,8.6161,38.772
6488,500.000,5.000,5.000,99.206,99.206,5.040,6.250,6.250,15.979,15.979,126.435,1.25,35.00,33.0000,12.6435,56.896
6489,450.000,3.281,3.281,90.180,90.180,4.990,4.556,4.556,14.405,14.405,112.422,1.25,35.00,33.0000,11.2422,50.590
6490,300.000,0.648,0.648,61.983,61.983,4.840,1.350,1.350,9.653,9.653,73.634,1.25,35.00,33.0000,7.3634,33.135
6491,200.000,0.128,0.128,42.194,42.194,4.740,0.400,0.400,6.459,6.459,49.181,1.25,35.00,33.0000,4.9181,22.131
6492,250.000,0.313,0.313,52.192,52.192,4.790,0.781,0.781,8.058,8.058,61.344,1.25,35.00,33.0000,6.1344,27.605
6493,350.000,1.200,1.200,71.575,71.575,4.890,2.144,2.144,11.242,11.242,86.161,1.25,35.00,33.0000,8.6161,38.772
6494,500.000,5.000,5.000,99.206,99.206,5.040,6.250,6.250,15.979,15.979,126.435,1.25,35.00,33.0000,12.6435,56.896
6495,450.000,3.281,3.281,90.180,90.180,4.990,4.556,4.556,14.405,14.405,112.422,1.25,35.00,33.0000,11.2422,50.590
6496,300.000,0.648,0.648,61.983,61.983,4.840,1.350,1.350,9.653,9.653,73.634,1.25,35.00,33.0000,7.3634,33.135
6497,200.000,0.128,0.128,42.194,42.194,4.740,0.400,0.400,6.459,6.459,49.181,1.25,35.00,33.0000,4.9181,22.131
6498,250.000,0.313,0.313,52.192,52.192,4.790,0.781,0.781,8.058,8.058,61.344,1.25,35.00,33.0000,6.1344,27.605
6499,350.000,1.200,1.200,71.575,71.575,4.890,2.144,2.144,11.242,11.242,86.161,1.25,35.00,33.0000,8.6161,38.772
6500,500.000,5.000,5.000,99.206,99.206,5.040,6.250,6.250,15.979,15.979,126.435,1.25,35.00,33.0000,12.6435,56.896
6501,450.000,3.281,3.281,90.180,90.180,4.990,4.556,4.556,14.405,14.405,112.422,1.25,35.00,33.0000,11.2422,50.590
6502,300.000,0.648,0.648,61.983,61.983,4.840,1.350,1.350,9.653,9.653,73.634,1.25,35.00,33.0000,7.3634,33.135
6503,200.000,0.128,0.128,42.194,42.194,4.740,0.400,0.400,6.459,6.459,49.181,1.25,35.00,33.0000,4.9181,22.131
6504,250.000,0.313,0.313,52.192,52.192,4.790,0.781,0.781,8.058,8.058,61.344,1.25,35.00,33.0000,6.1344,27.605
6505,350.000,1.200,1.200,71.575,71.575,4.890,2.144,2.144,11.242,11.242,86.161,1.25,35.00,33.0000,8.6161,38.772
6506,500.000,5.000,5.000,99.206,99.206,5.040,6.250,6.250,15.979,15.979,126.435,1.25,35.00,33.0000,12.6435,56.896
6507,450.000,3.281,3.281,90.180,90.180,4.990,4.556,4.556,14.405,14.405,112.422,1.25,35.00,33.0000,11.2422,50.590
6508,300.000,0.648,0.648,61.983,61.983,4.840,1.350,1.350,9.653,9.653,73.634,1.25,35.00,33.0000,7.3634,33.135
6509,200.000,0.128,0.128,42.194,42.194,4.740,0.400,0.400,6.459,6.459,49.181,1.25,35.00,33.0000,4.9181,22.131
6510,250.000,0.313,0.313,52.192,52.192,4.790,0.781,0.781,8.058,8.058,61.344,1.25,35.00,33.0000,6.1344,27.605
6511,350.000,1.200,1.200,71.575,71.575,4.890,2.144,2.144,11.242,11.242,86.161,1.25,35.00,33.0000,8.6161,38.772
6512,500.000,5.000,5.000,99.206,99.206,5.040,6.250,6.250,15.979,15.979,126.435,1.25,35.00,33.0000,12.6435,56.896
6513,450.000,3.281,3.281,90.180,90.180,4.990,4.556,4.556,14.405,14.405,112.422,1.25,35.00,33.0000,11.2422,50.590
6514,300.000,0.648,0.648,61.983,61.983,4.840,1.350,1.350,9.653,9.653,73.634,1.25,35.00,33.0000,7.3634,33.135
6515,200.000,0.128,0.128,42.194,42.194,4.740,0.400,0.400,6.459,6.459,49.181,1.25,35.00,33.0000,4.9181,22.131
6516,250.000,0.313,0.313,52.192,52.192,4.790,0.781,0.781,8.058,8.058,61.344,1.25,35.00,33.0000,6.1344,27.605
6517,350.000,1.200,1.200,71.575,71.575,4.890,2.144,2.144,11.242,11.242,86.161,1.25,35.00,33.0000,8.6161,38.772
6518,500.000,5.000,5.000,99.206,99.206,5.040,6.250,6.250,15.979,15.979,126.435,1.25,35.00,33.0000,12.6435,56.896
6519,450.000,3.281,3.281,90.180,90.180,4.990,4.556,4.556,14.405,14.405,112.422,1.25,35.00,33.0000,11.2422,50.590
6520,300.000,0.648,0.648,61.983,61.983,4.840,1.350,1.350,9.653,9.653,73.634,1.25,35.00,33.0000,7.3634,33.135
6521,200.000,0.128,0.128,42.194,42.194,4.740,0.400,0.400,6.459,6.459,49.181,1.25,35.00,33.0000,4.9181,22.131
6522,250.000,0.313,0.313,52.192,52.192,4.790,0.781,0.781,8.058,8.058,61.344,1.25,35.00,33.0000,6.1344,27.605
6523,350.000,1.200,1.200,71.575,71.575,4.890,2.144,2.144,11.242,11.242,86.161,1.25,35.00,33.0000,8.6161,38.772
6524,500.000,5.000,5.000,99.206,99.206,5.040,6.250,6.250,15.979,15.979,126.435,1.25,35.00,33.0000,12.6435,56.896
6525,450.000,3.281,3.281,90.180,90.180,4.990,4.556,4.556,14.405,14.405,112.422,1.25,35.00,33.0000,11.2422,50.590
6526,300.000,0.648,0.648,61.983,61.983,4.840,1.350,1.350,9.653,9.653,73.634,1.25,35.00,33.0000,7.3634,33.135
6527,200.000,0.128,0.128,42.194,42.194,4.740,0.400,0.400,6.459,6.459,49.181,1.25,35.00,33.0000,4.9181,22.131
6528,250.000,0.313,0.313,52.192,52.192,4.790,0.781,0.781,8.058,8.058,61.344,1.25,35.00,33.0000,6.1344,27.605
6529,350.000,1.200,1.200,71.575,71.575,4.890,2.144,2.144,11.242,11.242,86.161,1.25,35.00,33.0000,8.6161,38.772
6530,500.000,5.000,5.000,99.206,99.206,5.040,6.250,6.250,15.979,15.979,126.435,1.25,35.00,33.0000,12.6435,56.896
6531,450.000,3.281,3.281,90.180,90.180,4.990,4.556,4.556,14.405,14.405,112.422,1.25,35.00,33.0000,11.2422,50.590
6532,300.000,0.648,0.648,61.983,61.983,4.840,1.350,1.350,9.653,9.653,73.634,1.25,35.00,33.0000,7.3634,33.135
6533,200.000,0.128,0.128,42.194,42.194,4.740,0.400,0.400,6.459,6.459,49.181,1.25,35.00,33.0000,4.9181,22.131
6534,250.000,0.313,0.313,52.192,52.192,4.790,0.781,0.781,8.058,8.058,61.344,1.25,35.00,33.0000,6.1344,27.605
6535,350.000,1.200,1.200,71.575,71.575,4.890,2.144,2.144,11.242,11.242,86.161,1.25,35.00,33.0000,8.6161,38.772
6536,500.000,5.000,5.000,99.206,99.206,5.040,6.250,6.250,15.979,15.979,126.435,1.25,35.00,33.0000,12.6435,56.896
6537,450.000,3.281,3.281,90.180,90.180,4.990,4.556,4.556,14.405,14.405,112.422,1.25,35.00,33.0000,11.2422,50.590
6538,300.000,0.648,0.648,61.983,61.983,4.840,1.350,1.350,9.653,9.653,73.634,1.25,35.00,33.0000,7.3634,33.135
6539,200.000,0.128,0.128,42.194,42.194,4.740,0.400,0.400,6.459,6.459,49.181,1.25,35.00,33.0000,4.9181,22.131
6540,250.000,0.313,0.313,52.192,52.192,4.790,0.781,0.781,8.058,8.058,61.344,1.25,35.00,33.0000,6.1344,27.605
6541,350.000,1.200,1.200,71.575,71.575,4.890,2.144,2.144,11.242,11.242,86.161,1.25,35.00,33.0000,8.6161,38.772
6542,500.000,5.000,5.000,99.206,99.206,5.040,6.250,6.250,15.979,15.979,126.435,1.25,35.00,33.0000,12.6435,56.896
6543,450.000,3.281,3.281,90.180,90.180,4.990,4.556,4.556,14.405,14.405,112.422,1.25,35.00,33.0000,11.2422,50.590
6544,300.000,0.648,0.648,61.983,61.983,4.840,1.350,1.350,9.653,9.653,73.634,1.25,35.00,33.0000,7.3634,33.135
6545,200.000,0.128,0.128,42.194,42.194,4.740,0.400,0.400,6.459,6.459,49.181,1.25,35.00,33.0000,4.9181,22.131
6546,250.000,0.313,0.313,52.192,52.192,4.790,0.781,0.781,8.058,8.058,61.344,1.25,35.00,33.0000,6.1344,27.605
6547,350.000,1.200,1.200,71.575,71.575,4.890,2.144,2.144,11.242,11.242,86.161,1.25,35.00,33.0000,8.6161,38.772
6548,500.000,5.000,5.000,99.206,99.206,5.040,6.250,6.250,15.979,15.979,126.435,1.25,35.00,33.0000,12.6435,56.896
6549,450.000,3.281,3.281,90.180,90.180,4.990,4.556,4.556,14.405,14.405,112.422,1.25,35.00,33.0000,11.2422,50.590
6550,300.000,0.648,0.648,61.983,61.983,4.840,1.350,1.350,9.653,9.653,73.634,1.25,35.00,33.0000,7.3634,33.135
6551,200.000,0.128,0.128,42.194,42.194,4.740,0.400,0.400,6.459,6.459,49.181,1.25,35.00,33.0000,4.9181,22.131
6552,250.000,0.313,0.313,52.192,52.192,4.790,0.781,0.781,8.058,8.058,61.344,1.25,35.00,33.0000,6.1344,27.605
6553,350.000,1.200,1.200,71.575,71.575,4.890,2.144,2.144,11.242,11.242,86.161,1.25,35.00,33.0000,8.6161,38.772
6554,500.000,5.000,5.000,99.206,99.206,5.040,6.250,6.250,15.979,15.979,126.435,1.25,35.00,33.0000,12.6435,56.896
6555,450.000,3.281,3.281,90.180,90.180,4.990,4.556,4.556,14.405,14.405,112.422,1.25,35.00,33.0000,11.2422,50.590
6556,300.000,0.648,0.648,61.983,61.983,4.840,1.350,1.350,9.653,9.653,73.634,1.25,35.00,33.0000,7.3634,33.135
6557,200.000,0.128,0.128,42.194,42.194,4.740,0.400,0.400,6.459,6.459,49.181,1.25,35.00,33.0000,4.9181,22.131
6558,250.000,0.313,0.313,52.192,52.192,4.790,0.781,0.781,8.058,8.058,61.344,1.25,35.00,33.0000,6.1344,27.605
6559,350.000,1.200,1.200,71.575,71.575,4.890,2.144,2.144,11.242,11.242,86.161,1.25,35.00,33.0000,8.6161,38.772
6560,500.000,5.000,5.000,99.206,99.206,5.040,6.250,6.250,15.979,15.979,126.435,1.25,35.00,33.0000,12.6435,56.896
6561,450.000,3.281,3.281,90.180,90.180,4.990,4.556,4.556,14.405,14.405,112.422,1.25,35.00,33.0000,11.2422,50.590
6562,300.000,0.648,0.648,61.983,61.983,4.840,1.350,1.350,9.653,9.653,73.634,1.25,35.00,33.0000,7.3634,33.135
6563,200.000,0.128,0.128,42.194,42.194,4.740,0.400,0.400,6.459,6.459,49.181,1.25,35.00,33.0000,4.9181,22.131
6564,250.000,0.313,0.313,52.192,52.192,4.790,0.781,0.781,8.058,8.058,61.344,1.25,35.00,33.0000,6.1344,27.605
6565,350.000,1.200,1.200,71.575,71.575,4.890,2.144,2.144,11.242,11.242,86.161,1.25,35.00,33.0000,8.6161,38.772
6566,500.000,5.000,5.000,99.206,99.206,5.040,6.250,6.250,15.979,15.979,126.435,1.25,35.00,33.0000,12.6435,56.896
6567,450.000,3.281,3.281,90.180,90.180,4.990,4.556,4.556,14.405,14.405,112.422,1.25,35.00,33.0000,11.2422,50.590
6568,300.000,0.648,0.648,61.983,61.983,4.840,1.350,1.350,9.653,9.653,73.634,1.25,35.00,33.0000,7.3634,33.135
6569,200.000,0.128,0.128,42.194,42.194,4.740,0.400,0.400,6.459,6.459,49.181,1.25,35.00,33.0000,4.9181,22.131
6570,250.000,0.313,0.313,52.192,52.192,4.790,0.781,0.781,8.058,8.058,61.344,1.25,35.00,33.0000,6.1344,27.605
6571,350.000,1.200,1.200,71.575,71.575,4.890,2.144,2.144,11.242,11.242,86.161,1.25,35.00,33.0000,8.6161,38.772
6572,500.000,5.000,5.000,99.206,99.206,5.040,6.250,6.250,15.979,15.979,126.435,1.25,35.00,33.0000,12.6435,56.896
6573,450.000,3.281,3.281,90.180,90.180,4.990,4.556,4.556,14.405,14.405,112.422,1.25,35.00,33.0000,11.2422,50.590
6574,300.000,0.648,0.648,61.983,61.983,4.840,1.350,1.350,9.653,9.653,73.634,1.25,35.00,33.0000,7.3634,33.135
6575,200.000,0.128,0.128,42.194,42.194,4.740,0.400,0.400,6.459,6.459,49.181,1.25,35.00,33.0000,4.9181,22.131
6576,250.000,0.313,0.313,52.192,52.192,4.790,0.781,0.781,8.058,8.058,61.344,1.25,35.00,33.0000,6.1344,27.605
6577,350.000,1.200,1.200,71.575,71.575,4.890,2.144,2.144,11.242,11.242,86.161,1.25,35.00,33.0000,8.6161,38.772
6578,500.000,5.000,5.000,99.206,99.206,5.040,6.250,6.250,15.979,15.979,126.435,1.25,35.00,33.0000,12.6435,56.896
6579,450.000,3.281,3.281,90.180,90.180,4.990,4.556,4.556,14.405,14.405,112.422,1.25,35.00,33.0000,11.2422,50.590
6580,300.000,0.648,0.648,61.983,61.983,4.840,1.350,1.350,9.653,9.653,73.634,1.25,35.00,33.0000,7.3634,33.135
6581,200.000,0.128,0.128,42.194,42.194,4.740,0.400,0.400,6.459,6.459,49.181,1.25,35.00,33.0000,4.9181,22.131
6582,250.000,0.313,0.313,52.192,52.192,4.790,0.781,0.781,8.058,8.058,61.344,1.25,35.00,33.0000,6.1344,27.605
6583,350.000,1.200,1.200,71.575,71.575,4.890,2.144,2.144,11.242,11.242,86.161,1.25,35.00,33.0000,8.6161,38.772
6584,500.000,5.000,5.000,99.206,99.206,5.040,6.250,6.250,15.979,15.979,126.435,1.25,35.00,33.0000,12.6435,56.896
6585,450.000,3.281,3.281,90.180,90.180,4.990,4.556,4.556,14.405,14.405,112.422,1.25,35.00,33.0000,11.2422,50.590
6586,300.000,0.648,0.648,61.983,61.983,4.840,1.350,1.350,9.653,9.653,73.634,1.25,35.00,33.0000,7.3634,33.135
6587,200.000,0.128,0.128,42.194,42.194,4.740,0.400,0.400,6.459,6.459,49.181,1.25,35.00,33.0000,4.9181,22.131
6588,250.000,0.313,0.313,52.192,52.192,4.790,0.781,0.781,8.058,8.058,61.344,1.25,35.00,33.0000,6.1344,27.605
6589,350.000,1.200,1.200,71.575,71.575,4.890,2.144,2.144,11.242,11.242,86.161,1.25,35.00,33.0000,8.6161,38.772
6590,500.000,5.000,5.000,99.206,99.206,5.040,6.250,6.250,15.979,15.979,126.435,1.25,35.00,33.0000,12.6435,56.896
6591,450.000,3.281,3.281,90.180,90.180,4.990,4.556,4.556,14.405,14.405,112.422,1.25,35.00,33.0000,11.2422,50.590
6592,300.000,0.648,0.648,61.983,61.983,4.840,1.350,1.350,9.653,9.653,73.634,1.25,35.00,33.0000,7.3634,33.135
6593,200.000,0.128,0.128,42.194,42.194,4.740,0.400,0.400,6.459,6.459,49.181,1.25,35.00,33.0000,4.9181,22.131
6594,250.000,0.313,0.313,52.192,52.192,4.790,0.781,0.781,8.058,8.058,61.344,1.25,35.00,33.0000,6.1344,27.605
6595,350.000,1.200,1.200,71.575,71.575,4.890,2.144,2.144,11.242,11.242,86.161,1.25,35.00,33.0000,8.6161,38.772
6596,500.000,5.000,5.000,99.206,99.206,5.040,6.250,6.250,15.979,15.979,126.435,1.25,35.00,33.0000,12.6435,56.896
6597,450.000,3.281,3.281,90.180,90.180,4.990,4.556,4.556,14.405,14.405,112.422,1.25,35.00,33.0000,11.2422,50.590
6598,300.000,0.648,0.648,61.983,61.983,4.840,1.350,1.350,9.653,9.653,73.634,1.25,35.00,33.0000,7.3634,33.135
6599,200.000,0.128,0.128,42.194,42.194,4.740,0.400,0.400,6.459,6.459,49.181,1.25,35.00,33.0000,4.9181,22.131
6600,250.000,0.313,0.313,52.192,52.192,4.790,0.781,0.781,8.058,8.058,61.344,1.25,35.00,33.0000,6.1344,27.605
6601,350.000,1.200,1.200,71.575,71.575,4.890,2.144,2.144,11.242,11.242,86.161,1.25,35.00,33.0000,8.6161,38.772
6602,500.000,5.000,5.000,99.206,99.206,5.040,6.250,6.250,15.979,15.979,126.435,1.25,35.00,33.0000,12.6435,56.896
6603,450.000,3.281,3.281,90.180,90.180,4.990,4.556,4.556,14.405,14.405,112.422,1.25,35.00,33.0000,11.2422,50.590
6604,300.000,0.648,0.648,61.983,61.983,4.840,1.350,1.350,9.653,9.653,73.634,1.25,35.00,33.0000,7.3634,33.135
6605,200.000,0.128,0.128,42.194,42.194,4.740,0.400,0.400,6.459,6.459,49.181,1.25,35.00,33.0000,4.9181,22.131
6606,250.000,0.313,0.313,52.192,52.192,4.790,0.781,0.781,8.058,8.058,61.344,1.25,35.00,33.0000,6.1344,27.605
6607,350.000,1.200,1.200,71.575,71.575,4.890,2.144,2.144,11.242,11.242,86.161,1.25,35.00,33.0000,8.6161,38.772
6608,500.000,5.000,5.000,99.206,99.206,5.040,6.250,6.250,15.979,15.979,126.435,1.25,35.00,33.0000,12.6435,56.896
6609,450.000,3.281,3.281,90.180,90.180,4.990,4.556,4.556,14.405,14.405,112.422,1.25,35.00,33.0000,11.2422,50.590
6610,300.000,0.648,0.648,61.983,61.983,4.840,1.350,1.350,9.653,9.653,73.634,1.25,35.00,33.0000,7.3634,33.135
6611,200.000,0.128,0.128,42.194,42.194,4.740,0.400,0.400,6.459,6.459,49.181,1.25,35.00,33.0000,4.9181,22.131
6612,250.000,0.313,0.313,52.192,52.192,4.790,0.781,0.781,8.058,8.058,61.344,1.25,35.00,33.0000,6.1344,27.605
6613,350.000,1.200,1.200,71.575,71.575,4.890,2.144,2.144,11.242,11.242,86.161,1.25,35.00,33.0000,8.6161,38.772
6614,500.000,5.000,5.000,99.206,99.206,5.040,6.250,6.250,15.979,15.979,126.435,1.25,35.00,33.0000,12.6435,56.896
6615,450.000,3.281,3.281,90.180,90.180,4.990,4.556,4.556,14.405,14.405,112.422,1.25,35.00,33.0000,11.2422,50.590
6616,300.000,0.648,0.648,61.983,61.983,4.840,1.350,1.350,9.653,9.653,73.634,1.25,35.00,33.0000,7.3634,33.135
6617,200.000,0.128,0.128,42.194,42.194,4.740,0.400,0.400,6.459,6.459,49.181,1.25,35.00,33.0000,4.9181,22.131
6618,250.000,0.313,0.313,52.192,52.192,4.790,0.781,0.781,8.058,8.058,61.344,1.25,35.00,33.0000,6.1344,27.605
6619,350.000,1.200,1.200,71.575,71.575,4.890,2.144,2.144,11.242,11.242,86.161,1.25,35.00,33.0000,8.6161,38.772
6620,500.000,5.000,5.000,99.206,99.206,5.040,6.250,6.250,15.979,15.979,126.435,1.25,35.00,33.0000,12.6435,56.896
6621,450.000,3.281,3.281,90.180,90.180,4.990,4.556,4.556,14.405,14.405,112.422,1.25,35.00,33.0000,11.2422,50.590
6622,300.000,0.648,0.648,61.983,61.983,4.840,1.350,1.350,9.653,9.653,73.634,1.25,35.00,33.0000,7.3634,33.135
6623,200.000,0.128,0.128,42.194,42.194,4.740,0.400,0.400,6.459,6.459,49.181,1.25,35.00,33.0000,4.9181,22.131
6624,250.000,0.313,0.313,52.192,52.192,4.790,0.781,0.781,8.058,8.058,61.344,1.25,35.00,33.0000,6.1344,27.605
6625,350.000,1.200,1.200,71.575,71.575,4.890,2.144,2.144,11.242,11.242,86.161,1.25,35.00,33.0000,8.6161,38.772
6626,500.000,5.000,5.000,99.206,99.206,5.040,6.250,6.250,15.979,15.979,126.435,1.25,35.00,33.0000,12.6435,56.896
6627,450.000,3.281,3.281,90.180,90.180,4.990,4.556,4.556,14.405,14.405,112.422,1.25,35.00,33.0000,11.2422,50.590
6628,300.000,0.648,0.648,61.983,61.983,4.840,1.350,1.350,9.653,9.653,73.634,1.25,35.00,33.0000,7.3634,33.135
6629,200.000,0.128,0.128,42.194,42.194,4.740,0.400,0.400,6.459,6.459,49.181,1.25,35.00,33.0000,4.9181,22.131
6630,250.000,0.313,0.313,52.192,52.192,4.790,0.781,0.781,8.058,8.058,61.344,1.25,35.00,33.0000,6.1344,27.605
6631,350.000,1.200,1.200,71.575,71.575,4.890,2.144,2.144,11.242,11.242,86.161,1.25,35.00,33.0000,8.6161,38.772
6632,500.000,5.000,5.000,99.206,99.206,5.040,6.250,6.250,15.979,15.979,126.435,1.25,35.00,33.0000,12.6435,56.896
6633,450.000,3.281,3.281,90.180,90.180,4.990,4.556,4.556,14.405,14.405,112.422,1.25,35.00,33.0000,11.2422,50.590
6634,300.000,0.648,0.648,61.983,61.983,4.840,1.350,1.350,9.653,9.653,73.634,1.25,35.00,33.0000,7.3634,33.135
6635,200.000,0.128,0.128,42.194,42.194,4.740,0.400,0.400,6.459,6.459,49.181,1.25,35.00,33.0000,4.9181,22.131
6636,250.000,0.313,0.313,52.192,52.192,4.790,0.781,0.781,8.058,8.058,61.344,1.25,35.00,33.0000,6.1344,27.605
6637,350.000,1.200,1.200,71.575,71.575,4.890,2.144,2.144,11.242,11.242,86.161,1.25,35.00,33.0000,8.6161,38.772
6638,500.000,5.000,5.000,99.206,99.206,5.040,6.250,6.250,15.979,15.979,126.435,1.25,35.00,33.0000,12.6435,56.896
6639,450.000,3.281,3.281,90.180,90.180,4.990,4.556,4.556,14.405,14.405,112.422,1.25,35.00,33.0000,11.2422,50.590
6640,300.000,0.648,0.648,61.983,61.983,4.840,1.350,1.350,9.653,9.653,73.634,1.25,35.00,33.0000,7.3634,33.135
6641,200.000,0.128,0.128,42.194,42.194,4.740,0.400,0.400,6.459,6.459,49.181,1.25,35.00,33.0000,4.9181,22.131
6642,250.000,0.313,0.313,52.192,52.192,4.790,0.781,0.781,8.058,8.058,61.344,1.25,35.00,33.0000,6.1344,27.605
6643,350.000,1.200,1.200,71.575,71.575,4.890,2.144,2.144,11.242,11.242,86.161,1.25,35.00,33.0000,8.6161,38.772
6644,500.000,5.000,5.000,99.206,99.206,5.040,6.250,6.250,15.979,15.979,126.435,1.25,35.00,33.0000,12.6435,56.896
6645,450.000,3.281,3.281,90.180,90.180,4.990,4.556,4.556,14.405,14.405,112.422,1.25,35.00,33.0000,11.2422,50.590
6646,300.000,0.648,0.648,61.983,61.983,4.840,1.350,1.350,9.653,9.653,73.634,1.25,35.00,33.0000,7.3634,33.135
6647,200.000,0.128,0.128,42.194,42.194,4.740,0.400,0.400,6.459,6.459,49.181,1.25,35.00,33.0000,4.9181,22.131
6648,250.000,0.313,0.313,52.192,52.192,4.790,0.781,0.781,8.058,8.058,61.344,1.25,35.00,33.0000,6.1344,27.605
6649,350.000,1.200,1.200,71.575,71.575,4.890,2.144,2.144,11.242,11.242,86.161,1.25,35.00,33.0000,8.6161,38.772
6650,500.000,5.000,5.000,99.206,99.206,5.040,6.250,6.250,15.979,15.979,126.435,1.25,35.00,33.0000,12.6435,56.896
6651,450.000,3.281,3.281,90.180,90.180,4.990,4.556,4.556,14.405,14.405,112.422,1.25,35.00,33.0000,11.2422,50.590
6652,300.000,0.648,0.648,61.983,61.983,4.840,1.350,1.350,9.653,9.653,73.634,1.25,35.00,33.0000,7.3634,33.135
6653,200.000,0.128,0.128,42.194,42.194,4.740,0.400,0.400,6.459,6.459,49.181,1.25,35.00,33.0000,4.9181,22.131
6654,250.000,0.313,0.313,52.192,52.192,4.790,0.781,0.781,8.058,8.058,61.344,1.25,35.00,33.0000,6.1344,27.605
6655,350.000,1.200,1.200,71.575,71.575,4.890,2.144,2.144,11.242,11.242,86.161,1.25,35.00,33.0000,8.6161,38.772
6656,500.000,5.000,5.000,99.206,99.206,5.040,6.250,6.250,15.979,15.979,126.435,1.25,35.00,33.0000,12.6435,56.896
6657,450.000,3.281,3.281,90.180,90.180,4.990,4.556,4.556,14.405,14.405,112.422,1.25,35.00,33.0000,11.2422,50.590
6658,300.000,0.648,0.648,61.983,61.983,4.840,1.350,1.350,9.653,9.653,73.634,1.25,35.00,33.0000,7.3634,33.135
6659,200.000,0.128,0.128,42.194,42.194,4.740,0.400,0.400,6.459,6.459,49.181,1.25,35.00,33.0000,4.9181,22.131
6660,250.000,0.313,0.313,52.192,52.192,4.790,0.781,0.781,8.058,8.058,61.344,1.25,35.00,33.0000,6.1344,27.605
6661,350.000,1.200,1.200,71.575,71.575,4.890,2.144,2.144,11.242,11.242,86.161,1.25,35.00,33.0000,8.6161,38.772
6662,500.000,5.000,5.000,99.206,99.206,5.040,6.250,6.250,15.979,15.979,126.435,1.25,35.00,33.0000,12.6435,56.896
6663,450.000,3.281,3.281,90.180,90.180,4.990,4.556,4.556,14.405,14.405,112.422,1.25,35.00,33.0000,11.2422,50.590
6664,300.000,0.648,0.648,61.983,61.983,4.840,1.350,1.350,9.653,9.653,73.634,1.25,35.00,33.0000,7.3634,33.135
6665,200.000,0.128,0.128,42.194,42.194,4.740,0.400,0.400,6.459,6.459,49.181,1.25,35.00,33.0000,4.9181,22.131
6666,250.000,0.313,0.313,52.192,52.192,4.790,0.781,0.781,8.058,8.058,61.344,1.25,35.00,33.0000,6.1344,27.605
6667,350.000,1.200,1.200,71.575,71.575,4.890,2.144,2.144,11.242,11.242,86.161,1.25,35.00,33.0000,8.6161,38.772
6668,500.000,5.000,5.000,99.206,99.206,5.040,6.250,6.250,15.979,15.979,126.435,1.25,35.00,33.0000,12.6435,56.896
6669,450.000,3.281,3.281,90.180,90.180,4.990,4.556,4.556,14.405,14.405,112.422,1.25,35.00,33.0000,11.2422,50.590
6670,300.000,0.648,0.648,61.983,61.983,4.840,1.350,1.350,9.653,9.653,73.634,1.25,35.00,33.0000,7.3634,33.135
6671,200.000,0.128,0.128,42.194,42.194,4.740,0.400,0.400,6.459,6.459,49.181,1.25,35.00,33.0000,4.9181,22.131
6672,250.000,0.313,0.313,52.192,52.192,4.790,0.781,0.781,8.058,8.058,61.344,1.25,35.00,33.0000,6.1344,27.605
6673,350.000,1.200,1.200,71.575,71.575,4.890,2.144,2.144,11.242,11.242,86.161,1.25,35.00,33.0000,8.6161,38.772
6674,500.000,5.000,5.000,99.206,99.206,5.040,6.250,6.250,15.979,15.979,126.435,1.25,35.00,33.0000,12.6435,56.896
6675,450.000,3.281,3.281,90.180,90.180,4.990,4.556,4.556,14.405,14.405,112.422,1.25,35.00,33.0000,11.2422,50.590
6676,300.000,0.648,0.648,61.983,61.983,4.840,1.350,1.350,9.653,9.653,73.634,1.25,35.00,33.0000,7.3634,33.135
6677,200.000,0.128,0.128,42.194,42.194,4.740,0.400,0.400,6.459,6.459,49.181,1.25,35.00,33.0000,4.9181,22.131
6678,250.000,0.313,0.313,52.192,52.192,4.790,0.781,0.781,8.058,8.058,61.344,1.25,35.00,33.0000,6.1344,27.605
6679,350.000,1.200,1.200,71.575,71.575,4.890,2.144,2.144,11.242,11.242,86.161,1.25,35.00,33.0000,8.6161,38.772
6680,500.000,5.000,5.000,99.206,99.206,5.040,6.250,6.250,15.979,15.979,126.435,1.25,35.00,33.0000,12.6435,56.896
6681,450.000,3.281,3.281,90.180,90.180,4.990,4.556,4.556,14.405,14.405,112.422,1.25,35.00,33.0000,11.2422,50.590
6682,300.000,0.648,0.648,61.983,61.983,4.840,1.350,1.350,9.653,9.653,73.634,1.25,35.00,33.0000,7.3634,33.135
6683,200.000,0.128,0.128,42.194,42.194,4.740,0.400,0.400,6.459,6.459,49.181,1.25,35.00,33.0000,4.9181,22.131
6684,250.000,0.313,0.313,52.192,52.192,4.790,0.781,0.781,8.058,8.058,61.344,1.25,35.00,33.0000,6.1344,27.605
6685,350.000,1.200,1.200,71.575,71.575,4.890,2.144,2.144,11.242,11.242,86.161,1.25,35.00,33.0000,8.6161,38.772
6686,500.000,5.000,5.000,99.206,99.206,5.040,6.250,6.250,15.979,15.979,126.435,1.25,35.00,33.0000,12.6435,56.896
6687,450.000,3.281,3.281,90.180,90.180,4.990,4.556,4.556,14.405,14.405,112.422,1.25,35.00,33.0000,11.2422,50.590
6688,300.000,0.648,0.648,61.983,61.983,4.840,1.350,1.350,9.653,9.653,73.634,1.25,35.00,33.0000,7.3634,33.135
6689,200.000,0.128,0.128,42.194,42.194,4.740,0.400,0.400,6.459,6.459,49.181,1.25,35.00,33.0000,4.9181,22.131
6690,250.000,0.313,0.313,52.192,52.192,4.790,0.781,0.781,8.058,8.058,61.344,1.25,35.00,33.0000,6.1344,27.605
6691,350.000,1.200,1.200,71.575,71.575,4.890,2.144,2.144,11.242,11.242,86.161,1.25,35.00,33.0000,8.6161,38.772
6692,500.000,5.000,5.000,99.206,99.206,5.040,6.250,6.250,15.979,15.979,126.435,1.25,35.00,33.0000,12.6435,56.896
6693,450.000,3.281,3.281,90.180,90.180,4.990,4.556,4.556,14.405,14.405,112.422,1.25,35.00,33.0000,11.2422,50.590
6694,300.000,0.648,0.648,61.983,61.983,4.840,1.350,1.350,9.653,9.653,73.634,1.25,35.00,33.0000,7.3634,33.135
6695,200.000,0.128,0.128,42.194,42.194,4.740,0.400,0.400,6.459,6.459,49.181,1.25,35.00,33.0000,4.9181,22.131
6696,250.000,0.313,0.313,52.192,52.192,4.790,0.781,0.781,8.058,8.058,61.344,1.25,35.00,33.0000,6.1344,27.605
6697,350.000,1.200,1.200,71.575,71.575,4.890,2.144,2.144,11.242,11.242,86.161,1.25,35.00,33.0000,8.6161,38.772
6698,500.000,5.000,5.000,99.206,99.206,5.040,6.250,6.250,15.979,15.979,126.435,1.25,35.00,33.0000,12.6435,56.896
6699,450.000,3.281,3.281,90.180,90.180,4.990,4.556,4.556,14.405,14.405,112.422,1.25,35.00,33.0000,11.2422,50.590
6700,300.000,0.648,0.648,61.983,61.983,4.840,1.350,1.350,9.653,9.653,73.634,1.25,35.00,33.0000,7.3634,33.135
6701,200.000,0.128,0.128,42.194,42.194,4.740,0.400,0.400,6.459,6.459,49.181,1.25,35.00,33.0000,4.9181,22.131
6702,250.000,0.313,0.313,52.192,52.192,4.790,0.781,0.781,8.058,8.058,61.344,1.25,35.00,33.0000,6.1344,27.605
6703,350.000,1.200,1.200,71.575,71.575,4.890,2.144,2.144,11.242,11.242,86.161,1.25,35.00,33.0000,8.6161,38.772
6704,500.000,5.000,5.000,99.206,99.206,5.040,6.250,6.250,15.979,15.979,126.435,1.25,35.00,33.0000,12.6435,56.896
6705,450.000,3.281,3.281,90.180,90.180,4.990,4.556,4.556,14.405,14.405,112.422,1.25,35.00,33.0000,11.2422,50.590
6706,300.000,0.648,0.648,61.983,61.983,4.840,1.350,1.350,9.653,9.653,73.634,1.25,35.00,33.0000,7.3634,33.135
6707,200.000,0.128,0.128,42.194,42.194,4.740,0.400,0.400,6.459,6.459,49.181,1.25,35.00,33.0000,4.9181,22.131
6708,250.000,0.313,0.313,52.192,52.192,4.790,0.781,0.781,8.058,8.058,61.344,1.25,35.00,33.0000,6.1344,27.605
6709,350.000,1.200,1.200,71.575,71.575,4.890,2.144,2.144,11.242,11.242,86.161,1.25,35.00,33.0000,8.6161,38.772
6710,500.000,5.000,5.000,99.206,99.206,5.040,6.250,6.250,15.979,15.979,126.435,1.25,35.00,33.0000,12.6435,56.896
6711,450.000,3.281,3.281,90.180,90.180,4.990,4.556,4.556,14.405,14.405,112.422,1.25,35.00,33.0000,11.2422,50.590
6712,300.000,0.648,0.648,61.983,61.983,4.840,1.350,1.350,9.653,9.653,73.634,1.25,35.00,33.0000,7.3634,33.135
6713,200.000,0.128,0.128,42.194,42.194,4.740,0.400,0.400,6.459,6.459,49.181,1.25,35.00,33.0000,4.9181,22.131
6714,250.000,0.313,0.313,52.192,52.192,4.790,0.781,0.781,8.058,8.058,61.344,1.25,35.00,33.0000,6.1344,27.605
6715,350.000,1.200,1.200,71.575,71.575,4.890,2.144,2.144,11.242,11.242,86.161,1.25,35.00,33.0000,8.6161,38.772
6716,500.000,5.000,5.000,99.206,99.206,5.040,6.250,6.250,15.979,15.979,126.435,1.25,35.00,33.0000,12.6435,56.896
6717,450.000,3.281,3.281,90.180,90.180,4.990,4.556,4.556,14.405,14.405,112.422,1.25,35.00,33.0000,11.2422,50.590
6718,300.000,0.648,0.648,61.983,61.983,4.840,1.350,1.350,9.653,9.653,73.634,1.25,35.00,33.0000,7.3634,33.135
6719,200.000,0.128,0.128,42.194,42.194,4.740,0.400,0.400,6.459,6.459,49.181,1.25,35.00,33.0000,4.9181,22.131
6720,250.000,0.313,0.313,52.192,52.192,4.790,0.781,0.781,8.058,8.058,61.344,1.25,35.00,33.0000,6.1344,27.605
6721,350.000,1.200,1.200,71.575,71.575,4.890,2.144,2.144,11.242,11.242,86.161,1.25,35.00,33.0000,8.6161,38.772
6722,500.000,5.000,5.000,99.206,99.206,5.040,6.250,6.250,15.979,15.979,126.435,1.25,35.00,33.0000,12.6435,56.896
6723,450.000,3.281,3.281,90.180,90.180,4.990,4.556,4.556,14.405,14.405,112.422,1.25,35.00,33.0000,11.2422,50.590
6724,300.000,0.648,0.648,61.983,61.983,4.840,1.350,1.350,9.653,9.653,73.634,1.25,35.00,33.0000,7.3634,33.135
6725,200.000,0.128,0.128,42.194,42.194,4.740,0.400,0.400,6.459,6.459,49.181,1.25,35.00,33.0000,4.9181,22.131
6726,250.000,0.313,0.313,52.192,52.192,4.790,0.781,0.781,8.058,8.058,61.344,1.25,35.00,33.0000,6.1344,27.605
6727,350.000,1.200,1.200,71.575,71.575,4.890,2.144,2.144,11.242,11.242,86.161,1.25,35.00,33.0000,8.6161,38.772
6728,500.000,5.000,5.000,99.206,99.206,5.040,6.250,6.250,15.979,15.979,126.435,1.25,35.00,33.0000,12.6435,56.896
6729,450.000,3.281,3.281,90.180,90.180,4.990,4.556,4.556,14.405,14.405,112.422,1.25,35.00,33.0000,11.2422,50.590
6730,300.000,0.648,0.648,61.983,61.983,4.840,1.350,1.350,9.653,9.653,73.634,1.25,35.00,33.0000,7.3634,33.135
6731,200.000,0.128,0.128,42.194,42.194,4.740,0.400,0.400,6.459,6.459,49.181,1.25,35.00,33.0000,4.9181,22.131
6732,250.000,0.313,0.313,52.192,52.192,4.790,0.781,0.781,8.058,8.058,61.344,1.25,35.00,33.0000,6.1344,27.605
6733,350.000,1.200,1.200,71.575,71.575,4.890,2.144,2.144,11.242,11.242,86.161,1.25,35.00,33.0000,8.6161,38.772
6734,500.000,5.000,5.000,99.206,99.206,5.040,6.250,6.250,15.979,15.979,126.435,1.25,35.00,33.0000,12.6435,56.896
6735,450.000,3.281,3.281,90.180,90.180,4.990,4.556,4.556,14.405,14.405,112.422,1.25,35.00,33.0000,11.2422,50.590
6736,300.000,0.648,0.648,61.983,61.983,4.840,1.350,1.350,9.653,9.653,73.634,1.25,35.00,33.0000,7.3634,33.135
6737,200.000,0.128,0.128,42.194,42.194,4.740,0.400,0.400,6.459,6.459,49.181,1.25,35.00,33.0000,4.9181,22.131
6738,250.000,0.313,0.313,52.192,52.192,4.790,0.781,0.781,8.058,8.058,61.344,1.25,35.00,33.0000,6.1344,27.605
6739,350.000,1.200,1.200,71.575,71.575,4.890,2.144,2.144,11.242,11.242,86.161,1.25,35.00,33.0000,8.6161,38.772
6740,500.000,5.000,5.000,99.206,99.206,5.040,6.250,6.250,15.979,15.979,126.435,1.25,35.00,33.0000,12.6435,56.896
6741,450.000,3.281,3.281,90.180,90.180,4.990,4.556,4.556,14.405,14.405,112.422,1.25,35.00,33.0000,11.2422,50.590
6742,300.000,0.648,0.648,61.983,61.983,4.840,1.350,1.350,9.653,9.653,73.634,1.25,35.00,33.0000,7.3634,33.135
6743,200.000,0.128,0.128,42.194,42.194,4.740,0.400,0.400,6.459,6.459,49.181,1.25,35.00,33.0000,4.9181,22.131
6744,250.000,0.313,0.313,52.192,52.192,4.790,0.781,0.781,8.058,8.058,61.344,1.25,35.00,33.0000,6.1344,27.605
6745,350.000,1.200,1.200,71.575,71.575,4.890,2.144,2.144,11.242,11.242,86.161,1.25,35.00,33.0000,8.6161,38.772
6746,500.000,5.000,5.000,99.206,99.206,5.040,6.250,6.250,15.979,15.979,126.435,1.25,35.00,33.0000,12.6435,56.896
6747,450.000,3.281,3.281,90.180,90.180,4.990,4.556,4.556,14.405,14.405,112.422,1.25,35.00,33.0000,11.2422,50.590
6748,300.000,0.648,0.648,61.983,61.983,4.840,1.350,1.350,9.653,9.653,73.634,1.25,35.00,33.0000,7.3634,33.135
6749,200.000,0.128,0.128,42.194,42.194,4.740,0.400,0.400,6.459,6.459,49.181,1.25,35.00,33.0000,4.9181,22.131
6750,250.000,0.313,0.313,52.192,52.192,4.790,0.781,0.781,8.058,8.058,61.344,1.25,35.00,33.0000,6.1344,27.605
6751,350.000,1.200,1.200,71.575,71.575,4.890,2.144,2.144,11.242,11.242,86.161,1.25,35.00,33.0000,8.6161,38.772
6752,500.000,5.000,5.000,99.206,99.206,5.040,6.250,6.250,15.979,15.979,126.435,1.25,35.00,33.0000,12.6435,56.896
6753,450.000,3.281,3.281,90.180,90.180,4.990,4.556,4.556,14.405,14.405,112.422,1.25,35.00,33.0000,11.2422,50.590
6754,300.000,0.648,0.648,61.983,61.983,4.840,1.350,1.350,9.653,9.653,73.634,1.25,35.00,33.0000,7.3634,33.135
6755,200.000,0.128,0.128,42.194,42.194,4.740,0.400,0.400,6.459,6.459,49.181,1.25,35.00,33.0000,4.9181,22.131
6756,250.000,0.313,0.313,52.192,52.192,4.790,0.781,0.781,8.058,8.058,61.344,1.25,35.00,33.0000,6.1344,27.605
6757,350.000,1.200,1.200,71.575,71.575,4.890,2.144,2.144,11.242,11.242,86.161,1.25,35.00,33.0000,8.6161,38.772
6758,500.000,5.000,5.000,99.206,99.206,5.040,6.250,6.250,15.979,15.979,126.435,1.25,35.00,33.0000,12.6435,56.896
6759,450.000,3.281,3.281,90.180,90.180,4.990,4.556,4.556,14.405,14.405,112.422,1.25,35.00,33.0000,11.2422,50.590
6760,300.000,0.648,0.648,61.983,61.983,4.840,1.350,1.350,9.653,9.653,73.634,1.25,35.00,33.0000,7.3634,33.135
6761,200.000,0.128,0.128,42.194,42.194,4.740,0.400,0.400,6.459,6.459,49.181,1.25,35.00,33.0000,4.9181,22.131
6762,250.000,0.313,0.313,52.192,52.192,4.790,0.781,0.781,8.058,8.058,61.344,1.25,35.00,33.0000,6.1344,27.605
6763,350.000,1.200,1.200,71.575,71.575,4.890,2.144,2.144,11.242,11.242,86.161,1.25,35.00,33.0000,8.6161,38.772
6764,500.000,5.000,5.000,99.206,99.206,5.040,6.250,6.250,15.979,15.979,126.435,1.25,35.00,33.0000,12.6435,56.896
6765,450.000,3.281,3.281,90.180,90.180,4.990,4.556,4.556,14.405,14.405,112.422,1.25,35.00,33.0000,11.2422,50.590
6766,300.000,0.648,0.648,61.983,61.983,4.840,1.350,1.350,9.653,9.653,73.634,1.25,35.00,33.0000,7.3634,33.135
6767,200.000,0.128,0.128,42.194,42.194,4.740,0.400,0.400,6.459,6.459,49.181,1.25,35.00,33.0000,4.9181,22.131
6768,250.000,0.313,0.313,52.192,52.192,4.790,0.781,0.781,8.058,8.058,61.344,1.25,35.00,33.0000,6.1344,27.605
6769,350.000,1.200,1.200,71.575,71.575,4.890,2.144,2.144,11.242,11.242,86.161,1.25,35.00,33.0000,8.6161,38.772
6770,500.000,5.000,5.000,99.206,99.206,5.040,6.250,6.250,15.979,15.979,126.435,1.25,35.00,33.0000,12.6435,56.896
6771,450.000,3.281,3.281,90.180,90.180,4.990,4.556,4.556,14.405,14.405,112.422,1.25,35.00,33.0000,11.2422,50.590
6772,300.000,0.648,0.648,61.983,61.983,4.840,1.350,1.350,9.653,9.653,73.634,1.25,35.00,33.0000,7.3634,33.135
6773,200.000,0.128,0.128,42.194,42.194,4.740,0.400,0.400,6.459,6.459,49.181,1.25,35.00,33.0000,4.9181,22.131
6774,250.000,0.313,0.313,52.192,52.192,4.790,0.781,0.781,8.058,8.058,61.344,1.25,35.00,33.0000,6.1344,27.605
6775,350.000,1.200,1.200,71.575,71.575,4.890,2.144,2.144,11.242,11.242,86.161,1.25,35.00,33.0000,8.6161,38.772
6776,500.000,5.000,5.000,99.206,99.206,5.040,6.250,6.250,15.979,15.979,126.435,1.25,35.00,33.0000,12.6435,56.896
6777,450.000,3.281,3.281,90.180,90.180,4.990,4.556,4.556,14.405,14.405,112.422,1.25,35.00,33.0000,11.2422,50.590
6778,300.000,0.648,0.648,61.983,61.983,4.840,1.350,1.350,9.653,9.653,73.634,1.25,35.00,33.0000,7.3634,33.135
6779,200.000,0.128,0.128,42.194,42.194,4.740,0.400,0.400,6.459,6.459,49.181,1.25,35.00,33.0000,4.9181,22.131
6780,250.000,0.313,0.313,52.192,52.192,4.790,0.781,0.781,8.058,8.058,61.344,1.25,35.00,33.0000,6.1344,27.605
6781,350.000,1.200,1.200,71.575,71.575,4.890,2.144,2.144,11.242,11.242,86.161,1.25,35.00,33.0000,8.6161,38.772
6782,500.000,5.000,5.000,99.206,99.206,5.040,6.250,6.250,15.979,15.979,126.435,1.25,35.00,33.0000,12.6435,56.896
6783,450.000,3.281,3.281,90.180,90.180,4.990,4.556,4.556,14.405,14.405,112.422,1.25,35.00,33.0000,11.2422,50.590
6784,300.000,0.648,0.648,61.983,61.983,4.840,1.350,1.350,9.653,9.653,73.634,1.25,35.00,33.0000,7.3634,33.135
6785,200.000,0.128,0.128,42.194,42.194,4.740,0.400,0.400,6.459,6.459,49.181,1.25,35.00,33.0000,4.9181,22.131
6786,250.000,0.313,0.313,52.192,52.192,4.790,0.781,0.781,8.058,8.058,61.344,1.25,35.00,33.0000,6.1344,27.605
6787,350.000,1.200,1.200,71.575,71.575,4.890,2.144,2.144,11.242,11.242,86.161,1.25,35.00,33.0000,8.6161,38.772
6788,500.000,5.000,5.000,99.206,99.206,5.040,6.250,6.250,15.979,15.979,126.435,1.25,35.00,33.0000,12.6435,56.896
6789,450.000,3.281,3.281,90.180,90.180,4.990,4.556,4.556,14.405,14.405,112.422,1.25,35.00,33.0000,11.2422,50.590
6790,300.000,0.648,0.648,61.983,61.983,4.840,1.350,1.350,9.653,9.653,73.634,1.25,35.00,33.0000,7.3634,33.135
6791,200.000,0.128,0.128,42.194,42.194,4.740,0.400,0.400,6.459,6.459,49.181,1.25,35.00,33.0000,4.9181,22.131
6792,250.000,0.313,0.313,52.192,52.192,4.790,0.781,0.781,8.058,8.058,61.344,1.25,35.00,33.0000,6.1344,27.605
6793,350.000,1.200,1.200,71.575,71.575,4.890,2.144,2.144,11.242,11.242,86.161,1.25,35.00,33.0000,8.6161,38.772
6794,500.000,5.000,5.000,99.206,99.206,5.040,6.250,6.250,15.979,15.979,126.435,1.25,35.00,33.0000,12.6435,56.896
6795,450.000,3.281,3.281,90.180,90.180,4.990,4.556,4.556,14.405,14.405,112.422,1.25,35.00,33.0000,11.2422,50.590
6796,300.000,0.648,0.648,61.983,61.983,4.840,1.350,1.350,9.653,9.653,73.634,1.25,35.00,33.0000,7.3634,33.135
6797,200.000,0.128,0.128,42.194,42.194,4.740,0.400,0.400,6.459,6.459,49.181,1.25,35.00,33.0000,4.9181,22.131
6798,250.000,0.313,0.313,52.192,52.192,4.790,0.781,0.781,8.058,8.058,61.344,1.25,35.00,33.0000,6.1344,27.605
6799,350.000,1.200,1.200,71.575,71.575,4.890,2.144,2.144,11.242,11.242,86.161,1.25,35.00,33.0000,8.6161,38.772
6800,500.000,5.000,5.000,99.206,99.206,5.040,6.250,6.250,15.979,15.979,126.435,1.25,35.00,33.0000,12.6435,56.896
6801,450.000,3.281,3.281,90.180,90.180,4.990,4.556,4.556,14.405,14.405,112.422,1.25,35.00,33.0000,11.2422,50.590
6802,300.000,0.648,0.648,61.983,61.983,4.840,1.350,1.350,9.653,9.653,73.634,1.25,35.00,33.0000,7.3634,33.135
6803,200.000,0.128,0.128,42.194,42.194,4.740,0.400,0.400,6.459,6.459,49.181,1.25,35.00,33.0000,4.9181,22.131
6804,250.000,0.313,0.313,52.192,52.192,4.790,0.781,0.781,8.058,8.058,61.344,1.25,35.00,33.0000,6.1344,27.605
6805,350.000,1.200,1.200,71.575,71.575,4.890,2.144,2.144,11.242,11.242,86.161,1.25,35.00,33.0000,8.6161,38.772
6806,500.000,5.000,5.000,99.206,99.206,5.040,6.250,6.250,15.979,15.979,126.435,1.25,35.00,33.0000,12.6435,56.896
6807,450.000,3.281,3.281,90.180,90.180,4.990,4.556,4.556,14.405,14.405,112.422,1.25,35.00,33.0000,11.2422,50.590
6808,300.000,0.648,0.648,61.983,61.983,4.840,1.350,1.350,9.653,9.653,73.634,1.25,35.00,33.0000,7.3634,33.135
6809,200.000,0.128,0.128,42.194,42.194,4.740,0.400,0.400,6.459,6.459,49.181,1.25,35.00,33.0000,4.9181,22.131
6810,250.000,0.313,0.313,52.192,52.192,4.790,0.781,0.781,8.058,8.058,61.344,1.25,35.00,33.0000,6.1344,27.605
6811,350.000,1.200,1.200,71.575,71.575,4.890,2.144,2.144,11.242,11.242,86.161,1.25,35.00,33.0000,8.6161,38.772
6812,500.000,5.000,5.000,99.206,99.206,5.040,6.250,6.250,15.979,15.979,126.435,1.25,35.00,33.0000,12.6435,56.896
6813,450.000,3.281,3.281,90.180,90.180,4.990,4.556,4.556,14.405,14.405,112.422,1.25,35.00,33.0000,11.2422,50.590
6814,300.000,0.648,0.648,61.983,61.983,4.840,1.350,1.350,9.653,9.653,73.634,1.25,35.00,33.0000,7.3634,33.135
6815,200.000,0.128,0.128,42.194,42.194,4.740,0.400,0.400,6.459,6.459,49.181,1.25,35.00,33.0000,4.9181,22.131
6816,250.000,0.313,0.313,52.192,52.192,4.790,0.781,0.781,8.058,8.058,61.344,1.25,35.00,33.0000,6.1344,27.605
6817,350.000,1.200,1.200,71.575,71.575,4.890,2.144,2.144,11.242,11.242,86.161,1.25,35.00,33.0000,8.6161,38.772
6818,500.000,5.000,5.000,99.206,99.206,5.040,6.250,6.250,15.979,15.979,126.435,1.25,35.00,33.0000,12.6435,56.896
6819,450.000,3.281,3.281,90.180,90.180,4.990,4.556,4.556,14.405,14.405,112.422,1.25,35.00,33.0000,11.2422,50.590
6820,300.000,0.648,0.648,61.983,61.983,4.840,1.350,1.350,9.653,9.653,73.634,1.25,35.00,33.0000,7.3634,33.135
6821,200.000,0.128,0.128,42.194,42.194,4.740,0.400,0.400,6.459,6.459,49.181,1.25,35.00,33.0000,4.9181,22.131
6822,250.000,0.313,0.313,52.192,52.192,4.790,0.781,0.781,8.058,8.058,61.344,1.25,35.00,33.0000,6.1344,27.605
6823,350.000,1.200,1.200,71.575,71.575,4.890,2.144,2.144,11.242,11.242,86.161,1.25,35.00,33.0000,8.6161,38.772
6824,500.000,5.000,5.000,99.206,99.206,5.040,6.250,6.250,15.979,15.979,126.435,1.25,35.00,33.0000,12.6435,56.896
6825,450.000,3.281,3.281,90.180,90.180,4.990,4.556,4.556,14.405,14.405,112.422,1.25,35.00,33.0000,11.2422,50.590
6826,300.000,0.648,0.648,61.983,61.983,4.840,1.350,1.350,9.653,9.653,73.634,1.25,35.00,33.0000,7.3634,33.135
6827,200.000,0.128,0.128,42.194,42.194,4.740,0.400,0.400,6.459,6.459,49.181,1.25,35.00,33.0000,4.9181,22.131
6828,250.000,0.313,0.313,52.192,52.192,4.790,0.781,0.781,8.058,8.058,61.344,1.25,35.00,33.0000,6.1344,27.605
6829,350.000,1.200,1.200,71.575,71.575,4.890,2.144,2.144,11.242,11.242,86.161,1.25,35.00,33.0000,8.6161,38.772
6830,500.000,5.000,5.000,99.206,99.206,5.040,6.250,6.250,15.979,15.979,126.435,1.25,35.00,33.0000,12.6435,56.896
6831,450.000,3.281,3.281,90.180,90.180,4.990,4.556,4.556,14.405,14.405,112.422,1.25,35.00,33.0000,11.2422,50.590
6832,300.000,0.648,0.648,61.983,61.983,4.840,1.350,1.350,9.653,9.653,73.634,1.25,35.00,33.0000,7.3634,33.135
6833,200.000,0.128,0.128,42.194,42.194,4.740,0.400,0.400,6.459,6.459,49.181,1.25,35.00,33.0000,4.9181,22.131
6834,250.000,0.313,0.313,52.192,52.192,4.790,0.781,0.781,8.058,8.058,61.344,1.25,35.00,33.0000,6.1344,27.605
6835,350.000,1.200,1.200,71.575,71.575,4.890,2.144,2.144,11.242,11.242,86.161,1.25,35.00,33.0000,8.6161,38.772
6836,500.000,5.000,5.000,99.206,99.206,5.040,6.250,6.250,15.979,15.979,126.435,1.25,35.00,33.0000,12.6435,56.896
6837,450.000,3.281,3.281,90.180,90.180,4.990,4.556,4.556,14.405,14.405,112.422,1.25,35.00,33.0000,11.2422,50.590
6838,300.000,0.648,0.648,61.983,61.983,4.840,1.350,1.350,9.653,9.653,73.634,1.25,35.00,33.0000,7.3634,33.135
6839,200.000,0.128,0.128,42.194,42.194,4.740,0.400,0.400,6.459,6.459,49.181,1.25,35.00,33.0000,4.9181,22.131
6840,250.000,0.313,0.313,52.192,52.192,4.790,0.781,0.781,8.058,8.058,61.344,1.25,35.00,33.0000,6.1344,27.605
6841,350.000,1.200,1.200,71.575,71.575,4.890,2.144,2.144,11.242,11.242,86.161,1.25,35.00,33.0000,8.6161,38.772
6842,500.000,5.000,5.000,99.206,99.206,5.040,6.250,6.250,15.979,15.979,126.435,1.25,35.00,33.0000,12.6435,56.896
6843,450.000,3.281,3.281,90.180,90.180,4.990,4.556,4.556,14.405,14.405,112.422,1.25,35.00,33.0000,11.2422,50.590
6844,300.000,0.648,0.648,61.983,61.983,4.840,1.350,1.350,9.653,9.653,73.634,1.25,35.00,33.0000,7.3634,33.135
6845,200.000,0.128,0.128,42.194,42.194,4.740,0.400,0.400,6.459,6.459,49.181,1.25,35.00,33.0000,4.9181,22.131
6846,250.000,0.313,0.313,52.192,52.192,4.790,0.781,0.781,8.058,8.058,61.344,1.25,35.00,33.0000,6.1344,27.605
6847,350.000,1.200,1.200,71.575,71.575,4.890,2.144,2.144,11.242,11.242,86.161,1.25,35.00,33.0000,8.6161,38.772
6848,500.000,5.000,5.000,99.206,99.206,5.040,6.250,6.250,15.979,15.979,126.435,1.25,35.00,33.0000,12.6435,56.896
6849,450.000,3.281,3.281,90.180,90.180,4.990,4.556,4.556,14.405,14.405,112.422,1.25,35.00,33.0000,11.2422,50.590
6850,300.000,0.648,0.648,61.983,61.983,4.840,1.350,1.350,9.653,9.653,73.634,1.25,35.00,33.0000,7.3634,33.135
6851,200.000,0.128,0.128,42.194,42.194,4.740,0.400,0.400,6.459,6.459,49.181,1.25,35.00,33.0000,4.9181,22.131
6852,250.000,0.313,0.313,52.192,52.192,4.790,0.781,0.781,8.058,8.058,61.344,1.25,35.00,33.0000,6.1344,27.605
6853,350.000,1.200,1.200,71.575,71.575,4.890,2.144,2.144,11.242,11.242,86.161,1.25,35.00,33.0000,8.6161,38.772
6854,500.000,5.000,5.000,99.206,99.206,5.040,6.250,6.250,15.979,15.979,126.435,1.25,35.00,33.0000,12.6435,56.896
6855,450.000,3.281,3.281,90.180,90.180,4.990,4.556,4.556,14.405,14.405,112.422,1.25,35.00,33.0000,11.2422,50.590
6856,300.000,0.648,0.648,61.983,61.983,4.840,1.350,1.350,9.653,9.653,73.634,1.25,35.00,33.0000,7.3634,33.135
6857,200.000,0.128,0.128,42.194,42.194,4.740,0.400,0.400,6.459,6.459,49.181,1.25,35.00,33.0000,4.9181,22.131
6858,250.000,0.313,0.313,52.192,52.192,4.790,0.781,0.781,8.058,8.058,61.344,1.25,35.00,33.0000,6.1344,27.605
6859,350.000,1.200,1.200,71.575,71.575,4.890,2.144,2.144,11.242,11.242,86.161,1.25,35.00,33.0000,8.6161,38.772
6860,500.000,5.000,5.000,99.206,99.206,5.040,6.250,6.250,15.979,15.979,126.435,1.25,35.00,33.0000,12.6435,56.896
6861,450.000,3.281,3.281,90.180,90.180,4.990,4.556,4.556,14.405,14.405,112.422,1.25,35.00,33.0000,11.2422,50.590
6862,300.000,0.648,0.648,61.983,61.983,4.840,1.350,1.350,9.653,9.653,73.634,1.25,35.00,33.0000,7.3634,33.135
6863,200.000,0.128,0.128,42.194,42.194,4.740,0.400,0.400,6.459,6.459,49.181,1.25,35.00,33.0000,4.9181,22.131
6864,250.000,0.313,0.313,52.192,52.192,4.790,0.781,0.781,8.058,8.058,61.344,1.25,35.00,33.0000,6.1344,27.605
6865,350.000,1.200,1.200,71.575,71.575,4.890,2.144,2.144,11.242,11.242,86.161,1.25,35.00,33.0000,8.6161,38.772
6866,500.000,5.000,5.000,99.206,99.206,5.040,6.250,6.250,15.979,15.979,126.435,1.25,35.00,33.0000,12.6435,56.896
6867,450.000,3.281,3.281,90.180,90.180,4.990,4.556,4.556,14.405,14.405,112.422,1.25,35.00,33.0000,11.2422,50.590
6868,300.000,0.648,0.648,61.983,61.983,4.840,1.350,1.350,9.653,9.653,73.634,1.25,35.00,33.0000,7.3634,33.135
6869,200.000,0.128,0.128,42.194,42.194,4.740,0.400,0.400,6.459,6.459,49.181,1.25,35.00,33.0000,4.9181,22.131
6870,250.000,0.313,0.313,52.192,52.192,4.790,0.781,0.781,8.058,8.058,61.344,1.25,35.00,33.0000,6.1344,27.605
6871,350.000,1.200,1.200,71.575,71.575,4.890,2.144,2.144,11.242,11.242,86.161,1.25,35.00,33.0000,8.6161,38.772
6872,500.000,5.000,5.000,99.206,99.206,5.040,6.250,6.250,15.979,15.979,126.435,1.25,35.00,33.0000,12.6435,56.896
6873,450.000,3.281,3.281,90.180,90.180,4.990,4.556,4.556,14.405,14.405,112.422,1.25,35.00,33.0000,11.2422,50.590
6874,300.000,0.648,0.648,61.983,61.983,4.840,1.350,1.350,9.653,9.653,73.634,1.25,35.00,33.0000,7.3634,33.135
6875,200.000,0.128,0.128,42.194,42.194,4.740,0.400,0.400,6.459,6.459,49.181,1.25,35.00,33.0000,4.9181,22.131
6876,250.000,0.313,0.313,52.192,52.192,4.790,0.781,0.781,8.058,8.058,61.344,1.25,35.00,33.0000,6.1344,27.605
6877,350.000,1.200,1.200,71.575,71.575,4.890,2.144,2.144,11.242,11.242,86.161,1.25,35.00,33.0000,8.6161,38.772
6878,500.000,5.000,5.000,99.206,99.206,5.040,6.250,6.250,15.979,15.979,126.435,1.25,35.00,33.0000,12.6435,56.896
6879,450.000,3.281,3.281,90.180,90.180,4.990,4.556,4.556,14.405,14.405,112.422,1.25,35.00,33.0000,11.2422,50.590
6880,300.000,0.648,0.648,61.983,61.983,4.840,1.350,1.350,9.653,9.653,73.634,1.25,35.00,33.0000,7.3634,33.135
6881,200.000,0.128,0.128,42.194,42.194,4.740,0.400,0.400,6.459,6.459,49.181,1.25,35.00,33.0000,4.9181,22.131
6882,250.000,0.313,0.313,52.192,52.192,4.790,0.781,0.781,8.058,8.058,61.344,1.25,35.00,33.0000,6.1344,27.605
6883,350.000,1.200,1.200,71.575,71.575,4.890,2.144,2.144,11.242,11.242,86.161,1.25,35.00,33.0000,8.6161,38.772
6884,500.000,5.000,5.000,99.206,99.206,5.040,6.250,6.250,15.979,15.979,126.435,1.25,35.00,33.0000,12.6435,56.896
6885,450.000,3.281,3.281,90.180,90.180,4.990,4.556,4.556,14.405,14.405,112.422,1.25,35.00,33.0000,11.2422,50.590
6886,300.000,0.648,0.648,61.983,61.983,4.840,1.350,1.350,9.653,9.653,73.634,1.25,35.00,33.0000,7.3634,33.135
6887,200.000,0.128,0.128,42.194,42.194,4.740,0.400,0.400,6.459,6.459,49.181,1.25,35.00,33.0000,4.9181,22.131
6888,250.000,0.313,0.313,52.192,52.192,4.790,0.781,0.781,8.058,8.058,61.344,1.25,35.00,33.0000,6.1344,27.605
6889,350.000,1.200,1.200,71.575,71.575,4.890,2.144,2.144,11.242,11.242,86.161,1.25,35.00,33.0000,8.6161,38.772
6890,500.000,5.000,5.000,99.206,99.206,5.040,6.250,6.250,15.979,15.979,126.435,1.25,35.00,33.0000,12.6435,56.896
6891,450.000,3.281,3.281,90.180,90.180,4.990,4.556,4.556,14.405,14.405,112.422,1.25,35.00,33.0000,11.2422,50.590
6892,300.000,0.648,0.648,61.983,61.983,4.840,1.350,1.350,9.653,9.653,73.634,1.25,35.00,33.0000,7.3634,33.135
6893,200.000,0.128,0.128,42.194,42.194,4.740,0.400,0.400,6.459,6.459,49.181,1.25,35.00,33.0000,4.9181,22.131
6894,250.000,0.313,0.313,52.192,52.192,4.790,0.781,0.781,8.058,8.058,61.344,1.25,35.00,33.0000,6.1344,27.605
6895,350.000,1.200,1.200,71.575,71.575,4.890,2.144,2.144,11.242,11.242,86.161,1.25,35.00,33.0000,8.6161,38.772
6896,500.000,5.000,5.000,99.206,99.206,5.040,6.250,6.250,15.979,15.979,126.435,1.25,35.00,33.0000,12.6435,56.896
6897,450.000,3.281,3.281,90.180,90.180,4.990,4.556,4.556,14.405,14.405,112.422,1.25,35.00,33.0000,11.2422,50.590
6898,300.000,0.648,0.648,61.983,61.983,4.840,1.350,1.350,9.653,9.653,73.634,1.25,35.00,33.0000,7.3634,33.135
6899,200.000,0.128,0.128,42.194,42.194,4.740,0.400,0.400,6.459,6.459,49.181,1.25,35.00,33.0000,4.9181,22.131
6900,250.000,0.313,0.313,52.192,52.192,4.790,0.781,0.781,8.058,8.058,61.344,1.25,35.00,33.0000,6.1344,27.605
6901,350.000,1.200,1.200,71.575,71.575,4.890,2.144,2.144,11.242,11.242,86.161,1.25,35.00,33.0000,8.6161,38.772
6902,500.000,5.000,5.000,99.206,99.206,5.040,6.250,6.250,15.979,15.979,126.435,1.25,35.00,33.0000,12.6435,56.896
6903,450.000,3.281,3.281,90.180,90.180,4.990,4.556,4.556,14.405,14.405,112.422,1.25,35.00,33.0000,11.2422,50.590
6904,300.000,0.648,0.648,61.983,61.983,4.840,1.350,1.350,9.653,9.653,73.634,1.25,35.00,33.0000,7.3634,33.135
6905,200.000,0.128,0.128,42.194,42.194,4.740,0.400,0.400,6.459,6.459,49.181,1.25,35.00,33.0000,4.9181,22.131
6906,250.000,0.313,0.313,52.192,52.192,4.790,0.781,0.781,8.058,8.058,61.344,1.25,35.00,33.0000,6.1344,27.605
6907,350.000,1.200,1.200,71.575,71.575,4.890,2.144,2.144,11.242,11.242,86.161,1.25,35.00,33.0000,8.6161,38.772
6908,500.000,5.000,5.000,99.206,99.206,5.040,6.250,6.250,15.979,15.979,126.435,1.25,35.00,33.0000,12.6435,56.896
6909,450.000,3.281,3.281,90.180,90.180,4.990,4.556,4.556,14.405,14.405,112.422,1.25,35.00,33.0000,11.2422,50.590
6910,300.000,0.648,0.648,61.983,61.983,4.840,1.350,1.350,9.653,9.653,73.634,1.25,35.00,33.0000,7.3634,33.135
6911,200.000,0.128,0.128,42.194,42.194,4.740,0.400,0.400,6.459,6.459,49.181,1.25,35.00,33.0000,4.9181,22.131
6912,250.000,0.313,0.313,52.192,52.192,4.790,0.781,0.781,8.058,8.058,61.344,1.25,35.00,33.0000,6.1344,27.605
6913,350.000,1.200,1.200,71.575,71.575,4.890,2.144,2.144,11.242,11.242,86.161,1.25,35.00,33.0000,8.6161,38.772
6914,500.000,5.000,5.000,99.206,99.206,5.040,6.250,6.250,15.979,15.979,126.435,1.25,35.00,33.0000,12.6435,56.896
6915,450.000,3.281,3.281,90.180,90.180,4.990,4.556,4.556,14.405,14.405,112.422,1.25,35.00,33.0000,11.2422,50.590
6916,300.000,0.648,0.648,61.983,61.983,4.840,1.350,1.350,9.653,9.653,73.634,1.25,35.00,33.0000,7.3634,33.135
6917,200.000,0.128,0.128,42.194,42.194,4.740,0.400,0.400,6.459,6.459,49.181,1.25,35.00,33.0000,4.9181,22.131
6918,250.000,0.313,0.313,52.192,52.192,4.790,0.781,0.781,8.058,8.058,61.344,1.25,35.00,33.0000,6.1344,27.605
6919,350.000,1.200,1.200,71.575,71.575,4.890,2.144,2.144,11.242,11.242,86.161,1.25,35.00,33.0000,8.6161,38.772
6920,500.000,5.000,5.000,99.206,99.206,5.040,6.250,6.250,15.979,15.979,126.435,1.25,35.00,33.0000,12.6435,56.896
6921,450.000,3.281,3.281,90.180,90.180,4.990,4.556,4.556,14.405,14.405,112.422,1.25,35.00,33.0000,11.2422,50.590
6922,300.000,0.648,0.648,61.983,61.983,4.840,1.350,1.350,9.653,9.653,73.634,1.25,35.00,33.0000,7.3634,33.135
6923,200.000,0.128,0.128,42.194,42.194,4.740,0.400,0.400,6.459,6.459,49.181,1.25,35.00,33.0000,4.9181,22.131
6924,250.000,0.313,0.313,52.192,52.192,4.790,0.781,0.781,8.058,8.058,61.344,1.25,35.00,33.0000,6.1344,27.605
6925,350.000,1.200,1.200,71.575,71.575,4.890,2.144,2.144,11.242,11.242,86.161,1.25,35.00,33.0000,8.6161,38.772
6926,500.000,5.000,5.000,99.206,99.206,5.040,6.250,6.250,15.979,15.979,126.435,1.25,35.00,33.0000,12.6435,56.896
6927,450.000,3.281,3.281,90.180,90.180,4.990,4.556,4.556,14.405,14.405,112.422,1.25,35.00,33.0000,11.2422,50.590
6928,300.000,0.648,0.648,61.983,61.983,4.840,1.350,1.350,9.653,9.653,73.634,1.25,35.00,33.0000,7.3634,33.135
6929,200.000,0.128,0.128,42.194,42.194,4.740,0.400,0.400,6.459,6.459,49.181,1.25,35.00,33.0000,4.9181,22.131
6930,250.000,0.313,0.313,52.192,52.192,4.790,0.781,0.781,8.058,8.058,61.344,1.25,35.00,33.0000,6.1344,27.605
6931,350.000,1.200,1.200,71.575,71.575,4.890,2.144,2.144,11.242,11.242,86.161,1.25,35.00,33.0000,8.6161,38.772
6932,500.000,5.000,5.000,99.206,99.206,5.040,6.250,6.250,15.979,15.979,126.435,1.25,35.00,33.0000,12.6435,56.896
6933,450.000,3.281,3.281,90.180,90.180,4.990,4.556,4.556,14.405,14.405,112.422,1.25,35.00,33.0000,11.2422,50.590
6934,300.000,0.648,0.648,61.983,61.983,4.840,1.350,1.350,9.653,9.653,73.634,1.25,35.00,33.0000,7.3634,33.135
6935,200.000,0.128,0.128,42.194,42.194,4.740,0.400,0.400,6.459,6.459,49.181,1.25,35.00,33.0000,4.9181,22.131
6936,250.000,0.313,0.313,52.192,52.192,4.790,0.781,0.781,8.058,8.058,61.344,1.25,35.00,33.0000,6.1344,27.605
6937,350.000,1.200,1.200,71.575,71.575,4.890,2.144,2.144,11.242,11.242,86.161,1.25,35.00,33.0000,8.6161,38.772
6938,500.000,5.000,5.000,99.206,99.206,5.040,6.250,6.250,15.979,15.979,126.435,1.25,35.00,33.0000,12.6435,56.896
6939,450.000,3.281,3.281,90.180,90.180,4.990,4.556,4.556,14.405,14.405,112.422,1.25,35.00,33.0000,11.2422,50.590
6940,300.000,0.648,0.648,61.983,61.983,4.840,1.350,1.350,9.653,9.653,73.634,1.25,35.00,33.0000,7.3634,33.135
6941,200.000,0.128,0.128,42.194,42.194,4.740,0.400,0.400,6.459,6.459,49.181,1.25,35.00,33.0000,4.9181,22.131
6942,250.000,0.313,0.313,52.192,52.192,4.790,0.781,0.781,8.058,8.058,61.344,1.25,35.00,33.0000,6.1344,27.605
6943,350.000,1.200,1.200,71.575,71.575,4.890,2.144,2.144,11.242,11.242,86.161,1.25,35.00,33.0000,8.6161,38.772
6944,500.000,5.000,5.000,99.206,99.206,5.040,6.250,6.250,15.979,15.979,126.435,1.25,35.00,33.0000,12.6435,56.896
6945,450.000,3.281,3.281,90.180,90.180,4.990,4.556,4.556,14.405,14.405,112.422,1.25,35.00,33.0000,11.2422,50.590
6946,300.000,0.648,0.648,61.983,61.983,4.840,1.350,1.350,9.653,9.653,73.634,1.25,35.00,33.0000,7.3634,33.135
6947,200.000,0.128,0.128,42.194,42.194,4.740,0.400,0.400,6.459,6.459,49.181,1.25,35.00,33.0000,4.9181,22.131
6948,250.000,0.313,0.313,52.192,52.192,4.790,0.781,0.781,8.058,8.058,61.344,1.25,35.00,33.0000,6.1344,27.605
6949,350.000,1.200,1.200,71.575,71.575,4.890,2.144,2.144,11.242,11.242,86.161,1.25,35.00,33.0000,8.6161,38.772
6950,500.000,5.000,5.000,99.206,99.206,5.040,6.250,6.250,15.979,15.979,126.435,1.25,35.00,33.0000,12.6435,56.896
6951,450.000,3.281,3.281,90.180,90.180,4.990,4.556,4.556,14.405,14.405,112.422,1.25,35.00,33.0000,11.2422,50.590
6952,300.000,0.648,0.648,61.983,61.983,4.840,1.350,1.350,9.653,9.653,73.634,1.25,35.00,33.0000,7.3634,33.135
6953,200.000,0.128,0.128,42.194,42.194,4.740,0.400,0.400,6.459,6.459,49.181,1.25,35.00,33.0000,4.9181,22.131
6954,250.000,0.313,0.313,52.192,52.192,4.790,0.781,0.781,8.058,8.058,61.344,1.25,35.00,33.0000,6.1344,27.605
6955,350.000,1.200,1.200,71.575,71.575,4.890,2.144,2.144,11.242,11.242,86.161,1.25,35.00,33.0000,8.6161,38.772
6956,500.000,5.000,5.000,99.206,99.206,5.040,6.250,6.250,15.979,15.979,126.435,1.25,35.00,33.0000,12.6435,56.896
6957,450.000,3.281,3.281,90.180,90.180,4.990,4.556,4.556,14.405,14.405,112.422,1.25,35.00,33.0000,11.2422,50.590
6958,300.000,0.648,0.648,61.983,61.983,4.840,1.350,1.350,9.653,9.653,73.634,1.25,35.00,33.0000,7.3634,33.135
6959,200.000,0.128,0.128,42.194,42.194,4.740,0.400,0.400,6.459,6.459,49.181,1.25,35.00,33.0000,4.9181,22.131
6960,250.000,0.313,0.313,52.192,52.192,4.790,0.781,0.781,8.058,8.058,61.344,1.25,35.00,33.0000,6.1344,27.605
6961,350.000,1.200,1.200,71.575,71.575,4.890,2.144,2.144,11.242,11.242,86.161,1.25,35.00,33.0000,8.6161,38.772
6962,500.000,5.000,5.000,99.206,99.206,5.040,6.250,6.250,15.979,15.979,126.435,1.25,35.00,33.0000,12.6435,56.896
6963,450.000,3.281,3.281,90.180,90.180,4.990,4.556,4.556,14.405,14.405,112.422,1.25,35.00,33.0000,11.2422,50.590
6964,300.000,0.648,0.648,61.983,61.983,4.840,1.350,1.350,9.653,9.653,73.634,1.25,35.00,33.0000,7.3634,33.135
6965,200.000,0.128,0.128,42.194,42.194,4.740,0.400,0.400,6.459,6.459,49.181,1.25,35.00,33.0000,4.9181,22.131
6966,250.000,0.313,0.313,52.192,52.192,4.790,0.781,0.781,8.058,8.058,61.344,1.25,35.00,33.0000,6.1344,27.605
6967,350.000,1.200,1.200,71.575,71.575,4.890,2.144,2.144,11.242,11.242,86.161,1.25,35.00,33.0000,8.6161,38.772
6968,500.000,5.000,5.000,99.206,99.206,5.040,6.250,6.250,15.979,15.979,126.435,1.25,35.00,33.0000,12.6435,56.896
6969,450.000,3.281,3.281,90.180,90.180,4.990,4.556,4.556,14.405,14.405,112.422,1.25,35.00,33.0000,11.2422,50.590
6970,300.000,0.648,0.648,61.983,61.983,4.840,1.350,1.350,9.653,9.653,73.634,1.25,35.00,33.0000,7.3634,33.135
6971,200.000,0.128,0.128,42.194,42.194,4.740,0.400,0.400,6.459,6.459,49.181,1.25,35.00,33.0000,4.9181,22.131
6972,250.000,0.313,0.313,52.192,52.192,4.790,0.781,0.781,8.058,8.058,61.344,1.25,35.00,33.0000,6.1344,27.605
6973,350.000,1.200,1.200,71.575,71.575,4.890,2.144,2.144,11.242,11.242,86.161,1.25,35.00,33.0000,8.6161,38.772
6974,500.000,5.000,5.000,99.206,99.206,5.040,6.250,6.250,15.979,15.979,126.435,1.25,35.00,33.0000,12.6435,56.896
6975,450.000,3.281,3.281,90.180,90.180,4.990,4.556,4.556,14.405,14.405,112.422,1.25,35.00,33.0000,11.2422,50.590
6976,300.000,0.648,0.648,61.983,61.983,4.840,1.350,1.350,9.653,9.653,73.634,1.25,35.00,33.0000,7.3634,33.135
6977,200.000,0.128,0.128,42.194,42.194,4.740,0.400,0.400,6.459,6.459,49.181,1.25,35.00,33.0000,4.9181,22.131
6978,250.000,0.313,0.313,52.192,52.192,4.790,0.781,0.781,8.058,8.058,61.344,1.25,35.00,33.0000,6.1344,27.605
6979,350.000,1.200,1.200,71.575,71.575,4.890,2.144,2.144,11.242,11.242,86.161,1.25,35.00,33.0000,8.6161,38.772
6980,500.000,5.000,5.000,99.206,99.206,5.040,6.250,6.250,15.979,15.979,126.435,1.25,35.00,33.0000,12.6435,56.896
6981,450.000,3.281,3.281,90.180,90.180,4.990,4.556,4.556,14.405,14.405,112.422,1.25,35.00,33.0000,11.2422,50.590
6982,300.000,0.648,0.648,61.983,61.983,4.840,1.350,1.350,9.653,9.653,73.634,1.25,35.00,33.0000,7.3634,33.135
6983,200.000,0.128,0.128,42.194,42.194,4.740,0.400,0.400,6.459,6.459,49.181,1.25,35.00,33.0000,4.9181,22.131
6984,250.000,0.313,0.313,52.192,52.192,4.790,0.781,0.781,8.058,8.058,61.344,1.25,35.00,33.0000,6.1344,27.605
6985,350.000,1.200,1.200,71.575,71.575,4.890,2.144,2.144,11.242,11.242,86.161,1.25,35.00,33.0000,8.6161,38.772
6986,500.000,5.000,5.000,99.206,99.206,5.040,6.250,6.250,15.979,15.979,126.435,1.25,35.00,33.0000,12.6435,56.896
6987,450.000,3.281,3.281,90.180,90.180,4.990,4.556,4.556,14.405,14.405,112.422,1.25,35.00,33.0000,11.2422,50.590
6988,300.000,0.648,0.648,61.983,61.983,4.840,1.350,1.350,9.653,9.653,73.634,1.25,35.00,33.0000,7.3634,33.135
6989,200.000,0.128,0.128,42.194,42.194,4.740,0.400,0.400,6.459,6.459,49.181,1.25,35.00,33.0000,4.9181,22.131
6990,250.000,0.313,0.313,52.192,52.192,4.790,0.781,0.781,8.058,8.058,61.344,1.25,35.00,33.0000,6.1344,27.605
6991,350.000,1.200,1.200,71.575,71.575,4.890,2.144,2.144,11.242,11.242,86.161,1.25,35.00,33.0000,8.6161,38.772
6992,500.000,5.000,5.000,99.206,99.206,5.040,6.250,6.250,15.979,15.979,126.435,1.25,35.00,33.0000,12.6435,56.896
6993,450.000,3.281,3.281,90.180,90.180,4.990,4.556,4.556,14.405,14.405,112.422,1.25,35.00,33.0000,11.2422,50.590
6994,300.000,0.648,0.648,61.983,61.983,4.840,1.350,1.350,9.653,9.653,73.634,1.25,35.00,33.0000,7.3634,33.135
6995,200.000,0.128,0.128,42.194,42.194,4.740,0.400,0.400,6.459,6.459,49.181,1.25,35.00,33.0000,4.9181,22.131
6996,250.000,0.313,0.313,52.192,52.192,4.790,0.781,0.781,8.058,8.058,61.344,1.25,35.00,33.0000,6.1344,27.605
6997,350.000,1.200,1.200,71.575,71.575,4.890,2.144,2.144,11.242,11.242,86.161,1.25,35.00,33.0000,8.6161,38.772
6998,500.000,5.000,5.000,99.206,99.206,5.040,6.250,6.250,15.979,15.979,126.435,1.25,35.00,33.0000,12.6435,56.896
6999,450.000,3.281,3.281,90.180,90.180,4.990,4.556,4.556,14.405,14.405,112.422,1.25,35.00,33.0000,11.2422,50.590
7000,300.000,0.648,0.648,61.983,61.983,4.840,1.350,1.350,9.653,9.653,73.634,1.25,35.00,33.0000,7.3634,33.135
7001,200.000,0.128,0.128,42.194,42.194,4.740,0.400,0.400,6.459,6.459,49.181,1.25,35.00,33.0000,4.9181,22.131
7002,250.000,0.313,0.313,52.192,52.192,4.790,0.781,0.781,8.058,8.058,61.344,1.25,35.00,33.0000,6.1344,27.605
7003,350.000,1.200,1.200,71.575,71.575,4.890,2.144,2.144,11.242,11.242,86.161,1.25,35.00,33.0000,8.6161,38.772
7004,500.000,5.000,5.000,99.206,99.206,5.040,6.250,6.250,15.979,15.979,126.435,1.25,35.00,33.0000,12.6435,56.896
7005,450.000,3.281,3.281,90.180,90.180,4.990,4.556,4.556,14.405,14.405,112.422,1.25,35.00,33.0000,11.2422,50.590
7006,300.000,0.648,0.648,61.983,61.983,4.840,1.350,1.350,9.653,9.653,73.634,1.25,35.00,33.0000,7.3634,33.135
7007,200.000,0.128,0.128,42.194,42.194,4.740,0.400,0.400,6.459,6.459,49.181,1.25,35.00,33.0000,4.9181,22.131
7008,250.000,0.313,0.313,52.192,52.192,4.790,0.781,0.781,8.058,8.058,61.344,1.25,35.00,33.0000,6.1344,27.605
7009,350.000,1.200,1.200,71.575,71.575,4.890,2.144,2.144,11.242,11.242,86.161,1.25,35.00,33.0000,8.6161,38.772
7010,500.000,5.000,5.000,99.206,99.206,5.040,6.250,6.250,15.979,15.979,126.435,1.25,35.00,33.0000,12.6435,56.896
7011,450.000,3.281,3.281,90.180,90.180,4.990,4.556,4.556,14.405,14.405,112.422,1.25,35.00,33.0000,11.2422,50.590
7012,300.000,0.648,0.648,61.983,61.983,4.840,1.350,1.350,9.653,9.653,73.634,1.25,35.00,33.0000,7.3634,33.135
7013,200.000,0.128,0.128,42.194,42.194,4.740,0.400,0.400,6.459,6.459,49.181,1.25,35.00,33.0000,4.9181,22.131
7014,250.000,0.313,0.313,52.192,52.192,4.790,0.781,0.781,8.058,8.058,61.344,1.25,35.00,33.0000,6.1344,27.605
7015,350.000,1.200,1.200,71.575,71.575,4.890,2.144,2.144,11.242,11.242,86.161,1.25,35.00,33.0000,8.6161,38.772
7016,500.000,5.000,5.000,99.206,99.206,5.040,6.250,6.250,15.979,15.979,126.435,1.25,35.00,33.0000,12.6435,56.896
7017,450.000,3.281,3.281,90.180,90.180,4.990,4.556,4.556,14.405,14.405,112.422,1.25,35.00,33.0000,11.2422,50.590
7018,300.000,0.648,0.648,61.983,61.983,4.840,1.350,1.350,9.653,9.653,73.634,1.25,35.00,33.0000,7.3634,33.135
7019,200.000,0.128,0.128,42.194,42.194,4.740,0.400,0.400,6.459,6.459,49.181,1.25,35.00,33.0000,4.9181,22.131
7020,250.000,0.313,0.313,52.192,52.192,4.790,0.781,0.781,8.058,8.058,61.344,1.25,35.00,33.0000,6.1344,27.605
7021,350.000,1.200,1.200,71.575,71.575,4.890,2.144,2.144,11.242,11.242,86.161,1.25,35.00,33.0000,8.6161,38.772
7022,500.000,5.000,5.000,99.206,99.206,5.040,6.250,6.250,15.979,15.979,126.435,1.25,35.00,33.0000,12.6435,56.896
7023,450.000,3.281,3.281,90.180,90.180,4.990,4.556,4.556,14.405,14.405,112.422,1.25,35.00,33.0000,11.2422,50.590
7024,300.000,0.648,0.648,61.983,61.983,4.840,1.350,1.350,9.653,9.653,73.634,1.25,35.00,33.0000,7.3634,33.135
7025,200.000,0.128,0.128,42.194,42.194,4.740,0.400,0.400,6.459,6.459,49.181,1.25,35.00,33.0000,4.9181,22.131
7026,250.000,0.313,0.313,52.192,52.192,4.790,0.781,0.781,8.058,8.058,61.344,1.25,35.00,33.0000,6.1344,27.605
7027,350.000,1.200,1.200,71.575,71.575,4.890,2.144,2.144,11.242,11.242,86.161,1.25,35.00,33.0000,8.6161,38.772
7028,500.000,5.000,5.000,99.206,99.206,5.040,6.250,6.250,15.979,15.979,126.435,1.25,35.00,33.0000,12.6435,56.896
7029,450.000,3.281,3.281,90.180,90.180,4.990,4.556,4.556,14.405,14.405,112.422,1.25,35.00,33.0000,11.2422,50.590
7030,300.000,0.648,0.648,61.983,61.983,4.840,1.350,1.350,9.653,9.653,73.634,1.25,35.00,33.0000,7.3634,33.135
7031,200.000,0.128,0.128,42.194,42.194,4.740,0.400,0.400,6.459,6.459,49.181,1.25,35.00,33.0000,4.9181,22.131
7032,250.000,0.313,0.313,52.192,52.192,4.790,0.781,0.781,8.058,8.058,61.344,1.25,35.00,33.0000,6.1344,27.605
7033,350.000,1.200,1.200,71.575,71.575,4.890,2.144,2.144,11.242,11.242,86.161,1.25,35.00,33.0000,8.6161,38.772
7034,500.000,5.000,5.000,99.206,99.206,5.040,6.250,6.250,15.979,15.979,126.435,1.25,35.00,33.0000,12.6435,56.896
7035,450.000,3.281,3.281,90.180,90.180,4.990,4.556,4.556,14.405,14.405,112.422,1.25,35.00,33.0000,11.2422,50.590
7036,300.000,0.648,0.648,61.983,61.983,4.840,1.350,1.350,9.653,9.653,73.634,1.25,35.00,33.0000,7.3634,33.135
7037,200.000,0.128,0.128,42.194,42.194,4.740,0.400,0.400,6.459,6.459,49.181,1.25,35.00,33.0000,4.9181,22.131
7038,250.000,0.313,0.313,52.192,52.192,4.790,0.781,0.781,8.058,8.058,61.344,1.25,35.00,33.0000,6.1344,27.605
7039,350.000,1.200,1.200,71.575,71.575,4.890,2.144,2.144,11.242,11.242,86.161,1.25,35.00,33.0000,8.6161,38.772
7040,500.000,5.000,5.000,99.206,99.206,5.040,6.250,6.250,15.979,15.979,126.435,1.25,35.00,33.0000,12.6435,56.896
7041,450.000,3.281,3.281,90.180,90.180,4.990,4.556,4.556,14.405,14.405,112.422,1.25,35.00,33.0000,11.2422,50.590
7042,300.000,0.648,0.648,61.983,61.983,4.840,1.350,1.350,9.653,9.653,73.634,1.25,35.00,33.0000,7.3634,33.135
7043,200.000,0.128,0.128,42.194,42.194,4.740,0.400,0.400,6.459,6.459,49.181,1.25,35.00,33.0000,4.9181,22.131
7044,250.000,0.313,0.313,52.192,52.192,4.790,0.781,0.781,8.058,8.058,61.344,1.25,35.00,33.0000,6.1344,27.605
7045,350.000,1.200,1.200,71.575,71.575,4.890,2.144,2.144,11.242,11.242,86.161,1.25,35.00,33.0000,8.6161,38.772
7046,500.000,5.000,5.000,99.206,99.206,5.040,6.250,6.250,15.979,15.979,126.435,1.25,35.00,33.0000,12.6435,56.896
7047,450.000,3.281,3.281,90.180,90.180,4.990,4.556,4.556,14.405,14.405,112.422,1.25,35.00,33.0000,11.2422,50.590
7048,300.000,0.648,0.648,61.983,61.983,4.840,1.350,1.350,9.653,9.653,73.634,1.25,35.00,33.0000,7.3634,33.135
7049,200.000,0.128,0.128,42.194,42.194,4.740,0.400,0.400,6.459,6.459,49.181,1.25,35.00,33.0000,4.9181,22.131
7050,250.000,0.313,0.313,52.192,52.192,4.790,0.781,0.781,8.058,8.058,61.344,1.25,35.00,33.0000,6.1344,27.605
7051,350.000,1.200,1.200,71.575,71.575,4.890,2.144,2.144,11.242,11.242,86.161,1.25,35.00,33.0000,8.6161,38.772
7052,500.000,5.000,5.000,99.206,99.206,5.040,6.250,6.250,15.979,15.979,126.435,1.25,35.00,33.0000,12.6435,56.896
7053,450.000,3.281,3.281,90.180,90.180,4.990,4.556,4.556,14.405,14.405,112.422,1.25,35.00,33.0000,11.2422,50.590
7054,300.000,0.648,0.648,61.983,61.983,4.840,1.350,1.350,9.653,9.653,73.634,1.25,35.00,33.0000,7.3634,33.135
7055,200.000,0.128,0.128,42.194,42.194,4.740,0.400,0.400,6.459,6.459,49.181,1.25,35.00,33.0000,4.9181,22.131
7056,250.000,0.313,0.313,52.192,52.192,4.790,0.781,0.781,8.058,8.058,61.344,1.25,35.00,33.0000,6.1344,27.605
7057,350.000,1.200,1.200,71.575,71.575,4.890,2.144,2.144,11.242,11.242,86.161,1.25,35.00,33.0000,8.6161,38.772
7058,500.000,5.000,5.000,99.206,99.206,5.040,6.250,6.250,15.979,15.979,126.435,1.25,35.00,33.0000,12.6435,56.896
7059,450.000,3.281,3.281,90.180,90.180,4.990,4.556,4.556,14.405,14.405,112.422,1.25,35.00,33.0000,11.2422,50.590
7060,300.000,0.648,0.648,61.983,61.983,4.840,1.350,1.350,9.653,9.653,73.634,1.25,35.00,33.0000,7.3634,33.135
7061,200.000,0.128,0.128,42.194,42.194,4.740,0.400,0.400,6.459,6.459,49.181,1.25,35.00,33.0000,4.9181,22.131
7062,250.000,0.313,0.313,52.192,52.192,4.790,0.781,0.781,8.058,8.058,61.344,1.25,35.00,33.0000,6.1344,27.605
7063,350.000,1.200,1.200,71.575,71.575,4.890,2.144,2.144,11.242,11.242,86.161,1.25,35.00,33.0000,8.6161,38.772
7064,500.000,5.000,5.000,99.206,99.206,5.040,6.250,6.250,15.979,15.979,126.435,1.25,35.00,33.0000,12.6435,56.896
7065,450.000,3.281,3.281,90.180,90.180,4.990,4.556,4.556,14.405,14.405,112.422,1.25,35.00,33.0000,11.2422,50.590
7066,300.000,0.648,0.648,61.983,61.983,4.840,1.350,1.350,9.653,9.653,73.634,1.25,35.00,33.0000,7.3634,33.135
7067,200.000,0.128,0.128,42.194,42.194,4.740,0.400,0.400,6.459,6.459,49.181,1.25,35.00,33.0000,4.9181,22.131
7068,250.000,0.313,0.313,52.192,52.192,4.790,0.781,0.781,8.058,8.058,61.344,1.25,35.00,33.0000,6.1344,27.605
7069,350.000,1.200,1.200,71.575,71.575,4.890,2.144,2.144,11.242,11.242,86.161,1.25,35.00,33.0000,8.6161,38.772
7070,500.000,5.000,5.000,99.206,99.206,5.040,6.250,6.250,15.979,15.979,126.435,1.25,35.00,33.0000,12.6435,56.896
7071,450.000,3.281,3.281,90.180,90.180,4.990,4.556,4.556,14.405,14.405,112.422,1.25,35.00,33.0000,11.2422,50.590
7072,300.000,0.648,0.648,61.983,61.983,4.840,1.350,1.350,9.653,9.653,73.634,1.25,35.00,33.0000,7.3634,33.135
7073,200.000,0.128,0.128,42.194,42.194,4.740,0.400,0.400,6.459,6.459,49.181,1.25,35.00,33.0000,4.9181,22.131
7074,250.000,0.313,0.313,52.192,52.192,4.790,0.781,0.781,8.058,8.058,61.344,1.25,35.00,33.0000,6.1344,27.605
7075,350.000,1.200,1.200,71.575,71.575,4.890,2.144,2.144,11.242,11.242,86.161,1.25,35.00,33.0000,8.6161,38.772
7076,500.000,5.000,5.000,99.206,99.206,5.040,6.250,6.250,15.979,15.979,126.435,1.25,35.00,33.0000,12.6435,56.896
7077,450.000,3.281,3.281,90.180,90.180,4.990,4.556,4.556,14.405,14.405,112.422,1.25,35.00,33.0000,11.2422,50.590
7078,300.000,0.648,0.648,61.983,61.983,4.840,1.350,1.350,9.653,9.653,73.634,1.25,35.00,33.0000,7.3634,33.135
7079,200.000,0.128,0.128,42.194,42.194,4.740,0.400,0.400,6.459,6.459,49.181,1.25,35.00,33.0000,4.9181,22.131
7080,250.000,0.313,0.313,52.192,52.192,4.790,0.781,0.781,8.058,8.058,61.344,1.25,35.00,33.0000,6.1344,27.605
7081,350.000,1.200,1.200,71.575,71.575,4.890,2.144,2.144,11.242,11.242,86.161,1.25,35.00,33.0000,8.6161,38.772
7082,500.000,5.000,5.000,99.206,99.206,5.040,6.250,6.250,15.979,15.979,126.435,1.25,35.00,33.0000,12.6435,56.896
7083,450.000,3.281,3.281,90.180,90.180,4.990,4.556,4.556,14.405,14.405,112.422,1.25,35.00,33.0000,11.2422,50.590
7084,300.000,0.648,0.648,61.983,61.983,4.840,1.350,1.350,9.653,9.653,73.634,1.25,35.00,33.0000,7.3634,33.135
7085,200.000,0.128,0.128,42.194,42.194,4.740,0.400,0.400,6.459,6.459,49.181,1.25,35.00,33.0000,4.9181,22.131
7086,250.000,0.313,0.313,52.192,52.192,4.790,0.781,0.781,8.058,8.058,61.344,1.25,35.00,33.0000,6.1344,27.605
7087,350.000,1.200,1.200,71.575,71.575,4.890,2.144,2.144,11.242,11.242,86.161,1.25,35.00,33.0000,8.6161,38.772
7088,500.000,5.000,5.000,99.206,99.206,5.040,6.250,6.250,15.979,15.979,126.435,1.25,35.00,33.0000,12.6435,56.896
7089,450.000,3.281,3.281,90.180,90.180,4.990,4.556,4.556,14.405,14.405,112.422,1.25,35.00,33.0000,11.2422,50.590
7090,300.000,0.648,0.648,61.983,61.983,4.840,1.350,1.350,9.653,9.653,73.634,1.25,35.00,33.0000,7.3634,33.135
7091,200.000,0.128,0.128,42.194,42.194,4.740,0.400,0.400,6.459,6.459,49.181,1.25,35.00,33.0000,4.9181,22.131
7092,250.000,0.313,0.313,52.192,52.192,4.790,0.781,0.781,8.058,8.058,61.344,1.25,35.00,33.0000,6.1344,27.605
7093,350.000,1.200,1.200,71.575,71.575,4.890,2.144,2.144,11.242,11.242,86.161,1.25,35.00,33.0000,8.6161,38.772
7094,500.000,5.000,5.000,99.206,99.206,5.040,6.250,6.250,15.979,15.979,126.435,1.25,35.00,33.0000,12.6435,56.896
7095,450.000,3.281,3.281,90.180,90.180,4.990,4.556,4.556,14.405,14.405,112.422,1.25,35.00,33.0000,11.2422,50.590
7096,300.000,0.648,0.648,61.983,61.983,4.840,1.350,1.350,9.653,9.653,73.634,1.25,35.00,33.0000,7.3634,33.135
7097,200.000,0.128,0.128,42.194,42.194,4.740,0.400,0.400,6.459,6.459,49.181,1.25,35.00,33.0000,4.9181,22.131
7098,250.000,0.313,0.313,52.192,52.192,4.790,0.781,0.781,8.058,8.058,61.344,1.25,35.00,33.0000,6.1344,27.605
7099,350.000,1.200,1.200,71.575,71.575,4.890,2.144,2.144,11.242,11.242,86.161,1.25,35.00,33.0000,8.6161,38.772
7100,500.000,5.000,5.000,99.206,99.206,5.040,6.250,6.250,15.979,15.979,126.435,1.25,35.00,33.0000,12.6435,56.896
7101,450.000,3.281,3.281,90.180,90.180,4.990,4.556,4.556,14.405,14.405,112.422,1.25,35.00,33.0000,11.2422,50.590
7102,300.000,0.648,0.648,61.983,61.983,4.840,1.350,1.350,9.653,9.653,73.634,1.25,35.00,33.0000,7.3634,33.135
7103,200.000,0.128,0.128,42.194,42.194,4.740,0.400,0.400,6.459,6.459,49.181,1.25,35.00,33.0000,4.9181,22.131
7104,250.000,0.313,0.313,52.192,52.192,4.790,0.781,0.781,8.058,8.058,61.344,1.25,35.00,33.0000,6.1344,27.605
7105,350.000,1.200,1.200,71.575,71.575,4.890,2.144,2.144,11.242,11.242,86.161,1.25,35.00,33.0000,8.6161,38.772
7106,500.000,5.000,5.000,99.206,99.206,5.040,6.250,6.250,15.979,15.979,126.435,1.25,35.00,33.0000,12.6435,56.896
7107,450.000,3.281,3.281,90.180,90.180,4.990,4.556,4.556,14.405,14.405,112.422,1.25,35.00,33.0000,11.2422,50.590
7108,300.000,0.648,0.648,61.983,61.983,4.840,1.350,1.350,9.653,9.653,73.634,1.25,35.00,33.0000,7.3634,33.135
7109,200.000,0.128,0.128,42.194,42.194,4.740,0.400,0.400,6.459,6.459,49.181,1.25,35.00,33.0000,4.9181,22.131
7110,250.000,0.313,0.313,52.192,52.192,4.790,0.781,0.781,8.058,8.058,61.344,1.25,35.00,33.0000,6.1344,27.605
7111,350.000,1.200,1.200,71.575,71.575,4.890,2.144,2.144,11.242,11.242,86.161,1.25,35.00,33.0000,8.6161,38.772
7112,500.000,5.000,5.000,99.206,99.206,5.040,6.250,6.250,15.979,15.979,126.435,1.25,35.00,33.0000,12.6435,56.896
7113,450.000,3.281,3.281,90.180,90.180,4.990,4.556,4.556,14.405,14.405,112.422,1.25,35.00,33.0000,11.2422,50.590
7114,300.000,0.648,0.648,61.983,61.983,4.840,1.350,1.350,9.653,9.653,73.634,1.25,35.00,33.0000,7.3634,33.135
7115,200.000,0.128,0.128,42.194,42.194,4.740,0.400,0.400,6.459,6.459,49.181,1.25,35.00,33.0000,4.9181,22.131
7116,250.000,0.313,0.313,52.192,52.192,4.790,0.781,0.781,8.058,8.058,61.344,1.25,35.00,33.0000,6.1344,27.605
7117,350.000,1.200,1.200,71.575,71.575,4.890,2.144,2.144,11.242,11.242,86.161,1.25,35.00,33.0000,8.6161,38.772
7118,500.000,5.000,5.000,99.206,99.206,5.040,6.250,6.250,15.979,15.979,126.435,1.25,35.00,33.0000,12.6435,56.896
7119,450.000,3.281,3.281,90.180,90.180,4.990,4.556,4.556,14.405,14.405,112.422,1.25,35.00,33.0000,11.2422,50.590
7120,300.000,0.648,0.648,61.983,61.983,4.840,1.350,1.350,9.653,9.653,73.634,1.25,35.00,33.0000,7.3634,33.135
7121,200.000,0.128,0.128,42.194,42.194,4.740,0.400,0.400,6.459,6.459,49.181,1.25,35.00,33.0000,4.9181,22.131
7122,250.000,0.313,0.313,52.192,52.192,4.790,0.781,0.781,8.058,8.058,61.344,1.25,35.00,33.0000,6.1344,27.605
7123,350.000,1.200,1.200,71.575,71.575,4.890,2.144,2.144,11.242,11.242,86.161,1.25,35.00,33.0000,8.6161,38.772
7124,500.000,5.000,5.000,99.206,99.206,5.040,6.250,6.250,15.979,15.979,126.435,1.25,35.00,33.0000,12.6435,56.896
7125,450.000,3.281,3.281,90.180,90.180,4.990,4.556,4.556,14.405,14.405,112.422,1.25,35.00,33.0000,11.2422,50.590
7126,300.000,0.648,0.648,61.983,61.983,4.840,1.350,1.350,9.653,9.653,73.634,1.25,35.00,33.0000,7.3634,33.135
7127,200.000,0.128,0.128,42.194,42.194,4.740,0.400,0.400,6.459,6.459,49.181,1.25,35.00,33.0000,4.9181,22.131
7128,250.000,0.313,0.313,52.192,52.192,4.790,0.781,0.781,8.058,8.058,61.344,1.25,35.00,33.0000,6.1344,27.605
7129,350.000,1.200,1.200,71.575,71.575,4.890,2.144,2.144,11.242,11.242,86.161,1.25,35.00,33.0000,8.6161,38.772
7130,500.000,5.000,5.000,99.206,99.206,5.040,6.250,6.250,15.979,15.979,126.435,1.25,35.00,33.0000,12.6435,56.896
7131,450.000,3.281,3.281,90.180,90.180,4.990,4.556,4.556,14.405,14.405,112.422,1.25,35.00,33.0000,11.2422,50.590
7132,300.000,0.648,0.648,61.983,61.983,4.840,1.350,1.350,9.653,9.653,73.634,1.25,35.00,33.0000,7.3634,33.135
7133,200.000,0.128,0.128,42.194,42.194,4.740,0.400,0.400,6.459,6.459,49.181,1.25,35.00,33.0000,4.9181,22.131
7134,250.000,0.313,0.313,52.192,52.192,4.790,0.781,0.781,8.058,8.058,61.344,1.25,35.00,33.0000,6.1344,27.605
7135,350.000,1.200,1.200,71.575,71.575,4.890,2.144,2.144,11.242,11.242,86.161,1.25,35.00,33.0000,8.6161,38.772
7136,500.000,5.000,5.000,99.206,99.206,5.040,6.250,6.250,15.979,15.979,126.435,1.25,35.00,33.0000,12.6435,56.896
7137,450.000,3.281,3.281,90.180,90.180,4.990,4.556,4.556,14.405,14.405,112.422,1.25,35.00,33.0000,11.2422,50.590
7138,300.000,0.648,0.648,61.983,61.983,4.840,1.350,1.350,9.653,9.653,73.634,1.25,35.00,33.0000,7.3634,33.135
7139,200.000,0.128,0.128,42.194,42.194,4.740,0.400,0.400,6.459,6.459,49.181,1.25,35.00,33.0000,4.9181,22.131
7140,250.000,0.313,0.313,52.192,52.192,4.790,0.781,0.781,8.058,8.058,61.344,1.25,35.00,33.0000,6.1344,27.605
7141,350.000,1.200,1.200,71.575,71.575,4.890,2.144,2.144,11.242,11.242,86.161,1.25,35.00,33.0000,8.6161,38.772
7142,500.000,5.000,5.000,99.206,99.206,5.040,6.250,6.250,15.979,15.979,126.435,1.25,35.00,33.0000,12.6435,56.896
7143,450.000,3.281,3.281,90.180,90.180,4.990,4.556,4.556,14.405,14.405,112.422,1.25,35.00,33.0000,11.2422,50.590
7144,300.000,0.648,0.648,61.983,61.983,4.840,1.350,1.350,9.653,9.653,73.634,1.25,35.00,33.0000,7.3634,33.135
7145,200.000,0.128,0.128,42.194,42.194,4.740,0.400,0.400,6.459,6.459,49.181,1.25,35.00,33.0000,4.9181,22.131
7146,250.000,0.313,0.313,52.192,52.192,4.790,0.781,0.781,8.058,8.058,61.344,1.25,35.00,33.0000,6.1344,27.605
7147,350.000,1.200,1.200,71.575,71.575,4.890,2.144,2.144,11.242,11.242,86.161,1.25,35.00,33.0000,8.6161,38.772
7148,500.000,5.000,5.000,99.206,99.206,5.040,6.250,6.250,15.979,15.979,126.435,1.25,35.00,33.0000,12.6435,56.896
7149,450.000,3.281,3.281,90.180,90.180,4.990,4.556,4.556,14.405,14.405,112.422,1.25,35.00,33.0000,11.2422,50.590
7150,300.000,0.648,0.648,61.983,61.983,4.840,1.350,1.350,9.653,9.653,73.634,1.25,35.00,33.0000,7.3634,33.135
7151,200.000,0.128,0.128,42.194,42.194,4.740,0.400,0.400,6.459,6.459,49.181,1.25,35.00,33.0000,4.9181,22.131
7152,250.000,0.313,0.313,52.192,52.192,4.790,0.781,0.781,8.058,8.058,61.344,1.25,35.00,33.0000,6.1344,27.605
7153,350.000,1.200,1.200,71.575,71.575,4.890,2.144,2.144,11.242,11.242,86.161,1.25,35.00,33.0000,8.6161,38.772
7154,500.000,5.000,5.000,99.206,99.206,5.040,6.250,6.250,15.979,15.979,126.435,1.25,35.00,33.0000,12.6435,56.896
7155,450.000,3.281,3.281,90.180,90.180,4.990,4.556,4.556,14.405,14.405,112.422,1.25,35.00,33.0000,11.2422,50.590
7156,300.000,0.648,0.648,61.983,61.983,4.840,1.350,1.350,9.653,9.653,73.634,1.25,35.00,33.0000,7.3634,33.135
7157,200.000,0.128,0.128,42.194,42.194,4.740,0.400,0.400,6.459,6.459,49.181,1.25,35.00,33.0000,4.9181,22.131
7158,250.000,0.313,0.313,52.192,52.192,4.790,0.781,0.781,8.058,8.058,61.344,1.25,35.00,33.0000,6.1344,27.605
7159,350.000,1.200,1.200,71.575,71.575,4.890,2.144,2.144,11.242,11.242,86.161,1.25,35.00,33.0000,8.6161,38.772
7160,500.000,5.000,5.000,99.206,99.206,5.040,6.250,6.250,15.979,15.979,126.435,1.25,35.00,33.0000,12.6435,56.896
7161,450.000,3.281,3.281,90.180,90.180,4.990,4.556,4.556,14.405,14.405,112.422,1.25,35.00,33.0000,11.2422,50.590
7162,300.000,0.648,0.648,61.983,61.983,4.840,1.350,1.350,9.653,9.653,73.634,1.25,35.00,33.0000,7.3634,33.135
7163,200.000,0.128,0.128,42.194,42.194,4.740,0.400,0.400,6.459,6.459,49.181,1.25,35.00,33.0000,4.9181,22.131
7164,250.000,0.313,0.313,52.192,52.192,4.790,0.781,0.781,8.058,8.058,61.344,1.25,35.00,33.0000,6.1344,27.605
7165,350.000,1.200,1.200,71.575,71.575,4.890,2.144,2.144,11.242,11.242,86.161,1.25,35.00,33.0000,8.6161,38.772
7166,500.000,5.000,5.000,99.206,99.206,5.040,6.250,6.250,15.979,15.979,126.435,1.25,35.00,33.0000,12.6435,56.896
7167,450.000,3.281,3.281,90.180,90.180,4.990,4.556,4.556,14.405,14.405,112.422,1.25,35.00,33.0000,11.2422,50.590
7168,300.000,0.648,0.648,61.983,61.983,4.840,1.350,1.350,9.653,9.653,73.634,1.25,35.00,33.0000,7.3634,33.135
7169,200.000,0.128,0.128,42.194,42.194,4.740,0.400,0.400,6.459,6.459,49.181,1.25,35.00,33.0000,4.9181,22.131
7170,250.000,0.313,0.313,52.192,52.192,4.790,0.781,0.781,8.058,8.058,61.344,1.25,35.00,33.0000,6.1344,27.605
7171,350.000,1.200,1.200,71.575,71.575,4.890,2.144,2.144,11.242,11.242,86.161,1.25,35.00,33.0000,8.6161,38.772
7172,500.000,5.000,5.000,99.206,99.206,5.040,6.250,6.250,15.979,15.979,126.435,1.25,35.00,33.0000,12.6435,56.896
7173,450.000,3.281,3.281,90.180,90.180,4.990,4.556,4.556,14.405,14.405,112.422,1.25,35.00,33.0000,11.2422,50.590
7174,300.000,0.648,0.648,61.983,61.983,4.840,1.350,1.350,9.653,9.653,73.634,1.25,35.00,33.0000,7.3634,33.135
7175,200.000,0.128,0.128,42.194,42.194,4.740,0.400,0.400,6.459,6.459,49.181,1.25,35.00,33.0000,4.9181,22.131
7176,250.000,0.313,0.313,52.192,52.192,4.790,0.781,0.781,8.058,8.058,61.344,1.25,35.00,33.0000,6.1344,27.605
7177,350.000,1.200,1.200,71.575,71.575,4.890,2.144,2.144,11.242,11.242,86.161,1.25,35.00,33.0000,8.6161,38.772
7178,500.000,5.000,5.000,99.206,99.206,5.040,6.250,6.250,15.979,15.979,126.435,1.25,35.00,33.0000,12.6435,56.896
7179,450.000,3.281,3.281,90.180,90.180,4.990,4.556,4.556,14.405,14.405,112.422,1.25,35.00,33.0000,11.2422,50.590
7180,300.000,0.648,0.648,61.983,61.983,4.840,1.350,1.350,9.653,9.653,73.634,1.25,35.00,33.0000,7.3634,33.135
7181,200.000,0.128,0.128,42.194,42.194,4.740,0.400,0.400,6.459,6.459,49.181,1.25,35.00,33.0000,4.9181,22.131
7182,250.000,0.313,0.313,52.192,52.192,4.790,0.781,0.781,8.058,8.058,61.344,1.25,35.00,33.0000,6.1344,27.605
7183,350.000,1.200,1.200,71.575,71.575,4.890,2.144,2.144,11.242,11.242,86.161,1.25,35.00,33.0000,8.6161,38.772
7184,500.000,5.000,5.000,99.206,99.206,5.040,6.250,6.250,15.979,15.979,126.435,1.25,35.00,33.0000,12.6435,56.896
7185,450.000,3.281,3.281,90.180,90.180,4.990,4.556,4.556,14.405,14.405,112.422,1.25,35.00,33.0000,11.2422,50.590
7186,300.000,0.648,0.648,61.983,61.983,4.840,1.350,1.350,9.653,9.653,73.634,1.25,35.00,33.0000,7.3634,33.135
7187,200.000,0.128,0.128,42.194,42.194,4.740,0.400,0.400,6.459,6.459,49.181,1.25,35.00,33.0000,4.9181,22.131
7188,250.000,0.313,0.313,52.192,52.192,4.790,0.781,0.781,8.058,8.058,61.344,1.25,35.00,33.0000,6.1344,27.605
7189,350.000,1.200,1.200,71.575,71.575,4.890,2.144,2.144,11.242,11.242,86.161,1.25,35.00,33.0000,8.6161,38.772
7190,500.000,5.000,5.000,99.206,99.206,5.040,6.250,6.250,15.979,15.979,126.435,1.25,35.00,33.0000,12.6435,56.896
7191,450.000,3.281,3.281,90.180,90.180,4.990,4.556,4.556,14.405,14.405,112.422,1.25,35.00,33.0000,11.2422,50.590
7192,300.000,0.648,0.648,61.983,61.983,4.840,1.350,1.350,9.653,9.653,73.634,1.25,35.00,33.0000,7.3634,33.135
7193,200.000,0.128,0.128,42.194,42.194,4.740,0.400,0.400,6.459,6.459,49.181,1.25,35.00,33.0000,4.9181,22.131
7194,250.000,0.313,0.313,52.192,52.192,4.790,0.781,0.781,8.058,8.058,61.344,1.25,35.00,33.0000,6.1344,27.605
7195,350.000,1.200,1.200,71.575,71.575,4.890,2.144,2.144,11.242,11.242,86.161,1.25,35.00,33.0000,8.6161,38.772
7196,500.000,5.000,5.000,99.206,99.206,5.040,6.250,6.250,15.979,15.979,126.435,1.25,35.00,33.0000,12.6435,56.896
7197,450.000,3.281,3.281,90.180,90.180,4.990,4.556,4.556,14.405,14.405,112.422,1.25,35.00,33.0000,11.2422,50.590
7198,300.000,0.648,0.648,61.983,61.983,4.840,1.350,1.350,9.653,9.653,73.634,1.25,35.00,33.0000,7.3634,33.135
7199,200.000,0.128,0.128,42.194,42.194,4.740,0.400,0.400,6.459,6.459,49.181,1.25,35.00,33.0000,4.9181,22.131
7200,250.000,0.313,0.313,52.192,52.192,4.790,0.781,0.781,8.058,8.058,61.344,1.25,35.00,33.0000,6.1344,27.605
7201,350.000,1.200,1.200,71.575,71.575,4.890,2.144,2.144,11.242,11.242,86.161,1.25,35.00,33.0000,8.6161,38.772
7202,500.000,5.000,5.000,99.206,99.206,5.040,6.250,6.250,15.979,15.979,126.435,1.25,35.00,33.0000,12.6435,56.896
7203,450.000,3.281,3.281,90.180,90.180,4.990,4.556,4.556,14.405,14.405,112.422,1.25,35.00,33.0000,11.2422,50.590
7204,300.000,0.648,0.648,61.983,61.983,4.840,1.350,1.350,9.653,9.653,73.634,1.25,35.00,33.0000,7.3634,33.135
7205,200.000,0.128,0.128,42.194,42.194,4.740,0.400,0.400,6.459,6.459,49.181,1.25,35.00,33.0000,4.9181,22.131
7206,250.000,0.313,0.313,52.192,52.192,4.790,0.781,0.781,8.058,8.058,61.344,1.25,35.00,33.0000,6.1344,27.605
7207,350.000,1.200,1.200,71.575,71.575,4.890,2.144,2.144,11.242,11.242,86.161,1.25,35.00,33.0000,8.6161,38.772
7208,500.000,5.000,5.000,99.206,99.206,5.040,6.250,6.250,15.979,15.979,126.435,1.25,35.00,33.0000,12.6435,56.896
7209,450.000,3.281,3.281,90.180,90.180,4.990,4.556,4.556,14.405,14.405,112.422,1.25,35.00,33.0000,11.2422,50.590
7210,300.000,0.648,0.648,61.983,61.983,4.840,1.350,1.350,9.653,9.653,73.634,1.25,35.00,33.0000,7.3634,33.135
7211,200.000,0.128,0.128,42.194,42.194,4.740,0.400,0.400,6.459,6.459,49.181,1.25,35.00,33.0000,4.9181,22.131
7212,250.000,0.313,0.313,52.192,52.192,4.790,0.781,0.781,8.058,8.058,61.344,1.25,35.00,33.0000,6.1344,27.605
7213,350.000,1.200,1.200,71.575,71.575,4.890,2.144,2.144,11.242,11.242,86.161,1.25,35.00,33.0000,8.6161,38.772
7214,500.000,5.000,5.000,99.206,99.206,5.040,6.250,6.250,15.979,15.979,126.435,1.25,35.00,33.0000,12.6435,56.896
7215,450.000,3.281,3.281,90.180,90.180,4.990,4.556,4.556,14.405,14.405,112.422,1.25,35.00,33.0000,11.2422,50.590
7216,300.000,0.648,0.648,61.983,61.983,4.840,1.350,1.350,9.653,9.653,73.634,1.25,35.00,33.0000,7.3634,33.135
7217,200.000,0.128,0.128,42.194,42.194,4.740,0.400,0.400,6.459,6.459,49.181,1.25,35.00,33.0000,4.9181,22.131
7218,250.000,0.313,0.313,52.192,52.192,4.790,0.781,0.781,8.058,8.058,61.344,1.25,35.00,33.0000,6.1344,27.605
7219,350.000,1.200,1.200,71.575,71.575,4.890,2.144,2.144,11.242,11.242,86.161,1.25,35.00,33.0000,8.6161,38.772
7220,500.000,5.000,5.000,99.206,99.206,5.040,6.250,6.250,15.979,15.979,126.435,1.25,35.00,33.0000,12.6435,56.896
7221,450.000,3.281,3.281,90.180,90.180,4.990,4.556,4.556,14.405,14.405,112.422,1.25,35.00,33.0000,11.2422,50.590
7222,300.000,0.648,0.648,61.983,61.983,4.840,1.350,1.350,9.653,9.653,73.634,1.25,35.00,33.0000,7.3634,33.135
7223,200.000,0.128,0.128,42.194,42.194,4.740,0.400,0.400,6.459,6.459,49.181,1.25,35.00,33.0000,4.9181,22.131
7224,250.000,0.313,0.313,52.192,52.192,4.790,0.781,0.781,8.058,8.058,61.344,1.25,35.00,33.0000,6.1344,27.605
7225,350.000,1.200,1.200,71.575,71.575,4.890,2.144,2.144,11.242,11.242,86.161,1.25,35.00,33.0000,8.6161,38.772
7226,500.000,5.000,5.000,99.206,99.206,5.040,6.250,6.250,15.979,15.979,126.435,1.25,35.00,33.0000,12.6435,56.896
7227,450.000,3.281,3.281,90.180,90.180,4.990,4.556,4.556,14.405,14.405,112.422,1.25,35.00,33.0000,11.2422,50.590
7228,300.000,0.648,0.648,61.983,61.983,4.840,1.350,1.350,9.653,9.653,73.634,1.25,35.00,33.0000,7.3634,33.135
7229,200.000,0.128,0.128,42.194,42.194,4.740,0.400,0.400,6.459,6.459,49.181,1.25,35.00,33.0000,4.9181,22.131
7230,250.000,0.313,0.313,52.192,52.192,4.790,0.781,0.781,8.058,8.058,61.344,1.25,35.00,33.0000,6.1344,27.605
7231,350.000,1.200,1.200,71.575,71.575,4.890,2.144,2.144,11.242,11.242,86.161,1.25,35.00,33.0000,8.6161,38.772
7232,500.000,5.000,5.000,99.206,99.206,5.040,6.250,6.250,15.979,15.979,126.435,1.25,35.00,33.0000,12.6435,56.896
7233,450.000,3.281,3.281,90.180,90.180,4.990,4.556,4.556,14.405,14.405,112.422,1.25,35.00,33.0000,11.2422,50.590
7234,300.000,0.648,0.648,61.983,61.983,4.840,1.350,1.350,9.653,9.653,73.634,1.25,35.00,33.0000,7.3634,33.135
7235,200.000,0.128,0.128,42.194,42.194,4.740,0.400,0.400,6.459,6.459,49.181,1.25,35.00,33.0000,4.9181,22.131
7236,250.000,0.313,0.313,52.192,52.192,4.790,0.781,0.781,8.058,8.058,61.344,1.25,35.00,33.0000,6.1344,27.605
7237,350.000,1.200,1.200,71.575,71.575,4.890,2.144,2.144,11.242,11.242,86.161,1.25,35.00,33.0000,8.6161,38.772
7238,500.000,5.000,5.000,99.206,99.206,5.040,6.250,6.250,15.979,15.979,126.435,1.25,35.00,33.0000,12.6435,56.896
7239,450.000,3.281,3.281,90.180,90.180,4.990,4.556,4.556,14.405,14.405,112.422,1.25,35.00,33.0000,11.2422,50.590
7240,300.000,0.648,0.648,61.983,61.983,4.840,1.350,1.350,9.653,9.653,73.634,1.25,35.00,33.0000,7.3634,33.135
7241,200.000,0.128,0.128,42.194,42.194,4.740,0.400,0.400,6.459,6.459,49.181,1.25,35.00,33.0000,4.9181,22.131
7242,250.000,0.313,0.313,52.192,52.192,4.790,0.781,0.781,8.058,8.058,61.344,1.25,35.00,33.0000,6.1344,27.605
7243,350.000,1.200,1.200,71.575,71.575,4.890,2.144,2.144,11.242,11.242,86.161,1.25,35.00,33.0000,8.6161,38.772
7244,500.000,5.000,5.000,99.206,99.206,5.040,6.250,6.250,15.979,15.979,126.435,1.25,35.00,33.0000,12.6435,56.896
7245,450.000,3.281,3.281,90.180,90.180,4.990,4.556,4.556,14.405,14.405,112.422,1.25,35.00,33.0000,11.2422,50.590
7246,300.000,0.648,0.648,61.983,61.983,4.840,1.350,1.350,9.653,9.653,73.634,1.25,35.00,33.0000,7.3634,33.135
7247,200.000,0.128,0.128,42.194,42.194,4.740,0.400,0.400,6.459,6.459,49.181,1.25,35.00,33.0000,4.9181,22.131
7248,250.000,0.313,0.313,52.192,52.192,4.790,0.781,0.781,8.058,8.058,61.344,1.25,35.00,33.0000,6.1344,27.605
7249,350.000,1.200,1.200,71.575,71.575,4.890,2.144,2.144,11.242,11.242,86.161,1.25,35.00,33.0000,8.6161,38.772
7250,500.000,5.000,5.000,99.206,99.206,5.040,6.250,6.250,15.979,15.979,126.435,1.25,35.00,33.0000,12.6435,56.896
7251,450.000,3.281,3.281,90.180,90.180,4.990,4.556,4.556,14.405,14.405,112.422,1.25,35.00,33.0000,11.2422,50.590
7252,300.000,0.648,0.648,61.983,61.983,4.840,1.350,1.350,9.653,9.653,73.634,1.25,35.00,33.0000,7.3634,33.135
7253,200.000,0.128,0.128,42.194,42.194,4.740,0.400,0.400,6.459,6.459,49.181,1.25,35.00,33.0000,4.9181,22.131
7254,250.000,0.313,0.313,52.192,52.192,4.790,0.781,0.781,8.058,8.058,61.344,1.25,35.00,33.0000,6.1344,27.605
7255,350.000,1.200,1.200,71.575,71.575,4.890,2.144,2.144,11.242,11.242,86.161,1.25,35.00,33.0000,8.6161,38.772
7256,500.000,5.000,5.000,99.206,99.206,5.040,6.250,6.250,15.979,15.979,126.435,1.25,35.00,33.0000,12.6435,56.896
7257,450.000,3.281,3.281,90.180,90.180,4.990,4.556,4.556,14.405,14.405,112.422,1.25,35.00,33.0000,11.2422,50.590
7258,300.000,0.648,0.648,61.983,61.983,4.840,1.350,1.350,9.653,9.653,73.634,1.25,35.00,33.0000,7.3634,33.135
7259,200.000,0.128,0.128,42.194,42.194,4.740,0.400,0.400,6.459,6.459,49.181,1.25,35.00,33.0000,4.9181,22.131
7260,250.000,0.313,0.313,52.192,52.192,4.790,0.781,0.781,8.058,8.058,61.344,1.25,35.00,33.0000,6.1344,27.605
7261,350.000,1.200,1.200,71.575,71.575,4.890,2.144,2.144,11.242,11.242,86.161,1.25,35.00,33.0000,8.6161,38.772
7262,500.000,5.000,5.000,99.206,99.206,5.040,6.250,6.250,15.979,15.979,126.435,1.25,35.00,33.0000,12.6435,56.896
7263,450.000,3.281,3.281,90.180,90.180,4.990,4.556,4.556,14.405,14.405,112.422,1.25,35.00,33.0000,11.2422,50.590
7264,300.000,0.648,0.648,61.983,61.983,4.840,1.350,1.350,9.653,9.653,73.634,1.25,35.00,33.0000,7.3634,33.135
7265,200.000,0.128,0.128,42.194,42.194,4.740,0.400,0.400,6.459,6.459,49.181,1.25,35.00,33.0000,4.9181,22.131
7266,250.000,0.313,0.313,52.192,52.192,4.790,0.781,0.781,8.058,8.058,61.344,1.25,35.00,33.0000,6.1344,27.605
7267,350.000,1.200,1.200,71.575,71.575,4.890,2.144,2.144,11.242,11.242,86.161,1.25,35.00,33.0000,8.6161,38.772
7268,500.000,5.000,5.000,99.206,99.206,5.040,6.250,6.250,15.979,15.979,126.435,1.25,35.00,33.0000,12.6435,56.896
7269,450.000,3.281,3.281,90.180,90.180,4.990,4.556,4.556,14.405,14.405,112.422,1.25,35.00,33.0000,11.2422,50.590
7270,300.000,0.648,0.648,61.983,61.983,4.840,1.350,1.350,9.653,9.653,73.634,1.25,35.00,33.0000,7.3634,33.135
7271,200.000,0.128,0.128,42.194,42.194,4.740,0.400,0.400,6.459,6.459,49.181,1.25,35.00,33.0000,4.9181,22.131
7272,250.000,0.313,0.313,52.192,52.192,4.790,0.781,0.781,8.058,8.058,61.344,1.25,35.00,33.0000,6.1344,27.605
7273,350.000,1.200,1.200,71.575,71.575,4.890,2.144,2.144,11.242,11.242,86.161,1.25,35.00,33.0000,8.6161,38.772
7274,500.000,5.000,5.000,99.206,99.206,5.040,6.250,6.250,15.979,15.979,126.435,1.25,35.00,33.0000,12.6435,56.896
7275,450.000,3.281,3.281,90.180,90.180,4.990,4.556,4.556,14.405,14.405,112.422,1.25,35.00,33.0000,11.2422,50.590
7276,300.000,0.648,0.648,61.983,61.983,4.840,1.350,1.350,9.653,9.653,73.634,1.25,35.00,33.0000,7.3634,33.135
7277,200.000,0.128,0.128,42.194,42.194,4.740,0.400,0.400,6.459,6.459,49.181,1.25,35.00,33.0000,4.9181,22.131
7278,250.000,0.313,0.313,52.192,52.192,4.790,0.781,0.781,8.058,8.058,61.344,1.25,35.00,33.0000,6.1344,27.605
7279,350.000,1.200,1.200,71.575,71.575,4.890,2.144,2.144,11.242,11.242,86.161,1.25,35.00,33.0000,8.6161,38.772
7280,500.000,5.000,5.000,99.206,99.206,5.040,6.250,6.250,15.979,15.979,126.435,1.25,35.00,33.0000,12.6435,56.896
7281,450.000,3.281,3.281,90.180,90.180,4.990,4.556,4.556,14.405,14.405,112.422,1.25,35.00,33.0000,11.2422,50.590
7282,300.000,0.648,0.648,61.983,61.983,4.840,1.350,1.350,9.653,9.653,73.634,1.25,35.00,33.0000,7.3634,33.135
7283,200.000,0.128,0.128,42.194,42.194,4.740,0.400,0.400,6.459,6.459,49.181,1.25,35.00,33.0000,4.9181,22.131
7284,250.000,0.313,0.313,52.192,52.192,4.790,0.781,0.781,8.058,8.058,61.344,1.25,35.00,33.0000,6.1344,27.605
7285,350.000,1.200,1.200,71.575,71.575,4.890,2.144,2.144,11.242,11.242,86.161,1.25,35.00,33.0000,8.6161,38.772
7286,500.000,5.000,5.000,99.206,99.206,5.040,6.250,6.250,15.979,15.979,126.435,1.25,35.00,33.0000,12.6435,56.896
7287,450.000,3.281,3.281,90.180,90.180,4.990,4.556,4.556,14.405,14.405,112.422,1.25,35.00,33.0000,11.2422,50.590
7288,300.000,0.648,0.648,61.983,61.983,4.840,1.350,1.350,9.653,9.653,73.634,1.25,35.00,33.0000,7.3634,33.135
7289,200.000,0.128,0.128,42.194,42.194,4.740,0.400,0.400,6.459,6.459,49.181,1.25,35.00,33.0000,4.9181,22.131
7290,250.000,0.313,0.313,52.192,52.192,4.790,0.781,0.781,8.058,8.058,61.344,1.25,35.00,33.0000,6.1344,27.605
7291,350.000,1.200,1.200,71.575,71.575,4.890,2.144,2.144,11.242,11.242,86.161,1.25,35.00,33.0000,8.6161,38.772
7292,500.000,5.000,5.000,99.206,99.206,5.040,6.250,6.250,15.979,15.979,126.435,1.25,35.00,33.0000,12.6435,56.896
7293,450.000,3.281,3.281,90.180,90.180,4.990,4.556,4.556,14.405,14.405,112.422,1.25,35.00,33.0000,11.2422,50.590
7294,300.000,0.648,0.648,61.983,61.983,4.840,1.350,1.350,9.653,9.653,73.634,1.25,35.00,33.0000,7.3634,33.135
7295,200.000,0.128,0.128,42.194,42.194,4.740,0.400,0.400,6.459,6.459,49.181,1.25,35.00,33.0000,4.9181,22.131
7296,250.000,0.313,0.313,52.192,52.192,4.790,0.781,0.781,8.058,8.058,61.344,1.25,35.00,33.0000,6.1344,27.605
7297,350.000,1.200,1.200,71.575,71.575,4.890,2.144,2.144,11.242,11.242,86.161,1.25,35.00,33.0000,8.6161,38.772
7298,500.000,5.000,5.000,99.206,99.206,5.040,6.250,6.250,15.979,15.979,126.435,1.25,35.00,33.0000,12.6435,56.896
7299,450.000,3.281,3.281,90.180,90.180,4.990,4.556,4.556,14.405,14.405,112.422,1.25,35.00,33.0000,11.2422,50.590
7300,300.000,0.648,0.648,61.983,61.983,4.840,1.350,1.350,9.653,9.653,73.634,1.25,35.00,33.0000,7.3634,33.135
7301,200.000,0.128,0.128,42.194,42.194,4.740,0.400,0.400,6.459,6.459,49.181,1.25,35.00,33.0000,4.9181,22.131
7302,250.000,0.313,0.313,52.192,52.192,4.790,0.781,0.781,8.058,8.058,61.344,1.25,35.00,33.0000,6.1344,27.605
7303,350.000,1.200,1.200,71.575,71.575,4.890,2.144,2.144,11.242,11.242,86.161,1.25,35.00,33.0000,8.6161,38.772
7304,500.000,5.000,5.000,99.206,99.206,5.040,6.250,6.250,15.979,15.979,126.435,1.25,35.00,33.0000,12.6435,56.896
7305,450.000,3.281,3.281,90.180,90.180,4.990,4.556,4.556,14.405,14.405,112.422,1.25,35.00,33.0000,11.2422,50.590
7306,300.000,0.648,0.648,61.983,61.983,4.840,1.350,1.350,9.653,9.653,73.634,1.25,35.00,33.0000,7.3634,33.135
7307,200.000,0.128,0.128,42.194,42.194,4.740,0.400,0.400,6.459,6.459,49.181,1.25,35.00,33.0000,4.9181,22.131
7308,250.000,0.313,0.313,52.192,52.192,4.790,0.781,0.781,8.058,8.058,61.344,1.25,35.00,33.0000,6.1344,27.605
7309,350.000,1.200,1.200,71.575,71.575,4.890,2.144,2.144,11.242,11.242,86.161,1.25,35.00,33.0000,8.6161,38.772
7310,500.000,5.000,5.000,99.206,99.206,5.040,6.250,6.250,15.979,15.979,126.435,1.25,35.00,33.0000,12.6435,56.896
7311,450.000,3.281,3.281,90.180,90.180,4.990,4.556,4.556,14.405,14.405,112.422,1.25,35.00,33.0000,11.2422,50.590
7312,300.000,0.648,0.648,61.983,61.983,4.840,1.350,1.350,9.653,9.653,73.634,1.25,35.00,33.0000,7.3634,33.135
7313,200.000,0.128,0.128,42.194,42.194,4.740,0.400,0.400,6.459,6.459,49.181,1.25,35.00,33.0000,4.9181,22.131
7314,250.000,0.313,0.313,52.192,52.192,4.790,0.781,0.781,8.058,8.058,61.344,1.25,35.00,33.0000,6.1344,27.605
7315,350.000,1.200,1.200,71.575,71.575,4.890,2.144,2.144,11.242,11.242,86.161,1.25,35.00,33.0000,8.6161,38.772
7316,500.000,5.000,5.000,99.206,99.206,5.040,6.250,6.250,15.979,15.979,126.435,1.25,35.00,33.0000,12.6435,56.896
7317,450.000,3.281,3.281,90.180,90.180,4.990,4.556,4.556,14.405,14.405,112.422,1.25,35.00,33.0000,11.2422,50.590
7318,300.000,0.648,0.648,61.983,61.983,4.840,1.350,1.350,9.653,9.653,73.634,1.25,35.00,33.0000,7.3634,33.135
7319,200.000,0.128,0.128,42.194,42.194,4.740,0.400,0.400,6.459,6.459,49.181,1.25,35.00,33.0000,4.9181,22.131
7320,250.000,0.313,0.313,52.192,52.192,4.790,0.781,0.781,8.058,8.058,61.344,1.25,35.00,33.0000,6.1344,27.605
7321,350.000,1.200,1.200,71.575,71.575,4.890,2.144,2.144,11.242,11.242,86.161,1.25,35.00,33.0000,8.6161,38.772
7322,500.000,5.000,5.000,99.206,99.206,5.040,6.250,6.250,15.979,15.979,126.435,1.25,35.00,33.0000,12.6435,56.896
7323,450.000,3.281,3.281,90.180,90.180,4.990,4.556,4.556,14.405,14.405,112.422,1.25,35.00,33.0000,11.2422,50.590
7324,300.000,0.648,0.648,61.983,61.983,4.840,1.350,1.350,9.653,9.653,73.634,1.25,35.00,33.0000,7.3634,33.135
7325,200.000,0.128,0.128,42.194,42.194,4.740,0.400,0.400,6.459,6.459,49.181,1.25,35.00,33.0000,4.9181,22.131
7326,250.000,0.313,0.313,52.192,52.192,4.790,0.781,0.781,8.058,8.058,61.344,1.25,35.00,33.0000,6.1344,27.605
7327,350.000,1.200,1.200,71.575,71.575,4.890,2.144,2.144,11.242,11.242,86.161,1.25,35.00,33.0000,8.6161,38.772
7328,500.000,5.000,5.000,99.206,99.206,5.040,6.250,6.250,15.979,15.979,126.435,1.25,35.00,33.0000,12.6435,56.896
7329,450.000,3.281,3.281,90.180,90.180,4.990,4.556,4.556,14.405,14.405,112.422,1.25,35.00,33.0000,11.2422,50.590
7330,300.000,0.648,0.648,61.983,61.983,4.840,1.350,1.350,9.653,9.653,73.634,1.25,35.00,33.0000,7.3634,33.135
7331,200.000,0.128,0.128,42.194,42.194,4.740,0.400,0.400,6.459,6.459,49.181,1.25,35.00,33.0000,4.9181,22.131
7332,250.000,0.313,0.313,52.192,52.192,4.790,0.781,0.781,8.058,8.058,61.344,1.25,35.00,33.0000,6.1344,27.605
7333,350.000,1.200,1.200,71.575,71.575,4.890,2.144,2.144,11.242,11.242,86.161,1.25,35.00,33.0000,8.6161,38.772
7334,500.000,5.000,5.000,99.206,99.206,5.040,6.250,6.250,15.979,15.979,126.435,1.25,35.00,33.0000,12.6435,56.896
7335,450.000,3.281,3.281,90.180,90.180,4.990,4.556,4.556,14.405,14.405,112.422,1.25,35.00,33.0000,11.2422,50.590
7336,300.000,0.648,0.648,61.983,61.983,4.840,1.350,1.350,9.653,9.653,73.634,1.25,35.00,33.0000,7.3634,33.135
7337,200.000,0.128,0.128,42.194,42.194,4.740,0.400,0.400,6.459,6.459,49.181,1.25,35.00,33.0000,4.9181,22.131
7338,250.000,0.313,0.313,52.192,52.192,4.790,0.781,0.781,8.058,8.058,61.344,1.25,35.00,33.0000,6.1344,27.605
7339,350.000,1.200,1.200,71.575,71.575,4.890,2.144,2.144,11.242,11.242,86.161,1.25,35.00,33.0000,8.6161,38.772
7340,500.000,5.000,5.000,99.206,99.206,5.040,6.250,6.250,15.979,15.979,126.435,1.25,35.00,33.0000,12.6435,56.896
7341,450.000,3.281,3.281,90.180,90.180,4.990,4.556,4.556,14.405,14.405,112.422,1.25,35.00,33.0000,11.2422,50.590
7342,300.000,0.648,0.648,61.983,61.983,4.840,1.350,1.350,9.653,9.653,73.634,1.25,35.00,33.0000,7.3634,33.135
7343,200.000,0.128,0.128,42.194,42.194,4.740,0.400,0.400,6.459,6.459,49.181,1.25,35.00,33.0000,4.9181,22.131
7344,250.000,0.313,0.313,52.192,52.192,4.790,0.781,0.781,8.058,8.058,61.344,1.25,35.00,33.0000,6.1344,27.605
7345,350.000,1.200,1.200,71.575,71.575,4.890,2.144,2.144,11.242,11.242,86.161,1.25,35.00,33.0000,8.6161,38.772
7346,500.000,5.000,5.000,99.206,99.206,5.040,6.250,6.250,15.979,15.979,126.435,1.25,35.00,33.0000,12.6435,56.896
7347,450.000,3.281,3.281,90.180,90.180,4.990,4.556,4.556,14.405,14.405,112.422,1.25,35.00,33.0000,11.2422,50.590
7348,300.000,0.648,0.648,61.983,61.983,4.840,1.350,1.350,9.653,9.653,73.634,1.25,35.00,33.0000,7.3634,33.135
7349,200.000,0.128,0.128,42.194,42.194,4.740,0.400,0.400,6.459,6.459,49.181,1.25,35.00,33.0000,4.9181,22.131
7350,250.000,0.313,0.313,52.192,52.192,4.790,0.781,0.781,8.058,8.058,61.344,1.25,35.00,33.0000,6.1344,27.605
7351,350.000,1.200,1.200,71.575,71.575,4.890,2.144,2.144,11.242,11.242,86.161,1.25,35.00,33.0000,8.6161,38.772
7352,500.000,5.000,5.000,99.206,99.206,5.040,6.250,6.250,15.979,15.979,126.435,1.25,35.00,33.0000,12.6435,56.896
7353,450.000,3.281,3.281,90.180,90.180,4.990,4.556,4.556,14.405,14.405,112.422,1.25,35.00,33.0000,11.2422,50.590
7354,300.000,0.648,0.648,61.983,61.983,4.840,1.350,1.350,9.653,9.653,73.634,1.25,35.00,33.0000,7.3634,33.135
7355,200.000,0.128,0.128,42.194,42.194,4.740,0.400,0.400,6.459,6.459,49.181,1.25,35.00,33.0000,4.9181,22.131
7356,250.000,0.313,0.313,52.192,52.192,4.790,0.781,0.781,8.058,8.058,61.344,1.25,35.00,33.0000,6.1344,27.605
7357,350.000,1.200,1.200,71.575,71.575,4.890,2.144,2.144,11.242,11.242,86.161,1.25,35.00,33.0000,8.6161,38.772
7358,500.000,5.000,5.000,99.206,99.206,5.040,6.250,6.250,15.979,15.979,126.435,1.25,35.00,33.0000,12.6435,56.896
7359,450.000,3.281,3.281,90.180,90.180,4.990,4.556,4.556,14.405,14.405,112.422,1.25,35.00,33.0000,11.2422,50.590
7360,300.000,0.648,0.648,61.983,61.983,4.840,1.350,1.350,9.653,9.653,73.634,1.25,35.00,33.0000,7.3634,33.135
7361,200.000,0.128,0.128,42.194,42.194,4.740,0.400,0.400,6.459,6.459,49.181,1.25,35.00,33.0000,4.9181,22.131
7362,250.000,0.313,0.313,52.192,52.192,4.790,0.781,0.781,8.058,8.058,61.344,1.25,35.00,33.0000,6.1344,27.605
7363,350.000,1.200,1.200,71.575,71.575,4.890,2.144,2.144,11.242,11.242,86.161,1.25,35.00,33.0000,8.6161,38.772
7364,500.000,5.000,5.000,99.206,99.206,5.040,6.250,6.250,15.979,15.979,126.435,1.25,35.00,33.0000,12.6435,56.896
7365,450.000,3.281,3.281,90.180,90.180,4.990,4.556,4.556,14.405,14.405,112.422,1.25,35.00,33.0000,11.2422,50.590
7366,300.000,0.648,0.648,61.983,61.983,4.840,1.350,1.350,9.653,9.653,73.634,1.25,35.00,33.0000,7.3634,33.135
7367,200.000,0.128,0.128,42.194,42.194,4.740,0.400,0.400,6.459,6.459,49.181,1.25,35.00,33.0000,4.9181,22.131
7368,250.000,0.313,0.313,52.192,52.192,4.790,0.781,0.781,8.058,8.058,61.344,1.25,35.00,33.0000,6.1344,27.605
7369,350.000,1.200,1.200,71.575,71.575,4.890,2.144,2.144,11.242,11.242,86.161,1.25,35.00,33.0000,8.6161,38.772
7370,500.000,5.000,5.000,99.206,99.206,5.040,6.250,6.250,15.979,15.979,126.435,1.25,35.00,33.0000,12.6435,56.896
7371,450.000,3.281,3.281,90.180,90.180,4.990,4.556,4.556,14.405,14.405,112.422,1.25,35.00,33.0000,11.2422,50.590
7372,300.000,0.648,0.648,61.983,61.983,4.840,1.350,1.350,9.653,9.653,73.634,1.25,35.00,33.0000,7.3634,33.135
7373,200.000,0.128,0.128,42.194,42.194,4.740,0.400,0.400,6.459,6.459,49.181,1.25,35.00,33.0000,4.9181,22.131
7374,250.000,0.313,0.313,52.192,52.192,4.790,0.781,0.781,8.058,8.058,61.344,1.25,35.00,33.0000,6.1344,27.605
7375,350.000,1.200,1.200,71.575,71.575,4.890,2.144,2.144,11.242,11.242,86.161,1.25,35.00,33.0000,8.6161,38.772
7376,500.000,5.000,5.000,99.206,99.206,5.040,6.250,6.250,15.979,15.979,126.435,1.25,35.00,33.0000,12.6435,56.896
7377,450.000,3.281,3.281,90.180,90.180,4.990,4.556,4.556,14.405,14.405,112.422,1.25,35.00,33.0000,11.2422,50.590
7378,300.000,0.648,0.648,61.983,61.983,4.840,1.350,1.350,9.653,9.653,73.634,1.25,35.00,33.0000,7.3634,33.135
7379,200.000,0.128,0.128,42.194,42.194,4.740,0.400,0.400,6.459,6.459,49.181,1.25,35.00,33.0000,4.9181,22.131
7380,250.000,0.313,0.313,52.192,52.192,4.790,0.781,0.781,8.058,8.058,61.344,1.25,35.00,33.0000,6.1344,27.605
7381,350.000,1.200,1.200,71.575,71.575,4.890,2.144,2.144,11.242,11.242,86.161,1.25,35.00,33.0000,8.6161,38.772
7382,500.000,5.000,5.000,99.206,99.206,5.040,6.250,6.250,15.979,15.979,126.435,1.25,35.00,33.0000,12.6435,56.896
7383,450.000,3.281,3.281,90.180,90.180,4.990,4.556,4.556,14.405,14.405,112.422,1.25,35.00,33.0000,11.2422,50.590
7384,300.000,0.648,0.648,61.983,61.983,4.840,1.350,1.350,9.653,9.653,73.634,1.25,35.00,33.0000,7.3634,33.135
7385,200.000,0.128,0.128,42.194,42.194,4.740,0.400,0.400,6.459,6.459,49.181,1.25,35.00,33.0000,4.9181,22.131
7386,250.000,0.313,0.313,52.192,52.192,4.790,0.781,0.781,8.058,8.058,61.344,1.25,35.00,33.0000,6.1344,27.605
7387,350.000,1.200,1.200,71.575,71.575,4.890,2.144,2.144,11.242,11.242,86.161,1.25,35.00,33.0000,8.6161,38.772
7388,500.000,5.000,5.000,99.206,99.206,5.040,6.250,6.250,15.979,15.979,126.435,1.25,35.00,33.0000,12.6435,56.896
7389,450.000,3.281,3.281,90.180,90.180,4.990,4.556,4.556,14.405,14.405,112.422,1.25,35.00,33.0000,11.2422,50.590
7390,300.000,0.648,0.648,61.983,61.983,4.840,1.350,1.350,9.653,9.653,73.634,1.25,35.00,33.0000,7.3634,33.135
7391,200.000,0.128,0.128,42.194,42.194,4.740,0.400,0.400,6.459,6.459,49.181,1.25,35.00,33.0000,4.9181,22.131
7392,250.000,0.313,0.313,52.192,52.192,4.790,0.781,0.781,8.058,8.058,61.344,1.25,35.00,33.0000,6.1344,27.605
7393,350.000,1.200,1.200,71.575,71.575,4.890,2.144,2.144,11.242,11.242,86.161,1.25,35.00,33.0000,8.6161,38.772
7394,500.000,5.000,5.000,99.206,99.206,5.040,6.250,6.250,15.979,15.979,126.435,1.25,35.00,33.0000,12.6435,56.896
7395,450.000,3.281,3.281,90.180,90.180,4.990,4.556,4.556,14.405,14.405,112.422,1.25,35.00,33.0000,11.2422,50.590
7396,300.000,0.648,0.648,61.983,61.983,4.840,1.350,1.350,9.653,9.653,73.634,1.25,35.00,33.0000,7.3634,33.135
7397,200.000,0.128,0.128,42.194,42.194,4.740,0.400,0.400,6.459,6.459,49.181,1.25,35.00,33.0000,4.9181,22.131
7398,250.000,0.313,0.313,52.192,52.192,4.790,0.781,0.781,8.058,8.058,61.344,1.25,35.00,33.0000,6.1344,27.605
7399,350.000,1.200,1.200,71.575,71.575,4.890,2.144,2.144,11.242,11.242,86.161,1.25,35.00,33.0000,8.6161,38.772
7400,500.000,5.000,5.000,99.206,99.206,5.040,6.250,6.250,15.979,15.979,126.435,1.25,35.00,33.0000,12.6435,56.896
7401,450.000,3.281,3.281,90.180,90.180,4.990,4.556,4.556,14.405,14.405,112.422,1.25,35.00,33.0000,11.2422,50.590
7402,300.000,0.648,0.648,61.983,61.983,4.840,1.350,1.350,9.653,9.653,73.634,1.25,35.00,33.0000,7.3634,33.135
7403,200.000,0.128,0.128,42.194,42.194,4.740,0.400,0.400,6.459,6.459,49.181,1.25,35.00,33.0000,4.9181,22.131
7404,250.000,0.313,0.313,52.192,52.192,4.790,0.781,0.781,8.058,8.058,61.344,1.25,35.00,33.0000,6.1344,27.605
7405,350.000,1.200,1.200,71.575,71.575,4.890,2.144,2.144,11.242,11.242,86.161,1.25,35.00,33.0000,8.6161,38.772
7406,500.000,5.000,5.000,99.206,99.206,5.040,6.250,6.250,15.979,15.979,126.435,1.25,35.00,33.0000,12.6435,56.896
7407,450.000,3.281,3.281,90.180,90.180,4.990,4.556,4.556,14.405,14.405,112.422,1.25,35.00,33.0000,11.2422,50.590
7408,300.000,0.648,0.648,61.983,61.983,4.840,1.350,1.350,9.653,9.653,73.634,1.25,35.00,33.0000,7.3634,33.135
7409,200.000,0.128,0.128,42.194,42.194,4.740,0.400,0.400,6.459,6.459,49.181,1.25,35.00,33.0000,4.9181,22.131
7410,250.000,0.313,0.313,52.192,52.192,4.790,0.781,0.781,8.058,8.058,61.344,1.25,35.00,33.0000,6.1344,27.605
7411,350.000,1.200,1.200,71.575,71.575,4.890,2.144,2.144,11.242,11.242,86.161,1.25,35.00,33.0000,8.6161,38.772
7412,500.000,5.000,5.000,99.206,99.206,5.040,6.250,6.250,15.979,15.979,126.435,1.25,35.00,33.0000,12.6435,56.896
7413,450.000,3.281,3.281,90.180,90.180,4.990,4.556,4.556,14.405,14.405,112.422,1.25,35.00,33.0000,11.2422,50.590
7414,300.000,0.648,0.648,61.983,61.983,4.840,1.350,1.350,9.653,9.653,73.634,1.25,35.00,33.0000,7.3634,33.135
7415,200.000,0.128,0.128,42.194,42.194,4.740,0.400,0.400,6.459,6.459,49.181,1.25,35.00,33.0000,4.9181,22.131
7416,250.000,0.313,0.313,52.192,52.192,4.790,0.781,0.781,8.058,8.058,61.344,1.25,35.00,33.0000,6.1344,27.605
7417,350.000,1.200,1.200,71.575,71.575,4.890,2.144,2.144,11.242,11.242,86.161,1.25,35.00,33.0000,8.6161,38.772
7418,500.000,5.000,5.000,99.206,99.206,5.040,6.250,6.250,15.979,15.979,126.435,1.25,35.00,33.0000,12.6435,56.896
7419,450.000,3.281,3.281,90.180,90.180,4.990,4.556,4.556,14.405,14.405,112.422,1.25,35.00,33.0000,11.2422,50.590
7420,300.000,0.648,0.648,61.983,61.983,4.840,1.350,1.350,9.653,9.653,73.634,1.25,35.00,33.0000,7.3634,33.135
7421,200.000,0.128,0.128,42.194,42.194,4.740,0.400,0.400,6.459,6.459,49.181,1.25,35.00,33.0000,4.9181,22.131
7422,250.000,0.313,0.313,52.192,52.192,4.790,0.781,0.781,8.058,8.058,61.344,1.25,35.00,33.0000,6.1344,27.605
7423,350.000,1.200,1.200,71.575,71.575,4.890,2.144,2.144,11.242,11.242,86.161,1.25,35.00,33.0000,8.6161,38.772
7424,500.000,5.000,5.000,99.206,99.206,5.040,6.250,6.250,15.979,15.979,126.435,1.25,35.00,33.0000,12.6435,56.896
7425,450.000,3.281,3.281,90.180,90.180,4.990,4.556,4.556,14.405,14.405,112.422,1.25,35.00,33.0000,11.2422,50.590
7426,300.000,0.648,0.648,61.983,61.983,4.840,1.350,1.350,9.653,9.653,73.634,1.25,35.00,33.0000,7.3634,33.135
7427,200.000,0.128,0.128,42.194,42.194,4.740,0.400,0.400,6.459,6.459,49.181,1.25,35.00,33.0000,4.9181,22.131
7428,250.000,0.313,0.313,52.192,52.192,4.790,0.781,0.781,8.058,8.058,61.344,1.25,35.00,33.0000,6.1344,27.605
7429,350.000,1.200,1.200,71.575,71.575,4.890,2.144,2.144,11.242,11.242,86.161,1.25,35.00,33.0000,8.6161,38.772
7430,500.000,5.000,5.000,99.206,99.206,5.040,6.250,6.250,15.979,15.979,126.435,1.25,35.00,33.0000,12.6435,56.896
7431,450.000,3.281,3.281,90.180,90.180,4.990,4.556,4.556,14.405,14.405,112.422,1.25,35.00,33.0000,11.2422,50.590
7432,300.000,0.648,0.648,61.983,61.983,4.840,1.350,1.350,9.653,9.653,73.634,1.25,35.00,33.0000,7.3634,33.135
7433,200.000,0.128,0.128,42.194,42.194,4.740,0.400,0.400,6.459,6.459,49.181,1.25,35.00,33.0000,4.9181,22.131
7434,250.000,0.313,0.313,52.192,52.192,4.790,0.781,0.781,8.058,8.058,61.344,1.25,35.00,33.0000,6.1344,27.605
7435,350.000,1.200,1.200,71.575,71.575,4.890,2.144,2.144,11.242,11.242,86.161,1.25,35.00,33.0000,8.6161,38.772
7436,500.000,5.000,5.000,99.206,99.206,5.040,6.250,6.250,15.979,15.979,126.435,1.25,35.00,33.0000,12.6435,56.896
7437,450.000,3.281,3.281,90.180,90.180,4.990,4.556,4.556,14.405,14.405,112.422,1.25,35.00,33.0000,11.2422,50.590
7438,300.000,0.648,0.648,61.983,61.983,4.840,1.350,1.350,9.653,9.653,73.634,1.25,35.00,33.0000,7.3634,33.135
7439,200.000,0.128,0.128,42.194,42.194,4.740,0.400,0.400,6.459,6.459,49.181,1.25,35.00,33.0000,4.9181,22.131
7440,250.000,0.313,0.313,52.192,52.192,4.790,0.781,0.781,8.058,8.058,61.344,1.25,35.00,33.0000,6.1344,27.605
7441,350.000,1.200,1.200,71.575,71.575,4.890,2.144,2.144,11.242,11.242,86.161,1.25,35.00,33.0000,8.6161,38.772
7442,500.000,5.000,5.000,99.206,99.206,5.040,6.250,6.250,15.979,15.979,126.435,1.25,35.00,33.0000,12.6435,56.896
7443,450.000,3.281,3.281,90.180,90.180,4.990,4.556,4.556,14.405,14.405,112.422,1.25,35.00,33.0000,11.2422,50.590
7444,300.000,0.648,0.648,61.983,61.983,4.840,1.350,1.350,9.653,9.653,73.634,1.25,35.00,33.0000,7.3634,33.135
7445,200.000,0.128,0.128,42.194,42.194,4.740,0.400,0.400,6.459,6.459,49.181,1.25,35.00,33.0000,4.9181,22.131
7446,250.000,0.313,0.313,52.192,52.192,4.790,0.781,0.781,8.058,8.058,61.344,1.25,35.00,33.0000,6.1344,27.605
7447,350.000,1.200,1.200,71.575,71.575,4.890,2.144,2.144,11.242,11.242,86.161,1.25,35.00,33.0000,8.6161,38.772
7448,500.000,5.000,5.000,99.206,99.206,5.040,6.250,6.250,15.979,15.979,126.435,1.25,35.00,33.0000,12.6435,56.896
7449,450.000,3.281,3.281,90.180,90.180,4.990,4.556,4.556,14.405,14.405,112.422,1.25,35.00,33.0000,11.2422,50.590
7450,300.000,0.648,0.648,61.983,61.983,4.840,1.350,1.350,9.653,9.653,73.634,1.25,35.00,33.0000,7.3634,33.135
7451,200.000,0.128,0.128,42.194,42.194,4.740,0.400,0.400,6.459,6.459,49.181,1.25,35.00,33.0000,4.9181,22.131
7452,250.000,0.313,0.313,52.192,52.192,4.790,0.781,0.781,8.058,8.058,61.344,1.25,35.00,33.0000,6.1344,27.605
7453,350.000,1.200,1.200,71.575,71.575,4.890,2.144,2.144,11.242,11.242,86.161,1.25,35.00,33.0000,8.6161,38.772
7454,500.000,5.000,5.000,99.206,99.206,5.040,6.250,6.250,15.979,15.979,126.435,1.25,35.00,33.0000,12.6435,56.896
7455,450.000,3.281,3.281,90.180,90.180,4.990,4.556,4.556,14.405,14.405,112.422,1.25,35.00,33.0000,11.2422,50.590
7456,300.000,0.648,0.648,61.983,61.983,4.840,1.350,1.350,9.653,9.653,73.634,1.25,35.00,33.0000,7.3634,33.135
7457,200.000,0.128,0.128,42.194,42.194,4.740,0.400,0.400,6.459,6.459,49.181,1.25,35.00,33.0000,4.9181,22.131
7458,250.000,0.313,0.313,52.192,52.192,4.790,0.781,0.781,8.058,8.058,61.344,1.25,35.00,33.0000,6.1344,27.605
7459,350.000,1.200,1.200,71.575,71.575,4.890,2.144,2.144,11.242,11.242,86.161,1.25,35.00,33.0000,8.6161,38.772
7460,500.000,5.000,5.000,99.206,99.206,5.040,6.250,6.250,15.979,15.979,126.435,1.25,35.00,33.0000,12.6435,56.896
7461,450.000,3.281,3.281,90.180,90.180,4.990,4.556,4.556,14.405,14.405,112.422,1.25,35.00,33.0000,11.2422,50.590
7462,300.000,0.648,0.648,61.983,61.983,4.840,1.350,1.350,9.653,9.653,73.634,1.25,35.00,33.0000,7.3634,33.135
7463,200.000,0.128,0.128,42.194,42.194,4.740,0.400,0.400,6.459,6.459,49.181,1.25,35.00,33.0000,4.9181,22.131
7464,250.000,0.313,0.313,52.192,52.192,4.790,0.781,0.781,8.058,8.058,61.344,1.25,35.00,33.0000,6.1344,27.605
7465,350.000,1.200,1.200,71.575,71.575,4.890,2.144,2.144,11.242,11.242,86.161,1.25,35.00,33.0000,8.6161,38.772
7466,500.000,5.000,5.000,99.206,99.206,5.040,6.250,6.250,15.979,15.979,126.435,1.25,35.00,33.0000,12.6435,56.896
7467,450.000,3.281,3.281,90.180,90.180,4.990,4.556,4.556,14.405,14.405,112.422,1.25,35.00,33.0000,11.2422,50.590
7468,300.000,0.648,0.648,61.983,61.983,4.840,1.350,1.350,9.653,9.653,73.634,1.25,35.00,33.0000,7.3634,33.135
7469,200.000,0.128,0.128,42.194,42.194,4.740,0.400,0.400,6.459,6.459,49.181,1.25,35.00,33.0000,4.9181,22.131
7470,250.000,0.313,0.313,52.192,52.192,4.790,0.781,0.781,8.058,8.058,61.344,1.25,35.00,33.0000,6.1344,27.605
7471,350.000,1.200,1.200,71.575,71.575,4.890,2.144,2.144,11.242,11.242,86.161,1.25,35.00,33.0000,8.6161,38.772
7472,500.000,5.000,5.000,99.206,99.206,5.040,6.250,6.250,15.979,15.979,126.435,1.25,35.00,33.0000,12.6435,56.896
7473,450.000,3.281,3.281,90.180,90.180,4.990,4.556,4.556,14.405,14.405,112.422,1.25,35.00,33.0000,11.2422,50.590
7474,300.000,0.648,0.648,61.983,61.983,4.840,1.350,1.350,9.653,9.653,73.634,1.25,35.00,33.0000,7.3634,33.135
7475,200.000,0.128,0.128,42.194,42.194,4.740,0.400,0.400,6.459,6.459,49.181,1.25,35.00,33.0000,4.9181,22.131
7476,250.000,0.313,0.313,52.192,52.192,4.790,0.781,0.781,8.058,8.058,61.344,1.25,35.00,33.0000,6.1344,27.605
7477,350.000,1.200,1.200,71.575,71.575,4.890,2.144,2.144,11.242,11.242,86.161,1.25,35.00,33.0000,8.6161,38.772
7478,500.000,5.000,5.000,99.206,99.206,5.040,6.250,6.250,15.979,15.979,126.435,1.25,35.00,33.0000,12.6435,56.896
7479,450.000,3.281,3.281,90.180,90.180,4.990,4.556,4.556,14.405,14.405,112.422,1.25,35.00,33.0000,11.2422,50.590
7480,300.000,0.648,0.648,61.983,61.983,4.840,1.350,1.350,9.653,9.653,73.634,1.25,35.00,33.0000,7.3634,33.135
7481,200.000,0.128,0.128,42.194,42.194,4.740,0.400,0.400,6.459,6.459,49.181,1.25,35.00,33.0000,4.9181,22.131
7482,250.000,0.313,0.313,52.192,52.192,4.790,0.781,0.781,8.058,8.058,61.344,1.25,35.00,33.0000,6.1344,27.605
7483,350.000,1.200,1.200,71.575,71.575,4.890,2.144,2.144,11.242,11.242,86.161,1.25,35.00,33.0000,8.6161,38.772
7484,500.000,5.000,5.000,99.206,99.206,5.040,6.250,6.250,15.979,15.979,126.435,1.25,35.00,33.0000,12.6435,56.896
7485,450.000,3.281,3.281,90.180,90.180,4.990,4.556,4.556,14.405,14.405,112.422,1.25,35.00,33.0000,11.2422,50.590
7486,300.000,0.648,0.648,61.983,61.983,4.840,1.350,1.350,9.653,9.653,73.634,1.25,35.00,33.0000,7.3634,33.135
7487,200.000,0.128,0.128,42.194,42.194,4.740,0.400,0.400,6.459,6.459,49.181,1.25,35.00,33.0000,4.9181,22.131
7488,250.000,0.313,0.313,52.192,52.192,4.790,0.781,0.781,8.058,8.058,61.344,1.25,35.00,33.0000,6.1344,27.605
7489,350.000,1.200,1.200,71.575,71.575,4.890,2.144,2.144,11.242,11.242,86.161,1.25,35.00,33.0000,8.6161,38.772
7490,500.000,5.000,5.000,99.206,99.206,5.040,6.250,6.250,15.979,15.979,126.435,1.25,35.00,33.0000,12.6435,56.896
7491,450.000,3.281,3.281,90.180,90.180,4.990,4.556,4.556,14.405,14.405,112.422,1.25,35.00,33.0000,11.2422,50.590
7492,300.000,0.648,0.648,61.983,61.983,4.840,1.350,1.350,9.653,9.653,73.634,1.25,35.00,33.0000,7.3634,33.135
7493,200.000,0.128,0.128,42.194,42.194,4.740,0.400,0.400,6.459,6.459,49.181,1.25,35.00,33.0000,4.9181,22.131
7494,250.000,0.313,0.313,52.192,52.192,4.790,0.781,0.781,8.058,8.058,61.344,1.25,35.00,33.0000,6.1344,27.605
7495,350.000,1.200,1.200,71.575,71.575,4.890,2.144,2.144,11.242,11.242,86.161,1.25,35.00,33.0000,8.6161,38.772
7496,500.000,5.000,5.000,99.206,99.206,5.040,6.250,6.250,15.979,15.979,126.435,1.25,35.00,33.0000,12.6435,56.896
7497,450.000,3.281,3.281,90.180,90.180,4.990,4.556,4.556,14.405,14.405,112.422,1.25,35.00,33.0000,11.2422,50.590
7498,300.000,0.648,0.648,61.983,61.983,4.840,1.350,1.350,9.653,9.653,73.634,1.25,35.00,33.0000,7.3634,33.135
7499,200.000,0.128,0.128,42.194,42.194,4.740,0.400,0.400,6.459,6.459,49.181,1.25,35.00,33.0000,4.9181,22.131
7500,250.000,0.313,0.313,52.192,52.192,4.790,0.781,0.781,8.058,8.058,61.344,1.25,35.00,33.0000,6.1344,27.605
7501,350.000,1.200,1.200,71.575,71.575,4.890,2.144,2.144,11.242,11.242,86.161,1.25,35.00,33.0000,8.6161,38.772
7502,500.000,5.000,5.000,99.206,99.206,5.040,6.250,6.250,15.979,15.979,126.435,1.25,35.00,33.0000,12.6435,56.896
7503,450.000,3.281,3.281,90.180,90.180,4.990,4.556,4.556,14.405,14.405,112.422,1.25,35.00,33.0000,11.2422,50.590
7504,300.000,0.648,0.648,61.983,61.983,4.840,1.350,1.350,9.653,9.653,73.634,1.25,35.00,33.0000,7.3634,33.135
7505,200.000,0.128,0.128,42.194,42.194,4.740,0.400,0.400,6.459,6.459,49.181,1.25,35.00,33.0000,4.9181,22.131
7506,250.000,0.313,0.313,52.192,52.192,4.790,0.781,0.781,8.058,8.058,61.344,1.25,35.00,33.0000,6.1344,27.605
7507,350.000,1.200,1.200,71.575,71.575,4.890,2.144,2.144,11.242,11.242,86.161,1.25,35.00,33.0000,8.6161,38.772
7508,500.000,5.000,5.000,99.206,99.206,5.040,6.250,6.250,15.979,15.979,126.435,1.25,35.00,33.0000,12.6435,56.896
7509,450.000,3.281,3.281,90.180,90.180,4.990,4.556,4.556,14.405,14.405,112.422,1.25,35.00,33.0000,11.2422,50.590
7510,300.000,0.648,0.648,61.983,61.983,4.840,1.350,1.350,9.653,9.653,73.634,1.25,35.00,33.0000,7.3634,33.135
7511,200.000,0.128,0.128,42.194,42.194,4.740,0.400,0.400,6.459,6.459,49.181,1.25,35.00,33.0000,4.9181,22.131
7512,250.000,0.313,0.313,52.192,52.192,4.790,0.781,0.781,8.058,8.058,61.344,1.25,35.00,33.0000,6.1344,27.605
7513,350.000,1.200,1.200,71.575,71.575,4.890,2.144,2.144,11.242,11.242,86.161,1.25,35.00,33.0000,8.6161,38.772
7514,500.000,5.000,5.000,99.206,99.206,5.040,6.250,6.250,15.979,15.979,126.435,1.25,35.00,33.0000,12.6435,56.896
7515,450.000,3.281,3.281,90.180,90.180,4.990,4.556,4.556,14.405,14.405,112.422,1.25,35.00,33.0000,11.2422,50.590
7516,300.000,0.648,0.648,61.983,61.983,4.840,1.350,1.350,9.653,9.653,73.634,1.25,35.00,33.0000,7.3634,33.135
7517,200.000,0.128,0.128,42.194,42.194,4.740,0.400,0.400,6.459,6.459,49.181,1.25,35.00,33.0000,4.9181,22.131
7518,250.000,0.313,0.313,52.192,52.192,4.790,0.781,0.781,8.058,8.058,61.344,1.25,35.00,33.0000,6.1344,27.605
7519,350.000,1.200,1.200,71.575,71.575,4.890,2.144,2.144,11.242,11.242,86.161,1.25,35.00,33.0000,8.6161,38.772
7520,500.000,5.000,5.000,99.206,99.206,5.040,6.250,6.250,15.979,15.979,126.435,1.25,35.00,33.0000,12.6435,56.896
7521,450.000,3.281,3.281,90.180,90.180,4.990,4.556,4.556,14.405,14.405,112.422,1.25,35.00,33.0000,11.2422,50.590
7522,300.000,0.648,0.648,61.983,61.983,4.840,1.350,1.350,9.653,9.653,73.634,1.25,35.00,33.0000,7.3634,33.135
7523,200.000,0.128,0.128,42.194,42.194,4.740,0.400,0.400,6.459,6.459,49.181,1.25,35.00,33.0000,4.9181,22.131
7524,250.000,0.313,0.313,52.192,52.192,4.790,0.781,0.781,8.058,8.058,61.344,1.25,35.00,33.0000,6.1344,27.605
7525,350.000,1.200,1.200,71.575,71.575,4.890,2.144,2.144,11.242,11.242,86.161,1.25,35.00,33.0000,8.6161,38.772
7526,500.000,5.000,5.000,99.206,99.206,5.040,6.250,6.250,15.979,15.979,126.435,1.25,35.00,33.0000,12.6435,56.896
7527,450.000,3.281,3.281,90.180,90.180,4.990,4.556,4.556,14.405,14.405,112.422,1.25,35.00,33.0000,11.2422,50.590
7528,300.000,0.648,0.648,61.983,61.983,4.840,1.350,1.350,9.653,9.653,73.634,1.25,35.00,33.0000,7.3634,33.135
7529,200.000,0.128,0.128,42.194,42.194,4.740,0.400,0.400,6.459,6.459,49.181,1.25,35.00,33.0000,4.9181,22.131
7530,250.000,0.313,0.313,52.192,52.192,4.790,0.781,0.781,8.058,8.058,61.344,1.25,35.00,33.0000,6.1344,27.605
7531,350.000,1.200,1.200,71.575,71.575,4.890,2.144,2.144,11.242,11.242,86.161,1.25,35.00,33.0000,8.6161,38.772
7532,500.000,5.000,5.000,99.206,99.206,5.040,6.250,6.250,15.979,15.979,126.435,1.25,35.00,33.0000,12.6435,56.896
7533,450.000,3.281,3.281,90.180,90.180,4.990,4.556,4.556,14.405,14.405,112.422,1.25,35.00,33.0000,11.2422,50.590
7534,300.000,0.648,0.648,61.983,61.983,4.840,1.350,1.350,9.653,9.653,73.634,1.25,35.00,33.0000,7.3634,33.135
7535,200.000,0.128,0.128,42.194,42.194,4.740,0.400,0.400,6.459,6.459,49.181,1.25,35.00,33.0000,4.9181,22.131
7536,250.000,0.313,0.313,52.192,52.192,4.790,0.781,0.781,8.058,8.058,61.344,1.25,35.00,33.0000,6.1344,27.605
7537,350.000,1.200,1.200,71.575,71.575,4.890,2.144,2.144,11.242,11.242,86.161,1.25,35.00,33.0000,8.6161,38.772
7538,500.000,5.000,5.000,99.206,99.206,5.040,6.250,6.250,15.979,15.979,126.435,1.25,35.00,33.0000,12.6435,56.896
7539,450.000,3.281,3.281,90.180,90.180,4.990,4.556,4.556,14.405,14.405,112.422,1.25,35.00,33.0000,11.2422,50.590
7540,300.000,0.648,0.648,61.983,61.983,4.840,1.350,1.350,9.653,9.653,73.634,1.25,35.00,33.0000,7.3634,33.135
7541,200.000,0.128,0.128,42.194,42.194,4.740,0.400,0.400,6.459,6.459,49.181,1.25,35.00,33.0000,4.9181,22.131
7542,250.000,0.313,0.313,52.192,52.192,4.790,0.781,0.781,8.058,8.058,61.344,1.25,35.00,33.0000,6.1344,27.605
7543,350.000,1.200,1.200,71.575,71.575,4.890,2.144,2.144,11.242,11.242,86.161,1.25,35.00,33.0000,8.6161,38.772
7544,500.000,5.000,5.000,99.206,99.206,5.040,6.250,6.250,15.979,15.979,126.435,1.25,35.00,33.0000,12.6435,56.896
7545,450.000,3.281,3.281,90.180,90.180,4.990,4.556,4.556,14.405,14.405,112.422,1.25,35.00,33.0000,11.2422,50.590
7546,300.000,0.648,0.648,61.983,61.983,4.840,1.350,1.350,9.653,9.653,73.634,1.25,35.00,33.0000,7.3634,33.135
7547,200.000,0.128,0.128,42.194,42.194,4.740,0.400,0.400,6.459,6.459,49.181,1.25,35.00,33.0000,4.9181,22.131
7548,250.000,0.313,0.313,52.192,52.192,4.790,0.781,0.781,8.058,8.058,61.344,1.25,35.00,33.0000,6.1344,27.605
7549,350.000,1.200,1.200,71.575,71.575,4.890,2.144,2.144,11.242,11.242,86.161,1.25,35.00,33.0000,8.6161,38.772
7550,500.000,5.000,5.000,99.206,99.206,5.040,6.250,6.250,15.979,15.979,126.435,1.25,35.00,33.0000,12.6435,56.896
7551,450.000,3.281,3.281,90.180,90.180,4.990,4.556,4.556,14.405,14.405,112.422,1.25,35.00,33.0000,11.2422,50.590
7552,300.000,0.648,0.648,61.983,61.983,4.840,1.350,1.350,9.653,9.653,73.634,1.25,35.00,33.0000,7.3634,33.135
7553,200.000,0.128,0.128,42.194,42.194,4.740,0.400,0.400,6.459,6.459,49.181,1.25,35.00,33.0000,4.9181,22.131
7554,250.000,0.313,0.313,52.192,52.192,4.790,0.781,0.781,8.058,8.058,61.344,1.25,35.00,33.0000,6.1344,27.605
7555,350.000,1.200,1.200,71.575,71.575,4.890,2.144,2.144,11.242,11.242,86.161,1.25,35.00,33.0000,8.6161,38.772
7556,500.000,5.000,5.000,99.206,99.206,5.040,6.250,6.250,15.979,15.979,126.435,1.25,35.00,33.0000,12.6435,56.896
7557,450.000,3.281,3.281,90.180,90.180,4.990,4.556,4.556,14.405,14.405,112.422,1.25,35.00,33.0000,11.2422,50.590
7558,300.000,0.648,0.648,61.983,61.983,4.840,1.350,1.350,9.653,9.653,73.634,1.25,35.00,33.0000,7.3634,33.135
7559,200.000,0.128,0.128,42.194,42.194,4.740,0.400,0.400,6.459,6.459,49.181,1.25,35.00,33.0000,4.9181,22.131
7560,250.000,0.313,0.313,52.192,52.192,4.790,0.781,0.781,8.058,8.058,61.344,1.25,35.00,33.0000,6.1344,27.605
7561,350.000,1.200,1.200,71.575,71.575,4.890,2.144,2.144,11.242,11.242,86.161,1.25,35.00,33.0000,8.6161,38.772
7562,500.000,5.000,5.000,99.206,99.206,5.040,6.250,6.250,15.979,15.979,126.435,1.25,35.00,33.0000,12.6435,56.896
7563,450.000,3.281,3.281,90.180,90.180,4.990,4.556,4.556,14.405,14.405,112.422,1.25,35.00,33.0000,11.2422,50.590
7564,300.000,0.648,0.648,61.983,61.983,4.840,1.350,1.350,9.653,9.653,73.634,1.25,35.00,33.0000,7.3634,33.135
7565,200.000,0.128,0.128,42.194,42.194,4.740,0.400,0.400,6.459,6.459,49.181,1.25,35.00,33.0000,4.9181,22.131
7566,250.000,0.313,0.313,52.192,52.192,4.790,0.781,0.781,8.058,8.058,61.344,1.25,35.00,33.0000,6.1344,27.605
7567,350.000,1.200,1.200,71.575,71.575,4.890,2.144,2.144,11.242,11.242,86.161,1.25,35.00,33.0000,8.6161,38.772
7568,500.000,5.000,5.000,99.206,99.206,5.040,6.250,6.250,15.979,15.979,126.435,1.25,35.00,33.0000,12.6435,56.896
7569,450.000,3.281,3.281,90.180,90.180,4.990,4.556,4.556,14.405,14.405,112.422,1.25,35.00,33.0000,11.2422,50.590
7570,300.000,0.648,0.648,61.983,61.983,4.840,1.350,1.350,9.653,9.653,73.634,1.25,35.00,33.0000,7.3634,33.135
7571,200.000,0.128,0.128,42.194,42.194,4.740,0.400,0.400,6.459,6.459,49.181,1.25,35.00,33.0000,4.9181,22.131
7572,250.000,0.313,0.313,52.192,52.192,4.790,0.781,0.781,8.058,8.058,61.344,1.25,35.00,33.0000,6.1344,27.605
7573,350.000,1.200,1.200,71.575,71.575,4.890,2.144,2.144,11.242,11.242,86.161,1.25,35.00,33.0000,8.6161,38.772
7574,500.000,5.000,5.000,99.206,99.206,5.040,6.250,6.250,15.979,15.979,126.435,1.25,35.00,33.0000,12.6435,56.896
7575,450.000,3.281,3.281,90.180,90.180,4.990,4.556,4.556,14.405,14.405,112.422,1.25,35.00,33.0000,11.2422,50.590
7576,300.000,0.648,0.648,61.983,61.983,4.840,1.350,1.350,9.653,9.653,73.634,1.25,35.00,33.0000,7.3634,33.135
7577,200.000,0.128,0.128,42.194,42.194,4.740,0.400,0.400,6.459,6.459,49.181,1.25,35.00,33.0000,4.9181,22.131
7578,250.000,0.313,0.313,52.192,52.192,4.790,0.781,0.781,8.058,8.058,61.344,1.25,35.00,33.0000,6.1344,27.605
7579,350.000,1.200,1.200,71.575,71.575,4.890,2.144,2.144,11.242,11.242,86.161,1.25,35.00,33.0000,8.6161,38.772
7580,500.000,5.000,5.000,99.206,99.206,5.040,6.250,6.250,15.979,15.979,126.435,1.25,35.00,33.0000,12.6435,56.896
7581,450.000,3.281,3.281,90.180,90.180,4.990,4.556,4.556,14.405,14.405,112.422,1.25,35.00,33.0000,11.2422,50.590
7582,300.000,0.648,0.648,61.983,61.983,4.840,1.350,1.350,9.653,9.653,73.634,1.25,35.00,33.0000,7.3634,33.135
7583,200.000,0.128,0.128,42.194,42.194,4.740,0.400,0.400,6.459,6.459,49.181,1.25,35.00,33.0000,4.9181,22.131
7584,250.000,0.313,0.313,52.192,52.192,4.790,0.781,0.781,8.058,8.058,61.344,1.25,35.00,33.0000,6.1344,27.605
7585,350.000,1.200,1.200,71.575,71.575,4.890,2.144,2.144,11.242,11.242,86.161,1.25,35.00,33.0000,8.6161,38.772
7586,500.000,5.000,5.000,99.206,99.206,5.040,6.250,6.250,15.979,15.979,126.435,1.25,35.00,33.0000,12.6435,56.896
7587,450.000,3.281,3.281,90.180,90.180,4.990,4.556,4.556,14.405,14.405,112.422,1.25,35.00,33.0000,11.2422,50.590
7588,300.000,0.648,0.648,61.983,61.983,4.840,1.350,1.350,9.653,9.653,73.634,1.25,35.00,33.0000,7.3634,33.135
7589,200.000,0.128,0.128,42.194,42.194,4.740,0.400,0.400,6.459,6.459,49.181,1.25,35.00,33.0000,4.9181,22.131
7590,250.000,0.313,0.313,52.192,52.192,4.790,0.781,0.781,8.058,8.058,61.344,1.25,35.00,33.0000,6.1344,27.605
7591,350.000,1.200,1.200,71.575,71.575,4.890,2.144,2.144,11.242,11.242,86.161,1.25,35.00,33.0000,8.6161,38.772
7592,500.000,5.000,5.000,99.206,99.206,5.040,6.250,6.250,15.979,15.979,126.435,1.25,35.00,33.0000,12.6435,56.896
7593,450.000,3.281,3.281,90.180,90.180,4.990,4.556,4.556,14.405,14.405,112.422,1.25,35.00,33.0000,11.2422,50.590
7594,300.000,0.648,0.648,61.983,61.983,4.840,1.350,1.350,9.653,9.653,73.634,1.25,35.00,33.0000,7.3634,33.135
7595,200.000,0.128,0.128,42.194,42.194,4.740,0.400,0.400,6.459,6.459,49.181,1.25,35.00,33.0000,4.9181,22.131
7596,250.000,0.313,0.313,52.192,52.192,4.790,0.781,0.781,8.058,8.058,61.344,1.25,35.00,33.0000,6.1344,27.605
7597,350.000,1.200,1.200,71.575,71.575,4.890,2.144,2.144,11.242,11.242,86.161,1.25,35.00,33.0000,8.6161,38.772
7598,500.000,5.000,5.000,99.206,99.206,5.040,6.250,6.250,15.979,15.979,126.435,1.25,35.00,33.0000,12.6435,56.896
7599,450.000,3.281,3.281,90.180,90.180,4.990,4.556,4.556,14.405,14.405,112.422,1.25,35.00,33.0000,11.2422,50.590
7600,300.000,0.648,0.648,61.983,61.983,4.840,1.350,1.350,9.653,9.653,73.634,1.25,35.00,33.0000,7.3634,33.135
7601,200.000,0.128,0.128,42.194,42.194,4.740,0.400,0.400,6.459,6.459,49.181,1.25,35.00,33.0000,4.9181,22.131
7602,250.000,0.313,0.313,52.192,52.192,4.790,0.781,0.781,8.058,8.058,61.344,1.25,35.00,33.0000,6.1344,27.605
7603,350.000,1.200,1.200,71.575,71.575,4.890,2.144,2.144,11.242,11.242,86.161,1.25,35.00,33.0000,8.6161,38.772
7604,500.000,5.000,5.000,99.206,99.206,5.040,6.250,6.250,15.979,15.979,126.435,1.25,35.00,33.0000,12.6435,56.896
7605,450.000,3.281,3.281,90.180,90.180,4.990,4.556,4.556,14.405,14.405,112.422,1.25,35.00,33.0000,11.2422,50.590
7606,300.000,0.648,0.648,61.983,61.983,4.840,1.350,1.350,9.653,9.653,73.634,1.25,35.00,33.0000,7.3634,33.135
7607,200.000,0.128,0.128,42.194,42.194,4.740,0.400,0.400,6.459,6.459,49.181,1.25,35.00,33.0000,4.9181,22.131
7608,250.000,0.313,0.313,52.192,52.192,4.790,0.781,0.781,8.058,8.058,61.344,1.25,35.00,33.0000,6.1344,27.605
7609,350.000,1.200,1.200,71.575,71.575,4.890,2.144,2.144,11.242,11.242,86.161,1.25,35.00,33.0000,8.6161,38.772
7610,500.000,5.000,5.000,99.206,99.206,5.040,6.250,6.250,15.979,15.979,126.435,1.25,35.00,33.0000,12.6435,56.896
7611,450.000,3.281,3.281,90.180,90.180,4.990,4.556,4.556,14.405,14.405,112.422,1.25,35.00,33.0000,11.2422,50.590
7612,300.000,0.648,0.648,61.983,61.983,4.840,1.350,1.350,9.653,9.653,73.634,1.25,35.00,33.0000,7.3634,33.135
7613,200.000,0.128,0.128,42.194,42.194,4.740,0.400,0.400,6.459,6.459,49.181,1.25,35.00,33.0000,4.9181,22.131
7614,250.000,0.313,0.313,52.192,52.192,4.790,0.781,0.781,8.058,8.058,61.344,1.25,35.00,33.0000,6.1344,27.605
7615,350.000,1.200,1.200,71.575,71.575,4.890,2.144,2.144,11.242,11.242,86.161,1.25,35.00,33.0000,8.6161,38.772
7616,500.000,5.000,5.000,99.206,99.206,5.040,6.250,6.250,15.979,15.979,126.435,1.25,35.00,33.0000,12.6435,56.896
7617,450.000,3.281,3.281,90.180,90.180,4.990,4.556,4.556,14.405,14.405,112.422,1.25,35.00,33.0000,11.2422,50.590
7618,300.000,0.648,0.648,61.983,61.983,4.840,1.350,1.350,9.653,9.653,73.634,1.25,35.00,33.0000,7.3634,33.135
7619,200.000,0.128,0.128,42.194,42.194,4.740,0.400,0.400,6.459,6.459,49.181,1.25,35.00,33.0000,4.9181,22.131
7620,250.000,0.313,0.313,52.192,52.192,4.790,0.781,0.781,8.058,8.058,61.344,1.25,35.00,33.0000,6.1344,27.605
7621,350.000,1.200,1.200,71.575,71.575,4.890,2.144,2.144,11.242,11.242,86.161,1.25,35.00,33.0000,8.6161,38.772
7622,500.000,5.000,5.000,99.206,99.206,5.040,6.250,6.250,15.979,15.979,126.435,1.25,35.00,33.0000,12.6435,56.896
7623,450.000,3.281,3.281,90.180,90.180,4.990,4.556,4.556,14.405,14.405,112.422,1.25,35.00,33.0000,11.2422,50.590
7624,300.000,0.648,0.648,61.983,61.983,4.840,1.350,1.350,9.653,9.653,73.634,1.25,35.00,33.0000,7.3634,33.135
7625,200.000,0.128,0.128,42.194,42.194,4.740,0.400,0.400,6.459,6.459,49.181,1.25,35.00,33.0000,4.9181,22.131
7626,250.000,0.313,0.313,52.192,52.192,4.790,0.781,0.781,8.058,8.058,61.344,1.25,35.00,33.0000,6.1344,27.605
7627,350.000,1.200,1.200,71.575,71.575,4.890,2.144,2.144,11.242,11.242,86.161,1.25,35.00,33.0000,8.6161,38.772
7628,500.000,5.000,5.000,99.206,99.206,5.040,6.250,6.250,15.979,15.979,126.435,1.25,35.00,33.0000,12.6435,56.896
7629,450.000,3.281,3.281,90.180,90.180,4.990,4.556,4.556,14.405,14.405,112.422,1.25,35.00,33.0000,11.2422,50.590
7630,300.000,0.648,0.648,61.983,61.983,4.840,1.350,1.350,9.653,9.653,73.634,1.25,35.00,33.0000,7.3634,33.135
7631,200.000,0.128,0.128,42.194,42.194,4.740,0.400,0.400,6.459,6.459,49.181,1.25,35.00,33.0000,4.9181,22.131
7632,250.000,0.313,0.313,52.192,52.192,4.790,0.781,0.781,8.058,8.058,61.344,1.25,35.00,33.0000,6.1344,27.605
7633,350.000,1.200,1.200,71.575,71.575,4.890,2.144,2.144,11.242,11.242,86.161,1.25,35.00,33.0000,8.6161,38.772
7634,500.000,5.000,5.000,99.206,99.206,5.040,6.250,6.250,15.979,15.979,126.435,1.25,35.00,33.0000,12.6435,56.896
7635,450.000,3.281,3.281,90.180,90.180,4.990,4.556,4.556,14.405,14.405,112.422,1.25,35.00,33.0000,11.2422,50.590
7636,300.000,0.648,0.648,61.983,61.983,4.840,1.350,1.350,9.653,9.653,73.634,1.25,35.00,33.0000,7.3634,33.135
7637,200.000,0.128,0.128,42.194,42.194,4.740,0.400,0.400,6.459,6.459,49.181,1.25,35.00,33.0000,4.9181,22.131
7638,250.000,0.313,0.313,52.192,52.192,4.790,0.781,0.781,8.058,8.058,61.344,1.25,35.00,33.0000,6.1344,27.605
7639,350.000,1.200,1.200,71.575,71.575,4.890,2.144,2.144,11.242,11.242,86.161,1.25,35.00,33.0000,8.6161,38.772
7640,500.000,5.000,5.000,99.206,99.206,5.040,6.250,6.250,15.979,15.979,126.435,1.25,35.00,33.0000,12.6435,56.896
7641,450.000,3.281,3.281,90.180,90.180,4.990,4.556,4.556,14.405,14.405,112.422,1.25,35.00,33.0000,11.2422,50.590
7642,300.000,0.648,0.648,61.983,61.983,4.840,1.350,1.350,9.653,9.653,73.634,1.25,35.00,33.0000,7.3634,33.135
7643,200.000,0.128,0.128,42.194,42.194,4.740,0.400,0.400,6.459,6.459,49.181,1.25,35.00,33.0000,4.9181,22.131
7644,250.000,0.313,0.313,52.192,52.192,4.790,0.781,0.781,8.058,8.058,61.344,1.25,35.00,33.0000,6.1344,27.605
7645,350.000,1.200,1.200,71.575,71.575,4.890,2.144,2.144,11.242,11.242,86.161,1.25,35.00,33.0000,8.6161,38.772
7646,500.000,5.000,5.000,99.206,99.206,5.040,6.250,6.250,15.979,15.979,126.435,1.25,35.00,33.0000,12.6435,56.896
7647,450.000,3.281,3.281,90.180,90.180,4.990,4.556,4.556,14.405,14.405,112.422,1.25,35.00,33.0000,11.2422,50.590
7648,300.000,0.648,0.648,61.983,61.983,4.840,1.350,1.350,9.653,9.653,73.634,1.25,35.00,33.0000,7.3634,33.135
7649,200.000,0.128,0.128,42.194,42.194,4.740,0.400,0.400,6.459,6.459,49.181,1.25,35.00,33.0000,4.9181,22.131
7650,250.000,0.313,0.313,52.192,52.192,4.790,0.781,0.781,8.058,8.058,61.344,1.25,35.00,33.0000,6.1344,27.605
7651,350.000,1.200,1.200,71.575,71.575,4.890,2.144,2.144,11.242,11.242,86.161,1.25,35.00,33.0000,8.6161,38.772
7652,500.000,5.000,5.000,99.206,99.206,5.040,6.250,6.250,15.979,15.979,126.435,1.25,35.00,33.0000,12.6435,56.896
7653,450.000,3.281,3.281,90.180,90.180,4.990,4.556,4.556,14.405,14.405,112.422,1.25,35.00,33.0000,11.2422,50.590
7654,300.000,0.648,0.648,61.983,61.983,4.840,1.350,1.350,9.653,9.653,73.634,1.25,35.00,33.0000,7.3634,33.135
7655,200.000,0.128,0.128,42.194,42.194,4.740,0.400,0.400,6.459,6.459,49.181,1.25,35.00,33.0000,4.9181,22.131
7656,250.000,0.313,0.313,52.192,52.192,4.790,0.781,0.781,8.058,8.058,61.344,1.25,35.00,33.0000,6.1344,27.605
7657,350.000,1.200,1.200,71.575,71.575,4.890,2.144,2.144,11.242,11.242,86.161,1.25,35.00,33.0000,8.6161,38.772
7658,500.000,5.000,5.000,99.206,99.206,5.040,6.250,6.250,15.979,15.979,126.435,1.25,35.00,33.0000,12.6435,56.896
7659,450.000,3.281,3.281,90.180,90.180,4.990,4.556,4.556,14.405,14.405,112.422,1.25,35.00,33.0000,11.2422,50.590
7660,300.000,0.648,0.648,61.983,61.983,4.840,1.350,1.350,9.653,9.653,73.634,1.25,35.00,33.0000,7.3634,33.135
7661,200.000,0.128,0.128,42.194,42.194,4.740,0.400,0.400,6.459,6.459,49.181,1.25,35.00,33.0000,4.9181,22.131
7662,250.000,0.313,0.313,52.192,52.192,4.790,0.781,0.781,8.058,8.058,61.344,1.25,35.00,33.0000,6.1344,27.605
7663,350.000,1.200,1.200,71.575,71.575,4.890,2.144,2.144,11.242,11.242,86.161,1.25,35.00,33.0000,8.6161,38.772
7664,500.000,5.000,5.000,99.206,99.206,5.040,6.250,6.250,15.979,15.979,126.435,1.25,35.00,33.0000,12.6435,56.896
7665,450.000,3.281,3.281,90.180,90.180,4.990,4.556,4.556,14.405,14.405,112.422,1.25,35.00,33.0000,11.2422,50.590
7666,300.000,0.648,0.648,61.983,61.983,4.840,1.350,1.350,9.653,9.653,73.634,1.25,35.00,33.0000,7.3634,33.135
7667,200.000,0.128,0.128,42.194,42.194,4.740,0.400,0.400,6.459,6.459,49.181,1.25,35.00,33.0000,4.9181,22.131
7668,250.000,0.313,0.313,52.192,52.192,4.790,0.781,0.781,8.058,8.058,61.344,1.25,35.00,33.0000,6.1344,27.605
7669,350.000,1.200,1.200,71.575,71.575,4.890,2.144,2.144,11.242,11.242,86.161,1.25,35.00,33.0000,8.6161,38.772
7670,500.000,5.000,5.000,99.206,99.206,5.040,6.250,6.250,15.979,15.979,126.435,1.25,35.00,33.0000,12.6435,56.896
7671,450.000,3.281,3.281,90.180,90.180,4.990,4.556,4.556,14.405,14.405,112.422,1.25,35.00,33.0000,11.2422,50.590
7672,300.000,0.648,0.648,61.983,61.983,4.840,1.350,1.350,9.653,9.653,73.634,1.25,35.00,33.0000,7.3634,33.135
7673,200.000,0.128,0.128,42.194,42.194,4.740,0.400,0.400,6.459,6.459,49.181,1.25,35.00,33.0000,4.9181,22.131
7674,250.000,0.313,0.313,52.192,52.192,4.790,0.781,0.781,8.058,8.058,61.344,1.25,35.00,33.0000,6.1344,27.605
7675,350.000,1.200,1.200,71.575,71.575,4.890,2.144,2.144,11.242,11.242,86.161,1.25,35.00,33.0000,8.6161,38.772
7676,500.000,5.000,5.000,99.206,99.206,5.040,6.250,6.250,15.979,15.979,126.435,1.25,35.00,33.0000,12.6435,56.896
7677,450.000,3.281,3.281,90.180,90.180,4.990,4.556,4.556,14.405,14.405,112.422,1.25,35.00,33.0000,11.2422,50.590
7678,300.000,0.648,0.648,61.983,61.983,4.840,1.350,1.350,9.653,9.653,73.634,1.25,35.00,33.0000,7.3634,33.135
7679,200.000,0.128,0.128,42.194,42.194,4.740,0.400,0.400,6.459,6.459,49.181,1.25,35.00,33.0000,4.9181,22.131
7680,250.000,0.313,0.313,52.192,52.192,4.790,0.781,0.781,8.058,8.058,61.344,1.25,35.00,33.0000,6.1344,27.605
7681,350.000,1.200,1.200,71.575,71.575,4.890,2.144,2.144,11.242,11.242,86.161,1.25,35.00,33.0000,8.6161,38.772
7682,500.000,5.000,5.000,99.206,99.206,5.040,6.250,6.250,15.979,15.979,126.435,1.25,35.00,33.0000,12.6435,56.896
7683,450.000,3.281,3.281,90.180,90.180,4.990,4.556,4.556,14.405,14.405,112.422,1.25,35.00,33.0000,11.2422,50.590
7684,300.000,0.648,0.648,61.983,61.983,4.840,1.350,1.350,9.653,9.653,73.634,1.25,35.00,33.0000,7.3634,33.135
7685,200.000,0.128,0.128,42.194,42.194,4.740,0.400,0.400,6.459,6.459,49.181,1.25,35.00,33.0000,4.9181,22.131
7686,250.000,0.313,0.313,52.192,52.192,4.790,0.781,0.781,8.058,8.058,61.344,1.25,35.00,33.0000,6.1344,27.605
7687,350.000,1.200,1.200,71.575,71.575,4.890,2.144,2.144,11.242,11.242,86.161,1.25,35.00,33.0000,8.6161,38.772
7688,500.000,5.000,5.000,99.206,99.206,5.040,6.250,6.250,15.979,15.979,126.435,1.25,35.00,33.0000,12.6435,56.896
7689,450.000,3.281,3.281,90.180,90.180,4.990,4.556,4.556,14.405,14.405,112.422,1.25,35.00,33.0000,11.2422,50.590
7690,300.000,0.648,0.648,61.983,61.983,4.840,1.350,1.350,9.653,9.653,73.634,1.25,35.00,33.0000,7.3634,33.135
7691,200.000,0.128,0.128,42.194,42.194,4.740,0.400,0.400,6.459,6.459,49.181,1.25,35.00,33.0000,4.9181,22.131
7692,250.000,0.313,0.313,52.192,52.192,4.790,0.781,0.781,8.058,8.058,61.344,1.25,35.00,33.0000,6.1344,27.605
7693,350.000,1.200,1.200,71.575,71.575,4.890,2.144,2.144,11.242,11.242,86.161,1.25,35.00,33.0000,8.6161,38.772
7694,500.000,5.000,5.000,99.206,99.206,5.040,6.250,6.250,15.979,15.979,126.435,1.25,35.00,33.0000,12.6435,56.896
7695,450.000,3.281,3.281,90.180,90.180,4.990,4.556,4.556,14.405,14.405,112.422,1.25,35.00,33.0000,11.2422,50.590
7696,300.000,0.648,0.648,61.983,61.983,4.840,1.350,1.350,9.653,9.653,73.634,1.25,35.00,33.0000,7.3634,33.135
7697,200.000,0.128,0.128,42.194,42.194,4.740,0.400,0.400,6.459,6.459,49.181,1.25,35.00,33.0000,4.9181,22.131
7698,250.000,0.313,0.313,52.192,52.192,4.790,0.781,0.781,8.058,8.058,61.344,1.25,35.00,33.0000,6.1344,27.605
7699,350.000,1.200,1.200,71.575,71.575,4.890,2.144,2.144,11.242,11.242,86.161,1.25,35.00,33.0000,8.6161,38.772
7700,500.000,5.000,5.000,99.206,99.206,5.040,6.250,6.250,15.979,15.979,126.435,1.25,35.00,33.0000,12.6435,56.896
7701,450.000,3.281,3.281,90.180,90.180,4.990,4.556,4.556,14.405,14.405,112.422,1.25,35.00,33.0000,11.2422,50.590
7702,300.000,0.648,0.648,61.983,61.983,4.840,1.350,1.350,9.653,9.653,73.634,1.25,35.00,33.0000,7.3634,33.135
7703,200.000,0.128,0.128,42.194,42.194,4.740,0.400,0.400,6.459,6.459,49.181,1.25,35.00,33.0000,4.9181,22.131
7704,250.000,0.313,0.313,52.192,52.192,4.790,0.781,0.781,8.058,8.058,61.344,1.25,35.00,33.0000,6.1344,27.605
7705,350.000,1.200,1.200,71.575,71.575,4.890,2.144,2.144,11.242,11.242,86.161,1.25,35.00,33.0000,8.6161,38.772
7706,500.000,5.000,5.000,99.206,99.206,5.040,6.250,6.250,15.979,15.979,126.435,1.25,35.00,33.0000,12.6435,56.896
7707,450.000,3.281,3.281,90.180,90.180,4.990,4.556,4.556,14.405,14.405,112.422,1.25,35.00,33.0000,11.2422,50.590
7708,300.000,0.648,0.648,61.983,61.983,4.840,1.350,1.350,9.653,9.653,73.634,1.25,35.00,33.0000,7.3634,33.135
7709,200.000,0.128,0.128,42.194,42.194,4.740,0.400,0.400,6.459,6.459,49.181,1.25,35.00,33.0000,4.9181,22.131
7710,250.000,0.313,0.313,52.192,52.192,4.790,0.781,0.781,8.058,8.058,61.344,1.25,35.00,33.0000,6.1344,27.605
7711,350.000,1.200,1.200,71.575,71.575,4.890,2.144,2.144,11.242,11.242,86.161,1.25,35.00,33.0000,8.6161,38.772
7712,500.000,5.000,5.000,99.206,99.206,5.040,6.250,6.250,15.979,15.979,126.435,1.25,35.00,33.0000,12.6435,56.896
7713,450.000,3.281,3.281,90.180,90.180,4.990,4.556,4.556,14.405,14.405,112.422,1.25,35.00,33.0000,11.2422,50.590
7714,300.000,0.648,0.648,61.983,61.983,4.840,1.350,1.350,9.653,9.653,73.634,1.25,35.00,33.0000,7.3634,33.135
7715,200.000,0.128,0.128,42.194,42.194,4.740,0.400,0.400,6.459,6.459,49.181,1.25,35.00,33.0000,4.9181,22.131
7716,250.000,0.313,0.313,52.192,52.192,4.790,0.781,0.781,8.058,8.058,61.344,1.25,35.00,33.0000,6.1344,27.605
7717,350.000,1.200,1.200,71.575,71.575,4.890,2.144,2.144,11.242,11.242,86.161,1.25,35.00,33.0000,8.6161,38.772
7718,500.000,5.000,5.000,99.206,99.206,5.040,6.250,6.250,15.979,15.979,126.435,1.25,35.00,33.0000,12.6435,56.896
7719,450.000,3.281,3.281,90.180,90.180,4.990,4.556,4.556,14.405,14.405,112.422,1.25,35.00,33.0000,11.2422,50.590
7720,300.000,0.648,0.648,61.983,61.983,4.840,1.350,1.350,9.653,9.653,73.634,1.25,35.00,33.0000,7.3634,33.135
7721,200.000,0.128,0.128,42.194,42.194,4.740,0.400,0.400,6.459,6.459,49.181,1.25,35.00,33.0000,4.9181,22.131
7722,250.000,0.313,0.313,52.192,52.192,4.790,0.781,0.781,8.058,8.058,61.344,1.25,35.00,33.0000,6.1344,27.605
7723,350.000,1.200,1.200,71.575,71.575,4.890,2.144,2.144,11.242,11.242,86.161,1.25,35.00,33.0000,8.6161,38.772
7724,500.000,5.000,5.000,99.206,99.206,5.040,6.250,6.250,15.979,15.979,126.435,1.25,35.00,33.0000,12.6435,56.896
7725,450.000,3.281,3.281,90.180,90.180,4.990,4.556,4.556,14.405,14.405,112.422,1.25,35.00,33.0000,11.2422,50.590
7726,300.000,0.648,0.648,61.983,61.983,4.840,1.350,1.350,9.653,9.653,73.634,1.25,35.00,33.0000,7.3634,33.135
7727,200.000,0.128,0.128,42.194,42.194,4.740,0.400,0.400,6.459,6.459,49.181,1.25,35.00,33.0000,4.9181,22.131
7728,250.000,0.313,0.313,52.192,52.192,4.790,0.781,0.781,8.058,8.058,61.344,1.25,35.00,33.0000,6.1344,27.605
7729,350.000,1.200,1.200,71.575,71.575,4.890,2.144,2.144,11.242,11.242,86.161,1.25,35.00,33.0000,8.6161,38.772
7730,500.000,5.000,5.000,99.206,99.206,5.040,6.250,6.250,15.979,15.979,126.435,1.25,35.00,33.0000,12.6435,56.896
7731,450.000,3.281,3.281,90.180,90.180,4.990,4.556,4.556,14.405,14.405,112.422,1.25,35.00,33.0000,11.2422,50.590
7732,300.000,0.648,0.648,61.983,61.983,4.840,1.350,1.350,9.653,9.653,73.634,1.25,35.00,33.0000,7.3634,33.135
7733,200.000,0.128,0.128,42.194,42.194,4.740,0.400,0.400,6.459,6.459,49.181,1.25,35.00,33.0000,4.9181,22.131
7734,250.000,0.313,0.313,52.192,52.192,4.790,0.781,0.781,8.058,8.058,61.344,1.25,35.00,33.0000,6.1344,27.605
7735,350.000,1.200,1.200,71.575,71.575,4.890,2.144,2.144,11.242,11.242,86.161,1.25,35.00,33.0000,8.6161,38.772
7736,500.000,5.000,5.000,99.206,99.206,5.040,6.250,6.250,15.979,15.979,126.435,1.25,35.00,33.0000,12.6435,56.896
7737,450.000,3.281,3.281,90.180,90.180,4.990,4.556,4.556,14.405,14.405,112.422,1.25,35.00,33.0000,11.2422,50.590
7738,300.000,0.648,0.648,61.983,61.983,4.840,1.350,1.350,9.653,9.653,73.634,1.25,35.00,33.0000,7.3634,33.135
7739,200.000,0.128,0.128,42.194,42.194,4.740,0.400,0.400,6.459,6.459,49.181,1.25,35.00,33.0000,4.9181,22.131
7740,250.000,0.313,0.313,52.192,52.192,4.790,0.781,0.781,8.058,8.058,61.344,1.25,35.00,33.0000,6.1344,27.605
7741,350.000,1.200,1.200,71.575,71.575,4.890,2.144,2.144,11.242,11.242,86.161,1.25,35.00,33.0000,8.6161,38.772
7742,500.000,5.000,5.000,99.206,99.206,5.040,6.250,6.250,15.979,15.979,126.435,1.25,35.00,33.0000,12.6435,56.896
7743,450.000,3.281,3.281,90.180,90.180,4.990,4.556,4.556,14.405,14.405,112.422,1.25,35.00,33.0000,11.2422,50.590
7744,300.000,0.648,0.648,61.983,61.983,4.840,1.350,1.350,9.653,9.653,73.634,1.25,35.00,33.0000,7.3634,33.135
7745,200.000,0.128,0.128,42.194,42.194,4.740,0.400,0.400,6.459,6.459,49.181,1.25,35.00,33.0000,4.9181,22.131
7746,250.000,0.313,0.313,52.192,52.192,4.790,0.781,0.781,8.058,8.058,61.344,1.25,35.00,33.0000,6.1344,27.605
7747,350.000,1.200,1.200,71.575,71.575,4.890,2.144,2.144,11.242,11.242,86.161,1.25,35.00,33.0000,8.6161,38.772
7748,500.000,5.000,5.000,99.206,99.206,5.040,6.250,6.250,15.979,15.979,126.435,1.25,35.00,33.0000,12.6435,56.896
7749,450.000,3.281,3.281,90.180,90.180,4.990,4.556,4.556,14.405,14.405,112.422,1.25,35.00,33.0000,11.2422,50.590
7750,300.000,0.648,0.648,61.983,61.983,4.840,1.350,1.350,9.653,9.653,73.634,1.25,35.00,33.0000,7.3634,33.135
7751,200.000,0.128,0.128,42.194,42.194,4.740,0.400,0.400,6.459,6.459,49.181,1.25,35.00,33.0000,4.9181,22.131
7752,250.000,0.313,0.313,52.192,52.192,4.790,0.781,0.781,8.058,8.058,61.344,1.25,35.00,33.0000,6.1344,27.605
7753,350.000,1.200,1.200,71.575,71.575,4.890,2.144,2.144,11.242,11.242,86.161,1.25,35.00,33.0000,8.6161,38.772
7754,500.000,5.000,5.000,99.206,99.206,5.040,6.250,6.250,15.979,15.979,126.435,1.25,35.00,33.0000,12.6435,56.896
7755,450.000,3.281,3.281,90.180,90.180,4.990,4.556,4.556,14.405,14.405,112.422,1.25,35.00,33.0000,11.2422,50.590
7756,300.000,0.648,0.648,61.983,61.983,4.840,1.350,1.350,9.653,9.653,73.634,1.25,35.00,33.0000,7.3634,33.135
7757,200.000,0.128,0.128,42.194,42.194,4.740,0.400,0.400,6.459,6.459,49.181,1.25,35.00,33.0000,4.9181,22.131
7758,250.000,0.313,0.313,52.192,52.192,4.790,0.781,0.781,8.058,8.058,61.344,1.25,35.00,33.0000,6.1344,27.605
7759,350.000,1.200,1.200,71.575,71.575,4.890,2.144,2.144,11.242,11.242,86.161,1.25,35.00,33.0000,8.6161,38.772
7760,500.000,5.000,5.000,99.206,99.206,5.040,6.250,6.250,15.979,15.979,126.435,1.25,35.00,33.0000,12.6435,56.896
7761,450.000,3.281,3.281,90.180,90.180,4.990,4.556,4.556,14.405,14.405,112.422,1.25,35.00,33.0000,11.2422,50.590
7762,300.000,0.648,0.648,61.983,61.983,4.840,1.350,1.350,9.653,9.653,73.634,1.25,35.00,33.0000,7.3634,33.135
7763,200.000,0.128,0.128,42.194,42.194,4.740,0.400,0.400,6.459,6.459,49.181,1.25,35.00,33.0000,4.9181,22.131
7764,250.000,0.313,0.313,52.192,52.192,4.790,0.781,0.781,8.058,8.058,61.344,1.25,35.00,33.0000,6.1344,27.605
7765,350.000,1.200,1.200,71.575,71.575,4.890,2.144,2.144,11.242,11.242,86.161,1.25,35.00,33.0000,8.6161,38.772
7766,500.000,5.000,5.000,99.206,99.206,5.040,6.250,6.250,15.979,15.979,126.435,1.25,35.00,33.0000,12.6435,56.896
7767,450.000,3.281,3.281,90.180,90.180,4.990,4.556,4.556,14.405,14.405,112.422,1.25,35.00,33.0000,11.2422,50.590
7768,300.000,0.648,0.648,61.983,61.983,4.840,1.350,1.350,9.653,9.653,73.634,1.25,35.00,33.0000,7.3634,33.135
7769,200.000,0.128,0.128,42.194,42.194,4.740,0.400,0.400,6.459,6.459,49.181,1.25,35.00,33.0000,4.9181,22.131
7770,250.000,0.313,0.313,52.192,52.192,4.790,0.781,0.781,8.058,8.058,61.344,1.25,35.00,33.0000,6.1344,27.605
7771,350.000,1.200,1.200,71.575,71.575,4.890,2.144,2.144,11.242,11.242,86.161,1.25,35.00,33.0000,8.6161,38.772
7772,500.000,5.000,5.000,99.206,99.206,5.040,6.250,6.250,15.979,15.979,126.435,1.25,35.00,33.0000,12.6435,56.896
7773,450.000,3.281,3.281,90.180,90.180,4.990,4.556,4.556,14.405,14.405,112.422,1.25,35.00,33.0000,11.2422,50.590
7774,300.000,0.648,0.648,61.983,61.983,4.840,1.350,1.350,9.653,9.653,73.634,1.25,35.00,33.0000,7.3634,33.135
7775,200.000,0.128,0.128,42.194,42.194,4.740,0.400,0.400,6.459,6.459,49.181,1.25,35.00,33.0000,4.9181,22.131
7776,250.000,0.313,0.313,52.192,52.192,4.790,0.781,0.781,8.058,8.058,61.344,1.25,35.00,33.0000,6.1344,27.605
7777,350.000,1.200,1.200,71.575,71.575,4.890,2.144,2.144,11.242,11.242,86.161,1.25,35.00,33.0000,8.6161,38.772
7778,500.000,5.000,5.000,99.206,99.206,5.040,6.250,6.250,15.979,15.979,126.435,1.25,35.00,33.0000,12.6435,56.896
7779,450.000,3.281,3.281,90.180,90.180,4.990,4.556,4.556,14.405,14.405,112.422,1.25,35.00,33.0000,11.2422,50.590
7780,300.000,0.648,0.648,61.983,61.983,4.840,1.350,1.350,9.653,9.653,73.634,1.25,35.00,33.0000,7.3634,33.135
7781,200.000,0.128,0.128,42.194,42.194,4.740,0.400,0.400,6.459,6.459,49.181,1.25,35.00,33.0000,4.9181,22.131
7782,250.000,0.313,0.313,52.192,52.192,4.790,0.781,0.781,8.058,8.058,61.344,1.25,35.00,33.0000,6.1344,27.605
7783,350.000,1.200,1.200,71.575,71.575,4.890,2.144,2.144,11.242,11.242,86.161,1.25,35.00,33.0000,8.6161,38.772
7784,500.000,5.000,5.000,99.206,99.206,5.040,6.250,6.250,15.979,15.979,126.435,1.25,35.00,33.0000,12.6435,56.896
7785,450.000,3.281,3.281,90.180,90.180,4.990,4.556,4.556,14.405,14.405,112.422,1.25,35.00,33.0000,11.2422,50.590
7786,300.000,0.648,0.648,61.983,61.983,4.840,1.350,1.350,9.653,9.653,73.634,1.25,35.00,33.0000,7.3634,33.135
7787,200.000,0.128,0.128,42.194,42.194,4.740,0.400,0.400,6.459,6.459,49.181,1.25,35.00,33.0000,4.9181,22.131
7788,250.000,0.313,0.313,52.192,52.192,4.790,0.781,0.781,8.058,8.058,61.344,1.25,35.00,33.0000,6.1344,27.605
7789,350.000,1.200,1.200,71.575,71.575,4.890,2.144,2.144,11.242,11.242,86.161,1.25,35.00,33.0000,8.6161,38.772
7790,500.000,5.000,5.000,99.206,99.206,5.040,6.250,6.250,15.979,15.979,126.435,1.25,35.00,33.0000,12.6435,56.896
7791,450.000,3.281,3.281,90.180,90.180,4.990,4.556,4.556,14.405,14.405,112.422,1.25,35.00,33.0000,11.2422,50.590
7792,300.000,0.648,0.648,61.983,61.983,4.840,1.350,1.350,9.653,9.653,73.634,1.25,35.00,33.0000,7.3634,33.135
7793,200.000,0.128,0.128,42.194,42.194,4.740,0.400,0.400,6.459,6.459,49.181,1.25,35.00,33.0000,4.9181,22.131
7794,250.000,0.313,0.313,52.192,52.192,4.790,0.781,0.781,8.058,8.058,61.344,1.25,35.00,33.0000,6.1344,27.605
7795,350.000,1.200,1.200,71.575,71.575,4.890,2.144,2.144,11.242,11.242,86.161,1.25,35.00,33.0000,8.6161,38.772
7796,500.000,5.000,5.000,99.206,99.206,5.040,6.250,6.250,15.979,15.979,126.435,1.25,35.00,33.0000,12.6435,56.896
7797,450.000,3.281,3.281,90.180,90.180,4.990,4.556,4.556,14.405,14.405,112.422,1.25,35.00,33.0000,11.2422,50.590
7798,300.000,0.648,0.648,61.983,61.983,4.840,1.350,1.350,9.653,9.653,73.634,1.25,35.00,33.0000,7.3634,33.135
7799,200.000,0.128,0.128,42.194,42.194,4.740,0.400,0.400,6.459,6.459,49.181,1.25,35.00,33.0000,4.9181,22.131
7800,250.000,0.313,0.313,52.192,52.192,4.790,0.781,0.781,8.058,8.058,61.344,1.25,35.00,33.0000,6.1344,27.605
7801,350.000,1.200,1.200,71.575,71.575,4.890,2.144,2.144,11.242,11.242,86.161,1.25,35.00,33.0000,8.6161,38.772
7802,500.000,5.000,5.000,99.206,99.206,5.040,6.250,6.250,15.979,15.979,126.435,1.25,35.00,33.0000,12.6435,56.896
7803,450.000,3.281,3.281,90.180,90.180,4.990,4.556,4.556,14.405,14.405,112.422,1.25,35.00,33.0000,11.2422,50.590
7804,300.000,0.648,0.648,61.983,61.983,4.840,1.350,1.350,9.653,9.653,73.634,1.25,35.00,33.0000,7.3634,33.135
7805,200.000,0.128,0.128,42.194,42.194,4.740,0.400,0.400,6.459,6.459,49.181,1.25,35.00,33.0000,4.9181,22.131
7806,250.000,0.313,0.313,52.192,52.192,4.790,0.781,0.781,8.058,8.058,61.344,1.25,35.00,33.0000,6.1344,27.605
7807,350.000,1.200,1.200,71.575,71.575,4.890,2.144,2.144,11.242,11.242,86.161,1.25,35.00,33.0000,8.6161,38.772
7808,500.000,5.000,5.000,99.206,99.206,5.040,6.250,6.250,15.979,15.979,126.435,1.25,35.00,33.0000,12.6435,56.896
7809,450.000,3.281,3.281,90.180,90.180,4.990,4.556,4.556,14.405,14.405,112.422,1.25,35.00,33.0000,11.2422,50.590
7810,300.000,0.648,0.648,61.983,61.983,4.840,1.350,1.350,9.653,9.653,73.634,1.25,35.00,33.0000,7.3634,33.135
7811,200.000,0.128,0.128,42.194,42.194,4.740,0.400,0.400,6.459,6.459,49.181,1.25,35.00,33.0000,4.9181,22.131
7812,250.000,0.313,0.313,52.192,52.192,4.790,0.781,0.781,8.058,8.058,61.344,1.25,35.00,33.0000,6.1344,27.605
7813,350.000,1.200,1.200,71.575,71.575,4.890,2.144,2.144,11.242,11.242,86.161,1.25,35.00,33.0000,8.6161,38.772
7814,500.000,5.000,5.000,99.206,99.206,5.040,6.250,6.250,15.979,15.979,126.435,1.25,35.00,33.0000,12.6435,56.896
7815,450.000,3.281,3.281,90.180,90.180,4.990,4.556,4.556,14.405,14.405,112.422,1.25,35.00,33.0000,11.2422,50.590
7816,300.000,0.648,0.648,61.983,61.983,4.840,1.350,1.350,9.653,9.653,73.634,1.25,35.00,33.0000,7.3634,33.135
7817,200.000,0.128,0.128,42.194,42.194,4.740,0.400,0.400,6.459,6.459,49.181,1.25,35.00,33.0000,4.9181,22.131
7818,250.000,0.313,0.313,52.192,52.192,4.790,0.781,0.781,8.058,8.058,61.344,1.25,35.00,33.0000,6.1344,27.605
7819,350.000,1.200,1.200,71.575,71.575,4.890,2.144,2.144,11.242,11.242,86.161,1.25,35.00,33.0000,8.6161,38.772
7820,500.000,5.000,5.000,99.206,99.206,5.040,6.250,6.250,15.979,15.979,126.435,1.25,35.00,33.0000,12.6435,56.896
7821,450.000,3.281,3.281,90.180,90.180,4.990,4.556,4.556,14.405,14.405,112.422,1.25,35.00,33.0000,11.2422,50.590
7822,300.000,0.648,0.648,61.983,61.983,4.840,1.350,1.350,9.653,9.653,73.634,1.25,35.00,33.0000,7.3634,33.135
7823,200.000,0.128,0.128,42.194,42.194,4.740,0.400,0.400,6.459,6.459,49.181,1.25,35.00,33.0000,4.9181,22.131
7824,250.000,0.313,0.313,52.192,52.192,4.790,0.781,0.781,8.058,8.058,61.344,1.25,35.00,33.0000,6.1344,27.605
7825,350.000,1.200,1.200,71.575,71.575,4.890,2.144,2.144,11.242,11.242,86.161,1.25,35.00,33.0000,8.6161,38.772
7826,500.000,5.000,5.000,99.206,99.206,5.040,6.250,6.250,15.979,15.979,126.435,1.25,35.00,33.0000,12.6435,56.896
7827,450.000,3.281,3.281,90.180,90.180,4.990,4.556,4.556,14.405,14.405,112.422,1.25,35.00,33.0000,11.2422,50.590
7828,300.000,0.648,0.648,61.983,61.983,4.840,1.350,1.350,9.653,9.653,73.634,1.25,35.00,33.0000,7.3634,33.135
7829,200.000,0.128,0.128,42.194,42.194,4.740,0.400,0.400,6.459,6.459,49.181,1.25,35.00,33.0000,4.9181,22.131
7830,250.000,0.313,0.313,52.192,52.192,4.790,0.781,0.781,8.058,8.058,61.344,1.25,35.00,33.0000,6.1344,27.605
7831,350.000,1.200,1.200,71.575,71.575,4.890,2.144,2.144,11.242,11.242,86.161,1.25,35.00,33.0000,8.6161,38.772
7832,500.000,5.000,5.000,99.206,99.206,5.040,6.250,6.250,15.979,15.979,126.435,1.25,35.00,33.0000,12.6435,56.896
7833,450.000,3.281,3.281,90.180,90.180,4.990,4.556,4.556,14.405,14.405,112.422,1.25,35.00,33.0000,11.2422,50.590
7834,300.000,0.648,0.648,61.983,61.983,4.840,1.350,1.350,9.653,9.653,73.634,1.25,35.00,33.0000,7.3634,33.135
7835,200.000,0.128,0.128,42.194,42.194,4.740,0.400,0.400,6.459,6.459,49.181,1.25,35.00,33.0000,4.9181,22.131
7836,250.000,0.313,0.313,52.192,52.192,4.790,0.781,0.781,8.058,8.058,61.344,1.25,35.00,33.0000,6.1344,27.605
7837,350.000,1.200,1.200,71.575,71.575,4.890,2.144,2.144,11.242,11.242,86.161,1.25,35.00,33.0000,8.6161,38.772
7838,500.000,5.000,5.000,99.206,99.206,5.040,6.250,6.250,15.979,15.979,126.435,1.25,35.00,33.0000,12.6435,56.896
7839,450.000,3.281,3.281,90.180,90.180,4.990,4.556,4.556,14.405,14.405,112.422,1.25,35.00,33.0000,11.2422,50.590
7840,300.000,0.648,0.648,61.983,61.983,4.840,1.350,1.350,9.653,9.653,73.634,1.25,35.00,33.0000,7.3634,33.135
7841,200.000,0.128,0.128,42.194,42.194,4.740,0.400,0.400,6.459,6.459,49.181,1.25,35.00,33.0000,4.9181,22.131
7842,250.000,0.313,0.313,52.192,52.192,4.790,0.781,0.781,8.058,8.058,61.344,1.25,35.00,33.0000,6.1344,27.605
7843,350.000,1.200,1.200,71.575,71.575,4.890,2.144,2.144,11.242,11.242,86.161,1.25,35.00,33.0000,8.6161,38.772
7844,500.000,5.000,5.000,99.206,99.206,5.040,6.250,6.250,15.979,15.979,126.435,1.25,35.00,33.0000,12.6435,56.896
7845,450.000,3.281,3.281,90.180,90.180,4.990,4.556,4.556,14.405,14.405,112.422,1.25,35.00,33.0000,11.2422,50.590
7846,300.000,0.648,0.648,61.983,61.983,4.840,1.350,1.350,9.653,9.653,73.634,1.25,35.00,33.0000,7.3634,33.135
7847,200.000,0.128,0.128,42.194,42.194,4.740,0.400,0.400,6.459,6.459,49.181,1.25,35.00,33.0000,4.9181,22.131
7848,250.000,0.313,0.313,52.192,52.192,4.790,0.781,0.781,8.058,8.058,61.344,1.25,35.00,33.0000,6.1344,27.605
7849,350.000,1.200,1.200,71.575,71.575,4.890,2.144,2.144,11.242,11.242,86.161,1.25,35.00,33.0000,8.6161,38.772
7850,500.000,5.000,5.000,99.206,99.206,5.040,6.250,6.250,15.979,15.979,126.435,1.25,35.00,33.0000,12.6435,56.896
7851,450.000,3.281,3.281,90.180,90.180,4.990,4.556,4.556,14.405,14.405,112.422,1.25,35.00,33.0000,11.2422,50.590
7852,300.000,0.648,0.648,61.983,61.983,4.840,1.350,1.350,9.653,9.653,73.634,1.25,35.00,33.0000,7.3634,33.135
7853,200.000,0.128,0.128,42.194,42.194,4.740,0.400,0.400,6.459,6.459,49.181,1.25,35.00,33.0000,4.9181,22.131
7854,250.000,0.313,0.313,52.192,52.192,4.790,0.781,0.781,8.058,8.058,61.344,1.25,35.00,33.0000,6.1344,27.605
7855,350.000,1.200,1.200,71.575,71.575,4.890,2.144,2.144,11.242,11.242,86.161,1.25,35.00,33.0000,8.6161,38.772
7856,500.000,5.000,5.000,99.206,99.206,5.040,6.250,6.250,15.979,15.979,126.435,1.25,35.00,33.0000,12.6435,56.896
7857,450.000,3.281,3.281,90.180,90.180,4.990,4.556,4.556,14.405,14.405,112.422,1.25,35.00,33.0000,11.2422,50.590
7858,300.000,0.648,0.648,61.983,61.983,4.840,1.350,1.350,9.653,9.653,73.634,1.25,35.00,33.0000,7.3634,33.135
7859,200.000,0.128,0.128,42.194,42.194,4.740,0.400,0.400,6.459,6.459,49.181,1.25,35.00,33.0000,4.9181,22.131
7860,250.000,0.313,0.313,52.192,52.192,4.790,0.781,0.781,8.058,8.058,61.344,1.25,35.00,33.0000,6.1344,27.605
7861,350.000,1.200,1.200,71.575,71.575,4.890,2.144,2.144,11.242,11.242,86.161,1.25,35.00,33.0000,8.6161,38.772
7862,500.000,5.000,5.000,99.206,99.206,5.040,6.250,6.250,15.979,15.979,126.435,1.25,35.00,33.0000,12.6435,56.896
7863,450.000,3.281,3.281,90.180,90.180,4.990,4.556,4.556,14.405,14.405,112.422,1.25,35.00,33.0000,11.2422,50.590
7864,300.000,0.648,0.648,61.983,61.983,4.840,1.350,1.350,9.653,9.653,73.634,1.25,35.00,33.0000,7.3634,33.135
7865,200.000,0.128,0.128,42.194,42.194,4.740,0.400,0.400,6.459,6.459,49.181,1.25,35.00,33.0000,4.9181,22.131
7866,250.000,0.313,0.313,52.192,52.192,4.790,0.781,0.781,8.058,8.058,61.344,1.25,35.00,33.0000,6.1344,27.605
7867,350.000,1.200,1.200,71.575,71.575,4.890,2.144,2.144,11.242,11.242,86.161,1.25,35.00,33.0000,8.6161,38.772
7868,500.000,5.000,5.000,99.206,99.206,5.040,6.250,6.250,15.979,15.979,126.435,1.25,35.00,33.0000,12.6435,56.896
7869,450.000,3.281,3.281,90.180,90.180,4.990,4.556,4.556,14.405,14.405,112.422,1.25,35.00,33.0000,11.2422,50.590
7870,300.000,0.648,0.648,61.983,61.983,4.840,1.350,1.350,9.653,9.653,73.634,1.25,35.00,33.0000,7.3634,33.135
7871,200.000,0.128,0.128,42.194,42.194,4.740,0.400,0.400,6.459,6.459,49.181,1.25,35.00,33.0000,4.9181,22.131
7872,250.000,0.313,0.313,52.192,52.192,4.790,0.781,0.781,8.058,8.058,61.344,1.25,35.00,33.0000,6.1344,27.605
7873,350.000,1.200,1.200,71.575,71.575,4.890,2.144,2.144,11.242,11.242,86.161,1.25,35.00,33.0000,8.6161,38.772
7874,500.000,5.000,5.000,99.206,99.206,5.040,6.250,6.250,15.979,15.979,126.435,1.25,35.00,33.0000,12.6435,56.896
7875,450.000,3.281,3.281,90.180,90.180,4.990,4.556,4.556,14.405,14.405,112.422,1.25,35.00,33.0000,11.2422,50.590
7876,300.000,0.648,0.648,61.983,61.983,4.840,1.350,1.350,9.653,9.653,73.634,1.25,35.00,33.0000,7.3634,33.135
7877,200.000,0.128,0.128,42.194,42.194,4.740,0.400,0.400,6.459,6.459,49.181,1.25,35.00,33.0000,4.9181,22.131
7878,250.000,0.313,0.313,52.192,52.192,4.790,0.781,0.781,8.058,8.058,61.344,1.25,35.00,33.0000,6.1344,27.605
7879,350.000,1.200,1.200,71.575,71.575,4.890,2.144,2.144,11.242,11.242,86.161,1.25,35.00,33.0000,8.6161,38.772
7880,500.000,5.000,5.000,99.206,99.206,5.040,6.250,6.250,15.979,15.979,126.435,1.25,35.00,33.0000,12.6435,56.896
7881,450.000,3.281,3.281,90.180,90.180,4.990,4.556,4.556,14.405,14.405,112.422,1.25,35.00,33.0000,11.2422,50.590
7882,300.000,0.648,0.648,61.983,61.983,4.840,1.350,1.350,9.653,9.653,73.634,1.25,35.00,33.0000,7.3634,33.135
7883,200.000,0.128,0.128,42.194,42.194,4.740,0.400,0.400,6.459,6.459,49.181,1.25,35.00,33.0000,4.9181,22.131
7884,250.000,0.313,0.313,52.192,52.192,4.790,0.781,0.781,8.058,8.058,61.344,1.25,35.00,33.0000,6.1344,27.605
7885,350.000,1.200,1.200,71.575,71.575,4.890,2.144,2.144,11.242,11.242,86.161,1.25,35.00,33.0000,8.6161,38.772
7886,500.000,5.000,5.000,99.206,99.206,5.040,6.250,6.250,15.979,15.979,126.435,1.25,35.00,33.0000,12.6435,56.896
7887,450.000,3.281,3.281,90.180,90.180,4.990,4.556,4.556,14.405,14.405,112.422,1.25,35.00,33.0000,11.2422,50.590
7888,300.000,0.648,0.648,61.983,61.983,4.840,1.350,1.350,9.653,9.653,73.634,1.25,35.00,33.0000,7.3634,33.135
7889,200.000,0.128,0.128,42.194,42.194,4.740,0.400,0.400,6.459,6.459,49.181,1.25,35.00,33.0000,4.9181,22.131
7890,250.000,0.313,0.313,52.192,52.192,4.790,0.781,0.781,8.058,8.058,61.344,1.25,35.00,33.0000,6.1344,27.605
7891,350.000,1.200,1.200,71.575,71.575,4.890,2.144,2.144,11.242,11.242,86.161,1.25,35.00,33.0000,8.6161,38.772
7892,500.000,5.000,5.000,99.206,99.206,5.040,6.250,6.250,15.979,15.979,126.435,1.25,35.00,33.0000,12.6435,56.896
7893,450.000,3.281,3.281,90.180,90.180,4.990,4.556,4.556,14.405,14.405,112.422,1.25,35.00,33.0000,11.2422,50.590
7894,300.000,0.648,0.648,61.983,61.983,4.840,1.350,1.350,9.653,9.653,73.634,1.25,35.00,33.0000,7.3634,33.135
7895,200.000,0.128,0.128,42.194,42.194,4.740,0.400,0.400,6.459,6.459,49.181,1.25,35.00,33.0000,4.9181,22.131
7896,250.000,0.313,0.313,52.192,52.192,4.790,0.781,0.781,8.058,8.058,61.344,1.25,35.00,33.0000,6.1344,27.605
7897,350.000,1.200,1.200,71.575,71.575,4.890,2.144,2.144,11.242,11.242,86.161,1.25,35.00,33.0000,8.6161,38.772
7898,500.000,5.000,5.000,99.206,99.206,5.040,6.250,6.250,15.979,15.979,126.435,1.25,35.00,33.0000,12.6435,56.896
7899,450.000,3.281,3.281,90.180,90.180,4.990,4.556,4.556,14.405,14.405,112.422,1.25,35.00,33.0000,11.2422,50.590
7900,300.000,0.648,0.648,61.983,61.983,4.840,1.350,1.350,9.653,9.653,73.634,1.25,35.00,33.0000,7.3634,33.135
7901,200.000,0.128,0.128,42.194,42.194,4.740,0.400,0.400,6.459,6.459,49.181,1.25,35.00,33.0000,4.9181,22.131
7902,250.000,0.313,0.313,52.192,52.192,4.790,0.781,0.781,8.058,8.058,61.344,1.25,35.00,33.0000,6.1344,27.605
7903,350.000,1.200,1.200,71.575,71.575,4.890,2.144,2.144,11.242,11.242,86.161,1.25,35.00,33.0000,8.6161,38.772
7904,500.000,5.000,5.000,99.206,99.206,5.040,6.250,6.250,15.979,15.979,126.435,1.25,35.00,33.0000,12.6435,56.896
7905,450.000,3.281,3.281,90.180,90.180,4.990,4.556,4.556,14.405,14.405,112.422,1.25,35.00,33.0000,11.2422,50.590
7906,300.000,0.648,0.648,61.983,61.983,4.840,1.350,1.350,9.653,9.653,73.634,1.25,35.00,33.0000,7.3634,33.135
7907,200.000,0.128,0.128,42.194,42.194,4.740,0.400,0.400,6.459,6.459,49.181,1.25,35.00,33.0000,4.9181,22.131
7908,250.000,0.313,0.313,52.192,52.192,4.790,0.781,0.781,8.058,8.058,61.344,1.25,35.00,33.0000,6.1344,27.605
7909,350.000,1.200,1.200,71.575,71.575,4.890,2.144,2.144,11.242,11.242,86.161,1.25,35.00,33.0000,8.6161,38.772
7910,500.000,5.000,5.000,99.206,99.206,5.040,6.250,6.250,15.979,15.979,126.435,1.25,35.00,33.0000,12.6435,56.896
7911,450.000,3.281,3.281,90.180,90.180,4.990,4.556,4.556,14.405,14.405,112.422,1.25,35.00,33.0000,11.2422,50.590
7912,300.000,0.648,0.648,61.983,61.983,4.840,1.350,1.350,9.653,9.653,73.634,1.25,35.00,33.0000,7.3634,33.135
7913,200.000,0.128,0.128,42.194,42.194,4.740,0.400,0.400,6.459,6.459,49.181,1.25,35.00,33.0000,4.9181,22.131
7914,250.000,0.313,0.313,52.192,52.192,4.790,0.781,0.781,8.058,8.058,61.344,1.25,35.00,33.0000,6.1344,27.605
7915,350.000,1.200,1.200,71.575,71.575,4.890,2.144,2.144,11.242,11.242,86.161,1.25,35.00,33.0000,8.6161,38.772
7916,500.000,5.000,5.000,99.206,99.206,5.040,6.250,6.250,15.979,15.979,126.435,1.25,35.00,33.0000,12.6435,56.896
7917,450.000,3.281,3.281,90.180,90.180,4.990,4.556,4.556,14.405,14.405,112.422,1.25,35.00,33.0000,11.2422,50.590
7918,300.000,0.648,0.648,61.983,61.983,4.840,1.350,1.350,9.653,9.653,73.634,1.25,35.00,33.0000,7.3634,33.135
7919,200.000,0.128,0.128,42.194,42.194,4.740,0.400,0.400,6.459,6.459,49.181,1.25,35.00,33.0000,4.9181,22.131
7920,250.000,0.313,0.313,52.192,52.192,4.790,0.781,0.781,8.058,8.058,61.344,1.25,35.00,33.0000,6.1344,27.605
7921,350.000,1.200,1.200,71.575,71.575,4.890,2.144,2.144,11.242,11.242,86.161,1.25,35.00,33.0000,8.6161,38.772
7922,500.000,5.000,5.000,99.206,99.206,5.040,6.250,6.250,15.979,15.979,126.435,1.25,35.00,33.0000,12.6435,56.896
7923,450.000,3.281,3.281,90.180,90.180,4.990,4.556,4.556,14.405,14.405,112.422,1.25,35.00,33.0000,11.2422,50.590
7924,300.000,0.648,0.648,61.983,61.983,4.840,1.350,1.350,9.653,9.653,73.634,1.25,35.00,33.0000,7.3634,33.135
7925,200.000,0.128,0.128,42.194,42.194,4.740,0.400,0.400,6.459,6.459,49.181,1.25,35.00,33.0000,4.9181,22.131
7926,250.000,0.313,0.313,52.192,52.192,4.790,0.781,0.781,8.058,8.058,61.344,1.25,35.00,33.0000,6.1344,27.605
7927,350.000,1.200,1.200,71.575,71.575,4.890,2.144,2.144,11.242,11.242,86.161,1.25,35.00,33.0000,8.6161,38.772
7928,500.000,5.000,5.000,99.206,99.206,5.040,6.250,6.250,15.979,15.979,126.435,1.25,35.00,33.0000,12.6435,56.896
7929,450.000,3.281,3.281,90.180,90.180,4.990,4.556,4.556,14.405,14.405,112.422,1.25,35.00,33.0000,11.2422,50.590
7930,300.000,0.648,0.648,61.983,61.983,4.840,1.350,1.350,9.653,9.653,73.634,1.25,35.00,33.0000,7.3634,33.135
7931,200.000,0.128,0.128,42.194,42.194,4.740,0.400,0.400,6.459,6.459,49.181,1.25,35.00,33.0000,4.9181,22.131
7932,250.000,0.313,0.313,52.192,52.192,4.790,0.781,0.781,8.058,8.058,61.344,1.25,35.00,33.0000,6.1344,27.605
7933,350.000,1.200,1.200,71.575,71.575,4.890,2.144,2.144,11.242,11.242,86.161,1.25,35.00,33.0000,8.6161,38.772
7934,500.000,5.000,5.000,99.206,99.206,5.040,6.250,6.250,15.979,15.979,126.435,1.25,35.00,33.0000,12.6435,56.896
7935,450.000,3.281,3.281,90.180,90.180,4.990,4.556,4.556,14.405,14.405,112.422,1.25,35.00,33.0000,11.2422,50.590
7936,300.000,0.648,0.648,61.983,61.983,4.840,1.350,1.350,9.653,9.653,73.634,1.25,35.00,33.0000,7.3634,33.135
7937,200.000,0.128,0.128,42.194,42.194,4.740,0.400,0.400,6.459,6.459,49.181,1.25,35.00,33.0000,4.9181,22.131
7938,250.000,0.313,0.313,52.192,52.192,4.790,0.781,0.781,8.058,8.058,61.344,1.25,35.00,33.0000,6.1344,27.605
7939,350.000,1.200,1.200,71.575,71.575,4.890,2.144,2.144,11.242,11.242,86.161,1.25,35.00,33.0000,8.6161,38.772
7940,500.000,5.000,5.000,99.206,99.206,5.040,6.250,6.250,15.979,15.979,126.435,1.25,35.00,33.0000,12.6435,56.896
7941,450.000,3.281,3.281,90.180,90.180,4.990,4.556,4.556,14.405,14.405,112.422,1.25,35.00,33.0000,11.2422,50.590
7942,300.000,0.648,0.648,61.983,61.983,4.840,1.350,1.350,9.653,9.653,73.634,1.25,35.00,33.0000,7.3634,33.135
7943,200.000,0.128,0.128,42.194,42.194,4.740,0.400,0.400,6.459,6.459,49.181,1.25,35.00,33.0000,4.9181,22.131
7944,250.000,0.313,0.313,52.192,52.192,4.790,0.781,0.781,8.058,8.058,61.344,1.25,35.00,33.0000,6.1344,27.605
7945,350.000,1.200,1.200,71.575,71.575,4.890,2.144,2.144,11.242,11.242,86.161,1.25,35.00,33.0000,8.6161,38.772
7946,500.000,5.000,5.000,99.206,99.206,5.040,6.250,6.250,15.979,15.979,126.435,1.25,35.00,33.0000,12.6435,56.896
7947,450.000,3.281,3.281,90.180,90.180,4.990,4.556,4.556,14.405,14.405,112.422,1.25,35.00,33.0000,11.2422,50.590
7948,300.000,0.648,0.648,61.983,61.983,4.840,1.350,1.350,9.653,9.653,73.634,1.25,35.00,33.0000,7.3634,33.135
7949,200.000,0.128,0.128,42.194,42.194,4.740,0.400,0.400,6.459,6.459,49.181,1.25,35.00,33.0000,4.9181,22.131
7950,250.000,0.313,0.313,52.192,52.192,4.790,0.781,0.781,8.058,8.058,61.344,1.25,35.00,33.0000,6.1344,27.605
7951,350.000,1.200,1.200,71.575,71.575,4.890,2.144,2.144,11.242,11.242,86.161,1.25,35.00,33.0000,8.6161,38.772
7952,500.000,5.000,5.000,99.206,99.206,5.040,6.250,6.250,15.979,15.979,126.435,1.25,35.00,33.0000,12.6435,56.896
7953,450.000,3.281,3.281,90.180,90.180,4.990,4.556,4.556,14.405,14.405,112.422,1.25,35.00,33.0000,11.2422,50.590
7954,300.000,0.648,0.648,61.983,61.983,4.840,1.350,1.350,9.653,9.653,73.634,1.25,35.00,33.0000,7.3634,33.135
7955,200.000,0.128,0.128,42.194,42.194,4.740,0.400,0.400,6.459,6.459,49.181,1.25,35.00,33.0000,4.9181,22.131
7956,250.000,0.313,0.313,52.192,52.192,4.790,0.781,0.781,8.058,8.058,61.344,1.25,35.00,33.0000,6.1344,27.605
7957,350.000,1.200,1.200,71.575,71.575,4.890,2.144,2.144,11.242,11.242,86.161,1.25,35.00,33.0000,8.6161,38.772
7958,500.000,5.000,5.000,99.206,99.206,5.040,6.250,6.250,15.979,15.979,126.435,1.25,35.00,33.0000,12.6435,56.896
7959,450.000,3.281,3.281,90.180,90.180,4.990,4.556,4.556,14.405,14.405,112.422,1.25,35.00,33.0000,11.2422,50.590
7960,300.000,0.648,0.648,61.983,61.983,4.840,1.350,1.350,9.653,9.653,73.634,1.25,35.00,33.0000,7.3634,33.135
7961,200.000,0.128,0.128,42.194,42.194,4.740,0.400,0.400,6.459,6.459,49.181,1.25,35.00,33.0000,4.9181,22.131
7962,250.000,0.313,0.313,52.192,52.192,4.790,0.781,0.781,8.058,8.058,61.344,1.25,35.00,33.0000,6.1344,27.605
7963,350.000,1.200,1.200,71.575,71.575,4.890,2.144,2.144,11.242,11.242,86.161,1.25,35.00,33.0000,8.6161,38.772
7964,500.000,5.000,5.000,99.206,99.206,5.040,6.250,6.250,15.979,15.979,126.435,1.25,35.00,33.0000,12.6435,56.896
7965,450.000,3.281,3.281,90.180,90.180,4.990,4.556,4.556,14.405,14.405,112.422,1.25,35.00,33.0000,11.2422,50.590
7966,300.000,0.648,0.648,61.983,61.983,4.840,1.350,1.350,9.653,9.653,73.634,1.25,35.00,33.0000,7.3634,33.135
7967,200.000,0.128,0.128,42.194,42.194,4.740,0.400,0.400,6.459,6.459,49.181,1.25,35.00,33.0000,4.9181,22.131
7968,250.000,0.313,0.313,52.192,52.192,4.790,0.781,0.781,8.058,8.058,61.344,1.25,35.00,33.0000,6.1344,27.605
7969,350.000,1.200,1.200,71.575,71.575,4.890,2.144,2.144,11.242,11.242,86.161,1.25,35.00,33.0000,8.6161,38.772
7970,500.000,5.000,5.000,99.206,99.206,5.040,6.250,6.250,15.979,15.979,126.435,1.25,35.00,33.0000,12.6435,56.896
7971,450.000,3.281,3.281,90.180,90.180,4.990,4.556,4.556,14.405,14.405,112.422,1.25,35.00,33.0000,11.2422,50.590
7972,300.000,0.648,0.648,61.983,61.983,4.840,1.350,1.350,9.653,9.653,73.634,1.25,35.00,33.0000,7.3634,33.135
7973,200.000,0.128,0.128,42.194,42.194,4.740,0.400,0.400,6.459,6.459,49.181,1.25,35.00,33.0000,4.9181,22.131
7974,250.000,0.313,0.313,52.192,52.192,4.790,0.781,0.781,8.058,8.058,61.344,1.25,35.00,33.0000,6.1344,27.605
7975,350.000,1.200,1.200,71.575,71.575,4.890,2.144,2.144,11.242,11.242,86.161,1.25,35.00,33.0000,8.6161,38.772
7976,500.000,5.000,5.000,99.206,99.206,5.040,6.250,6.250,15.979,15.979,126.435,1.25,35.00,33.0000,12.6435,56.896
7977,450.000,3.281,3.281,90.180,90.180,4.990,4.556,4.556,14.405,14.405,112.422,1.25,35.00,33.0000,11.2422,50.590
7978,300.000,0.648,0.648,61.983,61.983,4.840,1.350,1.350,9.653,9.653,73.634,1.25,35.00,33.0000,7.3634,33.135
7979,200.000,0.128,0.128,42.194,42.194,4.740,0.400,0.400,6.459,6.459,49.181,1.25,35.00,33.0000,4.9181,22.131
7980,250.000,0.313,0.313,52.192,52.192,4.790,0.781,0.781,8.058,8.058,61.344,1.25,35.00,33.0000,6.1344,27.605
7981,350.000,1.200,1.200,71.575,71.575,4.890,2.144,2.144,11.242,11.242,86.161,1.25,35.00,33.0000,8.6161,38.772
7982,500.000,5.000,5.000,99.206,99.206,5.040,6.250,6.250,15.979,15.979,126.435,1.25,35.00,33.0000,12.6435,56.896
7983,450.000,3.281,3.281,90.180,90.180,4.990,4.556,4.556,14.405,14.405,112.422,1.25,35.00,33.0000,11.2422,50.590
7984,300.000,0.648,0.648,61.983,61.983,4.840,1.350,1.350,9.653,9.653,73.634,1.25,35.00,33.0000,7.3634,33.135
7985,200.000,0.128,0.128,42.194,42.194,4.740,0.400,0.400,6.459,6.459,49.181,1.25,35.00,33.0000,4.9181,22.131
7986,250.000,0.313,0.313,52.192,52.192,4.790,0.781,0.781,8.058,8.058,61.344,1.25,35.00,33.0000,6.1344,27.605
7987,350.000,1.200,1.200,71.575,71.575,4.890,2.144,2.144,11.242,11.242,86.161,1.25,35.00,33.0000,8.6161,38.772
7988,500.000,5.000,5.000,99.206,99.206,5.040,6.250,6.250,15.979,15.979,126.435,1.25,35.00,33.0000,12.6435,56.896
7989,450.000,3.281,3.281,90.180,90.180,4.990,4.556,4.556,14.405,14.405,112.422,1.25,35.00,33.0000,11.2422,50.590
7990,300.000,0.648,0.648,61.983,61.983,4.840,1.350,1.350,9.653,9.653,73.634,1.25,35.00,33.0000,7.3634,33.135
7991,200.000,0.128,0.128,42.194,42.194,4.740,0.400,0.400,6.459,6.459,49.181,1.25,35.00,33.0000,4.9181,22.131
7992,250.000,0.313,0.313,52.192,52.192,4.790,0.781,0.781,8.058,8.058,61.344,1.25,35.00,33.0000,6.1344,27.605
7993,350.000,1.200,1.200,71.575,71.575,4.890,2.144,2.144,11.242,11.242,86.161,1.25,35.00,33.0000,8.6161,38.772
7994,500.000,5.000,5.000,99.206,99.206,5.040,6.250,6.250,15.979,15.979,126.435,1.25,35.00,33.0000,12.6435,56.896
7995,450.000,3.281,3.281,90.180,90.180,4.990,4.556,4.556,14.405,14.405,112.422,1.25,35.00,33.0000,11.2422,50.590
7996,300.000,0.648,0.648,61.983,61.983,4.840,1.350,1.350,9.653,9.653,73.634,1.25,35.00,33.0000,7.3634,33.135
7997,200.000,0.128,0.128,42.194,42.194,4.740,0.400,0.400,6.459,6.459,49.181,1.25,35.00,33.0000,4.9181,22.131
7998,250.000,0.313,0.313,52.192,52.192,4.790,0.781,0.781,8.058,8.058,61.344,1.25,35.00,33.0000,6.1344,27.605
7999,350.000,1.200,1.200,71.575,71.575,4.890,2.144,2.144,11.242,11.242,86.161,1.25,35.00,33.0000,8.6161,38.772
8000,500.000,5.000,5.000,99.206,99.206,5.040,6.250,6.250,15.979,15.979,126.435,1.25,35.00,33.0000,12.6435,56.896
8001,450.000,3.281,3.281,90.180,90.180,4.990,4.556,4.556,14.405,14.405,112.422,1.25,35.00,33.0000,11.2422,50.590
8002,300.000,0.648,0.648,61.983,61.983,4.840,1.350,1.350,9.653,9.653,73.634,1.25,35.00,33.0000,7.3634,33.135
8003,200.000,0.128,0.128,42.194,42.194,4.740,0.400,0.400,6.459,6.459,49.181,1.25,35.00,33.0000,4.9181,22.131
8004,250.000,0.313,0.313,52.192,52.192,4.790,0.781,0.781,8.058,8.058,61.344,1.25,35.00,33.0000,6.1344,27.605
8005,350.000,1.200,1.200,71.575,71.575,4.890,2.144,2.144,11.242,11.242,86.161,1.25,35.00,33.0000,8.6161,38.772
8006,500.000,5.000,5.000,99.206,99.206,5.040,6.250,6.250,15.979,15.979,126.435,1.25,35.00,33.0000,12.6435,56.896
8007,450.000,3.281,3.281,90.180,90.180,4.990,4.556,4.556,14.405,14.405,112.422,1.25,35.00,33.0000,11.2422,50.590
8008,300.000,0.648,0.648,61.983,61.983,4.840,1.350,1.350,9.653,9.653,73.634,1.25,35.00,33.0000,7.3634,33.135
8009,200.000,0.128,0.128,42.194,42.194,4.740,0.400,0.400,6.459,6.459,49.181,1.25,35.00,33.0000,4.9181,22.131
8010,250.000,0.313,0.313,52.192,52.192,4.790,0.781,0.781,8.058,8.058,61.344,1.25,35.00,33.0000,6.1344,27.605
8011,350.000,1.200,1.200,71.575,71.575,4.890,2.144,2.144,11.242,11.242,86.161,1.25,35.00,33.0000,8.6161,38.772
8012,500.000,5.000,5.000,99.206,99.206,5.040,6.250,6.250,15.979,15.979,126.435,1.25,35.00,33.0000,12.6435,56.896
8013,450.000,3.281,3.281,90.180,90.180,4.990,4.556,4.556,14.405,14.405,112.422,1.25,35.00,33.0000,11.2422,50.590
8014,300.000,0.648,0.648,61.983,61.983,4.840,1.350,1.350,9.653,9.653,73.634,1.25,35.00,33.0000,7.3634,33.135
8015,200.000,0.128,0.128,42.194,42.194,4.740,0.400,0.400,6.459,6.459,49.181,1.25,35.00,33.0000,4.9181,22.131
8016,250.000,0.313,0.313,52.192,52.192,4.790,0.781,0.781,8.058,8.058,61.344,1.25,35.00,33.0000,6.1344,27.605
8017,350.000,1.200,1.200,71.575,71.575,4.890,2.144,2.144,11.242,11.242,86.161,1.25,35.00,33.0000,8.6161,38.772
8018,500.000,5.000,5.000,99.206,99.206,5.040,6.250,6.250,15.979,15.979,126.435,1.25,35.00,33.0000,12.6435,56.896
8019,450.000,3.281,3.281,90.180,90.180,4.990,4.556,4.556,14.405,14.405,112.422,1.25,35.00,33.0000,11.2422,50.590
8020,300.000,0.648,0.648,61.983,61.983,4.840,1.350,1.350,9.653,9.653,73.634,1.25,35.00,33.0000,7.3634,33.135
8021,200.000,0.128,0.128,42.194,42.194,4.740,0.400,0.400,6.459,6.459,49.181,1.25,35.00,33.0000,4.9181,22.131
8022,250.000,0.313,0.313,52.192,52.192,4.790,0.781,0.781,8.058,8.058,61.344,1.25,35.00,33.0000,6.1344,27.605
8023,350.000,1.200,1.200,71.575,71.575,4.890,2.144,2.144,11.242,11.242,86.161,1.25,35.00,33.0000,8.6161,38.772
8024,500.000,5.000,5.000,99.206,99.206,5.040,6.250,6.250,15.979,15.979,126.435,1.25,35.00,33.0000,12.6435,56.896
8025,450.000,3.281,3.281,90.180,90.180,4.990,4.556,4.556,14.405,14.405,112.422,1.25,35.00,33.0000,11.2422,50.590
8026,300.000,0.648,0.648,61.983,61.983,4.840,1.350,1.350,9.653,9.653,73.634,1.25,35.00,33.0000,7.3634,33.135
8027,200.000,0.128,0.128,42.194,42.194,4.740,0.400,0.400,6.459,6.459,49.181,1.25,35.00,33.0000,4.9181,22.131
8028,250.000,0.313,0.313,52.192,52.192,4.790,0.781,0.781,8.058,8.058,61.344,1.25,35.00,33.0000,6.1344,27.605
8029,350.000,1.200,1.200,71.575,71.575,4.890,2.144,2.144,11.242,11.242,86.161,1.25,35.00,33.0000,8.6161,38.772
8030,500.000,5.000,5.000,99.206,99.206,5.040,6.250,6.250,15.979,15.979,126.435,1.25,35.00,33.0000,12.6435,56.896
8031,450.000,3.281,3.281,90.180,90.180,4.990,4.556,4.556,14.405,14.405,112.422,1.25,35.00,33.0000,11.2422,50.590
8032,300.000,0.648,0.648,61.983,61.983,4.840,1.350,1.350,9.653,9.653,73.634,1.25,35.00,33.0000,7.3634,33.135
8033,200.000,0.128,0.128,42.194,42.194,4.740,0.400,0.400,6.459,6.459,49.181,1.25,35.00,33.0000,4.9181,22.131
8034,250.000,0.313,0.313,52.192,52.192,4.790,0.781,0.781,8.058,8.058,61.344,1.25,35.00,33.0000,6.1344,27.605
8035,350.000,1.200,1.200,71.575,71.575,4.890,2.144,2.144,11.242,11.242,86.161,1.25,35.00,33.0000,8.6161,38.772
8036,500.000,5.000,5.000,99.206,99.206,5.040,6.250,6.250,15.979,15.979,126.435,1.25,35.00,33.0000,12.6435,56.896
8037,450.000,3.281,3.281,90.180,90.180,4.990,4.556,4.556,14.405,14.405,112.422,1.25,35.00,33.0000,11.2422,50.590
8038,300.000,0.648,0.648,61.983,61.983,4.840,1.350,1.350,9.653,9.653,73.634,1.25,35.00,33.0000,7.3634,33.135
8039,200.000,0.128,0.128,42.194,42.194,4.740,0.400,0.400,6.459,6.459,49.181,1.25,35.00,33.0000,4.9181,22.131
8040,250.000,0.313,0.313,52.192,52.192,4.790,0.781,0.781,8.058,8.058,61.344,1.25,35.00,33.0000,6.1344,27.605
8041,350.000,1.200,1.200,71.575,71.575,4.890,2.144,2.144,11.242,11.242,86.161,1.25,35.00,33.0000,8.6161,38.772
8042,500.000,5.000,5.000,99.206,99.206,5.040,6.250,6.250,15.979,15.979,126.435,1.25,35.00,33.0000,12.6435,56.896
8043,450.000,3.281,3.281,90.180,90.180,4.990,4.556,4.556,14.405,14.405,112.422,1.25,35.00,33.0000,11.2422,50.590
8044,300.000,0.648,0.648,61.983,61.983,4.840,1.350,1.350,9.653,9.653,73.634,1.25,35.00,33.0000,7.3634,33.135
8045,200.000,0.128,0.128,42.194,42.194,4.740,0.400,0.400,6.459,6.459,49.181,1.25,35.00,33.0000,4.9181,22.131
8046,250.000,0.313,0.313,52.192,52.192,4.790,0.781,0.781,8.058,8.058,61.344,1.25,35.00,33.0000,6.1344,27.605
8047,350.000,1.200,1.200,71.575,71.575,4.890,2.144,2.144,11.242,11.242,86.161,1.25,35.00,33.0000,8.6161,38.772
8048,500.000,5.000,5.000,99.206,99.206,5.040,6.250,6.250,15.979,15.979,126.435,1.25,35.00,33.0000,12.6435,56.896
8049,450.000,3.281,3.281,90.180,90.180,4.990,4.556,4.556,14.405,14.405,112.422,1.25,35.00,33.0000,11.2422,50.590
8050,300.000,0.648,0.648,61.983,61.983,4.840,1.350,1.350,9.653,9.653,73.634,1.25,35.00,33.0000,7.3634,33.135
8051,200.000,0.128,0.128,42.194,42.194,4.740,0.400,0.400,6.459,6.459,49.181,1.25,35.00,33.0000,4.9181,22.131
8052,250.000,0.313,0.313,52.192,52.192,4.790,0.781,0.781,8.058,8.058,61.344,1.25,35.00,33.0000,6.1344,27.605
8053,350.000,1.200,1.200,71.575,71.575,4.890,2.144,2.144,11.242,11.242,86.161,1.25,35.00,33.0000,8.6161,38.772
8054,500.000,5.000,5.000,99.206,99.206,5.040,6.250,6.250,15.979,15.979,126.435,1.25,35.00,33.0000,12.6435,56.896
8055,450.000,3.281,3.281,90.180,90.180,4.990,4.556,4.556,14.405,14.405,112.422,1.25,35.00,33.0000,11.2422,50.590
8056,300.000,0.648,0.648,61.983,61.983,4.840,1.350,1.350,9.653,9.653,73.634,1.25,35.00,33.0000,7.3634,33.135
8057,200.000,0.128,0.128,42.194,42.194,4.740,0.400,0.400,6.459,6.459,49.181,1.25,35.00,33.0000,4.9181,22.131
8058,250.000,0.313,0.313,52.192,52.192,4.790,0.781,0.781,8.058,8.058,61.344,1.25,35.00,33.0000,6.1344,27.605
8059,350.000,1.200,1.200,71.575,71.575,4.890,2.144,2.144,11.242,11.242,86.161,1.25,35.00,33.0000,8.6161,38.772
8060,500.000,5.000,5.000,99.206,99.206,5.040,6.250,6.250,15.979,15.979,126.435,1.25,35.00,33.0000,12.6435,56.896
8061,450.000,3.281,3.281,90.180,90.180,4.990,4.556,4.556,14.405,14.405,112.422,1.25,35.00,33.0000,11.2422,50.590
8062,300.000,0.648,0.648,61.983,61.983,4.840,1.350,1.350,9.653,9.653,73.634,1.25,35.00,33.0000,7.3634,33.135
8063,200.000,0.128,0.128,42.194,42.194,4.740,0.400,0.400,6.459,6.459,49.181,1.25,35.00,33.0000,4.9181,22.131
8064,250.000,0.313,0.313,52.192,52.192,4.790,0.781,0.781,8.058,8.058,61.344,1.25,35.00,33.0000,6.1344,27.605
8065,350.000,1.200,1.200,71.575,71.575,4.890,2.144,2.144,11.242,11.242,86.161,1.25,35.00,33.0000,8.6161,38.772
8066,500.000,5.000,5.000,99.206,99.206,5.040,6.250,6.250,15.979,15.979,126.435,1.25,35.00,33.0000,12.6435,56.896
8067,450.000,3.281,3.281,90.180,90.180,4.990,4.556,4.556,14.405,14.405,112.422,1.25,35.00,33.0000,11.2422,50.590
8068,300.000,0.648,0.648,61.983,61.983,4.840,1.350,1.350,9.653,9.653,73.634,1.25,35.00,33.0000,7.3634,33.135
8069,200.000,0.128,0.128,42.194,42.194,4.740,0.400,0.400,6.459,6.459,49.181,1.25,35.00,33.0000,4.9181,22.131
8070,250.000,0.313,0.313,52.192,52.192,4.790,0.781,0.781,8.058,8.058,61.344,1.25,35.00,33.0000,6.1344,27.605
8071,350.000,1.200,1.200,71.575,71.575,4.890,2.144,2.144,11.242,11.242,86.161,1.25,35.00,33.0000,8.6161,38.772
8072,500.000,5.000,5.000,99.206,99.206,5.040,6.250,6.250,15.979,15.979,126.435,1.25,35.00,33.0000,12.6435,56.896
8073,450.000,3.281,3.281,90.180,90.180,4.990,4.556,4.556,14.405,14.405,112.422,1.25,35.00,33.0000,11.2422,50.590
8074,300.000,0.648,0.648,61.983,61.983,4.840,1.350,1.350,9.653,9.653,73.634,1.25,35.00,33.0000,7.3634,33.135
8075,200.000,0.128,0.128,42.194,42.194,4.740,0.400,0.400,6.459,6.459,49.181,1.25,35.00,33.0000,4.9181,22.131
8076,250.000,0.313,0.313,52.192,52.192,4.790,0.781,0.781,8.058,8.058,61.344,1.25,35.00,33.0000,6.1344,27.605
8077,350.000,1.200,1.200,71.575,71.575,4.890,2.144,2.144,11.242,11.242,86.161,1.25,35.00,33.0000,8.6161,38.772
8078,500.000,5.000,5.000,99.206,99.206,5.040,6.250,6.250,15.979,15.979,126.435,1.25,35.00,33.0000,12.6435,56.896
8079,450.000,3.281,3.281,90.180,90.180,4.990,4.556,4.556,14.405,14.405,112.422,1.25,35.00,33.0000,11.2422,50.590
8080,300.000,0.648,0.648,61.983,61.983,4.840,1.350,1.350,9.653,9.653,73.634,1.25,35.00,33.0000,7.3634,33.135
8081,200.000,0.128,0.128,42.194,42.194,4.740,0.400,0.400,6.459,6.459,49.181,1.25,35.00,33.0000,4.9181,22.131
8082,250.000,0.313,0.313,52.192,52.192,4.790,0.781,0.781,8.058,8.058,61.344,1.25,35.00,33.0000,6.1344,27.605
8083,350.000,1.200,1.200,71.575,71.575,4.890,2.144,2.144,11.242,11.242,86.161,1.25,35.00,33.0000,8.6161,38.772
8084,500.000,5.000,5.000,99.206,99.206,5.040,6.250,6.250,15.979,15.979,126.435,1.25,35.00,33.0000,12.6435,56.896
8085,450.000,3.281,3.281,90.180,90.180,4.990,4.556,4.556,14.405,14.405,112.422,1.25,35.00,33.0000,11.2422,50.590
8086,300.000,0.648,0.648,61.983,61.983,4.840,1.350,1.350,9.653,9.653,73.634,1.25,35.00,33.0000,7.3634,33.135
8087,200.000,0.128,0.128,42.194,42.194,4.740,0.400,0.400,6.459,6.459,49.181,1.25,35.00,33.0000,4.9181,22.131
8088,250.000,0.313,0.313,52.192,52.192,4.790,0.781,0.781,8.058,8.058,61.344,1.25,35.00,33.0000,6.1344,27.605
8089,350.000,1.200,1.200,71.575,71.575,4.890,2.144,2.144,11.242,11.242,86.161,1.25,35.00,33.0000,8.6161,38.772
8090,500.000,5.000,5.000,99.206,99.206,5.040,6.250,6.250,15.979,15.979,126.435,1.25,35.00,33.0000,12.6435,56.896
8091,450.000,3.281,3.281,90.180,90.180,4.990,4.556,4.556,14.405,14.405,112.422,1.25,35.00,33.0000,11.2422,50.590
8092,300.000,0.648,0.648,61.983,61.983,4.840,1.350,1.350,9.653,9.653,73.634,1.25,35.00,33.0000,7.3634,33.135
8093,200.000,0.128,0.128,42.194,42.194,4.740,0.400,0.400,6.459,6.459,49.181,1.25,35.00,33.0000,4.9181,22.131
8094,250.000,0.313,0.313,52.192,52.192,4.790,0.781,0.781,8.058,8.058,61.344,1.25,35.00,33.0000,6.1344,27.605
8095,350.000,1.200,1.200,71.575,71.575,4.890,2.144,2.144,11.242,11.242,86.161,1.25,35.00,33.0000,8.6161,38.772
8096,500.000,5.000,5.000,99.206,99.206,5.040,6.250,6.250,15.979,15.979,126.435,1.25,35.00,33.0000,12.6435,56.896
8097,450.000,3.281,3.281,90.180,90.180,4.990,4.556,4.556,14.405,14.405,112.422,1.25,35.00,33.0000,11.2422,50.590
8098,300.000,0.648,0.648,61.983,61.983,4.840,1.350,1.350,9.653,9.653,73.634,1.25,35.00,33.0000,7.3634,33.135
8099,200.000,0.128,0.128,42.194,42.194,4.740,0.400,0.400,6.459,6.459,49.181,1.25,35.00,33.0000,4.9181,22.131
8100,250.000,0.313,0.313,52.192,52.192,4.790,0.781,0.781,8.058,8.058,61.344,1.25,35.00,33.0000,6.1344,27.605
8101,350.000,1.200,1.200,71.575,71.575,4.890,2.144,2.144,11.242,11.242,86.161,1.25,35.00,33.0000,8.6161,38.772
8102,500.000,5.000,5.000,99.206,99.206,5.040,6.250,6.250,15.979,15.979,126.435,1.25,35.00,33.0000,12.6435,56.896
8103,450.000,3.281,3.281,90.180,90.180,4.990,4.556,4.556,14.405,14.405,112.422,1.25,35.00,33.0000,11.2422,50.590
8104,300.000,0.648,0.648,61.983,61.983,4.840,1.350,1.350,9.653,9.653,73.634,1.25,35.00,33.0000,7.3634,33.135
8105,200.000,0.128,0.128,42.194,42.194,4.740,0.400,0.400,6.459,6.459,49.181,1.25,35.00,33.0000,4.9181,22.131
8106,250.000,0.313,0.313,52.192,52.192,4.790,0.781,0.781,8.058,8.058,61.344,1.25,35.00,33.0000,6.1344,27.605
8107,350.000,1.200,1.200,71.575,71.575,4.890,2.144,2.144,11.242,11.242,86.161,1.25,35.00,33.0000,8.6161,38.772
8108,500.000,5.000,5.000,99.206,99.206,5.040,6.250,6.250,15.979,15.979,126.435,1.25,35.00,33.0000,12.6435,56.896
8109,450.000,3.281,3.281,90.180,90.180,4.990,4.556,4.556,14.405,14.405,112.422,1.25,35.00,33.0000,11.2422,50.590
8110,300.000,0.648,0.648,61.983,61.983,4.840,1.350,1.350,9.653,9.653,73.634,1.25,35.00,33.0000,7.3634,33.135
8111,200.000,0.128,0.128,42.194,42.194,4.740,0.400,0.400,6.459,6.459,49.181,1.25,35.00,33.0000,4.9181,22.131
8112,250.000,0.313,0.313,52.192,52.192,4.790,0.781,0.781,8.058,8.058,61.344,1.25,35.00,33.0000,6.1344,27.605
8113,350.000,1.200,1.200,71.575,71.575,4.890,2.144,2.144,11.242,11.242,86.161,1.25,35.00,33.0000,8.6161,38.772
8114,500.000,5.000,5.000,99.206,99.206,5.040,6.250,6.250,15.979,15.979,126.435,1.25,35.00,33.0000,12.6435,56.896
8115,450.000,3.281,3.281,90.180,90.180,4.990,4.556,4.556,14.405,14.405,112.422,1.25,35.00,33.0000,11.2422,50.590
8116,300.000,0.648,0.648,61.983,61.983,4.840,1.350,1.350,9.653,9.653,73.634,1.25,35.00,33.0000,7.3634,33.135
8117,200.000,0.128,0.128,42.194,42.194,4.740,0.400,0.400,6.459,6.459,49.181,1.25,35.00,33.0000,4.9181,22.131
8118,250.000,0.313,0.313,52.192,52.192,4.790,0.781,0.781,8.058,8.058,61.344,1.25,35.00,33.0000,6.1344,27.605
8119,350.000,1.200,1.200,71.575,71.575,4.890,2.144,2.144,11.242,11.242,86.161,1.25,35.00,33.0000,8.6161,38.772
8120,500.000,5.000,5.000,99.206,99.206,5.040,6.250,6.250,15.979,15.979,126.435,1.25,35.00,33.0000,12.6435,56.896
8121,450.000,3.281,3.281,90.180,90.180,4.990,4.556,4.556,14.405,14.405,112.422,1.25,35.00,33.0000,11.2422,50.590
8122,300.000,0.648,0.648,61.983,61.983,4.840,1.350,1.350,9.653,9.653,73.634,1.25,35.00,33.0000,7.3634,33.135
8123,200.000,0.128,0.128,42.194,42.194,4.740,0.400,0.400,6.459,6.459,49.181,1.25,35.00,33.0000,4.9181,22.131
8124,250.000,0.313,0.313,52.192,52.192,4.790,0.781,0.781,8.058,8.058,61.344,1.25,35.00,33.0000,6.1344,27.605
8125,350.000,1.200,1.200,71.575,71.575,4.890,2.144,2.144,11.242,11.242,86.161,1.25,35.00,33.0000,8.6161,38.772
8126,500.000,5.000,5.000,99.206,99.206,5.040,6.250,6.250,15.979,15.979,126.435,1.25,35.00,33.0000,12.6435,56.896
8127,450.000,3.281,3.281,90.180,90.180,4.990,4.556,4.556,14.405,14.405,112.422,1.25,35.00,33.0000,11.2422,50.590
8128,300.000,0.648,0.648,61.983,61.983,4.840,1.350,1.350,9.653,9.653,73.634,1.25,35.00,33.0000,7.3634,33.135
8129,200.000,0.128,0.128,42.194,42.194,4.740,0.400,0.400,6.459,6.459,49.181,1.25,35.00,33.0000,4.9181,22.131
8130,250.000,0.313,0.313,52.192,52.192,4.790,0.781,0.781,8.058,8.058,61.344,1.25,35.00,33.0000,6.1344,27.605
8131,350.000,1.200,1.200,71.575,71.575,4.890,2.144,2.144,11.242,11.242,86.161,1.25,35.00,33.0000,8.6161,38.772
8132,500.000,5.000,5.000,99.206,99.206,5.040,6.250,6.250,15.979,15.979,126.435,1.25,35.00,33.0000,12.6435,56.896
8133,450.000,3.281,3.281,90.180,90.180,4.990,4.556,4.556,14.405,14.405,112.422,1.25,35.00,33.0000,11.2422,50.590
8134,300.000,0.648,0.648,61.983,61.983,4.840,1.350,1.350,9.653,9.653,73.634,1.25,35.00,33.0000,7.3634,33.135
8135,200.000,0.128,0.128,42.194,42.194,4.740,0.400,0.400,6.459,6.459,49.181,1.25,35.00,33.0000,4.9181,22.131
8136,250.000,0.313,0.313,52.192,52.192,4.790,0.781,0.781,8.058,8.058,61.344,1.25,35.00,33.0000,6.1344,27.605
8137,350.000,1.200,1.200,71.575,71.575,4.890,2.144,2.144,11.242,11.242,86.161,1.25,35.00,33.0000,8.6161,38.772
8138,500.000,5.000,5.000,99.206,99.206,5.040,6.250,6.250,15.979,15.979,126.435,1.25,35.00,33.0000,12.6435,56.896
8139,450.000,3.281,3.281,90.180,90.180,4.990,4.556,4.556,14.405,14.405,112.422,1.25,35.00,33.0000,11.2422,50.590
8140,300.000,0.648,0.648,61.983,61.983,4.840,1.350,1.350,9.653,9.653,73.634,1.25,35.00,33.0000,7.3634,33.135
8141,200.000,0.128,0.128,42.194,42.194,4.740,0.400,0.400,6.459,6.459,49.181,1.25,35.00,33.0000,4.9181,22.131
8142,250.000,0.313,0.313,52.192,52.192,4.790,0.781,0.781,8.058,8.058,61.344,1.25,35.00,33.0000,6.1344,27.605
8143,350.000,1.200,1.200,71.575,71.575,4.890,2.144,2.144,11.242,11.242,86.161,1.25,35.00,33.0000,8.6161,38.772
8144,500.000,5.000,5.000,99.206,99.206,5.040,6.250,6.250,15.979,15.979,126.435,1.25,35.00,33.0000,12.6435,56.896
8145,450.000,3.281,3.281,90.180,90.180,4.990,4.556,4.556,14.405,14.405,112.422,1.25,35.00,33.0000,11.2422,50.590
8146,300.000,0.648,0.648,61.983,61.983,4.840,1.350,1.350,9.653,9.653,73.634,1.25,35.00,33.0000,7.3634,33.135
8147,200.000,0.128,0.128,42.194,42.194,4.740,0.400,0.400,6.459,6.459,49.181,1.25,35.00,33.0000,4.9181,22.131
8148,250.000,0.313,0.313,52.192,52.192,4.790,0.781,0.781,8.058,8.058,61.344,1.25,35.00,33.0000,6.1344,27.605
8149,350.000,1.200,1.200,71.575,71.575,4.890,2.144,2.144,11.242,11.242,86.161,1.25,35.00,33.0000,8.6161,38.772
8150,500.000,5.000,5.000,99.206,99.206,5.040,6.250,6.250,15.979,15.979,126.435,1.25,35.00,33.0000,12.6435,56.896
8151,450.000,3.281,3.281,90.180,90.180,4.990,4.556,4.556,14.405,14.405,112.422,1.25,35.00,33.0000,11.2422,50.590
8152,300.000,0.648,0.648,61.983,61.983,4.840,1.350,1.350,9.653,9.653,73.634,1.25,35.00,33.0000,7.3634,33.135
8153,200.000,0.128,0.128,42.194,42.194,4.740,0.400,0.400,6.459,6.459,49.181,1.25,35.00,33.0000,4.9181,22.131
8154,250.000,0.313,0.313,52.192,52.192,4.790,0.781,0.781,8.058,8.058,61.344,1.25,35.00,33.0000,6.1344,27.605
8155,350.000,1.200,1.200,71.575,71.575,4.890,2.144,2.144,11.242,11.242,86.161,1.25,35.00,33.0000,8.6161,38.772
8156,500.000,5.000,5.000,99.206,99.206,5.040,6.250,6.250,15.979,15.979,126.435,1.25,35.00,33.0000,12.6435,56.896
8157,450.000,3.281,3.281,90.180,90.180,4.990,4.556,4.556,14.405,14.405,112.422,1.25,35.00,33.0000,11.2422,50.590
8158,300.000,0.648,0.648,61.983,61.983,4.840,1.350,1.350,9.653,9.653,73.634,1.25,35.00,33.0000,7.3634,33.135
8159,200.000,0.128,0.128,42.194,42.194,4.740,0.400,0.400,6.459,6.459,49.181,1.25,35.00,33.0000,4.9181,22.131
8160,250.000,0.313,0.313,52.192,52.192,4.790,0.781,0.781,8.058,8.058,61.344,1.25,35.00,33.0000,6.1344,27.605
8161,350.000,1.200,1.200,71.575,71.575,4.890,2.144,2.144,11.242,11.242,86.161,1.25,35.00,33.0000,8.6161,38.772
8162,500.000,5.000,5.000,99.206,99.206,5.040,6.250,6.250,15.979,15.979,126.435,1.25,35.00,33.0000,12.6435,56.896
8163,450.000,3.281,3.281,90.180,90.180,4.990,4.556,4.556,14.405,14.405,112.422,1.25,35.00,33.0000,11.2422,50.590
8164,300.000,0.648,0.648,61.983,61.983,4.840,1.350,1.350,9.653,9.653,73.634,1.25,35.00,33.0000,7.3634,33.135
8165,200.000,0.128,0.128,42.194,42.194,4.740,0.400,0.400,6.459,6.459,49.181,1.25,35.00,33.0000,4.9181,22.131
8166,250.000,0.313,0.313,52.192,52.192,4.790,0.781,0.781,8.058,8.058,61.344,1.25,35.00,33.0000,6.1344,27.605
8167,350.000,1.200,1.200,71.575,71.575,4.890,2.144,2.144,11.242,11.242,86.161,1.25,35.00,33.0000,8.6161,38.772
8168,500.000,5.000,5.000,99.206,99.206,5.040,6.250,6.250,15.979,15.979,126.435,1.25,35.00,33.0000,12.6435,56.896
8169,450.000,3.281,3.281,90.180,90.180,4.990,4.556,4.556,14.405,14.405,112.422,1.25,35.00,33.0000,11.2422,50.590
8170,300.000,0.648,0.648,61.983,61.983,4.840,1.350,1.350,9.653,9.653,73.634,1.25,35.00,33.0000,7.3634,33.135
8171,200.000,0.128,0.128,42.194,42.194,4.740,0.400,0.400,6.459,6.459,49.181,1.25,35.00,33.0000,4.9181,22.131
8172,250.000,0.313,0.313,52.192,52.192,4.790,0.781,0.781,8.058,8.058,61.344,1.25,35.00,33.0000,6.1344,27.605
8173,350.000,1.200,1.200,71.575,71.575,4.890,2.144,2.144,11.242,11.242,86.161,1.25,35.00,33.0000,8.6161,38.772
8174,500.000,5.000,5.000,99.206,99.206,5.040,6.250,6.250,15.979,15.979,126.435,1.25,35.00,33.0000,12.6435,56.896
8175,450.000,3.281,3.281,90.180,90.180,4.990,4.556,4.556,14.405,14.405,112.422,1.25,35.00,33.0000,11.2422,50.590
8176,300.000,0.648,0.648,61.983,61.983,4.840,1.350,1.350,9.653,9.653,73.634,1.25,35.00,33.0000,7.3634,33.135
8177,200.000,0.128,0.128,42.194,42.194,4.740,0.400,0.400,6.459,6.459,49.181,1.25,35.00,33.0000,4.9181,22.131
8178,250.000,0.313,0.313,52.192,52.192,4.790,0.781,0.781,8.058,8.058,61.344,1.25,35.00,33.0000,6.1344,27.605
8179,350.000,1.200,1.200,71.575,71.575,4.890,2.144,2.144,11.242,11.242,86.161,1.25,35.00,33.0000,8.6161,38.772
8180,500.000,5.000,5.000,99.206,99.206,5.040,6.250,6.250,15.979,15.979,126.435,1.25,35.00,33.0000,12.6435,56.896
8181,450.000,3.281,3.281,90.180,90.180,4.990,4.556,4.556,14.405,14.405,112.422,1.25,35.00,33.0000,11.2422,50.590
8182,300.000,0.648,0.648,61.983,61.983,4.840,1.350,1.350,9.653,9.653,73.634,1.25,35.00,33.0000,7.3634,33.135
8183,200.000,0.128,0.128,42.194,42.194,4.740,0.400,0.400,6.459,6.459,49.181,1.25,35.00,33.0000,4.9181,22.131
8184,250.000,0.313,0.313,52.192,52.192,4.790,0.781,0.781,8.058,8.058,61.344,1.25,35.00,33.0000,6.1344,27.605
8185,350.000,1.200,1.200,71.575,71.575,4.890,2.144,2.144,11.242,11.242,86.161,1.25,35.00,33.0000,8.6161,38.772
8186,500.000,5.000,5.000,99.206,99.206,5.040,6.250,6.250,15.979,15.979,126.435,1.25,35.00,33.0000,12.6435,56.896
8187,450.000,3.281,3.281,90.180,90.180,4.990,4.556,4.556,14.405,14.405,112.422,1.25,35.00,33.0000,11.2422,50.590
8188,300.000,0.648,0.648,61.983,61.983,4.840,1.350,1.350,9.653,9.653,73.634,1.25,35.00,33.0000,7.3634,33.135
8189,200.000,0.128,0.128,42.194,42.194,4.740,0.400,0.400,6.459,6.459,49.181,1.25,35.00,33.0000,4.9181,22.131
8190,250.000,0.313,0.313,52.192,52.192,4.790,0.781,0.781,8.058,8.058,61.344,1.25,35.00,33.0000,6.1344,27.605
8191,350.000,1.200,1.200,71.575,71.575,4.890,2.144,2.144,11.242,11.242,86.161,1.25,35.00,33.0000,8.6161,38.772
8192,500.000,5.000,5.000,99.206,99.206,5.040,6.250,6.250,15.979,15.979,126.435,1.25,35.00,33.0000,12.6435,56.896
8193,450.000,3.281,3.281,90.180,90.180,4.990,4.556,4.556,14.405,14.405,112.422,1.25,35.00,33.0000,11.2422,50.590
8194,300.000,0.648,0.648,61.983,61.983,4.840,1.350,1.350,9.653,9.653,73.634,1.25,35.00,33.0000,7.3634,33.135
8195,200.000,0.128,0.128,42.194,42.194,4.740,0.400,0.400,6.459,6.459,49.181,1.25,35.00,33.0000,4.9181,22.131
8196,250.000,0.313,0.313,52.192,52.192,4.790,0.781,0.781,8.058,8.058,61.344,1.25,35.00,33.0000,6.1344,27.605
8197,350.000,1.200,1.200,71.575,71.575,4.890,2.144,2.144,11.242,11.242,86.161,1.25,35.00,33.0000,8.6161,38.772
8198,500.000,5.000,5.000,99.206,99.206,5.040,6.250,6.250,15.979,15.979,126.435,1.25,35.00,33.0000,12.6435,56.896
8199,450.000,3.281,3.281,90.180,90.180,4.990,4.556,4.556,14.405,14.405,112.422,1.25,35.00,33.0000,11.2422,50.590
8200,300.000,0.648,0.648,61.983,61.983,4.840,1.350,1.350,9.653,9.653,73.634,1.25,35.00,33.0000,7.3634,33.135
8201,200.000,0.128,0.128,42.194,42.194,4.740,0.400,0.400,6.459,6.459,49.181,1.25,35.00,33.0000,4.9181,22.131
8202,250.000,0.313,0.313,52.192,52.192,4.790,0.781,0.781,8.058,8.058,61.344,1.25,35.00,33.0000,6.1344,27.605
8203,350.000,1.200,1.200,71.575,71.575,4.890,2.144,2.144,11.242,11.242,86.161,1.25,35.00,33.0000,8.6161,38.772
8204,500.000,5.000,5.000,99.206,99.206,5.040,6.250,6.250,15.979,15.979,126.435,1.25,35.00,33.0000,12.6435,56.896
8205,450.000,3.281,3.281,90.180,90.180,4.990,4.556,4.556,14.405,14.405,112.422,1.25,35.00,33.0000,11.2422,50.590
8206,300.000,0.648,0.648,61.983,61.983,4.840,1.350,1.350,9.653,9.653,73.634,1.25,35.00,33.0000,7.3634,33.135
8207,200.000,0.128,0.128,42.194,42.194,4.740,0.400,0.400,6.459,6.459,49.181,1.25,35.00,33.0000,4.9181,22.131
8208,250.000,0.313,0.313,52.192,52.192,4.790,0.781,0.781,8.058,8.058,61.344,1.25,35.00,33.0000,6.1344,27.605
8209,350.000,1.200,1.200,71.575,71.575,4.890,2.144,2.144,11.242,11.242,86.161,1.25,35.00,33.0000,8.6161,38.772
8210,500.000,5.000,5.000,99.206,99.206,5.040,6.250,6.250,15.979,15.979,126.435,1.25,35.00,33.0000,12.6435,56.896
8211,450.000,3.281,3.281,90.180,90.180,4.990,4.556,4.556,14.405,14.405,112.422,1.25,35.00,33.0000,11.2422,50.590
8212,300.000,0.648,0.648,61.983,61.983,4.840,1.350,1.350,9.653,9.653,73.634,1.25,35.00,33.0000,7.3634,33.135
8213,200.000,0.128,0.128,42.194,42.194,4.740,0.400,0.400,6.459,6.459,49.181,1.25,35.00,33.0000,4.9181,22.131
8214,250.000,0.313,0.313,52.192,52.192,4.790,0.781,0.781,8.058,8.058,61.344,1.25,35.00,33.0000,6.1344,27.605
8215,350.000,1.200,1.200,71.575,71.575,4.890,2.144,2.144,11.242,11.242,86.161,1.25,35.00,33.0000,8.6161,38.772
8216,500.000,5.000,5.000,99.206,99.206,5.040,6.250,6.250,15.979,15.979,126.435,1.25,35.00,33.0000,12.6435,56.896
8217,450.000,3.281,3.281,90.180,90.180,4.990,4.556,4.556,14.405,14.405,112.422,1.25,35.00,33.0000,11.2422,50.590
8218,300.000,0.648,0.648,61.983,61.983,4.840,1.350,1.350,9.653,9.653,73.634,1.25,35.00,33.0000,7.3634,33.135
8219,200.000,0.128,0.128,42.194,42.194,4.740,0.400,0.400,6.459,6.459,49.181,1.25,35.00,33.0000,4.9181,22.131
8220,250.000,0.313,0.313,52.192,52.192,4.790,0.781,0.781,8.058,8.058,61.344,1.25,35.00,33.0000,6.1344,27.605
8221,350.000,1.200,1.200,71.575,71.575,4.890,2.144,2.144,11.242,11.242,86.161,1.25,35.00,33.0000,8.6161,38.772
8222,500.000,5.000,5.000,99.206,99.206,5.040,6.250,6.250,15.979,15.979,126.435,1.25,35.00,33.0000,12.6435,56.896
8223,450.000,3.281,3.281,90.180,90.180,4.990,4.556,4.556,14.405,14.405,112.422,1.25,35.00,33.0000,11.2422,50.590
8224,300.000,0.648,0.648,61.983,61.983,4.840,1.350,1.350,9.653,9.653,73.634,1.25,35.00,33.0000,7.3634,33.135
8225,200.000,0.128,0.128,42.194,42.194,4.740,0.400,0.400,6.459,6.459,49.181,1.25,35.00,33.0000,4.9181,22.131
8226,250.000,0.313,0.313,52.192,52.192,4.790,0.781,0.781,8.058,8.058,61.344,1.25,35.00,33.0000,6.1344,27.605
8227,350.000,1.200,1.200,71.575,71.575,4.890,2.144,2.144,11.242,11.242,86.161,1.25,35.00,33.0000,8.6161,38.772
8228,500.000,5.000,5.000,99.206,99.206,5.040,6.250,6.250,15.979,15.979,126.435,1.25,35.00,33.0000,12.6435,56.896
8229,450.000,3.281,3.281,90.180,90.180,4.990,4.556,4.556,14.405,14.405,112.422,1.25,35.00,33.0000,11.2422,50.590
8230,300.000,0.648,0.648,61.983,61.983,4.840,1.350,1.350,9.653,9.653,73.634,1.25,35.00,33.0000,7.3634,33.135
8231,200.000,0.128,0.128,42.194,42.194,4.740,0.400,0.400,6.459,6.459,49.181,1.25,35.00,33.0000,4.9181,22.131
8232,250.000,0.313,0.313,52.192,52.192,4.790,0.781,0.781,8.058,8.058,61.344,1.25,35.00,33.0000,6.1344,27.605
8233,350.000,1.200,1.200,71.575,71.575,4.890,2.144,2.144,11.242,11.242,86.161,1.25,35.00,33.0000,8.6161,38.772
8234,500.000,5.000,5.000,99.206,99.206,5.040,6.250,6.250,15.979,15.979,126.435,1.25,35.00,33.0000,12.6435,56.896
8235,450.000,3.281,3.281,90.180,90.180,4.990,4.556,4.556,14.405,14.405,112.422,1.25,35.00,33.0000,11.2422,50.590
8236,300.000,0.648,0.648,61.983,61.983,4.840,1.350,1.350,9.653,9.653,73.634,1.25,35.00,33.0000,7.3634,33.135
8237,200.000,0.128,0.128,42.194,42.194,4.740,0.400,0.400,6.459,6.459,49.181,1.25,35.00,33.0000,4.9181,22.131
8238,250.000,0.313,0.313,52.192,52.192,4.790,0.781,0.781,8.058,8.058,61.344,1.25,35.00,33.0000,6.1344,27.605
8239,350.000,1.200,1.200,71.575,71.575,4.890,2.144,2.144,11.242,11.242,86.161,1.25,35.00,33.0000,8.6161,38.772
8240,500.000,5.000,5.000,99.206,99.206,5.040,6.250,6.250,15.979,15.979,126.435,1.25,35.00,33.0000,12.6435,56.896
8241,450.000,3.281,3.281,90.180,90.180,4.990,4.556,4.556,14.405,14.405,112.422,1.25,35.00,33.0000,11.2422,50.590
8242,300.000,0.648,0.648,61.983,61.983,4.840,1.350,1.350,9.653,9.653,73.634,1.25,35.00,33.0000,7.3634,33.135
8243,200.000,0.128,0.128,42.194,42.194,4.740,0.400,0.400,6.459,6.459,49.181,1.25,35.00,33.0000,4.9181,22.131
8244,250.000,0.313,0.313,52.192,52.192,4.790,0.781,0.781,8.058,8.058,61.344,1.25,35.00,33.0000,6.1344,27.605
8245,350.000,1.200,1.200,71.575,71.575,4.890,2.144,2.144,11.242,11.242,86.161,1.25,35.00,33.0000,8.6161,38.772
8246,500.000,5.000,5.000,99.206,99.206,5.040,6.250,6.250,15.979,15.979,126.435,1.25,35.00,33.0000,12.6435,56.896
8247,450.000,3.281,3.281,90.180,90.180,4.990,4.556,4.556,14.405,14.405,112.422,1.25,35.00,33.0000,11.2422,50.590
8248,300.000,0.648,0.648,61.983,61.983,4.840,1.350,1.350,9.653,9.653,73.634,1.25,35.00,33.0000,7.3634,33.135
8249,200.000,0.128,0.128,42.194,42.194,4.740,0.400,0.400,6.459,6.459,49.181,1.25,35.00,33.0000,4.9181,22.131
8250,250.000,0.313,0.313,52.192,52.192,4.790,0.781,0.781,8.058,8.058,61.344,1.25,35.00,33.0000,6.1344,27.605
8251,350.000,1.200,1.200,71.575,71.575,4.890,2.144,2.144,11.242,11.242,86.161,1.25,35.00,33.0000,8.6161,38.772
8252,500.000,5.000,5.000,99.206,99.206,5.040,6.250,6.250,15.979,15.979,126.435,1.25,35.00,33.0000,12.6435,56.896
8253,450.000,3.281,3.281,90.180,90.180,4.990,4.556,4.556,14.405,14.405,112.422,1.25,35.00,33.0000,11.2422,50.590
8254,300.000,0.648,0.648,61.983,61.983,4.840,1.350,1.350,9.653,9.653,73.634,1.25,35.00,33.0000,7.3634,33.135
8255,200.000,0.128,0.128,42.194,42.194,4.740,0.400,0.400,6.459,6.459,49.181,1.25,35.00,33.0000,4.9181,22.131
8256,250.000,0.313,0.313,52.192,52.192,4.790,0.781,0.781,8.058,8.058,61.344,1.25,35.00,33.0000,6.1344,27.605
8257,350.000,1.200,1.200,71.575,71.575,4.890,2.144,2.144,11.242,11.242,86.161,1.25,35.00,33.0000,8.6161,38.772
8258,500.000,5.000,5.000,99.206,99.206,5.040,6.250,6.250,15.979,15.979,126.435,1.25,35.00,33.0000,12.6435,56.896
8259,450.000,3.281,3.281,90.180,90.180,4.990,4.556,4.556,14.405,14.405,112.422,1.25,35.00,33.0000,11.2422,50.590
8260,300.000,0.648,0.648,61.983,61.983,4.840,1.350,1.350,9.653,9.653,73.634,1.25,35.00,33.0000,7.3634,33.135
8261,200.000,0.128,0.128,42.194,42.194,4.740,0.400,0.400,6.459,6.459,49.181,1.25,35.00,33.0000,4.9181,22.131
8262,250.000,0.313,0.313,52.192,52.192,4.790,0.781,0.781,8.058,8.058,61.344,1.25,35.00,33.0000,6.1344,27.605
8263,350.000,1.200,1.200,71.575,71.575,4.890,2.144,2.144,11.242,11.242,86.161,1.25,35.00,33.0000,8.6161,38.772
8264,500.000,5.000,5.000,99.206,99.206,5.040,6.250,6.250,15.979,15.979,126.435,1.25,35.00,33.0000,12.6435,56.896
8265,450.000,3.281,3.281,90.180,90.180,4.990,4.556,4.556,14.405,14.405,112.422,1.25,35.00,33.0000,11.2422,50.590
8266,300.000,0.648,0.648,61.983,61.983,4.840,1.350,1.350,9.653,9.653,73.634,1.25,35.00,33.0000,7.3634,33.135
8267,200.000,0.128,0.128,42.194,42.194,4.740,0.400,0.400,6.459,6.459,49.181,1.25,35.00,33.0000,4.9181,22.131
8268,250.000,0.313,0.313,52.192,52.192,4.790,0.781,0.781,8.058,8.058,61.344,1.25,35.00,33.0000,6.1344,27.605
8269,350.000,1.200,1.200,71.575,71.575,4.890,2.144,2.144,11.242,11.242,86.161,1.25,35.00,33.0000,8.6161,38.772
8270,500.000,5.000,5.000,99.206,99.206,5.040,6.250,6.250,15.979,15.979,126.435,1.25,35.00,33.0000,12.6435,56.896
8271,450.000,3.281,3.281,90.180,90.180,4.990,4.556,4.556,14.405,14.405,112.422,1.25,35.00,33.0000,11.2422,50.590
8272,300.000,0.648,0.648,61.983,61.983,4.840,1.350,1.350,9.653,9.653,73.634,1.25,35.00,33.0000,7.3634,33.135
8273,200.000,0.128,0.128,42.194,42.194,4.740,0.400,0.400,6.459,6.459,49.181,1.25,35.00,33.0000,4.9181,22.131
8274,250.000,0.313,0.313,52.192,52.192,4.790,0.781,0.781,8.058,8.058,61.344,1.25,35.00,33.0000,6.1344,27.605
8275,350.000,1.200,1.200,71.575,71.575,4.890,2.144,2.144,11.242,11.242,86.161,1.25,35.00,33.0000,8.6161,38.772
8276,500.000,5.000,5.000,99.206,99.206,5.040,6.250,6.250,15.979,15.979,126.435,1.25,35.00,33.0000,12.6435,56.896
8277,450.000,3.281,3.281,90.180,90.180,4.990,4.556,4.556,14.405,14.405,112.422,1.25,35.00,33.0000,11.2422,50.590
8278,300.000,0.648,0.648,61.983,61.983,4.840,1.350,1.350,9.653,9.653,73.634,1.25,35.00,33.0000,7.3634,33.135
8279,200.000,0.128,0.128,42.194,42.194,4.740,0.400,0.400,6.459,6.459,49.181,1.25,35.00,33.0000,4.9181,22.131
8280,250.000,0.313,0.313,52.192,52.192,4.790,0.781,0.781,8.058,8.058,61.344,1.25,35.00,33.0000,6.1344,27.605
8281,350.000,1.200,1.200,71.575,71.575,4.890,2.144,2.144,11.242,11.242,86.161,1.25,35.00,33.0000,8.6161,38.772
8282,500.000,5.000,5.000,99.206,99.206,5.040,6.250,6.250,15.979,15.979,126.435,1.25,35.00,33.0000,12.6435,56.896
8283,450.000,3.281,3.281,90.180,90.180,4.990,4.556,4.556,14.405,14.405,112.422,1.25,35.00,33.0000,11.2422,50.590
8284,300.000,0.648,0.648,61.983,61.983,4.840,1.350,1.350,9.653,9.653,73.634,1.25,35.00,33.0000,7.3634,33.135
8285,200.000,0.128,0.128,42.194,42.194,4.740,0.400,0.400,6.459,6.459,49.181,1.25,35.00,33.0000,4.9181,22.131
8286,250.000,0.313,0.313,52.192,52.192,4.790,0.781,0.781,8.058,8.058,61.344,1.25,35.00,33.0000,6.1344,27.605
8287,350.000,1.200,1.200,71.575,71.575,4.890,2.144,2.144,11.242,11.242,86.161,1.25,35.00,33.0000,8.6161,38.772
8288,500.000,5.000,5.000,99.206,99.206,5.040,6.250,6.250,15.979,15.979,126.435,1.25,35.00,33.0000,12.6435,56.896
8289,450.000,3.281,3.281,90.180,90.180,4.990,4.556,4.556,14.405,14.405,112.422,1.25,35.00,33.0000,11.2422,50.590
8290,300.000,0.648,0.648,61.983,61.983,4.840,1.350,1.350,9.653,9.653,73.634,1.25,35.00,33.0000,7.3634,33.135
8291,200.000,0.128,0.128,42.194,42.194,4.740,0.400,0.400,6.459,6.459,49.181,1.25,35.00,33.0000,4.9181,22.131
8292,250.000,0.313,0.313,52.192,52.192,4.790,0.781,0.781,8.058,8.058,61.344,1.25,35.00,33.0000,6.1344,27.605
8293,350.000,1.200,1.200,71.575,71.575,4.890,2.144,2.144,11.242,11.242,86.161,1.25,35.00,33.0000,8.6161,38.772
8294,500.000,5.000,5.000,99.206,99.206,5.040,6.250,6.250,15.979,15.979,126.435,1.25,35.00,33.0000,12.6435,56.896
8295,450.000,3.281,3.281,90.180,90.180,4.990,4.556,4.556,14.405,14.405,112.422,1.25,35.00,33.0000,11.2422,50.590
8296,300.000,0.648,0.648,61.983,61.983,4.840,1.350,1.350,9.653,9.653,73.634,1.25,35.00,33.0000,7.3634,33.135
8297,200.000,0.128,0.128,42.194,42.194,4.740,0.400,0.400,6.459,6.459,49.181,1.25,35.00,33.0000,4.9181,22.131
8298,250.000,0.313,0.313,52.192,52.192,4.790,0.781,0.781,8.058,8.058,61.344,1.25,35.00,33.0000,6.1344,27.605
8299,350.000,1.200,1.200,71.575,71.575,4.890,2.144,2.144,11.242,11.242,86.161,1.25,35.00,33.0000,8.6161,38.772
8300,500.000,5.000,5.000,99.206,99.206,5.040,6.250,6.250,15.979,15.979,126.435,1.25,35.00,33.0000,12.6435,56.896
8301,450.000,3.281,3.281,90.180,90.180,4.990,4.556,4.556,14.405,14.405,112.422,1.25,35.00,33.0000,11.2422,50.590
8302,300.000,0.648,0.648,61.983,61.983,4.840,1.350,1.350,9.653,9.653,73.634,1.25,35.00,33.0000,7.3634,33.135
8303,200.000,0.128,0.128,42.194,42.194,4.740,0.400,0.400,6.459,6.459,49.181,1.25,35.00,33.0000,4.9181,22.131
8304,250.000,0.313,0.313,52.192,52.192,4.790,0.781,0.781,8.058,8.058,61.344,1.25,35.00,33.0000,6.1344,27.605
8305,350.000,1.200,1.200,71.575,71.575,4.890,2.144,2.144,11.242,11.242,86.161,1.25,35.00,33.0000,8.6161,38.772
8306,500.000,5.000,5.000,99.206,99.206,5.040,6.250,6.250,15.979,15.979,126.435,1.25,35.00,33.0000,12.6435,56.896
8307,450.000,3.281,3.281,90.180,90.180,4.990,4.556,4.556,14.405,14.405,112.422,1.25,35.00,33.0000,11.2422,50.590
8308,300.000,0.648,0.648,61.983,61.983,4.840,1.350,1.350,9.653,9.653,73.634,1.25,35.00,33.0000,7.3634,33.135
8309,200.000,0.128,0.128,42.194,42.194,4.740,0.400,0.400,6.459,6.459,49.181,1.25,35.00,33.0000,4.9181,22.131
8310,250.000,0.313,0.313,52.192,52.192,4.790,0.781,0.781,8.058,8.058,61.344,1.25,35.00,33.0000,6.1344,27.605
8311,350.000,1.200,1.200,71.575,71.575,4.890,2.144,2.144,11.242,11.242,86.161,1.25,35.00,33.0000,8.6161,38.772
8312,500.000,5.000,5.000,99.206,99.206,5.040,6.250,6.250,15.979,15.979,126.435,1.25,35.00,33.0000,12.6435,56.896
8313,450.000,3.281,3.281,90.180,90.180,4.990,4.556,4.556,14.405,14.405,112.422,1.25,35.00,33.0000,11.2422,50.590
8314,300.000,0.648,0.648,61.983,61.983,4.840,1.350,1.350,9.653,9.653,73.634,1.25,35.00,33.0000,7.3634,33.135
8315,200.000,0.128,0.128,42.194,42.194,4.740,0.400,0.400,6.459,6.459,49.181,1.25,35.00,33.0000,4.9181,22.131
8316,250.000,0.313,0.313,52.192,52.192,4.790,0.781,0.781,8.058,8.058,61.344,1.25,35.00,33.0000,6.1344,27.605
8317,350.000,1.200,1.200,71.575,71.575,4.890,2.144,2.144,11.242,11.242,86.161,1.25,35.00,33.0000,8.6161,38.772
8318,500.000,5.000,5.000,99.206,99.206,5.040,6.250,6.250,15.979,15.979,126.435,1.25,35.00,33.0000,12.6435,56.896
8319,450.000,3.281,3.281,90.180,90.180,4.990,4.556,4.556,14.405,14.405,112.422,1.25,35.00,33.0000,11.2422,50.590
8320,300.000,0.648,0.648,61.983,61.983,4.840,1.350,1.350,9.653,9.653,73.634,1.25,35.00,33.0000,7.3634,33.135
8321,200.000,0.128,0.128,42.194,42.194,4.740,0.400,0.400,6.459,6.459,49.181,1.25,35.00,33.0000,4.9181,22.131
8322,250.000,0.313,0.313,52.192,52.192,4.790,0.781,0.781,8.058,8.058,61.344,1.25,35.00,33.0000,6.1344,27.605
8323,350.000,1.200,1.200,71.575,71.575,4.890,2.144,2.144,11.242,11.242,86.161,1.25,35.00,33.0000,8.6161,38.772
8324,500.000,5.000,5.000,99.206,99.206,5.040,6.250,6.250,15.979,15.979,126.435,1.25,35.00,33.0000,12.6435,56.896
8325,450.000,3.281,3.281,90.180,90.180,4.990,4.556,4.556,14.405,14.405,112.422,1.25,35.00,33.0000,11.2422,50.590
8326,300.000,0.648,0.648,61.983,61.983,4.840,1.350,1.350,9.653,9.653,73.634,1.25,35.00,33.0000,7.3634,33.135
8327,200.000,0.128,0.128,42.194,42.194,4.740,0.400,0.400,6.459,6.459,49.181,1.25,35.00,33.0000,4.9181,22.131
8328,250.000,0.313,0.313,52.192,52.192,4.790,0.781,0.781,8.058,8.058,61.344,1.25,35.00,33.0000,6.1344,27.605
8329,350.000,1.200,1.200,71.575,71.575,4.890,2.144,2.144,11.242,11.242,86.161,1.25,35.00,33.0000,8.6161,38.772
8330,500.000,5.000,5.000,99.206,99.206,5.040,6.250,6.250,15.979,15.979,126.435,1.25,35.00,33.0000,12.6435,56.896
8331,450.000,3.281,3.281,90.180,90.180,4.990,4.556,4.556,14.405,14.405,112.422,1.25,35.00,33.0000,11.2422,50.590
8332,300.000,0.648,0.648,61.983,61.983,4.840,1.350,1.350,9.653,9.653,73.634,1.25,35.00,33.0000,7.3634,33.135
8333,200.000,0.128,0.128,42.194,42.194,4.740,0.400,0.400,6.459,6.459,49.181,1.25,35.00,33.0000,4.9181,22.131
8334,250.000,0.313,0.313,52.192,52.192,4.790,0.781,0.781,8.058,8.058,61.344,1.25,35.00,33.0000,6.1344,27.605
8335,350.000,1.200,1.200,71.575,71.575,4.890,2.144,2.144,11.242,11.242,86.161,1.25,35.00,33.0000,8.6161,38.772
8336,500.000,5.000,5.000,99.206,99.206,5.040,6.250,6.250,15.979,15.979,126.435,1.25,35.00,33.0000,12.6435,56.896
8337,450.000,3.281,3.281,90.180,90.180,4.990,4.556,4.556,14.405,14.405,112.422,1.25,35.00,33.0000,11.2422,50.590
8338,300.000,0.648,0.648,61.983,61.983,4.840,1.350,1.350,9.653,9.653,73.634,1.25,35.00,33.0000,7.3634,33.135
8339,200.000,0.128,0.128,42.194,42.194,4.740,0.400,0.400,6.459,6.459,49.181,1.25,35.00,33.0000,4.9181,22.131
8340,250.000,0.313,0.313,52.192,52.192,4.790,0.781,0.781,8.058,8.058,61.344,1.25,35.00,33.0000,6.1344,27.605
8341,350.000,1.200,1.200,71.575,71.575,4.890,2.144,2.144,11.242,11.242,86.161,1.25,35.00,33.0000,8.6161,38.772
8342,500.000,5.000,5.000,99.206,99.206,5.040,6.250,6.250,15.979,15.979,126.435,1.25,35.00,33.0000,12.6435,56.896
8343,450.000,3.281,3.281,90.180,90.180,4.990,4.556,4.556,14.405,14.405,112.422,1.25,35.00,33.0000,11.2422,50.590
8344,300.000,0.648,0.648,61.983,61.983,4.840,1.350,1.350,9.653,9.653,73.634,1.25,35.00,33.0000,7.3634,33.135
8345,200.000,0.128,0.128,42.194,42.194,4.740,0.400,0.400,6.459,6.459,49.181,1.25,35.00,33.0000,4.9181,22.131
8346,250.000,0.313,0.313,52.192,52.192,4.790,0.781,0.781,8.058,8.058,61.344,1.25,35.00,33.0000,6.1344,27.605
8347,350.000,1.200,1.200,71.575,71.575,4.890,2.144,2.144,11.242,11.242,86.161,1.25,35.00,33.0000,8.6161,38.772
8348,500.000,5.000,5.000,99.206,99.206,5.040,6.250,6.250,15.979,15.979,126.435,1.25,35.00,33.0000,12.6435,56.896
8349,450.000,3.281,3.281,90.180,90.180,4.990,4.556,4.556,14.405,14.405,112.422,1.25,35.00,33.0000,11.2422,50.590
8350,300.000,0.648,0.648,61.983,61.983,4.840,1.350,1.350,9.653,9.653,73.634,1.25,35.00,33.0000,7.3634,33.135
8351,200.000,0.128,0.128,42.194,42.194,4.740,0.400,0.400,6.459,6.459,49.181,1.25,35.00,33.0000,4.9181,22.131
8352,250.000,0.313,0.313,52.192,52.192,4.790,0.781,0.781,8.058,8.058,61.344,1.25,35.00,33.0000,6.1344,27.605
8353,350.000,1.200,1.200,71.575,71.575,4.890,2.144,2.144,11.242,11.242,86.161,1.25,35.00,33.0000,8.6161,38.772
8354,500.000,5.000,5.000,99.206,99.206,5.040,6.250,6.250,15.979,15.979,126.435,1.25,35.00,33.0000,12.6435,56.896
8355,450.000,3.281,3.281,90.180,90.180,4.990,4.556,4.556,14.405,14.405,112.422,1.25,35.00,33.0000,11.2422,50.590
8356,300.000,0.648,0.648,61.983,61.983,4.840,1.350,1.350,9.653,9.653,73.634,1.25,35.00,33.0000,7.3634,33.135
8357,200.000,0.128,0.128,42.194,42.194,4.740,0.400,0.400,6.459,6.459,49.181,1.25,35.00,33.0000,4.9181,22.131
8358,250.000,0.313,0.313,52.192,52.192,4.790,0.781,0.781,8.058,8.058,61.344,1.25,35.00,33.0000,6.1344,27.605
8359,350.000,1.200,1.200,71.575,71.575,4.890,2.144,2.144,11.242,11.242,86.161,1.25,35.00,33.0000,8.6161,38.772
8360,500.000,5.000,5.000,99.206,99.206,5.040,6.250,6.250,15.979,15.979,126.435,1.25,35.00,33.0000,12.6435,56.896
8361,450.000,3.281,3.281,90.180,90.180,4.990,4.556,4.556,14.405,14.405,112.422,1.25,35.00,33.0000,11.2422,50.590
8362,300.000,0.648,0.648,61.983,61.983,4.840,1.350,1.350,9.653,9.653,73.634,1.25,35.00,33.0000,7.3634,33.135
8363,200.000,0.128,0.128,42.194,42.194,4.740,0.400,0.400,6.459,6.459,49.181,1.25,35.00,33.0000,4.9181,22.131
8364,250.000,0.313,0.313,52.192,52.192,4.790,0.781,0.781,8.058,8.058,61.344,1.25,35.00,33.0000,6.1344,27.605
8365,350.000,1.200,1.200,71.575,71.575,4.890,2.144,2.144,11.242,11.242,86.161,1.25,35.00,33.0000,8.6161,38.772
8366,500.000,5.000,5.000,99.206,99.206,5.040,6.250,6.250,15.979,15.979,126.435,1.25,35.00,33.0000,12.6435,56.896
8367,450.000,3.281,3.281,90.180,90.180,4.990,4.556,4.556,14.405,14.405,112.422,1.25,35.00,33.0000,11.2422,50.590
8368,300.000,0.648,0.648,61.983,61.983,4.840,1.350,1.350,9.653,9.653,73.634,1.25,35.00,33.0000,7.3634,33.135
8369,200.000,0.128,0.128,42.194,42.194,4.740,0.400,0.400,6.459,6.459,49.181,1.25,35.00,33.0000,4.9181,22.131
8370,250.000,0.313,0.313,52.192,52.192,4.790,0.781,0.781,8.058,8.058,61.344,1.25,35.00,33.0000,6.1344,27.605
8371,350.000,1.200,1.200,71.575,71.575,4.890,2.144,2.144,11.242,11.242,86.161,1.25,35.00,33.0000,8.6161,38.772
8372,500.000,5.000,5.000,99.206,99.206,5.040,6.250,6.250,15.979,15.979,126.435,1.25,35.00,33.0000,12.6435,56.896
8373,450.000,3.281,3.281,90.180,90.180,4.990,4.556,4.556,14.405,14.405,112.422,1.25,35.00,33.0000,11.2422,50.590
8374,300.000,0.648,0.648,61.983,61.983,4.840,1.350,1.350,9.653,9.653,73.634,1.25,35.00,33.0000,7.3634,33.135
8375,200.000,0.128,0.128,42.194,42.194,4.740,0.400,0.400,6.459,6.459,49.181,1.25,35.00,33.0000,4.9181,22.131
8376,250.000,0.313,0.313,52.192,52.192,4.790,0.781,0.781,8.058,8.058,61.344,1.25,35.00,33.0000,6.1344,27.605
8377,350.000,1.200,1.200,71.575,71.575,4.890,2.144,2.144,11.242,11.242,86.161,1.25,35.00,33.0000,8.6161,38.772
8378,500.000,5.000,5.000,99.206,99.206,5.040,6.250,6.250,15.979,15.979,126.435,1.25,35.00,33.0000,12.6435,56.896
8379,450.000,3.281,3.281,90.180,90.180,4.990,4.556,4.556,14.405,14.405,112.422,1.25,35.00,33.0000,11.2422,50.590
8380,300.000,0.648,0.648,61.983,61.983,4.840,1.350,1.350,9.653,9.653,73.634,1.25,35.00,33.0000,7.3634,33.135
8381,200.000,0.128,0.128,42.194,42.194,4.740,0.400,0.400,6.459,6.459,49.181,1.25,35.00,33.0000,4.9181,22.131
8382,250.000,0.313,0.313,52.192,52.192,4.790,0.781,0.781,8.058,8.058,61.344,1.25,35.00,33.0000,6.1344,27.605
8383,350.000,1.200,1.200,71.575,71.575,4.890,2.144,2.144,11.242,11.242,86.161,1.25,35.00,33.0000,8.6161,38.772
8384,500.000,5.000,5.000,99.206,99.206,5.040,6.250,6.250,15.979,15.979,126.435,1.25,35.00,33.0000,12.6435,56.896
8385,450.000,3.281,3.281,90.180,90.180,4.990,4.556,4.556,14.405,14.405,112.422,1.25,35.00,33.0000,11.2422,50.590
8386,300.000,0.648,0.648,61.983,61.983,4.840,1.350,1.350,9.653,9.653,73.634,1.25,35.00,33.0000,7.3634,33.135
8387,200.000,0.128,0.128,42.194,42.194,4.740,0.400,0.400,6.459,6.459,49.181,1.25,35.00,33.0000,4.9181,22.131
8388,250.000,0.313,0.313,52.192,52.192,4.790,0.781,0.781,8.058,8.058,61.344,1.25,35.00,33.0000,6.1344,27.605
8389,350.000,1.200,1.200,71.575,71.575,4.890,2.144,2.144,11.242,11.242,86.161,1.25,35.00,33.0000,8.6161,38.772
8390,500.000,5.000,5.000,99.206,99.206,5.040,6.250,6.250,15.979,15.979,126.435,1.25,35.00,33.0000,12.6435,56.896
8391,450.000,3.281,3.281,90.180,90.180,4.990,4.556,4.556,14.405,14.405,112.422,1.25,35.00,33.0000,11.2422,50.590
8392,300.000,0.648,0.648,61.983,61.983,4.840,1.350,1.350,9.653,9.653,73.634,1.25,35.00,33.0000,7.3634,33.135
8393,200.000,0.128,0.128,42.194,42.194,4.740,0.400,0.400,6.459,6.459,49.181,1.25,35.00,33.0000,4.9181,22.131
8394,250.000,0.313,0.313,52.192,52.192,4.790,0.781,0.781,8.058,8.058,61.344,1.25,35.00,33.0000,6.1344,27.605
8395,350.000,1.200,1.200,71.575,71.575,4.890,2.144,2.144,11.242,11.242,86.161,1.25,35.00,33.0000,8.6161,38.772
8396,500.000,5.000,5.000,99.206,99.206,5.040,6.250,6.250,15.979,15.979,126.435,1.25,35.00,33.0000,12.6435,56.896
8397,450.000,3.281,3.281,90.180,90.180,4.990,4.556,4.556,14.405,14.405,112.422,1.25,35.00,33.0000,11.2422,50.590
8398,300.000,0.648,0.648,61.983,61.983,4.840,1.350,1.350,9.653,9.653,73.634,1.25,35.00,33.0000,7.3634,33.135
8399,200.000,0.128,0.128,42.194,42.194,4.740,0.400,0.400,6.459,6.459,49.181,1.25,35.00,33.0000,4.9181,22.131
8400,250.000,0.313,0.313,52.192,52.192,4.790,0.781,0.781,8.058,8.058,61.344,1.25,35.00,33.0000,6.1344,27.605
8401,350.000,1.200,1.200,71.575,71.575,4.890,2.144,2.144,11.242,11.242,86.161,1.25,35.00,33.0000,8.6161,38.772
8402,500.000,5.000,5.000,99.206,99.206,5.040,6.250,6.250,15.979,15.979,126.435,1.25,35.00,33.0000,12.6435,56.896
8403,450.000,3.281,3.281,90.180,90.180,4.990,4.556,4.556,14.405,14.405,112.422,1.25,35.00,33.0000,11.2422,50.590
8404,300.000,0.648,0.648,61.983,61.983,4.840,1.350,1.350,9.653,9.653,73.634,1.25,35.00,33.0000,7.3634,33.135
8405,200.000,0.128,0.128,42.194,42.194,4.740,0.400,0.400,6.459,6.459,49.181,1.25,35.00,33.0000,4.9181,22.131
8406,250.000,0.313,0.313,52.192,52.192,4.790,0.781,0.781,8.058,8.058,61.344,1.25,35.00,33.0000,6.1344,27.605
8407,350.000,1.200,1.200,71.575,71.575,4.890,2.144,2.144,11.242,11.242,86.161,1.25,35.00,33.0000,8.6161,38.772
8408,500.000,5.000,5.000,99.206,99.206,5.040,6.250,6.250,15.979,15.979,126.435,1.25,35.00,33.0000,12.6435,56.896
8409,450.000,3.281,3.281,90.180,90.180,4.990,4.556,4.556,14.405,14.405,112.422,1.25,35.00,33.0000,11.2422,50.590
8410,300.000,0.648,0.648,61.983,61.983,4.840,1.350,1.350,9.653,9.653,73.634,1.25,35.00,33.0000,7.3634,33.135
8411,200.000,0.128,0.128,42.194,42.194,4.740,0.400,0.400,6.459,6.459,49.181,1.25,35.00,33.0000,4.9181,22.131
8412,250.000,0.313,0.313,52.192,52.192,4.790,0.781,0.781,8.058,8.058,61.344,1.25,35.00,33.0000,6.1344,27.605
8413,350.000,1.200,1.200,71.575,71.575,4.890,2.144,2.144,11.242,11.242,86.161,1.25,35.00,33.0000,8.6161,38.772
8414,500.000,5.000,5.000,99.206,99.206,5.040,6.250,6.250,15.979,15.979,126.435,1.25,35.00,33.0000,12.6435,56.896
8415,450.000,3.281,3.281,90.180,90.180,4.990,4.556,4.556,14.405,14.405,112.422,1.25,35.00,33.0000,11.2422,50.590
8416,300.000,0.648,0.648,61.983,61.983,4.840,1.350,1.350,9.653,9.653,73.634,1.25,35.00,33.0000,7.3634,33.135
8417,200.000,0.128,0.128,42.194,42.194,4.740,0.400,0.400,6.459,6.459,49.181,1.25,35.00,33.0000,4.9181,22.131
8418,250.000,0.313,0.313,52.192,52.192,4.790,0.781,0.781,8.058,8.058,61.344,1.25,35.00,33.0000,6.1344,27.605
8419,350.000,1.200,1.200,71.575,71.575,4.890,2.144,2.144,11.242,11.242,86.161,1.25,35.00,33.0000,8.6161,38.772
8420,500.000,5.000,5.000,99.206,99.206,5.040,6.250,6.250,15.979,15.979,126.435,1.25,35.00,33.0000,12.6435,56.896
8421,450.000,3.281,3.281,90.180,90.180,4.990,4.556,4.556,14.405,14.405,112.422,1.25,35.00,33.0000,11.2422,50.590
8422,300.000,0.648,0.648,61.983,61.983,4.840,1.350,1.350,9.653,9.653,73.634,1.25,35.00,33.0000,7.3634,33.135
8423,200.000,0.128,0.128,42.194,42.194,4.740,0.400,0.400,6.459,6.459,49.181,1.25,35.00,33.0000,4.9181,22.131
8424,250.000,0.313,0.313,52.192,52.192,4.790,0.781,0.781,8.058,8.058,61.344,1.25,35.00,33.0000,6.1344,27.605
8425,350.000,1.200,1.200,71.575,71.575,4.890,2.144,2.144,11.242,11.242,86.161,1.25,35.00,33.0000,8.6161,38.772
8426,500.000,5.000,5.000,99.206,99.206,5.040,6.250,6.250,15.979,15.979,126.435,1.25,35.00,33.0000,12.6435,56.896
8427,450.000,3.281,3.281,90.180,90.180,4.990,4.556,4.556,14.405,14.405,112.422,1.25,35.00,33.0000,11.2422,50.590
8428,300.000,0.648,0.648,61.983,61.983,4.840,1.350,1.350,9.653,9.653,73.634,1.25,35.00,33.0000,7.3634,33.135
8429,200.000,0.128,0.128,42.194,42.194,4.740,0.400,0.400,6.459,6.459,49.181,1.25,35.00,33.0000,4.9181,22.131
8430,250.000,0.313,0.313,52.192,52.192,4.790,0.781,0.781,8.058,8.058,61.344,1.25,35.00,33.0000,6.1344,27.605
8431,350.000,1.200,1.200,71.575,71.575,4.890,2.144,2.144,11.242,11.242,86.161,1.25,35.00,33.0000,8.6161,38.772
8432,500.000,5.000,5.000,99.206,99.206,5.040,6.250,6.250,15.979,15.979,126.435,1.25,35.00,33.0000,12.6435,56.896
8433,450.000,3.281,3.281,90.180,90.180,4.990,4.556,4.556,14.405,14.405,112.422,1.25,35.00,33.0000,11.2422,50.590
8434,300.000,0.648,0.648,61.983,61.983,4.840,1.350,1.350,9.653,9.653,73.634,1.25,35.00,33.0000,7.3634,33.135
8435,200.000,0.128,0.128,42.194,42.194,4.740,0.400,0.400,6.459,6.459,49.181,1.25,35.00,33.0000,4.9181,22.131
8436,250.000,0.313,0.313,52.192,52.192,4.790,0.781,0.781,8.058,8.058,61.344,1.25,35.00,33.0000,6.1344,27.605
8437,350.000,1.200,1.200,71.575,71.575,4.890,2.144,2.144,11.242,11.242,86.161,1.25,35.00,33.0000,8.6161,38.772
8438,500.000,5.000,5.000,99.206,99.206,5.040,6.250,6.250,15.979,15.979,126.435,1.25,35.00,33.0000,12.6435,56.896
8439,450.000,3.281,3.281,90.180,90.180,4.990,4.556,4.556,14.405,14.405,112.422,1.25,35.00,33.0000,11.2422,50.590
8440,300.000,0.648,0.648,61.983,61.983,4.840,1.350,1.350,9.653,9.653,73.634,1.25,35.00,33.0000,7.3634,33.135
8441,200.000,0.128,0.128,42.194,42.194,4.740,0.400,0.400,6.459,6.459,49.181,1.25,35.00,33.0000,4.9181,22.131
8442,250.000,0.313,0.313,52.192,52.192,4.790,0.781,0.781,8.058,8.058,61.344,1.25,35.00,33.0000,6.1344,27.605
8443,350.000,1.200,1.200,71.575,71.575,4.890,2.144,2.144,11.242,11.242,86.161,1.25,35.00,33.0000,8.6161,38.772
8444,500.000,5.000,5.000,99.206,99.206,5.040,6.250,6.250,15.979,15.979,126.435,1.25,35.00,33.0000,12.6435,56.896
8445,450.000,3.281,3.281,90.180,90.180,4.990,4.556,4.556,14.405,14.405,112.422,1.25,35.00,33.0000,11.2422,50.590
8446,300.000,0.648,0.648,61.983,61.983,4.840,1.350,1.350,9.653,9.653,73.634,1.25,35.00,33.0000,7.3634,33.135
8447,200.000,0.128,0.128,42.194,42.194,4.740,0.400,0.400,6.459,6.459,49.181,1.25,35.00,33.0000,4.9181,22.131
8448,250.000,0.313,0.313,52.192,52.192,4.790,0.781,0.781,8.058,8.058,61.344,1.25,35.00,33.0000,6.1344,27.605
8449,350.000,1.200,1.200,71.575,71.575,4.890,2.144,2.144,11.242,11.242,86.161,1.25,35.00,33.0000,8.6161,38.772
8450,500.000,5.000,5.000,99.206,99.206,5.040,6.250,6.250,15.979,15.979,126.435,1.25,35.00,33.0000,12.6435,56.896
8451,450.000,3.281,3.281,90.180,90.180,4.990,4.556,4.556,14.405,14.405,112.422,1.25,35.00,33.0000,11.2422,50.590
8452,300.000,0.648,0.648,61.983,61.983,4.840,1.350,1.350,9.653,9.653,73.634,1.25,35.00,33.0000,7.3634,33.135
8453,200.000,0.128,0.128,42.194,42.194,4.740,0.400,0.400,6.459,6.459,49.181,1.25,35.00,33.0000,4.9181,22.131
8454,250.000,0.313,0.313,52.192,52.192,4.790,0.781,0.781,8.058,8.058,61.344,1.25,35.00,33.0000,6.1344,27.605
8455,350.000,1.200,1.200,71.575,71.575,4.890,2.144,2.144,11.242,11.242,86.161,1.25,35.00,33.0000,8.6161,38.772
8456,500.000,5.000,5.000,99.206,99.206,5.040,6.250,6.250,15.979,15.979,126.435,1.25,35.00,33.0000,12.6435,56.896
8457,450.000,3.281,3.281,90.180,90.180,4.990,4.556,4.556,14.405,14.405,112.422,1.25,35.00,33.0000,11.2422,50.590
8458,300.000,0.648,0.648,61.983,61.983,4.840,1.350,1.350,9.653,9.653,73.634,1.25,35.00,33.0000,7.3634,33.135
8459,200.000,0.128,0.128,42.194,42.194,4.740,0.400,0.400,6.459,6.459,49.181,1.25,35.00,33.0000,4.9181,22.131
8460,250.000,0.313,0.313,52.192,52.192,4.790,0.781,0.781,8.058,8.058,61.344,1.25,35.00,33.0000,6.1344,27.605
8461,350.000,1.200,1.200,71.575,71.575,4.890,2.144,2.144,11.242,11.242,86.161,1.25,35.00,33.0000,8.6161,38.772
8462,500.000,5.000,5.000,99.206,99.206,5.040,6.250,6.250,15.979,15.979,126.435,1.25,35.00,33.0000,12.6435,56.896
8463,450.000,3.281,3.281,90.180,90.180,4.990,4.556,4.556,14.405,14.405,112.422,1.25,35.00,33.0000,11.2422,50.590
8464,300.000,0.648,0.648,61.983,61.983,4.840,1.350,1.350,9.653,9.653,73.634,1.25,35.00,33.0000,7.3634,33.135
8465,200.000,0.128,0.128,42.194,42.194,4.740,0.400,0.400,6.459,6.459,49.181,1.25,35.00,33.0000,4.9181,22.131
8466,250.000,0.313,0.313,52.192,52.192,4.790,0.781,0.781,8.058,8.058,61.344,1.25,35.00,33.0000,6.1344,27.605
8467,350.000,1.200,1.200,71.575,71.575,4.890,2.144,2.144,11.242,11.242,86.161,1.25,35.00,33.0000,8.6161,38.772
8468,500.000,5.000,5.000,99.206,99.206,5.040,6.250,6.250,15.979,15.979,126.435,1.25,35.00,33.0000,12.6435,56.896
8469,450.000,3.281,3.281,90.180,90.180,4.990,4.556,4.556,14.405,14.405,112.422,1.25,35.00,33.0000,11.2422,50.590
8470,300.000,0.648,0.648,61.983,61.983,4.840,1.350,1.350,9.653,9.653,73.634,1.25,35.00,33.0000,7.3634,33.135
8471,200.000,0.128,0.128,42.194,42.194,4.740,0.400,0.400,6.459,6.459,49.181,1.25,35.00,33.0000,4.9181,22.131
8472,250.000,0.313,0.313,52.192,52.192,4.790,0.781,0.781,8.058,8.058,61.344,1.25,35.00,33.0000,6.1344,27.605
8473,350.000,1.200,1.200,71.575,71.575,4.890,2.144,2.144,11.242,11.242,86.161,1.25,35.00,33.0000,8.6161,38.772
8474,500.000,5.000,5.000,99.206,99.206,5.040,6.250,6.250,15.979,15.979,126.435,1.25,35.00,33.0000,12.6435,56.896
8475,450.000,3.281,3.281,90.180,90.180,4.990,4.556,4.556,14.405,14.405,112.422,1.25,35.00,33.0000,11.2422,50.590
8476,300.000,0.648,0.648,61.983,61.983,4.840,1.350,1.350,9.653,9.653,73.634,1.25,35.00,33.0000,7.3634,33.135
8477,200.000,0.128,0.128,42.194,42.194,4.740,0.400,0.400,6.459,6.459,49.181,1.25,35.00,33.0000,4.9181,22.131
8478,250.000,0.313,0.313,52.192,52.192,4.790,0.781,0.781,8.058,8.058,61.344,1.25,35.00,33.0000,6.1344,27.605
8479,350.000,1.200,1.200,71.575,71.575,4.890,2.144,2.144,11.242,11.242,86.161,1.25,35.00,33.0000,8.6161,38.772
8480,500.000,5.000,5.000,99.206,99.206,5.040,6.250,6.250,15.979,15.979,126.435,1.25,35.00,33.0000,12.6435,56.896
8481,450.000,3.281,3.281,90.180,90.180,4.990,4.556,4.556,14.405,14.405,112.422,1.25,35.00,33.0000,11.2422,50.590
8482,300.000,0.648,0.648,61.983,61.983,4.840,1.350,1.350,9.653,9.653,73.634,1.25,35.00,33.0000,7.3634,33.135
8483,200.000,0.128,0.128,42.194,42.194,4.740,0.400,0.400,6.459,6.459,49.181,1.25,35.00,33.0000,4.9181,22.131
8484,250.000,0.313,0.313,52.192,52.192,4.790,0.781,0.781,8.058,8.058,61.344,1.25,35.00,33.0000,6.1344,27.605
8485,350.000,1.200,1.200,71.575,71.575,4.890,2.144,2.144,11.242,11.242,86.161,1.25,35.00,33.0000,8.6161,38.772
8486,500.000,5.000,5.000,99.206,99.206,5.040,6.250,6.250,15.979,15.979,126.435,1.25,35.00,33.0000,12.6435,56.896
8487,450.000,3.281,3.281,90.180,90.180,4.990,4.556,4.556,14.405,14.405,112.422,1.25,35.00,33.0000,11.2422,50.590
8488,300.000,0.648,0.648,61.983,61.983,4.840,1.350,1.350,9.653,9.653,73.634,1.25,35.00,33.0000,7.3634,33.135
8489,200.000,0.128,0.128,42.194,42.194,4.740,0.400,0.400,6.459,6.459,49.181,1.25,35.00,33.0000,4.9181,22.131
8490,250.000,0.313,0.313,52.192,52.192,4.790,0.781,0.781,8.058,8.058,61.344,1.25,35.00,33.0000,6.1344,27.605
8491,350.000,1.200,1.200,71.575,71.575,4.890,2.144,2.144,11.242,11.242,86.161,1.25,35.00,33.0000,8.6161,38.772
8492,500.000,5.000,5.000,99.206,99.206,5.040,6.250,6.250,15.979,15.979,126.435,1.25,35.00,33.0000,12.6435,56.896
8493,450.000,3.281,3.281,90.180,90.180,4.990,4.556,4.556,14.405,14.405,112.422,1.25,35.00,33.0000,11.2422,50.590
8494,300.000,0.648,0.648,61.983,61.983,4.840,1.350,1.350,9.653,9.653,73.634,1.25,35.00,33.0000,7.3634,33.135
8495,200.000,0.128,0.128,42.194,42.194,4.740,0.400,0.400,6.459,6.459,49.181,1.25,35.00,33.0000,4.9181,22.131
8496,250.000,0.313,0.313,52.192,52.192,4.790,0.781,0.781,8.058,8.058,61.344,1.25,35.00,33.0000,6.1344,27.605
8497,350.000,1.200,1.200,71.575,71.575,4.890,2.144,2.144,11.242,11.242,86.161,1.25,35.00,33.0000,8.6161,38.772
8498,500.000,5.000,5.000,99.206,99.206,5.040,6.250,6.250,15.979,15.979,126.435,1.25,35.00,33.0000,12.6435,56.896
8499,450.000,3.281,3.281,90.180,90.180,4.990,4.556,4.556,14.405,14.405,112.422,1.25,35.00,33.0000,11.2422,50.590
8500,300.000,0.648,0.648,61.983,61.983,4.840,1.350,1.350,9.653,9.653,73.634,1.25,35.00,33.0000,7.3634,33.135
8501,200.000,0.128,0.128,42.194,42.194,4.740,0.400,0.400,6.459,6.459,49.181,1.25,35.00,33.0000,4.9181,22.131
8502,250.000,0.313,0.313,52.192,52.192,4.790,0.781,0.781,8.058,8.058,61.344,1.25,35.00,33.0000,6.1344,27.605
8503,350.000,1.200,1.200,71.575,71.575,4.890,2.144,2.144,11.242,11.242,86.161,1.25,35.00,33.0000,8.6161,38.772
8504,500.000,5.000,5.000,99.206,99.206,5.040,6.250,6.250,15.979,15.979,126.435,1.25,35.00,33.0000,12.6435,56.896
8505,450.000,3.281,3.281,90.180,90.180,4.990,4.556,4.556,14.405,14.405,112.422,1.25,35.00,33.0000,11.2422,50.590
8506,300.000,0.648,0.648,61.983,61.983,4.840,1.350,1.350,9.653,9.653,73.634,1.25,35.00,33.0000,7.3634,33.135
8507,200.000,0.128,0.128,42.194,42.194,4.740,0.400,0.400,6.459,6.459,49.181,1.25,35.00,33.0000,4.9181,22.131
8508,250.000,0.313,0.313,52.192,52.192,4.790,0.781,0.781,8.058,8.058,61.344,1.25,35.00,33.0000,6.1344,27.605
8509,350.000,1.200,1.200,71.575,71.575,4.890,2.144,2.144,11.242,11.242,86.161,1.25,35.00,33.0000,8.6161,38.772
8510,500.000,5.000,5.000,99.206,99.206,5.040,6.250,6.250,15.979,15.979,126.435,1.25,35.00,33.0000,12.6435,56.896
8511,450.000,3.281,3.281,90.180,90.180,4.990,4.556,4.556,14.405,14.405,112.422,1.25,35.00,33.0000,11.2422,50.590
8512,300.000,0.648,0.648,61.983,61.983,4.840,1.350,1.350,9.653,9.653,73.634,1.25,35.00,33.0000,7.3634,33.135
8513,200.000,0.128,0.128,42.194,42.194,4.740,0.400,0.400,6.459,6.459,49.181,1.25,35.00,33.0000,4.9181,22.131
8514,250.000,0.313,0.313,52.192,52.192,4.790,0.781,0.781,8.058,8.058,61.344,1.25,35.00,33.0000,6.1344,27.605
8515,350.000,1.200,1.200,71.575,71.575,4.890,2.144,2.144,11.242,11.242,86.161,1.25,35.00,33.0000,8.6161,38.772
8516,500.000,5.000,5.000,99.206,99.206,5.040,6.250,6.250,15.979,15.979,126.435,1.25,35.00,33.0000,12.6435,56.896
8517,450.000,3.281,3.281,90.180,90.180,4.990,4.556,4.556,14.405,14.405,112.422,1.25,35.00,33.0000,11.2422,50.590
8518,300.000,0.648,0.648,61.983,61.983,4.840,1.350,1.350,9.653,9.653,73.634,1.25,35.00,33.0000,7.3634,33.135
8519,200.000,0.128,0.128,42.194,42.194,4.740,0.400,0.400,6.459,6.459,49.181,1.25,35.00,33.0000,4.9181,22.131
8520,250.000,0.313,0.313,52.192,52.192,4.790,0.781,0.781,8.058,8.058,61.344,1.25,35.00,33.0000,6.1344,27.605
8521,350.000,1.200,1.200,71.575,71.575,4.890,2.144,2.144,11.242,11.242,86.161,1.25,35.00,33.0000,8.6161,38.772
8522,500.000,5.000,5.000,99.206,99.206,5.040,6.250,6.250,15.979,15.979,126.435,1.25,35.00,33.0000,12.6435,56.896
8523,450.000,3.281,3.281,90.180,90.180,4.990,4.556,4.556,14.405,14.405,112.422,1.25,35.00,33.0000,11.2422,50.590
8524,300.000,0.648,0.648,61.983,61.983,4.840,1.350,1.350,9.653,9.653,73.634,1.25,35.00,33.0000,7.3634,33.135
8525,200.000,0.128,0.128,42.194,42.194,4.740,0.400,0.400,6.459,6.459,49.181,1.25,35.00,33.0000,4.9181,22.131
8526,250.000,0.313,0.313,52.192,52.192,4.790,0.781,0.781,8.058,8.058,61.344,1.25,35.00,33.0000,6.1344,27.605
8527,350.000,1.200,1.200,71.575,71.575,4.890,2.144,2.144,11.242,11.242,86.161,1.25,35.00,33.0000,8.6161,38.772
8528,500.000,5.000,5.000,99.206,99.206,5.040,6.250,6.250,15.979,15.979,126.435,1.25,35.00,33.0000,12.6435,56.896
8529,450.000,3.281,3.281,90.180,90.180,4.990,4.556,4.556,14.405,14.405,112.422,1.25,35.00,33.0000,11.2422,50.590
8530,300.000,0.648,0.648,61.983,61.983,4.840,1.350,1.350,9.653,9.653,73.634,1.25,35.00,33.0000,7.3634,33.135
8531,200.000,0.128,0.128,42.194,42.194,4.740,0.400,0.400,6.459,6.459,49.181,1.25,35.00,33.0000,4.9181,22.131
8532,250.000,0.313,0.313,52.192,52.192,4.790,0.781,0.781,8.058,8.058,61.344,1.25,35.00,33.0000,6.1344,27.605
8533,350.000,1.200,1.200,71.575,71.575,4.890,2.144,2.144,11.242,11.242,86.161,1.25,35.00,33.0000,8.6161,38.772
8534,500.000,5.000,5.000,99.206,99.206,5.040,6.250,6.250,15.979,15.979,126.435,1.25,35.00,33.0000,12.6435,56.896
8535,450.000,3.281,3.281,90.180,90.180,4.990,4.556,4.556,14.405,14.405,112.422,1.25,35.00,33.0000,11.2422,50.590
8536,300.000,0.648,0.648,61.983,61.983,4.840,1.350,1.350,9.653,9.653,73.634,1.25,35.00,33.0000,7.3634,33.135
8537,200.000,0.128,0.128,42.194,42.194,4.740,0.400,0.400,6.459,6.459,49.181,1.25,35.00,33.0000,4.9181,22.131
8538,250.000,0.313,0.313,52.192,52.192,4.790,0.781,0.781,8.058,8.058,61.344,1.25,35.00,33.0000,6.1344,27.605
8539,350.000,1.200,1.200,71.575,71.575,4.890,2.144,2.144,11.242,11.242,86.161,1.25,35.00,33.0000,8.6161,38.772
8540,500.000,5.000,5.000,99.206,99.206,5.040,6.250,6.250,15.979,15.979,126.435,1.25,35.00,33.0000,12.6435,56.896
8541,450.000,3.281,3.281,90.180,90.180,4.990,4.556,4.556,14.405,14.405,112.422,1.25,35.00,33.0000,11.2422,50.590
8542,300.000,0.648,0.648,61.983,61.983,4.840,1.350,1.350,9.653,9.653,73.634,1.25,35.00,33.0000,7.3634,33.135
8543,200.000,0.128,0.128,42.194,42.194,4.740,0.400,0.400,6.459,6.459,49.181,1.25,35.00,33.0000,4.9181,22.131
8544,250.000,0.313,0.313,52.192,52.192,4.790,0.781,0.781,8.058,8.058,61.344,1.25,35.00,33.0000,6.1344,27.605
8545,350.000,1.200,1.200,71.575,71.575,4.890,2.144,2.144,11.242,11.242,86.161,1.25,35.00,33.0000,8.6161,38.772
8546,500.000,5.000,5.000,99.206,99.206,5.040,6.250,6.250,15.979,15.979,126.435,1.25,35.00,33.0000,12.6435,56.896
8547,450.000,3.281,3.281,90.180,90.180,4.990,4.556,4.556,14.405,14.405,112.422,1.25,35.00,33.0000,11.2422,50.590
8548,300.000,0.648,0.648,61.983,61.983,4.840,1.350,1.350,9.653,9.653,73.634,1.25,35.00,33.0000,7.3634,33.135
8549,200.000,0.128,0.128,42.194,42.194,4.740,0.400,0.400,6.459,6.459,49.181,1.25,35.00,33.0000,4.9181,22.131
8550,250.000,0.313,0.313,52.192,52.192,4.790,0.781,0.781,8.058,8.058,61.344,1.25,35.00,33.0000,6.1344,27.605
8551,350.000,1.200,1.200,71.575,71.575,4.890,2.144,2.144,11.242,11.242,86.161,1.25,35.00,33.0000,8.6161,38.772
8552,500.000,5.000,5.000,99.206,99.206,5.040,6.250,6.250,15.979,15.979,126.435,1.25,35.00,33.0000,12.6435,56.896
8553,450.000,3.281,3.281,90.180,90.180,4.990,4.556,4.556,14.405,14.405,112.422,1.25,35.00,33.0000,11.2422,50.590
8554,300.000,0.648,0.648,61.983,61.983,4.840,1.350,1.350,9.653,9.653,73.634,1.25,35.00,33.0000,7.3634,33.135
8555,200.000,0.128,0.128,42.194,42.194,4.740,0.400,0.400,6.459,6.459,49.181,1.25,35.00,33.0000,4.9181,22.131
8556,250.000,0.313,0.313,52.192,52.192,4.790,0.781,0.781,8.058,8.058,61.344,1.25,35.00,33.0000,6.1344,27.605
8557,350.000,1.200,1.200,71.575,71.575,4.890,2.144,2.144,11.242,11.242,86.161,1.25,35.00,33.0000,8.6161,38.772
8558,500.000,5.000,5.000,99.206,99.206,5.040,6.250,6.250,15.979,15.979,126.435,1.25,35.00,33.0000,12.6435,56.896
8559,450.000,3.281,3.281,90.180,90.180,4.990,4.556,4.556,14.405,14.405,112.422,1.25,35.00,33.0000,11.2422,50.590
8560,300.000,0.648,0.648,61.983,61.983,4.840,1.350,1.350,9.653,9.653,73.634,1.25,35.00,33.0000,7.3634,33.135
8561,200.000,0.128,0.128,42.194,42.194,4.740,0.400,0.400,6.459,6.459,49.181,1.25,35.00,33.0000,4.9181,22.131
8562,250.000,0.313,0.313,52.192,52.192,4.790,0.781,0.781,8.058,8.058,61.344,1.25,35.00,33.0000,6.1344,27.605
8563,350.000,1.200,1.200,71.575,71.575,4.890,2.144,2.144,11.242,11.242,86.161,1.25,35.00,33.0000,8.6161,38.772
8564,500.000,5.000,5.000,99.206,99.206,5.040,6.250,6.250,15.979,15.979,126.435,1.25,35.00,33.0000,12.6435,56.896
8565,450.000,3.281,3.281,90.180,90.180,4.990,4.556,4.556,14.405,14.405,112.422,1.25,35.00,33.0000,11.2422,50.590
8566,300.000,0.648,0.648,61.983,61.983,4.840,1.350,1.350,9.653,9.653,73.634,1.25,35.00,33.0000,7.3634,33.135
8567,200.000,0.128,0.128,42.194,42.194,4.740,0.400,0.400,6.459,6.459,49.181,1.25,35.00,33.0000,4.9181,22.131
8568,250.000,0.313,0.313,52.192,52.192,4.790,0.781,0.781,8.058,8.058,61.344,1.25,35.00,33.0000,6.1344,27.605
8569,350.000,1.200,1.200,71.575,71.575,4.890,2.144,2.144,11.242,11.242,86.161,1.25,35.00,33.0000,8.6161,38.772
8570,500.000,5.000,5.000,99.206,99.206,5.040,6.250,6.250,15.979,15.979,126.435,1.25,35.00,33.0000,12.6435,56.896
8571,450.000,3.281,3.281,90.180,90.180,4.990,4.556,4.556,14.405,14.405,112.422,1.25,35.00,33.0000,11.2422,50.590
8572,300.000,0.648,0.648,61.983,61.983,4.840,1.350,1.350,9.653,9.653,73.634,1.25,35.00,33.0000,7.3634,33.135
8573,200.000,0.128,0.128,42.194,42.194,4.740,0.400,0.400,6.459,6.459,49.181,1.25,35.00,33.0000,4.9181,22.131
8574,250.000,0.313,0.313,52.192,52.192,4.790,0.781,0.781,8.058,8.058,61.344,1.25,35.00,33.0000,6.1344,27.605
8575,350.000,1.200,1.200,71.575,71.575,4.890,2.144,2.144,11.242,11.242,86.161,1.25,35.00,33.0000,8.6161,38.772
8576,500.000,5.000,5.000,99.206,99.206,5.040,6.250,6.250,15.979,15.979,126.435,1.25,35.00,33.0000,12.6435,56.896
8577,450.000,3.281,3.281,90.180,90.180,4.990,4.556,4.556,14.405,14.405,112.422,1.25,35.00,33.0000,11.2422,50.590
8578,300.000,0.648,0.648,61.983,61.983,4.840,1.350,1.350,9.653,9.653,73.634,1.25,35.00,33.0000,7.3634,33.135
8579,200.000,0.128,0.128,42.194,42.194,4.740,0.400,0.400,6.459,6.459,49.181,1.25,35.00,33.0000,4.9181,22.131
8580,250.000,0.313,0.313,52.192,52.192,4.790,0.781,0.781,8.058,8.058,61.344,1.25,35.00,33.0000,6.1344,27.605
8581,350.000,1.200,1.200,71.575,71.575,4.890,2.144,2.144,11.242,11.242,86.161,1.25,35.00,33.0000,8.6161,38.772
8582,500.000,5.000,5.000,99.206,99.206,5.040,6.250,6.250,15.979,15.979,126.435,1.25,35.00,33.0000,12.6435,56.896
8583,450.000,3.281,3.281,90.180,90.180,4.990,4.556,4.556,14.405,14.405,112.422,1.25,35.00,33.0000,11.2422,50.590
8584,300.000,0.648,0.648,61.983,61.983,4.840,1.350,1.350,9.653,9.653,73.634,1.25,35.00,33.0000,7.3634,33.135
8585,200.000,0.128,0.128,42.194,42.194,4.740,0.400,0.400,6.459,6.459,49.181,1.25,35.00,33.0000,4.9181,22.131
8586,250.000,0.313,0.313,52.192,52.192,4.790,0.781,0.781,8.058,8.058,61.344,1.25,35.00,33.0000,6.1344,27.605
8587,350.000,1.200,1.200,71.575,71.575,4.890,2.144,2.144,11.242,11.242,86.161,1.25,35.00,33.0000,8.6161,38.772
8588,500.000,5.000,5.000,99.206,99.206,5.040,6.250,6.250,15.979,15.979,126.435,1.25,35.00,33.0000,12.6435,56.896
8589,450.000,3.281,3.281,90.180,90.180,4.990,4.556,4.556,14.405,14.405,112.422,1.25,35.00,33.0000,11.2422,50.590
8590,300.000,0.648,0.648,61.983,61.983,4.840,1.350,1.350,9.653,9.653,73.634,1.25,35.00,33.0000,7.3634,33.135
8591,200.000,0.128,0.128,42.194,42.194,4.740,0.400,0.400,6.459,6.459,49.181,1.25,35.00,33.0000,4.9181,22.131
8592,250.000,0.313,0.313,52.192,52.192,4.790,0.781,0.781,8.058,8.058,61.344,1.25,35.00,33.0000,6.1344,27.605
8593,350.000,1.200,1.200,71.575,71.575,4.890,2.144,2.144,11.242,11.242,86.161,1.25,35.00,33.0000,8.6161,38.772
8594,500.000,5.000,5.000,99.206,99.206,5.040,6.250,6.250,15.979,15.979,126.435,1.25,35.00,33.0000,12.6435,56.896
8595,450.000,3.281,3.281,90.180,90.180,4.990,4.556,4.556,14.405,14.405,112.422,1.25,35.00,33.0000,11.2422,50.590
8596,300.000,0.648,0.648,61.983,61.983,4.840,1.350,1.350,9.653,9.653,73.634,1.25,35.00,33.0000,7.3634,33.135
8597,200.000,0.128,0.128,42.194,42.194,4.740,0.400,0.400,6.459,6.459,49.181,1.25,35.00,33.0000,4.9181,22.131
8598,250.000,0.313,0.313,52.192,52.192,4.790,0.781,0.781,8.058,8.058,61.344,1.25,35.00,33.0000,6.1344,27.605
8599,350.000,1.200,1.200,71.575,71.575,4.890,2.144,2.144,11.242,11.242,86.161,1.25,35.00,33.0000,8.6161,38.772
8600,500.000,5.000,5.000,99.206,99.206,5.040,6.250,6.250,15.979,15.979,126.435,1.25,35.00,33.0000,12.6435,56.896
8601,450.000,3.281,3.281,90.180,90.180,4.990,4.556,4.556,14.405,14.405,112.422,1.25,35.00,33.0000,11.2422,50.590
8602,300.000,0.648,0.648,61.983,61.983,4.840,1.350,1.350,9.653,9.653,73.634,1.25,35.00,33.0000,7.3634,33.135
8603,200.000,0.128,0.128,42.194,42.194,4.740,0.400,0.400,6.459,6.459,49.181,1.25,35.00,33.0000,4.9181,22.131
8604,250.000,0.313,0.313,52.192,52.192,4.790,0.781,0.781,8.058,8.058,61.344,1.25,35.00,33.0000,6.1344,27.605
8605,350.000,1.200,1.200,71.575,71.575,4.890,2.144,2.144,11.242,11.242,86.161,1.25,35.00,33.0000,8.6161,38.772
8606,500.000,5.000,5.000,99.206,99.206,5.040,6.250,6.250,15.979,15.979,126.435,1.25,35.00,33.0000,12.6435,56.896
8607,450.000,3.281,3.281,90.180,90.180,4.990,4.556,4.556,14.405,14.405,112.422,1.25,35.00,33.0000,11.2422,50.590
8608,300.000,0.648,0.648,61.983,61.983,4.840,1.350,1.350,9.653,9.653,73.634,1.25,35.00,33.0000,7.3634,33.135
8609,200.000,0.128,0.128,42.194,42.194,4.740,0.400,0.400,6.459,6.459,49.181,1.25,35.00,33.0000,4.9181,22.131
8610,250.000,0.313,0.313,52.192,52.192,4.790,0.781,0.781,8.058,8.058,61.344,1.25,35.00,33.0000,6.1344,27.605
8611,350.000,1.200,1.200,71.575,71.575,4.890,2.144,2.144,11.242,11.242,86.161,1.25,35.00,33.0000,8.6161,38.772
8612,500.000,5.000,5.000,99.206,99.206,5.040,6.250,6.250,15.979,15.979,126.435,1.25,35.00,33.0000,12.6435,56.896
8613,450.000,3.281,3.281,90.180,90.180,4.990,4.556,4.556,14.405,14.405,112.422,1.25,35.00,33.0000,11.2422,50.590
8614,300.000,0.648,0.648,61.983,61.983,4.840,1.350,1.350,9.653,9.653,73.634,1.25,35.00,33.0000,7.3634,33.135
8615,200.000,0.128,0.128,42.194,42.194,4.740,0.400,0.400,6.459,6.459,49.181,1.25,35.00,33.0000,4.9181,22.131
8616,250.000,0.313,0.313,52.192,52.192,4.790,0.781,0.781,8.058,8.058,61.344,1.25,35.00,33.0000,6.1344,27.605
8617,350.000,1.200,1.200,71.575,71.575,4.890,2.144,2.144,11.242,11.242,86.161,1.25,35.00,33.0000,8.6161,38.772
8618,500.000,5.000,5.000,99.206,99.206,5.040,6.250,6.250,15.979,15.979,126.435,1.25,35.00,33.0000,12.6435,56.896
8619,450.000,3.281,3.281,90.180,90.180,4.990,4.556,4.556,14.405,14.405,112.422,1.25,35.00,33.0000,11.2422,50.590
8620,300.000,0.648,0.648,61.983,61.983,4.840,1.350,1.350,9.653,9.653,73.634,1.25,35.00,33.0000,7.3634,33.135
8621,200.000,0.128,0.128,42.194,42.194,4.740,0.400,0.400,6.459,6.459,49.181,1.25,35.00,33.0000,4.9181,22.131
8622,250.000,0.313,0.313,52.192,52.192,4.790,0.781,0.781,8.058,8.058,61.344,1.25,35.00,33.0000,6.1344,27.605
8623,350.000,1.200,1.200,71.575,71.575,4.890,2.144,2.144,11.242,11.242,86.161,1.25,35.00,33.0000,8.6161,38.772
8624,500.000,5.000,5.000,99.206,99.206,5.040,6.250,6.250,15.979,15.979,126.435,1.25,35.00,33.0000,12.6435,56.896
8625,450.000,3.281,3.281,90.180,90.180,4.990,4.556,4.556,14.405,14.405,112.422,1.25,35.00,33.0000,11.2422,50.590
8626,300.000,0.648,0.648,61.983,61.983,4.840,1.350,1.350,9.653,9.653,73.634,1.25,35.00,33.0000,7.3634,33.135
8627,200.000,0.128,0.128,42.194,42.194,4.740,0.400,0.400,6.459,6.459,49.181,1.25,35.00,33.0000,4.9181,22.131
8628,250.000,0.313,0.313,52.192,52.192,4.790,0.781,0.781,8.058,8.058,61.344,1.25,35.00,33.0000,6.1344,27.605
8629,350.000,1.200,1.200,71.575,71.575,4.890,2.144,2.144,11.242,11.242,86.161,1.25,35.00,33.0000,8.6161,38.772
8630,500.000,5.000,5.000,99.206,99.206,5.040,6.250,6.250,15.979,15.979,126.435,1.25,35.00,33.0000,12.6435,56.896
8631,450.000,3.281,3.281,90.180,90.180,4.990,4.556,4.556,14.405,14.405,112.422,1.25,35.00,33.0000,11.2422,50.590
8632,300.000,0.648,0.648,61.983,61.983,4.840,1.350,1.350,9.653,9.653,73.634,1.25,35.00,33.0000,7.3634,33.135
8633,200.000,0.128,0.128,42.194,42.194,4.740,0.400,0.400,6.459,6.459,49.181,1.25,35.00,33.0000,4.9181,22.131
8634,250.000,0.313,0.313,52.192,52.192,4.790,0.781,0.781,8.058,8.058,61.344,1.25,35.00,33.0000,6.1344,27.605
8635,350.000,1.200,1.200,71.575,71.575,4.890,2.144,2.144,11.242,11.242,86.161,1.25,35.00,33.0000,8.6161,38.772
8636,500.000,5.000,5.000,99.206,99.206,5.040,6.250,6.250,15.979,15.979,126.435,1.25,35.00,33.0000,12.6435,56.896
8637,450.000,3.281,3.281,90.180,90.180,4.990,4.556,4.556,14.405,14.405,112.422,1.25,35.00,33.0000,11.2422,50.590
8638,300.000,0.648,0.648,61.983,61.983,4.840,1.350,1.350,9.653,9.653,73.634,1.25,35.00,33.0000,7.3634,33.135
8639,200.000,0.128,0.128,42.194,42.194,4.740,0.400,0.400,6.459,6.459,49.181,1.25,35.00,33.0000,4.9181,22.131
8640,250.000,0.313,0.313,52.192,52.192,4.790,0.781,0.781,8.058,8.058,61.344,1.25,35.00,33.0000,6.1344,27.605
8641,350.000,1.200,1.200,71.575,71.575,4.890,2.144,2.144,11.242,11.242,86.161,1.25,35.00,33.0000,8.6161,38.772
8642,500.000,5.000,5.000,99.206,99.206,5.040,6.250,6.250,15.979,15.979,126.435,1.25,35.00,33.0000,12.6435,56.896
8643,450.000,3.281,3.281,90.180,90.180,4.990,4.556,4.556,14.405,14.405,112.422,1.25,35.00,33.0000,11.2422,50.590
8644,300.000,0.648,0.648,61.983,61.983,4.840,1.350,1.350,9.653,9.653,73.634,1.25,35.00,33.0000,7.3634,33.135
8645,200.000,0.128,0.128,42.194,42.194,4.740,0.400,0.400,6.459,6.459,49.181,1.25,35.00,33.0000,4.9181,22.131
8646,250.000,0.313,0.313,52.192,52.192,4.790,0.781,0.781,8.058,8.058,61.344,1.25,35.00,33.0000,6.1344,27.605
8647,350.000,1.200,1.200,71.575,71.575,4.890,2.144,2.144,11.242,11.242,86.161,1.25,35.00,33.0000,8.6161,38.772
8648,500.000,5.000,5.000,99.206,99.206,5.040,6.250,6.250,15.979,15.979,126.435,1.25,35.00,33.0000,12.6435,56.896
8649,450.000,3.281,3.281,90.180,90.180,4.990,4.556,4.556,14.405,14.405,112.422,1.25,35.00,33.0000,11.2422,50.590
8650,300.000,0.648,0.648,61.983,61.983,4.840,1.350,1.350,9.653,9.653,73.634,1.25,35.00,33.0000,7.3634,33.135
8651,200.000,0.128,0.128,42.194,42.194,4.740,0.400,0.400,6.459,6.459,49.181,1.25,35.00,33.0000,4.9181,22.131
8652,250.000,0.313,0.313,52.192,52.192,4.790,0.781,0.781,8.058,8.058,61.344,1.25,35.00,33.0000,6.1344,27.605
8653,350.000,1.200,1.200,71.575,71.575,4.890,2.144,2.144,11.242,11.242,86.161,1.25,35.00,33.0000,8.6161,38.772
8654,500.000,5.000,5.000,99.206,99.206,5.040,6.250,6.250,15.979,15.979,126.435,1.25,35.00,33.0000,12.6435,56.896
8655,450.000,3.281,3.281,90.180,90.180,4.990,4.556,4.556,14.405,14.405,112.422,1.25,35.00,33.0000,11.2422,50.590
8656,300.000,0.648,0.648,61.983,61.983,4.840,1.350,1.350,9.653,9.653,73.634,1.25,35.00,33.0000,7.3634,33.135
8657,200.000,0.128,0.128,42.194,42.194,4.740,0.400,0.400,6.459,6.459,49.181,1.25,35.00,33.0000,4.9181,22.131
8658,250.000,0.313,0.313,52.192,52.192,4.790,0.781,0.781,8.058,8.058,61.344,1.25,35.00,33.0000,6.1344,27.605
8659,350.000,1.200,1.200,71.575,71.575,4.890,2.144,2.144,11.242,11.242,86.161,1.25,35.00,33.0000,8.6161,38.772
8660,500.000,5.000,5.000,99.206,99.206,5.040,6.250,6.250,15.979,15.979,126.435,1.25,35.00,33.0000,12.6435,56.896
8661,450.000,3.281,3.281,90.180,90.180,4.990,4.556,4.556,14.405,14.405,112.422,1.25,35.00,33.0000,11.2422,50.590
8662,300.000,0.648,0.648,61.983,61.983,4.840,1.350,1.350,9.653,9.653,73.634,1.25,35.00,33.0000,7.3634,33.135
8663,200.000,0.128,0.128,42.194,42.194,4.740,0.400,0.400,6.459,6.459,49.181,1.25,35.00,33.0000,4.9181,22.131
8664,250.000,0.313,0.313,52.192,52.192,4.790,0.781,0.781,8.058,8.058,61.344,1.25,35.00,33.0000,6.1344,27.605
8665,350.000,1.200,1.200,71.575,71.575,4.890,2.144,2.144,11.242,11.242,86.161,1.25,35.00,33.0000,8.6161,38.772
8666,500.000,5.000,5.000,99.206,99.206,5.040,6.250,6.250,15.979,15.979,126.435,1.25,35.00,33.0000,12.6435,56.896
8667,450.000,3.281,3.281,90.180,90.180,4.990,4.556,4.556,14.405,14.405,112.422,1.25,35.00,33.0000,11.2422,50.590
8668,300.000,0.648,0.648,61.983,61.983,4.840,1.350,1.350,9.653,9.653,73.634,1.25,35.00,33.0000,7.3634,33.135
8669,200.000,0.128,0.128,42.194,42.194,4.740,0.400,0.400,6.459,6.459,49.181,1.25,35.00,33.0000,4.9181,22.131
8670,250.000,0.313,0.313,52.192,52.192,4.790,0.781,0.781,8.058,8.058,61.344,1.25,35.00,33.0000,6.1344,27.605
8671,350.000,1.200,1.200,71.575,71.575,4.890,2.144,2.144,11.242,11.242,86.161,1.25,35.00,33.0000,8.6161,38.772
8672,500.000,5.000,5.000,99.206,99.206,5.040,6.250,6.250,15.979,15.979,126.435,1.25,35.00,33.0000,12.6435,56.896
8673,450.000,3.281,3.281,90.180,90.180,4.990,4.556,4.556,14.405,14.405,112.422,1.25,35.00,33.0000,11.2422,50.590
8674,300.000,0.648,0.648,61.983,61.983,4.840,1.350,1.350,9.653,9.653,73.634,1.25,35.00,33.0000,7.3634,33.135
8675,200.000,0.128,0.128,42.194,42.194,4.740,0.400,0.400,6.459,6.459,49.181,1.25,35.00,33.0000,4.9181,22.131
8676,250.000,0.313,0.313,52.192,52.192,4.790,0.781,0.781,8.058,8.058,61.344,1.25,35.00,33.0000,6.1344,27.605
8677,350.000,1.200,1.200,71.575,71.575,4.890,2.144,2.144,11.242,11.242,86.161,1.25,35.00,33.0000,8.6161,38.772
8678,500.000,5.000,5.000,99.206,99.206,5.040,6.250,6.250,15.979,15.979,126.435,1.25,35.00,33.0000,12.6435,56.896
8679,450.000,3.281,3.281,90.180,90.180,4.990,4.556,4.556,14.405,14.405,112.422,1.25,35.00,33.0000,11.2422,50.590
8680,300.000,0.648,0.648,61.983,61.983,4.840,1.350,1.350,9.653,9.653,73.634,1.25,35.00,33.0000,7.3634,33.135
8681,200.000,0.128,0.128,42.194,42.194,4.740,0.400,0.400,6.459,6.459,49.181,1.25,35.00,33.0000,4.9181,22.131
8682,250.000,0.313,0.313,52.192,52.192,4.790,0.781,0.781,8.058,8.058,61.344,1.25,35.00,33.0000,6.1344,27.605
8683,350.000,1.200,1.200,71.575,71.575,4.890,2.144,2.144,11.242,11.242,86.161,1.25,35.00,33.0000,8.6161,38.772
8684,500.000,5.000,5.000,99.206,99.206,5.040,6.250,6.250,15.979,15.979,126.435,1.25,35.00,33.0000,12.6435,56.896
8685,450.000,3.281,3.281,90.180,90.180,4.990,4.556,4.556,14.405,14.405,112.422,1.25,35.00,33.0000,11.2422,50.590
8686,300.000,0.648,0.648,61.983,61.983,4.840,1.350,1.350,9.653,9.653,73.634,1.25,35.00,33.0000,7.3634,33.135
8687,200.000,0.128,0.128,42.194,42.194,4.740,0.400,0.400,6.459,6.459,49.181,1.25,35.00,33.0000,4.9181,22.131
8688,250.000,0.313,0.313,52.192,52.192,4.790,0.781,0.781,8.058,8.058,61.344,1.25,35.00,33.0000,6.1344,27.605
8689,350.000,1.200,1.200,71.575,71.575,4.890,2.144,2.144,11.242,11.242,86.161,1.25,35.00,33.0000,8.6161,38.772
8690,500.000,5.000,5.000,99.206,99.206,5.040,6.250,6.250,15.979,15.979,126.435,1.25,35.00,33.0000,12.6435,56.896
8691,450.000,3.281,3.281,90.180,90.180,4.990,4.556,4.556,14.405,14.405,112.422,1.25,35.00,33.0000,11.2422,50.590
8692,300.000,0.648,0.648,61.983,61.983,4.840,1.350,1.350,9.653,9.653,73.634,1.25,35.00,33.0000,7.3634,33.135
8693,200.000,0.128,0.128,42.194,42.194,4.740,0.400,0.400,6.459,6.459,49.181,1.25,35.00,33.0000,4.9181,22.131
8694,250.000,0.313,0.313,52.192,52.192,4.790,0.781,0.781,8.058,8.058,61.344,1.25,35.00,33.0000,6.1344,27.605
8695,350.000,1.200,1.200,71.575,71.575,4.890,2.144,2.144,11.242,11.242,86.161,1.25,35.00,33.0000,8.6161,38.772
8696,500.000,5.000,5.000,99.206,99.206,5.040,6.250,6.250,15.979,15.979,126.435,1.25,35.00,33.0000,12.6435,56.896
8697,450.000,3.281,3.281,90.180,90.180,4.990,4.556,4.556,14.405,14.405,112.422,1.25,35.00,33.0000,11.2422,50.590
8698,300.000,0.648,0.648,61.983,61.983,4.840,1.350,1.350,9.653,9.653,73.634,1.25,35.00,33.0000,7.3634,33.135
8699,200.000,0.128,0.128,42.194,42.194,4.740,0.400,0.400,6.459,6.459,49.181,1.25,35.00,33.0000,4.9181,22.131
8700,250.000,0.313,0.313,52.192,52.192,4.790,0.781,0.781,8.058,8.058,61.344,1.25,35.00,33.0000,6.1344,27.605
8701,350.000,1.200,1.200,71.575,71.575,4.890,2.144,2.144,11.242,11.242,86.161,1.25,35.00,33.0000,8.6161,38.772
8702,500.000,5.000,5.000,99.206,99.206,5.040,6.250,6.250,15.979,15.979,126.435,1.25,35.00,33.0000,12.6435,56.896
8703,450.000,3.281,3.281,90.180,90.180,4.990,4.556,4.556,14.405,14.405,112.422,1.25,35.00,33.0000,11.2422,50.590
8704,300.000,0.648,0.648,61.983,61.983,4.840,1.350,1.350,9.653,9.653,73.634,1.25,35.00,33.0000,7.3634,33.135
8705,200.000,0.128,0.128,42.194,42.194,4.740,0.400,0.400,6.459,6.459,49.181,1.25,35.00,33.0000,4.9181,22.131
8706,250.000,0.313,0.313,52.192,52.192,4.790,0.781,0.781,8.058,8.058,61.344,1.25,35.00,33.0000,6.1344,27.605
8707,350.000,1.200,1.200,71.575,71.575,4.890,2.144,2.144,11.242,11.242,86.161,1.25,35.00,33.0000,8.6161,38.772
8708,500.000,5.000,5.000,99.206,99.206,5.040,6.250,6.250,15.979,15.979,126.435,1.25,35.00,33.0000,12.6435,56.896
8709,450.000,3.281,3.281,90.180,90.180,4.990,4.556,4.556,14.405,14.405,112.422,1.25,35.00,33.0000,11.2422,50.590
8710,300.000,0.648,0.648,61.983,61.983,4.840,1.350,1.350,9.653,9.653,73.634,1.25,35.00,33.0000,7.3634,33.135
8711,200.000,0.128,0.128,42.194,42.194,4.740,0.400,0.400,6.459,6.459,49.181,1.25,35.00,33.0000,4.9181,22.131
8712,250.000,0.313,0.313,52.192,52.192,4.790,0.781,0.781,8.058,8.058,61.344,1.25,35.00,33.0000,6.1344,27.605
8713,350.000,1.200,1.200,71.575,71.575,4.890,2.144,2.144,11.242,11.242,86.161,1.25,35.00,33.0000,8.6161,38.772
8714,500.000,5.000,5.000,99.206,99.206,5.040,6.250,6.250,15.979,15.979,126.435,1.25,35.00,33.0000,12.6435,56.896
8715,450.000,3.281,3.281,90.180,90.180,4.990,4.556,4.556,14.405,14.405,112.422,1.25,35.00,33.0000,11.2422,50.590
8716,300.000,0.648,0.648,61.983,61.983,4.840,1.350,1.350,9.653,9.653,73.634,1.25,35.00,33.0000,7.3634,33.135
8717,200.000,0.128,0.128,42.194,42.194,4.740,0.400,0.400,6.459,6.459,49.181,1.25,35.00,33.0000,4.9181,22.131
8718,250.000,0.313,0.313,52.192,52.192,4.790,0.781,0.781,8.058,8.058,61.344,1.25,35.00,33.0000,6.1344,27.605
8719,350.000,1.200,1.200,71.575,71.575,4.890,2.144,2.144,11.242,11.242,86.161,1.25,35.00,33.0000,8.6161,38.772
8720,500.000,5.000,5.000,99.206,99.206,5.040,6.250,6.250,15.979,15.979,126.435,1.25,35.00,33.0000,12.6435,56.896
8721,450.000,3.281,3.281,90.180,90.180,4.990,4.556,4.556,14.405,14.405,112.422,1.25,35.00,33.0000,11.2422,50.590
8722,300.000,0.648,0.648,61.983,61.983,4.840,1.350,1.350,9.653,9.653,73.634,1.25,35.00,33.0000,7.3634,33.135
8723,200.000,0.128,0.128,42.194,42.194,4.740,0.400,0.400,6.459,6.459,49.181,1.25,35.00,33.0000,4.9181,22.131
8724,250.000,0.313,0.313,52.192,52.192,4.790,0.781,0.781,8.058,8.058,61.344,1.25,35.00,33.0000,6.1344,27.605
8725,350.000,1.200,1.200,71.575,71.575,4.890,2.144,2.144,11.242,11.242,86.161,1.25,35.00,33.0000,8.6161,38.772
8726,500.000,5.000,5.000,99.206,99.206,5.040,6.250,6.250,15.979,15.979,126.435,1.25,35.00,33.0000,12.6435,56.896
8727,450.000,3.281,3.281,90.180,90.180,4.990,4.556,4.556,14.405,14.405,112.422,1.25,35.00,33.0000,11.2422,50.590
8728,300.000,0.648,0.648,61.983,61.983,4.840,1.350,1.350,9.653,9.653,73.634,1.25,35.00,33.0000,7.3634,33.135
8729,200.000,0.128,0.128,42.194,42.194,4.740,0.400,0.400,6.459,6.459,49.181,1.25,35.00,33.0000,4.9181,22.131
8730,250.000,0.313,0.313,52.192,52.192,4.790,0.781,0.781,8.058,8.058,61.344,1.25,35.00,33.0000,6.1344,27.605
8731,350.000,1.200,1.200,71.575,71.575,4.890,2.144,2.144,11.242,11.242,86.161,1.25,35.00,33.0000,8.6161,38.772
8732,500.000,5.000,5.000,99.206,99.206,5.040,6.250,6.250,15.979,15.979,126.435,1.25,35.00,33.0000,12.6435,56.896
8733,450.000,3.281,3.281,90.180,90.180,4.990,4.556,4.556,14.405,14.405,112.422,1.25,35.00,33.0000,11.2422,50.590
8734,300.000,0.648,0.648,61.983,61.983,4.840,1.350,1.350,9.653,9.653,73.634,1.25,35.00,33.0000,7.3634,33.135
8735,200.000,0.128,0.128,42.194,42.194,4.740,0.400,0.400,6.459,6.459,49.181,1.25,35.00,33.0000,4.9181,22.131
8736,250.000,0.313,0.313,52.192,52.192,4.790,0.781,0.781,8.058,8.058,61.344,1.25,35.00,33.0000,6.1344,27.605
8737,350.000,1.200,1.200,71.575,71.575,4.890,2.144,2.144,11.242,11.242,86.161,1.25,35.00,33.0000,8.6161,38.772
8738,500.000,5.000,5.000,99.206,99.206,5.040,6.250,6.250,15.979,15.979,126.435,1.25,35.00,33.0000,12.6435,56.896
8739,450.000,3.281,3.281,90.180,90.180,4.990,4.556,4.556,14.405,14.405,112.422,1.25,35.00,33.0000,11.2422,50.590
8740,300.000,0.648,0.648,61.983,61.983,4.840,1.350,1.350,9.653,9.653,73.634,1.25,35.00,33.0000,7.3634,33.135
8741,200.000,0.128,0.128,42.194,42.194,4.740,0.400,0.400,6.459,6.459,49.181,1.25,35.00,33.0000,4.9181,22.131
8742,250.000,0.313,0.313,52.192,52.192,4.790,0.781,0.781,8.058,8.058,61.344,1.25,35.00,33.0000,6.1344,27.605
8743,350.000,1.200,1.200,71.575,71.575,4.890,2.144,2.144,11.242,11.242,86.161,1.25,35.00,33.0000,8.6161,38.772
8744,500.000,5.000,5.000,99.206,99.206,5.040,6.250,6.250,15.979,15.979,126.435,1.25,35.00,33.0000,12.6435,56.896
8745,450.000,3.281,3.281,90.180,90.180,4.990,4.556,4.556,14.405,14.405,112.422,1.25,35.00,33.0000,11.2422,50.590
8746,300.000,0.648,0.648,61.983,61.983,4.840,1.350,1.350,9.653,9.653,73.634,1.25,35.00,33.0000,7.3634,33.135
8747,200.000,0.128,0.128,42.194,42.194,4.740,0.400,0.400,6.459,6.459,49.181,1.25,35.00,33.0000,4.9181,22.131
8748,250.000,0.313,0.313,52.192,52.192,4.790,0.781,0.781,8.058,8.058,61.344,1.25,35.00,33.0000,6.1344,27.605
8749,350.000,1.200,1.200,71.575,71.575,4.890,2.144,2.144,11.242,11.242,86.161,1.25,35.00,33.0000,8.6161,38.772
8750,500.000,5.000,5.000,99.206,99.206,5.040,6.250,6.250,15.979,15.979,126.435,1.25,35.00,33.0000,12.6435,56.896
8751,450.000,3.281,3.281,90.180,90.180,4.990,4.556,4.556,14.405,14.405,112.422,1.25,35.00,33.0000,11.2422,50.590
8752,300.000,0.648,0.648,61.983,61.983,4.840,1.350,1.350,9.653,9.653,73.634,1.25,35.00,33.0000,7.3634,33.135
8753,200.000,0.128,0.128,42.194,42.194,4.740,0.400,0.400,6.459,6.459,49.181,1.25,35.00,33.0000,4.9181,22.131
8754,250.000,0.313,0.313,52.192,52.192,4.790,0.781,0.781,8.058,8.058,61.344,1.25,35.00,33.0000,6.1344,27.605
8755,350.000,1.200,1.200,71.575,71.575,4.890,2.144,2.144,11.242,11.242,86.161,1.25,35.00,33.0000,8.6161,38.772
8756,500.000,5.000,5.000,99.206,99.206,5.040,6.250,6.250,15.979,15.979,126.435,1.25,35.00,33.0000,12.6435,56.896
8757,450.000,3.281,3.281,90.180,90.180,4.990,4.556,4.556,14.405,14.405,112.422,1.25,35.00,33.0000,11.2422,50.590
8758,300.000,0.648,0.648,61.983,61.983,4.840,1.350,1.350,9.653,9.653,73.634,1.25,35.00,33.0000,7.3634,33.135
8759,200.000,0.128,0.128,42.194,42.194,4.740,0.400,0.400,6.459,6.459,49.181,1.25,35.00,33.0000,4.9181,22.131
