hour,it_kW,crah_kW,crah_power_kW,chiller_kW,chiller_power_kW,chiller_COP,pump_kW,pump_power_kW,tower_kW,tower_power_kW,total_kW,pue,ambientC,wetbulbC,costUSD,co2kg,waterL
0,25.000,0.006,0.006,3.912,3.912,6.390,0.001,0.001,0.771,0.771,4.690,1.19,20.00,18.0000,0.4690,2.111
1,35.000,0.006,0.006,5.642,5.642,6.204,0.002,0.002,1.084,1.084,6.734,1.19,21.55,19.5529,0.6734,3.030
2,50.000,0.006,0.006,8.292,8.292,6.030,0.006,0.006,1.554,1.554,9.859,1.20,23.00,21.0000,0.9859,4.436
3,45.000,0.006,0.006,7.652,7.652,5.881,0.005,0.005,1.404,1.404,9.067,1.20,24.24,22.2426,0.9067,4.080
4,30.000,0.006,0.006,5.202,5.202,5.766,0.001,0.001,0.939,0.939,6.149,1.20,25.20,23.1962,0.6149,2.767
5,20.000,0.006,0.006,3.512,3.512,5.695,0.001,0.001,0.627,0.627,4.146,1.21,25.80,23.7956,0.4146,1.866
6,25.000,0.006,0.006,4.409,4.409,5.670,0.001,0.001,0.784,0.784,5.200,1.21,26.00,24.0000,0.5200,2.340
7,35.000,0.006,0.006,6.146,6.146,5.695,0.002,0.002,1.097,1.097,7.252,1.21,25.80,23.7956,0.7252,3.263
8,50.000,0.006,0.006,8.671,8.671,5.766,0.006,0.006,1.565,1.565,10.248,1.20,25.20,23.1962,1.0248,4.611
9,45.000,0.006,0.006,7.652,7.652,5.881,0.005,0.005,1.404,1.404,9.067,1.20,24.24,22.2426,0.9067,4.080
10,30.000,0.006,0.006,4.975,4.975,6.030,0.001,0.001,0.933,0.933,5.915,1.20,23.00,21.0000,0.5915,2.662
11,20.000,0.006,0.006,3.224,3.224,6.204,0.001,0.001,0.619,0.619,3.850,1.19,21.55,19.5529,0.3850,1.732
12,25.000,0.006,0.006,3.912,3.912,6.390,0.001,0.001,0.771,0.771,4.690,1.19,20.00,18.0000,0.4690,2.111
13,35.000,0.006,0.006,5.322,5.322,6.576,0.002,0.002,1.075,1.075,6.406,1.18,18.45,16.4471,0.6406,2.882
14,50.000,0.006,0.006,7.407,7.407,6.750,0.006,0.006,1.531,1.531,8.951,1.18,17.00,15.0000,0.8951,4.028
15,45.000,0.006,0.006,6.523,6.523,6.899,0.005,0.005,1.374,1.374,7.907,1.18,15.76,13.7574,0.7907,3.558
16,30.000,0.006,0.006,4.277,4.277,7.014,0.001,0.001,0.914,0.914,5.199,1.17,14.80,12.8038,0.5199,2.339
17,20.000,0.006,0.006,2.823,2.823,7.085,0.001,0.001,0.609,0.609,3.438,1.17,14.20,12.2044,0.3438,1.547
18,25.000,0.006,0.006,3.516,3.516,7.110,0.001,0.001,0.760,0.760,4.283,1.17,14.00,12.0000,0.4283,1.928
19,35.000,0.006,0.006,4.940,4.940,7.085,0.002,0.002,1.065,1.065,6.013,1.17,14.20,12.2044,0.6013,2.706
20,50.000,0.006,0.006,7.129,7.129,7.014,0.006,0.006,1.523,1.523,8.665,1.17,14.80,12.8038,0.8665,3.899
21,45.000,0.006,0.006,6.523,6.523,6.899,0.005,0.005,1.374,1.374,7.907,1.18,15.76,13.7574,0.7907,3.558
22,30.000,0.006,0.006,4.444,4.444,6.750,0.001,0.001,0.919,0.919,5.370,1.18,17.00,15.0000,0.5370,2.417
23,20.000,0.006,0.006,3.041,3.041,6.576,0.001,0.001,0.614,0.614,3.662,1.18,18.45,16.4471,0.3662,1.648
24,25.000,0.006,0.006,3.912,3.912,6.390,0.001,0.001,0.771,0.771,4.690,1.19,20.00,18.0000,0.4690,2.111
25,35.000,0.006,0.006,5.642,5.642,6.204,0.002,0.002,1.084,1.084,6.734,1.19,21.55,19.5529,0.6734,3.030
26,50.000,0.006,0.006,8.292,8.292,6.030,0.006,0.006,1.554,1.554,9.859,1.20,23.00,21.0000,0.9859,4.436
27,45.000,0.006,0.006,7.652,7.652,5.881,0.005,0.005,1.404,1.404,9.067,1.20,24.24,22.2426,0.9067,4.080
28,30.000,0.006,0.006,5.202,5.202,5.766,0.001,0.001,0.939,0.939,6.149,1.20,25.20,23.1962,0.6149,2.767
29,20.000,0.006,0.006,3.512,3.512,5.695,0.001,0.001,0.627,0.627,4.146,1.21,25.80,23.7956,0.4146,1.866
30,25.000,0.006,0.006,4.409,4.409,5.670,0.001,0.001,0.784,0.784,5.200,1.21,26.00,24.0000,0.5200,2.340
31,35.000,0.006,0.006,6.146,6.146,5.695,0.002,0.002,1.097,1.097,7.252,1.21,25.80,23.7956,0.7252,3.263
32,50.000,0.006,0.006,8.671,8.671,5.766,0.006,0.006,1.565,1.565,10.248,1.20,25.20,23.1962,1.0248,4.611
33,45.000,0.006,0.006,7.652,7.652,5.881,0.005,0.005,1.404,1.404,9.067,1.20,24.24,22.2426,0.9067,4.080
34,30.000,0.006,0.006,4.975,4.975,6.030,0.001,0.001,0.933,0.933,5.915,1.20,23.00,21.0000,0.5915,2.662
35,20.000,0.006,0.006,3.224,3.224,6.204,0.001,0.001,0.619,0.619,3.850,1.19,21.55,19.5529,0.3850,1.732
36,25.000,0.006,0.006,3.912,3.912,6.390,0.001,0.001,0.771,0.771,4.690,1.19,20.00,18.0000,0.4690,2.111
37,35.000,0.006,0.006,5.322,5.322,6.576,0.002,0.002,1.075,1.075,6.406,1.18,18.45,16.4471,0.6406,2.882
38,50.000,0.006,0.006,7.407,7.407,6.750,0.006,0.006,1.531,1.531,8.951,1.18,17.00,15.0000,0.8951,4.028
39,45.000,0.006,0.006,6.523,6.523,6.899,0.005,0.005,1.374,1.374,7.907,1.18,15.76,13.7574,0.7907,3.558
40,30.000,0.006,0.006,4.277,4.277,7.014,0.001,0.001,0.914,0.914,5.199,1.17,14.80,12.8038,0.5199,2.339
41,20.000,0.006,0.006,2.823,2.823,7.085,0.001,0.001,0.609,0.609,3.438,1.17,14.20,12.2044,0.3438,1.547
42,25.000,0.006,0.006,3.516,3.516,7.110,0.001,0.001,0.760,0.760,4.283,1.17,14.00,12.0000,0.4283,1.928
43,35.000,0.006,0.006,4.940,4.940,7.085,0.002,0.002,1.065,1.065,6.013,1.17,14.20,12.2044,0.6013,2.706
44,50.000,0.006,0.006,7.129,7.129,7.014,0.006,0.006,1.523,1.523,8.665,1.17,14.80,12.8038,0.8665,3.899
45,45.000,0.006,0.006,6.523,6.523,6.899,0.005,0.005,1.374,1.374,7.907,1.18,15.76,13.7574,0.7907,3.558
46,30.000,0.006,0.006,4.444,4.444,6.750,0.001,0.001,0.919,0.919,5.370,1.18,17.00,15.0000,0.5370,2.417
47,20.000,0.006,0.006,3.041,3.041,6.576,0.001,0.001,0.614,0.614,3.662,1.18,18.45,16.4471,0.3662,1.648
48,25.000,0.006,0.006,3.912,3.912,6.390,0.001,0.001,0.771,0.771,4.690,1.19,20.00,18.0000,0.4690,2.111
49,35.000,0.006,0.006,5.642,5.642,6.204,0.002,0.002,1.084,1.084,6.734,1.19,21.55,19.5529,0.6734,3.030
50,50.000,0.006,0.006,8.292,8.292,6.030,0.006,0.006,1.554,1.554,9.859,1.20,23.00,21.0000,0.9859,4.436
51,45.000,0.006,0.006,7.652,7.652,5.881,0.005,0.005,1.404,1.404,9.067,1.20,24.24,22.2426,0.9067,4.080
52,30.000,0.006,0.006,5.202,5.202,5.766,0.001,0.001,0.939,0.939,6.149,1.20,25.20,23.1962,0.6149,2.767
53,20.000,0.006,0.006,3.512,3.512,5.695,0.001,0.001,0.627,0.627,4.146,1.21,25.80,23.7956,0.4146,1.866
54,25.000,0.006,0.006,4.409,4.409,5.670,0.001,0.001,0.784,0.784,5.200,1.21,26.00,24.0000,0.5200,2.340
55,35.000,0.006,0.006,6.146,6.146,5.695,0.002,0.002,1.097,1.097,7.252,1.21,25.80,23.7956,0.7252,3.263
56,50.000,0.006,0.006,8.671,8.671,5.766,0.006,0.006,1.565,1.565,10.248,1.20,25.20,23.1962,1.0248,4.611
57,45.000,0.006,0.006,7.652,7.652,5.881,0.005,0.005,1.404,1.404,9.067,1.20,24.24,22.2426,0.9067,4.080
58,30.000,0.006,0.006,4.975,4.975,6.030,0.001,0.001,0.933,0.933,5.915,1.20,23.00,21.0000,0.5915,2.662
59,20.000,0.006,0.006,3.224,3.224,6.204,0.001,0.001,0.619,0.619,3.850,1.19,21.55,19.5529,0.3850,1.732
60,25.000,0.006,0.006,3.912,3.912,6.390,0.001,0.001,0.771,0.771,4.690,1.19,20.00,18.0000,0.4690,2.111
61,35.000,0.006,0.006,5.322,5.322,6.576,0.002,0.002,1.075,1.075,6.406,1.18,18.45,16.4471,0.6406,2.882
62,50.000,0.006,0.006,7.407,7.407,6.750,0.006,0.006,1.531,1.531,8.951,1.18,17.00,15.0000,0.8951,4.028
63,45.000,0.006,0.006,6.523,6.523,6.899,0.005,0.005,1.374,1.374,7.907,1.18,15.76,13.7574,0.7907,3.558
64,30.000,0.006,0.006,4.277,4.277,7.014,0.001,0.001,0.914,0.914,5.199,1.17,14.80,12.8038,0.5199,2.339
65,20.000,0.006,0.006,2.823,2.823,7.085,0.001,0.001,0.609,0.609,3.438,1.17,14.20,12.2044,0.3438,1.547
66,25.000,0.006,0.006,3.516,3.516,7.110,0.001,0.001,0.760,0.760,4.283,1.17,14.00,12.0000,0.4283,1.928
67,35.000,0.006,0.006,4.940,4.940,7.085,0.002,0.002,1.065,1.065,6.013,1.17,14.20,12.2044,0.6013,2.706
68,50.000,0.006,0.006,7.129,7.129,7.014,0.006,0.006,1.523,1.523,8.665,1.17,14.80,12.8038,0.8665,3.899
69,45.000,0.006,0.006,6.523,6.523,6.899,0.005,0.005,1.374,1.374,7.907,1.18,15.76,13.7574,0.7907,3.558
70,30.000,0.006,0.006,4.444,4.444,6.750,0.001,0.001,0.919,0.919,5.370,1.18,17.00,15.0000,0.5370,2.417
71,20.000,0.006,0.006,3.041,3.041,6.576,0.001,0.001,0.614,0.614,3.662,1.18,18.45,16.4471,0.3662,1.648
72,25.000,0.006,0.006,3.912,3.912,6.390,0.001,0.001,0.771,0.771,4.690,1.19,20.00,18.0000,0.4690,2.111
73,35.000,0.006,0.006,5.642,5.642,6.204,0.002,0.002,1.084,1.084,6.734,1.19,21.55,19.5529,0.6734,3.030
74,50.000,0.006,0.006,8.292,8.292,6.030,0.006,0.006,1.554,1.554,9.859,1.20,23.00,21.0000,0.9859,4.436
75,45.000,0.006,0.006,7.652,7.652,5.881,0.005,0.005,1.404,1.404,9.067,1.20,24.24,22.2426,0.9067,4.080
76,30.000,0.006,0.006,5.202,5.202,5.766,0.001,0.001,0.939,0.939,6.149,1.20,25.20,23.1962,0.6149,2.767
77,20.000,0.006,0.006,3.512,3.512,5.695,0.001,0.001,0.627,0.627,4.146,1.21,25.80,23.7956,0.4146,1.866
78,25.000,0.006,0.006,4.409,4.409,5.670,0.001,0.001,0.784,0.784,5.200,1.21,26.00,24.0000,0.5200,2.340
79,35.000,0.006,0.006,6.146,6.146,5.695,0.002,0.002,1.097,1.097,7.252,1.21,25.80,23.7956,0.7252,3.263
80,50.000,0.006,0.006,8.671,8.671,5.766,0.006,0.006,1.565,1.565,10.248,1.20,25.20,23.1962,1.0248,4.611
81,45.000,0.006,0.006,7.652,7.652,5.881,0.005,0.005,1.404,1.404,9.067,1.20,24.24,22.2426,0.9067,4.080
82,30.000,0.006,0.006,4.975,4.975,6.030,0.001,0.001,0.933,0.933,5.915,1.20,23.00,21.0000,0.5915,2.662
83,20.000,0.006,0.006,3.224,3.224,6.204,0.001,0.001,0.619,0.619,3.850,1.19,21.55,19.5529,0.3850,1.732
84,25.000,0.006,0.006,3.912,3.912,6.390,0.001,0.001,0.771,0.771,4.690,1.19,20.00,18.0000,0.4690,2.111
85,35.000,0.006,0.006,5.322,5.322,6.576,0.002,0.002,1.075,1.075,6.406,1.18,18.45,16.4471,0.6406,2.882
86,50.000,0.006,0.006,7.407,7.407,6.750,0.006,0.006,1.531,1.531,8.951,1.18,17.00,15.0000,0.8951,4.028
87,45.000,0.006,0.006,6.523,6.523,6.899,0.005,0.005,1.374,1.374,7.907,1.18,15.76,13.7574,0.7907,3.558
88,30.000,0.006,0.006,4.277,4.277,7.014,0.001,0.001,0.914,0.914,5.199,1.17,14.80,12.8038,0.5199,2.339
89,20.000,0.006,0.006,2.823,2.823,7.085,0.001,0.001,0.609,0.609,3.438,1.17,14.20,12.2044,0.3438,1.547
90,25.000,0.006,0.006,3.516,3.516,7.110,0.001,0.001,0.760,0.760,4.283,1.17,14.00,12.0000,0.4283,1.928
91,35.000,0.006,0.006,4.940,4.940,7.085,0.002,0.002,1.065,1.065,6.013,1.17,14.20,12.2044,0.6013,2.706
92,50.000,0.006,0.006,7.129,7.129,7.014,0.006,0.006,1.523,1.523,8.665,1.17,14.80,12.8038,0.8665,3.899
93,45.000,0.006,0.006,6.523,6.523,6.899,0.005,0.005,1.374,1.374,7.907,1.18,15.76,13.7574,0.7907,3.558
94,30.000,0.006,0.006,4.444,4.444,6.750,0.001,0.001,0.919,0.919,5.370,1.18,17.00,15.0000,0.5370,2.417
95,20.000,0.006,0.006,3.041,3.041,6.576,0.001,0.001,0.614,0.614,3.662,1.18,18.45,16.4471,0.3662,1.648
96,25.000,0.006,0.006,3.912,3.912,6.390,0.001,0.001,0.771,0.771,4.690,1.19,20.00,18.0000,0.4690,2.111
97,35.000,0.006,0.006,5.642,5.642,6.204,0.002,0.002,1.084,1.084,6.734,1.19,21.55,19.5529,0.6734,3.030
98,50.000,0.006,0.006,8.292,8.292,6.030,0.006,0.006,1.554,1.554,9.859,1.20,23.00,21.0000,0.9859,4.436
99,45.000,0.006,0.006,7.652,7.652,5.881,0.005,0.005,1.404,1.404,9.067,1.20,24.24,22.2426,0.9067,4.080
100,30.000,0.006,0.006,5.202,5.202,5.766,0.001,0.001,0.939,0.939,6.149,1.20,25.20,23.1962,0.6149,2.767
101,20.000,0.006,0.006,3.512,3.512,5.695,0.001,0.001,0.627,0.627,4.146,1.21,25.80,23.7956,0.4146,1.866
102,25.000,0.006,0.006,4.409,4.409,5.670,0.001,0.001,0.784,0.784,5.200,1.21,26.00,24.0000,0.5200,2.340
103,35.000,0.006,0.006,6.146,6.146,5.695,0.002,0.002,1.097,1.097,7.252,1.21,25.80,23.7956,0.7252,3.263
104,50.000,0.006,0.006,8.671,8.671,5.766,0.006,0.006,1.565,1.565,10.248,1.20,25.20,23.1962,1.0248,4.611
105,45.000,0.006,0.006,7.652,7.652,5.881,0.005,0.005,1.404,1.404,9.067,1.20,24.24,22.2426,0.9067,4.080
106,30.000,0.006,0.006,4.975,4.975,6.030,0.001,0.001,0.933,0.933,5.915,1.20,23.00,21.0000,0.5915,2.662
107,20.000,0.006,0.006,3.224,3.224,6.204,0.001,0.001,0.619,0.619,3.850,1.19,21.55,19.5529,0.3850,1.732
108,25.000,0.006,0.006,3.912,3.912,6.390,0.001,0.001,0.771,0.771,4.690,1.19,20.00,18.0000,0.4690,2.111
109,35.000,0.006,0.006,5.322,5.322,6.576,0.002,0.002,1.075,1.075,6.406,1.18,18.45,16.4471,0.6406,2.882
110,50.000,0.006,0.006,7.407,7.407,6.750,0.006,0.006,1.531,1.531,8.951,1.18,17.00,15.0000,0.8951,4.028
111,45.000,0.006,0.006,6.523,6.523,6.899,0.005,0.005,1.374,1.374,7.907,1.18,15.76,13.7574,0.7907,3.558
112,30.000,0.006,0.006,4.277,4.277,7.014,0.001,0.001,0.914,0.914,5.199,1.17,14.80,12.8038,0.5199,2.339
113,20.000,0.006,0.006,2.823,2.823,7.085,0.001,0.001,0.609,0.609,3.438,1.17,14.20,12.2044,0.3438,1.547
114,25.000,0.006,0.006,3.516,3.516,7.110,0.001,0.001,0.760,0.760,4.283,1.17,14.00,12.0000,0.4283,1.928
115,35.000,0.006,0.006,4.940,4.940,7.085,0.002,0.002,1.065,1.065,6.013,1.17,14.20,12.2044,0.6013,2.706
116,50.000,0.006,0.006,7.129,7.129,7.014,0.006,0.006,1.523,1.523,8.665,1.17,14.80,12.8038,0.8665,3.899
117,45.000,0.006,0.006,6.523,6.523,6.899,0.005,0.005,1.374,1.374,7.907,1.18,15.76,13.7574,0.7907,3.558
118,30.000,0.006,0.006,4.444,4.444,6.750,0.001,0.001,0.919,0.919,5.370,1.18,17.00,15.0000,0.5370,2.417
119,20.000,0.006,0.006,3.041,3.041,6.576,0.001,0.001,0.614,0.614,3.662,1.18,18.45,16.4471,0.3662,1.648
120,25.000,0.006,0.006,3.912,3.912,6.390,0.001,0.001,0.771,0.771,4.690,1.19,20.00,18.0000,0.4690,2.111
121,35.000,0.006,0.006,5.642,5.642,6.204,0.002,0.002,1.084,1.084,6.734,1.19,21.55,19.5529,0.6734,3.030
122,50.000,0.006,0.006,8.292,8.292,6.030,0.006,0.006,1.554,1.554,9.859,1.20,23.00,21.0000,0.9859,4.436
123,45.000,0.006,0.006,7.652,7.652,5.881,0.005,0.005,1.404,1.404,9.067,1.20,24.24,22.2426,0.9067,4.080
124,30.000,0.006,0.006,5.202,5.202,5.766,0.001,0.001,0.939,0.939,6.149,1.20,25.20,23.1962,0.6149,2.767
125,20.000,0.006,0.006,3.512,3.512,5.695,0.001,0.001,0.627,0.627,4.146,1.21,25.80,23.7956,0.4146,1.866
126,25.000,0.006,0.006,4.409,4.409,5.670,0.001,0.001,0.784,0.784,5.200,1.21,26.00,24.0000,0.5200,2.340
127,35.000,0.006,0.006,6.146,6.146,5.695,0.002,0.002,1.097,1.097,7.252,1.21,25.80,23.7956,0.7252,3.263
128,50.000,0.006,0.006,8.671,8.671,5.766,0.006,0.006,1.565,1.565,10.248,1.20,25.20,23.1962,1.0248,4.611
129,45.000,0.006,0.006,7.652,7.652,5.881,0.005,0.005,1.404,1.404,9.067,1.20,24.24,22.2426,0.9067,4.080
130,30.000,0.006,0.006,4.975,4.975,6.030,0.001,0.001,0.933,0.933,5.915,1.20,23.00,21.0000,0.5915,2.662
131,20.000,0.006,0.006,3.224,3.224,6.204,0.001,0.001,0.619,0.619,3.850,1.19,21.55,19.5529,0.3850,1.732
132,25.000,0.006,0.006,3.912,3.912,6.390,0.001,0.001,0.771,0.771,4.690,1.19,20.00,18.0000,0.4690,2.111
133,35.000,0.006,0.006,5.322,5.322,6.576,0.002,0.002,1.075,1.075,6.406,1.18,18.45,16.4471,0.6406,2.882
134,50.000,0.006,0.006,7.407,7.407,6.750,0.006,0.006,1.531,1.531,8.951,1.18,17.00,15.0000,0.8951,4.028
135,45.000,0.006,0.006,6.523,6.523,6.899,0.005,0.005,1.374,1.374,7.907,1.18,15.76,13.7574,0.7907,3.558
136,30.000,0.006,0.006,4.277,4.277,7.014,0.001,0.001,0.914,0.914,5.199,1.17,14.80,12.8038,0.5199,2.339
137,20.000,0.006,0.006,2.823,2.823,7.085,0.001,0.001,0.609,0.609,3.438,1.17,14.20,12.2044,0.3438,1.547
138,25.000,0.006,0.006,3.516,3.516,7.110,0.001,0.001,0.760,0.760,4.283,1.17,14.00,12.0000,0.4283,1.928
139,35.000,0.006,0.006,4.940,4.940,7.085,0.002,0.002,1.065,1.065,6.013,1.17,14.20,12.2044,0.6013,2.706
140,50.000,0.006,0.006,7.129,7.129,7.014,0.006,0.006,1.523,1.523,8.665,1.17,14.80,12.8038,0.8665,3.899
141,45.000,0.006,0.006,6.523,6.523,6.899,0.005,0.005,1.374,1.374,7.907,1.18,15.76,13.7574,0.7907,3.558
142,30.000,0.006,0.006,4.444,4.444,6.750,0.001,0.001,0.919,0.919,5.370,1.18,17.00,15.0000,0.5370,2.417
143,20.000,0.006,0.006,3.041,3.041,6.576,0.001,0.001,0.614,0.614,3.662,1.18,18.45,16.4471,0.3662,1.648
144,25.000,0.006,0.006,3.912,3.912,6.390,0.001,0.001,0.771,0.771,4.690,1.19,20.00,18.0000,0.4690,2.111
145,35.000,0.006,0.006,5.642,5.642,6.204,0.002,0.002,1.084,1.084,6.734,1.19,21.55,19.5529,0.6734,3.030
146,50.000,0.006,0.006,8.292,8.292,6.030,0.006,0.006,1.554,1.554,9.859,1.20,23.00,21.0000,0.9859,4.436
147,45.000,0.006,0.006,7.652,7.652,5.881,0.005,0.005,1.404,1.404,9.067,1.20,24.24,22.2426,0.9067,4.080
148,30.000,0.006,0.006,5.202,5.202,5.766,0.001,0.001,0.939,0.939,6.149,1.20,25.20,23.1962,0.6149,2.767
149,20.000,0.006,0.006,3.512,3.512,5.695,0.001,0.001,0.627,0.627,4.146,1.21,25.80,23.7956,0.4146,1.866
150,25.000,0.006,0.006,4.409,4.409,5.670,0.001,0.001,0.784,0.784,5.200,1.21,26.00,24.0000,0.5200,2.340
151,35.000,0.006,0.006,6.146,6.146,5.695,0.002,0.002,1.097,1.097,7.252,1.21,25.80,23.7956,0.7252,3.263
152,50.000,0.006,0.006,8.671,8.671,5.766,0.006,0.006,1.565,1.565,10.248,1.20,25.20,23.1962,1.0248,4.611
153,45.000,0.006,0.006,7.652,7.652,5.881,0.005,0.005,1.404,1.404,9.067,1.20,24.24,22.2426,0.9067,4.080
154,30.000,0.006,0.006,4.975,4.975,6.030,0.001,0.001,0.933,0.933,5.915,1.20,23.00,21.0000,0.5915,2.662
155,20.000,0.006,0.006,3.224,3.224,6.204,0.001,0.001,0.619,0.619,3.850,1.19,21.55,19.5529,0.3850,1.732
156,25.000,0.006,0.006,3.912,3.912,6.390,0.001,0.001,0.771,0.771,4.690,1.19,20.00,18.0000,0.4690,2.111
157,35.000,0.006,0.006,5.322,5.322,6.576,0.002,0.002,1.075,1.075,6.406,1.18,18.45,16.4471,0.6406,2.882
158,50.000,0.006,0.006,7.407,7.407,6.750,0.006,0.006,1.531,1.531,8.951,1.18,17.00,15.0000,0.8951,4.028
159,45.000,0.006,0.006,6.523,6.523,6.899,0.005,0.005,1.374,1.374,7.907,1.18,15.76,13.7574,0.7907,3.558
160,30.000,0.006,0.006,4.277,4.277,7.014,0.001,0.001,0.914,0.914,5.199,1.17,14.80,12.8038,0.5199,2.339
161,20.000,0.006,0.006,2.823,2.823,7.085,0.001,0.001,0.609,0.609,3.438,1.17,14.20,12.2044,0.3438,1.547
162,25.000,0.006,0.006,3.516,3.516,7.110,0.001,0.001,0.760,0.760,4.283,1.17,14.00,12.0000,0.4283,1.928
163,35.000,0.006,0.006,4.940,4.940,7.085,0.002,0.002,1.065,1.065,6.013,1.17,14.20,12.2044,0.6013,2.706
164,50.000,0.006,0.006,7.129,7.129,7.014,0.006,0.006,1.523,1.523,8.665,1.17,14.80,12.8038,0.8665,3.899
165,45.000,0.006,0.006,6.523,6.523,6.899,0.005,0.005,1.374,1.374,7.907,1.18,15.76,13.7574,0.7907,3.558
166,30.000,0.006,0.006,4.444,4.444,6.750,0.001,0.001,0.919,0.919,5.370,1.18,17.00,15.0000,0.5370,2.417
167,20.000,0.006,0.006,3.041,3.041,6.576,0.001,0.001,0.614,0.614,3.662,1.18,18.45,16.4471,0.3662,1.648
168,25.000,0.006,0.006,3.912,3.912,6.390,0.001,0.001,0.771,0.771,4.690,1.19,20.00,18.0000,0.4690,2.111
169,35.000,0.006,0.006,5.642,5.642,6.204,0.002,0.002,1.084,1.084,6.734,1.19,21.55,19.5529,0.6734,3.030
170,50.000,0.006,0.006,8.292,8.292,6.030,0.006,0.006,1.554,1.554,9.859,1.20,23.00,21.0000,0.9859,4.436
171,45.000,0.006,0.006,7.652,7.652,5.881,0.005,0.005,1.404,1.404,9.067,1.20,24.24,22.2426,0.9067,4.080
172,30.000,0.006,0.006,5.202,5.202,5.766,0.001,0.001,0.939,0.939,6.149,1.20,25.20,23.1962,0.6149,2.767
173,20.000,0.006,0.006,3.512,3.512,5.695,0.001,0.001,0.627,0.627,4.146,1.21,25.80,23.7956,0.4146,1.866
174,25.000,0.006,0.006,4.409,4.409,5.670,0.001,0.001,0.784,0.784,5.200,1.21,26.00,24.0000,0.5200,2.340
175,35.000,0.006,0.006,6.146,6.146,5.695,0.002,0.002,1.097,1.097,7.252,1.21,25.80,23.7956,0.7252,3.263
176,50.000,0.006,0.006,8.671,8.671,5.766,0.006,0.006,1.565,1.565,10.248,1.20,25.20,23.1962,1.0248,4.611
177,45.000,0.006,0.006,7.652,7.652,5.881,0.005,0.005,1.404,1.404,9.067,1.20,24.24,22.2426,0.9067,4.080
178,30.000,0.006,0.006,4.975,4.975,6.030,0.001,0.001,0.933,0.933,5.915,1.20,23.00,21.0000,0.5915,2.662
179,20.000,0.006,0.006,3.224,3.224,6.204,0.001,0.001,0.619,0.619,3.850,1.19,21.55,19.5529,0.3850,1.732
180,25.000,0.006,0.006,3.912,3.912,6.390,0.001,0.001,0.771,0.771,4.690,1.19,20.00,18.0000,0.4690,2.111
181,35.000,0.006,0.006,5.322,5.322,6.576,0.002,0.002,1.075,1.075,6.406,1.18,18.45,16.4471,0.6406,2.882
182,50.000,0.006,0.006,7.407,7.407,6.750,0.006,0.006,1.531,1.531,8.951,1.18,17.00,15.0000,0.8951,4.028
183,45.000,0.006,0.006,6.523,6.523,6.899,0.005,0.005,1.374,1.374,7.907,1.18,15.76,13.7574,0.7907,3.558
184,30.000,0.006,0.006,4.277,4.277,7.014,0.001,0.001,0.914,0.914,5.199,1.17,14.80,12.8038,0.5199,2.339
185,20.000,0.006,0.006,2.823,2.823,7.085,0.001,0.001,0.609,0.609,3.438,1.17,14.20,12.2044,0.3438,1.547
186,25.000,0.006,0.006,3.516,3.516,7.110,0.001,0.001,0.760,0.760,4.283,1.17,14.00,12.0000,0.4283,1.928
187,35.000,0.006,0.006,4.940,4.940,7.085,0.002,0.002,1.065,1.065,6.013,1.17,14.20,12.2044,0.6013,2.706
188,50.000,0.006,0.006,7.129,7.129,7.014,0.006,0.006,1.523,1.523,8.665,1.17,14.80,12.8038,0.8665,3.899
189,45.000,0.006,0.006,6.523,6.523,6.899,0.005,0.005,1.374,1.374,7.907,1.18,15.76,13.7574,0.7907,3.558
190,30.000,0.006,0.006,4.444,4.444,6.750,0.001,0.001,0.919,0.919,5.370,1.18,17.00,15.0000,0.5370,2.417
191,20.000,0.006,0.006,3.041,3.041,6.576,0.001,0.001,0.614,0.614,3.662,1.18,18.45,16.4471,0.3662,1.648
192,25.000,0.006,0.006,3.912,3.912,6.390,0.001,0.001,0.771,0.771,4.690,1.19,20.00,18.0000,0.4690,2.111
193,35.000,0.006,0.006,5.642,5.642,6.204,0.002,0.002,1.084,1.084,6.734,1.19,21.55,19.5529,0.6734,3.030
194,50.000,0.006,0.006,8.292,8.292,6.030,0.006,0.006,1.554,1.554,9.859,1.20,23.00,21.0000,0.9859,4.436
195,45.000,0.006,0.006,7.652,7.652,5.881,0.005,0.005,1.404,1.404,9.067,1.20,24.24,22.2426,0.9067,4.080
196,30.000,0.006,0.006,5.202,5.202,5.766,0.001,0.001,0.939,0.939,6.149,1.20,25.20,23.1962,0.6149,2.767
197,20.000,0.006,0.006,3.512,3.512,5.695,0.001,0.001,0.627,0.627,4.146,1.21,25.80,23.7956,0.4146,1.866
198,25.000,0.006,0.006,4.409,4.409,5.670,0.001,0.001,0.784,0.784,5.200,1.21,26.00,24.0000,0.5200,2.340
199,35.000,0.006,0.006,6.146,6.146,5.695,0.002,0.002,1.097,1.097,7.252,1.21,25.80,23.7956,0.7252,3.263
200,50.000,0.006,0.006,8.671,8.671,5.766,0.006,0.006,1.565,1.565,10.248,1.20,25.20,23.1962,1.0248,4.611
201,45.000,0.006,0.006,7.652,7.652,5.881,0.005,0.005,1.404,1.404,9.067,1.20,24.24,22.2426,0.9067,4.080
202,30.000,0.006,0.006,4.975,4.975,6.030,0.001,0.001,0.933,0.933,5.915,1.20,23.00,21.0000,0.5915,2.662
203,20.000,0.006,0.006,3.224,3.224,6.204,0.001,0.001,0.619,0.619,3.850,1.19,21.55,19.5529,0.3850,1.732
204,25.000,0.006,0.006,3.912,3.912,6.390,0.001,0.001,0.771,0.771,4.690,1.19,20.00,18.0000,0.4690,2.111
205,35.000,0.006,0.006,5.322,5.322,6.576,0.002,0.002,1.075,1.075,6.406,1.18,18.45,16.4471,0.6406,2.882
206,50.000,0.006,0.006,7.407,7.407,6.750,0.006,0.006,1.531,1.531,8.951,1.18,17.00,15.0000,0.8951,4.028
207,45.000,0.006,0.006,6.523,6.523,6.899,0.005,0.005,1.374,1.374,7.907,1.18,15.76,13.7574,0.7907,3.558
208,30.000,0.006,0.006,4.277,4.277,7.014,0.001,0.001,0.914,0.914,5.199,1.17,14.80,12.8038,0.5199,2.339
209,20.000,0.006,0.006,2.823,2.823,7.085,0.001,0.001,0.609,0.609,3.438,1.17,14.20,12.2044,0.3438,1.547
210,25.000,0.006,0.006,3.516,3.516,7.110,0.001,0.001,0.760,0.760,4.283,1.17,14.00,12.0000,0.4283,1.928
211,35.000,0.006,0.006,4.940,4.940,7.085,0.002,0.002,1.065,1.065,6.013,1.17,14.20,12.2044,0.6013,2.706
212,50.000,0.006,0.006,7.129,7.129,7.014,0.006,0.006,1.523,1.523,8.665,1.17,14.80,12.8038,0.8665,3.899
213,45.000,0.006,0.006,6.523,6.523,6.899,0.005,0.005,1.374,1.374,7.907,1.18,15.76,13.7574,0.7907,3.558
214,30.000,0.006,0.006,4.444,4.444,6.750,0.001,0.001,0.919,0.919,5.370,1.18,17.00,15.0000,0.5370,2.417
215,20.000,0.006,0.006,3.041,3.041,6.576,0.001,0.001,0.614,0.614,3.662,1.18,18.45,16.4471,0.3662,1.648
216,25.000,0.006,0.006,3.912,3.912,6.390,0.001,0.001,0.771,0.771,4.690,1.19,20.00,18.0000,0.4690,2.111
217,35.000,0.006,0.006,5.642,5.642,6.204,0.002,0.002,1.084,1.084,6.734,1.19,21.55,19.5529,0.6734,3.030
218,50.000,0.006,0.006,8.292,8.292,6.030,0.006,0.006,1.554,1.554,9.859,1.20,23.00,21.0000,0.9859,4.436
219,45.000,0.006,0.006,7.652,7.652,5.881,0.005,0.005,1.404,1.404,9.067,1.20,24.24,22.2426,0.9067,4.080
220,30.000,0.006,0.006,5.202,5.202,5.766,0.001,0.001,0.939,0.939,6.149,1.20,25.20,23.1962,0.6149,2.767
221,20.000,0.006,0.006,3.512,3.512,5.695,0.001,0.001,0.627,0.627,4.146,1.21,25.80,23.7956,0.4146,1.866
222,25.000,0.006,0.006,4.409,4.409,5.670,0.001,0.001,0.784,0.784,5.200,1.21,26.00,24.0000,0.5200,2.340
223,35.000,0.006,0.006,6.146,6.146,5.695,0.002,0.002,1.097,1.097,7.252,1.21,25.80,23.7956,0.7252,3.263
224,50.000,0.006,0.006,8.671,8.671,5.766,0.006,0.006,1.565,1.565,10.248,1.20,25.20,23.1962,1.0248,4.611
225,45.000,0.006,0.006,7.652,7.652,5.881,0.005,0.005,1.404,1.404,9.067,1.20,24.24,22.2426,0.9067,4.080
226,30.000,0.006,0.006,4.975,4.975,6.030,0.001,0.001,0.933,0.933,5.915,1.20,23.00,21.0000,0.5915,2.662
227,20.000,0.006,0.006,3.224,3.224,6.204,0.001,0.001,0.619,0.619,3.850,1.19,21.55,19.5529,0.3850,1.732
228,25.000,0.006,0.006,3.912,3.912,6.390,0.001,0.001,0.771,0.771,4.690,1.19,20.00,18.0000,0.4690,2.111
229,35.000,0.006,0.006,5.322,5.322,6.576,0.002,0.002,1.075,1.075,6.406,1.18,18.45,16.4471,0.6406,2.882
230,50.000,0.006,0.006,7.407,7.407,6.750,0.006,0.006,1.531,1.531,8.951,1.18,17.00,15.0000,0.8951,4.028
231,45.000,0.006,0.006,6.523,6.523,6.899,0.005,0.005,1.374,1.374,7.907,1.18,15.76,13.7574,0.7907,3.558
232,30.000,0.006,0.006,4.277,4.277,7.014,0.001,0.001,0.914,0.914,5.199,1.17,14.80,12.8038,0.5199,2.339
233,20.000,0.006,0.006,2.823,2.823,7.085,0.001,0.001,0.609,0.609,3.438,1.17,14.20,12.2044,0.3438,1.547
234,25.000,0.006,0.006,3.516,3.516,7.110,0.001,0.001,0.760,0.760,4.283,1.17,14.00,12.0000,0.4283,1.928
235,35.000,0.006,0.006,4.940,4.940,7.085,0.002,0.002,1.065,1.065,6.013,1.17,14.20,12.2044,0.6013,2.706
236,50.000,0.006,0.006,7.129,7.129,7.014,0.006,0.006,1.523,1.523,8.665,1.17,14.80,12.8038,0.8665,3.899
237,45.000,0.006,0.006,6.523,6.523,6.899,0.005,0.005,1.374,1.374,7.907,1.18,15.76,13.7574,0.7907,3.558
238,30.000,0.006,0.006,4.444,4.444,6.750,0.001,0.001,0.919,0.919,5.370,1.18,17.00,15.0000,0.5370,2.417
239,20.000,0.006,0.006,3.041,3.041,6.576,0.001,0.001,0.614,0.614,3.662,1.18,18.45,16.4471,0.3662,1.648
240,25.000,0.006,0.006,3.912,3.912,6.390,0.001,0.001,0.771,0.771,4.690,1.19,20.00,18.0000,0.4690,2.111
241,35.000,0.006,0.006,5.642,5.642,6.204,0.002,0.002,1.084,1.084,6.734,1.19,21.55,19.5529,0.6734,3.030
242,50.000,0.006,0.006,8.292,8.292,6.030,0.006,0.006,1.554,1.554,9.859,1.20,23.00,21.0000,0.9859,4.436
243,45.000,0.006,0.006,7.652,7.652,5.881,0.005,0.005,1.404,1.404,9.067,1.20,24.24,22.2426,0.9067,4.080
244,30.000,0.006,0.006,5.202,5.202,5.766,0.001,0.001,0.939,0.939,6.149,1.20,25.20,23.1962,0.6149,2.767
245,20.000,0.006,0.006,3.512,3.512,5.695,0.001,0.001,0.627,0.627,4.146,1.21,25.80,23.7956,0.4146,1.866
246,25.000,0.006,0.006,4.409,4.409,5.670,0.001,0.001,0.784,0.784,5.200,1.21,26.00,24.0000,0.5200,2.340
247,35.000,0.006,0.006,6.146,6.146,5.695,0.002,0.002,1.097,1.097,7.252,1.21,25.80,23.7956,0.7252,3.263
248,50.000,0.006,0.006,8.671,8.671,5.766,0.006,0.006,1.565,1.565,10.248,1.20,25.20,23.1962,1.0248,4.611
249,45.000,0.006,0.006,7.652,7.652,5.881,0.005,0.005,1.404,1.404,9.067,1.20,24.24,22.2426,0.9067,4.080
250,30.000,0.006,0.006,4.975,4.975,6.030,0.001,0.001,0.933,0.933,5.915,1.20,23.00,21.0000,0.5915,2.662
251,20.000,0.006,0.006,3.224,3.224,6.204,0.001,0.001,0.619,0.619,3.850,1.19,21.55,19.5529,0.3850,1.732
252,25.000,0.006,0.006,3.912,3.912,6.390,0.001,0.001,0.771,0.771,4.690,1.19,20.00,18.0000,0.4690,2.111
253,35.000,0.006,0.006,5.322,5.322,6.576,0.002,0.002,1.075,1.075,6.406,1.18,18.45,16.4471,0.6406,2.882
254,50.000,0.006,0.006,7.407,7.407,6.750,0.006,0.006,1.531,1.531,8.951,1.18,17.00,15.0000,0.8951,4.028
255,45.000,0.006,0.006,6.523,6.523,6.899,0.005,0.005,1.374,1.374,7.907,1.18,15.76,13.7574,0.7907,3.558
256,30.000,0.006,0.006,4.277,4.277,7.014,0.001,0.001,0.914,0.914,5.199,1.17,14.80,12.8038,0.5199,2.339
257,20.000,0.006,0.006,2.823,2.823,7.085,0.001,0.001,0.609,0.609,3.438,1.17,14.20,12.2044,0.3438,1.547
258,25.000,0.006,0.006,3.516,3.516,7.110,0.001,0.001,0.760,0.760,4.283,1.17,14.00,12.0000,0.4283,1.928
259,35.000,0.006,0.006,4.940,4.940,7.085,0.002,0.002,1.065,1.065,6.013,1.17,14.20,12.2044,0.6013,2.706
260,50.000,0.006,0.006,7.129,7.129,7.014,0.006,0.006,1.523,1.523,8.665,1.17,14.80,12.8038,0.8665,3.899
261,45.000,0.006,0.006,6.523,6.523,6.899,0.005,0.005,1.374,1.374,7.907,1.18,15.76,13.7574,0.7907,3.558
262,30.000,0.006,0.006,4.444,4.444,6.750,0.001,0.001,0.919,0.919,5.370,1.18,17.00,15.0000,0.5370,2.417
263,20.000,0.006,0.006,3.041,3.041,6.576,0.001,0.001,0.614,0.614,3.662,1.18,18.45,16.4471,0.3662,1.648
264,25.000,0.006,0.006,3.912,3.912,6.390,0.001,0.001,0.771,0.771,4.690,1.19,20.00,18.0000,0.4690,2.111
265,35.000,0.006,0.006,5.642,5.642,6.204,0.002,0.002,1.084,1.084,6.734,1.19,21.55,19.5529,0.6734,3.030
266,50.000,0.006,0.006,8.292,8.292,6.030,0.006,0.006,1.554,1.554,9.859,1.20,23.00,21.0000,0.9859,4.436
267,45.000,0.006,0.006,7.652,7.652,5.881,0.005,0.005,1.404,1.404,9.067,1.20,24.24,22.2426,0.9067,4.080
268,30.000,0.006,0.006,5.202,5.202,5.766,0.001,0.001,0.939,0.939,6.149,1.20,25.20,23.1962,0.6149,2.767
269,20.000,0.006,0.006,3.512,3.512,5.695,0.001,0.001,0.627,0.627,4.146,1.21,25.80,23.7956,0.4146,1.866
270,25.000,0.006,0.006,4.409,4.409,5.670,0.001,0.001,0.784,0.784,5.200,1.21,26.00,24.0000,0.5200,2.340
271,35.000,0.006,0.006,6.146,6.146,5.695,0.002,0.002,1.097,1.097,7.252,1.21,25.80,23.7956,0.7252,3.263
272,50.000,0.006,0.006,8.671,8.671,5.766,0.006,0.006,1.565,1.565,10.248,1.20,25.20,23.1962,1.0248,4.611
273,45.000,0.006,0.006,7.652,7.652,5.881,0.005,0.005,1.404,1.404,9.067,1.20,24.24,22.2426,0.9067,4.080
274,30.000,0.006,0.006,4.975,4.975,6.030,0.001,0.001,0.933,0.933,5.915,1.20,23.00,21.0000,0.5915,2.662
275,20.000,0.006,0.006,3.224,3.224,6.204,0.001,0.001,0.619,0.619,3.850,1.19,21.55,19.5529,0.3850,1.732
276,25.000,0.006,0.006,3.912,3.912,6.390,0.001,0.001,0.771,0.771,4.690,1.19,20.00,18.0000,0.4690,2.111
277,35.000,0.006,0.006,5.322,5.322,6.576,0.002,0.002,1.075,1.075,6.406,1.18,18.45,16.4471,0.6406,2.882
278,50.000,0.006,0.006,7.407,7.407,6.750,0.006,0.006,1.531,1.531,8.951,1.18,17.00,15.0000,0.8951,4.028
279,45.000,0.006,0.006,6.523,6.523,6.899,0.005,0.005,1.374,1.374,7.907,1.18,15.76,13.7574,0.7907,3.558
280,30.000,0.006,0.006,4.277,4.277,7.014,0.001,0.001,0.914,0.914,5.199,1.17,14.80,12.8038,0.5199,2.339
281,20.000,0.006,0.006,2.823,2.823,7.085,0.001,0.001,0.609,0.609,3.438,1.17,14.20,12.2044,0.3438,1.547
282,25.000,0.006,0.006,3.516,3.516,7.110,0.001,0.001,0.760,0.760,4.283,1.17,14.00,12.0000,0.4283,1.928
283,35.000,0.006,0.006,4.940,4.940,7.085,0.002,0.002,1.065,1.065,6.013,1.17,14.20,12.2044,0.6013,2.706
284,50.000,0.006,0.006,7.129,7.129,7.014,0.006,0.006,1.523,1.523,8.665,1.17,14.80,12.8038,0.8665,3.899
285,45.000,0.006,0.006,6.523,6.523,6.899,0.005,0.005,1.374,1.374,7.907,1.18,15.76,13.7574,0.7907,3.558
286,30.000,0.006,0.006,4.444,4.444,6.750,0.001,0.001,0.919,0.919,5.370,1.18,17.00,15.0000,0.5370,2.417
287,20.000,0.006,0.006,3.041,3.041,6.576,0.001,0.001,0.614,0.614,3.662,1.18,18.45,16.4471,0.3662,1.648
288,25.000,0.006,0.006,3.912,3.912,6.390,0.001,0.001,0.771,0.771,4.690,1.19,20.00,18.0000,0.4690,2.111
289,35.000,0.006,0.006,5.642,5.642,6.204,0.002,0.002,1.084,1.084,6.734,1.19,21.55,19.5529,0.6734,3.030
290,50.000,0.006,0.006,8.292,8.292,6.030,0.006,0.006,1.554,1.554,9.859,1.20,23.00,21.0000,0.9859,4.436
291,45.000,0.006,0.006,7.652,7.652,5.881,0.005,0.005,1.404,1.404,9.067,1.20,24.24,22.2426,0.9067,4.080
292,30.000,0.006,0.006,5.202,5.202,5.766,0.001,0.001,0.939,0.939,6.149,1.20,25.20,23.1962,0.6149,2.767
293,20.000,0.006,0.006,3.512,3.512,5.695,0.001,0.001,0.627,0.627,4.146,1.21,25.80,23.7956,0.4146,1.866
294,25.000,0.006,0.006,4.409,4.409,5.670,0.001,0.001,0.784,0.784,5.200,1.21,26.00,24.0000,0.5200,2.340
295,35.000,0.006,0.006,6.146,6.146,5.695,0.002,0.002,1.097,1.097,7.252,1.21,25.80,23.7956,0.7252,3.263
296,50.000,0.006,0.006,8.671,8.671,5.766,0.006,0.006,1.565,1.565,10.248,1.20,25.20,23.1962,1.0248,4.611
297,45.000,0.006,0.006,7.652,7.652,5.881,0.005,0.005,1.404,1.404,9.067,1.20,24.24,22.2426,0.9067,4.080
298,30.000,0.006,0.006,4.975,4.975,6.030,0.001,0.001,0.933,0.933,5.915,1.20,23.00,21.0000,0.5915,2.662
299,20.000,0.006,0.006,3.224,3.224,6.204,0.001,0.001,0.619,0.619,3.850,1.19,21.55,19.5529,0.3850,1.732
300,25.000,0.006,0.006,3.912,3.912,6.390,0.001,0.001,0.771,0.771,4.690,1.19,20.00,18.0000,0.4690,2.111
301,35.000,0.006,0.006,5.322,5.322,6.576,0.002,0.002,1.075,1.075,6.406,1.18,18.45,16.4471,0.6406,2.882
302,50.000,0.006,0.006,7.407,7.407,6.750,0.006,0.006,1.531,1.531,8.951,1.18,17.00,15.0000,0.8951,4.028
303,45.000,0.006,0.006,6.523,6.523,6.899,0.005,0.005,1.374,1.374,7.907,1.18,15.76,13.7574,0.7907,3.558
304,30.000,0.006,0.006,4.277,4.277,7.014,0.001,0.001,0.914,0.914,5.199,1.17,14.80,12.8038,0.5199,2.339
305,20.000,0.006,0.006,2.823,2.823,7.085,0.001,0.001,0.609,0.609,3.438,1.17,14.20,12.2044,0.3438,1.547
306,25.000,0.006,0.006,3.516,3.516,7.110,0.001,0.001,0.760,0.760,4.283,1.17,14.00,12.0000,0.4283,1.928
307,35.000,0.006,0.006,4.940,4.940,7.085,0.002,0.002,1.065,1.065,6.013,1.17,14.20,12.2044,0.6013,2.706
308,50.000,0.006,0.006,7.129,7.129,7.014,0.006,0.006,1.523,1.523,8.665,1.17,14.80,12.8038,0.8665,3.899
309,45.000,0.006,0.006,6.523,6.523,6.899,0.005,0.005,1.374,1.374,7.907,1.18,15.76,13.7574,0.7907,3.558
310,30.000,0.006,0.006,4.444,4.444,6.750,0.001,0.001,0.919,0.919,5.370,1.18,17.00,15.0000,0.5370,2.417
311,20.000,0.006,0.006,3.041,3.041,6.576,0.001,0.001,0.614,0.614,3.662,1.18,18.45,16.4471,0.3662,1.648
312,25.000,0.006,0.006,3.912,3.912,6.390,0.001,0.001,0.771,0.771,4.690,1.19,20.00,18.0000,0.4690,2.111
313,35.000,0.006,0.006,5.642,5.642,6.204,0.002,0.002,1.084,1.084,6.734,1.19,21.55,19.5529,0.6734,3.030
314,50.000,0.006,0.006,8.292,8.292,6.030,0.006,0.006,1.554,1.554,9.859,1.20,23.00,21.0000,0.9859,4.436
315,45.000,0.006,0.006,7.652,7.652,5.881,0.005,0.005,1.404,1.404,9.067,1.20,24.24,22.2426,0.9067,4.080
316,30.000,0.006,0.006,5.202,5.202,5.766,0.001,0.001,0.939,0.939,6.149,1.20,25.20,23.1962,0.6149,2.767
317,20.000,0.006,0.006,3.512,3.512,5.695,0.001,0.001,0.627,0.627,4.146,1.21,25.80,23.7956,0.4146,1.866
318,25.000,0.006,0.006,4.409,4.409,5.670,0.001,0.001,0.784,0.784,5.200,1.21,26.00,24.0000,0.5200,2.340
319,35.000,0.006,0.006,6.146,6.146,5.695,0.002,0.002,1.097,1.097,7.252,1.21,25.80,23.7956,0.7252,3.263
320,50.000,0.006,0.006,8.671,8.671,5.766,0.006,0.006,1.565,1.565,10.248,1.20,25.20,23.1962,1.0248,4.611
321,45.000,0.006,0.006,7.652,7.652,5.881,0.005,0.005,1.404,1.404,9.067,1.20,24.24,22.2426,0.9067,4.080
322,30.000,0.006,0.006,4.975,4.975,6.030,0.001,0.001,0.933,0.933,5.915,1.20,23.00,21.0000,0.5915,2.662
323,20.000,0.006,0.006,3.224,3.224,6.204,0.001,0.001,0.619,0.619,3.850,1.19,21.55,19.5529,0.3850,1.732
324,25.000,0.006,0.006,3.912,3.912,6.390,0.001,0.001,0.771,0.771,4.690,1.19,20.00,18.0000,0.4690,2.111
325,35.000,0.006,0.006,5.322,5.322,6.576,0.002,0.002,1.075,1.075,6.406,1.18,18.45,16.4471,0.6406,2.882
326,50.000,0.006,0.006,7.407,7.407,6.750,0.006,0.006,1.531,1.531,8.951,1.18,17.00,15.0000,0.8951,4.028
327,45.000,0.006,0.006,6.523,6.523,6.899,0.005,0.005,1.374,1.374,7.907,1.18,15.76,13.7574,0.7907,3.558
328,30.000,0.006,0.006,4.277,4.277,7.014,0.001,0.001,0.914,0.914,5.199,1.17,14.80,12.8038,0.5199,2.339
329,20.000,0.006,0.006,2.823,2.823,7.085,0.001,0.001,0.609,0.609,3.438,1.17,14.20,12.2044,0.3438,1.547
330,25.000,0.006,0.006,3.516,3.516,7.110,0.001,0.001,0.760,0.760,4.283,1.17,14.00,12.0000,0.4283,1.928
331,35.000,0.006,0.006,4.940,4.940,7.085,0.002,0.002,1.065,1.065,6.013,1.17,14.20,12.2044,0.6013,2.706
332,50.000,0.006,0.006,7.129,7.129,7.014,0.006,0.006,1.523,1.523,8.665,1.17,14.80,12.8038,0.8665,3.899
333,45.000,0.006,0.006,6.523,6.523,6.899,0.005,0.005,1.374,1.374,7.907,1.18,15.76,13.7574,0.7907,3.558
334,30.000,0.006,0.006,4.444,4.444,6.750,0.001,0.001,0.919,0.919,5.370,1.18,17.00,15.0000,0.5370,2.417
335,20.000,0.006,0.006,3.041,3.041,6.576,0.001,0.001,0.614,0.614,3.662,1.18,18.45,16.4471,0.3662,1.648
336,25.000,0.006,0.006,3.912,3.912,6.390,0.001,0.001,0.771,0.771,4.690,1.19,20.00,18.0000,0.4690,2.111
337,35.000,0.006,0.006,5.642,5.642,6.204,0.002,0.002,1.084,1.084,6.734,1.19,21.55,19.5529,0.6734,3.030
338,50.000,0.006,0.006,8.292,8.292,6.030,0.006,0.006,1.554,1.554,9.859,1.20,23.00,21.0000,0.9859,4.436
339,45.000,0.006,0.006,7.652,7.652,5.881,0.005,0.005,1.404,1.404,9.067,1.20,24.24,22.2426,0.9067,4.080
340,30.000,0.006,0.006,5.202,5.202,5.766,0.001,0.001,0.939,0.939,6.149,1.20,25.20,23.1962,0.6149,2.767
341,20.000,0.006,0.006,3.512,3.512,5.695,0.001,0.001,0.627,0.627,4.146,1.21,25.80,23.7956,0.4146,1.866
342,25.000,0.006,0.006,4.409,4.409,5.670,0.001,0.001,0.784,0.784,5.200,1.21,26.00,24.0000,0.5200,2.340
343,35.000,0.006,0.006,6.146,6.146,5.695,0.002,0.002,1.097,1.097,7.252,1.21,25.80,23.7956,0.7252,3.263
344,50.000,0.006,0.006,8.671,8.671,5.766,0.006,0.006,1.565,1.565,10.248,1.20,25.20,23.1962,1.0248,4.611
345,45.000,0.006,0.006,7.652,7.652,5.881,0.005,0.005,1.404,1.404,9.067,1.20,24.24,22.2426,0.9067,4.080
346,30.000,0.006,0.006,4.975,4.975,6.030,0.001,0.001,0.933,0.933,5.915,1.20,23.00,21.0000,0.5915,2.662
347,20.000,0.006,0.006,3.224,3.224,6.204,0.001,0.001,0.619,0.619,3.850,1.19,21.55,19.5529,0.3850,1.732
348,25.000,0.006,0.006,3.912,3.912,6.390,0.001,0.001,0.771,0.771,4.690,1.19,20.00,18.0000,0.4690,2.111
349,35.000,0.006,0.006,5.322,5.322,6.576,0.002,0.002,1.075,1.075,6.406,1.18,18.45,16.4471,0.6406,2.882
350,50.000,0.006,0.006,7.407,7.407,6.750,0.006,0.006,1.531,1.531,8.951,1.18,17.00,15.0000,0.8951,4.028
351,45.000,0.006,0.006,6.523,6.523,6.899,0.005,0.005,1.374,1.374,7.907,1.18,15.76,13.7574,0.7907,3.558
352,30.000,0.006,0.006,4.277,4.277,7.014,0.001,0.001,0.914,0.914,5.199,1.17,14.80,12.8038,0.5199,2.339
353,20.000,0.006,0.006,2.823,2.823,7.085,0.001,0.001,0.609,0.609,3.438,1.17,14.20,12.2044,0.3438,1.547
354,25.000,0.006,0.006,3.516,3.516,7.110,0.001,0.001,0.760,0.760,4.283,1.17,14.00,12.0000,0.4283,1.928
355,35.000,0.006,0.006,4.940,4.940,7.085,0.002,0.002,1.065,1.065,6.013,1.17,14.20,12.2044,0.6013,2.706
356,50.000,0.006,0.006,7.129,7.129,7.014,0.006,0.006,1.523,1.523,8.665,1.17,14.80,12.8038,0.8665,3.899
357,45.000,0.006,0.006,6.523,6.523,6.899,0.005,0.005,1.374,1.374,7.907,1.18,15.76,13.7574,0.7907,3.558
358,30.000,0.006,0.006,4.444,4.444,6.750,0.001,0.001,0.919,0.919,5.370,1.18,17.00,15.0000,0.5370,2.417
359,20.000,0.006,0.006,3.041,3.041,6.576,0.001,0.001,0.614,0.614,3.662,1.18,18.45,16.4471,0.3662,1.648
360,25.000,0.006,0.006,3.912,3.912,6.390,0.001,0.001,0.771,0.771,4.690,1.19,20.00,18.0000,0.4690,2.111
361,35.000,0.006,0.006,5.642,5.642,6.204,0.002,0.002,1.084,1.084,6.734,1.19,21.55,19.5529,0.6734,3.030
362,50.000,0.006,0.006,8.292,8.292,6.030,0.006,0.006,1.554,1.554,9.859,1.20,23.00,21.0000,0.9859,4.436
363,45.000,0.006,0.006,7.652,7.652,5.881,0.005,0.005,1.404,1.404,9.067,1.20,24.24,22.2426,0.9067,4.080
364,30.000,0.006,0.006,5.202,5.202,5.766,0.001,0.001,0.939,0.939,6.149,1.20,25.20,23.1962,0.6149,2.767
365,20.000,0.006,0.006,3.512,3.512,5.695,0.001,0.001,0.627,0.627,4.146,1.21,25.80,23.7956,0.4146,1.866
366,25.000,0.006,0.006,4.409,4.409,5.670,0.001,0.001,0.784,0.784,5.200,1.21,26.00,24.0000,0.5200,2.340
367,35.000,0.006,0.006,6.146,6.146,5.695,0.002,0.002,1.097,1.097,7.252,1.21,25.80,23.7956,0.7252,3.263
368,50.000,0.006,0.006,8.671,8.671,5.766,0.006,0.006,1.565,1.565,10.248,1.20,25.20,23.1962,1.0248,4.611
369,45.000,0.006,0.006,7.652,7.652,5.881,0.005,0.005,1.404,1.404,9.067,1.20,24.24,22.2426,0.9067,4.080
370,30.000,0.006,0.006,4.975,4.975,6.030,0.001,0.001,0.933,0.933,5.915,1.20,23.00,21.0000,0.5915,2.662
371,20.000,0.006,0.006,3.224,3.224,6.204,0.001,0.001,0.619,0.619,3.850,1.19,21.55,19.5529,0.3850,1.732
372,25.000,0.006,0.006,3.912,3.912,6.390,0.001,0.001,0.771,0.771,4.690,1.19,20.00,18.0000,0.4690,2.111
373,35.000,0.006,0.006,5.322,5.322,6.576,0.002,0.002,1.075,1.075,6.406,1.18,18.45,16.4471,0.6406,2.882
374,50.000,0.006,0.006,7.407,7.407,6.750,0.006,0.006,1.531,1.531,8.951,1.18,17.00,15.0000,0.8951,4.028
375,45.000,0.006,0.006,6.523,6.523,6.899,0.005,0.005,1.374,1.374,7.907,1.18,15.76,13.7574,0.7907,3.558
376,30.000,0.006,0.006,4.277,4.277,7.014,0.001,0.001,0.914,0.914,5.199,1.17,14.80,12.8038,0.5199,2.339
377,20.000,0.006,0.006,2.823,2.823,7.085,0.001,0.001,0.609,0.609,3.438,1.17,14.20,12.2044,0.3438,1.547
378,25.000,0.006,0.006,3.516,3.516,7.110,0.001,0.001,0.760,0.760,4.283,1.17,14.00,12.0000,0.4283,1.928
379,35.000,0.006,0.006,4.940,4.940,7.085,0.002,0.002,1.065,1.065,6.013,1.17,14.20,12.2044,0.6013,2.706
380,50.000,0.006,0.006,7.129,7.129,7.014,0.006,0.006,1.523,1.523,8.665,1.17,14.80,12.8038,0.8665,3.899
381,45.000,0.006,0.006,6.523,6.523,6.899,0.005,0.005,1.374,1.374,7.907,1.18,15.76,13.7574,0.7907,3.558
382,30.000,0.006,0.006,4.444,4.444,6.750,0.001,0.001,0.919,0.919,5.370,1.18,17.00,15.0000,0.5370,2.417
383,20.000,0.006,0.006,3.041,3.041,6.576,0.001,0.001,0.614,0.614,3.662,1.18,18.45,16.4471,0.3662,1.648
384,25.000,0.006,0.006,3.912,3.912,6.390,0.001,0.001,0.771,0.771,4.690,1.19,20.00,18.0000,0.4690,2.111
385,35.000,0.006,0.006,5.642,5.642,6.204,0.002,0.002,1.084,1.084,6.734,1.19,21.55,19.5529,0.6734,3.030
386,50.000,0.006,0.006,8.292,8.292,6.030,0.006,0.006,1.554,1.554,9.859,1.20,23.00,21.0000,0.9859,4.436
387,45.000,0.006,0.006,7.652,7.652,5.881,0.005,0.005,1.404,1.404,9.067,1.20,24.24,22.2426,0.9067,4.080
388,30.000,0.006,0.006,5.202,5.202,5.766,0.001,0.001,0.939,0.939,6.149,1.20,25.20,23.1962,0.6149,2.767
389,20.000,0.006,0.006,3.512,3.512,5.695,0.001,0.001,0.627,0.627,4.146,1.21,25.80,23.7956,0.4146,1.866
390,25.000,0.006,0.006,4.409,4.409,5.670,0.001,0.001,0.784,0.784,5.200,1.21,26.00,24.0000,0.5200,2.340
391,35.000,0.006,0.006,6.146,6.146,5.695,0.002,0.002,1.097,1.097,7.252,1.21,25.80,23.7956,0.7252,3.263
392,50.000,0.006,0.006,8.671,8.671,5.766,0.006,0.006,1.565,1.565,10.248,1.20,25.20,23.1962,1.0248,4.611
393,45.000,0.006,0.006,7.652,7.652,5.881,0.005,0.005,1.404,1.404,9.067,1.20,24.24,22.2426,0.9067,4.080
394,30.000,0.006,0.006,4.975,4.975,6.030,0.001,0.001,0.933,0.933,5.915,1.20,23.00,21.0000,0.5915,2.662
395,20.000,0.006,0.006,3.224,3.224,6.204,0.001,0.001,0.619,0.619,3.850,1.19,21.55,19.5529,0.3850,1.732
396,25.000,0.006,0.006,3.912,3.912,6.390,0.001,0.001,0.771,0.771,4.690,1.19,20.00,18.0000,0.4690,2.111
397,35.000,0.006,0.006,5.322,5.322,6.576,0.002,0.002,1.075,1.075,6.406,1.18,18.45,16.4471,0.6406,2.882
398,50.000,0.006,0.006,7.407,7.407,6.750,0.006,0.006,1.531,1.531,8.951,1.18,17.00,15.0000,0.8951,4.028
399,45.000,0.006,0.006,6.523,6.523,6.899,0.005,0.005,1.374,1.374,7.907,1.18,15.76,13.7574,0.7907,3.558
400,30.000,0.006,0.006,4.277,4.277,7.014,0.001,0.001,0.914,0.914,5.199,1.17,14.80,12.8038,0.5199,2.339
401,20.000,0.006,0.006,2.823,2.823,7.085,0.001,0.001,0.609,0.609,3.438,1.17,14.20,12.2044,0.3438,1.547
402,25.000,0.006,0.006,3.516,3.516,7.110,0.001,0.001,0.760,0.760,4.283,1.17,14.00,12.0000,0.4283,1.928
403,35.000,0.006,0.006,4.940,4.940,7.085,0.002,0.002,1.065,1.065,6.013,1.17,14.20,12.2044,0.6013,2.706
404,50.000,0.006,0.006,7.129,7.129,7.014,0.006,0.006,1.523,1.523,8.665,1.17,14.80,12.8038,0.8665,3.899
405,45.000,0.006,0.006,6.523,6.523,6.899,0.005,0.005,1.374,1.374,7.907,1.18,15.76,13.7574,0.7907,3.558
406,30.000,0.006,0.006,4.444,4.444,6.750,0.001,0.001,0.919,0.919,5.370,1.18,17.00,15.0000,0.5370,2.417
407,20.000,0.006,0.006,3.041,3.041,6.576,0.001,0.001,0.614,0.614,3.662,1.18,18.45,16.4471,0.3662,1.648
408,25.000,0.006,0.006,3.912,3.912,6.390,0.001,0.001,0.771,0.771,4.690,1.19,20.00,18.0000,0.4690,2.111
409,35.000,0.006,0.006,5.642,5.642,6.204,0.002,0.002,1.084,1.084,6.734,1.19,21.55,19.5529,0.6734,3.030
410,50.000,0.006,0.006,8.292,8.292,6.030,0.006,0.006,1.554,1.554,9.859,1.20,23.00,21.0000,0.9859,4.436
411,45.000,0.006,0.006,7.652,7.652,5.881,0.005,0.005,1.404,1.404,9.067,1.20,24.24,22.2426,0.9067,4.080
412,30.000,0.006,0.006,5.202,5.202,5.766,0.001,0.001,0.939,0.939,6.149,1.20,25.20,23.1962,0.6149,2.767
413,20.000,0.006,0.006,3.512,3.512,5.695,0.001,0.001,0.627,0.627,4.146,1.21,25.80,23.7956,0.4146,1.866
414,25.000,0.006,0.006,4.409,4.409,5.670,0.001,0.001,0.784,0.784,5.200,1.21,26.00,24.0000,0.5200,2.340
415,35.000,0.006,0.006,6.146,6.146,5.695,0.002,0.002,1.097,1.097,7.252,1.21,25.80,23.7956,0.7252,3.263
416,50.000,0.006,0.006,8.671,8.671,5.766,0.006,0.006,1.565,1.565,10.248,1.20,25.20,23.1962,1.0248,4.611
417,45.000,0.006,0.006,7.652,7.652,5.881,0.005,0.005,1.404,1.404,9.067,1.20,24.24,22.2426,0.9067,4.080
418,30.000,0.006,0.006,4.975,4.975,6.030,0.001,0.001,0.933,0.933,5.915,1.20,23.00,21.0000,0.5915,2.662
419,20.000,0.006,0.006,3.224,3.224,6.204,0.001,0.001,0.619,0.619,3.850,1.19,21.55,19.5529,0.3850,1.732
420,25.000,0.006,0.006,3.912,3.912,6.390,0.001,0.001,0.771,0.771,4.690,1.19,20.00,18.0000,0.4690,2.111
421,35.000,0.006,0.006,5.322,5.322,6.576,0.002,0.002,1.075,1.075,6.406,1.18,18.45,16.4471,0.6406,2.882
422,50.000,0.006,0.006,7.407,7.407,6.750,0.006,0.006,1.531,1.531,8.951,1.18,17.00,15.0000,0.8951,4.028
423,45.000,0.006,0.006,6.523,6.523,6.899,0.005,0.005,1.374,1.374,7.907,1.18,15.76,13.7574,0.7907,3.558
424,30.000,0.006,0.006,4.277,4.277,7.014,0.001,0.001,0.914,0.914,5.199,1.17,14.80,12.8038,0.5199,2.339
425,20.000,0.006,0.006,2.823,2.823,7.085,0.001,0.001,0.609,0.609,3.438,1.17,14.20,12.2044,0.3438,1.547
426,25.000,0.006,0.006,3.516,3.516,7.110,0.001,0.001,0.760,0.760,4.283,1.17,14.00,12.0000,0.4283,1.928
427,35.000,0.006,0.006,4.940,4.940,7.085,0.002,0.002,1.065,1.065,6.013,1.17,14.20,12.2044,0.6013,2.706
428,50.000,0.006,0.006,7.129,7.129,7.014,0.006,0.006,1.523,1.523,8.665,1.17,14.80,12.8038,0.8665,3.899
429,45.000,0.006,0.006,6.523,6.523,6.899,0.005,0.005,1.374,1.374,7.907,1.18,15.76,13.7574,0.7907,3.558
430,30.000,0.006,0.006,4.444,4.444,6.750,0.001,0.001,0.919,0.919,5.370,1.18,17.00,15.0000,0.5370,2.417
431,20.000,0.006,0.006,3.041,3.041,6.576,0.001,0.001,0.614,0.614,3.662,1.18,18.45,16.4471,0.3662,1.648
432,25.000,0.006,0.006,3.912,3.912,6.390,0.001,0.001,0.771,0.771,4.690,1.19,20.00,18.0000,0.4690,2.111
433,35.000,0.006,0.006,5.642,5.642,6.204,0.002,0.002,1.084,1.084,6.734,1.19,21.55,19.5529,0.6734,3.030
434,50.000,0.006,0.006,8.292,8.292,6.030,0.006,0.006,1.554,1.554,9.859,1.20,23.00,21.0000,0.9859,4.436
435,45.000,0.006,0.006,7.652,7.652,5.881,0.005,0.005,1.404,1.404,9.067,1.20,24.24,22.2426,0.9067,4.080
436,30.000,0.006,0.006,5.202,5.202,5.766,0.001,0.001,0.939,0.939,6.149,1.20,25.20,23.1962,0.6149,2.767
437,20.000,0.006,0.006,3.512,3.512,5.695,0.001,0.001,0.627,0.627,4.146,1.21,25.80,23.7956,0.4146,1.866
438,25.000,0.006,0.006,4.409,4.409,5.670,0.001,0.001,0.784,0.784,5.200,1.21,26.00,24.0000,0.5200,2.340
439,35.000,0.006,0.006,6.146,6.146,5.695,0.002,0.002,1.097,1.097,7.252,1.21,25.80,23.7956,0.7252,3.263
440,50.000,0.006,0.006,8.671,8.671,5.766,0.006,0.006,1.565,1.565,10.248,1.20,25.20,23.1962,1.0248,4.611
441,45.000,0.006,0.006,7.652,7.652,5.881,0.005,0.005,1.404,1.404,9.067,1.20,24.24,22.2426,0.9067,4.080
442,30.000,0.006,0.006,4.975,4.975,6.030,0.001,0.001,0.933,0.933,5.915,1.20,23.00,21.0000,0.5915,2.662
443,20.000,0.006,0.006,3.224,3.224,6.204,0.001,0.001,0.619,0.619,3.850,1.19,21.55,19.5529,0.3850,1.732
444,25.000,0.006,0.006,3.912,3.912,6.390,0.001,0.001,0.771,0.771,4.690,1.19,20.00,18.0000,0.4690,2.111
445,35.000,0.006,0.006,5.322,5.322,6.576,0.002,0.002,1.075,1.075,6.406,1.18,18.45,16.4471,0.6406,2.882
446,50.000,0.006,0.006,7.407,7.407,6.750,0.006,0.006,1.531,1.531,8.951,1.18,17.00,15.0000,0.8951,4.028
447,45.000,0.006,0.006,6.523,6.523,6.899,0.005,0.005,1.374,1.374,7.907,1.18,15.76,13.7574,0.7907,3.558
448,30.000,0.006,0.006,4.277,4.277,7.014,0.001,0.001,0.914,0.914,5.199,1.17,14.80,12.8038,0.5199,2.339
449,20.000,0.006,0.006,2.823,2.823,7.085,0.001,0.001,0.609,0.609,3.438,1.17,14.20,12.2044,0.3438,1.547
450,25.000,0.006,0.006,3.516,3.516,7.110,0.001,0.001,0.760,0.760,4.283,1.17,14.00,12.0000,0.4283,1.928
451,35.000,0.006,0.006,4.940,4.940,7.085,0.002,0.002,1.065,1.065,6.013,1.17,14.20,12.2044,0.6013,2.706
452,50.000,0.006,0.006,7.129,7.129,7.014,0.006,0.006,1.523,1.523,8.665,1.17,14.80,12.8038,0.8665,3.899
453,45.000,0.006,0.006,6.523,6.523,6.899,0.005,0.005,1.374,1.374,7.907,1.18,15.76,13.7574,0.7907,3.558
454,30.000,0.006,0.006,4.444,4.444,6.750,0.001,0.001,0.919,0.919,5.370,1.18,17.00,15.0000,0.5370,2.417
455,20.000,0.006,0.006,3.041,3.041,6.576,0.001,0.001,0.614,0.614,3.662,1.18,18.45,16.4471,0.3662,1.648
456,25.000,0.006,0.006,3.912,3.912,6.390,0.001,0.001,0.771,0.771,4.690,1.19,20.00,18.0000,0.4690,2.111
457,35.000,0.006,0.006,5.642,5.642,6.204,0.002,0.002,1.084,1.084,6.734,1.19,21.55,19.5529,0.6734,3.030
458,50.000,0.006,0.006,8.292,8.292,6.030,0.006,0.006,1.554,1.554,9.859,1.20,23.00,21.0000,0.9859,4.436
459,45.000,0.006,0.006,7.652,7.652,5.881,0.005,0.005,1.404,1.404,9.067,1.20,24.24,22.2426,0.9067,4.080
460,30.000,0.006,0.006,5.202,5.202,5.766,0.001,0.001,0.939,0.939,6.149,1.20,25.20,23.1962,0.6149,2.767
461,20.000,0.006,0.006,3.512,3.512,5.695,0.001,0.001,0.627,0.627,4.146,1.21,25.80,23.7956,0.4146,1.866
462,25.000,0.006,0.006,4.409,4.409,5.670,0.001,0.001,0.784,0.784,5.200,1.21,26.00,24.0000,0.5200,2.340
463,35.000,0.006,0.006,6.146,6.146,5.695,0.002,0.002,1.097,1.097,7.252,1.21,25.80,23.7956,0.7252,3.263
464,50.000,0.006,0.006,8.671,8.671,5.766,0.006,0.006,1.565,1.565,10.248,1.20,25.20,23.1962,1.0248,4.611
465,45.000,0.006,0.006,7.652,7.652,5.881,0.005,0.005,1.404,1.404,9.067,1.20,24.24,22.2426,0.9067,4.080
466,30.000,0.006,0.006,4.975,4.975,6.030,0.001,0.001,0.933,0.933,5.915,1.20,23.00,21.0000,0.5915,2.662
467,20.000,0.006,0.006,3.224,3.224,6.204,0.001,0.001,0.619,0.619,3.850,1.19,21.55,19.5529,0.3850,1.732
468,25.000,0.006,0.006,3.912,3.912,6.390,0.001,0.001,0.771,0.771,4.690,1.19,20.00,18.0000,0.4690,2.111
469,35.000,0.006,0.006,5.322,5.322,6.576,0.002,0.002,1.075,1.075,6.406,1.18,18.45,16.4471,0.6406,2.882
470,50.000,0.006,0.006,7.407,7.407,6.750,0.006,0.006,1.531,1.531,8.951,1.18,17.00,15.0000,0.8951,4.028
471,45.000,0.006,0.006,6.523,6.523,6.899,0.005,0.005,1.374,1.374,7.907,1.18,15.76,13.7574,0.7907,3.558
472,30.000,0.006,0.006,4.277,4.277,7.014,0.001,0.001,0.914,0.914,5.199,1.17,14.80,12.8038,0.5199,2.339
473,20.000,0.006,0.006,2.823,2.823,7.085,0.001,0.001,0.609,0.609,3.438,1.17,14.20,12.2044,0.3438,1.547
474,25.000,0.006,0.006,3.516,3.516,7.110,0.001,0.001,0.760,0.760,4.283,1.17,14.00,12.0000,0.4283,1.928
475,35.000,0.006,0.006,4.940,4.940,7.085,0.002,0.002,1.065,1.065,6.013,1.17,14.20,12.2044,0.6013,2.706
476,50.000,0.006,0.006,7.129,7.129,7.014,0.006,0.006,1.523,1.523,8.665,1.17,14.80,12.8038,0.8665,3.899
477,45.000,0.006,0.006,6.523,6.523,6.899,0.005,0.005,1.374,1.374,7.907,1.18,15.76,13.7574,0.7907,3.558
478,30.000,0.006,0.006,4.444,4.444,6.750,0.001,0.001,0.919,0.919,5.370,1.18,17.00,15.0000,0.5370,2.417
479,20.000,0.006,0.006,3.041,3.041,6.576,0.001,0.001,0.614,0.614,3.662,1.18,18.45,16.4471,0.3662,1.648
480,25.000,0.006,0.006,3.912,3.912,6.390,0.001,0.001,0.771,0.771,4.690,1.19,20.00,18.0000,0.4690,2.111
481,35.000,0.006,0.006,5.642,5.642,6.204,0.002,0.002,1.084,1.084,6.734,1.19,21.55,19.5529,0.6734,3.030
482,50.000,0.006,0.006,8.292,8.292,6.030,0.006,0.006,1.554,1.554,9.859,1.20,23.00,21.0000,0.9859,4.436
483,45.000,0.006,0.006,7.652,7.652,5.881,0.005,0.005,1.404,1.404,9.067,1.20,24.24,22.2426,0.9067,4.080
484,30.000,0.006,0.006,5.202,5.202,5.766,0.001,0.001,0.939,0.939,6.149,1.20,25.20,23.1962,0.6149,2.767
485,20.000,0.006,0.006,3.512,3.512,5.695,0.001,0.001,0.627,0.627,4.146,1.21,25.80,23.7956,0.4146,1.866
486,25.000,0.006,0.006,4.409,4.409,5.670,0.001,0.001,0.784,0.784,5.200,1.21,26.00,24.0000,0.5200,2.340
487,35.000,0.006,0.006,6.146,6.146,5.695,0.002,0.002,1.097,1.097,7.252,1.21,25.80,23.7956,0.7252,3.263
488,50.000,0.006,0.006,8.671,8.671,5.766,0.006,0.006,1.565,1.565,10.248,1.20,25.20,23.1962,1.0248,4.611
489,45.000,0.006,0.006,7.652,7.652,5.881,0.005,0.005,1.404,1.404,9.067,1.20,24.24,22.2426,0.9067,4.080
490,30.000,0.006,0.006,4.975,4.975,6.030,0.001,0.001,0.933,0.933,5.915,1.20,23.00,21.0000,0.5915,2.662
491,20.000,0.006,0.006,3.224,3.224,6.204,0.001,0.001,0.619,0.619,3.850,1.19,21.55,19.5529,0.3850,1.732
492,25.000,0.006,0.006,3.912,3.912,6.390,0.001,0.001,0.771,0.771,4.690,1.19,20.00,18.0000,0.4690,2.111
493,35.000,0.006,0.006,5.322,5.322,6.576,0.002,0.002,1.075,1.075,6.406,1.18,18.45,16.4471,0.6406,2.882
494,50.000,0.006,0.006,7.407,7.407,6.750,0.006,0.006,1.531,1.531,8.951,1.18,17.00,15.0000,0.8951,4.028
495,45.000,0.006,0.006,6.523,6.523,6.899,0.005,0.005,1.374,1.374,7.907,1.18,15.76,13.7574,0.7907,3.558
496,30.000,0.006,0.006,4.277,4.277,7.014,0.001,0.001,0.914,0.914,5.199,1.17,14.80,12.8038,0.5199,2.339
497,20.000,0.006,0.006,2.823,2.823,7.085,0.001,0.001,0.609,0.609,3.438,1.17,14.20,12.2044,0.3438,1.547
498,25.000,0.006,0.006,3.516,3.516,7.110,0.001,0.001,0.760,0.760,4.283,1.17,14.00,12.0000,0.4283,1.928
499,35.000,0.006,0.006,4.940,4.940,7.085,0.002,0.002,1.065,1.065,6.013,1.17,14.20,12.2044,0.6013,2.706
500,50.000,0.006,0.006,7.129,7.129,7.014,0.006,0.006,1.523,1.523,8.665,1.17,14.80,12.8038,0.8665,3.899
501,45.000,0.006,0.006,6.523,6.523,6.899,0.005,0.005,1.374,1.374,7.907,1.18,15.76,13.7574,0.7907,3.558
502,30.000,0.006,0.006,4.444,4.444,6.750,0.001,0.001,0.919,0.919,5.370,1.18,17.00,15.0000,0.5370,2.417
503,20.000,0.006,0.006,3.041,3.041,6.576,0.001,0.001,0.614,0.614,3.662,1.18,18.45,16.4471,0.3662,1.648
504,25.000,0.006,0.006,3.912,3.912,6.390,0.001,0.001,0.771,0.771,4.690,1.19,20.00,18.0000,0.4690,2.111
505,35.000,0.006,0.006,5.642,5.642,6.204,0.002,0.002,1.084,1.084,6.734,1.19,21.55,19.5529,0.6734,3.030
506,50.000,0.006,0.006,8.292,8.292,6.030,0.006,0.006,1.554,1.554,9.859,1.20,23.00,21.0000,0.9859,4.436
507,45.000,0.006,0.006,7.652,7.652,5.881,0.005,0.005,1.404,1.404,9.067,1.20,24.24,22.2426,0.9067,4.080
508,30.000,0.006,0.006,5.202,5.202,5.766,0.001,0.001,0.939,0.939,6.149,1.20,25.20,23.1962,0.6149,2.767
509,20.000,0.006,0.006,3.512,3.512,5.695,0.001,0.001,0.627,0.627,4.146,1.21,25.80,23.7956,0.4146,1.866
510,25.000,0.006,0.006,4.409,4.409,5.670,0.001,0.001,0.784,0.784,5.200,1.21,26.00,24.0000,0.5200,2.340
511,35.000,0.006,0.006,6.146,6.146,5.695,0.002,0.002,1.097,1.097,7.252,1.21,25.80,23.7956,0.7252,3.263
512,50.000,0.006,0.006,8.671,8.671,5.766,0.006,0.006,1.565,1.565,10.248,1.20,25.20,23.1962,1.0248,4.611
513,45.000,0.006,0.006,7.652,7.652,5.881,0.005,0.005,1.404,1.404,9.067,1.20,24.24,22.2426,0.9067,4.080
514,30.000,0.006,0.006,4.975,4.975,6.030,0.001,0.001,0.933,0.933,5.915,1.20,23.00,21.0000,0.5915,2.662
515,20.000,0.006,0.006,3.224,3.224,6.204,0.001,0.001,0.619,0.619,3.850,1.19,21.55,19.5529,0.3850,1.732
516,25.000,0.006,0.006,3.912,3.912,6.390,0.001,0.001,0.771,0.771,4.690,1.19,20.00,18.0000,0.4690,2.111
517,35.000,0.006,0.006,5.322,5.322,6.576,0.002,0.002,1.075,1.075,6.406,1.18,18.45,16.4471,0.6406,2.882
518,50.000,0.006,0.006,7.407,7.407,6.750,0.006,0.006,1.531,1.531,8.951,1.18,17.00,15.0000,0.8951,4.028
519,45.000,0.006,0.006,6.523,6.523,6.899,0.005,0.005,1.374,1.374,7.907,1.18,15.76,13.7574,0.7907,3.558
520,30.000,0.006,0.006,4.277,4.277,7.014,0.001,0.001,0.914,0.914,5.199,1.17,14.80,12.8038,0.5199,2.339
521,20.000,0.006,0.006,2.823,2.823,7.085,0.001,0.001,0.609,0.609,3.438,1.17,14.20,12.2044,0.3438,1.547
522,25.000,0.006,0.006,3.516,3.516,7.110,0.001,0.001,0.760,0.760,4.283,1.17,14.00,12.0000,0.4283,1.928
523,35.000,0.006,0.006,4.940,4.940,7.085,0.002,0.002,1.065,1.065,6.013,1.17,14.20,12.2044,0.6013,2.706
524,50.000,0.006,0.006,7.129,7.129,7.014,0.006,0.006,1.523,1.523,8.665,1.17,14.80,12.8038,0.8665,3.899
525,45.000,0.006,0.006,6.523,6.523,6.899,0.005,0.005,1.374,1.374,7.907,1.18,15.76,13.7574,0.7907,3.558
526,30.000,0.006,0.006,4.444,4.444,6.750,0.001,0.001,0.919,0.919,5.370,1.18,17.00,15.0000,0.5370,2.417
527,20.000,0.006,0.006,3.041,3.041,6.576,0.001,0.001,0.614,0.614,3.662,1.18,18.45,16.4471,0.3662,1.648
528,25.000,0.006,0.006,3.912,3.912,6.390,0.001,0.001,0.771,0.771,4.690,1.19,20.00,18.0000,0.4690,2.111
529,35.000,0.006,0.006,5.642,5.642,6.204,0.002,0.002,1.084,1.084,6.734,1.19,21.55,19.5529,0.6734,3.030
530,50.000,0.006,0.006,8.292,8.292,6.030,0.006,0.006,1.554,1.554,9.859,1.20,23.00,21.0000,0.9859,4.436
531,45.000,0.006,0.006,7.652,7.652,5.881,0.005,0.005,1.404,1.404,9.067,1.20,24.24,22.2426,0.9067,4.080
532,30.000,0.006,0.006,5.202,5.202,5.766,0.001,0.001,0.939,0.939,6.149,1.20,25.20,23.1962,0.6149,2.767
533,20.000,0.006,0.006,3.512,3.512,5.695,0.001,0.001,0.627,0.627,4.146,1.21,25.80,23.7956,0.4146,1.866
534,25.000,0.006,0.006,4.409,4.409,5.670,0.001,0.001,0.784,0.784,5.200,1.21,26.00,24.0000,0.5200,2.340
535,35.000,0.006,0.006,6.146,6.146,5.695,0.002,0.002,1.097,1.097,7.252,1.21,25.80,23.7956,0.7252,3.263
536,50.000,0.006,0.006,8.671,8.671,5.766,0.006,0.006,1.565,1.565,10.248,1.20,25.20,23.1962,1.0248,4.611
537,45.000,0.006,0.006,7.652,7.652,5.881,0.005,0.005,1.404,1.404,9.067,1.20,24.24,22.2426,0.9067,4.080
538,30.000,0.006,0.006,4.975,4.975,6.030,0.001,0.001,0.933,0.933,5.915,1.20,23.00,21.0000,0.5915,2.662
539,20.000,0.006,0.006,3.224,3.224,6.204,0.001,0.001,0.619,0.619,3.850,1.19,21.55,19.5529,0.3850,1.732
540,25.000,0.006,0.006,3.912,3.912,6.390,0.001,0.001,0.771,0.771,4.690,1.19,20.00,18.0000,0.4690,2.111
541,35.000,0.006,0.006,5.322,5.322,6.576,0.002,0.002,1.075,1.075,6.406,1.18,18.45,16.4471,0.6406,2.882
542,50.000,0.006,0.006,7.407,7.407,6.750,0.006,0.006,1.531,1.531,8.951,1.18,17.00,15.0000,0.8951,4.028
543,45.000,0.006,0.006,6.523,6.523,6.899,0.005,0.005,1.374,1.374,7.907,1.18,15.76,13.7574,0.7907,3.558
544,30.000,0.006,0.006,4.277,4.277,7.014,0.001,0.001,0.914,0.914,5.199,1.17,14.80,12.8038,0.5199,2.339
545,20.000,0.006,0.006,2.823,2.823,7.085,0.001,0.001,0.609,0.609,3.438,1.17,14.20,12.2044,0.3438,1.547
546,25.000,0.006,0.006,3.516,3.516,7.110,0.001,0.001,0.760,0.760,4.283,1.17,14.00,12.0000,0.4283,1.928
547,35.000,0.006,0.006,4.940,4.940,7.085,0.002,0.002,1.065,1.065,6.013,1.17,14.20,12.2044,0.6013,2.706
548,50.000,0.006,0.006,7.129,7.129,7.014,0.006,0.006,1.523,1.523,8.665,1.17,14.80,12.8038,0.8665,3.899
549,45.000,0.006,0.006,6.523,6.523,6.899,0.005,0.005,1.374,1.374,7.907,1.18,15.76,13.7574,0.7907,3.558
550,30.000,0.006,0.006,4.444,4.444,6.750,0.001,0.001,0.919,0.919,5.370,1.18,17.00,15.0000,0.5370,2.417
551,20.000,0.006,0.006,3.041,3.041,6.576,0.001,0.001,0.614,0.614,3.662,1.18,18.45,16.4471,0.3662,1.648
552,25.000,0.006,0.006,3.912,3.912,6.390,0.001,0.001,0.771,0.771,4.690,1.19,20.00,18.0000,0.4690,2.111
553,35.000,0.006,0.006,5.642,5.642,6.204,0.002,0.002,1.084,1.084,6.734,1.19,21.55,19.5529,0.6734,3.030
554,50.000,0.006,0.006,8.292,8.292,6.030,0.006,0.006,1.554,1.554,9.859,1.20,23.00,21.0000,0.9859,4.436
555,45.000,0.006,0.006,7.652,7.652,5.881,0.005,0.005,1.404,1.404,9.067,1.20,24.24,22.2426,0.9067,4.080
556,30.000,0.006,0.006,5.202,5.202,5.766,0.001,0.001,0.939,0.939,6.149,1.20,25.20,23.1962,0.6149,2.767
557,20.000,0.006,0.006,3.512,3.512,5.695,0.001,0.001,0.627,0.627,4.146,1.21,25.80,23.7956,0.4146,1.866
558,25.000,0.006,0.006,4.409,4.409,5.670,0.001,0.001,0.784,0.784,5.200,1.21,26.00,24.0000,0.5200,2.340
559,35.000,0.006,0.006,6.146,6.146,5.695,0.002,0.002,1.097,1.097,7.252,1.21,25.80,23.7956,0.7252,3.263
560,50.000,0.006,0.006,8.671,8.671,5.766,0.006,0.006,1.565,1.565,10.248,1.20,25.20,23.1962,1.0248,4.611
561,45.000,0.006,0.006,7.652,7.652,5.881,0.005,0.005,1.404,1.404,9.067,1.20,24.24,22.2426,0.9067,4.080
562,30.000,0.006,0.006,4.975,4.975,6.030,0.001,0.001,0.933,0.933,5.915,1.20,23.00,21.0000,0.5915,2.662
563,20.000,0.006,0.006,3.224,3.224,6.204,0.001,0.001,0.619,0.619,3.850,1.19,21.55,19.5529,0.3850,1.732
564,25.000,0.006,0.006,3.912,3.912,6.390,0.001,0.001,0.771,0.771,4.690,1.19,20.00,18.0000,0.4690,2.111
565,35.000,0.006,0.006,5.322,5.322,6.576,0.002,0.002,1.075,1.075,6.406,1.18,18.45,16.4471,0.6406,2.882
566,50.000,0.006,0.006,7.407,7.407,6.750,0.006,0.006,1.531,1.531,8.951,1.18,17.00,15.0000,0.8951,4.028
567,45.000,0.006,0.006,6.523,6.523,6.899,0.005,0.005,1.374,1.374,7.907,1.18,15.76,13.7574,0.7907,3.558
568,30.000,0.006,0.006,4.277,4.277,7.014,0.001,0.001,0.914,0.914,5.199,1.17,14.80,12.8038,0.5199,2.339
569,20.000,0.006,0.006,2.823,2.823,7.085,0.001,0.001,0.609,0.609,3.438,1.17,14.20,12.2044,0.3438,1.547
570,25.000,0.006,0.006,3.516,3.516,7.110,0.001,0.001,0.760,0.760,4.283,1.17,14.00,12.0000,0.4283,1.928
571,35.000,0.006,0.006,4.940,4.940,7.085,0.002,0.002,1.065,1.065,6.013,1.17,14.20,12.2044,0.6013,2.706
572,50.000,0.006,0.006,7.129,7.129,7.014,0.006,0.006,1.523,1.523,8.665,1.17,14.80,12.8038,0.8665,3.899
573,45.000,0.006,0.006,6.523,6.523,6.899,0.005,0.005,1.374,1.374,7.907,1.18,15.76,13.7574,0.7907,3.558
574,30.000,0.006,0.006,4.444,4.444,6.750,0.001,0.001,0.919,0.919,5.370,1.18,17.00,15.0000,0.5370,2.417
575,20.000,0.006,0.006,3.041,3.041,6.576,0.001,0.001,0.614,0.614,3.662,1.18,18.45,16.4471,0.3662,1.648
576,25.000,0.006,0.006,3.912,3.912,6.390,0.001,0.001,0.771,0.771,4.690,1.19,20.00,18.0000,0.4690,2.111
577,35.000,0.006,0.006,5.642,5.642,6.204,0.002,0.002,1.084,1.084,6.734,1.19,21.55,19.5529,0.6734,3.030
578,50.000,0.006,0.006,8.292,8.292,6.030,0.006,0.006,1.554,1.554,9.859,1.20,23.00,21.0000,0.9859,4.436
579,45.000,0.006,0.006,7.652,7.652,5.881,0.005,0.005,1.404,1.404,9.067,1.20,24.24,22.2426,0.9067,4.080
580,30.000,0.006,0.006,5.202,5.202,5.766,0.001,0.001,0.939,0.939,6.149,1.20,25.20,23.1962,0.6149,2.767
581,20.000,0.006,0.006,3.512,3.512,5.695,0.001,0.001,0.627,0.627,4.146,1.21,25.80,23.7956,0.4146,1.866
582,25.000,0.006,0.006,4.409,4.409,5.670,0.001,0.001,0.784,0.784,5.200,1.21,26.00,24.0000,0.5200,2.340
583,35.000,0.006,0.006,6.146,6.146,5.695,0.002,0.002,1.097,1.097,7.252,1.21,25.80,23.7956,0.7252,3.263
584,50.000,0.006,0.006,8.671,8.671,5.766,0.006,0.006,1.565,1.565,10.248,1.20,25.20,23.1962,1.0248,4.611
585,45.000,0.006,0.006,7.652,7.652,5.881,0.005,0.005,1.404,1.404,9.067,1.20,24.24,22.2426,0.9067,4.080
586,30.000,0.006,0.006,4.975,4.975,6.030,0.001,0.001,0.933,0.933,5.915,1.20,23.00,21.0000,0.5915,2.662
587,20.000,0.006,0.006,3.224,3.224,6.204,0.001,0.001,0.619,0.619,3.850,1.19,21.55,19.5529,0.3850,1.732
588,25.000,0.006,0.006,3.912,3.912,6.390,0.001,0.001,0.771,0.771,4.690,1.19,20.00,18.0000,0.4690,2.111
589,35.000,0.006,0.006,5.322,5.322,6.576,0.002,0.002,1.075,1.075,6.406,1.18,18.45,16.4471,0.6406,2.882
590,50.000,0.006,0.006,7.407,7.407,6.750,0.006,0.006,1.531,1.531,8.951,1.18,17.00,15.0000,0.8951,4.028
591,45.000,0.006,0.006,6.523,6.523,6.899,0.005,0.005,1.374,1.374,7.907,1.18,15.76,13.7574,0.7907,3.558
592,30.000,0.006,0.006,4.277,4.277,7.014,0.001,0.001,0.914,0.914,5.199,1.17,14.80,12.8038,0.5199,2.339
593,20.000,0.006,0.006,2.823,2.823,7.085,0.001,0.001,0.609,0.609,3.438,1.17,14.20,12.2044,0.3438,1.547
594,25.000,0.006,0.006,3.516,3.516,7.110,0.001,0.001,0.760,0.760,4.283,1.17,14.00,12.0000,0.4283,1.928
595,35.000,0.006,0.006,4.940,4.940,7.085,0.002,0.002,1.065,1.065,6.013,1.17,14.20,12.2044,0.6013,2.706
596,50.000,0.006,0.006,7.129,7.129,7.014,0.006,0.006,1.523,1.523,8.665,1.17,14.80,12.8038,0.8665,3.899
597,45.000,0.006,0.006,6.523,6.523,6.899,0.005,0.005,1.374,1.374,7.907,1.18,15.76,13.7574,0.7907,3.558
598,30.000,0.006,0.006,4.444,4.444,6.750,0.001,0.001,0.919,0.919,5.370,1.18,17.00,15.0000,0.5370,2.417
599,20.000,0.006,0.006,3.041,3.041,6.576,0.001,0.001,0.614,0.614,3.662,1.18,18.45,16.4471,0.3662,1.648
600,25.000,0.006,0.006,3.912,3.912,6.390,0.001,0.001,0.771,0.771,4.690,1.19,20.00,18.0000,0.4690,2.111
601,35.000,0.006,0.006,5.642,5.642,6.204,0.002,0.002,1.084,1.084,6.734,1.19,21.55,19.5529,0.6734,3.030
602,50.000,0.006,0.006,8.292,8.292,6.030,0.006,0.006,1.554,1.554,9.859,1.20,23.00,21.0000,0.9859,4.436
603,45.000,0.006,0.006,7.652,7.652,5.881,0.005,0.005,1.404,1.404,9.067,1.20,24.24,22.2426,0.9067,4.080
604,30.000,0.006,0.006,5.202,5.202,5.766,0.001,0.001,0.939,0.939,6.149,1.20,25.20,23.1962,0.6149,2.767
605,20.000,0.006,0.006,3.512,3.512,5.695,0.001,0.001,0.627,0.627,4.146,1.21,25.80,23.7956,0.4146,1.866
606,25.000,0.006,0.006,4.409,4.409,5.670,0.001,0.001,0.784,0.784,5.200,1.21,26.00,24.0000,0.5200,2.340
607,35.000,0.006,0.006,6.146,6.146,5.695,0.002,0.002,1.097,1.097,7.252,1.21,25.80,23.7956,0.7252,3.263
608,50.000,0.006,0.006,8.671,8.671,5.766,0.006,0.006,1.565,1.565,10.248,1.20,25.20,23.1962,1.0248,4.611
609,45.000,0.006,0.006,7.652,7.652,5.881,0.005,0.005,1.404,1.404,9.067,1.20,24.24,22.2426,0.9067,4.080
610,30.000,0.006,0.006,4.975,4.975,6.030,0.001,0.001,0.933,0.933,5.915,1.20,23.00,21.0000,0.5915,2.662
611,20.000,0.006,0.006,3.224,3.224,6.204,0.001,0.001,0.619,0.619,3.850,1.19,21.55,19.5529,0.3850,1.732
612,25.000,0.006,0.006,3.912,3.912,6.390,0.001,0.001,0.771,0.771,4.690,1.19,20.00,18.0000,0.4690,2.111
613,35.000,0.006,0.006,5.322,5.322,6.576,0.002,0.002,1.075,1.075,6.406,1.18,18.45,16.4471,0.6406,2.882
614,50.000,0.006,0.006,7.407,7.407,6.750,0.006,0.006,1.531,1.531,8.951,1.18,17.00,15.0000,0.8951,4.028
615,45.000,0.006,0.006,6.523,6.523,6.899,0.005,0.005,1.374,1.374,7.907,1.18,15.76,13.7574,0.7907,3.558
616,30.000,0.006,0.006,4.277,4.277,7.014,0.001,0.001,0.914,0.914,5.199,1.17,14.80,12.8038,0.5199,2.339
617,20.000,0.006,0.006,2.823,2.823,7.085,0.001,0.001,0.609,0.609,3.438,1.17,14.20,12.2044,0.3438,1.547
618,25.000,0.006,0.006,3.516,3.516,7.110,0.001,0.001,0.760,0.760,4.283,1.17,14.00,12.0000,0.4283,1.928
619,35.000,0.006,0.006,4.940,4.940,7.085,0.002,0.002,1.065,1.065,6.013,1.17,14.20,12.2044,0.6013,2.706
620,50.000,0.006,0.006,7.129,7.129,7.014,0.006,0.006,1.523,1.523,8.665,1.17,14.80,12.8038,0.8665,3.899
621,45.000,0.006,0.006,6.523,6.523,6.899,0.005,0.005,1.374,1.374,7.907,1.18,15.76,13.7574,0.7907,3.558
622,30.000,0.006,0.006,4.444,4.444,6.750,0.001,0.001,0.919,0.919,5.370,1.18,17.00,15.0000,0.5370,2.417
623,20.000,0.006,0.006,3.041,3.041,6.576,0.001,0.001,0.614,0.614,3.662,1.18,18.45,16.4471,0.3662,1.648
624,25.000,0.006,0.006,3.912,3.912,6.390,0.001,0.001,0.771,0.771,4.690,1.19,20.00,18.0000,0.4690,2.111
625,35.000,0.006,0.006,5.642,5.642,6.204,0.002,0.002,1.084,1.084,6.734,1.19,21.55,19.5529,0.6734,3.030
626,50.000,0.006,0.006,8.292,8.292,6.030,0.006,0.006,1.554,1.554,9.859,1.20,23.00,21.0000,0.9859,4.436
627,45.000,0.006,0.006,7.652,7.652,5.881,0.005,0.005,1.404,1.404,9.067,1.20,24.24,22.2426,0.9067,4.080
628,30.000,0.006,0.006,5.202,5.202,5.766,0.001,0.001,0.939,0.939,6.149,1.20,25.20,23.1962,0.6149,2.767
629,20.000,0.006,0.006,3.512,3.512,5.695,0.001,0.001,0.627,0.627,4.146,1.21,25.80,23.7956,0.4146,1.866
630,25.000,0.006,0.006,4.409,4.409,5.670,0.001,0.001,0.784,0.784,5.200,1.21,26.00,24.0000,0.5200,2.340
631,35.000,0.006,0.006,6.146,6.146,5.695,0.002,0.002,1.097,1.097,7.252,1.21,25.80,23.7956,0.7252,3.263
632,50.000,0.006,0.006,8.671,8.671,5.766,0.006,0.006,1.565,1.565,10.248,1.20,25.20,23.1962,1.0248,4.611
633,45.000,0.006,0.006,7.652,7.652,5.881,0.005,0.005,1.404,1.404,9.067,1.20,24.24,22.2426,0.9067,4.080
634,30.000,0.006,0.006,4.975,4.975,6.030,0.001,0.001,0.933,0.933,5.915,1.20,23.00,21.0000,0.5915,2.662
635,20.000,0.006,0.006,3.224,3.224,6.204,0.001,0.001,0.619,0.619,3.850,1.19,21.55,19.5529,0.3850,1.732
636,25.000,0.006,0.006,3.912,3.912,6.390,0.001,0.001,0.771,0.771,4.690,1.19,20.00,18.0000,0.4690,2.111
637,35.000,0.006,0.006,5.322,5.322,6.576,0.002,0.002,1.075,1.075,6.406,1.18,18.45,16.4471,0.6406,2.882
638,50.000,0.006,0.006,7.407,7.407,6.750,0.006,0.006,1.531,1.531,8.951,1.18,17.00,15.0000,0.8951,4.028
639,45.000,0.006,0.006,6.523,6.523,6.899,0.005,0.005,1.374,1.374,7.907,1.18,15.76,13.7574,0.7907,3.558
640,30.000,0.006,0.006,4.277,4.277,7.014,0.001,0.001,0.914,0.914,5.199,1.17,14.80,12.8038,0.5199,2.339
641,20.000,0.006,0.006,2.823,2.823,7.085,0.001,0.001,0.609,0.609,3.438,1.17,14.20,12.2044,0.3438,1.547
642,25.000,0.006,0.006,3.516,3.516,7.110,0.001,0.001,0.760,0.760,4.283,1.17,14.00,12.0000,0.4283,1.928
643,35.000,0.006,0.006,4.940,4.940,7.085,0.002,0.002,1.065,1.065,6.013,1.17,14.20,12.2044,0.6013,2.706
644,50.000,0.006,0.006,7.129,7.129,7.014,0.006,0.006,1.523,1.523,8.665,1.17,14.80,12.8038,0.8665,3.899
645,45.000,0.006,0.006,6.523,6.523,6.899,0.005,0.005,1.374,1.374,7.907,1.18,15.76,13.7574,0.7907,3.558
646,30.000,0.006,0.006,4.444,4.444,6.750,0.001,0.001,0.919,0.919,5.370,1.18,17.00,15.0000,0.5370,2.417
647,20.000,0.006,0.006,3.041,3.041,6.576,0.001,0.001,0.614,0.614,3.662,1.18,18.45,16.4471,0.3662,1.648
648,25.000,0.006,0.006,3.912,3.912,6.390,0.001,0.001,0.771,0.771,4.690,1.19,20.00,18.0000,0.4690,2.111
649,35.000,0.006,0.006,5.642,5.642,6.204,0.002,0.002,1.084,1.084,6.734,1.19,21.55,19.5529,0.6734,3.030
650,50.000,0.006,0.006,8.292,8.292,6.030,0.006,0.006,1.554,1.554,9.859,1.20,23.00,21.0000,0.9859,4.436
651,45.000,0.006,0.006,7.652,7.652,5.881,0.005,0.005,1.404,1.404,9.067,1.20,24.24,22.2426,0.9067,4.080
652,30.000,0.006,0.006,5.202,5.202,5.766,0.001,0.001,0.939,0.939,6.149,1.20,25.20,23.1962,0.6149,2.767
653,20.000,0.006,0.006,3.512,3.512,5.695,0.001,0.001,0.627,0.627,4.146,1.21,25.80,23.7956,0.4146,1.866
654,25.000,0.006,0.006,4.409,4.409,5.670,0.001,0.001,0.784,0.784,5.200,1.21,26.00,24.0000,0.5200,2.340
655,35.000,0.006,0.006,6.146,6.146,5.695,0.002,0.002,1.097,1.097,7.252,1.21,25.80,23.7956,0.7252,3.263
656,50.000,0.006,0.006,8.671,8.671,5.766,0.006,0.006,1.565,1.565,10.248,1.20,25.20,23.1962,1.0248,4.611
657,45.000,0.006,0.006,7.652,7.652,5.881,0.005,0.005,1.404,1.404,9.067,1.20,24.24,22.2426,0.9067,4.080
658,30.000,0.006,0.006,4.975,4.975,6.030,0.001,0.001,0.933,0.933,5.915,1.20,23.00,21.0000,0.5915,2.662
659,20.000,0.006,0.006,3.224,3.224,6.204,0.001,0.001,0.619,0.619,3.850,1.19,21.55,19.5529,0.3850,1.732
660,25.000,0.006,0.006,3.912,3.912,6.390,0.001,0.001,0.771,0.771,4.690,1.19,20.00,18.0000,0.4690,2.111
661,35.000,0.006,0.006,5.322,5.322,6.576,0.002,0.002,1.075,1.075,6.406,1.18,18.45,16.4471,0.6406,2.882
662,50.000,0.006,0.006,7.407,7.407,6.750,0.006,0.006,1.531,1.531,8.951,1.18,17.00,15.0000,0.8951,4.028
663,45.000,0.006,0.006,6.523,6.523,6.899,0.005,0.005,1.374,1.374,7.907,1.18,15.76,13.7574,0.7907,3.558
664,30.000,0.006,0.006,4.277,4.277,7.014,0.001,0.001,0.914,0.914,5.199,1.17,14.80,12.8038,0.5199,2.339
665,20.000,0.006,0.006,2.823,2.823,7.085,0.001,0.001,0.609,0.609,3.438,1.17,14.20,12.2044,0.3438,1.547
666,25.000,0.006,0.006,3.516,3.516,7.110,0.001,0.001,0.760,0.760,4.283,1.17,14.00,12.0000,0.4283,1.928
667,35.000,0.006,0.006,4.940,4.940,7.085,0.002,0.002,1.065,1.065,6.013,1.17,14.20,12.2044,0.6013,2.706
668,50.000,0.006,0.006,7.129,7.129,7.014,0.006,0.006,1.523,1.523,8.665,1.17,14.80,12.8038,0.8665,3.899
669,45.000,0.006,0.006,6.523,6.523,6.899,0.005,0.005,1.374,1.374,7.907,1.18,15.76,13.7574,0.7907,3.558
670,30.000,0.006,0.006,4.444,4.444,6.750,0.001,0.001,0.919,0.919,5.370,1.18,17.00,15.0000,0.5370,2.417
671,20.000,0.006,0.006,3.041,3.041,6.576,0.001,0.001,0.614,0.614,3.662,1.18,18.45,16.4471,0.3662,1.648
672,25.000,0.006,0.006,3.912,3.912,6.390,0.001,0.001,0.771,0.771,4.690,1.19,20.00,18.0000,0.4690,2.111
673,35.000,0.006,0.006,5.642,5.642,6.204,0.002,0.002,1.084,1.084,6.734,1.19,21.55,19.5529,0.6734,3.030
674,50.000,0.006,0.006,8.292,8.292,6.030,0.006,0.006,1.554,1.554,9.859,1.20,23.00,21.0000,0.9859,4.436
675,45.000,0.006,0.006,7.652,7.652,5.881,0.005,0.005,1.404,1.404,9.067,1.20,24.24,22.2426,0.9067,4.080
676,30.000,0.006,0.006,5.202,5.202,5.766,0.001,0.001,0.939,0.939,6.149,1.20,25.20,23.1962,0.6149,2.767
677,20.000,0.006,0.006,3.512,3.512,5.695,0.001,0.001,0.627,0.627,4.146,1.21,25.80,23.7956,0.4146,1.866
678,25.000,0.006,0.006,4.409,4.409,5.670,0.001,0.001,0.784,0.784,5.200,1.21,26.00,24.0000,0.5200,2.340
679,35.000,0.006,0.006,6.146,6.146,5.695,0.002,0.002,1.097,1.097,7.252,1.21,25.80,23.7956,0.7252,3.263
680,50.000,0.006,0.006,8.671,8.671,5.766,0.006,0.006,1.565,1.565,10.248,1.20,25.20,23.1962,1.0248,4.611
681,45.000,0.006,0.006,7.652,7.652,5.881,0.005,0.005,1.404,1.404,9.067,1.20,24.24,22.2426,0.9067,4.080
682,30.000,0.006,0.006,4.975,4.975,6.030,0.001,0.001,0.933,0.933,5.915,1.20,23.00,21.0000,0.5915,2.662
683,20.000,0.006,0.006,3.224,3.224,6.204,0.001,0.001,0.619,0.619,3.850,1.19,21.55,19.5529,0.3850,1.732
684,25.000,0.006,0.006,3.912,3.912,6.390,0.001,0.001,0.771,0.771,4.690,1.19,20.00,18.0000,0.4690,2.111
685,35.000,0.006,0.006,5.322,5.322,6.576,0.002,0.002,1.075,1.075,6.406,1.18,18.45,16.4471,0.6406,2.882
686,50.000,0.006,0.006,7.407,7.407,6.750,0.006,0.006,1.531,1.531,8.951,1.18,17.00,15.0000,0.8951,4.028
687,45.000,0.006,0.006,6.523,6.523,6.899,0.005,0.005,1.374,1.374,7.907,1.18,15.76,13.7574,0.7907,3.558
688,30.000,0.006,0.006,4.277,4.277,7.014,0.001,0.001,0.914,0.914,5.199,1.17,14.80,12.8038,0.5199,2.339
689,20.000,0.006,0.006,2.823,2.823,7.085,0.001,0.001,0.609,0.609,3.438,1.17,14.20,12.2044,0.3438,1.547
690,25.000,0.006,0.006,3.516,3.516,7.110,0.001,0.001,0.760,0.760,4.283,1.17,14.00,12.0000,0.4283,1.928
691,35.000,0.006,0.006,4.940,4.940,7.085,0.002,0.002,1.065,1.065,6.013,1.17,14.20,12.2044,0.6013,2.706
692,50.000,0.006,0.006,7.129,7.129,7.014,0.006,0.006,1.523,1.523,8.665,1.17,14.80,12.8038,0.8665,3.899
693,45.000,0.006,0.006,6.523,6.523,6.899,0.005,0.005,1.374,1.374,7.907,1.18,15.76,13.7574,0.7907,3.558
694,30.000,0.006,0.006,4.444,4.444,6.750,0.001,0.001,0.919,0.919,5.370,1.18,17.00,15.0000,0.5370,2.417
695,20.000,0.006,0.006,3.041,3.041,6.576,0.001,0.001,0.614,0.614,3.662,1.18,18.45,16.4471,0.3662,1.648
696,25.000,0.006,0.006,3.912,3.912,6.390,0.001,0.001,0.771,0.771,4.690,1.19,20.00,18.0000,0.4690,2.111
697,35.000,0.006,0.006,5.642,5.642,6.204,0.002,0.002,1.084,1.084,6.734,1.19,21.55,19.5529,0.6734,3.030
698,50.000,0.006,0.006,8.292,8.292,6.030,0.006,0.006,1.554,1.554,9.859,1.20,23.00,21.0000,0.9859,4.436
699,45.000,0.006,0.006,7.652,7.652,5.881,0.005,0.005,1.404,1.404,9.067,1.20,24.24,22.2426,0.9067,4.080
700,30.000,0.006,0.006,5.202,5.202,5.766,0.001,0.001,0.939,0.939,6.149,1.20,25.20,23.1962,0.6149,2.767
701,20.000,0.006,0.006,3.512,3.512,5.695,0.001,0.001,0.627,0.627,4.146,1.21,25.80,23.7956,0.4146,1.866
702,25.000,0.006,0.006,4.409,4.409,5.670,0.001,0.001,0.784,0.784,5.200,1.21,26.00,24.0000,0.5200,2.340
703,35.000,0.006,0.006,6.146,6.146,5.695,0.002,0.002,1.097,1.097,7.252,1.21,25.80,23.7956,0.7252,3.263
704,50.000,0.006,0.006,8.671,8.671,5.766,0.006,0.006,1.565,1.565,10.248,1.20,25.20,23.1962,1.0248,4.611
705,45.000,0.006,0.006,7.652,7.652,5.881,0.005,0.005,1.404,1.404,9.067,1.20,24.24,22.2426,0.9067,4.080
706,30.000,0.006,0.006,4.975,4.975,6.030,0.001,0.001,0.933,0.933,5.915,1.20,23.00,21.0000,0.5915,2.662
707,20.000,0.006,0.006,3.224,3.224,6.204,0.001,0.001,0.619,0.619,3.850,1.19,21.55,19.5529,0.3850,1.732
708,25.000,0.006,0.006,3.912,3.912,6.390,0.001,0.001,0.771,0.771,4.690,1.19,20.00,18.0000,0.4690,2.111
709,35.000,0.006,0.006,5.322,5.322,6.576,0.002,0.002,1.075,1.075,6.406,1.18,18.45,16.4471,0.6406,2.882
710,50.000,0.006,0.006,7.407,7.407,6.750,0.006,0.006,1.531,1.531,8.951,1.18,17.00,15.0000,0.8951,4.028
711,45.000,0.006,0.006,6.523,6.523,6.899,0.005,0.005,1.374,1.374,7.907,1.18,15.76,13.7574,0.7907,3.558
712,30.000,0.006,0.006,4.277,4.277,7.014,0.001,0.001,0.914,0.914,5.199,1.17,14.80,12.8038,0.5199,2.339
713,20.000,0.006,0.006,2.823,2.823,7.085,0.001,0.001,0.609,0.609,3.438,1.17,14.20,12.2044,0.3438,1.547
714,25.000,0.006,0.006,3.516,3.516,7.110,0.001,0.001,0.760,0.760,4.283,1.17,14.00,12.0000,0.4283,1.928
715,35.000,0.006,0.006,4.940,4.940,7.085,0.002,0.002,1.065,1.065,6.013,1.17,14.20,12.2044,0.6013,2.706
716,50.000,0.006,0.006,7.129,7.129,7.014,0.006,0.006,1.523,1.523,8.665,1.17,14.80,12.8038,0.8665,3.899
717,45.000,0.006,0.006,6.523,6.523,6.899,0.005,0.005,1.374,1.374,7.907,1.18,15.76,13.7574,0.7907,3.558
718,30.000,0.006,0.006,4.444,4.444,6.750,0.001,0.001,0.919,0.919,5.370,1.18,17.00,15.0000,0.5370,2.417
719,20.000,0.006,0.006,3.041,3.041,6.576,0.001,0.001,0.614,0.614,3.662,1.18,18.45,16.4471,0.3662,1.648
720,25.000,0.006,0.006,3.912,3.912,6.390,0.001,0.001,0.771,0.771,4.690,1.19,20.00,18.0000,0.4690,2.111
721,35.000,0.006,0.006,5.642,5.642,6.204,0.002,0.002,1.084,1.084,6.734,1.19,21.55,19.5529,0.6734,3.030
722,50.000,0.006,0.006,8.292,8.292,6.030,0.006,0.006,1.554,1.554,9.859,1.20,23.00,21.0000,0.9859,4.436
723,45.000,0.006,0.006,7.652,7.652,5.881,0.005,0.005,1.404,1.404,9.067,1.20,24.24,22.2426,0.9067,4.080
724,30.000,0.006,0.006,5.202,5.202,5.766,0.001,0.001,0.939,0.939,6.149,1.20,25.20,23.1962,0.6149,2.767
725,20.000,0.006,0.006,3.512,3.512,5.695,0.001,0.001,0.627,0.627,4.146,1.21,25.80,23.7956,0.4146,1.866
726,25.000,0.006,0.006,4.409,4.409,5.670,0.001,0.001,0.784,0.784,5.200,1.21,26.00,24.0000,0.5200,2.340
727,35.000,0.006,0.006,6.146,6.146,5.695,0.002,0.002,1.097,1.097,7.252,1.21,25.80,23.7956,0.7252,3.263
728,50.000,0.006,0.006,8.671,8.671,5.766,0.006,0.006,1.565,1.565,10.248,1.20,25.20,23.1962,1.0248,4.611
729,45.000,0.006,0.006,7.652,7.652,5.881,0.005,0.005,1.404,1.404,9.067,1.20,24.24,22.2426,0.9067,4.080
730,30.000,0.006,0.006,4.975,4.975,6.030,0.001,0.001,0.933,0.933,5.915,1.20,23.00,21.0000,0.5915,2.662
731,20.000,0.006,0.006,3.224,3.224,6.204,0.001,0.001,0.619,0.619,3.850,1.19,21.55,19.5529,0.3850,1.732
732,25.000,0.006,0.006,3.912,3.912,6.390,0.001,0.001,0.771,0.771,4.690,1.19,20.00,18.0000,0.4690,2.111
733,35.000,0.006,0.006,5.322,5.322,6.576,0.002,0.002,1.075,1.075,6.406,1.18,18.45,16.4471,0.6406,2.882
734,50.000,0.006,0.006,7.407,7.407,6.750,0.006,0.006,1.531,1.531,8.951,1.18,17.00,15.0000,0.8951,4.028
735,45.000,0.006,0.006,6.523,6.523,6.899,0.005,0.005,1.374,1.374,7.907,1.18,15.76,13.7574,0.7907,3.558
736,30.000,0.006,0.006,4.277,4.277,7.014,0.001,0.001,0.914,0.914,5.199,1.17,14.80,12.8038,0.5199,2.339
737,20.000,0.006,0.006,2.823,2.823,7.085,0.001,0.001,0.609,0.609,3.438,1.17,14.20,12.2044,0.3438,1.547
738,25.000,0.006,0.006,3.516,3.516,7.110,0.001,0.001,0.760,0.760,4.283,1.17,14.00,12.0000,0.4283,1.928
739,35.000,0.006,0.006,4.940,4.940,7.085,0.002,0.002,1.065,1.065,6.013,1.17,14.20,12.2044,0.6013,2.706
740,50.000,0.006,0.006,7.129,7.129,7.014,0.006,0.006,1.523,1.523,8.665,1.17,14.80,12.8038,0.8665,3.899
741,45.000,0.006,0.006,6.523,6.523,6.899,0.005,0.005,1.374,1.374,7.907,1.18,15.76,13.7574,0.7907,3.558
742,30.000,0.006,0.006,4.444,4.444,6.750,0.001,0.001,0.919,0.919,5.370,1.18,17.00,15.0000,0.5370,2.417
743,20.000,0.006,0.006,3.041,3.041,6.576,0.001,0.001,0.614,0.614,3.662,1.18,18.45,16.4471,0.3662,1.648
744,25.000,0.006,0.006,3.912,3.912,6.390,0.001,0.001,0.771,0.771,4.690,1.19,20.00,18.0000,0.4690,2.111
745,35.000,0.006,0.006,5.642,5.642,6.204,0.002,0.002,1.084,1.084,6.734,1.19,21.55,19.5529,0.6734,3.030
746,50.000,0.006,0.006,8.292,8.292,6.030,0.006,0.006,1.554,1.554,9.859,1.20,23.00,21.0000,0.9859,4.436
747,45.000,0.006,0.006,7.652,7.652,5.881,0.005,0.005,1.404,1.404,9.067,1.20,24.24,22.2426,0.9067,4.080
748,30.000,0.006,0.006,5.202,5.202,5.766,0.001,0.001,0.939,0.939,6.149,1.20,25.20,23.1962,0.6149,2.767
749,20.000,0.006,0.006,3.512,3.512,5.695,0.001,0.001,0.627,0.627,4.146,1.21,25.80,23.7956,0.4146,1.866
750,25.000,0.006,0.006,4.409,4.409,5.670,0.001,0.001,0.784,0.784,5.200,1.21,26.00,24.0000,0.5200,2.340
751,35.000,0.006,0.006,6.146,6.146,5.695,0.002,0.002,1.097,1.097,7.252,1.21,25.80,23.7956,0.7252,3.263
752,50.000,0.006,0.006,8.671,8.671,5.766,0.006,0.006,1.565,1.565,10.248,1.20,25.20,23.1962,1.0248,4.611
753,45.000,0.006,0.006,7.652,7.652,5.881,0.005,0.005,1.404,1.404,9.067,1.20,24.24,22.2426,0.9067,4.080
754,30.000,0.006,0.006,4.975,4.975,6.030,0.001,0.001,0.933,0.933,5.915,1.20,23.00,21.0000,0.5915,2.662
755,20.000,0.006,0.006,3.224,3.224,6.204,0.001,0.001,0.619,0.619,3.850,1.19,21.55,19.5529,0.3850,1.732
756,25.000,0.006,0.006,3.912,3.912,6.390,0.001,0.001,0.771,0.771,4.690,1.19,20.00,18.0000,0.4690,2.111
757,35.000,0.006,0.006,5.322,5.322,6.576,0.002,0.002,1.075,1.075,6.406,1.18,18.45,16.4471,0.6406,2.882
758,50.000,0.006,0.006,7.407,7.407,6.750,0.006,0.006,1.531,1.531,8.951,1.18,17.00,15.0000,0.8951,4.028
759,45.000,0.006,0.006,6.523,6.523,6.899,0.005,0.005,1.374,1.374,7.907,1.18,15.76,13.7574,0.7907,3.558
760,30.000,0.006,0.006,4.277,4.277,7.014,0.001,0.001,0.914,0.914,5.199,1.17,14.80,12.8038,0.5199,2.339
761,20.000,0.006,0.006,2.823,2.823,7.085,0.001,0.001,0.609,0.609,3.438,1.17,14.20,12.2044,0.3438,1.547
762,25.000,0.006,0.006,3.516,3.516,7.110,0.001,0.001,0.760,0.760,4.283,1.17,14.00,12.0000,0.4283,1.928
763,35.000,0.006,0.006,4.940,4.940,7.085,0.002,0.002,1.065,1.065,6.013,1.17,14.20,12.2044,0.6013,2.706
764,50.000,0.006,0.006,7.129,7.129,7.014,0.006,0.006,1.523,1.523,8.665,1.17,14.80,12.8038,0.8665,3.899
765,45.000,0.006,0.006,6.523,6.523,6.899,0.005,0.005,1.374,1.374,7.907,1.18,15.76,13.7574,0.7907,3.558
766,30.000,0.006,0.006,4.444,4.444,6.750,0.001,0.001,0.919,0.919,5.370,1.18,17.00,15.0000,0.5370,2.417
767,20.000,0.006,0.006,3.041,3.041,6.576,0.001,0.001,0.614,0.614,3.662,1.18,18.45,16.4471,0.3662,1.648
768,25.000,0.006,0.006,3.912,3.912,6.390,0.001,0.001,0.771,0.771,4.690,1.19,20.00,18.0000,0.4690,2.111
769,35.000,0.006,0.006,5.642,5.642,6.204,0.002,0.002,1.084,1.084,6.734,1.19,21.55,19.5529,0.6734,3.030
770,50.000,0.006,0.006,8.292,8.292,6.030,0.006,0.006,1.554,1.554,9.859,1.20,23.00,21.0000,0.9859,4.436
771,45.000,0.006,0.006,7.652,7.652,5.881,0.005,0.005,1.404,1.404,9.067,1.20,24.24,22.2426,0.9067,4.080
772,30.000,0.006,0.006,5.202,5.202,5.766,0.001,0.001,0.939,0.939,6.149,1.20,25.20,23.1962,0.6149,2.767
773,20.000,0.006,0.006,3.512,3.512,5.695,0.001,0.001,0.627,0.627,4.146,1.21,25.80,23.7956,0.4146,1.866
774,25.000,0.006,0.006,4.409,4.409,5.670,0.001,0.001,0.784,0.784,5.200,1.21,26.00,24.0000,0.5200,2.340
775,35.000,0.006,0.006,6.146,6.146,5.695,0.002,0.002,1.097,1.097,7.252,1.21,25.80,23.7956,0.7252,3.263
776,50.000,0.006,0.006,8.671,8.671,5.766,0.006,0.006,1.565,1.565,10.248,1.20,25.20,23.1962,1.0248,4.611
777,45.000,0.006,0.006,7.652,7.652,5.881,0.005,0.005,1.404,1.404,9.067,1.20,24.24,22.2426,0.9067,4.080
778,30.000,0.006,0.006,4.975,4.975,6.030,0.001,0.001,0.933,0.933,5.915,1.20,23.00,21.0000,0.5915,2.662
779,20.000,0.006,0.006,3.224,3.224,6.204,0.001,0.001,0.619,0.619,3.850,1.19,21.55,19.5529,0.3850,1.732
780,25.000,0.006,0.006,3.912,3.912,6.390,0.001,0.001,0.771,0.771,4.690,1.19,20.00,18.0000,0.4690,2.111
781,35.000,0.006,0.006,5.322,5.322,6.576,0.002,0.002,1.075,1.075,6.406,1.18,18.45,16.4471,0.6406,2.882
782,50.000,0.006,0.006,7.407,7.407,6.750,0.006,0.006,1.531,1.531,8.951,1.18,17.00,15.0000,0.8951,4.028
783,45.000,0.006,0.006,6.523,6.523,6.899,0.005,0.005,1.374,1.374,7.907,1.18,15.76,13.7574,0.7907,3.558
784,30.000,0.006,0.006,4.277,4.277,7.014,0.001,0.001,0.914,0.914,5.199,1.17,14.80,12.8038,0.5199,2.339
785,20.000,0.006,0.006,2.823,2.823,7.085,0.001,0.001,0.609,0.609,3.438,1.17,14.20,12.2044,0.3438,1.547
786,25.000,0.006,0.006,3.516,3.516,7.110,0.001,0.001,0.760,0.760,4.283,1.17,14.00,12.0000,0.4283,1.928
787,35.000,0.006,0.006,4.940,4.940,7.085,0.002,0.002,1.065,1.065,6.013,1.17,14.20,12.2044,0.6013,2.706
788,50.000,0.006,0.006,7.129,7.129,7.014,0.006,0.006,1.523,1.523,8.665,1.17,14.80,12.8038,0.8665,3.899
789,45.000,0.006,0.006,6.523,6.523,6.899,0.005,0.005,1.374,1.374,7.907,1.18,15.76,13.7574,0.7907,3.558
790,30.000,0.006,0.006,4.444,4.444,6.750,0.001,0.001,0.919,0.919,5.370,1.18,17.00,15.0000,0.5370,2.417
791,20.000,0.006,0.006,3.041,3.041,6.576,0.001,0.001,0.614,0.614,3.662,1.18,18.45,16.4471,0.3662,1.648
792,25.000,0.006,0.006,3.912,3.912,6.390,0.001,0.001,0.771,0.771,4.690,1.19,20.00,18.0000,0.4690,2.111
793,35.000,0.006,0.006,5.642,5.642,6.204,0.002,0.002,1.084,1.084,6.734,1.19,21.55,19.5529,0.6734,3.030
794,50.000,0.006,0.006,8.292,8.292,6.030,0.006,0.006,1.554,1.554,9.859,1.20,23.00,21.0000,0.9859,4.436
795,45.000,0.006,0.006,7.652,7.652,5.881,0.005,0.005,1.404,1.404,9.067,1.20,24.24,22.2426,0.9067,4.080
796,30.000,0.006,0.006,5.202,5.202,5.766,0.001,0.001,0.939,0.939,6.149,1.20,25.20,23.1962,0.6149,2.767
797,20.000,0.006,0.006,3.512,3.512,5.695,0.001,0.001,0.627,0.627,4.146,1.21,25.80,23.7956,0.4146,1.866
798,25.000,0.006,0.006,4.409,4.409,5.670,0.001,0.001,0.784,0.784,5.200,1.21,26.00,24.0000,0.5200,2.340
799,35.000,0.006,0.006,6.146,6.146,5.695,0.002,0.002,1.097,1.097,7.252,1.21,25.80,23.7956,0.7252,3.263
800,50.000,0.006,0.006,8.671,8.671,5.766,0.006,0.006,1.565,1.565,10.248,1.20,25.20,23.1962,1.0248,4.611
801,45.000,0.006,0.006,7.652,7.652,5.881,0.005,0.005,1.404,1.404,9.067,1.20,24.24,22.2426,0.9067,4.080
802,30.000,0.006,0.006,4.975,4.975,6.030,0.001,0.001,0.933,0.933,5.915,1.20,23.00,21.0000,0.5915,2.662
803,20.000,0.006,0.006,3.224,3.224,6.204,0.001,0.001,0.619,0.619,3.850,1.19,21.55,19.5529,0.3850,1.732
804,25.000,0.006,0.006,3.912,3.912,6.390,0.001,0.001,0.771,0.771,4.690,1.19,20.00,18.0000,0.4690,2.111
805,35.000,0.006,0.006,5.322,5.322,6.576,0.002,0.002,1.075,1.075,6.406,1.18,18.45,16.4471,0.6406,2.882
806,50.000,0.006,0.006,7.407,7.407,6.750,0.006,0.006,1.531,1.531,8.951,1.18,17.00,15.0000,0.8951,4.028
807,45.000,0.006,0.006,6.523,6.523,6.899,0.005,0.005,1.374,1.374,7.907,1.18,15.76,13.7574,0.7907,3.558
808,30.000,0.006,0.006,4.277,4.277,7.014,0.001,0.001,0.914,0.914,5.199,1.17,14.80,12.8038,0.5199,2.339
809,20.000,0.006,0.006,2.823,2.823,7.085,0.001,0.001,0.609,0.609,3.438,1.17,14.20,12.2044,0.3438,1.547
810,25.000,0.006,0.006,3.516,3.516,7.110,0.001,0.001,0.760,0.760,4.283,1.17,14.00,12.0000,0.4283,1.928
811,35.000,0.006,0.006,4.940,4.940,7.085,0.002,0.002,1.065,1.065,6.013,1.17,14.20,12.2044,0.6013,2.706
812,50.000,0.006,0.006,7.129,7.129,7.014,0.006,0.006,1.523,1.523,8.665,1.17,14.80,12.8038,0.8665,3.899
813,45.000,0.006,0.006,6.523,6.523,6.899,0.005,0.005,1.374,1.374,7.907,1.18,15.76,13.7574,0.7907,3.558
814,30.000,0.006,0.006,4.444,4.444,6.750,0.001,0.001,0.919,0.919,5.370,1.18,17.00,15.0000,0.5370,2.417
815,20.000,0.006,0.006,3.041,3.041,6.576,0.001,0.001,0.614,0.614,3.662,1.18,18.45,16.4471,0.3662,1.648
816,25.000,0.006,0.006,3.912,3.912,6.390,0.001,0.001,0.771,0.771,4.690,1.19,20.00,18.0000,0.4690,2.111
817,35.000,0.006,0.006,5.642,5.642,6.204,0.002,0.002,1.084,1.084,6.734,1.19,21.55,19.5529,0.6734,3.030
818,50.000,0.006,0.006,8.292,8.292,6.030,0.006,0.006,1.554,1.554,9.859,1.20,23.00,21.0000,0.9859,4.436
819,45.000,0.006,0.006,7.652,7.652,5.881,0.005,0.005,1.404,1.404,9.067,1.20,24.24,22.2426,0.9067,4.080
820,30.000,0.006,0.006,5.202,5.202,5.766,0.001,0.001,0.939,0.939,6.149,1.20,25.20,23.1962,0.6149,2.767
821,20.000,0.006,0.006,3.512,3.512,5.695,0.001,0.001,0.627,0.627,4.146,1.21,25.80,23.7956,0.4146,1.866
822,25.000,0.006,0.006,4.409,4.409,5.670,0.001,0.001,0.784,0.784,5.200,1.21,26.00,24.0000,0.5200,2.340
823,35.000,0.006,0.006,6.146,6.146,5.695,0.002,0.002,1.097,1.097,7.252,1.21,25.80,23.7956,0.7252,3.263
824,50.000,0.006,0.006,8.671,8.671,5.766,0.006,0.006,1.565,1.565,10.248,1.20,25.20,23.1962,1.0248,4.611
825,45.000,0.006,0.006,7.652,7.652,5.881,0.005,0.005,1.404,1.404,9.067,1.20,24.24,22.2426,0.9067,4.080
826,30.000,0.006,0.006,4.975,4.975,6.030,0.001,0.001,0.933,0.933,5.915,1.20,23.00,21.0000,0.5915,2.662
827,20.000,0.006,0.006,3.224,3.224,6.204,0.001,0.001,0.619,0.619,3.850,1.19,21.55,19.5529,0.3850,1.732
828,25.000,0.006,0.006,3.912,3.912,6.390,0.001,0.001,0.771,0.771,4.690,1.19,20.00,18.0000,0.4690,2.111
829,35.000,0.006,0.006,5.322,5.322,6.576,0.002,0.002,1.075,1.075,6.406,1.18,18.45,16.4471,0.6406,2.882
830,50.000,0.006,0.006,7.407,7.407,6.750,0.006,0.006,1.531,1.531,8.951,1.18,17.00,15.0000,0.8951,4.028
831,45.000,0.006,0.006,6.523,6.523,6.899,0.005,0.005,1.374,1.374,7.907,1.18,15.76,13.7574,0.7907,3.558
832,30.000,0.006,0.006,4.277,4.277,7.014,0.001,0.001,0.914,0.914,5.199,1.17,14.80,12.8038,0.5199,2.339
833,20.000,0.006,0.006,2.823,2.823,7.085,0.001,0.001,0.609,0.609,3.438,1.17,14.20,12.2044,0.3438,1.547
834,25.000,0.006,0.006,3.516,3.516,7.110,0.001,0.001,0.760,0.760,4.283,1.17,14.00,12.0000,0.4283,1.928
835,35.000,0.006,0.006,4.940,4.940,7.085,0.002,0.002,1.065,1.065,6.013,1.17,14.20,12.2044,0.6013,2.706
836,50.000,0.006,0.006,7.129,7.129,7.014,0.006,0.006,1.523,1.523,8.665,1.17,14.80,12.8038,0.8665,3.899
837,45.000,0.006,0.006,6.523,6.523,6.899,0.005,0.005,1.374,1.374,7.907,1.18,15.76,13.7574,0.7907,3.558
838,30.000,0.006,0.006,4.444,4.444,6.750,0.001,0.001,0.919,0.919,5.370,1.18,17.00,15.0000,0.5370,2.417
839,20.000,0.006,0.006,3.041,3.041,6.576,0.001,0.001,0.614,0.614,3.662,1.18,18.45,16.4471,0.3662,1.648
840,25.000,0.006,0.006,3.912,3.912,6.390,0.001,0.001,0.771,0.771,4.690,1.19,20.00,18.0000,0.4690,2.111
841,35.000,0.006,0.006,5.642,5.642,6.204,0.002,0.002,1.084,1.084,6.734,1.19,21.55,19.5529,0.6734,3.030
842,50.000,0.006,0.006,8.292,8.292,6.030,0.006,0.006,1.554,1.554,9.859,1.20,23.00,21.0000,0.9859,4.436
843,45.000,0.006,0.006,7.652,7.652,5.881,0.005,0.005,1.404,1.404,9.067,1.20,24.24,22.2426,0.9067,4.080
844,30.000,0.006,0.006,5.202,5.202,5.766,0.001,0.001,0.939,0.939,6.149,1.20,25.20,23.1962,0.6149,2.767
845,20.000,0.006,0.006,3.512,3.512,5.695,0.001,0.001,0.627,0.627,4.146,1.21,25.80,23.7956,0.4146,1.866
846,25.000,0.006,0.006,4.409,4.409,5.670,0.001,0.001,0.784,0.784,5.200,1.21,26.00,24.0000,0.5200,2.340
847,35.000,0.006,0.006,6.146,6.146,5.695,0.002,0.002,1.097,1.097,7.252,1.21,25.80,23.7956,0.7252,3.263
848,50.000,0.006,0.006,8.671,8.671,5.766,0.006,0.006,1.565,1.565,10.248,1.20,25.20,23.1962,1.0248,4.611
849,45.000,0.006,0.006,7.652,7.652,5.881,0.005,0.005,1.404,1.404,9.067,1.20,24.24,22.2426,0.9067,4.080
850,30.000,0.006,0.006,4.975,4.975,6.030,0.001,0.001,0.933,0.933,5.915,1.20,23.00,21.0000,0.5915,2.662
851,20.000,0.006,0.006,3.224,3.224,6.204,0.001,0.001,0.619,0.619,3.850,1.19,21.55,19.5529,0.3850,1.732
852,25.000,0.006,0.006,3.912,3.912,6.390,0.001,0.001,0.771,0.771,4.690,1.19,20.00,18.0000,0.4690,2.111
853,35.000,0.006,0.006,5.322,5.322,6.576,0.002,0.002,1.075,1.075,6.406,1.18,18.45,16.4471,0.6406,2.882
854,50.000,0.006,0.006,7.407,7.407,6.750,0.006,0.006,1.531,1.531,8.951,1.18,17.00,15.0000,0.8951,4.028
855,45.000,0.006,0.006,6.523,6.523,6.899,0.005,0.005,1.374,1.374,7.907,1.18,15.76,13.7574,0.7907,3.558
856,30.000,0.006,0.006,4.277,4.277,7.014,0.001,0.001,0.914,0.914,5.199,1.17,14.80,12.8038,0.5199,2.339
857,20.000,0.006,0.006,2.823,2.823,7.085,0.001,0.001,0.609,0.609,3.438,1.17,14.20,12.2044,0.3438,1.547
858,25.000,0.006,0.006,3.516,3.516,7.110,0.001,0.001,0.760,0.760,4.283,1.17,14.00,12.0000,0.4283,1.928
859,35.000,0.006,0.006,4.940,4.940,7.085,0.002,0.002,1.065,1.065,6.013,1.17,14.20,12.2044,0.6013,2.706
860,50.000,0.006,0.006,7.129,7.129,7.014,0.006,0.006,1.523,1.523,8.665,1.17,14.80,12.8038,0.8665,3.899
861,45.000,0.006,0.006,6.523,6.523,6.899,0.005,0.005,1.374,1.374,7.907,1.18,15.76,13.7574,0.7907,3.558
862,30.000,0.006,0.006,4.444,4.444,6.750,0.001,0.001,0.919,0.919,5.370,1.18,17.00,15.0000,0.5370,2.417
863,20.000,0.006,0.006,3.041,3.041,6.576,0.001,0.001,0.614,0.614,3.662,1.18,18.45,16.4471,0.3662,1.648
864,25.000,0.006,0.006,3.912,3.912,6.390,0.001,0.001,0.771,0.771,4.690,1.19,20.00,18.0000,0.4690,2.111
865,35.000,0.006,0.006,5.642,5.642,6.204,0.002,0.002,1.084,1.084,6.734,1.19,21.55,19.5529,0.6734,3.030
866,50.000,0.006,0.006,8.292,8.292,6.030,0.006,0.006,1.554,1.554,9.859,1.20,23.00,21.0000,0.9859,4.436
867,45.000,0.006,0.006,7.652,7.652,5.881,0.005,0.005,1.404,1.404,9.067,1.20,24.24,22.2426,0.9067,4.080
868,30.000,0.006,0.006,5.202,5.202,5.766,0.001,0.001,0.939,0.939,6.149,1.20,25.20,23.1962,0.6149,2.767
869,20.000,0.006,0.006,3.512,3.512,5.695,0.001,0.001,0.627,0.627,4.146,1.21,25.80,23.7956,0.4146,1.866
870,25.000,0.006,0.006,4.409,4.409,5.670,0.001,0.001,0.784,0.784,5.200,1.21,26.00,24.0000,0.5200,2.340
871,35.000,0.006,0.006,6.146,6.146,5.695,0.002,0.002,1.097,1.097,7.252,1.21,25.80,23.7956,0.7252,3.263
872,50.000,0.006,0.006,8.671,8.671,5.766,0.006,0.006,1.565,1.565,10.248,1.20,25.20,23.1962,1.0248,4.611
873,45.000,0.006,0.006,7.652,7.652,5.881,0.005,0.005,1.404,1.404,9.067,1.20,24.24,22.2426,0.9067,4.080
874,30.000,0.006,0.006,4.975,4.975,6.030,0.001,0.001,0.933,0.933,5.915,1.20,23.00,21.0000,0.5915,2.662
875,20.000,0.006,0.006,3.224,3.224,6.204,0.001,0.001,0.619,0.619,3.850,1.19,21.55,19.5529,0.3850,1.732
876,25.000,0.006,0.006,3.912,3.912,6.390,0.001,0.001,0.771,0.771,4.690,1.19,20.00,18.0000,0.4690,2.111
877,35.000,0.006,0.006,5.322,5.322,6.576,0.002,0.002,1.075,1.075,6.406,1.18,18.45,16.4471,0.6406,2.882
878,50.000,0.006,0.006,7.407,7.407,6.750,0.006,0.006,1.531,1.531,8.951,1.18,17.00,15.0000,0.8951,4.028
879,45.000,0.006,0.006,6.523,6.523,6.899,0.005,0.005,1.374,1.374,7.907,1.18,15.76,13.7574,0.7907,3.558
880,30.000,0.006,0.006,4.277,4.277,7.014,0.001,0.001,0.914,0.914,5.199,1.17,14.80,12.8038,0.5199,2.339
881,20.000,0.006,0.006,2.823,2.823,7.085,0.001,0.001,0.609,0.609,3.438,1.17,14.20,12.2044,0.3438,1.547
882,25.000,0.006,0.006,3.516,3.516,7.110,0.001,0.001,0.760,0.760,4.283,1.17,14.00,12.0000,0.4283,1.928
883,35.000,0.006,0.006,4.940,4.940,7.085,0.002,0.002,1.065,1.065,6.013,1.17,14.20,12.2044,0.6013,2.706
884,50.000,0.006,0.006,7.129,7.129,7.014,0.006,0.006,1.523,1.523,8.665,1.17,14.80,12.8038,0.8665,3.899
885,45.000,0.006,0.006,6.523,6.523,6.899,0.005,0.005,1.374,1.374,7.907,1.18,15.76,13.7574,0.7907,3.558
886,30.000,0.006,0.006,4.444,4.444,6.750,0.001,0.001,0.919,0.919,5.370,1.18,17.00,15.0000,0.5370,2.417
887,20.000,0.006,0.006,3.041,3.041,6.576,0.001,0.001,0.614,0.614,3.662,1.18,18.45,16.4471,0.3662,1.648
888,25.000,0.006,0.006,3.912,3.912,6.390,0.001,0.001,0.771,0.771,4.690,1.19,20.00,18.0000,0.4690,2.111
889,35.000,0.006,0.006,5.642,5.642,6.204,0.002,0.002,1.084,1.084,6.734,1.19,21.55,19.5529,0.6734,3.030
890,50.000,0.006,0.006,8.292,8.292,6.030,0.006,0.006,1.554,1.554,9.859,1.20,23.00,21.0000,0.9859,4.436
891,45.000,0.006,0.006,7.652,7.652,5.881,0.005,0.005,1.404,1.404,9.067,1.20,24.24,22.2426,0.9067,4.080
892,30.000,0.006,0.006,5.202,5.202,5.766,0.001,0.001,0.939,0.939,6.149,1.20,25.20,23.1962,0.6149,2.767
893,20.000,0.006,0.006,3.512,3.512,5.695,0.001,0.001,0.627,0.627,4.146,1.21,25.80,23.7956,0.4146,1.866
894,25.000,0.006,0.006,4.409,4.409,5.670,0.001,0.001,0.784,0.784,5.200,1.21,26.00,24.0000,0.5200,2.340
895,35.000,0.006,0.006,6.146,6.146,5.695,0.002,0.002,1.097,1.097,7.252,1.21,25.80,23.7956,0.7252,3.263
896,50.000,0.006,0.006,8.671,8.671,5.766,0.006,0.006,1.565,1.565,10.248,1.20,25.20,23.1962,1.0248,4.611
897,45.000,0.006,0.006,7.652,7.652,5.881,0.005,0.005,1.404,1.404,9.067,1.20,24.24,22.2426,0.9067,4.080
898,30.000,0.006,0.006,4.975,4.975,6.030,0.001,0.001,0.933,0.933,5.915,1.20,23.00,21.0000,0.5915,2.662
899,20.000,0.006,0.006,3.224,3.224,6.204,0.001,0.001,0.619,0.619,3.850,1.19,21.55,19.5529,0.3850,1.732
900,25.000,0.006,0.006,3.912,3.912,6.390,0.001,0.001,0.771,0.771,4.690,1.19,20.00,18.0000,0.4690,2.111
901,35.000,0.006,0.006,5.322,5.322,6.576,0.002,0.002,1.075,1.075,6.406,1.18,18.45,16.4471,0.6406,2.882
902,50.000,0.006,0.006,7.407,7.407,6.750,0.006,0.006,1.531,1.531,8.951,1.18,17.00,15.0000,0.8951,4.028
903,45.000,0.006,0.006,6.523,6.523,6.899,0.005,0.005,1.374,1.374,7.907,1.18,15.76,13.7574,0.7907,3.558
904,30.000,0.006,0.006,4.277,4.277,7.014,0.001,0.001,0.914,0.914,5.199,1.17,14.80,12.8038,0.5199,2.339
905,20.000,0.006,0.006,2.823,2.823,7.085,0.001,0.001,0.609,0.609,3.438,1.17,14.20,12.2044,0.3438,1.547
906,25.000,0.006,0.006,3.516,3.516,7.110,0.001,0.001,0.760,0.760,4.283,1.17,14.00,12.0000,0.4283,1.928
907,35.000,0.006,0.006,4.940,4.940,7.085,0.002,0.002,1.065,1.065,6.013,1.17,14.20,12.2044,0.6013,2.706
908,50.000,0.006,0.006,7.129,7.129,7.014,0.006,0.006,1.523,1.523,8.665,1.17,14.80,12.8038,0.8665,3.899
909,45.000,0.006,0.006,6.523,6.523,6.899,0.005,0.005,1.374,1.374,7.907,1.18,15.76,13.7574,0.7907,3.558
910,30.000,0.006,0.006,4.444,4.444,6.750,0.001,0.001,0.919,0.919,5.370,1.18,17.00,15.0000,0.5370,2.417
911,20.000,0.006,0.006,3.041,3.041,6.576,0.001,0.001,0.614,0.614,3.662,1.18,18.45,16.4471,0.3662,1.648
912,25.000,0.006,0.006,3.912,3.912,6.390,0.001,0.001,0.771,0.771,4.690,1.19,20.00,18.0000,0.4690,2.111
913,35.000,0.006,0.006,5.642,5.642,6.204,0.002,0.002,1.084,1.084,6.734,1.19,21.55,19.5529,0.6734,3.030
914,50.000,0.006,0.006,8.292,8.292,6.030,0.006,0.006,1.554,1.554,9.859,1.20,23.00,21.0000,0.9859,4.436
915,45.000,0.006,0.006,7.652,7.652,5.881,0.005,0.005,1.404,1.404,9.067,1.20,24.24,22.2426,0.9067,4.080
916,30.000,0.006,0.006,5.202,5.202,5.766,0.001,0.001,0.939,0.939,6.149,1.20,25.20,23.1962,0.6149,2.767
917,20.000,0.006,0.006,3.512,3.512,5.695,0.001,0.001,0.627,0.627,4.146,1.21,25.80,23.7956,0.4146,1.866
918,25.000,0.006,0.006,4.409,4.409,5.670,0.001,0.001,0.784,0.784,5.200,1.21,26.00,24.0000,0.5200,2.340
919,35.000,0.006,0.006,6.146,6.146,5.695,0.002,0.002,1.097,1.097,7.252,1.21,25.80,23.7956,0.7252,3.263
920,50.000,0.006,0.006,8.671,8.671,5.766,0.006,0.006,1.565,1.565,10.248,1.20,25.20,23.1962,1.0248,4.611
921,45.000,0.006,0.006,7.652,7.652,5.881,0.005,0.005,1.404,1.404,9.067,1.20,24.24,22.2426,0.9067,4.080
922,30.000,0.006,0.006,4.975,4.975,6.030,0.001,0.001,0.933,0.933,5.915,1.20,23.00,21.0000,0.5915,2.662
923,20.000,0.006,0.006,3.224,3.224,6.204,0.001,0.001,0.619,0.619,3.850,1.19,21.55,19.5529,0.3850,1.732
924,25.000,0.006,0.006,3.912,3.912,6.390,0.001,0.001,0.771,0.771,4.690,1.19,20.00,18.0000,0.4690,2.111
925,35.000,0.006,0.006,5.322,5.322,6.576,0.002,0.002,1.075,1.075,6.406,1.18,18.45,16.4471,0.6406,2.882
926,50.000,0.006,0.006,7.407,7.407,6.750,0.006,0.006,1.531,1.531,8.951,1.18,17.00,15.0000,0.8951,4.028
927,45.000,0.006,0.006,6.523,6.523,6.899,0.005,0.005,1.374,1.374,7.907,1.18,15.76,13.7574,0.7907,3.558
928,30.000,0.006,0.006,4.277,4.277,7.014,0.001,0.001,0.914,0.914,5.199,1.17,14.80,12.8038,0.5199,2.339
929,20.000,0.006,0.006,2.823,2.823,7.085,0.001,0.001,0.609,0.609,3.438,1.17,14.20,12.2044,0.3438,1.547
930,25.000,0.006,0.006,3.516,3.516,7.110,0.001,0.001,0.760,0.760,4.283,1.17,14.00,12.0000,0.4283,1.928
931,35.000,0.006,0.006,4.940,4.940,7.085,0.002,0.002,1.065,1.065,6.013,1.17,14.20,12.2044,0.6013,2.706
932,50.000,0.006,0.006,7.129,7.129,7.014,0.006,0.006,1.523,1.523,8.665,1.17,14.80,12.8038,0.8665,3.899
933,45.000,0.006,0.006,6.523,6.523,6.899,0.005,0.005,1.374,1.374,7.907,1.18,15.76,13.7574,0.7907,3.558
934,30.000,0.006,0.006,4.444,4.444,6.750,0.001,0.001,0.919,0.919,5.370,1.18,17.00,15.0000,0.5370,2.417
935,20.000,0.006,0.006,3.041,3.041,6.576,0.001,0.001,0.614,0.614,3.662,1.18,18.45,16.4471,0.3662,1.648
936,25.000,0.006,0.006,3.912,3.912,6.390,0.001,0.001,0.771,0.771,4.690,1.19,20.00,18.0000,0.4690,2.111
937,35.000,0.006,0.006,5.642,5.642,6.204,0.002,0.002,1.084,1.084,6.734,1.19,21.55,19.5529,0.6734,3.030
938,50.000,0.006,0.006,8.292,8.292,6.030,0.006,0.006,1.554,1.554,9.859,1.20,23.00,21.0000,0.9859,4.436
939,45.000,0.006,0.006,7.652,7.652,5.881,0.005,0.005,1.404,1.404,9.067,1.20,24.24,22.2426,0.9067,4.080
940,30.000,0.006,0.006,5.202,5.202,5.766,0.001,0.001,0.939,0.939,6.149,1.20,25.20,23.1962,0.6149,2.767
941,20.000,0.006,0.006,3.512,3.512,5.695,0.001,0.001,0.627,0.627,4.146,1.21,25.80,23.7956,0.4146,1.866
942,25.000,0.006,0.006,4.409,4.409,5.670,0.001,0.001,0.784,0.784,5.200,1.21,26.00,24.0000,0.5200,2.340
943,35.000,0.006,0.006,6.146,6.146,5.695,0.002,0.002,1.097,1.097,7.252,1.21,25.80,23.7956,0.7252,3.263
944,50.000,0.006,0.006,8.671,8.671,5.766,0.006,0.006,1.565,1.565,10.248,1.20,25.20,23.1962,1.0248,4.611
945,45.000,0.006,0.006,7.652,7.652,5.881,0.005,0.005,1.404,1.404,9.067,1.20,24.24,22.2426,0.9067,4.080
946,30.000,0.006,0.006,4.975,4.975,6.030,0.001,0.001,0.933,0.933,5.915,1.20,23.00,21.0000,0.5915,2.662
947,20.000,0.006,0.006,3.224,3.224,6.204,0.001,0.001,0.619,0.619,3.850,1.19,21.55,19.5529,0.3850,1.732
948,25.000,0.006,0.006,3.912,3.912,6.390,0.001,0.001,0.771,0.771,4.690,1.19,20.00,18.0000,0.4690,2.111
949,35.000,0.006,0.006,5.322,5.322,6.576,0.002,0.002,1.075,1.075,6.406,1.18,18.45,16.4471,0.6406,2.882
950,50.000,0.006,0.006,7.407,7.407,6.750,0.006,0.006,1.531,1.531,8.951,1.18,17.00,15.0000,0.8951,4.028
951,45.000,0.006,0.006,6.523,6.523,6.899,0.005,0.005,1.374,1.374,7.907,1.18,15.76,13.7574,0.7907,3.558
952,30.000,0.006,0.006,4.277,4.277,7.014,0.001,0.001,0.914,0.914,5.199,1.17,14.80,12.8038,0.5199,2.339
953,20.000,0.006,0.006,2.823,2.823,7.085,0.001,0.001,0.609,0.609,3.438,1.17,14.20,12.2044,0.3438,1.547
954,25.000,0.006,0.006,3.516,3.516,7.110,0.001,0.001,0.760,0.760,4.283,1.17,14.00,12.0000,0.4283,1.928
955,35.000,0.006,0.006,4.940,4.940,7.085,0.002,0.002,1.065,1.065,6.013,1.17,14.20,12.2044,0.6013,2.706
956,50.000,0.006,0.006,7.129,7.129,7.014,0.006,0.006,1.523,1.523,8.665,1.17,14.80,12.8038,0.8665,3.899
957,45.000,0.006,0.006,6.523,6.523,6.899,0.005,0.005,1.374,1.374,7.907,1.18,15.76,13.7574,0.7907,3.558
958,30.000,0.006,0.006,4.444,4.444,6.750,0.001,0.001,0.919,0.919,5.370,1.18,17.00,15.0000,0.5370,2.417
959,20.000,0.006,0.006,3.041,3.041,6.576,0.001,0.001,0.614,0.614,3.662,1.18,18.45,16.4471,0.3662,1.648
960,25.000,0.006,0.006,3.912,3.912,6.390,0.001,0.001,0.771,0.771,4.690,1.19,20.00,18.0000,0.4690,2.111
961,35.000,0.006,0.006,5.642,5.642,6.204,0.002,0.002,1.084,1.084,6.734,1.19,21.55,19.5529,0.6734,3.030
962,50.000,0.006,0.006,8.292,8.292,6.030,0.006,0.006,1.554,1.554,9.859,1.20,23.00,21.0000,0.9859,4.436
963,45.000,0.006,0.006,7.652,7.652,5.881,0.005,0.005,1.404,1.404,9.067,1.20,24.24,22.2426,0.9067,4.080
964,30.000,0.006,0.006,5.202,5.202,5.766,0.001,0.001,0.939,0.939,6.149,1.20,25.20,23.1962,0.6149,2.767
965,20.000,0.006,0.006,3.512,3.512,5.695,0.001,0.001,0.627,0.627,4.146,1.21,25.80,23.7956,0.4146,1.866
966,25.000,0.006,0.006,4.409,4.409,5.670,0.001,0.001,0.784,0.784,5.200,1.21,26.00,24.0000,0.5200,2.340
967,35.000,0.006,0.006,6.146,6.146,5.695,0.002,0.002,1.097,1.097,7.252,1.21,25.80,23.7956,0.7252,3.263
968,50.000,0.006,0.006,8.671,8.671,5.766,0.006,0.006,1.565,1.565,10.248,1.20,25.20,23.1962,1.0248,4.611
969,45.000,0.006,0.006,7.652,7.652,5.881,0.005,0.005,1.404,1.404,9.067,1.20,24.24,22.2426,0.9067,4.080
970,30.000,0.006,0.006,4.975,4.975,6.030,0.001,0.001,0.933,0.933,5.915,1.20,23.00,21.0000,0.5915,2.662
971,20.000,0.006,0.006,3.224,3.224,6.204,0.001,0.001,0.619,0.619,3.850,1.19,21.55,19.5529,0.3850,1.732
972,25.000,0.006,0.006,3.912,3.912,6.390,0.001,0.001,0.771,0.771,4.690,1.19,20.00,18.0000,0.4690,2.111
973,35.000,0.006,0.006,5.322,5.322,6.576,0.002,0.002,1.075,1.075,6.406,1.18,18.45,16.4471,0.6406,2.882
974,50.000,0.006,0.006,7.407,7.407,6.750,0.006,0.006,1.531,1.531,8.951,1.18,17.00,15.0000,0.8951,4.028
975,45.000,0.006,0.006,6.523,6.523,6.899,0.005,0.005,1.374,1.374,7.907,1.18,15.76,13.7574,0.7907,3.558
976,30.000,0.006,0.006,4.277,4.277,7.014,0.001,0.001,0.914,0.914,5.199,1.17,14.80,12.8038,0.5199,2.339
977,20.000,0.006,0.006,2.823,2.823,7.085,0.001,0.001,0.609,0.609,3.438,1.17,14.20,12.2044,0.3438,1.547
978,25.000,0.006,0.006,3.516,3.516,7.110,0.001,0.001,0.760,0.760,4.283,1.17,14.00,12.0000,0.4283,1.928
979,35.000,0.006,0.006,4.940,4.940,7.085,0.002,0.002,1.065,1.065,6.013,1.17,14.20,12.2044,0.6013,2.706
980,50.000,0.006,0.006,7.129,7.129,7.014,0.006,0.006,1.523,1.523,8.665,1.17,14.80,12.8038,0.8665,3.899
981,45.000,0.006,0.006,6.523,6.523,6.899,0.005,0.005,1.374,1.374,7.907,1.18,15.76,13.7574,0.7907,3.558
982,30.000,0.006,0.006,4.444,4.444,6.750,0.001,0.001,0.919,0.919,5.370,1.18,17.00,15.0000,0.5370,2.417
983,20.000,0.006,0.006,3.041,3.041,6.576,0.001,0.001,0.614,0.614,3.662,1.18,18.45,16.4471,0.3662,1.648
984,25.000,0.006,0.006,3.912,3.912,6.390,0.001,0.001,0.771,0.771,4.690,1.19,20.00,18.0000,0.4690,2.111
985,35.000,0.006,0.006,5.642,5.642,6.204,0.002,0.002,1.084,1.084,6.734,1.19,21.55,19.5529,0.6734,3.030
986,50.000,0.006,0.006,8.292,8.292,6.030,0.006,0.006,1.554,1.554,9.859,1.20,23.00,21.0000,0.9859,4.436
987,45.000,0.006,0.006,7.652,7.652,5.881,0.005,0.005,1.404,1.404,9.067,1.20,24.24,22.2426,0.9067,4.080
988,30.000,0.006,0.006,5.202,5.202,5.766,0.001,0.001,0.939,0.939,6.149,1.20,25.20,23.1962,0.6149,2.767
989,20.000,0.006,0.006,3.512,3.512,5.695,0.001,0.001,0.627,0.627,4.146,1.21,25.80,23.7956,0.4146,1.866
990,25.000,0.006,0.006,4.409,4.409,5.670,0.001,0.001,0.784,0.784,5.200,1.21,26.00,24.0000,0.5200,2.340
991,35.000,0.006,0.006,6.146,6.146,5.695,0.002,0.002,1.097,1.097,7.252,1.21,25.80,23.7956,0.7252,3.263
992,50.000,0.006,0.006,8.671,8.671,5.766,0.006,0.006,1.565,1.565,10.248,1.20,25.20,23.1962,1.0248,4.611
993,45.000,0.006,0.006,7.652,7.652,5.881,0.005,0.005,1.404,1.404,9.067,1.20,24.24,22.2426,0.9067,4.080
994,30.000,0.006,0.006,4.975,4.975,6.030,0.001,0.001,0.933,0.933,5.915,1.20,23.00,21.0000,0.5915,2.662
995,20.000,0.006,0.006,3.224,3.224,6.204,0.001,0.001,0.619,0.619,3.850,1.19,21.55,19.5529,0.3850,1.732
996,25.000,0.006,0.006,3.912,3.912,6.390,0.001,0.001,0.771,0.771,4.690,1.19,20.00,18.0000,0.4690,2.111
997,35.000,0.006,0.006,5.322,5.322,6.576,0.002,0.002,1.075,1.075,6.406,1.18,18.45,16.4471,0.6406,2.882
998,50.000,0.006,0.006,7.407,7.407,6.750,0.006,0.006,1.531,1.531,8.951,1.18,17.00,15.0000,0.8951,4.028
999,45.000,0.006,0.006,6.523,6.523,6.899,0.005,0.005,1.374,1.374,7.907,1.18,15.76,13.7574,0.7907,3.558
1000,30.000,0.006,0.006,4.277,4.277,7.014,0.001,0.001,0.914,0.914,5.199,1.17,14.80,12.8038,0.5199,2.339
1001,20.000,0.006,0.006,2.823,2.823,7.085,0.001,0.001,0.609,0.609,3.438,1.17,14.20,12.2044,0.3438,1.547
1002,25.000,0.006,0.006,3.516,3.516,7.110,0.001,0.001,0.760,0.760,4.283,1.17,14.00,12.0000,0.4283,1.928
1003,35.000,0.006,0.006,4.940,4.940,7.085,0.002,0.002,1.065,1.065,6.013,1.17,14.20,12.2044,0.6013,2.706
1004,50.000,0.006,0.006,7.129,7.129,7.014,0.006,0.006,1.523,1.523,8.665,1.17,14.80,12.8038,0.8665,3.899
1005,45.000,0.006,0.006,6.523,6.523,6.899,0.005,0.005,1.374,1.374,7.907,1.18,15.76,13.7574,0.7907,3.558
1006,30.000,0.006,0.006,4.444,4.444,6.750,0.001,0.001,0.919,0.919,5.370,1.18,17.00,15.0000,0.5370,2.417
1007,20.000,0.006,0.006,3.041,3.041,6.576,0.001,0.001,0.614,0.614,3.662,1.18,18.45,16.4471,0.3662,1.648
1008,25.000,0.006,0.006,3.912,3.912,6.390,0.001,0.001,0.771,0.771,4.690,1.19,20.00,18.0000,0.4690,2.111
1009,35.000,0.006,0.006,5.642,5.642,6.204,0.002,0.002,1.084,1.084,6.734,1.19,21.55,19.5529,0.6734,3.030
1010,50.000,0.006,0.006,8.292,8.292,6.030,0.006,0.006,1.554,1.554,9.859,1.20,23.00,21.0000,0.9859,4.436
1011,45.000,0.006,0.006,7.652,7.652,5.881,0.005,0.005,1.404,1.404,9.067,1.20,24.24,22.2426,0.9067,4.080
1012,30.000,0.006,0.006,5.202,5.202,5.766,0.001,0.001,0.939,0.939,6.149,1.20,25.20,23.1962,0.6149,2.767
1013,20.000,0.006,0.006,3.512,3.512,5.695,0.001,0.001,0.627,0.627,4.146,1.21,25.80,23.7956,0.4146,1.866
1014,25.000,0.006,0.006,4.409,4.409,5.670,0.001,0.001,0.784,0.784,5.200,1.21,26.00,24.0000,0.5200,2.340
1015,35.000,0.006,0.006,6.146,6.146,5.695,0.002,0.002,1.097,1.097,7.252,1.21,25.80,23.7956,0.7252,3.263
1016,50.000,0.006,0.006,8.671,8.671,5.766,0.006,0.006,1.565,1.565,10.248,1.20,25.20,23.1962,1.0248,4.611
1017,45.000,0.006,0.006,7.652,7.652,5.881,0.005,0.005,1.404,1.404,9.067,1.20,24.24,22.2426,0.9067,4.080
1018,30.000,0.006,0.006,4.975,4.975,6.030,0.001,0.001,0.933,0.933,5.915,1.20,23.00,21.0000,0.5915,2.662
1019,20.000,0.006,0.006,3.224,3.224,6.204,0.001,0.001,0.619,0.619,3.850,1.19,21.55,19.5529,0.3850,1.732
1020,25.000,0.006,0.006,3.912,3.912,6.390,0.001,0.001,0.771,0.771,4.690,1.19,20.00,18.0000,0.4690,2.111
1021,35.000,0.006,0.006,5.322,5.322,6.576,0.002,0.002,1.075,1.075,6.406,1.18,18.45,16.4471,0.6406,2.882
1022,50.000,0.006,0.006,7.407,7.407,6.750,0.006,0.006,1.531,1.531,8.951,1.18,17.00,15.0000,0.8951,4.028
1023,45.000,0.006,0.006,6.523,6.523,6.899,0.005,0.005,1.374,1.374,7.907,1.18,15.76,13.7574,0.7907,3.558
1024,30.000,0.006,0.006,4.277,4.277,7.014,0.001,0.001,0.914,0.914,5.199,1.17,14.80,12.8038,0.5199,2.339
1025,20.000,0.006,0.006,2.823,2.823,7.085,0.001,0.001,0.609,0.609,3.438,1.17,14.20,12.2044,0.3438,1.547
1026,25.000,0.006,0.006,3.516,3.516,7.110,0.001,0.001,0.760,0.760,4.283,1.17,14.00,12.0000,0.4283,1.928
1027,35.000,0.006,0.006,4.940,4.940,7.085,0.002,0.002,1.065,1.065,6.013,1.17,14.20,12.2044,0.6013,2.706
1028,50.000,0.006,0.006,7.129,7.129,7.014,0.006,0.006,1.523,1.523,8.665,1.17,14.80,12.8038,0.8665,3.899
1029,45.000,0.006,0.006,6.523,6.523,6.899,0.005,0.005,1.374,1.374,7.907,1.18,15.76,13.7574,0.7907,3.558
1030,30.000,0.006,0.006,4.444,4.444,6.750,0.001,0.001,0.919,0.919,5.370,1.18,17.00,15.0000,0.5370,2.417
1031,20.000,0.006,0.006,3.041,3.041,6.576,0.001,0.001,0.614,0.614,3.662,1.18,18.45,16.4471,0.3662,1.648
1032,25.000,0.006,0.006,3.912,3.912,6.390,0.001,0.001,0.771,0.771,4.690,1.19,20.00,18.0000,0.4690,2.111
1033,35.000,0.006,0.006,5.642,5.642,6.204,0.002,0.002,1.084,1.084,6.734,1.19,21.55,19.5529,0.6734,3.030
1034,50.000,0.006,0.006,8.292,8.292,6.030,0.006,0.006,1.554,1.554,9.859,1.20,23.00,21.0000,0.9859,4.436
1035,45.000,0.006,0.006,7.652,7.652,5.881,0.005,0.005,1.404,1.404,9.067,1.20,24.24,22.2426,0.9067,4.080
1036,30.000,0.006,0.006,5.202,5.202,5.766,0.001,0.001,0.939,0.939,6.149,1.20,25.20,23.1962,0.6149,2.767
1037,20.000,0.006,0.006,3.512,3.512,5.695,0.001,0.001,0.627,0.627,4.146,1.21,25.80,23.7956,0.4146,1.866
1038,25.000,0.006,0.006,4.409,4.409,5.670,0.001,0.001,0.784,0.784,5.200,1.21,26.00,24.0000,0.5200,2.340
1039,35.000,0.006,0.006,6.146,6.146,5.695,0.002,0.002,1.097,1.097,7.252,1.21,25.80,23.7956,0.7252,3.263
1040,50.000,0.006,0.006,8.671,8.671,5.766,0.006,0.006,1.565,1.565,10.248,1.20,25.20,23.1962,1.0248,4.611
1041,45.000,0.006,0.006,7.652,7.652,5.881,0.005,0.005,1.404,1.404,9.067,1.20,24.24,22.2426,0.9067,4.080
1042,30.000,0.006,0.006,4.975,4.975,6.030,0.001,0.001,0.933,0.933,5.915,1.20,23.00,21.0000,0.5915,2.662
1043,20.000,0.006,0.006,3.224,3.224,6.204,0.001,0.001,0.619,0.619,3.850,1.19,21.55,19.5529,0.3850,1.732
1044,25.000,0.006,0.006,3.912,3.912,6.390,0.001,0.001,0.771,0.771,4.690,1.19,20.00,18.0000,0.4690,2.111
1045,35.000,0.006,0.006,5.322,5.322,6.576,0.002,0.002,1.075,1.075,6.406,1.18,18.45,16.4471,0.6406,2.882
1046,50.000,0.006,0.006,7.407,7.407,6.750,0.006,0.006,1.531,1.531,8.951,1.18,17.00,15.0000,0.8951,4.028
1047,45.000,0.006,0.006,6.523,6.523,6.899,0.005,0.005,1.374,1.374,7.907,1.18,15.76,13.7574,0.7907,3.558
1048,30.000,0.006,0.006,4.277,4.277,7.014,0.001,0.001,0.914,0.914,5.199,1.17,14.80,12.8038,0.5199,2.339
1049,20.000,0.006,0.006,2.823,2.823,7.085,0.001,0.001,0.609,0.609,3.438,1.17,14.20,12.2044,0.3438,1.547
1050,25.000,0.006,0.006,3.516,3.516,7.110,0.001,0.001,0.760,0.760,4.283,1.17,14.00,12.0000,0.4283,1.928
1051,35.000,0.006,0.006,4.940,4.940,7.085,0.002,0.002,1.065,1.065,6.013,1.17,14.20,12.2044,0.6013,2.706
1052,50.000,0.006,0.006,7.129,7.129,7.014,0.006,0.006,1.523,1.523,8.665,1.17,14.80,12.8038,0.8665,3.899
1053,45.000,0.006,0.006,6.523,6.523,6.899,0.005,0.005,1.374,1.374,7.907,1.18,15.76,13.7574,0.7907,3.558
1054,30.000,0.006,0.006,4.444,4.444,6.750,0.001,0.001,0.919,0.919,5.370,1.18,17.00,15.0000,0.5370,2.417
1055,20.000,0.006,0.006,3.041,3.041,6.576,0.001,0.001,0.614,0.614,3.662,1.18,18.45,16.4471,0.3662,1.648
1056,25.000,0.006,0.006,3.912,3.912,6.390,0.001,0.001,0.771,0.771,4.690,1.19,20.00,18.0000,0.4690,2.111
1057,35.000,0.006,0.006,5.642,5.642,6.204,0.002,0.002,1.084,1.084,6.734,1.19,21.55,19.5529,0.6734,3.030
1058,50.000,0.006,0.006,8.292,8.292,6.030,0.006,0.006,1.554,1.554,9.859,1.20,23.00,21.0000,0.9859,4.436
1059,45.000,0.006,0.006,7.652,7.652,5.881,0.005,0.005,1.404,1.404,9.067,1.20,24.24,22.2426,0.9067,4.080
1060,30.000,0.006,0.006,5.202,5.202,5.766,0.001,0.001,0.939,0.939,6.149,1.20,25.20,23.1962,0.6149,2.767
1061,20.000,0.006,0.006,3.512,3.512,5.695,0.001,0.001,0.627,0.627,4.146,1.21,25.80,23.7956,0.4146,1.866
1062,25.000,0.006,0.006,4.409,4.409,5.670,0.001,0.001,0.784,0.784,5.200,1.21,26.00,24.0000,0.5200,2.340
1063,35.000,0.006,0.006,6.146,6.146,5.695,0.002,0.002,1.097,1.097,7.252,1.21,25.80,23.7956,0.7252,3.263
1064,50.000,0.006,0.006,8.671,8.671,5.766,0.006,0.006,1.565,1.565,10.248,1.20,25.20,23.1962,1.0248,4.611
1065,45.000,0.006,0.006,7.652,7.652,5.881,0.005,0.005,1.404,1.404,9.067,1.20,24.24,22.2426,0.9067,4.080
1066,30.000,0.006,0.006,4.975,4.975,6.030,0.001,0.001,0.933,0.933,5.915,1.20,23.00,21.0000,0.5915,2.662
1067,20.000,0.006,0.006,3.224,3.224,6.204,0.001,0.001,0.619,0.619,3.850,1.19,21.55,19.5529,0.3850,1.732
1068,25.000,0.006,0.006,3.912,3.912,6.390,0.001,0.001,0.771,0.771,4.690,1.19,20.00,18.0000,0.4690,2.111
1069,35.000,0.006,0.006,5.322,5.322,6.576,0.002,0.002,1.075,1.075,6.406,1.18,18.45,16.4471,0.6406,2.882
1070,50.000,0.006,0.006,7.407,7.407,6.750,0.006,0.006,1.531,1.531,8.951,1.18,17.00,15.0000,0.8951,4.028
1071,45.000,0.006,0.006,6.523,6.523,6.899,0.005,0.005,1.374,1.374,7.907,1.18,15.76,13.7574,0.7907,3.558
1072,30.000,0.006,0.006,4.277,4.277,7.014,0.001,0.001,0.914,0.914,5.199,1.17,14.80,12.8038,0.5199,2.339
1073,20.000,0.006,0.006,2.823,2.823,7.085,0.001,0.001,0.609,0.609,3.438,1.17,14.20,12.2044,0.3438,1.547
1074,25.000,0.006,0.006,3.516,3.516,7.110,0.001,0.001,0.760,0.760,4.283,1.17,14.00,12.0000,0.4283,1.928
1075,35.000,0.006,0.006,4.940,4.940,7.085,0.002,0.002,1.065,1.065,6.013,1.17,14.20,12.2044,0.6013,2.706
1076,50.000,0.006,0.006,7.129,7.129,7.014,0.006,0.006,1.523,1.523,8.665,1.17,14.80,12.8038,0.8665,3.899
1077,45.000,0.006,0.006,6.523,6.523,6.899,0.005,0.005,1.374,1.374,7.907,1.18,15.76,13.7574,0.7907,3.558
1078,30.000,0.006,0.006,4.444,4.444,6.750,0.001,0.001,0.919,0.919,5.370,1.18,17.00,15.0000,0.5370,2.417
1079,20.000,0.006,0.006,3.041,3.041,6.576,0.001,0.001,0.614,0.614,3.662,1.18,18.45,16.4471,0.3662,1.648
1080,25.000,0.006,0.006,3.912,3.912,6.390,0.001,0.001,0.771,0.771,4.690,1.19,20.00,18.0000,0.4690,2.111
1081,35.000,0.006,0.006,5.642,5.642,6.204,0.002,0.002,1.084,1.084,6.734,1.19,21.55,19.5529,0.6734,3.030
1082,50.000,0.006,0.006,8.292,8.292,6.030,0.006,0.006,1.554,1.554,9.859,1.20,23.00,21.0000,0.9859,4.436
1083,45.000,0.006,0.006,7.652,7.652,5.881,0.005,0.005,1.404,1.404,9.067,1.20,24.24,22.2426,0.9067,4.080
1084,30.000,0.006,0.006,5.202,5.202,5.766,0.001,0.001,0.939,0.939,6.149,1.20,25.20,23.1962,0.6149,2.767
1085,20.000,0.006,0.006,3.512,3.512,5.695,0.001,0.001,0.627,0.627,4.146,1.21,25.80,23.7956,0.4146,1.866
1086,25.000,0.006,0.006,4.409,4.409,5.670,0.001,0.001,0.784,0.784,5.200,1.21,26.00,24.0000,0.5200,2.340
1087,35.000,0.006,0.006,6.146,6.146,5.695,0.002,0.002,1.097,1.097,7.252,1.21,25.80,23.7956,0.7252,3.263
1088,50.000,0.006,0.006,8.671,8.671,5.766,0.006,0.006,1.565,1.565,10.248,1.20,25.20,23.1962,1.0248,4.611
1089,45.000,0.006,0.006,7.652,7.652,5.881,0.005,0.005,1.404,1.404,9.067,1.20,24.24,22.2426,0.9067,4.080
1090,30.000,0.006,0.006,4.975,4.975,6.030,0.001,0.001,0.933,0.933,5.915,1.20,23.00,21.0000,0.5915,2.662
1091,20.000,0.006,0.006,3.224,3.224,6.204,0.001,0.001,0.619,0.619,3.850,1.19,21.55,19.5529,0.3850,1.732
1092,25.000,0.006,0.006,3.912,3.912,6.390,0.001,0.001,0.771,0.771,4.690,1.19,20.00,18.0000,0.4690,2.111
1093,35.000,0.006,0.006,5.322,5.322,6.576,0.002,0.002,1.075,1.075,6.406,1.18,18.45,16.4471,0.6406,2.882
1094,50.000,0.006,0.006,7.407,7.407,6.750,0.006,0.006,1.531,1.531,8.951,1.18,17.00,15.0000,0.8951,4.028
1095,45.000,0.006,0.006,6.523,6.523,6.899,0.005,0.005,1.374,1.374,7.907,1.18,15.76,13.7574,0.7907,3.558
1096,30.000,0.006,0.006,4.277,4.277,7.014,0.001,0.001,0.914,0.914,5.199,1.17,14.80,12.8038,0.5199,2.339
1097,20.000,0.006,0.006,2.823,2.823,7.085,0.001,0.001,0.609,0.609,3.438,1.17,14.20,12.2044,0.3438,1.547
1098,25.000,0.006,0.006,3.516,3.516,7.110,0.001,0.001,0.760,0.760,4.283,1.17,14.00,12.0000,0.4283,1.928
1099,35.000,0.006,0.006,4.940,4.940,7.085,0.002,0.002,1.065,1.065,6.013,1.17,14.20,12.2044,0.6013,2.706
1100,50.000,0.006,0.006,7.129,7.129,7.014,0.006,0.006,1.523,1.523,8.665,1.17,14.80,12.8038,0.8665,3.899
1101,45.000,0.006,0.006,6.523,6.523,6.899,0.005,0.005,1.374,1.374,7.907,1.18,15.76,13.7574,0.7907,3.558
1102,30.000,0.006,0.006,4.444,4.444,6.750,0.001,0.001,0.919,0.919,5.370,1.18,17.00,15.0000,0.5370,2.417
1103,20.000,0.006,0.006,3.041,3.041,6.576,0.001,0.001,0.614,0.614,3.662,1.18,18.45,16.4471,0.3662,1.648
1104,25.000,0.006,0.006,3.912,3.912,6.390,0.001,0.001,0.771,0.771,4.690,1.19,20.00,18.0000,0.4690,2.111
1105,35.000,0.006,0.006,5.642,5.642,6.204,0.002,0.002,1.084,1.084,6.734,1.19,21.55,19.5529,0.6734,3.030
1106,50.000,0.006,0.006,8.292,8.292,6.030,0.006,0.006,1.554,1.554,9.859,1.20,23.00,21.0000,0.9859,4.436
1107,45.000,0.006,0.006,7.652,7.652,5.881,0.005,0.005,1.404,1.404,9.067,1.20,24.24,22.2426,0.9067,4.080
1108,30.000,0.006,0.006,5.202,5.202,5.766,0.001,0.001,0.939,0.939,6.149,1.20,25.20,23.1962,0.6149,2.767
1109,20.000,0.006,0.006,3.512,3.512,5.695,0.001,0.001,0.627,0.627,4.146,1.21,25.80,23.7956,0.4146,1.866
1110,25.000,0.006,0.006,4.409,4.409,5.670,0.001,0.001,0.784,0.784,5.200,1.21,26.00,24.0000,0.5200,2.340
1111,35.000,0.006,0.006,6.146,6.146,5.695,0.002,0.002,1.097,1.097,7.252,1.21,25.80,23.7956,0.7252,3.263
1112,50.000,0.006,0.006,8.671,8.671,5.766,0.006,0.006,1.565,1.565,10.248,1.20,25.20,23.1962,1.0248,4.611
1113,45.000,0.006,0.006,7.652,7.652,5.881,0.005,0.005,1.404,1.404,9.067,1.20,24.24,22.2426,0.9067,4.080
1114,30.000,0.006,0.006,4.975,4.975,6.030,0.001,0.001,0.933,0.933,5.915,1.20,23.00,21.0000,0.5915,2.662
1115,20.000,0.006,0.006,3.224,3.224,6.204,0.001,0.001,0.619,0.619,3.850,1.19,21.55,19.5529,0.3850,1.732
1116,25.000,0.006,0.006,3.912,3.912,6.390,0.001,0.001,0.771,0.771,4.690,1.19,20.00,18.0000,0.4690,2.111
1117,35.000,0.006,0.006,5.322,5.322,6.576,0.002,0.002,1.075,1.075,6.406,1.18,18.45,16.4471,0.6406,2.882
1118,50.000,0.006,0.006,7.407,7.407,6.750,0.006,0.006,1.531,1.531,8.951,1.18,17.00,15.0000,0.8951,4.028
1119,45.000,0.006,0.006,6.523,6.523,6.899,0.005,0.005,1.374,1.374,7.907,1.18,15.76,13.7574,0.7907,3.558
1120,30.000,0.006,0.006,4.277,4.277,7.014,0.001,0.001,0.914,0.914,5.199,1.17,14.80,12.8038,0.5199,2.339
1121,20.000,0.006,0.006,2.823,2.823,7.085,0.001,0.001,0.609,0.609,3.438,1.17,14.20,12.2044,0.3438,1.547
1122,25.000,0.006,0.006,3.516,3.516,7.110,0.001,0.001,0.760,0.760,4.283,1.17,14.00,12.0000,0.4283,1.928
1123,35.000,0.006,0.006,4.940,4.940,7.085,0.002,0.002,1.065,1.065,6.013,1.17,14.20,12.2044,0.6013,2.706
1124,50.000,0.006,0.006,7.129,7.129,7.014,0.006,0.006,1.523,1.523,8.665,1.17,14.80,12.8038,0.8665,3.899
1125,45.000,0.006,0.006,6.523,6.523,6.899,0.005,0.005,1.374,1.374,7.907,1.18,15.76,13.7574,0.7907,3.558
1126,30.000,0.006,0.006,4.444,4.444,6.750,0.001,0.001,0.919,0.919,5.370,1.18,17.00,15.0000,0.5370,2.417
1127,20.000,0.006,0.006,3.041,3.041,6.576,0.001,0.001,0.614,0.614,3.662,1.18,18.45,16.4471,0.3662,1.648
1128,25.000,0.006,0.006,3.912,3.912,6.390,0.001,0.001,0.771,0.771,4.690,1.19,20.00,18.0000,0.4690,2.111
1129,35.000,0.006,0.006,5.642,5.642,6.204,0.002,0.002,1.084,1.084,6.734,1.19,21.55,19.5529,0.6734,3.030
1130,50.000,0.006,0.006,8.292,8.292,6.030,0.006,0.006,1.554,1.554,9.859,1.20,23.00,21.0000,0.9859,4.436
1131,45.000,0.006,0.006,7.652,7.652,5.881,0.005,0.005,1.404,1.404,9.067,1.20,24.24,22.2426,0.9067,4.080
1132,30.000,0.006,0.006,5.202,5.202,5.766,0.001,0.001,0.939,0.939,6.149,1.20,25.20,23.1962,0.6149,2.767
1133,20.000,0.006,0.006,3.512,3.512,5.695,0.001,0.001,0.627,0.627,4.146,1.21,25.80,23.7956,0.4146,1.866
1134,25.000,0.006,0.006,4.409,4.409,5.670,0.001,0.001,0.784,0.784,5.200,1.21,26.00,24.0000,0.5200,2.340
1135,35.000,0.006,0.006,6.146,6.146,5.695,0.002,0.002,1.097,1.097,7.252,1.21,25.80,23.7956,0.7252,3.263
1136,50.000,0.006,0.006,8.671,8.671,5.766,0.006,0.006,1.565,1.565,10.248,1.20,25.20,23.1962,1.0248,4.611
1137,45.000,0.006,0.006,7.652,7.652,5.881,0.005,0.005,1.404,1.404,9.067,1.20,24.24,22.2426,0.9067,4.080
1138,30.000,0.006,0.006,4.975,4.975,6.030,0.001,0.001,0.933,0.933,5.915,1.20,23.00,21.0000,0.5915,2.662
1139,20.000,0.006,0.006,3.224,3.224,6.204,0.001,0.001,0.619,0.619,3.850,1.19,21.55,19.5529,0.3850,1.732
1140,25.000,0.006,0.006,3.912,3.912,6.390,0.001,0.001,0.771,0.771,4.690,1.19,20.00,18.0000,0.4690,2.111
1141,35.000,0.006,0.006,5.322,5.322,6.576,0.002,0.002,1.075,1.075,6.406,1.18,18.45,16.4471,0.6406,2.882
1142,50.000,0.006,0.006,7.407,7.407,6.750,0.006,0.006,1.531,1.531,8.951,1.18,17.00,15.0000,0.8951,4.028
1143,45.000,0.006,0.006,6.523,6.523,6.899,0.005,0.005,1.374,1.374,7.907,1.18,15.76,13.7574,0.7907,3.558
1144,30.000,0.006,0.006,4.277,4.277,7.014,0.001,0.001,0.914,0.914,5.199,1.17,14.80,12.8038,0.5199,2.339
1145,20.000,0.006,0.006,2.823,2.823,7.085,0.001,0.001,0.609,0.609,3.438,1.17,14.20,12.2044,0.3438,1.547
1146,25.000,0.006,0.006,3.516,3.516,7.110,0.001,0.001,0.760,0.760,4.283,1.17,14.00,12.0000,0.4283,1.928
1147,35.000,0.006,0.006,4.940,4.940,7.085,0.002,0.002,1.065,1.065,6.013,1.17,14.20,12.2044,0.6013,2.706
1148,50.000,0.006,0.006,7.129,7.129,7.014,0.006,0.006,1.523,1.523,8.665,1.17,14.80,12.8038,0.8665,3.899
1149,45.000,0.006,0.006,6.523,6.523,6.899,0.005,0.005,1.374,1.374,7.907,1.18,15.76,13.7574,0.7907,3.558
1150,30.000,0.006,0.006,4.444,4.444,6.750,0.001,0.001,0.919,0.919,5.370,1.18,17.00,15.0000,0.5370,2.417
1151,20.000,0.006,0.006,3.041,3.041,6.576,0.001,0.001,0.614,0.614,3.662,1.18,18.45,16.4471,0.3662,1.648
1152,25.000,0.006,0.006,3.912,3.912,6.390,0.001,0.001,0.771,0.771,4.690,1.19,20.00,18.0000,0.4690,2.111
1153,35.000,0.006,0.006,5.642,5.642,6.204,0.002,0.002,1.084,1.084,6.734,1.19,21.55,19.5529,0.6734,3.030
1154,50.000,0.006,0.006,8.292,8.292,6.030,0.006,0.006,1.554,1.554,9.859,1.20,23.00,21.0000,0.9859,4.436
1155,45.000,0.006,0.006,7.652,7.652,5.881,0.005,0.005,1.404,1.404,9.067,1.20,24.24,22.2426,0.9067,4.080
1156,30.000,0.006,0.006,5.202,5.202,5.766,0.001,0.001,0.939,0.939,6.149,1.20,25.20,23.1962,0.6149,2.767
1157,20.000,0.006,0.006,3.512,3.512,5.695,0.001,0.001,0.627,0.627,4.146,1.21,25.80,23.7956,0.4146,1.866
1158,25.000,0.006,0.006,4.409,4.409,5.670,0.001,0.001,0.784,0.784,5.200,1.21,26.00,24.0000,0.5200,2.340
1159,35.000,0.006,0.006,6.146,6.146,5.695,0.002,0.002,1.097,1.097,7.252,1.21,25.80,23.7956,0.7252,3.263
1160,50.000,0.006,0.006,8.671,8.671,5.766,0.006,0.006,1.565,1.565,10.248,1.20,25.20,23.1962,1.0248,4.611
1161,45.000,0.006,0.006,7.652,7.652,5.881,0.005,0.005,1.404,1.404,9.067,1.20,24.24,22.2426,0.9067,4.080
1162,30.000,0.006,0.006,4.975,4.975,6.030,0.001,0.001,0.933,0.933,5.915,1.20,23.00,21.0000,0.5915,2.662
1163,20.000,0.006,0.006,3.224,3.224,6.204,0.001,0.001,0.619,0.619,3.850,1.19,21.55,19.5529,0.3850,1.732
1164,25.000,0.006,0.006,3.912,3.912,6.390,0.001,0.001,0.771,0.771,4.690,1.19,20.00,18.0000,0.4690,2.111
1165,35.000,0.006,0.006,5.322,5.322,6.576,0.002,0.002,1.075,1.075,6.406,1.18,18.45,16.4471,0.6406,2.882
1166,50.000,0.006,0.006,7.407,7.407,6.750,0.006,0.006,1.531,1.531,8.951,1.18,17.00,15.0000,0.8951,4.028
1167,45.000,0.006,0.006,6.523,6.523,6.899,0.005,0.005,1.374,1.374,7.907,1.18,15.76,13.7574,0.7907,3.558
1168,30.000,0.006,0.006,4.277,4.277,7.014,0.001,0.001,0.914,0.914,5.199,1.17,14.80,12.8038,0.5199,2.339
1169,20.000,0.006,0.006,2.823,2.823,7.085,0.001,0.001,0.609,0.609,3.438,1.17,14.20,12.2044,0.3438,1.547
1170,25.000,0.006,0.006,3.516,3.516,7.110,0.001,0.001,0.760,0.760,4.283,1.17,14.00,12.0000,0.4283,1.928
1171,35.000,0.006,0.006,4.940,4.940,7.085,0.002,0.002,1.065,1.065,6.013,1.17,14.20,12.2044,0.6013,2.706
1172,50.000,0.006,0.006,7.129,7.129,7.014,0.006,0.006,1.523,1.523,8.665,1.17,14.80,12.8038,0.8665,3.899
1173,45.000,0.006,0.006,6.523,6.523,6.899,0.005,0.005,1.374,1.374,7.907,1.18,15.76,13.7574,0.7907,3.558
1174,30.000,0.006,0.006,4.444,4.444,6.750,0.001,0.001,0.919,0.919,5.370,1.18,17.00,15.0000,0.5370,2.417
1175,20.000,0.006,0.006,3.041,3.041,6.576,0.001,0.001,0.614,0.614,3.662,1.18,18.45,16.4471,0.3662,1.648
1176,25.000,0.006,0.006,3.912,3.912,6.390,0.001,0.001,0.771,0.771,4.690,1.19,20.00,18.0000,0.4690,2.111
1177,35.000,0.006,0.006,5.642,5.642,6.204,0.002,0.002,1.084,1.084,6.734,1.19,21.55,19.5529,0.6734,3.030
1178,50.000,0.006,0.006,8.292,8.292,6.030,0.006,0.006,1.554,1.554,9.859,1.20,23.00,21.0000,0.9859,4.436
1179,45.000,0.006,0.006,7.652,7.652,5.881,0.005,0.005,1.404,1.404,9.067,1.20,24.24,22.2426,0.9067,4.080
1180,30.000,0.006,0.006,5.202,5.202,5.766,0.001,0.001,0.939,0.939,6.149,1.20,25.20,23.1962,0.6149,2.767
1181,20.000,0.006,0.006,3.512,3.512,5.695,0.001,0.001,0.627,0.627,4.146,1.21,25.80,23.7956,0.4146,1.866
1182,25.000,0.006,0.006,4.409,4.409,5.670,0.001,0.001,0.784,0.784,5.200,1.21,26.00,24.0000,0.5200,2.340
1183,35.000,0.006,0.006,6.146,6.146,5.695,0.002,0.002,1.097,1.097,7.252,1.21,25.80,23.7956,0.7252,3.263
1184,50.000,0.006,0.006,8.671,8.671,5.766,0.006,0.006,1.565,1.565,10.248,1.20,25.20,23.1962,1.0248,4.611
1185,45.000,0.006,0.006,7.652,7.652,5.881,0.005,0.005,1.404,1.404,9.067,1.20,24.24,22.2426,0.9067,4.080
1186,30.000,0.006,0.006,4.975,4.975,6.030,0.001,0.001,0.933,0.933,5.915,1.20,23.00,21.0000,0.5915,2.662
1187,20.000,0.006,0.006,3.224,3.224,6.204,0.001,0.001,0.619,0.619,3.850,1.19,21.55,19.5529,0.3850,1.732
1188,25.000,0.006,0.006,3.912,3.912,6.390,0.001,0.001,0.771,0.771,4.690,1.19,20.00,18.0000,0.4690,2.111
1189,35.000,0.006,0.006,5.322,5.322,6.576,0.002,0.002,1.075,1.075,6.406,1.18,18.45,16.4471,0.6406,2.882
1190,50.000,0.006,0.006,7.407,7.407,6.750,0.006,0.006,1.531,1.531,8.951,1.18,17.00,15.0000,0.8951,4.028
1191,45.000,0.006,0.006,6.523,6.523,6.899,0.005,0.005,1.374,1.374,7.907,1.18,15.76,13.7574,0.7907,3.558
1192,30.000,0.006,0.006,4.277,4.277,7.014,0.001,0.001,0.914,0.914,5.199,1.17,14.80,12.8038,0.5199,2.339
1193,20.000,0.006,0.006,2.823,2.823,7.085,0.001,0.001,0.609,0.609,3.438,1.17,14.20,12.2044,0.3438,1.547
1194,25.000,0.006,0.006,3.516,3.516,7.110,0.001,0.001,0.760,0.760,4.283,1.17,14.00,12.0000,0.4283,1.928
1195,35.000,0.006,0.006,4.940,4.940,7.085,0.002,0.002,1.065,1.065,6.013,1.17,14.20,12.2044,0.6013,2.706
1196,50.000,0.006,0.006,7.129,7.129,7.014,0.006,0.006,1.523,1.523,8.665,1.17,14.80,12.8038,0.8665,3.899
1197,45.000,0.006,0.006,6.523,6.523,6.899,0.005,0.005,1.374,1.374,7.907,1.18,15.76,13.7574,0.7907,3.558
1198,30.000,0.006,0.006,4.444,4.444,6.750,0.001,0.001,0.919,0.919,5.370,1.18,17.00,15.0000,0.5370,2.417
1199,20.000,0.006,0.006,3.041,3.041,6.576,0.001,0.001,0.614,0.614,3.662,1.18,18.45,16.4471,0.3662,1.648
1200,25.000,0.006,0.006,3.912,3.912,6.390,0.001,0.001,0.771,0.771,4.690,1.19,20.00,18.0000,0.4690,2.111
1201,35.000,0.006,0.006,5.642,5.642,6.204,0.002,0.002,1.084,1.084,6.734,1.19,21.55,19.5529,0.6734,3.030
1202,50.000,0.006,0.006,8.292,8.292,6.030,0.006,0.006,1.554,1.554,9.859,1.20,23.00,21.0000,0.9859,4.436
1203,45.000,0.006,0.006,7.652,7.652,5.881,0.005,0.005,1.404,1.404,9.067,1.20,24.24,22.2426,0.9067,4.080
1204,30.000,0.006,0.006,5.202,5.202,5.766,0.001,0.001,0.939,0.939,6.149,1.20,25.20,23.1962,0.6149,2.767
1205,20.000,0.006,0.006,3.512,3.512,5.695,0.001,0.001,0.627,0.627,4.146,1.21,25.80,23.7956,0.4146,1.866
1206,25.000,0.006,0.006,4.409,4.409,5.670,0.001,0.001,0.784,0.784,5.200,1.21,26.00,24.0000,0.5200,2.340
1207,35.000,0.006,0.006,6.146,6.146,5.695,0.002,0.002,1.097,1.097,7.252,1.21,25.80,23.7956,0.7252,3.263
1208,50.000,0.006,0.006,8.671,8.671,5.766,0.006,0.006,1.565,1.565,10.248,1.20,25.20,23.1962,1.0248,4.611
1209,45.000,0.006,0.006,7.652,7.652,5.881,0.005,0.005,1.404,1.404,9.067,1.20,24.24,22.2426,0.9067,4.080
1210,30.000,0.006,0.006,4.975,4.975,6.030,0.001,0.001,0.933,0.933,5.915,1.20,23.00,21.0000,0.5915,2.662
1211,20.000,0.006,0.006,3.224,3.224,6.204,0.001,0.001,0.619,0.619,3.850,1.19,21.55,19.5529,0.3850,1.732
1212,25.000,0.006,0.006,3.912,3.912,6.390,0.001,0.001,0.771,0.771,4.690,1.19,20.00,18.0000,0.4690,2.111
1213,35.000,0.006,0.006,5.322,5.322,6.576,0.002,0.002,1.075,1.075,6.406,1.18,18.45,16.4471,0.6406,2.882
1214,50.000,0.006,0.006,7.407,7.407,6.750,0.006,0.006,1.531,1.531,8.951,1.18,17.00,15.0000,0.8951,4.028
1215,45.000,0.006,0.006,6.523,6.523,6.899,0.005,0.005,1.374,1.374,7.907,1.18,15.76,13.7574,0.7907,3.558
1216,30.000,0.006,0.006,4.277,4.277,7.014,0.001,0.001,0.914,0.914,5.199,1.17,14.80,12.8038,0.5199,2.339
1217,20.000,0.006,0.006,2.823,2.823,7.085,0.001,0.001,0.609,0.609,3.438,1.17,14.20,12.2044,0.3438,1.547
1218,25.000,0.006,0.006,3.516,3.516,7.110,0.001,0.001,0.760,0.760,4.283,1.17,14.00,12.0000,0.4283,1.928
1219,35.000,0.006,0.006,4.940,4.940,7.085,0.002,0.002,1.065,1.065,6.013,1.17,14.20,12.2044,0.6013,2.706
1220,50.000,0.006,0.006,7.129,7.129,7.014,0.006,0.006,1.523,1.523,8.665,1.17,14.80,12.8038,0.8665,3.899
1221,45.000,0.006,0.006,6.523,6.523,6.899,0.005,0.005,1.374,1.374,7.907,1.18,15.76,13.7574,0.7907,3.558
1222,30.000,0.006,0.006,4.444,4.444,6.750,0.001,0.001,0.919,0.919,5.370,1.18,17.00,15.0000,0.5370,2.417
1223,20.000,0.006,0.006,3.041,3.041,6.576,0.001,0.001,0.614,0.614,3.662,1.18,18.45,16.4471,0.3662,1.648
1224,25.000,0.006,0.006,3.912,3.912,6.390,0.001,0.001,0.771,0.771,4.690,1.19,20.00,18.0000,0.4690,2.111
1225,35.000,0.006,0.006,5.642,5.642,6.204,0.002,0.002,1.084,1.084,6.734,1.19,21.55,19.5529,0.6734,3.030
1226,50.000,0.006,0.006,8.292,8.292,6.030,0.006,0.006,1.554,1.554,9.859,1.20,23.00,21.0000,0.9859,4.436
1227,45.000,0.006,0.006,7.652,7.652,5.881,0.005,0.005,1.404,1.404,9.067,1.20,24.24,22.2426,0.9067,4.080
1228,30.000,0.006,0.006,5.202,5.202,5.766,0.001,0.001,0.939,0.939,6.149,1.20,25.20,23.1962,0.6149,2.767
1229,20.000,0.006,0.006,3.512,3.512,5.695,0.001,0.001,0.627,0.627,4.146,1.21,25.80,23.7956,0.4146,1.866
1230,25.000,0.006,0.006,4.409,4.409,5.670,0.001,0.001,0.784,0.784,5.200,1.21,26.00,24.0000,0.5200,2.340
1231,35.000,0.006,0.006,6.146,6.146,5.695,0.002,0.002,1.097,1.097,7.252,1.21,25.80,23.7956,0.7252,3.263
1232,50.000,0.006,0.006,8.671,8.671,5.766,0.006,0.006,1.565,1.565,10.248,1.20,25.20,23.1962,1.0248,4.611
1233,45.000,0.006,0.006,7.652,7.652,5.881,0.005,0.005,1.404,1.404,9.067,1.20,24.24,22.2426,0.9067,4.080
1234,30.000,0.006,0.006,4.975,4.975,6.030,0.001,0.001,0.933,0.933,5.915,1.20,23.00,21.0000,0.5915,2.662
1235,20.000,0.006,0.006,3.224,3.224,6.204,0.001,0.001,0.619,0.619,3.850,1.19,21.55,19.5529,0.3850,1.732
1236,25.000,0.006,0.006,3.912,3.912,6.390,0.001,0.001,0.771,0.771,4.690,1.19,20.00,18.0000,0.4690,2.111
1237,35.000,0.006,0.006,5.322,5.322,6.576,0.002,0.002,1.075,1.075,6.406,1.18,18.45,16.4471,0.6406,2.882
1238,50.000,0.006,0.006,7.407,7.407,6.750,0.006,0.006,1.531,1.531,8.951,1.18,17.00,15.0000,0.8951,4.028
1239,45.000,0.006,0.006,6.523,6.523,6.899,0.005,0.005,1.374,1.374,7.907,1.18,15.76,13.7574,0.7907,3.558
1240,30.000,0.006,0.006,4.277,4.277,7.014,0.001,0.001,0.914,0.914,5.199,1.17,14.80,12.8038,0.5199,2.339
1241,20.000,0.006,0.006,2.823,2.823,7.085,0.001,0.001,0.609,0.609,3.438,1.17,14.20,12.2044,0.3438,1.547
1242,25.000,0.006,0.006,3.516,3.516,7.110,0.001,0.001,0.760,0.760,4.283,1.17,14.00,12.0000,0.4283,1.928
1243,35.000,0.006,0.006,4.940,4.940,7.085,0.002,0.002,1.065,1.065,6.013,1.17,14.20,12.2044,0.6013,2.706
1244,50.000,0.006,0.006,7.129,7.129,7.014,0.006,0.006,1.523,1.523,8.665,1.17,14.80,12.8038,0.8665,3.899
1245,45.000,0.006,0.006,6.523,6.523,6.899,0.005,0.005,1.374,1.374,7.907,1.18,15.76,13.7574,0.7907,3.558
1246,30.000,0.006,0.006,4.444,4.444,6.750,0.001,0.001,0.919,0.919,5.370,1.18,17.00,15.0000,0.5370,2.417
1247,20.000,0.006,0.006,3.041,3.041,6.576,0.001,0.001,0.614,0.614,3.662,1.18,18.45,16.4471,0.3662,1.648
1248,25.000,0.006,0.006,3.912,3.912,6.390,0.001,0.001,0.771,0.771,4.690,1.19,20.00,18.0000,0.4690,2.111
1249,35.000,0.006,0.006,5.642,5.642,6.204,0.002,0.002,1.084,1.084,6.734,1.19,21.55,19.5529,0.6734,3.030
1250,50.000,0.006,0.006,8.292,8.292,6.030,0.006,0.006,1.554,1.554,9.859,1.20,23.00,21.0000,0.9859,4.436
1251,45.000,0.006,0.006,7.652,7.652,5.881,0.005,0.005,1.404,1.404,9.067,1.20,24.24,22.2426,0.9067,4.080
1252,30.000,0.006,0.006,5.202,5.202,5.766,0.001,0.001,0.939,0.939,6.149,1.20,25.20,23.1962,0.6149,2.767
1253,20.000,0.006,0.006,3.512,3.512,5.695,0.001,0.001,0.627,0.627,4.146,1.21,25.80,23.7956,0.4146,1.866
1254,25.000,0.006,0.006,4.409,4.409,5.670,0.001,0.001,0.784,0.784,5.200,1.21,26.00,24.0000,0.5200,2.340
1255,35.000,0.006,0.006,6.146,6.146,5.695,0.002,0.002,1.097,1.097,7.252,1.21,25.80,23.7956,0.7252,3.263
1256,50.000,0.006,0.006,8.671,8.671,5.766,0.006,0.006,1.565,1.565,10.248,1.20,25.20,23.1962,1.0248,4.611
1257,45.000,0.006,0.006,7.652,7.652,5.881,0.005,0.005,1.404,1.404,9.067,1.20,24.24,22.2426,0.9067,4.080
1258,30.000,0.006,0.006,4.975,4.975,6.030,0.001,0.001,0.933,0.933,5.915,1.20,23.00,21.0000,0.5915,2.662
1259,20.000,0.006,0.006,3.224,3.224,6.204,0.001,0.001,0.619,0.619,3.850,1.19,21.55,19.5529,0.3850,1.732
1260,25.000,0.006,0.006,3.912,3.912,6.390,0.001,0.001,0.771,0.771,4.690,1.19,20.00,18.0000,0.4690,2.111
1261,35.000,0.006,0.006,5.322,5.322,6.576,0.002,0.002,1.075,1.075,6.406,1.18,18.45,16.4471,0.6406,2.882
1262,50.000,0.006,0.006,7.407,7.407,6.750,0.006,0.006,1.531,1.531,8.951,1.18,17.00,15.0000,0.8951,4.028
1263,45.000,0.006,0.006,6.523,6.523,6.899,0.005,0.005,1.374,1.374,7.907,1.18,15.76,13.7574,0.7907,3.558
1264,30.000,0.006,0.006,4.277,4.277,7.014,0.001,0.001,0.914,0.914,5.199,1.17,14.80,12.8038,0.5199,2.339
1265,20.000,0.006,0.006,2.823,2.823,7.085,0.001,0.001,0.609,0.609,3.438,1.17,14.20,12.2044,0.3438,1.547
1266,25.000,0.006,0.006,3.516,3.516,7.110,0.001,0.001,0.760,0.760,4.283,1.17,14.00,12.0000,0.4283,1.928
1267,35.000,0.006,0.006,4.940,4.940,7.085,0.002,0.002,1.065,1.065,6.013,1.17,14.20,12.2044,0.6013,2.706
1268,50.000,0.006,0.006,7.129,7.129,7.014,0.006,0.006,1.523,1.523,8.665,1.17,14.80,12.8038,0.8665,3.899
1269,45.000,0.006,0.006,6.523,6.523,6.899,0.005,0.005,1.374,1.374,7.907,1.18,15.76,13.7574,0.7907,3.558
1270,30.000,0.006,0.006,4.444,4.444,6.750,0.001,0.001,0.919,0.919,5.370,1.18,17.00,15.0000,0.5370,2.417
1271,20.000,0.006,0.006,3.041,3.041,6.576,0.001,0.001,0.614,0.614,3.662,1.18,18.45,16.4471,0.3662,1.648
1272,25.000,0.006,0.006,3.912,3.912,6.390,0.001,0.001,0.771,0.771,4.690,1.19,20.00,18.0000,0.4690,2.111
1273,35.000,0.006,0.006,5.642,5.642,6.204,0.002,0.002,1.084,1.084,6.734,1.19,21.55,19.5529,0.6734,3.030
1274,50.000,0.006,0.006,8.292,8.292,6.030,0.006,0.006,1.554,1.554,9.859,1.20,23.00,21.0000,0.9859,4.436
1275,45.000,0.006,0.006,7.652,7.652,5.881,0.005,0.005,1.404,1.404,9.067,1.20,24.24,22.2426,0.9067,4.080
1276,30.000,0.006,0.006,5.202,5.202,5.766,0.001,0.001,0.939,0.939,6.149,1.20,25.20,23.1962,0.6149,2.767
1277,20.000,0.006,0.006,3.512,3.512,5.695,0.001,0.001,0.627,0.627,4.146,1.21,25.80,23.7956,0.4146,1.866
1278,25.000,0.006,0.006,4.409,4.409,5.670,0.001,0.001,0.784,0.784,5.200,1.21,26.00,24.0000,0.5200,2.340
1279,35.000,0.006,0.006,6.146,6.146,5.695,0.002,0.002,1.097,1.097,7.252,1.21,25.80,23.7956,0.7252,3.263
1280,50.000,0.006,0.006,8.671,8.671,5.766,0.006,0.006,1.565,1.565,10.248,1.20,25.20,23.1962,1.0248,4.611
1281,45.000,0.006,0.006,7.652,7.652,5.881,0.005,0.005,1.404,1.404,9.067,1.20,24.24,22.2426,0.9067,4.080
1282,30.000,0.006,0.006,4.975,4.975,6.030,0.001,0.001,0.933,0.933,5.915,1.20,23.00,21.0000,0.5915,2.662
1283,20.000,0.006,0.006,3.224,3.224,6.204,0.001,0.001,0.619,0.619,3.850,1.19,21.55,19.5529,0.3850,1.732
1284,25.000,0.006,0.006,3.912,3.912,6.390,0.001,0.001,0.771,0.771,4.690,1.19,20.00,18.0000,0.4690,2.111
1285,35.000,0.006,0.006,5.322,5.322,6.576,0.002,0.002,1.075,1.075,6.406,1.18,18.45,16.4471,0.6406,2.882
1286,50.000,0.006,0.006,7.407,7.407,6.750,0.006,0.006,1.531,1.531,8.951,1.18,17.00,15.0000,0.8951,4.028
1287,45.000,0.006,0.006,6.523,6.523,6.899,0.005,0.005,1.374,1.374,7.907,1.18,15.76,13.7574,0.7907,3.558
1288,30.000,0.006,0.006,4.277,4.277,7.014,0.001,0.001,0.914,0.914,5.199,1.17,14.80,12.8038,0.5199,2.339
1289,20.000,0.006,0.006,2.823,2.823,7.085,0.001,0.001,0.609,0.609,3.438,1.17,14.20,12.2044,0.3438,1.547
1290,25.000,0.006,0.006,3.516,3.516,7.110,0.001,0.001,0.760,0.760,4.283,1.17,14.00,12.0000,0.4283,1.928
1291,35.000,0.006,0.006,4.940,4.940,7.085,0.002,0.002,1.065,1.065,6.013,1.17,14.20,12.2044,0.6013,2.706
1292,50.000,0.006,0.006,7.129,7.129,7.014,0.006,0.006,1.523,1.523,8.665,1.17,14.80,12.8038,0.8665,3.899
1293,45.000,0.006,0.006,6.523,6.523,6.899,0.005,0.005,1.374,1.374,7.907,1.18,15.76,13.7574,0.7907,3.558
1294,30.000,0.006,0.006,4.444,4.444,6.750,0.001,0.001,0.919,0.919,5.370,1.18,17.00,15.0000,0.5370,2.417
1295,20.000,0.006,0.006,3.041,3.041,6.576,0.001,0.001,0.614,0.614,3.662,1.18,18.45,16.4471,0.3662,1.648
1296,25.000,0.006,0.006,3.912,3.912,6.390,0.001,0.001,0.771,0.771,4.690,1.19,20.00,18.0000,0.4690,2.111
1297,35.000,0.006,0.006,5.642,5.642,6.204,0.002,0.002,1.084,1.084,6.734,1.19,21.55,19.5529,0.6734,3.030
1298,50.000,0.006,0.006,8.292,8.292,6.030,0.006,0.006,1.554,1.554,9.859,1.20,23.00,21.0000,0.9859,4.436
1299,45.000,0.006,0.006,7.652,7.652,5.881,0.005,0.005,1.404,1.404,9.067,1.20,24.24,22.2426,0.9067,4.080
1300,30.000,0.006,0.006,5.202,5.202,5.766,0.001,0.001,0.939,0.939,6.149,1.20,25.20,23.1962,0.6149,2.767
1301,20.000,0.006,0.006,3.512,3.512,5.695,0.001,0.001,0.627,0.627,4.146,1.21,25.80,23.7956,0.4146,1.866
1302,25.000,0.006,0.006,4.409,4.409,5.670,0.001,0.001,0.784,0.784,5.200,1.21,26.00,24.0000,0.5200,2.340
1303,35.000,0.006,0.006,6.146,6.146,5.695,0.002,0.002,1.097,1.097,7.252,1.21,25.80,23.7956,0.7252,3.263
1304,50.000,0.006,0.006,8.671,8.671,5.766,0.006,0.006,1.565,1.565,10.248,1.20,25.20,23.1962,1.0248,4.611
1305,45.000,0.006,0.006,7.652,7.652,5.881,0.005,0.005,1.404,1.404,9.067,1.20,24.24,22.2426,0.9067,4.080
1306,30.000,0.006,0.006,4.975,4.975,6.030,0.001,0.001,0.933,0.933,5.915,1.20,23.00,21.0000,0.5915,2.662
1307,20.000,0.006,0.006,3.224,3.224,6.204,0.001,0.001,0.619,0.619,3.850,1.19,21.55,19.5529,0.3850,1.732
1308,25.000,0.006,0.006,3.912,3.912,6.390,0.001,0.001,0.771,0.771,4.690,1.19,20.00,18.0000,0.4690,2.111
1309,35.000,0.006,0.006,5.322,5.322,6.576,0.002,0.002,1.075,1.075,6.406,1.18,18.45,16.4471,0.6406,2.882
1310,50.000,0.006,0.006,7.407,7.407,6.750,0.006,0.006,1.531,1.531,8.951,1.18,17.00,15.0000,0.8951,4.028
1311,45.000,0.006,0.006,6.523,6.523,6.899,0.005,0.005,1.374,1.374,7.907,1.18,15.76,13.7574,0.7907,3.558
1312,30.000,0.006,0.006,4.277,4.277,7.014,0.001,0.001,0.914,0.914,5.199,1.17,14.80,12.8038,0.5199,2.339
1313,20.000,0.006,0.006,2.823,2.823,7.085,0.001,0.001,0.609,0.609,3.438,1.17,14.20,12.2044,0.3438,1.547
1314,25.000,0.006,0.006,3.516,3.516,7.110,0.001,0.001,0.760,0.760,4.283,1.17,14.00,12.0000,0.4283,1.928
1315,35.000,0.006,0.006,4.940,4.940,7.085,0.002,0.002,1.065,1.065,6.013,1.17,14.20,12.2044,0.6013,2.706
1316,50.000,0.006,0.006,7.129,7.129,7.014,0.006,0.006,1.523,1.523,8.665,1.17,14.80,12.8038,0.8665,3.899
1317,45.000,0.006,0.006,6.523,6.523,6.899,0.005,0.005,1.374,1.374,7.907,1.18,15.76,13.7574,0.7907,3.558
1318,30.000,0.006,0.006,4.444,4.444,6.750,0.001,0.001,0.919,0.919,5.370,1.18,17.00,15.0000,0.5370,2.417
1319,20.000,0.006,0.006,3.041,3.041,6.576,0.001,0.001,0.614,0.614,3.662,1.18,18.45,16.4471,0.3662,1.648
1320,25.000,0.006,0.006,3.912,3.912,6.390,0.001,0.001,0.771,0.771,4.690,1.19,20.00,18.0000,0.4690,2.111
1321,35.000,0.006,0.006,5.642,5.642,6.204,0.002,0.002,1.084,1.084,6.734,1.19,21.55,19.5529,0.6734,3.030
1322,50.000,0.006,0.006,8.292,8.292,6.030,0.006,0.006,1.554,1.554,9.859,1.20,23.00,21.0000,0.9859,4.436
1323,45.000,0.006,0.006,7.652,7.652,5.881,0.005,0.005,1.404,1.404,9.067,1.20,24.24,22.2426,0.9067,4.080
1324,30.000,0.006,0.006,5.202,5.202,5.766,0.001,0.001,0.939,0.939,6.149,1.20,25.20,23.1962,0.6149,2.767
1325,20.000,0.006,0.006,3.512,3.512,5.695,0.001,0.001,0.627,0.627,4.146,1.21,25.80,23.7956,0.4146,1.866
1326,25.000,0.006,0.006,4.409,4.409,5.670,0.001,0.001,0.784,0.784,5.200,1.21,26.00,24.0000,0.5200,2.340
1327,35.000,0.006,0.006,6.146,6.146,5.695,0.002,0.002,1.097,1.097,7.252,1.21,25.80,23.7956,0.7252,3.263
1328,50.000,0.006,0.006,8.671,8.671,5.766,0.006,0.006,1.565,1.565,10.248,1.20,25.20,23.1962,1.0248,4.611
1329,45.000,0.006,0.006,7.652,7.652,5.881,0.005,0.005,1.404,1.404,9.067,1.20,24.24,22.2426,0.9067,4.080
1330,30.000,0.006,0.006,4.975,4.975,6.030,0.001,0.001,0.933,0.933,5.915,1.20,23.00,21.0000,0.5915,2.662
1331,20.000,0.006,0.006,3.224,3.224,6.204,0.001,0.001,0.619,0.619,3.850,1.19,21.55,19.5529,0.3850,1.732
1332,25.000,0.006,0.006,3.912,3.912,6.390,0.001,0.001,0.771,0.771,4.690,1.19,20.00,18.0000,0.4690,2.111
1333,35.000,0.006,0.006,5.322,5.322,6.576,0.002,0.002,1.075,1.075,6.406,1.18,18.45,16.4471,0.6406,2.882
1334,50.000,0.006,0.006,7.407,7.407,6.750,0.006,0.006,1.531,1.531,8.951,1.18,17.00,15.0000,0.8951,4.028
1335,45.000,0.006,0.006,6.523,6.523,6.899,0.005,0.005,1.374,1.374,7.907,1.18,15.76,13.7574,0.7907,3.558
1336,30.000,0.006,0.006,4.277,4.277,7.014,0.001,0.001,0.914,0.914,5.199,1.17,14.80,12.8038,0.5199,2.339
1337,20.000,0.006,0.006,2.823,2.823,7.085,0.001,0.001,0.609,0.609,3.438,1.17,14.20,12.2044,0.3438,1.547
1338,25.000,0.006,0.006,3.516,3.516,7.110,0.001,0.001,0.760,0.760,4.283,1.17,14.00,12.0000,0.4283,1.928
1339,35.000,0.006,0.006,4.940,4.940,7.085,0.002,0.002,1.065,1.065,6.013,1.17,14.20,12.2044,0.6013,2.706
1340,50.000,0.006,0.006,7.129,7.129,7.014,0.006,0.006,1.523,1.523,8.665,1.17,14.80,12.8038,0.8665,3.899
1341,45.000,0.006,0.006,6.523,6.523,6.899,0.005,0.005,1.374,1.374,7.907,1.18,15.76,13.7574,0.7907,3.558
1342,30.000,0.006,0.006,4.444,4.444,6.750,0.001,0.001,0.919,0.919,5.370,1.18,17.00,15.0000,0.5370,2.417
1343,20.000,0.006,0.006,3.041,3.041,6.576,0.001,0.001,0.614,0.614,3.662,1.18,18.45,16.4471,0.3662,1.648
1344,25.000,0.006,0.006,3.912,3.912,6.390,0.001,0.001,0.771,0.771,4.690,1.19,20.00,18.0000,0.4690,2.111
1345,35.000,0.006,0.006,5.642,5.642,6.204,0.002,0.002,1.084,1.084,6.734,1.19,21.55,19.5529,0.6734,3.030
1346,50.000,0.006,0.006,8.292,8.292,6.030,0.006,0.006,1.554,1.554,9.859,1.20,23.00,21.0000,0.9859,4.436
1347,45.000,0.006,0.006,7.652,7.652,5.881,0.005,0.005,1.404,1.404,9.067,1.20,24.24,22.2426,0.9067,4.080
1348,30.000,0.006,0.006,5.202,5.202,5.766,0.001,0.001,0.939,0.939,6.149,1.20,25.20,23.1962,0.6149,2.767
1349,20.000,0.006,0.006,3.512,3.512,5.695,0.001,0.001,0.627,0.627,4.146,1.21,25.80,23.7956,0.4146,1.866
1350,25.000,0.006,0.006,4.409,4.409,5.670,0.001,0.001,0.784,0.784,5.200,1.21,26.00,24.0000,0.5200,2.340
1351,35.000,0.006,0.006,6.146,6.146,5.695,0.002,0.002,1.097,1.097,7.252,1.21,25.80,23.7956,0.7252,3.263
1352,50.000,0.006,0.006,8.671,8.671,5.766,0.006,0.006,1.565,1.565,10.248,1.20,25.20,23.1962,1.0248,4.611
1353,45.000,0.006,0.006,7.652,7.652,5.881,0.005,0.005,1.404,1.404,9.067,1.20,24.24,22.2426,0.9067,4.080
1354,30.000,0.006,0.006,4.975,4.975,6.030,0.001,0.001,0.933,0.933,5.915,1.20,23.00,21.0000,0.5915,2.662
1355,20.000,0.006,0.006,3.224,3.224,6.204,0.001,0.001,0.619,0.619,3.850,1.19,21.55,19.5529,0.3850,1.732
1356,25.000,0.006,0.006,3.912,3.912,6.390,0.001,0.001,0.771,0.771,4.690,1.19,20.00,18.0000,0.4690,2.111
1357,35.000,0.006,0.006,5.322,5.322,6.576,0.002,0.002,1.075,1.075,6.406,1.18,18.45,16.4471,0.6406,2.882
1358,50.000,0.006,0.006,7.407,7.407,6.750,0.006,0.006,1.531,1.531,8.951,1.18,17.00,15.0000,0.8951,4.028
1359,45.000,0.006,0.006,6.523,6.523,6.899,0.005,0.005,1.374,1.374,7.907,1.18,15.76,13.7574,0.7907,3.558
1360,30.000,0.006,0.006,4.277,4.277,7.014,0.001,0.001,0.914,0.914,5.199,1.17,14.80,12.8038,0.5199,2.339
1361,20.000,0.006,0.006,2.823,2.823,7.085,0.001,0.001,0.609,0.609,3.438,1.17,14.20,12.2044,0.3438,1.547
1362,25.000,0.006,0.006,3.516,3.516,7.110,0.001,0.001,0.760,0.760,4.283,1.17,14.00,12.0000,0.4283,1.928
1363,35.000,0.006,0.006,4.940,4.940,7.085,0.002,0.002,1.065,1.065,6.013,1.17,14.20,12.2044,0.6013,2.706
1364,50.000,0.006,0.006,7.129,7.129,7.014,0.006,0.006,1.523,1.523,8.665,1.17,14.80,12.8038,0.8665,3.899
1365,45.000,0.006,0.006,6.523,6.523,6.899,0.005,0.005,1.374,1.374,7.907,1.18,15.76,13.7574,0.7907,3.558
1366,30.000,0.006,0.006,4.444,4.444,6.750,0.001,0.001,0.919,0.919,5.370,1.18,17.00,15.0000,0.5370,2.417
1367,20.000,0.006,0.006,3.041,3.041,6.576,0.001,0.001,0.614,0.614,3.662,1.18,18.45,16.4471,0.3662,1.648
1368,25.000,0.006,0.006,3.912,3.912,6.390,0.001,0.001,0.771,0.771,4.690,1.19,20.00,18.0000,0.4690,2.111
1369,35.000,0.006,0.006,5.642,5.642,6.204,0.002,0.002,1.084,1.084,6.734,1.19,21.55,19.5529,0.6734,3.030
1370,50.000,0.006,0.006,8.292,8.292,6.030,0.006,0.006,1.554,1.554,9.859,1.20,23.00,21.0000,0.9859,4.436
1371,45.000,0.006,0.006,7.652,7.652,5.881,0.005,0.005,1.404,1.404,9.067,1.20,24.24,22.2426,0.9067,4.080
1372,30.000,0.006,0.006,5.202,5.202,5.766,0.001,0.001,0.939,0.939,6.149,1.20,25.20,23.1962,0.6149,2.767
1373,20.000,0.006,0.006,3.512,3.512,5.695,0.001,0.001,0.627,0.627,4.146,1.21,25.80,23.7956,0.4146,1.866
1374,25.000,0.006,0.006,4.409,4.409,5.670,0.001,0.001,0.784,0.784,5.200,1.21,26.00,24.0000,0.5200,2.340
1375,35.000,0.006,0.006,6.146,6.146,5.695,0.002,0.002,1.097,1.097,7.252,1.21,25.80,23.7956,0.7252,3.263
1376,50.000,0.006,0.006,8.671,8.671,5.766,0.006,0.006,1.565,1.565,10.248,1.20,25.20,23.1962,1.0248,4.611
1377,45.000,0.006,0.006,7.652,7.652,5.881,0.005,0.005,1.404,1.404,9.067,1.20,24.24,22.2426,0.9067,4.080
1378,30.000,0.006,0.006,4.975,4.975,6.030,0.001,0.001,0.933,0.933,5.915,1.20,23.00,21.0000,0.5915,2.662
1379,20.000,0.006,0.006,3.224,3.224,6.204,0.001,0.001,0.619,0.619,3.850,1.19,21.55,19.5529,0.3850,1.732
1380,25.000,0.006,0.006,3.912,3.912,6.390,0.001,0.001,0.771,0.771,4.690,1.19,20.00,18.0000,0.4690,2.111
1381,35.000,0.006,0.006,5.322,5.322,6.576,0.002,0.002,1.075,1.075,6.406,1.18,18.45,16.4471,0.6406,2.882
1382,50.000,0.006,0.006,7.407,7.407,6.750,0.006,0.006,1.531,1.531,8.951,1.18,17.00,15.0000,0.8951,4.028
1383,45.000,0.006,0.006,6.523,6.523,6.899,0.005,0.005,1.374,1.374,7.907,1.18,15.76,13.7574,0.7907,3.558
1384,30.000,0.006,0.006,4.277,4.277,7.014,0.001,0.001,0.914,0.914,5.199,1.17,14.80,12.8038,0.5199,2.339
1385,20.000,0.006,0.006,2.823,2.823,7.085,0.001,0.001,0.609,0.609,3.438,1.17,14.20,12.2044,0.3438,1.547
1386,25.000,0.006,0.006,3.516,3.516,7.110,0.001,0.001,0.760,0.760,4.283,1.17,14.00,12.0000,0.4283,1.928
1387,35.000,0.006,0.006,4.940,4.940,7.085,0.002,0.002,1.065,1.065,6.013,1.17,14.20,12.2044,0.6013,2.706
1388,50.000,0.006,0.006,7.129,7.129,7.014,0.006,0.006,1.523,1.523,8.665,1.17,14.80,12.8038,0.8665,3.899
1389,45.000,0.006,0.006,6.523,6.523,6.899,0.005,0.005,1.374,1.374,7.907,1.18,15.76,13.7574,0.7907,3.558
1390,30.000,0.006,0.006,4.444,4.444,6.750,0.001,0.001,0.919,0.919,5.370,1.18,17.00,15.0000,0.5370,2.417
1391,20.000,0.006,0.006,3.041,3.041,6.576,0.001,0.001,0.614,0.614,3.662,1.18,18.45,16.4471,0.3662,1.648
1392,25.000,0.006,0.006,3.912,3.912,6.390,0.001,0.001,0.771,0.771,4.690,1.19,20.00,18.0000,0.4690,2.111
1393,35.000,0.006,0.006,5.642,5.642,6.204,0.002,0.002,1.084,1.084,6.734,1.19,21.55,19.5529,0.6734,3.030
1394,50.000,0.006,0.006,8.292,8.292,6.030,0.006,0.006,1.554,1.554,9.859,1.20,23.00,21.0000,0.9859,4.436
1395,45.000,0.006,0.006,7.652,7.652,5.881,0.005,0.005,1.404,1.404,9.067,1.20,24.24,22.2426,0.9067,4.080
1396,30.000,0.006,0.006,5.202,5.202,5.766,0.001,0.001,0.939,0.939,6.149,1.20,25.20,23.1962,0.6149,2.767
1397,20.000,0.006,0.006,3.512,3.512,5.695,0.001,0.001,0.627,0.627,4.146,1.21,25.80,23.7956,0.4146,1.866
1398,25.000,0.006,0.006,4.409,4.409,5.670,0.001,0.001,0.784,0.784,5.200,1.21,26.00,24.0000,0.5200,2.340
1399,35.000,0.006,0.006,6.146,6.146,5.695,0.002,0.002,1.097,1.097,7.252,1.21,25.80,23.7956,0.7252,3.263
1400,50.000,0.006,0.006,8.671,8.671,5.766,0.006,0.006,1.565,1.565,10.248,1.20,25.20,23.1962,1.0248,4.611
1401,45.000,0.006,0.006,7.652,7.652,5.881,0.005,0.005,1.404,1.404,9.067,1.20,24.24,22.2426,0.9067,4.080
1402,30.000,0.006,0.006,4.975,4.975,6.030,0.001,0.001,0.933,0.933,5.915,1.20,23.00,21.0000,0.5915,2.662
1403,20.000,0.006,0.006,3.224,3.224,6.204,0.001,0.001,0.619,0.619,3.850,1.19,21.55,19.5529,0.3850,1.732
1404,25.000,0.006,0.006,3.912,3.912,6.390,0.001,0.001,0.771,0.771,4.690,1.19,20.00,18.0000,0.4690,2.111
1405,35.000,0.006,0.006,5.322,5.322,6.576,0.002,0.002,1.075,1.075,6.406,1.18,18.45,16.4471,0.6406,2.882
1406,50.000,0.006,0.006,7.407,7.407,6.750,0.006,0.006,1.531,1.531,8.951,1.18,17.00,15.0000,0.8951,4.028
1407,45.000,0.006,0.006,6.523,6.523,6.899,0.005,0.005,1.374,1.374,7.907,1.18,15.76,13.7574,0.7907,3.558
1408,30.000,0.006,0.006,4.277,4.277,7.014,0.001,0.001,0.914,0.914,5.199,1.17,14.80,12.8038,0.5199,2.339
1409,20.000,0.006,0.006,2.823,2.823,7.085,0.001,0.001,0.609,0.609,3.438,1.17,14.20,12.2044,0.3438,1.547
1410,25.000,0.006,0.006,3.516,3.516,7.110,0.001,0.001,0.760,0.760,4.283,1.17,14.00,12.0000,0.4283,1.928
1411,35.000,0.006,0.006,4.940,4.940,7.085,0.002,0.002,1.065,1.065,6.013,1.17,14.20,12.2044,0.6013,2.706
1412,50.000,0.006,0.006,7.129,7.129,7.014,0.006,0.006,1.523,1.523,8.665,1.17,14.80,12.8038,0.8665,3.899
1413,45.000,0.006,0.006,6.523,6.523,6.899,0.005,0.005,1.374,1.374,7.907,1.18,15.76,13.7574,0.7907,3.558
1414,30.000,0.006,0.006,4.444,4.444,6.750,0.001,0.001,0.919,0.919,5.370,1.18,17.00,15.0000,0.5370,2.417
1415,20.000,0.006,0.006,3.041,3.041,6.576,0.001,0.001,0.614,0.614,3.662,1.18,18.45,16.4471,0.3662,1.648
1416,25.000,0.006,0.006,3.912,3.912,6.390,0.001,0.001,0.771,0.771,4.690,1.19,20.00,18.0000,0.4690,2.111
1417,35.000,0.006,0.006,5.642,5.642,6.204,0.002,0.002,1.084,1.084,6.734,1.19,21.55,19.5529,0.6734,3.030
1418,50.000,0.006,0.006,8.292,8.292,6.030,0.006,0.006,1.554,1.554,9.859,1.20,23.00,21.0000,0.9859,4.436
1419,45.000,0.006,0.006,7.652,7.652,5.881,0.005,0.005,1.404,1.404,9.067,1.20,24.24,22.2426,0.9067,4.080
1420,30.000,0.006,0.006,5.202,5.202,5.766,0.001,0.001,0.939,0.939,6.149,1.20,25.20,23.1962,0.6149,2.767
1421,20.000,0.006,0.006,3.512,3.512,5.695,0.001,0.001,0.627,0.627,4.146,1.21,25.80,23.7956,0.4146,1.866
1422,25.000,0.006,0.006,4.409,4.409,5.670,0.001,0.001,0.784,0.784,5.200,1.21,26.00,24.0000,0.5200,2.340
1423,35.000,0.006,0.006,6.146,6.146,5.695,0.002,0.002,1.097,1.097,7.252,1.21,25.80,23.7956,0.7252,3.263
1424,50.000,0.006,0.006,8.671,8.671,5.766,0.006,0.006,1.565,1.565,10.248,1.20,25.20,23.1962,1.0248,4.611
1425,45.000,0.006,0.006,7.652,7.652,5.881,0.005,0.005,1.404,1.404,9.067,1.20,24.24,22.2426,0.9067,4.080
1426,30.000,0.006,0.006,4.975,4.975,6.030,0.001,0.001,0.933,0.933,5.915,1.20,23.00,21.0000,0.5915,2.662
1427,20.000,0.006,0.006,3.224,3.224,6.204,0.001,0.001,0.619,0.619,3.850,1.19,21.55,19.5529,0.3850,1.732
1428,25.000,0.006,0.006,3.912,3.912,6.390,0.001,0.001,0.771,0.771,4.690,1.19,20.00,18.0000,0.4690,2.111
1429,35.000,0.006,0.006,5.322,5.322,6.576,0.002,0.002,1.075,1.075,6.406,1.18,18.45,16.4471,0.6406,2.882
1430,50.000,0.006,0.006,7.407,7.407,6.750,0.006,0.006,1.531,1.531,8.951,1.18,17.00,15.0000,0.8951,4.028
1431,45.000,0.006,0.006,6.523,6.523,6.899,0.005,0.005,1.374,1.374,7.907,1.18,15.76,13.7574,0.7907,3.558
1432,30.000,0.006,0.006,4.277,4.277,7.014,0.001,0.001,0.914,0.914,5.199,1.17,14.80,12.8038,0.5199,2.339
1433,20.000,0.006,0.006,2.823,2.823,7.085,0.001,0.001,0.609,0.609,3.438,1.17,14.20,12.2044,0.3438,1.547
1434,25.000,0.006,0.006,3.516,3.516,7.110,0.001,0.001,0.760,0.760,4.283,1.17,14.00,12.0000,0.4283,1.928
1435,35.000,0.006,0.006,4.940,4.940,7.085,0.002,0.002,1.065,1.065,6.013,1.17,14.20,12.2044,0.6013,2.706
1436,50.000,0.006,0.006,7.129,7.129,7.014,0.006,0.006,1.523,1.523,8.665,1.17,14.80,12.8038,0.8665,3.899
1437,45.000,0.006,0.006,6.523,6.523,6.899,0.005,0.005,1.374,1.374,7.907,1.18,15.76,13.7574,0.7907,3.558
1438,30.000,0.006,0.006,4.444,4.444,6.750,0.001,0.001,0.919,0.919,5.370,1.18,17.00,15.0000,0.5370,2.417
1439,20.000,0.006,0.006,3.041,3.041,6.576,0.001,0.001,0.614,0.614,3.662,1.18,18.45,16.4471,0.3662,1.648
1440,25.000,0.006,0.006,3.912,3.912,6.390,0.001,0.001,0.771,0.771,4.690,1.19,20.00,18.0000,0.4690,2.111
1441,35.000,0.006,0.006,5.642,5.642,6.204,0.002,0.002,1.084,1.084,6.734,1.19,21.55,19.5529,0.6734,3.030
1442,50.000,0.006,0.006,8.292,8.292,6.030,0.006,0.006,1.554,1.554,9.859,1.20,23.00,21.0000,0.9859,4.436
1443,45.000,0.006,0.006,7.652,7.652,5.881,0.005,0.005,1.404,1.404,9.067,1.20,24.24,22.2426,0.9067,4.080
1444,30.000,0.006,0.006,5.202,5.202,5.766,0.001,0.001,0.939,0.939,6.149,1.20,25.20,23.1962,0.6149,2.767
1445,20.000,0.006,0.006,3.512,3.512,5.695,0.001,0.001,0.627,0.627,4.146,1.21,25.80,23.7956,0.4146,1.866
1446,25.000,0.006,0.006,4.409,4.409,5.670,0.001,0.001,0.784,0.784,5.200,1.21,26.00,24.0000,0.5200,2.340
1447,35.000,0.006,0.006,6.146,6.146,5.695,0.002,0.002,1.097,1.097,7.252,1.21,25.80,23.7956,0.7252,3.263
1448,50.000,0.006,0.006,8.671,8.671,5.766,0.006,0.006,1.565,1.565,10.248,1.20,25.20,23.1962,1.0248,4.611
1449,45.000,0.006,0.006,7.652,7.652,5.881,0.005,0.005,1.404,1.404,9.067,1.20,24.24,22.2426,0.9067,4.080
1450,30.000,0.006,0.006,4.975,4.975,6.030,0.001,0.001,0.933,0.933,5.915,1.20,23.00,21.0000,0.5915,2.662
1451,20.000,0.006,0.006,3.224,3.224,6.204,0.001,0.001,0.619,0.619,3.850,1.19,21.55,19.5529,0.3850,1.732
1452,25.000,0.006,0.006,3.912,3.912,6.390,0.001,0.001,0.771,0.771,4.690,1.19,20.00,18.0000,0.4690,2.111
1453,35.000,0.006,0.006,5.322,5.322,6.576,0.002,0.002,1.075,1.075,6.406,1.18,18.45,16.4471,0.6406,2.882
1454,50.000,0.006,0.006,7.407,7.407,6.750,0.006,0.006,1.531,1.531,8.951,1.18,17.00,15.0000,0.8951,4.028
1455,45.000,0.006,0.006,6.523,6.523,6.899,0.005,0.005,1.374,1.374,7.907,1.18,15.76,13.7574,0.7907,3.558
1456,30.000,0.006,0.006,4.277,4.277,7.014,0.001,0.001,0.914,0.914,5.199,1.17,14.80,12.8038,0.5199,2.339
1457,20.000,0.006,0.006,2.823,2.823,7.085,0.001,0.001,0.609,0.609,3.438,1.17,14.20,12.2044,0.3438,1.547
1458,25.000,0.006,0.006,3.516,3.516,7.110,0.001,0.001,0.760,0.760,4.283,1.17,14.00,12.0000,0.4283,1.928
1459,35.000,0.006,0.006,4.940,4.940,7.085,0.002,0.002,1.065,1.065,6.013,1.17,14.20,12.2044,0.6013,2.706
1460,50.000,0.006,0.006,7.129,7.129,7.014,0.006,0.006,1.523,1.523,8.665,1.17,14.80,12.8038,0.8665,3.899
1461,45.000,0.006,0.006,6.523,6.523,6.899,0.005,0.005,1.374,1.374,7.907,1.18,15.76,13.7574,0.7907,3.558
1462,30.000,0.006,0.006,4.444,4.444,6.750,0.001,0.001,0.919,0.919,5.370,1.18,17.00,15.0000,0.5370,2.417
1463,20.000,0.006,0.006,3.041,3.041,6.576,0.001,0.001,0.614,0.614,3.662,1.18,18.45,16.4471,0.3662,1.648
1464,25.000,0.006,0.006,3.912,3.912,6.390,0.001,0.001,0.771,0.771,4.690,1.19,20.00,18.0000,0.4690,2.111
1465,35.000,0.006,0.006,5.642,5.642,6.204,0.002,0.002,1.084,1.084,6.734,1.19,21.55,19.5529,0.6734,3.030
1466,50.000,0.006,0.006,8.292,8.292,6.030,0.006,0.006,1.554,1.554,9.859,1.20,23.00,21.0000,0.9859,4.436
1467,45.000,0.006,0.006,7.652,7.652,5.881,0.005,0.005,1.404,1.404,9.067,1.20,24.24,22.2426,0.9067,4.080
1468,30.000,0.006,0.006,5.202,5.202,5.766,0.001,0.001,0.939,0.939,6.149,1.20,25.20,23.1962,0.6149,2.767
1469,20.000,0.006,0.006,3.512,3.512,5.695,0.001,0.001,0.627,0.627,4.146,1.21,25.80,23.7956,0.4146,1.866
1470,25.000,0.006,0.006,4.409,4.409,5.670,0.001,0.001,0.784,0.784,5.200,1.21,26.00,24.0000,0.5200,2.340
1471,35.000,0.006,0.006,6.146,6.146,5.695,0.002,0.002,1.097,1.097,7.252,1.21,25.80,23.7956,0.7252,3.263
1472,50.000,0.006,0.006,8.671,8.671,5.766,0.006,0.006,1.565,1.565,10.248,1.20,25.20,23.1962,1.0248,4.611
1473,45.000,0.006,0.006,7.652,7.652,5.881,0.005,0.005,1.404,1.404,9.067,1.20,24.24,22.2426,0.9067,4.080
1474,30.000,0.006,0.006,4.975,4.975,6.030,0.001,0.001,0.933,0.933,5.915,1.20,23.00,21.0000,0.5915,2.662
1475,20.000,0.006,0.006,3.224,3.224,6.204,0.001,0.001,0.619,0.619,3.850,1.19,21.55,19.5529,0.3850,1.732
1476,25.000,0.006,0.006,3.912,3.912,6.390,0.001,0.001,0.771,0.771,4.690,1.19,20.00,18.0000,0.4690,2.111
1477,35.000,0.006,0.006,5.322,5.322,6.576,0.002,0.002,1.075,1.075,6.406,1.18,18.45,16.4471,0.6406,2.882
1478,50.000,0.006,0.006,7.407,7.407,6.750,0.006,0.006,1.531,1.531,8.951,1.18,17.00,15.0000,0.8951,4.028
1479,45.000,0.006,0.006,6.523,6.523,6.899,0.005,0.005,1.374,1.374,7.907,1.18,15.76,13.7574,0.7907,3.558
1480,30.000,0.006,0.006,4.277,4.277,7.014,0.001,0.001,0.914,0.914,5.199,1.17,14.80,12.8038,0.5199,2.339
1481,20.000,0.006,0.006,2.823,2.823,7.085,0.001,0.001,0.609,0.609,3.438,1.17,14.20,12.2044,0.3438,1.547
1482,25.000,0.006,0.006,3.516,3.516,7.110,0.001,0.001,0.760,0.760,4.283,1.17,14.00,12.0000,0.4283,1.928
1483,35.000,0.006,0.006,4.940,4.940,7.085,0.002,0.002,1.065,1.065,6.013,1.17,14.20,12.2044,0.6013,2.706
1484,50.000,0.006,0.006,7.129,7.129,7.014,0.006,0.006,1.523,1.523,8.665,1.17,14.80,12.8038,0.8665,3.899
1485,45.000,0.006,0.006,6.523,6.523,6.899,0.005,0.005,1.374,1.374,7.907,1.18,15.76,13.7574,0.7907,3.558
1486,30.000,0.006,0.006,4.444,4.444,6.750,0.001,0.001,0.919,0.919,5.370,1.18,17.00,15.0000,0.5370,2.417
1487,20.000,0.006,0.006,3.041,3.041,6.576,0.001,0.001,0.614,0.614,3.662,1.18,18.45,16.4471,0.3662,1.648
1488,25.000,0.006,0.006,3.912,3.912,6.390,0.001,0.001,0.771,0.771,4.690,1.19,20.00,18.0000,0.4690,2.111
1489,35.000,0.006,0.006,5.642,5.642,6.204,0.002,0.002,1.084,1.084,6.734,1.19,21.55,19.5529,0.6734,3.030
1490,50.000,0.006,0.006,8.292,8.292,6.030,0.006,0.006,1.554,1.554,9.859,1.20,23.00,21.0000,0.9859,4.436
1491,45.000,0.006,0.006,7.652,7.652,5.881,0.005,0.005,1.404,1.404,9.067,1.20,24.24,22.2426,0.9067,4.080
1492,30.000,0.006,0.006,5.202,5.202,5.766,0.001,0.001,0.939,0.939,6.149,1.20,25.20,23.1962,0.6149,2.767
1493,20.000,0.006,0.006,3.512,3.512,5.695,0.001,0.001,0.627,0.627,4.146,1.21,25.80,23.7956,0.4146,1.866
1494,25.000,0.006,0.006,4.409,4.409,5.670,0.001,0.001,0.784,0.784,5.200,1.21,26.00,24.0000,0.5200,2.340
1495,35.000,0.006,0.006,6.146,6.146,5.695,0.002,0.002,1.097,1.097,7.252,1.21,25.80,23.7956,0.7252,3.263
1496,50.000,0.006,0.006,8.671,8.671,5.766,0.006,0.006,1.565,1.565,10.248,1.20,25.20,23.1962,1.0248,4.611
1497,45.000,0.006,0.006,7.652,7.652,5.881,0.005,0.005,1.404,1.404,9.067,1.20,24.24,22.2426,0.9067,4.080
1498,30.000,0.006,0.006,4.975,4.975,6.030,0.001,0.001,0.933,0.933,5.915,1.20,23.00,21.0000,0.5915,2.662
1499,20.000,0.006,0.006,3.224,3.224,6.204,0.001,0.001,0.619,0.619,3.850,1.19,21.55,19.5529,0.3850,1.732
1500,25.000,0.006,0.006,3.912,3.912,6.390,0.001,0.001,0.771,0.771,4.690,1.19,20.00,18.0000,0.4690,2.111
1501,35.000,0.006,0.006,5.322,5.322,6.576,0.002,0.002,1.075,1.075,6.406,1.18,18.45,16.4471,0.6406,2.882
1502,50.000,0.006,0.006,7.407,7.407,6.750,0.006,0.006,1.531,1.531,8.951,1.18,17.00,15.0000,0.8951,4.028
1503,45.000,0.006,0.006,6.523,6.523,6.899,0.005,0.005,1.374,1.374,7.907,1.18,15.76,13.7574,0.7907,3.558
1504,30.000,0.006,0.006,4.277,4.277,7.014,0.001,0.001,0.914,0.914,5.199,1.17,14.80,12.8038,0.5199,2.339
1505,20.000,0.006,0.006,2.823,2.823,7.085,0.001,0.001,0.609,0.609,3.438,1.17,14.20,12.2044,0.3438,1.547
1506,25.000,0.006,0.006,3.516,3.516,7.110,0.001,0.001,0.760,0.760,4.283,1.17,14.00,12.0000,0.4283,1.928
1507,35.000,0.006,0.006,4.940,4.940,7.085,0.002,0.002,1.065,1.065,6.013,1.17,14.20,12.2044,0.6013,2.706
1508,50.000,0.006,0.006,7.129,7.129,7.014,0.006,0.006,1.523,1.523,8.665,1.17,14.80,12.8038,0.8665,3.899
1509,45.000,0.006,0.006,6.523,6.523,6.899,0.005,0.005,1.374,1.374,7.907,1.18,15.76,13.7574,0.7907,3.558
1510,30.000,0.006,0.006,4.444,4.444,6.750,0.001,0.001,0.919,0.919,5.370,1.18,17.00,15.0000,0.5370,2.417
1511,20.000,0.006,0.006,3.041,3.041,6.576,0.001,0.001,0.614,0.614,3.662,1.18,18.45,16.4471,0.3662,1.648
1512,25.000,0.006,0.006,3.912,3.912,6.390,0.001,0.001,0.771,0.771,4.690,1.19,20.00,18.0000,0.4690,2.111
1513,35.000,0.006,0.006,5.642,5.642,6.204,0.002,0.002,1.084,1.084,6.734,1.19,21.55,19.5529,0.6734,3.030
1514,50.000,0.006,0.006,8.292,8.292,6.030,0.006,0.006,1.554,1.554,9.859,1.20,23.00,21.0000,0.9859,4.436
1515,45.000,0.006,0.006,7.652,7.652,5.881,0.005,0.005,1.404,1.404,9.067,1.20,24.24,22.2426,0.9067,4.080
1516,30.000,0.006,0.006,5.202,5.202,5.766,0.001,0.001,0.939,0.939,6.149,1.20,25.20,23.1962,0.6149,2.767
1517,20.000,0.006,0.006,3.512,3.512,5.695,0.001,0.001,0.627,0.627,4.146,1.21,25.80,23.7956,0.4146,1.866
1518,25.000,0.006,0.006,4.409,4.409,5.670,0.001,0.001,0.784,0.784,5.200,1.21,26.00,24.0000,0.5200,2.340
1519,35.000,0.006,0.006,6.146,6.146,5.695,0.002,0.002,1.097,1.097,7.252,1.21,25.80,23.7956,0.7252,3.263
1520,50.000,0.006,0.006,8.671,8.671,5.766,0.006,0.006,1.565,1.565,10.248,1.20,25.20,23.1962,1.0248,4.611
1521,45.000,0.006,0.006,7.652,7.652,5.881,0.005,0.005,1.404,1.404,9.067,1.20,24.24,22.2426,0.9067,4.080
1522,30.000,0.006,0.006,4.975,4.975,6.030,0.001,0.001,0.933,0.933,5.915,1.20,23.00,21.0000,0.5915,2.662
1523,20.000,0.006,0.006,3.224,3.224,6.204,0.001,0.001,0.619,0.619,3.850,1.19,21.55,19.5529,0.3850,1.732
1524,25.000,0.006,0.006,3.912,3.912,6.390,0.001,0.001,0.771,0.771,4.690,1.19,20.00,18.0000,0.4690,2.111
1525,35.000,0.006,0.006,5.322,5.322,6.576,0.002,0.002,1.075,1.075,6.406,1.18,18.45,16.4471,0.6406,2.882
1526,50.000,0.006,0.006,7.407,7.407,6.750,0.006,0.006,1.531,1.531,8.951,1.18,17.00,15.0000,0.8951,4.028
1527,45.000,0.006,0.006,6.523,6.523,6.899,0.005,0.005,1.374,1.374,7.907,1.18,15.76,13.7574,0.7907,3.558
1528,30.000,0.006,0.006,4.277,4.277,7.014,0.001,0.001,0.914,0.914,5.199,1.17,14.80,12.8038,0.5199,2.339
1529,20.000,0.006,0.006,2.823,2.823,7.085,0.001,0.001,0.609,0.609,3.438,1.17,14.20,12.2044,0.3438,1.547
1530,25.000,0.006,0.006,3.516,3.516,7.110,0.001,0.001,0.760,0.760,4.283,1.17,14.00,12.0000,0.4283,1.928
1531,35.000,0.006,0.006,4.940,4.940,7.085,0.002,0.002,1.065,1.065,6.013,1.17,14.20,12.2044,0.6013,2.706
1532,50.000,0.006,0.006,7.129,7.129,7.014,0.006,0.006,1.523,1.523,8.665,1.17,14.80,12.8038,0.8665,3.899
1533,45.000,0.006,0.006,6.523,6.523,6.899,0.005,0.005,1.374,1.374,7.907,1.18,15.76,13.7574,0.7907,3.558
1534,30.000,0.006,0.006,4.444,4.444,6.750,0.001,0.001,0.919,0.919,5.370,1.18,17.00,15.0000,0.5370,2.417
1535,20.000,0.006,0.006,3.041,3.041,6.576,0.001,0.001,0.614,0.614,3.662,1.18,18.45,16.4471,0.3662,1.648
1536,25.000,0.006,0.006,3.912,3.912,6.390,0.001,0.001,0.771,0.771,4.690,1.19,20.00,18.0000,0.4690,2.111
1537,35.000,0.006,0.006,5.642,5.642,6.204,0.002,0.002,1.084,1.084,6.734,1.19,21.55,19.5529,0.6734,3.030
1538,50.000,0.006,0.006,8.292,8.292,6.030,0.006,0.006,1.554,1.554,9.859,1.20,23.00,21.0000,0.9859,4.436
1539,45.000,0.006,0.006,7.652,7.652,5.881,0.005,0.005,1.404,1.404,9.067,1.20,24.24,22.2426,0.9067,4.080
1540,30.000,0.006,0.006,5.202,5.202,5.766,0.001,0.001,0.939,0.939,6.149,1.20,25.20,23.1962,0.6149,2.767
1541,20.000,0.006,0.006,3.512,3.512,5.695,0.001,0.001,0.627,0.627,4.146,1.21,25.80,23.7956,0.4146,1.866
1542,25.000,0.006,0.006,4.409,4.409,5.670,0.001,0.001,0.784,0.784,5.200,1.21,26.00,24.0000,0.5200,2.340
1543,35.000,0.006,0.006,6.146,6.146,5.695,0.002,0.002,1.097,1.097,7.252,1.21,25.80,23.7956,0.7252,3.263
1544,50.000,0.006,0.006,8.671,8.671,5.766,0.006,0.006,1.565,1.565,10.248,1.20,25.20,23.1962,1.0248,4.611
1545,45.000,0.006,0.006,7.652,7.652,5.881,0.005,0.005,1.404,1.404,9.067,1.20,24.24,22.2426,0.9067,4.080
1546,30.000,0.006,0.006,4.975,4.975,6.030,0.001,0.001,0.933,0.933,5.915,1.20,23.00,21.0000,0.5915,2.662
1547,20.000,0.006,0.006,3.224,3.224,6.204,0.001,0.001,0.619,0.619,3.850,1.19,21.55,19.5529,0.3850,1.732
1548,25.000,0.006,0.006,3.912,3.912,6.390,0.001,0.001,0.771,0.771,4.690,1.19,20.00,18.0000,0.4690,2.111
1549,35.000,0.006,0.006,5.322,5.322,6.576,0.002,0.002,1.075,1.075,6.406,1.18,18.45,16.4471,0.6406,2.882
1550,50.000,0.006,0.006,7.407,7.407,6.750,0.006,0.006,1.531,1.531,8.951,1.18,17.00,15.0000,0.8951,4.028
1551,45.000,0.006,0.006,6.523,6.523,6.899,0.005,0.005,1.374,1.374,7.907,1.18,15.76,13.7574,0.7907,3.558
1552,30.000,0.006,0.006,4.277,4.277,7.014,0.001,0.001,0.914,0.914,5.199,1.17,14.80,12.8038,0.5199,2.339
1553,20.000,0.006,0.006,2.823,2.823,7.085,0.001,0.001,0.609,0.609,3.438,1.17,14.20,12.2044,0.3438,1.547
1554,25.000,0.006,0.006,3.516,3.516,7.110,0.001,0.001,0.760,0.760,4.283,1.17,14.00,12.0000,0.4283,1.928
1555,35.000,0.006,0.006,4.940,4.940,7.085,0.002,0.002,1.065,1.065,6.013,1.17,14.20,12.2044,0.6013,2.706
1556,50.000,0.006,0.006,7.129,7.129,7.014,0.006,0.006,1.523,1.523,8.665,1.17,14.80,12.8038,0.8665,3.899
1557,45.000,0.006,0.006,6.523,6.523,6.899,0.005,0.005,1.374,1.374,7.907,1.18,15.76,13.7574,0.7907,3.558
1558,30.000,0.006,0.006,4.444,4.444,6.750,0.001,0.001,0.919,0.919,5.370,1.18,17.00,15.0000,0.5370,2.417
1559,20.000,0.006,0.006,3.041,3.041,6.576,0.001,0.001,0.614,0.614,3.662,1.18,18.45,16.4471,0.3662,1.648
1560,25.000,0.006,0.006,3.912,3.912,6.390,0.001,0.001,0.771,0.771,4.690,1.19,20.00,18.0000,0.4690,2.111
1561,35.000,0.006,0.006,5.642,5.642,6.204,0.002,0.002,1.084,1.084,6.734,1.19,21.55,19.5529,0.6734,3.030
1562,50.000,0.006,0.006,8.292,8.292,6.030,0.006,0.006,1.554,1.554,9.859,1.20,23.00,21.0000,0.9859,4.436
1563,45.000,0.006,0.006,7.652,7.652,5.881,0.005,0.005,1.404,1.404,9.067,1.20,24.24,22.2426,0.9067,4.080
1564,30.000,0.006,0.006,5.202,5.202,5.766,0.001,0.001,0.939,0.939,6.149,1.20,25.20,23.1962,0.6149,2.767
1565,20.000,0.006,0.006,3.512,3.512,5.695,0.001,0.001,0.627,0.627,4.146,1.21,25.80,23.7956,0.4146,1.866
1566,25.000,0.006,0.006,4.409,4.409,5.670,0.001,0.001,0.784,0.784,5.200,1.21,26.00,24.0000,0.5200,2.340
1567,35.000,0.006,0.006,6.146,6.146,5.695,0.002,0.002,1.097,1.097,7.252,1.21,25.80,23.7956,0.7252,3.263
1568,50.000,0.006,0.006,8.671,8.671,5.766,0.006,0.006,1.565,1.565,10.248,1.20,25.20,23.1962,1.0248,4.611
1569,45.000,0.006,0.006,7.652,7.652,5.881,0.005,0.005,1.404,1.404,9.067,1.20,24.24,22.2426,0.9067,4.080
1570,30.000,0.006,0.006,4.975,4.975,6.030,0.001,0.001,0.933,0.933,5.915,1.20,23.00,21.0000,0.5915,2.662
1571,20.000,0.006,0.006,3.224,3.224,6.204,0.001,0.001,0.619,0.619,3.850,1.19,21.55,19.5529,0.3850,1.732
1572,25.000,0.006,0.006,3.912,3.912,6.390,0.001,0.001,0.771,0.771,4.690,1.19,20.00,18.0000,0.4690,2.111
1573,35.000,0.006,0.006,5.322,5.322,6.576,0.002,0.002,1.075,1.075,6.406,1.18,18.45,16.4471,0.6406,2.882
1574,50.000,0.006,0.006,7.407,7.407,6.750,0.006,0.006,1.531,1.531,8.951,1.18,17.00,15.0000,0.8951,4.028
1575,45.000,0.006,0.006,6.523,6.523,6.899,0.005,0.005,1.374,1.374,7.907,1.18,15.76,13.7574,0.7907,3.558
1576,30.000,0.006,0.006,4.277,4.277,7.014,0.001,0.001,0.914,0.914,5.199,1.17,14.80,12.8038,0.5199,2.339
1577,20.000,0.006,0.006,2.823,2.823,7.085,0.001,0.001,0.609,0.609,3.438,1.17,14.20,12.2044,0.3438,1.547
1578,25.000,0.006,0.006,3.516,3.516,7.110,0.001,0.001,0.760,0.760,4.283,1.17,14.00,12.0000,0.4283,1.928
1579,35.000,0.006,0.006,4.940,4.940,7.085,0.002,0.002,1.065,1.065,6.013,1.17,14.20,12.2044,0.6013,2.706
1580,50.000,0.006,0.006,7.129,7.129,7.014,0.006,0.006,1.523,1.523,8.665,1.17,14.80,12.8038,0.8665,3.899
1581,45.000,0.006,0.006,6.523,6.523,6.899,0.005,0.005,1.374,1.374,7.907,1.18,15.76,13.7574,0.7907,3.558
1582,30.000,0.006,0.006,4.444,4.444,6.750,0.001,0.001,0.919,0.919,5.370,1.18,17.00,15.0000,0.5370,2.417
1583,20.000,0.006,0.006,3.041,3.041,6.576,0.001,0.001,0.614,0.614,3.662,1.18,18.45,16.4471,0.3662,1.648
1584,25.000,0.006,0.006,3.912,3.912,6.390,0.001,0.001,0.771,0.771,4.690,1.19,20.00,18.0000,0.4690,2.111
1585,35.000,0.006,0.006,5.642,5.642,6.204,0.002,0.002,1.084,1.084,6.734,1.19,21.55,19.5529,0.6734,3.030
1586,50.000,0.006,0.006,8.292,8.292,6.030,0.006,0.006,1.554,1.554,9.859,1.20,23.00,21.0000,0.9859,4.436
1587,45.000,0.006,0.006,7.652,7.652,5.881,0.005,0.005,1.404,1.404,9.067,1.20,24.24,22.2426,0.9067,4.080
1588,30.000,0.006,0.006,5.202,5.202,5.766,0.001,0.001,0.939,0.939,6.149,1.20,25.20,23.1962,0.6149,2.767
1589,20.000,0.006,0.006,3.512,3.512,5.695,0.001,0.001,0.627,0.627,4.146,1.21,25.80,23.7956,0.4146,1.866
1590,25.000,0.006,0.006,4.409,4.409,5.670,0.001,0.001,0.784,0.784,5.200,1.21,26.00,24.0000,0.5200,2.340
1591,35.000,0.006,0.006,6.146,6.146,5.695,0.002,0.002,1.097,1.097,7.252,1.21,25.80,23.7956,0.7252,3.263
1592,50.000,0.006,0.006,8.671,8.671,5.766,0.006,0.006,1.565,1.565,10.248,1.20,25.20,23.1962,1.0248,4.611
1593,45.000,0.006,0.006,7.652,7.652,5.881,0.005,0.005,1.404,1.404,9.067,1.20,24.24,22.2426,0.9067,4.080
1594,30.000,0.006,0.006,4.975,4.975,6.030,0.001,0.001,0.933,0.933,5.915,1.20,23.00,21.0000,0.5915,2.662
1595,20.000,0.006,0.006,3.224,3.224,6.204,0.001,0.001,0.619,0.619,3.850,1.19,21.55,19.5529,0.3850,1.732
1596,25.000,0.006,0.006,3.912,3.912,6.390,0.001,0.001,0.771,0.771,4.690,1.19,20.00,18.0000,0.4690,2.111
1597,35.000,0.006,0.006,5.322,5.322,6.576,0.002,0.002,1.075,1.075,6.406,1.18,18.45,16.4471,0.6406,2.882
1598,50.000,0.006,0.006,7.407,7.407,6.750,0.006,0.006,1.531,1.531,8.951,1.18,17.00,15.0000,0.8951,4.028
1599,45.000,0.006,0.006,6.523,6.523,6.899,0.005,0.005,1.374,1.374,7.907,1.18,15.76,13.7574,0.7907,3.558
1600,30.000,0.006,0.006,4.277,4.277,7.014,0.001,0.001,0.914,0.914,5.199,1.17,14.80,12.8038,0.5199,2.339
1601,20.000,0.006,0.006,2.823,2.823,7.085,0.001,0.001,0.609,0.609,3.438,1.17,14.20,12.2044,0.3438,1.547
1602,25.000,0.006,0.006,3.516,3.516,7.110,0.001,0.001,0.760,0.760,4.283,1.17,14.00,12.0000,0.4283,1.928
1603,35.000,0.006,0.006,4.940,4.940,7.085,0.002,0.002,1.065,1.065,6.013,1.17,14.20,12.2044,0.6013,2.706
1604,50.000,0.006,0.006,7.129,7.129,7.014,0.006,0.006,1.523,1.523,8.665,1.17,14.80,12.8038,0.8665,3.899
1605,45.000,0.006,0.006,6.523,6.523,6.899,0.005,0.005,1.374,1.374,7.907,1.18,15.76,13.7574,0.7907,3.558
1606,30.000,0.006,0.006,4.444,4.444,6.750,0.001,0.001,0.919,0.919,5.370,1.18,17.00,15.0000,0.5370,2.417
1607,20.000,0.006,0.006,3.041,3.041,6.576,0.001,0.001,0.614,0.614,3.662,1.18,18.45,16.4471,0.3662,1.648
1608,25.000,0.006,0.006,3.912,3.912,6.390,0.001,0.001,0.771,0.771,4.690,1.19,20.00,18.0000,0.4690,2.111
1609,35.000,0.006,0.006,5.642,5.642,6.204,0.002,0.002,1.084,1.084,6.734,1.19,21.55,19.5529,0.6734,3.030
1610,50.000,0.006,0.006,8.292,8.292,6.030,0.006,0.006,1.554,1.554,9.859,1.20,23.00,21.0000,0.9859,4.436
1611,45.000,0.006,0.006,7.652,7.652,5.881,0.005,0.005,1.404,1.404,9.067,1.20,24.24,22.2426,0.9067,4.080
1612,30.000,0.006,0.006,5.202,5.202,5.766,0.001,0.001,0.939,0.939,6.149,1.20,25.20,23.1962,0.6149,2.767
1613,20.000,0.006,0.006,3.512,3.512,5.695,0.001,0.001,0.627,0.627,4.146,1.21,25.80,23.7956,0.4146,1.866
1614,25.000,0.006,0.006,4.409,4.409,5.670,0.001,0.001,0.784,0.784,5.200,1.21,26.00,24.0000,0.5200,2.340
1615,35.000,0.006,0.006,6.146,6.146,5.695,0.002,0.002,1.097,1.097,7.252,1.21,25.80,23.7956,0.7252,3.263
1616,50.000,0.006,0.006,8.671,8.671,5.766,0.006,0.006,1.565,1.565,10.248,1.20,25.20,23.1962,1.0248,4.611
1617,45.000,0.006,0.006,7.652,7.652,5.881,0.005,0.005,1.404,1.404,9.067,1.20,24.24,22.2426,0.9067,4.080
1618,30.000,0.006,0.006,4.975,4.975,6.030,0.001,0.001,0.933,0.933,5.915,1.20,23.00,21.0000,0.5915,2.662
1619,20.000,0.006,0.006,3.224,3.224,6.204,0.001,0.001,0.619,0.619,3.850,1.19,21.55,19.5529,0.3850,1.732
1620,25.000,0.006,0.006,3.912,3.912,6.390,0.001,0.001,0.771,0.771,4.690,1.19,20.00,18.0000,0.4690,2.111
1621,35.000,0.006,0.006,5.322,5.322,6.576,0.002,0.002,1.075,1.075,6.406,1.18,18.45,16.4471,0.6406,2.882
1622,50.000,0.006,0.006,7.407,7.407,6.750,0.006,0.006,1.531,1.531,8.951,1.18,17.00,15.0000,0.8951,4.028
1623,45.000,0.006,0.006,6.523,6.523,6.899,0.005,0.005,1.374,1.374,7.907,1.18,15.76,13.7574,0.7907,3.558
1624,30.000,0.006,0.006,4.277,4.277,7.014,0.001,0.001,0.914,0.914,5.199,1.17,14.80,12.8038,0.5199,2.339
1625,20.000,0.006,0.006,2.823,2.823,7.085,0.001,0.001,0.609,0.609,3.438,1.17,14.20,12.2044,0.3438,1.547
1626,25.000,0.006,0.006,3.516,3.516,7.110,0.001,0.001,0.760,0.760,4.283,1.17,14.00,12.0000,0.4283,1.928
1627,35.000,0.006,0.006,4.940,4.940,7.085,0.002,0.002,1.065,1.065,6.013,1.17,14.20,12.2044,0.6013,2.706
1628,50.000,0.006,0.006,7.129,7.129,7.014,0.006,0.006,1.523,1.523,8.665,1.17,14.80,12.8038,0.8665,3.899
1629,45.000,0.006,0.006,6.523,6.523,6.899,0.005,0.005,1.374,1.374,7.907,1.18,15.76,13.7574,0.7907,3.558
1630,30.000,0.006,0.006,4.444,4.444,6.750,0.001,0.001,0.919,0.919,5.370,1.18,17.00,15.0000,0.5370,2.417
1631,20.000,0.006,0.006,3.041,3.041,6.576,0.001,0.001,0.614,0.614,3.662,1.18,18.45,16.4471,0.3662,1.648
1632,25.000,0.006,0.006,3.912,3.912,6.390,0.001,0.001,0.771,0.771,4.690,1.19,20.00,18.0000,0.4690,2.111
1633,35.000,0.006,0.006,5.642,5.642,6.204,0.002,0.002,1.084,1.084,6.734,1.19,21.55,19.5529,0.6734,3.030
1634,50.000,0.006,0.006,8.292,8.292,6.030,0.006,0.006,1.554,1.554,9.859,1.20,23.00,21.0000,0.9859,4.436
1635,45.000,0.006,0.006,7.652,7.652,5.881,0.005,0.005,1.404,1.404,9.067,1.20,24.24,22.2426,0.9067,4.080
1636,30.000,0.006,0.006,5.202,5.202,5.766,0.001,0.001,0.939,0.939,6.149,1.20,25.20,23.1962,0.6149,2.767
1637,20.000,0.006,0.006,3.512,3.512,5.695,0.001,0.001,0.627,0.627,4.146,1.21,25.80,23.7956,0.4146,1.866
1638,25.000,0.006,0.006,4.409,4.409,5.670,0.001,0.001,0.784,0.784,5.200,1.21,26.00,24.0000,0.5200,2.340
1639,35.000,0.006,0.006,6.146,6.146,5.695,0.002,0.002,1.097,1.097,7.252,1.21,25.80,23.7956,0.7252,3.263
1640,50.000,0.006,0.006,8.671,8.671,5.766,0.006,0.006,1.565,1.565,10.248,1.20,25.20,23.1962,1.0248,4.611
1641,45.000,0.006,0.006,7.652,7.652,5.881,0.005,0.005,1.404,1.404,9.067,1.20,24.24,22.2426,0.9067,4.080
1642,30.000,0.006,0.006,4.975,4.975,6.030,0.001,0.001,0.933,0.933,5.915,1.20,23.00,21.0000,0.5915,2.662
1643,20.000,0.006,0.006,3.224,3.224,6.204,0.001,0.001,0.619,0.619,3.850,1.19,21.55,19.5529,0.3850,1.732
1644,25.000,0.006,0.006,3.912,3.912,6.390,0.001,0.001,0.771,0.771,4.690,1.19,20.00,18.0000,0.4690,2.111
1645,35.000,0.006,0.006,5.322,5.322,6.576,0.002,0.002,1.075,1.075,6.406,1.18,18.45,16.4471,0.6406,2.882
1646,50.000,0.006,0.006,7.407,7.407,6.750,0.006,0.006,1.531,1.531,8.951,1.18,17.00,15.0000,0.8951,4.028
1647,45.000,0.006,0.006,6.523,6.523,6.899,0.005,0.005,1.374,1.374,7.907,1.18,15.76,13.7574,0.7907,3.558
1648,30.000,0.006,0.006,4.277,4.277,7.014,0.001,0.001,0.914,0.914,5.199,1.17,14.80,12.8038,0.5199,2.339
1649,20.000,0.006,0.006,2.823,2.823,7.085,0.001,0.001,0.609,0.609,3.438,1.17,14.20,12.2044,0.3438,1.547
1650,25.000,0.006,0.006,3.516,3.516,7.110,0.001,0.001,0.760,0.760,4.283,1.17,14.00,12.0000,0.4283,1.928
1651,35.000,0.006,0.006,4.940,4.940,7.085,0.002,0.002,1.065,1.065,6.013,1.17,14.20,12.2044,0.6013,2.706
1652,50.000,0.006,0.006,7.129,7.129,7.014,0.006,0.006,1.523,1.523,8.665,1.17,14.80,12.8038,0.8665,3.899
1653,45.000,0.006,0.006,6.523,6.523,6.899,0.005,0.005,1.374,1.374,7.907,1.18,15.76,13.7574,0.7907,3.558
1654,30.000,0.006,0.006,4.444,4.444,6.750,0.001,0.001,0.919,0.919,5.370,1.18,17.00,15.0000,0.5370,2.417
1655,20.000,0.006,0.006,3.041,3.041,6.576,0.001,0.001,0.614,0.614,3.662,1.18,18.45,16.4471,0.3662,1.648
1656,25.000,0.006,0.006,3.912,3.912,6.390,0.001,0.001,0.771,0.771,4.690,1.19,20.00,18.0000,0.4690,2.111
1657,35.000,0.006,0.006,5.642,5.642,6.204,0.002,0.002,1.084,1.084,6.734,1.19,21.55,19.5529,0.6734,3.030
1658,50.000,0.006,0.006,8.292,8.292,6.030,0.006,0.006,1.554,1.554,9.859,1.20,23.00,21.0000,0.9859,4.436
1659,45.000,0.006,0.006,7.652,7.652,5.881,0.005,0.005,1.404,1.404,9.067,1.20,24.24,22.2426,0.9067,4.080
1660,30.000,0.006,0.006,5.202,5.202,5.766,0.001,0.001,0.939,0.939,6.149,1.20,25.20,23.1962,0.6149,2.767
1661,20.000,0.006,0.006,3.512,3.512,5.695,0.001,0.001,0.627,0.627,4.146,1.21,25.80,23.7956,0.4146,1.866
1662,25.000,0.006,0.006,4.409,4.409,5.670,0.001,0.001,0.784,0.784,5.200,1.21,26.00,24.0000,0.5200,2.340
1663,35.000,0.006,0.006,6.146,6.146,5.695,0.002,0.002,1.097,1.097,7.252,1.21,25.80,23.7956,0.7252,3.263
1664,50.000,0.006,0.006,8.671,8.671,5.766,0.006,0.006,1.565,1.565,10.248,1.20,25.20,23.1962,1.0248,4.611
1665,45.000,0.006,0.006,7.652,7.652,5.881,0.005,0.005,1.404,1.404,9.067,1.20,24.24,22.2426,0.9067,4.080
1666,30.000,0.006,0.006,4.975,4.975,6.030,0.001,0.001,0.933,0.933,5.915,1.20,23.00,21.0000,0.5915,2.662
1667,20.000,0.006,0.006,3.224,3.224,6.204,0.001,0.001,0.619,0.619,3.850,1.19,21.55,19.5529,0.3850,1.732
1668,25.000,0.006,0.006,3.912,3.912,6.390,0.001,0.001,0.771,0.771,4.690,1.19,20.00,18.0000,0.4690,2.111
1669,35.000,0.006,0.006,5.322,5.322,6.576,0.002,0.002,1.075,1.075,6.406,1.18,18.45,16.4471,0.6406,2.882
1670,50.000,0.006,0.006,7.407,7.407,6.750,0.006,0.006,1.531,1.531,8.951,1.18,17.00,15.0000,0.8951,4.028
1671,45.000,0.006,0.006,6.523,6.523,6.899,0.005,0.005,1.374,1.374,7.907,1.18,15.76,13.7574,0.7907,3.558
1672,30.000,0.006,0.006,4.277,4.277,7.014,0.001,0.001,0.914,0.914,5.199,1.17,14.80,12.8038,0.5199,2.339
1673,20.000,0.006,0.006,2.823,2.823,7.085,0.001,0.001,0.609,0.609,3.438,1.17,14.20,12.2044,0.3438,1.547
1674,25.000,0.006,0.006,3.516,3.516,7.110,0.001,0.001,0.760,0.760,4.283,1.17,14.00,12.0000,0.4283,1.928
1675,35.000,0.006,0.006,4.940,4.940,7.085,0.002,0.002,1.065,1.065,6.013,1.17,14.20,12.2044,0.6013,2.706
1676,50.000,0.006,0.006,7.129,7.129,7.014,0.006,0.006,1.523,1.523,8.665,1.17,14.80,12.8038,0.8665,3.899
1677,45.000,0.006,0.006,6.523,6.523,6.899,0.005,0.005,1.374,1.374,7.907,1.18,15.76,13.7574,0.7907,3.558
1678,30.000,0.006,0.006,4.444,4.444,6.750,0.001,0.001,0.919,0.919,5.370,1.18,17.00,15.0000,0.5370,2.417
1679,20.000,0.006,0.006,3.041,3.041,6.576,0.001,0.001,0.614,0.614,3.662,1.18,18.45,16.4471,0.3662,1.648
1680,25.000,0.006,0.006,3.912,3.912,6.390,0.001,0.001,0.771,0.771,4.690,1.19,20.00,18.0000,0.4690,2.111
1681,35.000,0.006,0.006,5.642,5.642,6.204,0.002,0.002,1.084,1.084,6.734,1.19,21.55,19.5529,0.6734,3.030
1682,50.000,0.006,0.006,8.292,8.292,6.030,0.006,0.006,1.554,1.554,9.859,1.20,23.00,21.0000,0.9859,4.436
1683,45.000,0.006,0.006,7.652,7.652,5.881,0.005,0.005,1.404,1.404,9.067,1.20,24.24,22.2426,0.9067,4.080
1684,30.000,0.006,0.006,5.202,5.202,5.766,0.001,0.001,0.939,0.939,6.149,1.20,25.20,23.1962,0.6149,2.767
1685,20.000,0.006,0.006,3.512,3.512,5.695,0.001,0.001,0.627,0.627,4.146,1.21,25.80,23.7956,0.4146,1.866
1686,25.000,0.006,0.006,4.409,4.409,5.670,0.001,0.001,0.784,0.784,5.200,1.21,26.00,24.0000,0.5200,2.340
1687,35.000,0.006,0.006,6.146,6.146,5.695,0.002,0.002,1.097,1.097,7.252,1.21,25.80,23.7956,0.7252,3.263
1688,50.000,0.006,0.006,8.671,8.671,5.766,0.006,0.006,1.565,1.565,10.248,1.20,25.20,23.1962,1.0248,4.611
1689,45.000,0.006,0.006,7.652,7.652,5.881,0.005,0.005,1.404,1.404,9.067,1.20,24.24,22.2426,0.9067,4.080
1690,30.000,0.006,0.006,4.975,4.975,6.030,0.001,0.001,0.933,0.933,5.915,1.20,23.00,21.0000,0.5915,2.662
1691,20.000,0.006,0.006,3.224,3.224,6.204,0.001,0.001,0.619,0.619,3.850,1.19,21.55,19.5529,0.3850,1.732
1692,25.000,0.006,0.006,3.912,3.912,6.390,0.001,0.001,0.771,0.771,4.690,1.19,20.00,18.0000,0.4690,2.111
1693,35.000,0.006,0.006,5.322,5.322,6.576,0.002,0.002,1.075,1.075,6.406,1.18,18.45,16.4471,0.6406,2.882
1694,50.000,0.006,0.006,7.407,7.407,6.750,0.006,0.006,1.531,1.531,8.951,1.18,17.00,15.0000,0.8951,4.028
1695,45.000,0.006,0.006,6.523,6.523,6.899,0.005,0.005,1.374,1.374,7.907,1.18,15.76,13.7574,0.7907,3.558
1696,30.000,0.006,0.006,4.277,4.277,7.014,0.001,0.001,0.914,0.914,5.199,1.17,14.80,12.8038,0.5199,2.339
1697,20.000,0.006,0.006,2.823,2.823,7.085,0.001,0.001,0.609,0.609,3.438,1.17,14.20,12.2044,0.3438,1.547
1698,25.000,0.006,0.006,3.516,3.516,7.110,0.001,0.001,0.760,0.760,4.283,1.17,14.00,12.0000,0.4283,1.928
1699,35.000,0.006,0.006,4.940,4.940,7.085,0.002,0.002,1.065,1.065,6.013,1.17,14.20,12.2044,0.6013,2.706
1700,50.000,0.006,0.006,7.129,7.129,7.014,0.006,0.006,1.523,1.523,8.665,1.17,14.80,12.8038,0.8665,3.899
1701,45.000,0.006,0.006,6.523,6.523,6.899,0.005,0.005,1.374,1.374,7.907,1.18,15.76,13.7574,0.7907,3.558
1702,30.000,0.006,0.006,4.444,4.444,6.750,0.001,0.001,0.919,0.919,5.370,1.18,17.00,15.0000,0.5370,2.417
1703,20.000,0.006,0.006,3.041,3.041,6.576,0.001,0.001,0.614,0.614,3.662,1.18,18.45,16.4471,0.3662,1.648
1704,25.000,0.006,0.006,3.912,3.912,6.390,0.001,0.001,0.771,0.771,4.690,1.19,20.00,18.0000,0.4690,2.111
1705,35.000,0.006,0.006,5.642,5.642,6.204,0.002,0.002,1.084,1.084,6.734,1.19,21.55,19.5529,0.6734,3.030
1706,50.000,0.006,0.006,8.292,8.292,6.030,0.006,0.006,1.554,1.554,9.859,1.20,23.00,21.0000,0.9859,4.436
1707,45.000,0.006,0.006,7.652,7.652,5.881,0.005,0.005,1.404,1.404,9.067,1.20,24.24,22.2426,0.9067,4.080
1708,30.000,0.006,0.006,5.202,5.202,5.766,0.001,0.001,0.939,0.939,6.149,1.20,25.20,23.1962,0.6149,2.767
1709,20.000,0.006,0.006,3.512,3.512,5.695,0.001,0.001,0.627,0.627,4.146,1.21,25.80,23.7956,0.4146,1.866
1710,25.000,0.006,0.006,4.409,4.409,5.670,0.001,0.001,0.784,0.784,5.200,1.21,26.00,24.0000,0.5200,2.340
1711,35.000,0.006,0.006,6.146,6.146,5.695,0.002,0.002,1.097,1.097,7.252,1.21,25.80,23.7956,0.7252,3.263
1712,50.000,0.006,0.006,8.671,8.671,5.766,0.006,0.006,1.565,1.565,10.248,1.20,25.20,23.1962,1.0248,4.611
1713,45.000,0.006,0.006,7.652,7.652,5.881,0.005,0.005,1.404,1.404,9.067,1.20,24.24,22.2426,0.9067,4.080
1714,30.000,0.006,0.006,4.975,4.975,6.030,0.001,0.001,0.933,0.933,5.915,1.20,23.00,21.0000,0.5915,2.662
1715,20.000,0.006,0.006,3.224,3.224,6.204,0.001,0.001,0.619,0.619,3.850,1.19,21.55,19.5529,0.3850,1.732
1716,25.000,0.006,0.006,3.912,3.912,6.390,0.001,0.001,0.771,0.771,4.690,1.19,20.00,18.0000,0.4690,2.111
1717,35.000,0.006,0.006,5.322,5.322,6.576,0.002,0.002,1.075,1.075,6.406,1.18,18.45,16.4471,0.6406,2.882
1718,50.000,0.006,0.006,7.407,7.407,6.750,0.006,0.006,1.531,1.531,8.951,1.18,17.00,15.0000,0.8951,4.028
1719,45.000,0.006,0.006,6.523,6.523,6.899,0.005,0.005,1.374,1.374,7.907,1.18,15.76,13.7574,0.7907,3.558
1720,30.000,0.006,0.006,4.277,4.277,7.014,0.001,0.001,0.914,0.914,5.199,1.17,14.80,12.8038,0.5199,2.339
1721,20.000,0.006,0.006,2.823,2.823,7.085,0.001,0.001,0.609,0.609,3.438,1.17,14.20,12.2044,0.3438,1.547
1722,25.000,0.006,0.006,3.516,3.516,7.110,0.001,0.001,0.760,0.760,4.283,1.17,14.00,12.0000,0.4283,1.928
1723,35.000,0.006,0.006,4.940,4.940,7.085,0.002,0.002,1.065,1.065,6.013,1.17,14.20,12.2044,0.6013,2.706
1724,50.000,0.006,0.006,7.129,7.129,7.014,0.006,0.006,1.523,1.523,8.665,1.17,14.80,12.8038,0.8665,3.899
1725,45.000,0.006,0.006,6.523,6.523,6.899,0.005,0.005,1.374,1.374,7.907,1.18,15.76,13.7574,0.7907,3.558
1726,30.000,0.006,0.006,4.444,4.444,6.750,0.001,0.001,0.919,0.919,5.370,1.18,17.00,15.0000,0.5370,2.417
1727,20.000,0.006,0.006,3.041,3.041,6.576,0.001,0.001,0.614,0.614,3.662,1.18,18.45,16.4471,0.3662,1.648
1728,25.000,0.006,0.006,3.912,3.912,6.390,0.001,0.001,0.771,0.771,4.690,1.19,20.00,18.0000,0.4690,2.111
1729,35.000,0.006,0.006,5.642,5.642,6.204,0.002,0.002,1.084,1.084,6.734,1.19,21.55,19.5529,0.6734,3.030
1730,50.000,0.006,0.006,8.292,8.292,6.030,0.006,0.006,1.554,1.554,9.859,1.20,23.00,21.0000,0.9859,4.436
1731,45.000,0.006,0.006,7.652,7.652,5.881,0.005,0.005,1.404,1.404,9.067,1.20,24.24,22.2426,0.9067,4.080
1732,30.000,0.006,0.006,5.202,5.202,5.766,0.001,0.001,0.939,0.939,6.149,1.20,25.20,23.1962,0.6149,2.767
1733,20.000,0.006,0.006,3.512,3.512,5.695,0.001,0.001,0.627,0.627,4.146,1.21,25.80,23.7956,0.4146,1.866
1734,25.000,0.006,0.006,4.409,4.409,5.670,0.001,0.001,0.784,0.784,5.200,1.21,26.00,24.0000,0.5200,2.340
1735,35.000,0.006,0.006,6.146,6.146,5.695,0.002,0.002,1.097,1.097,7.252,1.21,25.80,23.7956,0.7252,3.263
1736,50.000,0.006,0.006,8.671,8.671,5.766,0.006,0.006,1.565,1.565,10.248,1.20,25.20,23.1962,1.0248,4.611
1737,45.000,0.006,0.006,7.652,7.652,5.881,0.005,0.005,1.404,1.404,9.067,1.20,24.24,22.2426,0.9067,4.080
1738,30.000,0.006,0.006,4.975,4.975,6.030,0.001,0.001,0.933,0.933,5.915,1.20,23.00,21.0000,0.5915,2.662
1739,20.000,0.006,0.006,3.224,3.224,6.204,0.001,0.001,0.619,0.619,3.850,1.19,21.55,19.5529,0.3850,1.732
1740,25.000,0.006,0.006,3.912,3.912,6.390,0.001,0.001,0.771,0.771,4.690,1.19,20.00,18.0000,0.4690,2.111
1741,35.000,0.006,0.006,5.322,5.322,6.576,0.002,0.002,1.075,1.075,6.406,1.18,18.45,16.4471,0.6406,2.882
1742,50.000,0.006,0.006,7.407,7.407,6.750,0.006,0.006,1.531,1.531,8.951,1.18,17.00,15.0000,0.8951,4.028
1743,45.000,0.006,0.006,6.523,6.523,6.899,0.005,0.005,1.374,1.374,7.907,1.18,15.76,13.7574,0.7907,3.558
1744,30.000,0.006,0.006,4.277,4.277,7.014,0.001,0.001,0.914,0.914,5.199,1.17,14.80,12.8038,0.5199,2.339
1745,20.000,0.006,0.006,2.823,2.823,7.085,0.001,0.001,0.609,0.609,3.438,1.17,14.20,12.2044,0.3438,1.547
1746,25.000,0.006,0.006,3.516,3.516,7.110,0.001,0.001,0.760,0.760,4.283,1.17,14.00,12.0000,0.4283,1.928
1747,35.000,0.006,0.006,4.940,4.940,7.085,0.002,0.002,1.065,1.065,6.013,1.17,14.20,12.2044,0.6013,2.706
1748,50.000,0.006,0.006,7.129,7.129,7.014,0.006,0.006,1.523,1.523,8.665,1.17,14.80,12.8038,0.8665,3.899
1749,45.000,0.006,0.006,6.523,6.523,6.899,0.005,0.005,1.374,1.374,7.907,1.18,15.76,13.7574,0.7907,3.558
1750,30.000,0.006,0.006,4.444,4.444,6.750,0.001,0.001,0.919,0.919,5.370,1.18,17.00,15.0000,0.5370,2.417
1751,20.000,0.006,0.006,3.041,3.041,6.576,0.001,0.001,0.614,0.614,3.662,1.18,18.45,16.4471,0.3662,1.648
1752,25.000,0.006,0.006,3.912,3.912,6.390,0.001,0.001,0.771,0.771,4.690,1.19,20.00,18.0000,0.4690,2.111
1753,35.000,0.006,0.006,5.642,5.642,6.204,0.002,0.002,1.084,1.084,6.734,1.19,21.55,19.5529,0.6734,3.030
1754,50.000,0.006,0.006,8.292,8.292,6.030,0.006,0.006,1.554,1.554,9.859,1.20,23.00,21.0000,0.9859,4.436
1755,45.000,0.006,0.006,7.652,7.652,5.881,0.005,0.005,1.404,1.404,9.067,1.20,24.24,22.2426,0.9067,4.080
1756,30.000,0.006,0.006,5.202,5.202,5.766,0.001,0.001,0.939,0.939,6.149,1.20,25.20,23.1962,0.6149,2.767
1757,20.000,0.006,0.006,3.512,3.512,5.695,0.001,0.001,0.627,0.627,4.146,1.21,25.80,23.7956,0.4146,1.866
1758,25.000,0.006,0.006,4.409,4.409,5.670,0.001,0.001,0.784,0.784,5.200,1.21,26.00,24.0000,0.5200,2.340
1759,35.000,0.006,0.006,6.146,6.146,5.695,0.002,0.002,1.097,1.097,7.252,1.21,25.80,23.7956,0.7252,3.263
1760,50.000,0.006,0.006,8.671,8.671,5.766,0.006,0.006,1.565,1.565,10.248,1.20,25.20,23.1962,1.0248,4.611
1761,45.000,0.006,0.006,7.652,7.652,5.881,0.005,0.005,1.404,1.404,9.067,1.20,24.24,22.2426,0.9067,4.080
1762,30.000,0.006,0.006,4.975,4.975,6.030,0.001,0.001,0.933,0.933,5.915,1.20,23.00,21.0000,0.5915,2.662
1763,20.000,0.006,0.006,3.224,3.224,6.204,0.001,0.001,0.619,0.619,3.850,1.19,21.55,19.5529,0.3850,1.732
1764,25.000,0.006,0.006,3.912,3.912,6.390,0.001,0.001,0.771,0.771,4.690,1.19,20.00,18.0000,0.4690,2.111
1765,35.000,0.006,0.006,5.322,5.322,6.576,0.002,0.002,1.075,1.075,6.406,1.18,18.45,16.4471,0.6406,2.882
1766,50.000,0.006,0.006,7.407,7.407,6.750,0.006,0.006,1.531,1.531,8.951,1.18,17.00,15.0000,0.8951,4.028
1767,45.000,0.006,0.006,6.523,6.523,6.899,0.005,0.005,1.374,1.374,7.907,1.18,15.76,13.7574,0.7907,3.558
1768,30.000,0.006,0.006,4.277,4.277,7.014,0.001,0.001,0.914,0.914,5.199,1.17,14.80,12.8038,0.5199,2.339
1769,20.000,0.006,0.006,2.823,2.823,7.085,0.001,0.001,0.609,0.609,3.438,1.17,14.20,12.2044,0.3438,1.547
1770,25.000,0.006,0.006,3.516,3.516,7.110,0.001,0.001,0.760,0.760,4.283,1.17,14.00,12.0000,0.4283,1.928
1771,35.000,0.006,0.006,4.940,4.940,7.085,0.002,0.002,1.065,1.065,6.013,1.17,14.20,12.2044,0.6013,2.706
1772,50.000,0.006,0.006,7.129,7.129,7.014,0.006,0.006,1.523,1.523,8.665,1.17,14.80,12.8038,0.8665,3.899
1773,45.000,0.006,0.006,6.523,6.523,6.899,0.005,0.005,1.374,1.374,7.907,1.18,15.76,13.7574,0.7907,3.558
1774,30.000,0.006,0.006,4.444,4.444,6.750,0.001,0.001,0.919,0.919,5.370,1.18,17.00,15.0000,0.5370,2.417
1775,20.000,0.006,0.006,3.041,3.041,6.576,0.001,0.001,0.614,0.614,3.662,1.18,18.45,16.4471,0.3662,1.648
1776,25.000,0.006,0.006,3.912,3.912,6.390,0.001,0.001,0.771,0.771,4.690,1.19,20.00,18.0000,0.4690,2.111
1777,35.000,0.006,0.006,5.642,5.642,6.204,0.002,0.002,1.084,1.084,6.734,1.19,21.55,19.5529,0.6734,3.030
1778,50.000,0.006,0.006,8.292,8.292,6.030,0.006,0.006,1.554,1.554,9.859,1.20,23.00,21.0000,0.9859,4.436
1779,45.000,0.006,0.006,7.652,7.652,5.881,0.005,0.005,1.404,1.404,9.067,1.20,24.24,22.2426,0.9067,4.080
1780,30.000,0.006,0.006,5.202,5.202,5.766,0.001,0.001,0.939,0.939,6.149,1.20,25.20,23.1962,0.6149,2.767
1781,20.000,0.006,0.006,3.512,3.512,5.695,0.001,0.001,0.627,0.627,4.146,1.21,25.80,23.7956,0.4146,1.866
1782,25.000,0.006,0.006,4.409,4.409,5.670,0.001,0.001,0.784,0.784,5.200,1.21,26.00,24.0000,0.5200,2.340
1783,35.000,0.006,0.006,6.146,6.146,5.695,0.002,0.002,1.097,1.097,7.252,1.21,25.80,23.7956,0.7252,3.263
1784,50.000,0.006,0.006,8.671,8.671,5.766,0.006,0.006,1.565,1.565,10.248,1.20,25.20,23.1962,1.0248,4.611
1785,45.000,0.006,0.006,7.652,7.652,5.881,0.005,0.005,1.404,1.404,9.067,1.20,24.24,22.2426,0.9067,4.080
1786,30.000,0.006,0.006,4.975,4.975,6.030,0.001,0.001,0.933,0.933,5.915,1.20,23.00,21.0000,0.5915,2.662
1787,20.000,0.006,0.006,3.224,3.224,6.204,0.001,0.001,0.619,0.619,3.850,1.19,21.55,19.5529,0.3850,1.732
1788,25.000,0.006,0.006,3.912,3.912,6.390,0.001,0.001,0.771,0.771,4.690,1.19,20.00,18.0000,0.4690,2.111
1789,35.000,0.006,0.006,5.322,5.322,6.576,0.002,0.002,1.075,1.075,6.406,1.18,18.45,16.4471,0.6406,2.882
1790,50.000,0.006,0.006,7.407,7.407,6.750,0.006,0.006,1.531,1.531,8.951,1.18,17.00,15.0000,0.8951,4.028
1791,45.000,0.006,0.006,6.523,6.523,6.899,0.005,0.005,1.374,1.374,7.907,1.18,15.76,13.7574,0.7907,3.558
1792,30.000,0.006,0.006,4.277,4.277,7.014,0.001,0.001,0.914,0.914,5.199,1.17,14.80,12.8038,0.5199,2.339
1793,20.000,0.006,0.006,2.823,2.823,7.085,0.001,0.001,0.609,0.609,3.438,1.17,14.20,12.2044,0.3438,1.547
1794,25.000,0.006,0.006,3.516,3.516,7.110,0.001,0.001,0.760,0.760,4.283,1.17,14.00,12.0000,0.4283,1.928
1795,35.000,0.006,0.006,4.940,4.940,7.085,0.002,0.002,1.065,1.065,6.013,1.17,14.20,12.2044,0.6013,2.706
1796,50.000,0.006,0.006,7.129,7.129,7.014,0.006,0.006,1.523,1.523,8.665,1.17,14.80,12.8038,0.8665,3.899
1797,45.000,0.006,0.006,6.523,6.523,6.899,0.005,0.005,1.374,1.374,7.907,1.18,15.76,13.7574,0.7907,3.558
1798,30.000,0.006,0.006,4.444,4.444,6.750,0.001,0.001,0.919,0.919,5.370,1.18,17.00,15.0000,0.5370,2.417
1799,20.000,0.006,0.006,3.041,3.041,6.576,0.001,0.001,0.614,0.614,3.662,1.18,18.45,16.4471,0.3662,1.648
1800,25.000,0.006,0.006,3.912,3.912,6.390,0.001,0.001,0.771,0.771,4.690,1.19,20.00,18.0000,0.4690,2.111
1801,35.000,0.006,0.006,5.642,5.642,6.204,0.002,0.002,1.084,1.084,6.734,1.19,21.55,19.5529,0.6734,3.030
1802,50.000,0.006,0.006,8.292,8.292,6.030,0.006,0.006,1.554,1.554,9.859,1.20,23.00,21.0000,0.9859,4.436
1803,45.000,0.006,0.006,7.652,7.652,5.881,0.005,0.005,1.404,1.404,9.067,1.20,24.24,22.2426,0.9067,4.080
1804,30.000,0.006,0.006,5.202,5.202,5.766,0.001,0.001,0.939,0.939,6.149,1.20,25.20,23.1962,0.6149,2.767
1805,20.000,0.006,0.006,3.512,3.512,5.695,0.001,0.001,0.627,0.627,4.146,1.21,25.80,23.7956,0.4146,1.866
1806,25.000,0.006,0.006,4.409,4.409,5.670,0.001,0.001,0.784,0.784,5.200,1.21,26.00,24.0000,0.5200,2.340
1807,35.000,0.006,0.006,6.146,6.146,5.695,0.002,0.002,1.097,1.097,7.252,1.21,25.80,23.7956,0.7252,3.263
1808,50.000,0.006,0.006,8.671,8.671,5.766,0.006,0.006,1.565,1.565,10.248,1.20,25.20,23.1962,1.0248,4.611
1809,45.000,0.006,0.006,7.652,7.652,5.881,0.005,0.005,1.404,1.404,9.067,1.20,24.24,22.2426,0.9067,4.080
1810,30.000,0.006,0.006,4.975,4.975,6.030,0.001,0.001,0.933,0.933,5.915,1.20,23.00,21.0000,0.5915,2.662
1811,20.000,0.006,0.006,3.224,3.224,6.204,0.001,0.001,0.619,0.619,3.850,1.19,21.55,19.5529,0.3850,1.732
1812,25.000,0.006,0.006,3.912,3.912,6.390,0.001,0.001,0.771,0.771,4.690,1.19,20.00,18.0000,0.4690,2.111
1813,35.000,0.006,0.006,5.322,5.322,6.576,0.002,0.002,1.075,1.075,6.406,1.18,18.45,16.4471,0.6406,2.882
1814,50.000,0.006,0.006,7.407,7.407,6.750,0.006,0.006,1.531,1.531,8.951,1.18,17.00,15.0000,0.8951,4.028
1815,45.000,0.006,0.006,6.523,6.523,6.899,0.005,0.005,1.374,1.374,7.907,1.18,15.76,13.7574,0.7907,3.558
1816,30.000,0.006,0.006,4.277,4.277,7.014,0.001,0.001,0.914,0.914,5.199,1.17,14.80,12.8038,0.5199,2.339
1817,20.000,0.006,0.006,2.823,2.823,7.085,0.001,0.001,0.609,0.609,3.438,1.17,14.20,12.2044,0.3438,1.547
1818,25.000,0.006,0.006,3.516,3.516,7.110,0.001,0.001,0.760,0.760,4.283,1.17,14.00,12.0000,0.4283,1.928
1819,35.000,0.006,0.006,4.940,4.940,7.085,0.002,0.002,1.065,1.065,6.013,1.17,14.20,12.2044,0.6013,2.706
1820,50.000,0.006,0.006,7.129,7.129,7.014,0.006,0.006,1.523,1.523,8.665,1.17,14.80,12.8038,0.8665,3.899
1821,45.000,0.006,0.006,6.523,6.523,6.899,0.005,0.005,1.374,1.374,7.907,1.18,15.76,13.7574,0.7907,3.558
1822,30.000,0.006,0.006,4.444,4.444,6.750,0.001,0.001,0.919,0.919,5.370,1.18,17.00,15.0000,0.5370,2.417
1823,20.000,0.006,0.006,3.041,3.041,6.576,0.001,0.001,0.614,0.614,3.662,1.18,18.45,16.4471,0.3662,1.648
1824,25.000,0.006,0.006,3.912,3.912,6.390,0.001,0.001,0.771,0.771,4.690,1.19,20.00,18.0000,0.4690,2.111
1825,35.000,0.006,0.006,5.642,5.642,6.204,0.002,0.002,1.084,1.084,6.734,1.19,21.55,19.5529,0.6734,3.030
1826,50.000,0.006,0.006,8.292,8.292,6.030,0.006,0.006,1.554,1.554,9.859,1.20,23.00,21.0000,0.9859,4.436
1827,45.000,0.006,0.006,7.652,7.652,5.881,0.005,0.005,1.404,1.404,9.067,1.20,24.24,22.2426,0.9067,4.080
1828,30.000,0.006,0.006,5.202,5.202,5.766,0.001,0.001,0.939,0.939,6.149,1.20,25.20,23.1962,0.6149,2.767
1829,20.000,0.006,0.006,3.512,3.512,5.695,0.001,0.001,0.627,0.627,4.146,1.21,25.80,23.7956,0.4146,1.866
1830,25.000,0.006,0.006,4.409,4.409,5.670,0.001,0.001,0.784,0.784,5.200,1.21,26.00,24.0000,0.5200,2.340
1831,35.000,0.006,0.006,6.146,6.146,5.695,0.002,0.002,1.097,1.097,7.252,1.21,25.80,23.7956,0.7252,3.263
1832,50.000,0.006,0.006,8.671,8.671,5.766,0.006,0.006,1.565,1.565,10.248,1.20,25.20,23.1962,1.0248,4.611
1833,45.000,0.006,0.006,7.652,7.652,5.881,0.005,0.005,1.404,1.404,9.067,1.20,24.24,22.2426,0.9067,4.080
1834,30.000,0.006,0.006,4.975,4.975,6.030,0.001,0.001,0.933,0.933,5.915,1.20,23.00,21.0000,0.5915,2.662
1835,20.000,0.006,0.006,3.224,3.224,6.204,0.001,0.001,0.619,0.619,3.850,1.19,21.55,19.5529,0.3850,1.732
1836,25.000,0.006,0.006,3.912,3.912,6.390,0.001,0.001,0.771,0.771,4.690,1.19,20.00,18.0000,0.4690,2.111
1837,35.000,0.006,0.006,5.322,5.322,6.576,0.002,0.002,1.075,1.075,6.406,1.18,18.45,16.4471,0.6406,2.882
1838,50.000,0.006,0.006,7.407,7.407,6.750,0.006,0.006,1.531,1.531,8.951,1.18,17.00,15.0000,0.8951,4.028
1839,45.000,0.006,0.006,6.523,6.523,6.899,0.005,0.005,1.374,1.374,7.907,1.18,15.76,13.7574,0.7907,3.558
1840,30.000,0.006,0.006,4.277,4.277,7.014,0.001,0.001,0.914,0.914,5.199,1.17,14.80,12.8038,0.5199,2.339
1841,20.000,0.006,0.006,2.823,2.823,7.085,0.001,0.001,0.609,0.609,3.438,1.17,14.20,12.2044,0.3438,1.547
1842,25.000,0.006,0.006,3.516,3.516,7.110,0.001,0.001,0.760,0.760,4.283,1.17,14.00,12.0000,0.4283,1.928
1843,35.000,0.006,0.006,4.940,4.940,7.085,0.002,0.002,1.065,1.065,6.013,1.17,14.20,12.2044,0.6013,2.706
1844,50.000,0.006,0.006,7.129,7.129,7.014,0.006,0.006,1.523,1.523,8.665,1.17,14.80,12.8038,0.8665,3.899
1845,45.000,0.006,0.006,6.523,6.523,6.899,0.005,0.005,1.374,1.374,7.907,1.18,15.76,13.7574,0.7907,3.558
1846,30.000,0.006,0.006,4.444,4.444,6.750,0.001,0.001,0.919,0.919,5.370,1.18,17.00,15.0000,0.5370,2.417
1847,20.000,0.006,0.006,3.041,3.041,6.576,0.001,0.001,0.614,0.614,3.662,1.18,18.45,16.4471,0.3662,1.648
1848,25.000,0.006,0.006,3.912,3.912,6.390,0.001,0.001,0.771,0.771,4.690,1.19,20.00,18.0000,0.4690,2.111
1849,35.000,0.006,0.006,5.642,5.642,6.204,0.002,0.002,1.084,1.084,6.734,1.19,21.55,19.5529,0.6734,3.030
1850,50.000,0.006,0.006,8.292,8.292,6.030,0.006,0.006,1.554,1.554,9.859,1.20,23.00,21.0000,0.9859,4.436
1851,45.000,0.006,0.006,7.652,7.652,5.881,0.005,0.005,1.404,1.404,9.067,1.20,24.24,22.2426,0.9067,4.080
1852,30.000,0.006,0.006,5.202,5.202,5.766,0.001,0.001,0.939,0.939,6.149,1.20,25.20,23.1962,0.6149,2.767
1853,20.000,0.006,0.006,3.512,3.512,5.695,0.001,0.001,0.627,0.627,4.146,1.21,25.80,23.7956,0.4146,1.866
1854,25.000,0.006,0.006,4.409,4.409,5.670,0.001,0.001,0.784,0.784,5.200,1.21,26.00,24.0000,0.5200,2.340
1855,35.000,0.006,0.006,6.146,6.146,5.695,0.002,0.002,1.097,1.097,7.252,1.21,25.80,23.7956,0.7252,3.263
1856,50.000,0.006,0.006,8.671,8.671,5.766,0.006,0.006,1.565,1.565,10.248,1.20,25.20,23.1962,1.0248,4.611
1857,45.000,0.006,0.006,7.652,7.652,5.881,0.005,0.005,1.404,1.404,9.067,1.20,24.24,22.2426,0.9067,4.080
1858,30.000,0.006,0.006,4.975,4.975,6.030,0.001,0.001,0.933,0.933,5.915,1.20,23.00,21.0000,0.5915,2.662
1859,20.000,0.006,0.006,3.224,3.224,6.204,0.001,0.001,0.619,0.619,3.850,1.19,21.55,19.5529,0.3850,1.732
1860,25.000,0.006,0.006,3.912,3.912,6.390,0.001,0.001,0.771,0.771,4.690,1.19,20.00,18.0000,0.4690,2.111
1861,35.000,0.006,0.006,5.322,5.322,6.576,0.002,0.002,1.075,1.075,6.406,1.18,18.45,16.4471,0.6406,2.882
1862,50.000,0.006,0.006,7.407,7.407,6.750,0.006,0.006,1.531,1.531,8.951,1.18,17.00,15.0000,0.8951,4.028
1863,45.000,0.006,0.006,6.523,6.523,6.899,0.005,0.005,1.374,1.374,7.907,1.18,15.76,13.7574,0.7907,3.558
1864,30.000,0.006,0.006,4.277,4.277,7.014,0.001,0.001,0.914,0.914,5.199,1.17,14.80,12.8038,0.5199,2.339
1865,20.000,0.006,0.006,2.823,2.823,7.085,0.001,0.001,0.609,0.609,3.438,1.17,14.20,12.2044,0.3438,1.547
1866,25.000,0.006,0.006,3.516,3.516,7.110,0.001,0.001,0.760,0.760,4.283,1.17,14.00,12.0000,0.4283,1.928
1867,35.000,0.006,0.006,4.940,4.940,7.085,0.002,0.002,1.065,1.065,6.013,1.17,14.20,12.2044,0.6013,2.706
1868,50.000,0.006,0.006,7.129,7.129,7.014,0.006,0.006,1.523,1.523,8.665,1.17,14.80,12.8038,0.8665,3.899
1869,45.000,0.006,0.006,6.523,6.523,6.899,0.005,0.005,1.374,1.374,7.907,1.18,15.76,13.7574,0.7907,3.558
1870,30.000,0.006,0.006,4.444,4.444,6.750,0.001,0.001,0.919,0.919,5.370,1.18,17.00,15.0000,0.5370,2.417
1871,20.000,0.006,0.006,3.041,3.041,6.576,0.001,0.001,0.614,0.614,3.662,1.18,18.45,16.4471,0.3662,1.648
1872,25.000,0.006,0.006,3.912,3.912,6.390,0.001,0.001,0.771,0.771,4.690,1.19,20.00,18.0000,0.4690,2.111
1873,35.000,0.006,0.006,5.642,5.642,6.204,0.002,0.002,1.084,1.084,6.734,1.19,21.55,19.5529,0.6734,3.030
1874,50.000,0.006,0.006,8.292,8.292,6.030,0.006,0.006,1.554,1.554,9.859,1.20,23.00,21.0000,0.9859,4.436
1875,45.000,0.006,0.006,7.652,7.652,5.881,0.005,0.005,1.404,1.404,9.067,1.20,24.24,22.2426,0.9067,4.080
1876,30.000,0.006,0.006,5.202,5.202,5.766,0.001,0.001,0.939,0.939,6.149,1.20,25.20,23.1962,0.6149,2.767
1877,20.000,0.006,0.006,3.512,3.512,5.695,0.001,0.001,0.627,0.627,4.146,1.21,25.80,23.7956,0.4146,1.866
1878,25.000,0.006,0.006,4.409,4.409,5.670,0.001,0.001,0.784,0.784,5.200,1.21,26.00,24.0000,0.5200,2.340
1879,35.000,0.006,0.006,6.146,6.146,5.695,0.002,0.002,1.097,1.097,7.252,1.21,25.80,23.7956,0.7252,3.263
1880,50.000,0.006,0.006,8.671,8.671,5.766,0.006,0.006,1.565,1.565,10.248,1.20,25.20,23.1962,1.0248,4.611
1881,45.000,0.006,0.006,7.652,7.652,5.881,0.005,0.005,1.404,1.404,9.067,1.20,24.24,22.2426,0.9067,4.080
1882,30.000,0.006,0.006,4.975,4.975,6.030,0.001,0.001,0.933,0.933,5.915,1.20,23.00,21.0000,0.5915,2.662
1883,20.000,0.006,0.006,3.224,3.224,6.204,0.001,0.001,0.619,0.619,3.850,1.19,21.55,19.5529,0.3850,1.732
1884,25.000,0.006,0.006,3.912,3.912,6.390,0.001,0.001,0.771,0.771,4.690,1.19,20.00,18.0000,0.4690,2.111
1885,35.000,0.006,0.006,5.322,5.322,6.576,0.002,0.002,1.075,1.075,6.406,1.18,18.45,16.4471,0.6406,2.882
1886,50.000,0.006,0.006,7.407,7.407,6.750,0.006,0.006,1.531,1.531,8.951,1.18,17.00,15.0000,0.8951,4.028
1887,45.000,0.006,0.006,6.523,6.523,6.899,0.005,0.005,1.374,1.374,7.907,1.18,15.76,13.7574,0.7907,3.558
1888,30.000,0.006,0.006,4.277,4.277,7.014,0.001,0.001,0.914,0.914,5.199,1.17,14.80,12.8038,0.5199,2.339
1889,20.000,0.006,0.006,2.823,2.823,7.085,0.001,0.001,0.609,0.609,3.438,1.17,14.20,12.2044,0.3438,1.547
1890,25.000,0.006,0.006,3.516,3.516,7.110,0.001,0.001,0.760,0.760,4.283,1.17,14.00,12.0000,0.4283,1.928
1891,35.000,0.006,0.006,4.940,4.940,7.085,0.002,0.002,1.065,1.065,6.013,1.17,14.20,12.2044,0.6013,2.706
1892,50.000,0.006,0.006,7.129,7.129,7.014,0.006,0.006,1.523,1.523,8.665,1.17,14.80,12.8038,0.8665,3.899
1893,45.000,0.006,0.006,6.523,6.523,6.899,0.005,0.005,1.374,1.374,7.907,1.18,15.76,13.7574,0.7907,3.558
1894,30.000,0.006,0.006,4.444,4.444,6.750,0.001,0.001,0.919,0.919,5.370,1.18,17.00,15.0000,0.5370,2.417
1895,20.000,0.006,0.006,3.041,3.041,6.576,0.001,0.001,0.614,0.614,3.662,1.18,18.45,16.4471,0.3662,1.648
1896,25.000,0.006,0.006,3.912,3.912,6.390,0.001,0.001,0.771,0.771,4.690,1.19,20.00,18.0000,0.4690,2.111
1897,35.000,0.006,0.006,5.642,5.642,6.204,0.002,0.002,1.084,1.084,6.734,1.19,21.55,19.5529,0.6734,3.030
1898,50.000,0.006,0.006,8.292,8.292,6.030,0.006,0.006,1.554,1.554,9.859,1.20,23.00,21.0000,0.9859,4.436
1899,45.000,0.006,0.006,7.652,7.652,5.881,0.005,0.005,1.404,1.404,9.067,1.20,24.24,22.2426,0.9067,4.080
1900,30.000,0.006,0.006,5.202,5.202,5.766,0.001,0.001,0.939,0.939,6.149,1.20,25.20,23.1962,0.6149,2.767
1901,20.000,0.006,0.006,3.512,3.512,5.695,0.001,0.001,0.627,0.627,4.146,1.21,25.80,23.7956,0.4146,1.866
1902,25.000,0.006,0.006,4.409,4.409,5.670,0.001,0.001,0.784,0.784,5.200,1.21,26.00,24.0000,0.5200,2.340
1903,35.000,0.006,0.006,6.146,6.146,5.695,0.002,0.002,1.097,1.097,7.252,1.21,25.80,23.7956,0.7252,3.263
1904,50.000,0.006,0.006,8.671,8.671,5.766,0.006,0.006,1.565,1.565,10.248,1.20,25.20,23.1962,1.0248,4.611
1905,45.000,0.006,0.006,7.652,7.652,5.881,0.005,0.005,1.404,1.404,9.067,1.20,24.24,22.2426,0.9067,4.080
1906,30.000,0.006,0.006,4.975,4.975,6.030,0.001,0.001,0.933,0.933,5.915,1.20,23.00,21.0000,0.5915,2.662
1907,20.000,0.006,0.006,3.224,3.224,6.204,0.001,0.001,0.619,0.619,3.850,1.19,21.55,19.5529,0.3850,1.732
1908,25.000,0.006,0.006,3.912,3.912,6.390,0.001,0.001,0.771,0.771,4.690,1.19,20.00,18.0000,0.4690,2.111
1909,35.000,0.006,0.006,5.322,5.322,6.576,0.002,0.002,1.075,1.075,6.406,1.18,18.45,16.4471,0.6406,2.882
1910,50.000,0.006,0.006,7.407,7.407,6.750,0.006,0.006,1.531,1.531,8.951,1.18,17.00,15.0000,0.8951,4.028
1911,45.000,0.006,0.006,6.523,6.523,6.899,0.005,0.005,1.374,1.374,7.907,1.18,15.76,13.7574,0.7907,3.558
1912,30.000,0.006,0.006,4.277,4.277,7.014,0.001,0.001,0.914,0.914,5.199,1.17,14.80,12.8038,0.5199,2.339
1913,20.000,0.006,0.006,2.823,2.823,7.085,0.001,0.001,0.609,0.609,3.438,1.17,14.20,12.2044,0.3438,1.547
1914,25.000,0.006,0.006,3.516,3.516,7.110,0.001,0.001,0.760,0.760,4.283,1.17,14.00,12.0000,0.4283,1.928
1915,35.000,0.006,0.006,4.940,4.940,7.085,0.002,0.002,1.065,1.065,6.013,1.17,14.20,12.2044,0.6013,2.706
1916,50.000,0.006,0.006,7.129,7.129,7.014,0.006,0.006,1.523,1.523,8.665,1.17,14.80,12.8038,0.8665,3.899
1917,45.000,0.006,0.006,6.523,6.523,6.899,0.005,0.005,1.374,1.374,7.907,1.18,15.76,13.7574,0.7907,3.558
1918,30.000,0.006,0.006,4.444,4.444,6.750,0.001,0.001,0.919,0.919,5.370,1.18,17.00,15.0000,0.5370,2.417
1919,20.000,0.006,0.006,3.041,3.041,6.576,0.001,0.001,0.614,0.614,3.662,1.18,18.45,16.4471,0.3662,1.648
1920,25.000,0.006,0.006,3.912,3.912,6.390,0.001,0.001,0.771,0.771,4.690,1.19,20.00,18.0000,0.4690,2.111
1921,35.000,0.006,0.006,5.642,5.642,6.204,0.002,0.002,1.084,1.084,6.734,1.19,21.55,19.5529,0.6734,3.030
1922,50.000,0.006,0.006,8.292,8.292,6.030,0.006,0.006,1.554,1.554,9.859,1.20,23.00,21.0000,0.9859,4.436
1923,45.000,0.006,0.006,7.652,7.652,5.881,0.005,0.005,1.404,1.404,9.067,1.20,24.24,22.2426,0.9067,4.080
1924,30.000,0.006,0.006,5.202,5.202,5.766,0.001,0.001,0.939,0.939,6.149,1.20,25.20,23.1962,0.6149,2.767
1925,20.000,0.006,0.006,3.512,3.512,5.695,0.001,0.001,0.627,0.627,4.146,1.21,25.80,23.7956,0.4146,1.866
1926,25.000,0.006,0.006,4.409,4.409,5.670,0.001,0.001,0.784,0.784,5.200,1.21,26.00,24.0000,0.5200,2.340
1927,35.000,0.006,0.006,6.146,6.146,5.695,0.002,0.002,1.097,1.097,7.252,1.21,25.80,23.7956,0.7252,3.263
1928,50.000,0.006,0.006,8.671,8.671,5.766,0.006,0.006,1.565,1.565,10.248,1.20,25.20,23.1962,1.0248,4.611
1929,45.000,0.006,0.006,7.652,7.652,5.881,0.005,0.005,1.404,1.404,9.067,1.20,24.24,22.2426,0.9067,4.080
1930,30.000,0.006,0.006,4.975,4.975,6.030,0.001,0.001,0.933,0.933,5.915,1.20,23.00,21.0000,0.5915,2.662
1931,20.000,0.006,0.006,3.224,3.224,6.204,0.001,0.001,0.619,0.619,3.850,1.19,21.55,19.5529,0.3850,1.732
1932,25.000,0.006,0.006,3.912,3.912,6.390,0.001,0.001,0.771,0.771,4.690,1.19,20.00,18.0000,0.4690,2.111
1933,35.000,0.006,0.006,5.322,5.322,6.576,0.002,0.002,1.075,1.075,6.406,1.18,18.45,16.4471,0.6406,2.882
1934,50.000,0.006,0.006,7.407,7.407,6.750,0.006,0.006,1.531,1.531,8.951,1.18,17.00,15.0000,0.8951,4.028
1935,45.000,0.006,0.006,6.523,6.523,6.899,0.005,0.005,1.374,1.374,7.907,1.18,15.76,13.7574,0.7907,3.558
1936,30.000,0.006,0.006,4.277,4.277,7.014,0.001,0.001,0.914,0.914,5.199,1.17,14.80,12.8038,0.5199,2.339
1937,20.000,0.006,0.006,2.823,2.823,7.085,0.001,0.001,0.609,0.609,3.438,1.17,14.20,12.2044,0.3438,1.547
1938,25.000,0.006,0.006,3.516,3.516,7.110,0.001,0.001,0.760,0.760,4.283,1.17,14.00,12.0000,0.4283,1.928
1939,35.000,0.006,0.006,4.940,4.940,7.085,0.002,0.002,1.065,1.065,6.013,1.17,14.20,12.2044,0.6013,2.706
1940,50.000,0.006,0.006,7.129,7.129,7.014,0.006,0.006,1.523,1.523,8.665,1.17,14.80,12.8038,0.8665,3.899
1941,45.000,0.006,0.006,6.523,6.523,6.899,0.005,0.005,1.374,1.374,7.907,1.18,15.76,13.7574,0.7907,3.558
1942,30.000,0.006,0.006,4.444,4.444,6.750,0.001,0.001,0.919,0.919,5.370,1.18,17.00,15.0000,0.5370,2.417
1943,20.000,0.006,0.006,3.041,3.041,6.576,0.001,0.001,0.614,0.614,3.662,1.18,18.45,16.4471,0.3662,1.648
1944,25.000,0.006,0.006,3.912,3.912,6.390,0.001,0.001,0.771,0.771,4.690,1.19,20.00,18.0000,0.4690,2.111
1945,35.000,0.006,0.006,5.642,5.642,6.204,0.002,0.002,1.084,1.084,6.734,1.19,21.55,19.5529,0.6734,3.030
1946,50.000,0.006,0.006,8.292,8.292,6.030,0.006,0.006,1.554,1.554,9.859,1.20,23.00,21.0000,0.9859,4.436
1947,45.000,0.006,0.006,7.652,7.652,5.881,0.005,0.005,1.404,1.404,9.067,1.20,24.24,22.2426,0.9067,4.080
1948,30.000,0.006,0.006,5.202,5.202,5.766,0.001,0.001,0.939,0.939,6.149,1.20,25.20,23.1962,0.6149,2.767
1949,20.000,0.006,0.006,3.512,3.512,5.695,0.001,0.001,0.627,0.627,4.146,1.21,25.80,23.7956,0.4146,1.866
1950,25.000,0.006,0.006,4.409,4.409,5.670,0.001,0.001,0.784,0.784,5.200,1.21,26.00,24.0000,0.5200,2.340
1951,35.000,0.006,0.006,6.146,6.146,5.695,0.002,0.002,1.097,1.097,7.252,1.21,25.80,23.7956,0.7252,3.263
1952,50.000,0.006,0.006,8.671,8.671,5.766,0.006,0.006,1.565,1.565,10.248,1.20,25.20,23.1962,1.0248,4.611
1953,45.000,0.006,0.006,7.652,7.652,5.881,0.005,0.005,1.404,1.404,9.067,1.20,24.24,22.2426,0.9067,4.080
1954,30.000,0.006,0.006,4.975,4.975,6.030,0.001,0.001,0.933,0.933,5.915,1.20,23.00,21.0000,0.5915,2.662
1955,20.000,0.006,0.006,3.224,3.224,6.204,0.001,0.001,0.619,0.619,3.850,1.19,21.55,19.5529,0.3850,1.732
1956,25.000,0.006,0.006,3.912,3.912,6.390,0.001,0.001,0.771,0.771,4.690,1.19,20.00,18.0000,0.4690,2.111
1957,35.000,0.006,0.006,5.322,5.322,6.576,0.002,0.002,1.075,1.075,6.406,1.18,18.45,16.4471,0.6406,2.882
1958,50.000,0.006,0.006,7.407,7.407,6.750,0.006,0.006,1.531,1.531,8.951,1.18,17.00,15.0000,0.8951,4.028
1959,45.000,0.006,0.006,6.523,6.523,6.899,0.005,0.005,1.374,1.374,7.907,1.18,15.76,13.7574,0.7907,3.558
1960,30.000,0.006,0.006,4.277,4.277,7.014,0.001,0.001,0.914,0.914,5.199,1.17,14.80,12.8038,0.5199,2.339
1961,20.000,0.006,0.006,2.823,2.823,7.085,0.001,0.001,0.609,0.609,3.438,1.17,14.20,12.2044,0.3438,1.547
1962,25.000,0.006,0.006,3.516,3.516,7.110,0.001,0.001,0.760,0.760,4.283,1.17,14.00,12.0000,0.4283,1.928
1963,35.000,0.006,0.006,4.940,4.940,7.085,0.002,0.002,1.065,1.065,6.013,1.17,14.20,12.2044,0.6013,2.706
1964,50.000,0.006,0.006,7.129,7.129,7.014,0.006,0.006,1.523,1.523,8.665,1.17,14.80,12.8038,0.8665,3.899
1965,45.000,0.006,0.006,6.523,6.523,6.899,0.005,0.005,1.374,1.374,7.907,1.18,15.76,13.7574,0.7907,3.558
1966,30.000,0.006,0.006,4.444,4.444,6.750,0.001,0.001,0.919,0.919,5.370,1.18,17.00,15.0000,0.5370,2.417
1967,20.000,0.006,0.006,3.041,3.041,6.576,0.001,0.001,0.614,0.614,3.662,1.18,18.45,16.4471,0.3662,1.648
1968,25.000,0.006,0.006,3.912,3.912,6.390,0.001,0.001,0.771,0.771,4.690,1.19,20.00,18.0000,0.4690,2.111
1969,35.000,0.006,0.006,5.642,5.642,6.204,0.002,0.002,1.084,1.084,6.734,1.19,21.55,19.5529,0.6734,3.030
1970,50.000,0.006,0.006,8.292,8.292,6.030,0.006,0.006,1.554,1.554,9.859,1.20,23.00,21.0000,0.9859,4.436
1971,45.000,0.006,0.006,7.652,7.652,5.881,0.005,0.005,1.404,1.404,9.067,1.20,24.24,22.2426,0.9067,4.080
1972,30.000,0.006,0.006,5.202,5.202,5.766,0.001,0.001,0.939,0.939,6.149,1.20,25.20,23.1962,0.6149,2.767
1973,20.000,0.006,0.006,3.512,3.512,5.695,0.001,0.001,0.627,0.627,4.146,1.21,25.80,23.7956,0.4146,1.866
1974,25.000,0.006,0.006,4.409,4.409,5.670,0.001,0.001,0.784,0.784,5.200,1.21,26.00,24.0000,0.5200,2.340
1975,35.000,0.006,0.006,6.146,6.146,5.695,0.002,0.002,1.097,1.097,7.252,1.21,25.80,23.7956,0.7252,3.263
1976,50.000,0.006,0.006,8.671,8.671,5.766,0.006,0.006,1.565,1.565,10.248,1.20,25.20,23.1962,1.0248,4.611
1977,45.000,0.006,0.006,7.652,7.652,5.881,0.005,0.005,1.404,1.404,9.067,1.20,24.24,22.2426,0.9067,4.080
1978,30.000,0.006,0.006,4.975,4.975,6.030,0.001,0.001,0.933,0.933,5.915,1.20,23.00,21.0000,0.5915,2.662
1979,20.000,0.006,0.006,3.224,3.224,6.204,0.001,0.001,0.619,0.619,3.850,1.19,21.55,19.5529,0.3850,1.732
1980,25.000,0.006,0.006,3.912,3.912,6.390,0.001,0.001,0.771,0.771,4.690,1.19,20.00,18.0000,0.4690,2.111
1981,35.000,0.006,0.006,5.322,5.322,6.576,0.002,0.002,1.075,1.075,6.406,1.18,18.45,16.4471,0.6406,2.882
1982,50.000,0.006,0.006,7.407,7.407,6.750,0.006,0.006,1.531,1.531,8.951,1.18,17.00,15.0000,0.8951,4.028
1983,45.000,0.006,0.006,6.523,6.523,6.899,0.005,0.005,1.374,1.374,7.907,1.18,15.76,13.7574,0.7907,3.558
1984,30.000,0.006,0.006,4.277,4.277,7.014,0.001,0.001,0.914,0.914,5.199,1.17,14.80,12.8038,0.5199,2.339
1985,20.000,0.006,0.006,2.823,2.823,7.085,0.001,0.001,0.609,0.609,3.438,1.17,14.20,12.2044,0.3438,1.547
1986,25.000,0.006,0.006,3.516,3.516,7.110,0.001,0.001,0.760,0.760,4.283,1.17,14.00,12.0000,0.4283,1.928
1987,35.000,0.006,0.006,4.940,4.940,7.085,0.002,0.002,1.065,1.065,6.013,1.17,14.20,12.2044,0.6013,2.706
1988,50.000,0.006,0.006,7.129,7.129,7.014,0.006,0.006,1.523,1.523,8.665,1.17,14.80,12.8038,0.8665,3.899
1989,45.000,0.006,0.006,6.523,6.523,6.899,0.005,0.005,1.374,1.374,7.907,1.18,15.76,13.7574,0.7907,3.558
1990,30.000,0.006,0.006,4.444,4.444,6.750,0.001,0.001,0.919,0.919,5.370,1.18,17.00,15.0000,0.5370,2.417
1991,20.000,0.006,0.006,3.041,3.041,6.576,0.001,0.001,0.614,0.614,3.662,1.18,18.45,16.4471,0.3662,1.648
1992,25.000,0.006,0.006,3.912,3.912,6.390,0.001,0.001,0.771,0.771,4.690,1.19,20.00,18.0000,0.4690,2.111
1993,35.000,0.006,0.006,5.642,5.642,6.204,0.002,0.002,1.084,1.084,6.734,1.19,21.55,19.5529,0.6734,3.030
1994,50.000,0.006,0.006,8.292,8.292,6.030,0.006,0.006,1.554,1.554,9.859,1.20,23.00,21.0000,0.9859,4.436
1995,45.000,0.006,0.006,7.652,7.652,5.881,0.005,0.005,1.404,1.404,9.067,1.20,24.24,22.2426,0.9067,4.080
1996,30.000,0.006,0.006,5.202,5.202,5.766,0.001,0.001,0.939,0.939,6.149,1.20,25.20,23.1962,0.6149,2.767
1997,20.000,0.006,0.006,3.512,3.512,5.695,0.001,0.001,0.627,0.627,4.146,1.21,25.80,23.7956,0.4146,1.866
1998,25.000,0.006,0.006,4.409,4.409,5.670,0.001,0.001,0.784,0.784,5.200,1.21,26.00,24.0000,0.5200,2.340
1999,35.000,0.006,0.006,6.146,6.146,5.695,0.002,0.002,1.097,1.097,7.252,1.21,25.80,23.7956,0.7252,3.263
2000,50.000,0.006,0.006,8.671,8.671,5.766,0.006,0.006,1.565,1.565,10.248,1.20,25.20,23.1962,1.0248,4.611
2001,45.000,0.006,0.006,7.652,7.652,5.881,0.005,0.005,1.404,1.404,9.067,1.20,24.24,22.2426,0.9067,4.080
2002,30.000,0.006,0.006,4.975,4.975,6.030,0.001,0.001,0.933,0.933,5.915,1.20,23.00,21.0000,0.5915,2.662
2003,20.000,0.006,0.006,3.224,3.224,6.204,0.001,0.001,0.619,0.619,3.850,1.19,21.55,19.5529,0.3850,1.732
2004,25.000,0.006,0.006,3.912,3.912,6.390,0.001,0.001,0.771,0.771,4.690,1.19,20.00,18.0000,0.4690,2.111
2005,35.000,0.006,0.006,5.322,5.322,6.576,0.002,0.002,1.075,1.075,6.406,1.18,18.45,16.4471,0.6406,2.882
2006,50.000,0.006,0.006,7.407,7.407,6.750,0.006,0.006,1.531,1.531,8.951,1.18,17.00,15.0000,0.8951,4.028
2007,45.000,0.006,0.006,6.523,6.523,6.899,0.005,0.005,1.374,1.374,7.907,1.18,15.76,13.7574,0.7907,3.558
2008,30.000,0.006,0.006,4.277,4.277,7.014,0.001,0.001,0.914,0.914,5.199,1.17,14.80,12.8038,0.5199,2.339
2009,20.000,0.006,0.006,2.823,2.823,7.085,0.001,0.001,0.609,0.609,3.438,1.17,14.20,12.2044,0.3438,1.547
2010,25.000,0.006,0.006,3.516,3.516,7.110,0.001,0.001,0.760,0.760,4.283,1.17,14.00,12.0000,0.4283,1.928
2011,35.000,0.006,0.006,4.940,4.940,7.085,0.002,0.002,1.065,1.065,6.013,1.17,14.20,12.2044,0.6013,2.706
2012,50.000,0.006,0.006,7.129,7.129,7.014,0.006,0.006,1.523,1.523,8.665,1.17,14.80,12.8038,0.8665,3.899
2013,45.000,0.006,0.006,6.523,6.523,6.899,0.005,0.005,1.374,1.374,7.907,1.18,15.76,13.7574,0.7907,3.558
2014,30.000,0.006,0.006,4.444,4.444,6.750,0.001,0.001,0.919,0.919,5.370,1.18,17.00,15.0000,0.5370,2.417
2015,20.000,0.006,0.006,3.041,3.041,6.576,0.001,0.001,0.614,0.614,3.662,1.18,18.45,16.4471,0.3662,1.648
2016,25.000,0.006,0.006,3.912,3.912,6.390,0.001,0.001,0.771,0.771,4.690,1.19,20.00,18.0000,0.4690,2.111
2017,35.000,0.006,0.006,5.642,5.642,6.204,0.002,0.002,1.084,1.084,6.734,1.19,21.55,19.5529,0.6734,3.030
2018,50.000,0.006,0.006,8.292,8.292,6.030,0.006,0.006,1.554,1.554,9.859,1.20,23.00,21.0000,0.9859,4.436
2019,45.000,0.006,0.006,7.652,7.652,5.881,0.005,0.005,1.404,1.404,9.067,1.20,24.24,22.2426,0.9067,4.080
2020,30.000,0.006,0.006,5.202,5.202,5.766,0.001,0.001,0.939,0.939,6.149,1.20,25.20,23.1962,0.6149,2.767
2021,20.000,0.006,0.006,3.512,3.512,5.695,0.001,0.001,0.627,0.627,4.146,1.21,25.80,23.7956,0.4146,1.866
2022,25.000,0.006,0.006,4.409,4.409,5.670,0.001,0.001,0.784,0.784,5.200,1.21,26.00,24.0000,0.5200,2.340
2023,35.000,0.006,0.006,6.146,6.146,5.695,0.002,0.002,1.097,1.097,7.252,1.21,25.80,23.7956,0.7252,3.263
2024,50.000,0.006,0.006,8.671,8.671,5.766,0.006,0.006,1.565,1.565,10.248,1.20,25.20,23.1962,1.0248,4.611
2025,45.000,0.006,0.006,7.652,7.652,5.881,0.005,0.005,1.404,1.404,9.067,1.20,24.24,22.2426,0.9067,4.080
2026,30.000,0.006,0.006,4.975,4.975,6.030,0.001,0.001,0.933,0.933,5.915,1.20,23.00,21.0000,0.5915,2.662
2027,20.000,0.006,0.006,3.224,3.224,6.204,0.001,0.001,0.619,0.619,3.850,1.19,21.55,19.5529,0.3850,1.732
2028,25.000,0.006,0.006,3.912,3.912,6.390,0.001,0.001,0.771,0.771,4.690,1.19,20.00,18.0000,0.4690,2.111
2029,35.000,0.006,0.006,5.322,5.322,6.576,0.002,0.002,1.075,1.075,6.406,1.18,18.45,16.4471,0.6406,2.882
2030,50.000,0.006,0.006,7.407,7.407,6.750,0.006,0.006,1.531,1.531,8.951,1.18,17.00,15.0000,0.8951,4.028
2031,45.000,0.006,0.006,6.523,6.523,6.899,0.005,0.005,1.374,1.374,7.907,1.18,15.76,13.7574,0.7907,3.558
2032,30.000,0.006,0.006,4.277,4.277,7.014,0.001,0.001,0.914,0.914,5.199,1.17,14.80,12.8038,0.5199,2.339
2033,20.000,0.006,0.006,2.823,2.823,7.085,0.001,0.001,0.609,0.609,3.438,1.17,14.20,12.2044,0.3438,1.547
2034,25.000,0.006,0.006,3.516,3.516,7.110,0.001,0.001,0.760,0.760,4.283,1.17,14.00,12.0000,0.4283,1.928
2035,35.000,0.006,0.006,4.940,4.940,7.085,0.002,0.002,1.065,1.065,6.013,1.17,14.20,12.2044,0.6013,2.706
2036,50.000,0.006,0.006,7.129,7.129,7.014,0.006,0.006,1.523,1.523,8.665,1.17,14.80,12.8038,0.8665,3.899
2037,45.000,0.006,0.006,6.523,6.523,6.899,0.005,0.005,1.374,1.374,7.907,1.18,15.76,13.7574,0.7907,3.558
2038,30.000,0.006,0.006,4.444,4.444,6.750,0.001,0.001,0.919,0.919,5.370,1.18,17.00,15.0000,0.5370,2.417
2039,20.000,0.006,0.006,3.041,3.041,6.576,0.001,0.001,0.614,0.614,3.662,1.18,18.45,16.4471,0.3662,1.648
2040,25.000,0.006,0.006,3.912,3.912,6.390,0.001,0.001,0.771,0.771,4.690,1.19,20.00,18.0000,0.4690,2.111
2041,35.000,0.006,0.006,5.642,5.642,6.204,0.002,0.002,1.084,1.084,6.734,1.19,21.55,19.5529,0.6734,3.030
2042,50.000,0.006,0.006,8.292,8.292,6.030,0.006,0.006,1.554,1.554,9.859,1.20,23.00,21.0000,0.9859,4.436
2043,45.000,0.006,0.006,7.652,7.652,5.881,0.005,0.005,1.404,1.404,9.067,1.20,24.24,22.2426,0.9067,4.080
2044,30.000,0.006,0.006,5.202,5.202,5.766,0.001,0.001,0.939,0.939,6.149,1.20,25.20,23.1962,0.6149,2.767
2045,20.000,0.006,0.006,3.512,3.512,5.695,0.001,0.001,0.627,0.627,4.146,1.21,25.80,23.7956,0.4146,1.866
2046,25.000,0.006,0.006,4.409,4.409,5.670,0.001,0.001,0.784,0.784,5.200,1.21,26.00,24.0000,0.5200,2.340
2047,35.000,0.006,0.006,6.146,6.146,5.695,0.002,0.002,1.097,1.097,7.252,1.21,25.80,23.7956,0.7252,3.263
2048,50.000,0.006,0.006,8.671,8.671,5.766,0.006,0.006,1.565,1.565,10.248,1.20,25.20,23.1962,1.0248,4.611
2049,45.000,0.006,0.006,7.652,7.652,5.881,0.005,0.005,1.404,1.404,9.067,1.20,24.24,22.2426,0.9067,4.080
2050,30.000,0.006,0.006,4.975,4.975,6.030,0.001,0.001,0.933,0.933,5.915,1.20,23.00,21.0000,0.5915,2.662
2051,20.000,0.006,0.006,3.224,3.224,6.204,0.001,0.001,0.619,0.619,3.850,1.19,21.55,19.5529,0.3850,1.732
2052,25.000,0.006,0.006,3.912,3.912,6.390,0.001,0.001,0.771,0.771,4.690,1.19,20.00,18.0000,0.4690,2.111
2053,35.000,0.006,0.006,5.322,5.322,6.576,0.002,0.002,1.075,1.075,6.406,1.18,18.45,16.4471,0.6406,2.882
2054,50.000,0.006,0.006,7.407,7.407,6.750,0.006,0.006,1.531,1.531,8.951,1.18,17.00,15.0000,0.8951,4.028
2055,45.000,0.006,0.006,6.523,6.523,6.899,0.005,0.005,1.374,1.374,7.907,1.18,15.76,13.7574,0.7907,3.558
2056,30.000,0.006,0.006,4.277,4.277,7.014,0.001,0.001,0.914,0.914,5.199,1.17,14.80,12.8038,0.5199,2.339
2057,20.000,0.006,0.006,2.823,2.823,7.085,0.001,0.001,0.609,0.609,3.438,1.17,14.20,12.2044,0.3438,1.547
2058,25.000,0.006,0.006,3.516,3.516,7.110,0.001,0.001,0.760,0.760,4.283,1.17,14.00,12.0000,0.4283,1.928
2059,35.000,0.006,0.006,4.940,4.940,7.085,0.002,0.002,1.065,1.065,6.013,1.17,14.20,12.2044,0.6013,2.706
2060,50.000,0.006,0.006,7.129,7.129,7.014,0.006,0.006,1.523,1.523,8.665,1.17,14.80,12.8038,0.8665,3.899
2061,45.000,0.006,0.006,6.523,6.523,6.899,0.005,0.005,1.374,1.374,7.907,1.18,15.76,13.7574,0.7907,3.558
2062,30.000,0.006,0.006,4.444,4.444,6.750,0.001,0.001,0.919,0.919,5.370,1.18,17.00,15.0000,0.5370,2.417
2063,20.000,0.006,0.006,3.041,3.041,6.576,0.001,0.001,0.614,0.614,3.662,1.18,18.45,16.4471,0.3662,1.648
2064,25.000,0.006,0.006,3.912,3.912,6.390,0.001,0.001,0.771,0.771,4.690,1.19,20.00,18.0000,0.4690,2.111
2065,35.000,0.006,0.006,5.642,5.642,6.204,0.002,0.002,1.084,1.084,6.734,1.19,21.55,19.5529,0.6734,3.030
2066,50.000,0.006,0.006,8.292,8.292,6.030,0.006,0.006,1.554,1.554,9.859,1.20,23.00,21.0000,0.9859,4.436
2067,45.000,0.006,0.006,7.652,7.652,5.881,0.005,0.005,1.404,1.404,9.067,1.20,24.24,22.2426,0.9067,4.080
2068,30.000,0.006,0.006,5.202,5.202,5.766,0.001,0.001,0.939,0.939,6.149,1.20,25.20,23.1962,0.6149,2.767
2069,20.000,0.006,0.006,3.512,3.512,5.695,0.001,0.001,0.627,0.627,4.146,1.21,25.80,23.7956,0.4146,1.866
2070,25.000,0.006,0.006,4.409,4.409,5.670,0.001,0.001,0.784,0.784,5.200,1.21,26.00,24.0000,0.5200,2.340
2071,35.000,0.006,0.006,6.146,6.146,5.695,0.002,0.002,1.097,1.097,7.252,1.21,25.80,23.7956,0.7252,3.263
2072,50.000,0.006,0.006,8.671,8.671,5.766,0.006,0.006,1.565,1.565,10.248,1.20,25.20,23.1962,1.0248,4.611
2073,45.000,0.006,0.006,7.652,7.652,5.881,0.005,0.005,1.404,1.404,9.067,1.20,24.24,22.2426,0.9067,4.080
2074,30.000,0.006,0.006,4.975,4.975,6.030,0.001,0.001,0.933,0.933,5.915,1.20,23.00,21.0000,0.5915,2.662
2075,20.000,0.006,0.006,3.224,3.224,6.204,0.001,0.001,0.619,0.619,3.850,1.19,21.55,19.5529,0.3850,1.732
2076,25.000,0.006,0.006,3.912,3.912,6.390,0.001,0.001,0.771,0.771,4.690,1.19,20.00,18.0000,0.4690,2.111
2077,35.000,0.006,0.006,5.322,5.322,6.576,0.002,0.002,1.075,1.075,6.406,1.18,18.45,16.4471,0.6406,2.882
2078,50.000,0.006,0.006,7.407,7.407,6.750,0.006,0.006,1.531,1.531,8.951,1.18,17.00,15.0000,0.8951,4.028
2079,45.000,0.006,0.006,6.523,6.523,6.899,0.005,0.005,1.374,1.374,7.907,1.18,15.76,13.7574,0.7907,3.558
2080,30.000,0.006,0.006,4.277,4.277,7.014,0.001,0.001,0.914,0.914,5.199,1.17,14.80,12.8038,0.5199,2.339
2081,20.000,0.006,0.006,2.823,2.823,7.085,0.001,0.001,0.609,0.609,3.438,1.17,14.20,12.2044,0.3438,1.547
2082,25.000,0.006,0.006,3.516,3.516,7.110,0.001,0.001,0.760,0.760,4.283,1.17,14.00,12.0000,0.4283,1.928
2083,35.000,0.006,0.006,4.940,4.940,7.085,0.002,0.002,1.065,1.065,6.013,1.17,14.20,12.2044,0.6013,2.706
2084,50.000,0.006,0.006,7.129,7.129,7.014,0.006,0.006,1.523,1.523,8.665,1.17,14.80,12.8038,0.8665,3.899
2085,45.000,0.006,0.006,6.523,6.523,6.899,0.005,0.005,1.374,1.374,7.907,1.18,15.76,13.7574,0.7907,3.558
2086,30.000,0.006,0.006,4.444,4.444,6.750,0.001,0.001,0.919,0.919,5.370,1.18,17.00,15.0000,0.5370,2.417
2087,20.000,0.006,0.006,3.041,3.041,6.576,0.001,0.001,0.614,0.614,3.662,1.18,18.45,16.4471,0.3662,1.648
2088,25.000,0.006,0.006,3.912,3.912,6.390,0.001,0.001,0.771,0.771,4.690,1.19,20.00,18.0000,0.4690,2.111
2089,35.000,0.006,0.006,5.642,5.642,6.204,0.002,0.002,1.084,1.084,6.734,1.19,21.55,19.5529,0.6734,3.030
2090,50.000,0.006,0.006,8.292,8.292,6.030,0.006,0.006,1.554,1.554,9.859,1.20,23.00,21.0000,0.9859,4.436
2091,45.000,0.006,0.006,7.652,7.652,5.881,0.005,0.005,1.404,1.404,9.067,1.20,24.24,22.2426,0.9067,4.080
2092,30.000,0.006,0.006,5.202,5.202,5.766,0.001,0.001,0.939,0.939,6.149,1.20,25.20,23.1962,0.6149,2.767
2093,20.000,0.006,0.006,3.512,3.512,5.695,0.001,0.001,0.627,0.627,4.146,1.21,25.80,23.7956,0.4146,1.866
2094,25.000,0.006,0.006,4.409,4.409,5.670,0.001,0.001,0.784,0.784,5.200,1.21,26.00,24.0000,0.5200,2.340
2095,35.000,0.006,0.006,6.146,6.146,5.695,0.002,0.002,1.097,1.097,7.252,1.21,25.80,23.7956,0.7252,3.263
2096,50.000,0.006,0.006,8.671,8.671,5.766,0.006,0.006,1.565,1.565,10.248,1.20,25.20,23.1962,1.0248,4.611
2097,45.000,0.006,0.006,7.652,7.652,5.881,0.005,0.005,1.404,1.404,9.067,1.20,24.24,22.2426,0.9067,4.080
2098,30.000,0.006,0.006,4.975,4.975,6.030,0.001,0.001,0.933,0.933,5.915,1.20,23.00,21.0000,0.5915,2.662
2099,20.000,0.006,0.006,3.224,3.224,6.204,0.001,0.001,0.619,0.619,3.850,1.19,21.55,19.5529,0.3850,1.732
2100,25.000,0.006,0.006,3.912,3.912,6.390,0.001,0.001,0.771,0.771,4.690,1.19,20.00,18.0000,0.4690,2.111
2101,35.000,0.006,0.006,5.322,5.322,6.576,0.002,0.002,1.075,1.075,6.406,1.18,18.45,16.4471,0.6406,2.882
2102,50.000,0.006,0.006,7.407,7.407,6.750,0.006,0.006,1.531,1.531,8.951,1.18,17.00,15.0000,0.8951,4.028
2103,45.000,0.006,0.006,6.523,6.523,6.899,0.005,0.005,1.374,1.374,7.907,1.18,15.76,13.7574,0.7907,3.558
2104,30.000,0.006,0.006,4.277,4.277,7.014,0.001,0.001,0.914,0.914,5.199,1.17,14.80,12.8038,0.5199,2.339
2105,20.000,0.006,0.006,2.823,2.823,7.085,0.001,0.001,0.609,0.609,3.438,1.17,14.20,12.2044,0.3438,1.547
2106,25.000,0.006,0.006,3.516,3.516,7.110,0.001,0.001,0.760,0.760,4.283,1.17,14.00,12.0000,0.4283,1.928
2107,35.000,0.006,0.006,4.940,4.940,7.085,0.002,0.002,1.065,1.065,6.013,1.17,14.20,12.2044,0.6013,2.706
2108,50.000,0.006,0.006,7.129,7.129,7.014,0.006,0.006,1.523,1.523,8.665,1.17,14.80,12.8038,0.8665,3.899
2109,45.000,0.006,0.006,6.523,6.523,6.899,0.005,0.005,1.374,1.374,7.907,1.18,15.76,13.7574,0.7907,3.558
2110,30.000,0.006,0.006,4.444,4.444,6.750,0.001,0.001,0.919,0.919,5.370,1.18,17.00,15.0000,0.5370,2.417
2111,20.000,0.006,0.006,3.041,3.041,6.576,0.001,0.001,0.614,0.614,3.662,1.18,18.45,16.4471,0.3662,1.648
2112,25.000,0.006,0.006,3.912,3.912,6.390,0.001,0.001,0.771,0.771,4.690,1.19,20.00,18.0000,0.4690,2.111
2113,35.000,0.006,0.006,5.642,5.642,6.204,0.002,0.002,1.084,1.084,6.734,1.19,21.55,19.5529,0.6734,3.030
2114,50.000,0.006,0.006,8.292,8.292,6.030,0.006,0.006,1.554,1.554,9.859,1.20,23.00,21.0000,0.9859,4.436
2115,45.000,0.006,0.006,7.652,7.652,5.881,0.005,0.005,1.404,1.404,9.067,1.20,24.24,22.2426,0.9067,4.080
2116,30.000,0.006,0.006,5.202,5.202,5.766,0.001,0.001,0.939,0.939,6.149,1.20,25.20,23.1962,0.6149,2.767
2117,20.000,0.006,0.006,3.512,3.512,5.695,0.001,0.001,0.627,0.627,4.146,1.21,25.80,23.7956,0.4146,1.866
2118,25.000,0.006,0.006,4.409,4.409,5.670,0.001,0.001,0.784,0.784,5.200,1.21,26.00,24.0000,0.5200,2.340
2119,35.000,0.006,0.006,6.146,6.146,5.695,0.002,0.002,1.097,1.097,7.252,1.21,25.80,23.7956,0.7252,3.263
2120,50.000,0.006,0.006,8.671,8.671,5.766,0.006,0.006,1.565,1.565,10.248,1.20,25.20,23.1962,1.0248,4.611
2121,45.000,0.006,0.006,7.652,7.652,5.881,0.005,0.005,1.404,1.404,9.067,1.20,24.24,22.2426,0.9067,4.080
2122,30.000,0.006,0.006,4.975,4.975,6.030,0.001,0.001,0.933,0.933,5.915,1.20,23.00,21.0000,0.5915,2.662
2123,20.000,0.006,0.006,3.224,3.224,6.204,0.001,0.001,0.619,0.619,3.850,1.19,21.55,19.5529,0.3850,1.732
2124,25.000,0.006,0.006,3.912,3.912,6.390,0.001,0.001,0.771,0.771,4.690,1.19,20.00,18.0000,0.4690,2.111
2125,35.000,0.006,0.006,5.322,5.322,6.576,0.002,0.002,1.075,1.075,6.406,1.18,18.45,16.4471,0.6406,2.882
2126,50.000,0.006,0.006,7.407,7.407,6.750,0.006,0.006,1.531,1.531,8.951,1.18,17.00,15.0000,0.8951,4.028
2127,45.000,0.006,0.006,6.523,6.523,6.899,0.005,0.005,1.374,1.374,7.907,1.18,15.76,13.7574,0.7907,3.558
2128,30.000,0.006,0.006,4.277,4.277,7.014,0.001,0.001,0.914,0.914,5.199,1.17,14.80,12.8038,0.5199,2.339
2129,20.000,0.006,0.006,2.823,2.823,7.085,0.001,0.001,0.609,0.609,3.438,1.17,14.20,12.2044,0.3438,1.547
2130,25.000,0.006,0.006,3.516,3.516,7.110,0.001,0.001,0.760,0.760,4.283,1.17,14.00,12.0000,0.4283,1.928
2131,35.000,0.006,0.006,4.940,4.940,7.085,0.002,0.002,1.065,1.065,6.013,1.17,14.20,12.2044,0.6013,2.706
2132,50.000,0.006,0.006,7.129,7.129,7.014,0.006,0.006,1.523,1.523,8.665,1.17,14.80,12.8038,0.8665,3.899
2133,45.000,0.006,0.006,6.523,6.523,6.899,0.005,0.005,1.374,1.374,7.907,1.18,15.76,13.7574,0.7907,3.558
2134,30.000,0.006,0.006,4.444,4.444,6.750,0.001,0.001,0.919,0.919,5.370,1.18,17.00,15.0000,0.5370,2.417
2135,20.000,0.006,0.006,3.041,3.041,6.576,0.001,0.001,0.614,0.614,3.662,1.18,18.45,16.4471,0.3662,1.648
2136,25.000,0.006,0.006,3.912,3.912,6.390,0.001,0.001,0.771,0.771,4.690,1.19,20.00,18.0000,0.4690,2.111
2137,35.000,0.006,0.006,5.642,5.642,6.204,0.002,0.002,1.084,1.084,6.734,1.19,21.55,19.5529,0.6734,3.030
2138,50.000,0.006,0.006,8.292,8.292,6.030,0.006,0.006,1.554,1.554,9.859,1.20,23.00,21.0000,0.9859,4.436
2139,45.000,0.006,0.006,7.652,7.652,5.881,0.005,0.005,1.404,1.404,9.067,1.20,24.24,22.2426,0.9067,4.080
2140,30.000,0.006,0.006,5.202,5.202,5.766,0.001,0.001,0.939,0.939,6.149,1.20,25.20,23.1962,0.6149,2.767
2141,20.000,0.006,0.006,3.512,3.512,5.695,0.001,0.001,0.627,0.627,4.146,1.21,25.80,23.7956,0.4146,1.866
2142,25.000,0.006,0.006,4.409,4.409,5.670,0.001,0.001,0.784,0.784,5.200,1.21,26.00,24.0000,0.5200,2.340
2143,35.000,0.006,0.006,6.146,6.146,5.695,0.002,0.002,1.097,1.097,7.252,1.21,25.80,23.7956,0.7252,3.263
2144,50.000,0.006,0.006,8.671,8.671,5.766,0.006,0.006,1.565,1.565,10.248,1.20,25.20,23.1962,1.0248,4.611
2145,45.000,0.006,0.006,7.652,7.652,5.881,0.005,0.005,1.404,1.404,9.067,1.20,24.24,22.2426,0.9067,4.080
2146,30.000,0.006,0.006,4.975,4.975,6.030,0.001,0.001,0.933,0.933,5.915,1.20,23.00,21.0000,0.5915,2.662
2147,20.000,0.006,0.006,3.224,3.224,6.204,0.001,0.001,0.619,0.619,3.850,1.19,21.55,19.5529,0.3850,1.732
2148,25.000,0.006,0.006,3.912,3.912,6.390,0.001,0.001,0.771,0.771,4.690,1.19,20.00,18.0000,0.4690,2.111
2149,35.000,0.006,0.006,5.322,5.322,6.576,0.002,0.002,1.075,1.075,6.406,1.18,18.45,16.4471,0.6406,2.882
2150,50.000,0.006,0.006,7.407,7.407,6.750,0.006,0.006,1.531,1.531,8.951,1.18,17.00,15.0000,0.8951,4.028
2151,45.000,0.006,0.006,6.523,6.523,6.899,0.005,0.005,1.374,1.374,7.907,1.18,15.76,13.7574,0.7907,3.558
2152,30.000,0.006,0.006,4.277,4.277,7.014,0.001,0.001,0.914,0.914,5.199,1.17,14.80,12.8038,0.5199,2.339
2153,20.000,0.006,0.006,2.823,2.823,7.085,0.001,0.001,0.609,0.609,3.438,1.17,14.20,12.2044,0.3438,1.547
2154,25.000,0.006,0.006,3.516,3.516,7.110,0.001,0.001,0.760,0.760,4.283,1.17,14.00,12.0000,0.4283,1.928
2155,35.000,0.006,0.006,4.940,4.940,7.085,0.002,0.002,1.065,1.065,6.013,1.17,14.20,12.2044,0.6013,2.706
2156,50.000,0.006,0.006,7.129,7.129,7.014,0.006,0.006,1.523,1.523,8.665,1.17,14.80,12.8038,0.8665,3.899
2157,45.000,0.006,0.006,6.523,6.523,6.899,0.005,0.005,1.374,1.374,7.907,1.18,15.76,13.7574,0.7907,3.558
2158,30.000,0.006,0.006,4.444,4.444,6.750,0.001,0.001,0.919,0.919,5.370,1.18,17.00,15.0000,0.5370,2.417
2159,20.000,0.006,0.006,3.041,3.041,6.576,0.001,0.001,0.614,0.614,3.662,1.18,18.45,16.4471,0.3662,1.648
2160,25.000,0.006,0.006,3.912,3.912,6.390,0.001,0.001,0.771,0.771,4.690,1.19,20.00,18.0000,0.4690,2.111
2161,35.000,0.006,0.006,5.642,5.642,6.204,0.002,0.002,1.084,1.084,6.734,1.19,21.55,19.5529,0.6734,3.030
2162,50.000,0.006,0.006,8.292,8.292,6.030,0.006,0.006,1.554,1.554,9.859,1.20,23.00,21.0000,0.9859,4.436
2163,45.000,0.006,0.006,7.652,7.652,5.881,0.005,0.005,1.404,1.404,9.067,1.20,24.24,22.2426,0.9067,4.080
2164,30.000,0.006,0.006,5.202,5.202,5.766,0.001,0.001,0.939,0.939,6.149,1.20,25.20,23.1962,0.6149,2.767
2165,20.000,0.006,0.006,3.512,3.512,5.695,0.001,0.001,0.627,0.627,4.146,1.21,25.80,23.7956,0.4146,1.866
2166,25.000,0.006,0.006,4.409,4.409,5.670,0.001,0.001,0.784,0.784,5.200,1.21,26.00,24.0000,0.5200,2.340
2167,35.000,0.006,0.006,6.146,6.146,5.695,0.002,0.002,1.097,1.097,7.252,1.21,25.80,23.7956,0.7252,3.263
2168,50.000,0.006,0.006,8.671,8.671,5.766,0.006,0.006,1.565,1.565,10.248,1.20,25.20,23.1962,1.0248,4.611
2169,45.000,0.006,0.006,7.652,7.652,5.881,0.005,0.005,1.404,1.404,9.067,1.20,24.24,22.2426,0.9067,4.080
2170,30.000,0.006,0.006,4.975,4.975,6.030,0.001,0.001,0.933,0.933,5.915,1.20,23.00,21.0000,0.5915,2.662
2171,20.000,0.006,0.006,3.224,3.224,6.204,0.001,0.001,0.619,0.619,3.850,1.19,21.55,19.5529,0.3850,1.732
2172,25.000,0.006,0.006,3.912,3.912,6.390,0.001,0.001,0.771,0.771,4.690,1.19,20.00,18.0000,0.4690,2.111
2173,35.000,0.006,0.006,5.322,5.322,6.576,0.002,0.002,1.075,1.075,6.406,1.18,18.45,16.4471,0.6406,2.882
2174,50.000,0.006,0.006,7.407,7.407,6.750,0.006,0.006,1.531,1.531,8.951,1.18,17.00,15.0000,0.8951,4.028
2175,45.000,0.006,0.006,6.523,6.523,6.899,0.005,0.005,1.374,1.374,7.907,1.18,15.76,13.7574,0.7907,3.558
2176,30.000,0.006,0.006,4.277,4.277,7.014,0.001,0.001,0.914,0.914,5.199,1.17,14.80,12.8038,0.5199,2.339
2177,20.000,0.006,0.006,2.823,2.823,7.085,0.001,0.001,0.609,0.609,3.438,1.17,14.20,12.2044,0.3438,1.547
2178,25.000,0.006,0.006,3.516,3.516,7.110,0.001,0.001,0.760,0.760,4.283,1.17,14.00,12.0000,0.4283,1.928
2179,35.000,0.006,0.006,4.940,4.940,7.085,0.002,0.002,1.065,1.065,6.013,1.17,14.20,12.2044,0.6013,2.706
2180,50.000,0.006,0.006,7.129,7.129,7.014,0.006,0.006,1.523,1.523,8.665,1.17,14.80,12.8038,0.8665,3.899
2181,45.000,0.006,0.006,6.523,6.523,6.899,0.005,0.005,1.374,1.374,7.907,1.18,15.76,13.7574,0.7907,3.558
2182,30.000,0.006,0.006,4.444,4.444,6.750,0.001,0.001,0.919,0.919,5.370,1.18,17.00,15.0000,0.5370,2.417
2183,20.000,0.006,0.006,3.041,3.041,6.576,0.001,0.001,0.614,0.614,3.662,1.18,18.45,16.4471,0.3662,1.648
2184,25.000,0.006,0.006,3.912,3.912,6.390,0.001,0.001,0.771,0.771,4.690,1.19,20.00,18.0000,0.4690,2.111
2185,35.000,0.006,0.006,5.642,5.642,6.204,0.002,0.002,1.084,1.084,6.734,1.19,21.55,19.5529,0.6734,3.030
2186,50.000,0.006,0.006,8.292,8.292,6.030,0.006,0.006,1.554,1.554,9.859,1.20,23.00,21.0000,0.9859,4.436
2187,45.000,0.006,0.006,7.652,7.652,5.881,0.005,0.005,1.404,1.404,9.067,1.20,24.24,22.2426,0.9067,4.080
2188,30.000,0.006,0.006,5.202,5.202,5.766,0.001,0.001,0.939,0.939,6.149,1.20,25.20,23.1962,0.6149,2.767
2189,20.000,0.006,0.006,3.512,3.512,5.695,0.001,0.001,0.627,0.627,4.146,1.21,25.80,23.7956,0.4146,1.866
2190,25.000,0.006,0.006,4.409,4.409,5.670,0.001,0.001,0.784,0.784,5.200,1.21,26.00,24.0000,0.5200,2.340
2191,35.000,0.006,0.006,6.146,6.146,5.695,0.002,0.002,1.097,1.097,7.252,1.21,25.80,23.7956,0.7252,3.263
2192,50.000,0.006,0.006,8.671,8.671,5.766,0.006,0.006,1.565,1.565,10.248,1.20,25.20,23.1962,1.0248,4.611
2193,45.000,0.006,0.006,7.652,7.652,5.881,0.005,0.005,1.404,1.404,9.067,1.20,24.24,22.2426,0.9067,4.080
2194,30.000,0.006,0.006,4.975,4.975,6.030,0.001,0.001,0.933,0.933,5.915,1.20,23.00,21.0000,0.5915,2.662
2195,20.000,0.006,0.006,3.224,3.224,6.204,0.001,0.001,0.619,0.619,3.850,1.19,21.55,19.5529,0.3850,1.732
2196,25.000,0.006,0.006,3.912,3.912,6.390,0.001,0.001,0.771,0.771,4.690,1.19,20.00,18.0000,0.4690,2.111
2197,35.000,0.006,0.006,5.322,5.322,6.576,0.002,0.002,1.075,1.075,6.406,1.18,18.45,16.4471,0.6406,2.882
2198,50.000,0.006,0.006,7.407,7.407,6.750,0.006,0.006,1.531,1.531,8.951,1.18,17.00,15.0000,0.8951,4.028
2199,45.000,0.006,0.006,6.523,6.523,6.899,0.005,0.005,1.374,1.374,7.907,1.18,15.76,13.7574,0.7907,3.558
2200,30.000,0.006,0.006,4.277,4.277,7.014,0.001,0.001,0.914,0.914,5.199,1.17,14.80,12.8038,0.5199,2.339
2201,20.000,0.006,0.006,2.823,2.823,7.085,0.001,0.001,0.609,0.609,3.438,1.17,14.20,12.2044,0.3438,1.547
2202,25.000,0.006,0.006,3.516,3.516,7.110,0.001,0.001,0.760,0.760,4.283,1.17,14.00,12.0000,0.4283,1.928
2203,35.000,0.006,0.006,4.940,4.940,7.085,0.002,0.002,1.065,1.065,6.013,1.17,14.20,12.2044,0.6013,2.706
2204,50.000,0.006,0.006,7.129,7.129,7.014,0.006,0.006,1.523,1.523,8.665,1.17,14.80,12.8038,0.8665,3.899
2205,45.000,0.006,0.006,6.523,6.523,6.899,0.005,0.005,1.374,1.374,7.907,1.18,15.76,13.7574,0.7907,3.558
2206,30.000,0.006,0.006,4.444,4.444,6.750,0.001,0.001,0.919,0.919,5.370,1.18,17.00,15.0000,0.5370,2.417
2207,20.000,0.006,0.006,3.041,3.041,6.576,0.001,0.001,0.614,0.614,3.662,1.18,18.45,16.4471,0.3662,1.648
2208,25.000,0.006,0.006,3.912,3.912,6.390,0.001,0.001,0.771,0.771,4.690,1.19,20.00,18.0000,0.4690,2.111
2209,35.000,0.006,0.006,5.642,5.642,6.204,0.002,0.002,1.084,1.084,6.734,1.19,21.55,19.5529,0.6734,3.030
2210,50.000,0.006,0.006,8.292,8.292,6.030,0.006,0.006,1.554,1.554,9.859,1.20,23.00,21.0000,0.9859,4.436
2211,45.000,0.006,0.006,7.652,7.652,5.881,0.005,0.005,1.404,1.404,9.067,1.20,24.24,22.2426,0.9067,4.080
2212,30.000,0.006,0.006,5.202,5.202,5.766,0.001,0.001,0.939,0.939,6.149,1.20,25.20,23.1962,0.6149,2.767
2213,20.000,0.006,0.006,3.512,3.512,5.695,0.001,0.001,0.627,0.627,4.146,1.21,25.80,23.7956,0.4146,1.866
2214,25.000,0.006,0.006,4.409,4.409,5.670,0.001,0.001,0.784,0.784,5.200,1.21,26.00,24.0000,0.5200,2.340
2215,35.000,0.006,0.006,6.146,6.146,5.695,0.002,0.002,1.097,1.097,7.252,1.21,25.80,23.7956,0.7252,3.263
2216,50.000,0.006,0.006,8.671,8.671,5.766,0.006,0.006,1.565,1.565,10.248,1.20,25.20,23.1962,1.0248,4.611
2217,45.000,0.006,0.006,7.652,7.652,5.881,0.005,0.005,1.404,1.404,9.067,1.20,24.24,22.2426,0.9067,4.080
2218,30.000,0.006,0.006,4.975,4.975,6.030,0.001,0.001,0.933,0.933,5.915,1.20,23.00,21.0000,0.5915,2.662
2219,20.000,0.006,0.006,3.224,3.224,6.204,0.001,0.001,0.619,0.619,3.850,1.19,21.55,19.5529,0.3850,1.732
2220,25.000,0.006,0.006,3.912,3.912,6.390,0.001,0.001,0.771,0.771,4.690,1.19,20.00,18.0000,0.4690,2.111
2221,35.000,0.006,0.006,5.322,5.322,6.576,0.002,0.002,1.075,1.075,6.406,1.18,18.45,16.4471,0.6406,2.882
2222,50.000,0.006,0.006,7.407,7.407,6.750,0.006,0.006,1.531,1.531,8.951,1.18,17.00,15.0000,0.8951,4.028
2223,45.000,0.006,0.006,6.523,6.523,6.899,0.005,0.005,1.374,1.374,7.907,1.18,15.76,13.7574,0.7907,3.558
2224,30.000,0.006,0.006,4.277,4.277,7.014,0.001,0.001,0.914,0.914,5.199,1.17,14.80,12.8038,0.5199,2.339
2225,20.000,0.006,0.006,2.823,2.823,7.085,0.001,0.001,0.609,0.609,3.438,1.17,14.20,12.2044,0.3438,1.547
2226,25.000,0.006,0.006,3.516,3.516,7.110,0.001,0.001,0.760,0.760,4.283,1.17,14.00,12.0000,0.4283,1.928
2227,35.000,0.006,0.006,4.940,4.940,7.085,0.002,0.002,1.065,1.065,6.013,1.17,14.20,12.2044,0.6013,2.706
2228,50.000,0.006,0.006,7.129,7.129,7.014,0.006,0.006,1.523,1.523,8.665,1.17,14.80,12.8038,0.8665,3.899
2229,45.000,0.006,0.006,6.523,6.523,6.899,0.005,0.005,1.374,1.374,7.907,1.18,15.76,13.7574,0.7907,3.558
2230,30.000,0.006,0.006,4.444,4.444,6.750,0.001,0.001,0.919,0.919,5.370,1.18,17.00,15.0000,0.5370,2.417
2231,20.000,0.006,0.006,3.041,3.041,6.576,0.001,0.001,0.614,0.614,3.662,1.18,18.45,16.4471,0.3662,1.648
2232,25.000,0.006,0.006,3.912,3.912,6.390,0.001,0.001,0.771,0.771,4.690,1.19,20.00,18.0000,0.4690,2.111
2233,35.000,0.006,0.006,5.642,5.642,6.204,0.002,0.002,1.084,1.084,6.734,1.19,21.55,19.5529,0.6734,3.030
2234,50.000,0.006,0.006,8.292,8.292,6.030,0.006,0.006,1.554,1.554,9.859,1.20,23.00,21.0000,0.9859,4.436
2235,45.000,0.006,0.006,7.652,7.652,5.881,0.005,0.005,1.404,1.404,9.067,1.20,24.24,22.2426,0.9067,4.080
2236,30.000,0.006,0.006,5.202,5.202,5.766,0.001,0.001,0.939,0.939,6.149,1.20,25.20,23.1962,0.6149,2.767
2237,20.000,0.006,0.006,3.512,3.512,5.695,0.001,0.001,0.627,0.627,4.146,1.21,25.80,23.7956,0.4146,1.866
2238,25.000,0.006,0.006,4.409,4.409,5.670,0.001,0.001,0.784,0.784,5.200,1.21,26.00,24.0000,0.5200,2.340
2239,35.000,0.006,0.006,6.146,6.146,5.695,0.002,0.002,1.097,1.097,7.252,1.21,25.80,23.7956,0.7252,3.263
2240,50.000,0.006,0.006,8.671,8.671,5.766,0.006,0.006,1.565,1.565,10.248,1.20,25.20,23.1962,1.0248,4.611
2241,45.000,0.006,0.006,7.652,7.652,5.881,0.005,0.005,1.404,1.404,9.067,1.20,24.24,22.2426,0.9067,4.080
2242,30.000,0.006,0.006,4.975,4.975,6.030,0.001,0.001,0.933,0.933,5.915,1.20,23.00,21.0000,0.5915,2.662
2243,20.000,0.006,0.006,3.224,3.224,6.204,0.001,0.001,0.619,0.619,3.850,1.19,21.55,19.5529,0.3850,1.732
2244,25.000,0.006,0.006,3.912,3.912,6.390,0.001,0.001,0.771,0.771,4.690,1.19,20.00,18.0000,0.4690,2.111
2245,35.000,0.006,0.006,5.322,5.322,6.576,0.002,0.002,1.075,1.075,6.406,1.18,18.45,16.4471,0.6406,2.882
2246,50.000,0.006,0.006,7.407,7.407,6.750,0.006,0.006,1.531,1.531,8.951,1.18,17.00,15.0000,0.8951,4.028
2247,45.000,0.006,0.006,6.523,6.523,6.899,0.005,0.005,1.374,1.374,7.907,1.18,15.76,13.7574,0.7907,3.558
2248,30.000,0.006,0.006,4.277,4.277,7.014,0.001,0.001,0.914,0.914,5.199,1.17,14.80,12.8038,0.5199,2.339
2249,20.000,0.006,0.006,2.823,2.823,7.085,0.001,0.001,0.609,0.609,3.438,1.17,14.20,12.2044,0.3438,1.547
2250,25.000,0.006,0.006,3.516,3.516,7.110,0.001,0.001,0.760,0.760,4.283,1.17,14.00,12.0000,0.4283,1.928
2251,35.000,0.006,0.006,4.940,4.940,7.085,0.002,0.002,1.065,1.065,6.013,1.17,14.20,12.2044,0.6013,2.706
2252,50.000,0.006,0.006,7.129,7.129,7.014,0.006,0.006,1.523,1.523,8.665,1.17,14.80,12.8038,0.8665,3.899
2253,45.000,0.006,0.006,6.523,6.523,6.899,0.005,0.005,1.374,1.374,7.907,1.18,15.76,13.7574,0.7907,3.558
2254,30.000,0.006,0.006,4.444,4.444,6.750,0.001,0.001,0.919,0.919,5.370,1.18,17.00,15.0000,0.5370,2.417
2255,20.000,0.006,0.006,3.041,3.041,6.576,0.001,0.001,0.614,0.614,3.662,1.18,18.45,16.4471,0.3662,1.648
2256,25.000,0.006,0.006,3.912,3.912,6.390,0.001,0.001,0.771,0.771,4.690,1.19,20.00,18.0000,0.4690,2.111
2257,35.000,0.006,0.006,5.642,5.642,6.204,0.002,0.002,1.084,1.084,6.734,1.19,21.55,19.5529,0.6734,3.030
2258,50.000,0.006,0.006,8.292,8.292,6.030,0.006,0.006,1.554,1.554,9.859,1.20,23.00,21.0000,0.9859,4.436
2259,45.000,0.006,0.006,7.652,7.652,5.881,0.005,0.005,1.404,1.404,9.067,1.20,24.24,22.2426,0.9067,4.080
2260,30.000,0.006,0.006,5.202,5.202,5.766,0.001,0.001,0.939,0.939,6.149,1.20,25.20,23.1962,0.6149,2.767
2261,20.000,0.006,0.006,3.512,3.512,5.695,0.001,0.001,0.627,0.627,4.146,1.21,25.80,23.7956,0.4146,1.866
2262,25.000,0.006,0.006,4.409,4.409,5.670,0.001,0.001,0.784,0.784,5.200,1.21,26.00,24.0000,0.5200,2.340
2263,35.000,0.006,0.006,6.146,6.146,5.695,0.002,0.002,1.097,1.097,7.252,1.21,25.80,23.7956,0.7252,3.263
2264,50.000,0.006,0.006,8.671,8.671,5.766,0.006,0.006,1.565,1.565,10.248,1.20,25.20,23.1962,1.0248,4.611
2265,45.000,0.006,0.006,7.652,7.652,5.881,0.005,0.005,1.404,1.404,9.067,1.20,24.24,22.2426,0.9067,4.080
2266,30.000,0.006,0.006,4.975,4.975,6.030,0.001,0.001,0.933,0.933,5.915,1.20,23.00,21.0000,0.5915,2.662
2267,20.000,0.006,0.006,3.224,3.224,6.204,0.001,0.001,0.619,0.619,3.850,1.19,21.55,19.5529,0.3850,1.732
2268,25.000,0.006,0.006,3.912,3.912,6.390,0.001,0.001,0.771,0.771,4.690,1.19,20.00,18.0000,0.4690,2.111
2269,35.000,0.006,0.006,5.322,5.322,6.576,0.002,0.002,1.075,1.075,6.406,1.18,18.45,16.4471,0.6406,2.882
2270,50.000,0.006,0.006,7.407,7.407,6.750,0.006,0.006,1.531,1.531,8.951,1.18,17.00,15.0000,0.8951,4.028
2271,45.000,0.006,0.006,6.523,6.523,6.899,0.005,0.005,1.374,1.374,7.907,1.18,15.76,13.7574,0.7907,3.558
2272,30.000,0.006,0.006,4.277,4.277,7.014,0.001,0.001,0.914,0.914,5.199,1.17,14.80,12.8038,0.5199,2.339
2273,20.000,0.006,0.006,2.823,2.823,7.085,0.001,0.001,0.609,0.609,3.438,1.17,14.20,12.2044,0.3438,1.547
2274,25.000,0.006,0.006,3.516,3.516,7.110,0.001,0.001,0.760,0.760,4.283,1.17,14.00,12.0000,0.4283,1.928
2275,35.000,0.006,0.006,4.940,4.940,7.085,0.002,0.002,1.065,1.065,6.013,1.17,14.20,12.2044,0.6013,2.706
2276,50.000,0.006,0.006,7.129,7.129,7.014,0.006,0.006,1.523,1.523,8.665,1.17,14.80,12.8038,0.8665,3.899
2277,45.000,0.006,0.006,6.523,6.523,6.899,0.005,0.005,1.374,1.374,7.907,1.18,15.76,13.7574,0.7907,3.558
2278,30.000,0.006,0.006,4.444,4.444,6.750,0.001,0.001,0.919,0.919,5.370,1.18,17.00,15.0000,0.5370,2.417
2279,20.000,0.006,0.006,3.041,3.041,6.576,0.001,0.001,0.614,0.614,3.662,1.18,18.45,16.4471,0.3662,1.648
2280,25.000,0.006,0.006,3.912,3.912,6.390,0.001,0.001,0.771,0.771,4.690,1.19,20.00,18.0000,0.4690,2.111
2281,35.000,0.006,0.006,5.642,5.642,6.204,0.002,0.002,1.084,1.084,6.734,1.19,21.55,19.5529,0.6734,3.030
2282,50.000,0.006,0.006,8.292,8.292,6.030,0.006,0.006,1.554,1.554,9.859,1.20,23.00,21.0000,0.9859,4.436
2283,45.000,0.006,0.006,7.652,7.652,5.881,0.005,0.005,1.404,1.404,9.067,1.20,24.24,22.2426,0.9067,4.080
2284,30.000,0.006,0.006,5.202,5.202,5.766,0.001,0.001,0.939,0.939,6.149,1.20,25.20,23.1962,0.6149,2.767
2285,20.000,0.006,0.006,3.512,3.512,5.695,0.001,0.001,0.627,0.627,4.146,1.21,25.80,23.7956,0.4146,1.866
2286,25.000,0.006,0.006,4.409,4.409,5.670,0.001,0.001,0.784,0.784,5.200,1.21,26.00,24.0000,0.5200,2.340
2287,35.000,0.006,0.006,6.146,6.146,5.695,0.002,0.002,1.097,1.097,7.252,1.21,25.80,23.7956,0.7252,3.263
2288,50.000,0.006,0.006,8.671,8.671,5.766,0.006,0.006,1.565,1.565,10.248,1.20,25.20,23.1962,1.0248,4.611
2289,45.000,0.006,0.006,7.652,7.652,5.881,0.005,0.005,1.404,1.404,9.067,1.20,24.24,22.2426,0.9067,4.080
2290,30.000,0.006,0.006,4.975,4.975,6.030,0.001,0.001,0.933,0.933,5.915,1.20,23.00,21.0000,0.5915,2.662
2291,20.000,0.006,0.006,3.224,3.224,6.204,0.001,0.001,0.619,0.619,3.850,1.19,21.55,19.5529,0.3850,1.732
2292,25.000,0.006,0.006,3.912,3.912,6.390,0.001,0.001,0.771,0.771,4.690,1.19,20.00,18.0000,0.4690,2.111
2293,35.000,0.006,0.006,5.322,5.322,6.576,0.002,0.002,1.075,1.075,6.406,1.18,18.45,16.4471,0.6406,2.882
2294,50.000,0.006,0.006,7.407,7.407,6.750,0.006,0.006,1.531,1.531,8.951,1.18,17.00,15.0000,0.8951,4.028
2295,45.000,0.006,0.006,6.523,6.523,6.899,0.005,0.005,1.374,1.374,7.907,1.18,15.76,13.7574,0.7907,3.558
2296,30.000,0.006,0.006,4.277,4.277,7.014,0.001,0.001,0.914,0.914,5.199,1.17,14.80,12.8038,0.5199,2.339
2297,20.000,0.006,0.006,2.823,2.823,7.085,0.001,0.001,0.609,0.609,3.438,1.17,14.20,12.2044,0.3438,1.547
2298,25.000,0.006,0.006,3.516,3.516,7.110,0.001,0.001,0.760,0.760,4.283,1.17,14.00,12.0000,0.4283,1.928
2299,35.000,0.006,0.006,4.940,4.940,7.085,0.002,0.002,1.065,1.065,6.013,1.17,14.20,12.2044,0.6013,2.706
2300,50.000,0.006,0.006,7.129,7.129,7.014,0.006,0.006,1.523,1.523,8.665,1.17,14.80,12.8038,0.8665,3.899
2301,45.000,0.006,0.006,6.523,6.523,6.899,0.005,0.005,1.374,1.374,7.907,1.18,15.76,13.7574,0.7907,3.558
2302,30.000,0.006,0.006,4.444,4.444,6.750,0.001,0.001,0.919,0.919,5.370,1.18,17.00,15.0000,0.5370,2.417
2303,20.000,0.006,0.006,3.041,3.041,6.576,0.001,0.001,0.614,0.614,3.662,1.18,18.45,16.4471,0.3662,1.648
2304,25.000,0.006,0.006,3.912,3.912,6.390,0.001,0.001,0.771,0.771,4.690,1.19,20.00,18.0000,0.4690,2.111
2305,35.000,0.006,0.006,5.642,5.642,6.204,0.002,0.002,1.084,1.084,6.734,1.19,21.55,19.5529,0.6734,3.030
2306,50.000,0.006,0.006,8.292,8.292,6.030,0.006,0.006,1.554,1.554,9.859,1.20,23.00,21.0000,0.9859,4.436
2307,45.000,0.006,0.006,7.652,7.652,5.881,0.005,0.005,1.404,1.404,9.067,1.20,24.24,22.2426,0.9067,4.080
2308,30.000,0.006,0.006,5.202,5.202,5.766,0.001,0.001,0.939,0.939,6.149,1.20,25.20,23.1962,0.6149,2.767
2309,20.000,0.006,0.006,3.512,3.512,5.695,0.001,0.001,0.627,0.627,4.146,1.21,25.80,23.7956,0.4146,1.866
2310,25.000,0.006,0.006,4.409,4.409,5.670,0.001,0.001,0.784,0.784,5.200,1.21,26.00,24.0000,0.5200,2.340
2311,35.000,0.006,0.006,6.146,6.146,5.695,0.002,0.002,1.097,1.097,7.252,1.21,25.80,23.7956,0.7252,3.263
2312,50.000,0.006,0.006,8.671,8.671,5.766,0.006,0.006,1.565,1.565,10.248,1.20,25.20,23.1962,1.0248,4.611
2313,45.000,0.006,0.006,7.652,7.652,5.881,0.005,0.005,1.404,1.404,9.067,1.20,24.24,22.2426,0.9067,4.080
2314,30.000,0.006,0.006,4.975,4.975,6.030,0.001,0.001,0.933,0.933,5.915,1.20,23.00,21.0000,0.5915,2.662
2315,20.000,0.006,0.006,3.224,3.224,6.204,0.001,0.001,0.619,0.619,3.850,1.19,21.55,19.5529,0.3850,1.732
2316,25.000,0.006,0.006,3.912,3.912,6.390,0.001,0.001,0.771,0.771,4.690,1.19,20.00,18.0000,0.4690,2.111
2317,35.000,0.006,0.006,5.322,5.322,6.576,0.002,0.002,1.075,1.075,6.406,1.18,18.45,16.4471,0.6406,2.882
2318,50.000,0.006,0.006,7.407,7.407,6.750,0.006,0.006,1.531,1.531,8.951,1.18,17.00,15.0000,0.8951,4.028
2319,45.000,0.006,0.006,6.523,6.523,6.899,0.005,0.005,1.374,1.374,7.907,1.18,15.76,13.7574,0.7907,3.558
2320,30.000,0.006,0.006,4.277,4.277,7.014,0.001,0.001,0.914,0.914,5.199,1.17,14.80,12.8038,0.5199,2.339
2321,20.000,0.006,0.006,2.823,2.823,7.085,0.001,0.001,0.609,0.609,3.438,1.17,14.20,12.2044,0.3438,1.547
2322,25.000,0.006,0.006,3.516,3.516,7.110,0.001,0.001,0.760,0.760,4.283,1.17,14.00,12.0000,0.4283,1.928
2323,35.000,0.006,0.006,4.940,4.940,7.085,0.002,0.002,1.065,1.065,6.013,1.17,14.20,12.2044,0.6013,2.706
2324,50.000,0.006,0.006,7.129,7.129,7.014,0.006,0.006,1.523,1.523,8.665,1.17,14.80,12.8038,0.8665,3.899
2325,45.000,0.006,0.006,6.523,6.523,6.899,0.005,0.005,1.374,1.374,7.907,1.18,15.76,13.7574,0.7907,3.558
2326,30.000,0.006,0.006,4.444,4.444,6.750,0.001,0.001,0.919,0.919,5.370,1.18,17.00,15.0000,0.5370,2.417
2327,20.000,0.006,0.006,3.041,3.041,6.576,0.001,0.001,0.614,0.614,3.662,1.18,18.45,16.4471,0.3662,1.648
2328,25.000,0.006,0.006,3.912,3.912,6.390,0.001,0.001,0.771,0.771,4.690,1.19,20.00,18.0000,0.4690,2.111
2329,35.000,0.006,0.006,5.642,5.642,6.204,0.002,0.002,1.084,1.084,6.734,1.19,21.55,19.5529,0.6734,3.030
2330,50.000,0.006,0.006,8.292,8.292,6.030,0.006,0.006,1.554,1.554,9.859,1.20,23.00,21.0000,0.9859,4.436
2331,45.000,0.006,0.006,7.652,7.652,5.881,0.005,0.005,1.404,1.404,9.067,1.20,24.24,22.2426,0.9067,4.080
2332,30.000,0.006,0.006,5.202,5.202,5.766,0.001,0.001,0.939,0.939,6.149,1.20,25.20,23.1962,0.6149,2.767
2333,20.000,0.006,0.006,3.512,3.512,5.695,0.001,0.001,0.627,0.627,4.146,1.21,25.80,23.7956,0.4146,1.866
2334,25.000,0.006,0.006,4.409,4.409,5.670,0.001,0.001,0.784,0.784,5.200,1.21,26.00,24.0000,0.5200,2.340
2335,35.000,0.006,0.006,6.146,6.146,5.695,0.002,0.002,1.097,1.097,7.252,1.21,25.80,23.7956,0.7252,3.263
2336,50.000,0.006,0.006,8.671,8.671,5.766,0.006,0.006,1.565,1.565,10.248,1.20,25.20,23.1962,1.0248,4.611
2337,45.000,0.006,0.006,7.652,7.652,5.881,0.005,0.005,1.404,1.404,9.067,1.20,24.24,22.2426,0.9067,4.080
2338,30.000,0.006,0.006,4.975,4.975,6.030,0.001,0.001,0.933,0.933,5.915,1.20,23.00,21.0000,0.5915,2.662
2339,20.000,0.006,0.006,3.224,3.224,6.204,0.001,0.001,0.619,0.619,3.850,1.19,21.55,19.5529,0.3850,1.732
2340,25.000,0.006,0.006,3.912,3.912,6.390,0.001,0.001,0.771,0.771,4.690,1.19,20.00,18.0000,0.4690,2.111
2341,35.000,0.006,0.006,5.322,5.322,6.576,0.002,0.002,1.075,1.075,6.406,1.18,18.45,16.4471,0.6406,2.882
2342,50.000,0.006,0.006,7.407,7.407,6.750,0.006,0.006,1.531,1.531,8.951,1.18,17.00,15.0000,0.8951,4.028
2343,45.000,0.006,0.006,6.523,6.523,6.899,0.005,0.005,1.374,1.374,7.907,1.18,15.76,13.7574,0.7907,3.558
2344,30.000,0.006,0.006,4.277,4.277,7.014,0.001,0.001,0.914,0.914,5.199,1.17,14.80,12.8038,0.5199,2.339
2345,20.000,0.006,0.006,2.823,2.823,7.085,0.001,0.001,0.609,0.609,3.438,1.17,14.20,12.2044,0.3438,1.547
2346,25.000,0.006,0.006,3.516,3.516,7.110,0.001,0.001,0.760,0.760,4.283,1.17,14.00,12.0000,0.4283,1.928
2347,35.000,0.006,0.006,4.940,4.940,7.085,0.002,0.002,1.065,1.065,6.013,1.17,14.20,12.2044,0.6013,2.706
2348,50.000,0.006,0.006,7.129,7.129,7.014,0.006,0.006,1.523,1.523,8.665,1.17,14.80,12.8038,0.8665,3.899
2349,45.000,0.006,0.006,6.523,6.523,6.899,0.005,0.005,1.374,1.374,7.907,1.18,15.76,13.7574,0.7907,3.558
2350,30.000,0.006,0.006,4.444,4.444,6.750,0.001,0.001,0.919,0.919,5.370,1.18,17.00,15.0000,0.5370,2.417
2351,20.000,0.006,0.006,3.041,3.041,6.576,0.001,0.001,0.614,0.614,3.662,1.18,18.45,16.4471,0.3662,1.648
2352,25.000,0.006,0.006,3.912,3.912,6.390,0.001,0.001,0.771,0.771,4.690,1.19,20.00,18.0000,0.4690,2.111
2353,35.000,0.006,0.006,5.642,5.642,6.204,0.002,0.002,1.084,1.084,6.734,1.19,21.55,19.5529,0.6734,3.030
2354,50.000,0.006,0.006,8.292,8.292,6.030,0.006,0.006,1.554,1.554,9.859,1.20,23.00,21.0000,0.9859,4.436
2355,45.000,0.006,0.006,7.652,7.652,5.881,0.005,0.005,1.404,1.404,9.067,1.20,24.24,22.2426,0.9067,4.080
2356,30.000,0.006,0.006,5.202,5.202,5.766,0.001,0.001,0.939,0.939,6.149,1.20,25.20,23.1962,0.6149,2.767
2357,20.000,0.006,0.006,3.512,3.512,5.695,0.001,0.001,0.627,0.627,4.146,1.21,25.80,23.7956,0.4146,1.866
2358,25.000,0.006,0.006,4.409,4.409,5.670,0.001,0.001,0.784,0.784,5.200,1.21,26.00,24.0000,0.5200,2.340
2359,35.000,0.006,0.006,6.146,6.146,5.695,0.002,0.002,1.097,1.097,7.252,1.21,25.80,23.7956,0.7252,3.263
2360,50.000,0.006,0.006,8.671,8.671,5.766,0.006,0.006,1.565,1.565,10.248,1.20,25.20,23.1962,1.0248,4.611
2361,45.000,0.006,0.006,7.652,7.652,5.881,0.005,0.005,1.404,1.404,9.067,1.20,24.24,22.2426,0.9067,4.080
2362,30.000,0.006,0.006,4.975,4.975,6.030,0.001,0.001,0.933,0.933,5.915,1.20,23.00,21.0000,0.5915,2.662
2363,20.000,0.006,0.006,3.224,3.224,6.204,0.001,0.001,0.619,0.619,3.850,1.19,21.55,19.5529,0.3850,1.732
2364,25.000,0.006,0.006,3.912,3.912,6.390,0.001,0.001,0.771,0.771,4.690,1.19,20.00,18.0000,0.4690,2.111
2365,35.000,0.006,0.006,5.322,5.322,6.576,0.002,0.002,1.075,1.075,6.406,1.18,18.45,16.4471,0.6406,2.882
2366,50.000,0.006,0.006,7.407,7.407,6.750,0.006,0.006,1.531,1.531,8.951,1.18,17.00,15.0000,0.8951,4.028
2367,45.000,0.006,0.006,6.523,6.523,6.899,0.005,0.005,1.374,1.374,7.907,1.18,15.76,13.7574,0.7907,3.558
2368,30.000,0.006,0.006,4.277,4.277,7.014,0.001,0.001,0.914,0.914,5.199,1.17,14.80,12.8038,0.5199,2.339
2369,20.000,0.006,0.006,2.823,2.823,7.085,0.001,0.001,0.609,0.609,3.438,1.17,14.20,12.2044,0.3438,1.547
2370,25.000,0.006,0.006,3.516,3.516,7.110,0.001,0.001,0.760,0.760,4.283,1.17,14.00,12.0000,0.4283,1.928
2371,35.000,0.006,0.006,4.940,4.940,7.085,0.002,0.002,1.065,1.065,6.013,1.17,14.20,12.2044,0.6013,2.706
2372,50.000,0.006,0.006,7.129,7.129,7.014,0.006,0.006,1.523,1.523,8.665,1.17,14.80,12.8038,0.8665,3.899
2373,45.000,0.006,0.006,6.523,6.523,6.899,0.005,0.005,1.374,1.374,7.907,1.18,15.76,13.7574,0.7907,3.558
2374,30.000,0.006,0.006,4.444,4.444,6.750,0.001,0.001,0.919,0.919,5.370,1.18,17.00,15.0000,0.5370,2.417
2375,20.000,0.006,0.006,3.041,3.041,6.576,0.001,0.001,0.614,0.614,3.662,1.18,18.45,16.4471,0.3662,1.648
2376,25.000,0.006,0.006,3.912,3.912,6.390,0.001,0.001,0.771,0.771,4.690,1.19,20.00,18.0000,0.4690,2.111
2377,35.000,0.006,0.006,5.642,5.642,6.204,0.002,0.002,1.084,1.084,6.734,1.19,21.55,19.5529,0.6734,3.030
2378,50.000,0.006,0.006,8.292,8.292,6.030,0.006,0.006,1.554,1.554,9.859,1.20,23.00,21.0000,0.9859,4.436
2379,45.000,0.006,0.006,7.652,7.652,5.881,0.005,0.005,1.404,1.404,9.067,1.20,24.24,22.2426,0.9067,4.080
2380,30.000,0.006,0.006,5.202,5.202,5.766,0.001,0.001,0.939,0.939,6.149,1.20,25.20,23.1962,0.6149,2.767
2381,20.000,0.006,0.006,3.512,3.512,5.695,0.001,0.001,0.627,0.627,4.146,1.21,25.80,23.7956,0.4146,1.866
2382,25.000,0.006,0.006,4.409,4.409,5.670,0.001,0.001,0.784,0.784,5.200,1.21,26.00,24.0000,0.5200,2.340
2383,35.000,0.006,0.006,6.146,6.146,5.695,0.002,0.002,1.097,1.097,7.252,1.21,25.80,23.7956,0.7252,3.263
2384,50.000,0.006,0.006,8.671,8.671,5.766,0.006,0.006,1.565,1.565,10.248,1.20,25.20,23.1962,1.0248,4.611
2385,45.000,0.006,0.006,7.652,7.652,5.881,0.005,0.005,1.404,1.404,9.067,1.20,24.24,22.2426,0.9067,4.080
2386,30.000,0.006,0.006,4.975,4.975,6.030,0.001,0.001,0.933,0.933,5.915,1.20,23.00,21.0000,0.5915,2.662
2387,20.000,0.006,0.006,3.224,3.224,6.204,0.001,0.001,0.619,0.619,3.850,1.19,21.55,19.5529,0.3850,1.732
2388,25.000,0.006,0.006,3.912,3.912,6.390,0.001,0.001,0.771,0.771,4.690,1.19,20.00,18.0000,0.4690,2.111
2389,35.000,0.006,0.006,5.322,5.322,6.576,0.002,0.002,1.075,1.075,6.406,1.18,18.45,16.4471,0.6406,2.882
2390,50.000,0.006,0.006,7.407,7.407,6.750,0.006,0.006,1.531,1.531,8.951,1.18,17.00,15.0000,0.8951,4.028
2391,45.000,0.006,0.006,6.523,6.523,6.899,0.005,0.005,1.374,1.374,7.907,1.18,15.76,13.7574,0.7907,3.558
2392,30.000,0.006,0.006,4.277,4.277,7.014,0.001,0.001,0.914,0.914,5.199,1.17,14.80,12.8038,0.5199,2.339
2393,20.000,0.006,0.006,2.823,2.823,7.085,0.001,0.001,0.609,0.609,3.438,1.17,14.20,12.2044,0.3438,1.547
2394,25.000,0.006,0.006,3.516,3.516,7.110,0.001,0.001,0.760,0.760,4.283,1.17,14.00,12.0000,0.4283,1.928
2395,35.000,0.006,0.006,4.940,4.940,7.085,0.002,0.002,1.065,1.065,6.013,1.17,14.20,12.2044,0.6013,2.706
2396,50.000,0.006,0.006,7.129,7.129,7.014,0.006,0.006,1.523,1.523,8.665,1.17,14.80,12.8038,0.8665,3.899
2397,45.000,0.006,0.006,6.523,6.523,6.899,0.005,0.005,1.374,1.374,7.907,1.18,15.76,13.7574,0.7907,3.558
2398,30.000,0.006,0.006,4.444,4.444,6.750,0.001,0.001,0.919,0.919,5.370,1.18,17.00,15.0000,0.5370,2.417
2399,20.000,0.006,0.006,3.041,3.041,6.576,0.001,0.001,0.614,0.614,3.662,1.18,18.45,16.4471,0.3662,1.648
2400,25.000,0.006,0.006,3.912,3.912,6.390,0.001,0.001,0.771,0.771,4.690,1.19,20.00,18.0000,0.4690,2.111
2401,35.000,0.006,0.006,5.642,5.642,6.204,0.002,0.002,1.084,1.084,6.734,1.19,21.55,19.5529,0.6734,3.030
2402,50.000,0.006,0.006,8.292,8.292,6.030,0.006,0.006,1.554,1.554,9.859,1.20,23.00,21.0000,0.9859,4.436
2403,45.000,0.006,0.006,7.652,7.652,5.881,0.005,0.005,1.404,1.404,9.067,1.20,24.24,22.2426,0.9067,4.080
2404,30.000,0.006,0.006,5.202,5.202,5.766,0.001,0.001,0.939,0.939,6.149,1.20,25.20,23.1962,0.6149,2.767
2405,20.000,0.006,0.006,3.512,3.512,5.695,0.001,0.001,0.627,0.627,4.146,1.21,25.80,23.7956,0.4146,1.866
2406,25.000,0.006,0.006,4.409,4.409,5.670,0.001,0.001,0.784,0.784,5.200,1.21,26.00,24.0000,0.5200,2.340
2407,35.000,0.006,0.006,6.146,6.146,5.695,0.002,0.002,1.097,1.097,7.252,1.21,25.80,23.7956,0.7252,3.263
2408,50.000,0.006,0.006,8.671,8.671,5.766,0.006,0.006,1.565,1.565,10.248,1.20,25.20,23.1962,1.0248,4.611
2409,45.000,0.006,0.006,7.652,7.652,5.881,0.005,0.005,1.404,1.404,9.067,1.20,24.24,22.2426,0.9067,4.080
2410,30.000,0.006,0.006,4.975,4.975,6.030,0.001,0.001,0.933,0.933,5.915,1.20,23.00,21.0000,0.5915,2.662
2411,20.000,0.006,0.006,3.224,3.224,6.204,0.001,0.001,0.619,0.619,3.850,1.19,21.55,19.5529,0.3850,1.732
2412,25.000,0.006,0.006,3.912,3.912,6.390,0.001,0.001,0.771,0.771,4.690,1.19,20.00,18.0000,0.4690,2.111
2413,35.000,0.006,0.006,5.322,5.322,6.576,0.002,0.002,1.075,1.075,6.406,1.18,18.45,16.4471,0.6406,2.882
2414,50.000,0.006,0.006,7.407,7.407,6.750,0.006,0.006,1.531,1.531,8.951,1.18,17.00,15.0000,0.8951,4.028
2415,45.000,0.006,0.006,6.523,6.523,6.899,0.005,0.005,1.374,1.374,7.907,1.18,15.76,13.7574,0.7907,3.558
2416,30.000,0.006,0.006,4.277,4.277,7.014,0.001,0.001,0.914,0.914,5.199,1.17,14.80,12.8038,0.5199,2.339
2417,20.000,0.006,0.006,2.823,2.823,7.085,0.001,0.001,0.609,0.609,3.438,1.17,14.20,12.2044,0.3438,1.547
2418,25.000,0.006,0.006,3.516,3.516,7.110,0.001,0.001,0.760,0.760,4.283,1.17,14.00,12.0000,0.4283,1.928
2419,35.000,0.006,0.006,4.940,4.940,7.085,0.002,0.002,1.065,1.065,6.013,1.17,14.20,12.2044,0.6013,2.706
2420,50.000,0.006,0.006,7.129,7.129,7.014,0.006,0.006,1.523,1.523,8.665,1.17,14.80,12.8038,0.8665,3.899
2421,45.000,0.006,0.006,6.523,6.523,6.899,0.005,0.005,1.374,1.374,7.907,1.18,15.76,13.7574,0.7907,3.558
2422,30.000,0.006,0.006,4.444,4.444,6.750,0.001,0.001,0.919,0.919,5.370,1.18,17.00,15.0000,0.5370,2.417
2423,20.000,0.006,0.006,3.041,3.041,6.576,0.001,0.001,0.614,0.614,3.662,1.18,18.45,16.4471,0.3662,1.648
2424,25.000,0.006,0.006,3.912,3.912,6.390,0.001,0.001,0.771,0.771,4.690,1.19,20.00,18.0000,0.4690,2.111
2425,35.000,0.006,0.006,5.642,5.642,6.204,0.002,0.002,1.084,1.084,6.734,1.19,21.55,19.5529,0.6734,3.030
2426,50.000,0.006,0.006,8.292,8.292,6.030,0.006,0.006,1.554,1.554,9.859,1.20,23.00,21.0000,0.9859,4.436
2427,45.000,0.006,0.006,7.652,7.652,5.881,0.005,0.005,1.404,1.404,9.067,1.20,24.24,22.2426,0.9067,4.080
2428,30.000,0.006,0.006,5.202,5.202,5.766,0.001,0.001,0.939,0.939,6.149,1.20,25.20,23.1962,0.6149,2.767
2429,20.000,0.006,0.006,3.512,3.512,5.695,0.001,0.001,0.627,0.627,4.146,1.21,25.80,23.7956,0.4146,1.866
2430,25.000,0.006,0.006,4.409,4.409,5.670,0.001,0.001,0.784,0.784,5.200,1.21,26.00,24.0000,0.5200,2.340
2431,35.000,0.006,0.006,6.146,6.146,5.695,0.002,0.002,1.097,1.097,7.252,1.21,25.80,23.7956,0.7252,3.263
2432,50.000,0.006,0.006,8.671,8.671,5.766,0.006,0.006,1.565,1.565,10.248,1.20,25.20,23.1962,1.0248,4.611
2433,45.000,0.006,0.006,7.652,7.652,5.881,0.005,0.005,1.404,1.404,9.067,1.20,24.24,22.2426,0.9067,4.080
2434,30.000,0.006,0.006,4.975,4.975,6.030,0.001,0.001,0.933,0.933,5.915,1.20,23.00,21.0000,0.5915,2.662
2435,20.000,0.006,0.006,3.224,3.224,6.204,0.001,0.001,0.619,0.619,3.850,1.19,21.55,19.5529,0.3850,1.732
2436,25.000,0.006,0.006,3.912,3.912,6.390,0.001,0.001,0.771,0.771,4.690,1.19,20.00,18.0000,0.4690,2.111
2437,35.000,0.006,0.006,5.322,5.322,6.576,0.002,0.002,1.075,1.075,6.406,1.18,18.45,16.4471,0.6406,2.882
2438,50.000,0.006,0.006,7.407,7.407,6.750,0.006,0.006,1.531,1.531,8.951,1.18,17.00,15.0000,0.8951,4.028
2439,45.000,0.006,0.006,6.523,6.523,6.899,0.005,0.005,1.374,1.374,7.907,1.18,15.76,13.7574,0.7907,3.558
2440,30.000,0.006,0.006,4.277,4.277,7.014,0.001,0.001,0.914,0.914,5.199,1.17,14.80,12.8038,0.5199,2.339
2441,20.000,0.006,0.006,2.823,2.823,7.085,0.001,0.001,0.609,0.609,3.438,1.17,14.20,12.2044,0.3438,1.547
2442,25.000,0.006,0.006,3.516,3.516,7.110,0.001,0.001,0.760,0.760,4.283,1.17,14.00,12.0000,0.4283,1.928
2443,35.000,0.006,0.006,4.940,4.940,7.085,0.002,0.002,1.065,1.065,6.013,1.17,14.20,12.2044,0.6013,2.706
2444,50.000,0.006,0.006,7.129,7.129,7.014,0.006,0.006,1.523,1.523,8.665,1.17,14.80,12.8038,0.8665,3.899
2445,45.000,0.006,0.006,6.523,6.523,6.899,0.005,0.005,1.374,1.374,7.907,1.18,15.76,13.7574,0.7907,3.558
2446,30.000,0.006,0.006,4.444,4.444,6.750,0.001,0.001,0.919,0.919,5.370,1.18,17.00,15.0000,0.5370,2.417
2447,20.000,0.006,0.006,3.041,3.041,6.576,0.001,0.001,0.614,0.614,3.662,1.18,18.45,16.4471,0.3662,1.648
2448,25.000,0.006,0.006,3.912,3.912,6.390,0.001,0.001,0.771,0.771,4.690,1.19,20.00,18.0000,0.4690,2.111
2449,35.000,0.006,0.006,5.642,5.642,6.204,0.002,0.002,1.084,1.084,6.734,1.19,21.55,19.5529,0.6734,3.030
2450,50.000,0.006,0.006,8.292,8.292,6.030,0.006,0.006,1.554,1.554,9.859,1.20,23.00,21.0000,0.9859,4.436
2451,45.000,0.006,0.006,7.652,7.652,5.881,0.005,0.005,1.404,1.404,9.067,1.20,24.24,22.2426,0.9067,4.080
2452,30.000,0.006,0.006,5.202,5.202,5.766,0.001,0.001,0.939,0.939,6.149,1.20,25.20,23.1962,0.6149,2.767
2453,20.000,0.006,0.006,3.512,3.512,5.695,0.001,0.001,0.627,0.627,4.146,1.21,25.80,23.7956,0.4146,1.866
2454,25.000,0.006,0.006,4.409,4.409,5.670,0.001,0.001,0.784,0.784,5.200,1.21,26.00,24.0000,0.5200,2.340
2455,35.000,0.006,0.006,6.146,6.146,5.695,0.002,0.002,1.097,1.097,7.252,1.21,25.80,23.7956,0.7252,3.263
2456,50.000,0.006,0.006,8.671,8.671,5.766,0.006,0.006,1.565,1.565,10.248,1.20,25.20,23.1962,1.0248,4.611
2457,45.000,0.006,0.006,7.652,7.652,5.881,0.005,0.005,1.404,1.404,9.067,1.20,24.24,22.2426,0.9067,4.080
2458,30.000,0.006,0.006,4.975,4.975,6.030,0.001,0.001,0.933,0.933,5.915,1.20,23.00,21.0000,0.5915,2.662
2459,20.000,0.006,0.006,3.224,3.224,6.204,0.001,0.001,0.619,0.619,3.850,1.19,21.55,19.5529,0.3850,1.732
2460,25.000,0.006,0.006,3.912,3.912,6.390,0.001,0.001,0.771,0.771,4.690,1.19,20.00,18.0000,0.4690,2.111
2461,35.000,0.006,0.006,5.322,5.322,6.576,0.002,0.002,1.075,1.075,6.406,1.18,18.45,16.4471,0.6406,2.882
2462,50.000,0.006,0.006,7.407,7.407,6.750,0.006,0.006,1.531,1.531,8.951,1.18,17.00,15.0000,0.8951,4.028
2463,45.000,0.006,0.006,6.523,6.523,6.899,0.005,0.005,1.374,1.374,7.907,1.18,15.76,13.7574,0.7907,3.558
2464,30.000,0.006,0.006,4.277,4.277,7.014,0.001,0.001,0.914,0.914,5.199,1.17,14.80,12.8038,0.5199,2.339
2465,20.000,0.006,0.006,2.823,2.823,7.085,0.001,0.001,0.609,0.609,3.438,1.17,14.20,12.2044,0.3438,1.547
2466,25.000,0.006,0.006,3.516,3.516,7.110,0.001,0.001,0.760,0.760,4.283,1.17,14.00,12.0000,0.4283,1.928
2467,35.000,0.006,0.006,4.940,4.940,7.085,0.002,0.002,1.065,1.065,6.013,1.17,14.20,12.2044,0.6013,2.706
2468,50.000,0.006,0.006,7.129,7.129,7.014,0.006,0.006,1.523,1.523,8.665,1.17,14.80,12.8038,0.8665,3.899
2469,45.000,0.006,0.006,6.523,6.523,6.899,0.005,0.005,1.374,1.374,7.907,1.18,15.76,13.7574,0.7907,3.558
2470,30.000,0.006,0.006,4.444,4.444,6.750,0.001,0.001,0.919,0.919,5.370,1.18,17.00,15.0000,0.5370,2.417
2471,20.000,0.006,0.006,3.041,3.041,6.576,0.001,0.001,0.614,0.614,3.662,1.18,18.45,16.4471,0.3662,1.648
2472,25.000,0.006,0.006,3.912,3.912,6.390,0.001,0.001,0.771,0.771,4.690,1.19,20.00,18.0000,0.4690,2.111
2473,35.000,0.006,0.006,5.642,5.642,6.204,0.002,0.002,1.084,1.084,6.734,1.19,21.55,19.5529,0.6734,3.030
2474,50.000,0.006,0.006,8.292,8.292,6.030,0.006,0.006,1.554,1.554,9.859,1.20,23.00,21.0000,0.9859,4.436
2475,45.000,0.006,0.006,7.652,7.652,5.881,0.005,0.005,1.404,1.404,9.067,1.20,24.24,22.2426,0.9067,4.080
2476,30.000,0.006,0.006,5.202,5.202,5.766,0.001,0.001,0.939,0.939,6.149,1.20,25.20,23.1962,0.6149,2.767
2477,20.000,0.006,0.006,3.512,3.512,5.695,0.001,0.001,0.627,0.627,4.146,1.21,25.80,23.7956,0.4146,1.866
2478,25.000,0.006,0.006,4.409,4.409,5.670,0.001,0.001,0.784,0.784,5.200,1.21,26.00,24.0000,0.5200,2.340
2479,35.000,0.006,0.006,6.146,6.146,5.695,0.002,0.002,1.097,1.097,7.252,1.21,25.80,23.7956,0.7252,3.263
2480,50.000,0.006,0.006,8.671,8.671,5.766,0.006,0.006,1.565,1.565,10.248,1.20,25.20,23.1962,1.0248,4.611
2481,45.000,0.006,0.006,7.652,7.652,5.881,0.005,0.005,1.404,1.404,9.067,1.20,24.24,22.2426,0.9067,4.080
2482,30.000,0.006,0.006,4.975,4.975,6.030,0.001,0.001,0.933,0.933,5.915,1.20,23.00,21.0000,0.5915,2.662
2483,20.000,0.006,0.006,3.224,3.224,6.204,0.001,0.001,0.619,0.619,3.850,1.19,21.55,19.5529,0.3850,1.732
2484,25.000,0.006,0.006,3.912,3.912,6.390,0.001,0.001,0.771,0.771,4.690,1.19,20.00,18.0000,0.4690,2.111
2485,35.000,0.006,0.006,5.322,5.322,6.576,0.002,0.002,1.075,1.075,6.406,1.18,18.45,16.4471,0.6406,2.882
2486,50.000,0.006,0.006,7.407,7.407,6.750,0.006,0.006,1.531,1.531,8.951,1.18,17.00,15.0000,0.8951,4.028
2487,45.000,0.006,0.006,6.523,6.523,6.899,0.005,0.005,1.374,1.374,7.907,1.18,15.76,13.7574,0.7907,3.558
2488,30.000,0.006,0.006,4.277,4.277,7.014,0.001,0.001,0.914,0.914,5.199,1.17,14.80,12.8038,0.5199,2.339
2489,20.000,0.006,0.006,2.823,2.823,7.085,0.001,0.001,0.609,0.609,3.438,1.17,14.20,12.2044,0.3438,1.547
2490,25.000,0.006,0.006,3.516,3.516,7.110,0.001,0.001,0.760,0.760,4.283,1.17,14.00,12.0000,0.4283,1.928
2491,35.000,0.006,0.006,4.940,4.940,7.085,0.002,0.002,1.065,1.065,6.013,1.17,14.20,12.2044,0.6013,2.706
2492,50.000,0.006,0.006,7.129,7.129,7.014,0.006,0.006,1.523,1.523,8.665,1.17,14.80,12.8038,0.8665,3.899
2493,45.000,0.006,0.006,6.523,6.523,6.899,0.005,0.005,1.374,1.374,7.907,1.18,15.76,13.7574,0.7907,3.558
2494,30.000,0.006,0.006,4.444,4.444,6.750,0.001,0.001,0.919,0.919,5.370,1.18,17.00,15.0000,0.5370,2.417
2495,20.000,0.006,0.006,3.041,3.041,6.576,0.001,0.001,0.614,0.614,3.662,1.18,18.45,16.4471,0.3662,1.648
2496,25.000,0.006,0.006,3.912,3.912,6.390,0.001,0.001,0.771,0.771,4.690,1.19,20.00,18.0000,0.4690,2.111
2497,35.000,0.006,0.006,5.642,5.642,6.204,0.002,0.002,1.084,1.084,6.734,1.19,21.55,19.5529,0.6734,3.030
2498,50.000,0.006,0.006,8.292,8.292,6.030,0.006,0.006,1.554,1.554,9.859,1.20,23.00,21.0000,0.9859,4.436
2499,45.000,0.006,0.006,7.652,7.652,5.881,0.005,0.005,1.404,1.404,9.067,1.20,24.24,22.2426,0.9067,4.080
2500,30.000,0.006,0.006,5.202,5.202,5.766,0.001,0.001,0.939,0.939,6.149,1.20,25.20,23.1962,0.6149,2.767
2501,20.000,0.006,0.006,3.512,3.512,5.695,0.001,0.001,0.627,0.627,4.146,1.21,25.80,23.7956,0.4146,1.866
2502,25.000,0.006,0.006,4.409,4.409,5.670,0.001,0.001,0.784,0.784,5.200,1.21,26.00,24.0000,0.5200,2.340
2503,35.000,0.006,0.006,6.146,6.146,5.695,0.002,0.002,1.097,1.097,7.252,1.21,25.80,23.7956,0.7252,3.263
2504,50.000,0.006,0.006,8.671,8.671,5.766,0.006,0.006,1.565,1.565,10.248,1.20,25.20,23.1962,1.0248,4.611
2505,45.000,0.006,0.006,7.652,7.652,5.881,0.005,0.005,1.404,1.404,9.067,1.20,24.24,22.2426,0.9067,4.080
2506,30.000,0.006,0.006,4.975,4.975,6.030,0.001,0.001,0.933,0.933,5.915,1.20,23.00,21.0000,0.5915,2.662
2507,20.000,0.006,0.006,3.224,3.224,6.204,0.001,0.001,0.619,0.619,3.850,1.19,21.55,19.5529,0.3850,1.732
2508,25.000,0.006,0.006,3.912,3.912,6.390,0.001,0.001,0.771,0.771,4.690,1.19,20.00,18.0000,0.4690,2.111
2509,35.000,0.006,0.006,5.322,5.322,6.576,0.002,0.002,1.075,1.075,6.406,1.18,18.45,16.4471,0.6406,2.882
2510,50.000,0.006,0.006,7.407,7.407,6.750,0.006,0.006,1.531,1.531,8.951,1.18,17.00,15.0000,0.8951,4.028
2511,45.000,0.006,0.006,6.523,6.523,6.899,0.005,0.005,1.374,1.374,7.907,1.18,15.76,13.7574,0.7907,3.558
2512,30.000,0.006,0.006,4.277,4.277,7.014,0.001,0.001,0.914,0.914,5.199,1.17,14.80,12.8038,0.5199,2.339
2513,20.000,0.006,0.006,2.823,2.823,7.085,0.001,0.001,0.609,0.609,3.438,1.17,14.20,12.2044,0.3438,1.547
2514,25.000,0.006,0.006,3.516,3.516,7.110,0.001,0.001,0.760,0.760,4.283,1.17,14.00,12.0000,0.4283,1.928
2515,35.000,0.006,0.006,4.940,4.940,7.085,0.002,0.002,1.065,1.065,6.013,1.17,14.20,12.2044,0.6013,2.706
2516,50.000,0.006,0.006,7.129,7.129,7.014,0.006,0.006,1.523,1.523,8.665,1.17,14.80,12.8038,0.8665,3.899
2517,45.000,0.006,0.006,6.523,6.523,6.899,0.005,0.005,1.374,1.374,7.907,1.18,15.76,13.7574,0.7907,3.558
2518,30.000,0.006,0.006,4.444,4.444,6.750,0.001,0.001,0.919,0.919,5.370,1.18,17.00,15.0000,0.5370,2.417
2519,20.000,0.006,0.006,3.041,3.041,6.576,0.001,0.001,0.614,0.614,3.662,1.18,18.45,16.4471,0.3662,1.648
2520,25.000,0.006,0.006,3.912,3.912,6.390,0.001,0.001,0.771,0.771,4.690,1.19,20.00,18.0000,0.4690,2.111
2521,35.000,0.006,0.006,5.642,5.642,6.204,0.002,0.002,1.084,1.084,6.734,1.19,21.55,19.5529,0.6734,3.030
2522,50.000,0.006,0.006,8.292,8.292,6.030,0.006,0.006,1.554,1.554,9.859,1.20,23.00,21.0000,0.9859,4.436
2523,45.000,0.006,0.006,7.652,7.652,5.881,0.005,0.005,1.404,1.404,9.067,1.20,24.24,22.2426,0.9067,4.080
2524,30.000,0.006,0.006,5.202,5.202,5.766,0.001,0.001,0.939,0.939,6.149,1.20,25.20,23.1962,0.6149,2.767
2525,20.000,0.006,0.006,3.512,3.512,5.695,0.001,0.001,0.627,0.627,4.146,1.21,25.80,23.7956,0.4146,1.866
2526,25.000,0.006,0.006,4.409,4.409,5.670,0.001,0.001,0.784,0.784,5.200,1.21,26.00,24.0000,0.5200,2.340
2527,35.000,0.006,0.006,6.146,6.146,5.695,0.002,0.002,1.097,1.097,7.252,1.21,25.80,23.7956,0.7252,3.263
2528,50.000,0.006,0.006,8.671,8.671,5.766,0.006,0.006,1.565,1.565,10.248,1.20,25.20,23.1962,1.0248,4.611
2529,45.000,0.006,0.006,7.652,7.652,5.881,0.005,0.005,1.404,1.404,9.067,1.20,24.24,22.2426,0.9067,4.080
2530,30.000,0.006,0.006,4.975,4.975,6.030,0.001,0.001,0.933,0.933,5.915,1.20,23.00,21.0000,0.5915,2.662
2531,20.000,0.006,0.006,3.224,3.224,6.204,0.001,0.001,0.619,0.619,3.850,1.19,21.55,19.5529,0.3850,1.732
2532,25.000,0.006,0.006,3.912,3.912,6.390,0.001,0.001,0.771,0.771,4.690,1.19,20.00,18.0000,0.4690,2.111
2533,35.000,0.006,0.006,5.322,5.322,6.576,0.002,0.002,1.075,1.075,6.406,1.18,18.45,16.4471,0.6406,2.882
2534,50.000,0.006,0.006,7.407,7.407,6.750,0.006,0.006,1.531,1.531,8.951,1.18,17.00,15.0000,0.8951,4.028
2535,45.000,0.006,0.006,6.523,6.523,6.899,0.005,0.005,1.374,1.374,7.907,1.18,15.76,13.7574,0.7907,3.558
2536,30.000,0.006,0.006,4.277,4.277,7.014,0.001,0.001,0.914,0.914,5.199,1.17,14.80,12.8038,0.5199,2.339
2537,20.000,0.006,0.006,2.823,2.823,7.085,0.001,0.001,0.609,0.609,3.438,1.17,14.20,12.2044,0.3438,1.547
2538,25.000,0.006,0.006,3.516,3.516,7.110,0.001,0.001,0.760,0.760,4.283,1.17,14.00,12.0000,0.4283,1.928
2539,35.000,0.006,0.006,4.940,4.940,7.085,0.002,0.002,1.065,1.065,6.013,1.17,14.20,12.2044,0.6013,2.706
2540,50.000,0.006,0.006,7.129,7.129,7.014,0.006,0.006,1.523,1.523,8.665,1.17,14.80,12.8038,0.8665,3.899
2541,45.000,0.006,0.006,6.523,6.523,6.899,0.005,0.005,1.374,1.374,7.907,1.18,15.76,13.7574,0.7907,3.558
2542,30.000,0.006,0.006,4.444,4.444,6.750,0.001,0.001,0.919,0.919,5.370,1.18,17.00,15.0000,0.5370,2.417
2543,20.000,0.006,0.006,3.041,3.041,6.576,0.001,0.001,0.614,0.614,3.662,1.18,18.45,16.4471,0.3662,1.648
2544,25.000,0.006,0.006,3.912,3.912,6.390,0.001,0.001,0.771,0.771,4.690,1.19,20.00,18.0000,0.4690,2.111
2545,35.000,0.006,0.006,5.642,5.642,6.204,0.002,0.002,1.084,1.084,6.734,1.19,21.55,19.5529,0.6734,3.030
2546,50.000,0.006,0.006,8.292,8.292,6.030,0.006,0.006,1.554,1.554,9.859,1.20,23.00,21.0000,0.9859,4.436
2547,45.000,0.006,0.006,7.652,7.652,5.881,0.005,0.005,1.404,1.404,9.067,1.20,24.24,22.2426,0.9067,4.080
2548,30.000,0.006,0.006,5.202,5.202,5.766,0.001,0.001,0.939,0.939,6.149,1.20,25.20,23.1962,0.6149,2.767
2549,20.000,0.006,0.006,3.512,3.512,5.695,0.001,0.001,0.627,0.627,4.146,1.21,25.80,23.7956,0.4146,1.866
2550,25.000,0.006,0.006,4.409,4.409,5.670,0.001,0.001,0.784,0.784,5.200,1.21,26.00,24.0000,0.5200,2.340
2551,35.000,0.006,0.006,6.146,6.146,5.695,0.002,0.002,1.097,1.097,7.252,1.21,25.80,23.7956,0.7252,3.263
2552,50.000,0.006,0.006,8.671,8.671,5.766,0.006,0.006,1.565,1.565,10.248,1.20,25.20,23.1962,1.0248,4.611
2553,45.000,0.006,0.006,7.652,7.652,5.881,0.005,0.005,1.404,1.404,9.067,1.20,24.24,22.2426,0.9067,4.080
2554,30.000,0.006,0.006,4.975,4.975,6.030,0.001,0.001,0.933,0.933,5.915,1.20,23.00,21.0000,0.5915,2.662
2555,20.000,0.006,0.006,3.224,3.224,6.204,0.001,0.001,0.619,0.619,3.850,1.19,21.55,19.5529,0.3850,1.732
2556,25.000,0.006,0.006,3.912,3.912,6.390,0.001,0.001,0.771,0.771,4.690,1.19,20.00,18.0000,0.4690,2.111
2557,35.000,0.006,0.006,5.322,5.322,6.576,0.002,0.002,1.075,1.075,6.406,1.18,18.45,16.4471,0.6406,2.882
2558,50.000,0.006,0.006,7.407,7.407,6.750,0.006,0.006,1.531,1.531,8.951,1.18,17.00,15.0000,0.8951,4.028
2559,45.000,0.006,0.006,6.523,6.523,6.899,0.005,0.005,1.374,1.374,7.907,1.18,15.76,13.7574,0.7907,3.558
2560,30.000,0.006,0.006,4.277,4.277,7.014,0.001,0.001,0.914,0.914,5.199,1.17,14.80,12.8038,0.5199,2.339
2561,20.000,0.006,0.006,2.823,2.823,7.085,0.001,0.001,0.609,0.609,3.438,1.17,14.20,12.2044,0.3438,1.547
2562,25.000,0.006,0.006,3.516,3.516,7.110,0.001,0.001,0.760,0.760,4.283,1.17,14.00,12.0000,0.4283,1.928
2563,35.000,0.006,0.006,4.940,4.940,7.085,0.002,0.002,1.065,1.065,6.013,1.17,14.20,12.2044,0.6013,2.706
2564,50.000,0.006,0.006,7.129,7.129,7.014,0.006,0.006,1.523,1.523,8.665,1.17,14.80,12.8038,0.8665,3.899
2565,45.000,0.006,0.006,6.523,6.523,6.899,0.005,0.005,1.374,1.374,7.907,1.18,15.76,13.7574,0.7907,3.558
2566,30.000,0.006,0.006,4.444,4.444,6.750,0.001,0.001,0.919,0.919,5.370,1.18,17.00,15.0000,0.5370,2.417
2567,20.000,0.006,0.006,3.041,3.041,6.576,0.001,0.001,0.614,0.614,3.662,1.18,18.45,16.4471,0.3662,1.648
2568,25.000,0.006,0.006,3.912,3.912,6.390,0.001,0.001,0.771,0.771,4.690,1.19,20.00,18.0000,0.4690,2.111
2569,35.000,0.006,0.006,5.642,5.642,6.204,0.002,0.002,1.084,1.084,6.734,1.19,21.55,19.5529,0.6734,3.030
2570,50.000,0.006,0.006,8.292,8.292,6.030,0.006,0.006,1.554,1.554,9.859,1.20,23.00,21.0000,0.9859,4.436
2571,45.000,0.006,0.006,7.652,7.652,5.881,0.005,0.005,1.404,1.404,9.067,1.20,24.24,22.2426,0.9067,4.080
2572,30.000,0.006,0.006,5.202,5.202,5.766,0.001,0.001,0.939,0.939,6.149,1.20,25.20,23.1962,0.6149,2.767
2573,20.000,0.006,0.006,3.512,3.512,5.695,0.001,0.001,0.627,0.627,4.146,1.21,25.80,23.7956,0.4146,1.866
2574,25.000,0.006,0.006,4.409,4.409,5.670,0.001,0.001,0.784,0.784,5.200,1.21,26.00,24.0000,0.5200,2.340
2575,35.000,0.006,0.006,6.146,6.146,5.695,0.002,0.002,1.097,1.097,7.252,1.21,25.80,23.7956,0.7252,3.263
2576,50.000,0.006,0.006,8.671,8.671,5.766,0.006,0.006,1.565,1.565,10.248,1.20,25.20,23.1962,1.0248,4.611
2577,45.000,0.006,0.006,7.652,7.652,5.881,0.005,0.005,1.404,1.404,9.067,1.20,24.24,22.2426,0.9067,4.080
2578,30.000,0.006,0.006,4.975,4.975,6.030,0.001,0.001,0.933,0.933,5.915,1.20,23.00,21.0000,0.5915,2.662
2579,20.000,0.006,0.006,3.224,3.224,6.204,0.001,0.001,0.619,0.619,3.850,1.19,21.55,19.5529,0.3850,1.732
2580,25.000,0.006,0.006,3.912,3.912,6.390,0.001,0.001,0.771,0.771,4.690,1.19,20.00,18.0000,0.4690,2.111
2581,35.000,0.006,0.006,5.322,5.322,6.576,0.002,0.002,1.075,1.075,6.406,1.18,18.45,16.4471,0.6406,2.882
2582,50.000,0.006,0.006,7.407,7.407,6.750,0.006,0.006,1.531,1.531,8.951,1.18,17.00,15.0000,0.8951,4.028
2583,45.000,0.006,0.006,6.523,6.523,6.899,0.005,0.005,1.374,1.374,7.907,1.18,15.76,13.7574,0.7907,3.558
2584,30.000,0.006,0.006,4.277,4.277,7.014,0.001,0.001,0.914,0.914,5.199,1.17,14.80,12.8038,0.5199,2.339
2585,20.000,0.006,0.006,2.823,2.823,7.085,0.001,0.001,0.609,0.609,3.438,1.17,14.20,12.2044,0.3438,1.547
2586,25.000,0.006,0.006,3.516,3.516,7.110,0.001,0.001,0.760,0.760,4.283,1.17,14.00,12.0000,0.4283,1.928
2587,35.000,0.006,0.006,4.940,4.940,7.085,0.002,0.002,1.065,1.065,6.013,1.17,14.20,12.2044,0.6013,2.706
2588,50.000,0.006,0.006,7.129,7.129,7.014,0.006,0.006,1.523,1.523,8.665,1.17,14.80,12.8038,0.8665,3.899
2589,45.000,0.006,0.006,6.523,6.523,6.899,0.005,0.005,1.374,1.374,7.907,1.18,15.76,13.7574,0.7907,3.558
2590,30.000,0.006,0.006,4.444,4.444,6.750,0.001,0.001,0.919,0.919,5.370,1.18,17.00,15.0000,0.5370,2.417
2591,20.000,0.006,0.006,3.041,3.041,6.576,0.001,0.001,0.614,0.614,3.662,1.18,18.45,16.4471,0.3662,1.648
2592,25.000,0.006,0.006,3.912,3.912,6.390,0.001,0.001,0.771,0.771,4.690,1.19,20.00,18.0000,0.4690,2.111
2593,35.000,0.006,0.006,5.642,5.642,6.204,0.002,0.002,1.084,1.084,6.734,1.19,21.55,19.5529,0.6734,3.030
2594,50.000,0.006,0.006,8.292,8.292,6.030,0.006,0.006,1.554,1.554,9.859,1.20,23.00,21.0000,0.9859,4.436
2595,45.000,0.006,0.006,7.652,7.652,5.881,0.005,0.005,1.404,1.404,9.067,1.20,24.24,22.2426,0.9067,4.080
2596,30.000,0.006,0.006,5.202,5.202,5.766,0.001,0.001,0.939,0.939,6.149,1.20,25.20,23.1962,0.6149,2.767
2597,20.000,0.006,0.006,3.512,3.512,5.695,0.001,0.001,0.627,0.627,4.146,1.21,25.80,23.7956,0.4146,1.866
2598,25.000,0.006,0.006,4.409,4.409,5.670,0.001,0.001,0.784,0.784,5.200,1.21,26.00,24.0000,0.5200,2.340
2599,35.000,0.006,0.006,6.146,6.146,5.695,0.002,0.002,1.097,1.097,7.252,1.21,25.80,23.7956,0.7252,3.263
2600,50.000,0.006,0.006,8.671,8.671,5.766,0.006,0.006,1.565,1.565,10.248,1.20,25.20,23.1962,1.0248,4.611
2601,45.000,0.006,0.006,7.652,7.652,5.881,0.005,0.005,1.404,1.404,9.067,1.20,24.24,22.2426,0.9067,4.080
2602,30.000,0.006,0.006,4.975,4.975,6.030,0.001,0.001,0.933,0.933,5.915,1.20,23.00,21.0000,0.5915,2.662
2603,20.000,0.006,0.006,3.224,3.224,6.204,0.001,0.001,0.619,0.619,3.850,1.19,21.55,19.5529,0.3850,1.732
2604,25.000,0.006,0.006,3.912,3.912,6.390,0.001,0.001,0.771,0.771,4.690,1.19,20.00,18.0000,0.4690,2.111
2605,35.000,0.006,0.006,5.322,5.322,6.576,0.002,0.002,1.075,1.075,6.406,1.18,18.45,16.4471,0.6406,2.882
2606,50.000,0.006,0.006,7.407,7.407,6.750,0.006,0.006,1.531,1.531,8.951,1.18,17.00,15.0000,0.8951,4.028
2607,45.000,0.006,0.006,6.523,6.523,6.899,0.005,0.005,1.374,1.374,7.907,1.18,15.76,13.7574,0.7907,3.558
2608,30.000,0.006,0.006,4.277,4.277,7.014,0.001,0.001,0.914,0.914,5.199,1.17,14.80,12.8038,0.5199,2.339
2609,20.000,0.006,0.006,2.823,2.823,7.085,0.001,0.001,0.609,0.609,3.438,1.17,14.20,12.2044,0.3438,1.547
2610,25.000,0.006,0.006,3.516,3.516,7.110,0.001,0.001,0.760,0.760,4.283,1.17,14.00,12.0000,0.4283,1.928
2611,35.000,0.006,0.006,4.940,4.940,7.085,0.002,0.002,1.065,1.065,6.013,1.17,14.20,12.2044,0.6013,2.706
2612,50.000,0.006,0.006,7.129,7.129,7.014,0.006,0.006,1.523,1.523,8.665,1.17,14.80,12.8038,0.8665,3.899
2613,45.000,0.006,0.006,6.523,6.523,6.899,0.005,0.005,1.374,1.374,7.907,1.18,15.76,13.7574,0.7907,3.558
2614,30.000,0.006,0.006,4.444,4.444,6.750,0.001,0.001,0.919,0.919,5.370,1.18,17.00,15.0000,0.5370,2.417
2615,20.000,0.006,0.006,3.041,3.041,6.576,0.001,0.001,0.614,0.614,3.662,1.18,18.45,16.4471,0.3662,1.648
2616,25.000,0.006,0.006,3.912,3.912,6.390,0.001,0.001,0.771,0.771,4.690,1.19,20.00,18.0000,0.4690,2.111
2617,35.000,0.006,0.006,5.642,5.642,6.204,0.002,0.002,1.084,1.084,6.734,1.19,21.55,19.5529,0.6734,3.030
2618,50.000,0.006,0.006,8.292,8.292,6.030,0.006,0.006,1.554,1.554,9.859,1.20,23.00,21.0000,0.9859,4.436
2619,45.000,0.006,0.006,7.652,7.652,5.881,0.005,0.005,1.404,1.404,9.067,1.20,24.24,22.2426,0.9067,4.080
2620,30.000,0.006,0.006,5.202,5.202,5.766,0.001,0.001,0.939,0.939,6.149,1.20,25.20,23.1962,0.6149,2.767
2621,20.000,0.006,0.006,3.512,3.512,5.695,0.001,0.001,0.627,0.627,4.146,1.21,25.80,23.7956,0.4146,1.866
2622,25.000,0.006,0.006,4.409,4.409,5.670,0.001,0.001,0.784,0.784,5.200,1.21,26.00,24.0000,0.5200,2.340
2623,35.000,0.006,0.006,6.146,6.146,5.695,0.002,0.002,1.097,1.097,7.252,1.21,25.80,23.7956,0.7252,3.263
2624,50.000,0.006,0.006,8.671,8.671,5.766,0.006,0.006,1.565,1.565,10.248,1.20,25.20,23.1962,1.0248,4.611
2625,45.000,0.006,0.006,7.652,7.652,5.881,0.005,0.005,1.404,1.404,9.067,1.20,24.24,22.2426,0.9067,4.080
2626,30.000,0.006,0.006,4.975,4.975,6.030,0.001,0.001,0.933,0.933,5.915,1.20,23.00,21.0000,0.5915,2.662
2627,20.000,0.006,0.006,3.224,3.224,6.204,0.001,0.001,0.619,0.619,3.850,1.19,21.55,19.5529,0.3850,1.732
2628,25.000,0.006,0.006,3.912,3.912,6.390,0.001,0.001,0.771,0.771,4.690,1.19,20.00,18.0000,0.4690,2.111
2629,35.000,0.006,0.006,5.322,5.322,6.576,0.002,0.002,1.075,1.075,6.406,1.18,18.45,16.4471,0.6406,2.882
2630,50.000,0.006,0.006,7.407,7.407,6.750,0.006,0.006,1.531,1.531,8.951,1.18,17.00,15.0000,0.8951,4.028
2631,45.000,0.006,0.006,6.523,6.523,6.899,0.005,0.005,1.374,1.374,7.907,1.18,15.76,13.7574,0.7907,3.558
2632,30.000,0.006,0.006,4.277,4.277,7.014,0.001,0.001,0.914,0.914,5.199,1.17,14.80,12.8038,0.5199,2.339
2633,20.000,0.006,0.006,2.823,2.823,7.085,0.001,0.001,0.609,0.609,3.438,1.17,14.20,12.2044,0.3438,1.547
2634,25.000,0.006,0.006,3.516,3.516,7.110,0.001,0.001,0.760,0.760,4.283,1.17,14.00,12.0000,0.4283,1.928
2635,35.000,0.006,0.006,4.940,4.940,7.085,0.002,0.002,1.065,1.065,6.013,1.17,14.20,12.2044,0.6013,2.706
2636,50.000,0.006,0.006,7.129,7.129,7.014,0.006,0.006,1.523,1.523,8.665,1.17,14.80,12.8038,0.8665,3.899
2637,45.000,0.006,0.006,6.523,6.523,6.899,0.005,0.005,1.374,1.374,7.907,1.18,15.76,13.7574,0.7907,3.558
2638,30.000,0.006,0.006,4.444,4.444,6.750,0.001,0.001,0.919,0.919,5.370,1.18,17.00,15.0000,0.5370,2.417
2639,20.000,0.006,0.006,3.041,3.041,6.576,0.001,0.001,0.614,0.614,3.662,1.18,18.45,16.4471,0.3662,1.648
2640,25.000,0.006,0.006,3.912,3.912,6.390,0.001,0.001,0.771,0.771,4.690,1.19,20.00,18.0000,0.4690,2.111
2641,35.000,0.006,0.006,5.642,5.642,6.204,0.002,0.002,1.084,1.084,6.734,1.19,21.55,19.5529,0.6734,3.030
2642,50.000,0.006,0.006,8.292,8.292,6.030,0.006,0.006,1.554,1.554,9.859,1.20,23.00,21.0000,0.9859,4.436
2643,45.000,0.006,0.006,7.652,7.652,5.881,0.005,0.005,1.404,1.404,9.067,1.20,24.24,22.2426,0.9067,4.080
2644,30.000,0.006,0.006,5.202,5.202,5.766,0.001,0.001,0.939,0.939,6.149,1.20,25.20,23.1962,0.6149,2.767
2645,20.000,0.006,0.006,3.512,3.512,5.695,0.001,0.001,0.627,0.627,4.146,1.21,25.80,23.7956,0.4146,1.866
2646,25.000,0.006,0.006,4.409,4.409,5.670,0.001,0.001,0.784,0.784,5.200,1.21,26.00,24.0000,0.5200,2.340
2647,35.000,0.006,0.006,6.146,6.146,5.695,0.002,0.002,1.097,1.097,7.252,1.21,25.80,23.7956,0.7252,3.263
2648,50.000,0.006,0.006,8.671,8.671,5.766,0.006,0.006,1.565,1.565,10.248,1.20,25.20,23.1962,1.0248,4.611
2649,45.000,0.006,0.006,7.652,7.652,5.881,0.005,0.005,1.404,1.404,9.067,1.20,24.24,22.2426,0.9067,4.080
2650,30.000,0.006,0.006,4.975,4.975,6.030,0.001,0.001,0.933,0.933,5.915,1.20,23.00,21.0000,0.5915,2.662
2651,20.000,0.006,0.006,3.224,3.224,6.204,0.001,0.001,0.619,0.619,3.850,1.19,21.55,19.5529,0.3850,1.732
2652,25.000,0.006,0.006,3.912,3.912,6.390,0.001,0.001,0.771,0.771,4.690,1.19,20.00,18.0000,0.4690,2.111
2653,35.000,0.006,0.006,5.322,5.322,6.576,0.002,0.002,1.075,1.075,6.406,1.18,18.45,16.4471,0.6406,2.882
2654,50.000,0.006,0.006,7.407,7.407,6.750,0.006,0.006,1.531,1.531,8.951,1.18,17.00,15.0000,0.8951,4.028
2655,45.000,0.006,0.006,6.523,6.523,6.899,0.005,0.005,1.374,1.374,7.907,1.18,15.76,13.7574,0.7907,3.558
2656,30.000,0.006,0.006,4.277,4.277,7.014,0.001,0.001,0.914,0.914,5.199,1.17,14.80,12.8038,0.5199,2.339
2657,20.000,0.006,0.006,2.823,2.823,7.085,0.001,0.001,0.609,0.609,3.438,1.17,14.20,12.2044,0.3438,1.547
2658,25.000,0.006,0.006,3.516,3.516,7.110,0.001,0.001,0.760,0.760,4.283,1.17,14.00,12.0000,0.4283,1.928
2659,35.000,0.006,0.006,4.940,4.940,7.085,0.002,0.002,1.065,1.065,6.013,1.17,14.20,12.2044,0.6013,2.706
2660,50.000,0.006,0.006,7.129,7.129,7.014,0.006,0.006,1.523,1.523,8.665,1.17,14.80,12.8038,0.8665,3.899
2661,45.000,0.006,0.006,6.523,6.523,6.899,0.005,0.005,1.374,1.374,7.907,1.18,15.76,13.7574,0.7907,3.558
2662,30.000,0.006,0.006,4.444,4.444,6.750,0.001,0.001,0.919,0.919,5.370,1.18,17.00,15.0000,0.5370,2.417
2663,20.000,0.006,0.006,3.041,3.041,6.576,0.001,0.001,0.614,0.614,3.662,1.18,18.45,16.4471,0.3662,1.648
2664,25.000,0.006,0.006,3.912,3.912,6.390,0.001,0.001,0.771,0.771,4.690,1.19,20.00,18.0000,0.4690,2.111
2665,35.000,0.006,0.006,5.642,5.642,6.204,0.002,0.002,1.084,1.084,6.734,1.19,21.55,19.5529,0.6734,3.030
2666,50.000,0.006,0.006,8.292,8.292,6.030,0.006,0.006,1.554,1.554,9.859,1.20,23.00,21.0000,0.9859,4.436
2667,45.000,0.006,0.006,7.652,7.652,5.881,0.005,0.005,1.404,1.404,9.067,1.20,24.24,22.2426,0.9067,4.080
2668,30.000,0.006,0.006,5.202,5.202,5.766,0.001,0.001,0.939,0.939,6.149,1.20,25.20,23.1962,0.6149,2.767
2669,20.000,0.006,0.006,3.512,3.512,5.695,0.001,0.001,0.627,0.627,4.146,1.21,25.80,23.7956,0.4146,1.866
2670,25.000,0.006,0.006,4.409,4.409,5.670,0.001,0.001,0.784,0.784,5.200,1.21,26.00,24.0000,0.5200,2.340
2671,35.000,0.006,0.006,6.146,6.146,5.695,0.002,0.002,1.097,1.097,7.252,1.21,25.80,23.7956,0.7252,3.263
2672,50.000,0.006,0.006,8.671,8.671,5.766,0.006,0.006,1.565,1.565,10.248,1.20,25.20,23.1962,1.0248,4.611
2673,45.000,0.006,0.006,7.652,7.652,5.881,0.005,0.005,1.404,1.404,9.067,1.20,24.24,22.2426,0.9067,4.080
2674,30.000,0.006,0.006,4.975,4.975,6.030,0.001,0.001,0.933,0.933,5.915,1.20,23.00,21.0000,0.5915,2.662
2675,20.000,0.006,0.006,3.224,3.224,6.204,0.001,0.001,0.619,0.619,3.850,1.19,21.55,19.5529,0.3850,1.732
2676,25.000,0.006,0.006,3.912,3.912,6.390,0.001,0.001,0.771,0.771,4.690,1.19,20.00,18.0000,0.4690,2.111
2677,35.000,0.006,0.006,5.322,5.322,6.576,0.002,0.002,1.075,1.075,6.406,1.18,18.45,16.4471,0.6406,2.882
2678,50.000,0.006,0.006,7.407,7.407,6.750,0.006,0.006,1.531,1.531,8.951,1.18,17.00,15.0000,0.8951,4.028
2679,45.000,0.006,0.006,6.523,6.523,6.899,0.005,0.005,1.374,1.374,7.907,1.18,15.76,13.7574,0.7907,3.558
2680,30.000,0.006,0.006,4.277,4.277,7.014,0.001,0.001,0.914,0.914,5.199,1.17,14.80,12.8038,0.5199,2.339
2681,20.000,0.006,0.006,2.823,2.823,7.085,0.001,0.001,0.609,0.609,3.438,1.17,14.20,12.2044,0.3438,1.547
2682,25.000,0.006,0.006,3.516,3.516,7.110,0.001,0.001,0.760,0.760,4.283,1.17,14.00,12.0000,0.4283,1.928
2683,35.000,0.006,0.006,4.940,4.940,7.085,0.002,0.002,1.065,1.065,6.013,1.17,14.20,12.2044,0.6013,2.706
2684,50.000,0.006,0.006,7.129,7.129,7.014,0.006,0.006,1.523,1.523,8.665,1.17,14.80,12.8038,0.8665,3.899
2685,45.000,0.006,0.006,6.523,6.523,6.899,0.005,0.005,1.374,1.374,7.907,1.18,15.76,13.7574,0.7907,3.558
2686,30.000,0.006,0.006,4.444,4.444,6.750,0.001,0.001,0.919,0.919,5.370,1.18,17.00,15.0000,0.5370,2.417
2687,20.000,0.006,0.006,3.041,3.041,6.576,0.001,0.001,0.614,0.614,3.662,1.18,18.45,16.4471,0.3662,1.648
2688,25.000,0.006,0.006,3.912,3.912,6.390,0.001,0.001,0.771,0.771,4.690,1.19,20.00,18.0000,0.4690,2.111
2689,35.000,0.006,0.006,5.642,5.642,6.204,0.002,0.002,1.084,1.084,6.734,1.19,21.55,19.5529,0.6734,3.030
2690,50.000,0.006,0.006,8.292,8.292,6.030,0.006,0.006,1.554,1.554,9.859,1.20,23.00,21.0000,0.9859,4.436
2691,45.000,0.006,0.006,7.652,7.652,5.881,0.005,0.005,1.404,1.404,9.067,1.20,24.24,22.2426,0.9067,4.080
2692,30.000,0.006,0.006,5.202,5.202,5.766,0.001,0.001,0.939,0.939,6.149,1.20,25.20,23.1962,0.6149,2.767
2693,20.000,0.006,0.006,3.512,3.512,5.695,0.001,0.001,0.627,0.627,4.146,1.21,25.80,23.7956,0.4146,1.866
2694,25.000,0.006,0.006,4.409,4.409,5.670,0.001,0.001,0.784,0.784,5.200,1.21,26.00,24.0000,0.5200,2.340
2695,35.000,0.006,0.006,6.146,6.146,5.695,0.002,0.002,1.097,1.097,7.252,1.21,25.80,23.7956,0.7252,3.263
2696,50.000,0.006,0.006,8.671,8.671,5.766,0.006,0.006,1.565,1.565,10.248,1.20,25.20,23.1962,1.0248,4.611
2697,45.000,0.006,0.006,7.652,7.652,5.881,0.005,0.005,1.404,1.404,9.067,1.20,24.24,22.2426,0.9067,4.080
2698,30.000,0.006,0.006,4.975,4.975,6.030,0.001,0.001,0.933,0.933,5.915,1.20,23.00,21.0000,0.5915,2.662
2699,20.000,0.006,0.006,3.224,3.224,6.204,0.001,0.001,0.619,0.619,3.850,1.19,21.55,19.5529,0.3850,1.732
2700,25.000,0.006,0.006,3.912,3.912,6.390,0.001,0.001,0.771,0.771,4.690,1.19,20.00,18.0000,0.4690,2.111
2701,35.000,0.006,0.006,5.322,5.322,6.576,0.002,0.002,1.075,1.075,6.406,1.18,18.45,16.4471,0.6406,2.882
2702,50.000,0.006,0.006,7.407,7.407,6.750,0.006,0.006,1.531,1.531,8.951,1.18,17.00,15.0000,0.8951,4.028
2703,45.000,0.006,0.006,6.523,6.523,6.899,0.005,0.005,1.374,1.374,7.907,1.18,15.76,13.7574,0.7907,3.558
2704,30.000,0.006,0.006,4.277,4.277,7.014,0.001,0.001,0.914,0.914,5.199,1.17,14.80,12.8038,0.5199,2.339
2705,20.000,0.006,0.006,2.823,2.823,7.085,0.001,0.001,0.609,0.609,3.438,1.17,14.20,12.2044,0.3438,1.547
2706,25.000,0.006,0.006,3.516,3.516,7.110,0.001,0.001,0.760,0.760,4.283,1.17,14.00,12.0000,0.4283,1.928
2707,35.000,0.006,0.006,4.940,4.940,7.085,0.002,0.002,1.065,1.065,6.013,1.17,14.20,12.2044,0.6013,2.706
2708,50.000,0.006,0.006,7.129,7.129,7.014,0.006,0.006,1.523,1.523,8.665,1.17,14.80,12.8038,0.8665,3.899
2709,45.000,0.006,0.006,6.523,6.523,6.899,0.005,0.005,1.374,1.374,7.907,1.18,15.76,13.7574,0.7907,3.558
2710,30.000,0.006,0.006,4.444,4.444,6.750,0.001,0.001,0.919,0.919,5.370,1.18,17.00,15.0000,0.5370,2.417
2711,20.000,0.006,0.006,3.041,3.041,6.576,0.001,0.001,0.614,0.614,3.662,1.18,18.45,16.4471,0.3662,1.648
2712,25.000,0.006,0.006,3.912,3.912,6.390,0.001,0.001,0.771,0.771,4.690,1.19,20.00,18.0000,0.4690,2.111
2713,35.000,0.006,0.006,5.642,5.642,6.204,0.002,0.002,1.084,1.084,6.734,1.19,21.55,19.5529,0.6734,3.030
2714,50.000,0.006,0.006,8.292,8.292,6.030,0.006,0.006,1.554,1.554,9.859,1.20,23.00,21.0000,0.9859,4.436
2715,45.000,0.006,0.006,7.652,7.652,5.881,0.005,0.005,1.404,1.404,9.067,1.20,24.24,22.2426,0.9067,4.080
2716,30.000,0.006,0.006,5.202,5.202,5.766,0.001,0.001,0.939,0.939,6.149,1.20,25.20,23.1962,0.6149,2.767
2717,20.000,0.006,0.006,3.512,3.512,5.695,0.001,0.001,0.627,0.627,4.146,1.21,25.80,23.7956,0.4146,1.866
2718,25.000,0.006,0.006,4.409,4.409,5.670,0.001,0.001,0.784,0.784,5.200,1.21,26.00,24.0000,0.5200,2.340
2719,35.000,0.006,0.006,6.146,6.146,5.695,0.002,0.002,1.097,1.097,7.252,1.21,25.80,23.7956,0.7252,3.263
2720,50.000,0.006,0.006,8.671,8.671,5.766,0.006,0.006,1.565,1.565,10.248,1.20,25.20,23.1962,1.0248,4.611
2721,45.000,0.006,0.006,7.652,7.652,5.881,0.005,0.005,1.404,1.404,9.067,1.20,24.24,22.2426,0.9067,4.080
2722,30.000,0.006,0.006,4.975,4.975,6.030,0.001,0.001,0.933,0.933,5.915,1.20,23.00,21.0000,0.5915,2.662
2723,20.000,0.006,0.006,3.224,3.224,6.204,0.001,0.001,0.619,0.619,3.850,1.19,21.55,19.5529,0.3850,1.732
2724,25.000,0.006,0.006,3.912,3.912,6.390,0.001,0.001,0.771,0.771,4.690,1.19,20.00,18.0000,0.4690,2.111
2725,35.000,0.006,0.006,5.322,5.322,6.576,0.002,0.002,1.075,1.075,6.406,1.18,18.45,16.4471,0.6406,2.882
2726,50.000,0.006,0.006,7.407,7.407,6.750,0.006,0.006,1.531,1.531,8.951,1.18,17.00,15.0000,0.8951,4.028
2727,45.000,0.006,0.006,6.523,6.523,6.899,0.005,0.005,1.374,1.374,7.907,1.18,15.76,13.7574,0.7907,3.558
2728,30.000,0.006,0.006,4.277,4.277,7.014,0.001,0.001,0.914,0.914,5.199,1.17,14.80,12.8038,0.5199,2.339
2729,20.000,0.006,0.006,2.823,2.823,7.085,0.001,0.001,0.609,0.609,3.438,1.17,14.20,12.2044,0.3438,1.547
2730,25.000,0.006,0.006,3.516,3.516,7.110,0.001,0.001,0.760,0.760,4.283,1.17,14.00,12.0000,0.4283,1.928
2731,35.000,0.006,0.006,4.940,4.940,7.085,0.002,0.002,1.065,1.065,6.013,1.17,14.20,12.2044,0.6013,2.706
2732,50.000,0.006,0.006,7.129,7.129,7.014,0.006,0.006,1.523,1.523,8.665,1.17,14.80,12.8038,0.8665,3.899
2733,45.000,0.006,0.006,6.523,6.523,6.899,0.005,0.005,1.374,1.374,7.907,1.18,15.76,13.7574,0.7907,3.558
2734,30.000,0.006,0.006,4.444,4.444,6.750,0.001,0.001,0.919,0.919,5.370,1.18,17.00,15.0000,0.5370,2.417
2735,20.000,0.006,0.006,3.041,3.041,6.576,0.001,0.001,0.614,0.614,3.662,1.18,18.45,16.4471,0.3662,1.648
2736,25.000,0.006,0.006,3.912,3.912,6.390,0.001,0.001,0.771,0.771,4.690,1.19,20.00,18.0000,0.4690,2.111
2737,35.000,0.006,0.006,5.642,5.642,6.204,0.002,0.002,1.084,1.084,6.734,1.19,21.55,19.5529,0.6734,3.030
2738,50.000,0.006,0.006,8.292,8.292,6.030,0.006,0.006,1.554,1.554,9.859,1.20,23.00,21.0000,0.9859,4.436
2739,45.000,0.006,0.006,7.652,7.652,5.881,0.005,0.005,1.404,1.404,9.067,1.20,24.24,22.2426,0.9067,4.080
2740,30.000,0.006,0.006,5.202,5.202,5.766,0.001,0.001,0.939,0.939,6.149,1.20,25.20,23.1962,0.6149,2.767
2741,20.000,0.006,0.006,3.512,3.512,5.695,0.001,0.001,0.627,0.627,4.146,1.21,25.80,23.7956,0.4146,1.866
2742,25.000,0.006,0.006,4.409,4.409,5.670,0.001,0.001,0.784,0.784,5.200,1.21,26.00,24.0000,0.5200,2.340
2743,35.000,0.006,0.006,6.146,6.146,5.695,0.002,0.002,1.097,1.097,7.252,1.21,25.80,23.7956,0.7252,3.263
2744,50.000,0.006,0.006,8.671,8.671,5.766,0.006,0.006,1.565,1.565,10.248,1.20,25.20,23.1962,1.0248,4.611
2745,45.000,0.006,0.006,7.652,7.652,5.881,0.005,0.005,1.404,1.404,9.067,1.20,24.24,22.2426,0.9067,4.080
2746,30.000,0.006,0.006,4.975,4.975,6.030,0.001,0.001,0.933,0.933,5.915,1.20,23.00,21.0000,0.5915,2.662
2747,20.000,0.006,0.006,3.224,3.224,6.204,0.001,0.001,0.619,0.619,3.850,1.19,21.55,19.5529,0.3850,1.732
2748,25.000,0.006,0.006,3.912,3.912,6.390,0.001,0.001,0.771,0.771,4.690,1.19,20.00,18.0000,0.4690,2.111
2749,35.000,0.006,0.006,5.322,5.322,6.576,0.002,0.002,1.075,1.075,6.406,1.18,18.45,16.4471,0.6406,2.882
2750,50.000,0.006,0.006,7.407,7.407,6.750,0.006,0.006,1.531,1.531,8.951,1.18,17.00,15.0000,0.8951,4.028
2751,45.000,0.006,0.006,6.523,6.523,6.899,0.005,0.005,1.374,1.374,7.907,1.18,15.76,13.7574,0.7907,3.558
2752,30.000,0.006,0.006,4.277,4.277,7.014,0.001,0.001,0.914,0.914,5.199,1.17,14.80,12.8038,0.5199,2.339
2753,20.000,0.006,0.006,2.823,2.823,7.085,0.001,0.001,0.609,0.609,3.438,1.17,14.20,12.2044,0.3438,1.547
2754,25.000,0.006,0.006,3.516,3.516,7.110,0.001,0.001,0.760,0.760,4.283,1.17,14.00,12.0000,0.4283,1.928
2755,35.000,0.006,0.006,4.940,4.940,7.085,0.002,0.002,1.065,1.065,6.013,1.17,14.20,12.2044,0.6013,2.706
2756,50.000,0.006,0.006,7.129,7.129,7.014,0.006,0.006,1.523,1.523,8.665,1.17,14.80,12.8038,0.8665,3.899
2757,45.000,0.006,0.006,6.523,6.523,6.899,0.005,0.005,1.374,1.374,7.907,1.18,15.76,13.7574,0.7907,3.558
2758,30.000,0.006,0.006,4.444,4.444,6.750,0.001,0.001,0.919,0.919,5.370,1.18,17.00,15.0000,0.5370,2.417
2759,20.000,0.006,0.006,3.041,3.041,6.576,0.001,0.001,0.614,0.614,3.662,1.18,18.45,16.4471,0.3662,1.648
2760,25.000,0.006,0.006,3.912,3.912,6.390,0.001,0.001,0.771,0.771,4.690,1.19,20.00,18.0000,0.4690,2.111
2761,35.000,0.006,0.006,5.642,5.642,6.204,0.002,0.002,1.084,1.084,6.734,1.19,21.55,19.5529,0.6734,3.030
2762,50.000,0.006,0.006,8.292,8.292,6.030,0.006,0.006,1.554,1.554,9.859,1.20,23.00,21.0000,0.9859,4.436
2763,45.000,0.006,0.006,7.652,7.652,5.881,0.005,0.005,1.404,1.404,9.067,1.20,24.24,22.2426,0.9067,4.080
2764,30.000,0.006,0.006,5.202,5.202,5.766,0.001,0.001,0.939,0.939,6.149,1.20,25.20,23.1962,0.6149,2.767
2765,20.000,0.006,0.006,3.512,3.512,5.695,0.001,0.001,0.627,0.627,4.146,1.21,25.80,23.7956,0.4146,1.866
2766,25.000,0.006,0.006,4.409,4.409,5.670,0.001,0.001,0.784,0.784,5.200,1.21,26.00,24.0000,0.5200,2.340
2767,35.000,0.006,0.006,6.146,6.146,5.695,0.002,0.002,1.097,1.097,7.252,1.21,25.80,23.7956,0.7252,3.263
2768,50.000,0.006,0.006,8.671,8.671,5.766,0.006,0.006,1.565,1.565,10.248,1.20,25.20,23.1962,1.0248,4.611
2769,45.000,0.006,0.006,7.652,7.652,5.881,0.005,0.005,1.404,1.404,9.067,1.20,24.24,22.2426,0.9067,4.080
2770,30.000,0.006,0.006,4.975,4.975,6.030,0.001,0.001,0.933,0.933,5.915,1.20,23.00,21.0000,0.5915,2.662
2771,20.000,0.006,0.006,3.224,3.224,6.204,0.001,0.001,0.619,0.619,3.850,1.19,21.55,19.5529,0.3850,1.732
2772,25.000,0.006,0.006,3.912,3.912,6.390,0.001,0.001,0.771,0.771,4.690,1.19,20.00,18.0000,0.4690,2.111
2773,35.000,0.006,0.006,5.322,5.322,6.576,0.002,0.002,1.075,1.075,6.406,1.18,18.45,16.4471,0.6406,2.882
2774,50.000,0.006,0.006,7.407,7.407,6.750,0.006,0.006,1.531,1.531,8.951,1.18,17.00,15.0000,0.8951,4.028
2775,45.000,0.006,0.006,6.523,6.523,6.899,0.005,0.005,1.374,1.374,7.907,1.18,15.76,13.7574,0.7907,3.558
2776,30.000,0.006,0.006,4.277,4.277,7.014,0.001,0.001,0.914,0.914,5.199,1.17,14.80,12.8038,0.5199,2.339
2777,20.000,0.006,0.006,2.823,2.823,7.085,0.001,0.001,0.609,0.609,3.438,1.17,14.20,12.2044,0.3438,1.547
2778,25.000,0.006,0.006,3.516,3.516,7.110,0.001,0.001,0.760,0.760,4.283,1.17,14.00,12.0000,0.4283,1.928
2779,35.000,0.006,0.006,4.940,4.940,7.085,0.002,0.002,1.065,1.065,6.013,1.17,14.20,12.2044,0.6013,2.706
2780,50.000,0.006,0.006,7.129,7.129,7.014,0.006,0.006,1.523,1.523,8.665,1.17,14.80,12.8038,0.8665,3.899
2781,45.000,0.006,0.006,6.523,6.523,6.899,0.005,0.005,1.374,1.374,7.907,1.18,15.76,13.7574,0.7907,3.558
2782,30.000,0.006,0.006,4.444,4.444,6.750,0.001,0.001,0.919,0.919,5.370,1.18,17.00,15.0000,0.5370,2.417
2783,20.000,0.006,0.006,3.041,3.041,6.576,0.001,0.001,0.614,0.614,3.662,1.18,18.45,16.4471,0.3662,1.648
2784,25.000,0.006,0.006,3.912,3.912,6.390,0.001,0.001,0.771,0.771,4.690,1.19,20.00,18.0000,0.4690,2.111
2785,35.000,0.006,0.006,5.642,5.642,6.204,0.002,0.002,1.084,1.084,6.734,1.19,21.55,19.5529,0.6734,3.030
2786,50.000,0.006,0.006,8.292,8.292,6.030,0.006,0.006,1.554,1.554,9.859,1.20,23.00,21.0000,0.9859,4.436
2787,45.000,0.006,0.006,7.652,7.652,5.881,0.005,0.005,1.404,1.404,9.067,1.20,24.24,22.2426,0.9067,4.080
2788,30.000,0.006,0.006,5.202,5.202,5.766,0.001,0.001,0.939,0.939,6.149,1.20,25.20,23.1962,0.6149,2.767
2789,20.000,0.006,0.006,3.512,3.512,5.695,0.001,0.001,0.627,0.627,4.146,1.21,25.80,23.7956,0.4146,1.866
2790,25.000,0.006,0.006,4.409,4.409,5.670,0.001,0.001,0.784,0.784,5.200,1.21,26.00,24.0000,0.5200,2.340
2791,35.000,0.006,0.006,6.146,6.146,5.695,0.002,0.002,1.097,1.097,7.252,1.21,25.80,23.7956,0.7252,3.263
2792,50.000,0.006,0.006,8.671,8.671,5.766,0.006,0.006,1.565,1.565,10.248,1.20,25.20,23.1962,1.0248,4.611
2793,45.000,0.006,0.006,7.652,7.652,5.881,0.005,0.005,1.404,1.404,9.067,1.20,24.24,22.2426,0.9067,4.080
2794,30.000,0.006,0.006,4.975,4.975,6.030,0.001,0.001,0.933,0.933,5.915,1.20,23.00,21.0000,0.5915,2.662
2795,20.000,0.006,0.006,3.224,3.224,6.204,0.001,0.001,0.619,0.619,3.850,1.19,21.55,19.5529,0.3850,1.732
2796,25.000,0.006,0.006,3.912,3.912,6.390,0.001,0.001,0.771,0.771,4.690,1.19,20.00,18.0000,0.4690,2.111
2797,35.000,0.006,0.006,5.322,5.322,6.576,0.002,0.002,1.075,1.075,6.406,1.18,18.45,16.4471,0.6406,2.882
2798,50.000,0.006,0.006,7.407,7.407,6.750,0.006,0.006,1.531,1.531,8.951,1.18,17.00,15.0000,0.8951,4.028
2799,45.000,0.006,0.006,6.523,6.523,6.899,0.005,0.005,1.374,1.374,7.907,1.18,15.76,13.7574,0.7907,3.558
2800,30.000,0.006,0.006,4.277,4.277,7.014,0.001,0.001,0.914,0.914,5.199,1.17,14.80,12.8038,0.5199,2.339
2801,20.000,0.006,0.006,2.823,2.823,7.085,0.001,0.001,0.609,0.609,3.438,1.17,14.20,12.2044,0.3438,1.547
2802,25.000,0.006,0.006,3.516,3.516,7.110,0.001,0.001,0.760,0.760,4.283,1.17,14.00,12.0000,0.4283,1.928
2803,35.000,0.006,0.006,4.940,4.940,7.085,0.002,0.002,1.065,1.065,6.013,1.17,14.20,12.2044,0.6013,2.706
2804,50.000,0.006,0.006,7.129,7.129,7.014,0.006,0.006,1.523,1.523,8.665,1.17,14.80,12.8038,0.8665,3.899
2805,45.000,0.006,0.006,6.523,6.523,6.899,0.005,0.005,1.374,1.374,7.907,1.18,15.76,13.7574,0.7907,3.558
2806,30.000,0.006,0.006,4.444,4.444,6.750,0.001,0.001,0.919,0.919,5.370,1.18,17.00,15.0000,0.5370,2.417
2807,20.000,0.006,0.006,3.041,3.041,6.576,0.001,0.001,0.614,0.614,3.662,1.18,18.45,16.4471,0.3662,1.648
2808,25.000,0.006,0.006,3.912,3.912,6.390,0.001,0.001,0.771,0.771,4.690,1.19,20.00,18.0000,0.4690,2.111
2809,35.000,0.006,0.006,5.642,5.642,6.204,0.002,0.002,1.084,1.084,6.734,1.19,21.55,19.5529,0.6734,3.030
2810,50.000,0.006,0.006,8.292,8.292,6.030,0.006,0.006,1.554,1.554,9.859,1.20,23.00,21.0000,0.9859,4.436
2811,45.000,0.006,0.006,7.652,7.652,5.881,0.005,0.005,1.404,1.404,9.067,1.20,24.24,22.2426,0.9067,4.080
2812,30.000,0.006,0.006,5.202,5.202,5.766,0.001,0.001,0.939,0.939,6.149,1.20,25.20,23.1962,0.6149,2.767
2813,20.000,0.006,0.006,3.512,3.512,5.695,0.001,0.001,0.627,0.627,4.146,1.21,25.80,23.7956,0.4146,1.866
2814,25.000,0.006,0.006,4.409,4.409,5.670,0.001,0.001,0.784,0.784,5.200,1.21,26.00,24.0000,0.5200,2.340
2815,35.000,0.006,0.006,6.146,6.146,5.695,0.002,0.002,1.097,1.097,7.252,1.21,25.80,23.7956,0.7252,3.263
2816,50.000,0.006,0.006,8.671,8.671,5.766,0.006,0.006,1.565,1.565,10.248,1.20,25.20,23.1962,1.0248,4.611
2817,45.000,0.006,0.006,7.652,7.652,5.881,0.005,0.005,1.404,1.404,9.067,1.20,24.24,22.2426,0.9067,4.080
2818,30.000,0.006,0.006,4.975,4.975,6.030,0.001,0.001,0.933,0.933,5.915,1.20,23.00,21.0000,0.5915,2.662
2819,20.000,0.006,0.006,3.224,3.224,6.204,0.001,0.001,0.619,0.619,3.850,1.19,21.55,19.5529,0.3850,1.732
2820,25.000,0.006,0.006,3.912,3.912,6.390,0.001,0.001,0.771,0.771,4.690,1.19,20.00,18.0000,0.4690,2.111
2821,35.000,0.006,0.006,5.322,5.322,6.576,0.002,0.002,1.075,1.075,6.406,1.18,18.45,16.4471,0.6406,2.882
2822,50.000,0.006,0.006,7.407,7.407,6.750,0.006,0.006,1.531,1.531,8.951,1.18,17.00,15.0000,0.8951,4.028
2823,45.000,0.006,0.006,6.523,6.523,6.899,0.005,0.005,1.374,1.374,7.907,1.18,15.76,13.7574,0.7907,3.558
2824,30.000,0.006,0.006,4.277,4.277,7.014,0.001,0.001,0.914,0.914,5.199,1.17,14.80,12.8038,0.5199,2.339
2825,20.000,0.006,0.006,2.823,2.823,7.085,0.001,0.001,0.609,0.609,3.438,1.17,14.20,12.2044,0.3438,1.547
2826,25.000,0.006,0.006,3.516,3.516,7.110,0.001,0.001,0.760,0.760,4.283,1.17,14.00,12.0000,0.4283,1.928
2827,35.000,0.006,0.006,4.940,4.940,7.085,0.002,0.002,1.065,1.065,6.013,1.17,14.20,12.2044,0.6013,2.706
2828,50.000,0.006,0.006,7.129,7.129,7.014,0.006,0.006,1.523,1.523,8.665,1.17,14.80,12.8038,0.8665,3.899
2829,45.000,0.006,0.006,6.523,6.523,6.899,0.005,0.005,1.374,1.374,7.907,1.18,15.76,13.7574,0.7907,3.558
2830,30.000,0.006,0.006,4.444,4.444,6.750,0.001,0.001,0.919,0.919,5.370,1.18,17.00,15.0000,0.5370,2.417
2831,20.000,0.006,0.006,3.041,3.041,6.576,0.001,0.001,0.614,0.614,3.662,1.18,18.45,16.4471,0.3662,1.648
2832,25.000,0.006,0.006,3.912,3.912,6.390,0.001,0.001,0.771,0.771,4.690,1.19,20.00,18.0000,0.4690,2.111
2833,35.000,0.006,0.006,5.642,5.642,6.204,0.002,0.002,1.084,1.084,6.734,1.19,21.55,19.5529,0.6734,3.030
2834,50.000,0.006,0.006,8.292,8.292,6.030,0.006,0.006,1.554,1.554,9.859,1.20,23.00,21.0000,0.9859,4.436
2835,45.000,0.006,0.006,7.652,7.652,5.881,0.005,0.005,1.404,1.404,9.067,1.20,24.24,22.2426,0.9067,4.080
2836,30.000,0.006,0.006,5.202,5.202,5.766,0.001,0.001,0.939,0.939,6.149,1.20,25.20,23.1962,0.6149,2.767
2837,20.000,0.006,0.006,3.512,3.512,5.695,0.001,0.001,0.627,0.627,4.146,1.21,25.80,23.7956,0.4146,1.866
2838,25.000,0.006,0.006,4.409,4.409,5.670,0.001,0.001,0.784,0.784,5.200,1.21,26.00,24.0000,0.5200,2.340
2839,35.000,0.006,0.006,6.146,6.146,5.695,0.002,0.002,1.097,1.097,7.252,1.21,25.80,23.7956,0.7252,3.263
2840,50.000,0.006,0.006,8.671,8.671,5.766,0.006,0.006,1.565,1.565,10.248,1.20,25.20,23.1962,1.0248,4.611
2841,45.000,0.006,0.006,7.652,7.652,5.881,0.005,0.005,1.404,1.404,9.067,1.20,24.24,22.2426,0.9067,4.080
2842,30.000,0.006,0.006,4.975,4.975,6.030,0.001,0.001,0.933,0.933,5.915,1.20,23.00,21.0000,0.5915,2.662
2843,20.000,0.006,0.006,3.224,3.224,6.204,0.001,0.001,0.619,0.619,3.850,1.19,21.55,19.5529,0.3850,1.732
2844,25.000,0.006,0.006,3.912,3.912,6.390,0.001,0.001,0.771,0.771,4.690,1.19,20.00,18.0000,0.4690,2.111
2845,35.000,0.006,0.006,5.322,5.322,6.576,0.002,0.002,1.075,1.075,6.406,1.18,18.45,16.4471,0.6406,2.882
2846,50.000,0.006,0.006,7.407,7.407,6.750,0.006,0.006,1.531,1.531,8.951,1.18,17.00,15.0000,0.8951,4.028
2847,45.000,0.006,0.006,6.523,6.523,6.899,0.005,0.005,1.374,1.374,7.907,1.18,15.76,13.7574,0.7907,3.558
2848,30.000,0.006,0.006,4.277,4.277,7.014,0.001,0.001,0.914,0.914,5.199,1.17,14.80,12.8038,0.5199,2.339
2849,20.000,0.006,0.006,2.823,2.823,7.085,0.001,0.001,0.609,0.609,3.438,1.17,14.20,12.2044,0.3438,1.547
2850,25.000,0.006,0.006,3.516,3.516,7.110,0.001,0.001,0.760,0.760,4.283,1.17,14.00,12.0000,0.4283,1.928
2851,35.000,0.006,0.006,4.940,4.940,7.085,0.002,0.002,1.065,1.065,6.013,1.17,14.20,12.2044,0.6013,2.706
2852,50.000,0.006,0.006,7.129,7.129,7.014,0.006,0.006,1.523,1.523,8.665,1.17,14.80,12.8038,0.8665,3.899
2853,45.000,0.006,0.006,6.523,6.523,6.899,0.005,0.005,1.374,1.374,7.907,1.18,15.76,13.7574,0.7907,3.558
2854,30.000,0.006,0.006,4.444,4.444,6.750,0.001,0.001,0.919,0.919,5.370,1.18,17.00,15.0000,0.5370,2.417
2855,20.000,0.006,0.006,3.041,3.041,6.576,0.001,0.001,0.614,0.614,3.662,1.18,18.45,16.4471,0.3662,1.648
2856,25.000,0.006,0.006,3.912,3.912,6.390,0.001,0.001,0.771,0.771,4.690,1.19,20.00,18.0000,0.4690,2.111
2857,35.000,0.006,0.006,5.642,5.642,6.204,0.002,0.002,1.084,1.084,6.734,1.19,21.55,19.5529,0.6734,3.030
2858,50.000,0.006,0.006,8.292,8.292,6.030,0.006,0.006,1.554,1.554,9.859,1.20,23.00,21.0000,0.9859,4.436
2859,45.000,0.006,0.006,7.652,7.652,5.881,0.005,0.005,1.404,1.404,9.067,1.20,24.24,22.2426,0.9067,4.080
2860,30.000,0.006,0.006,5.202,5.202,5.766,0.001,0.001,0.939,0.939,6.149,1.20,25.20,23.1962,0.6149,2.767
2861,20.000,0.006,0.006,3.512,3.512,5.695,0.001,0.001,0.627,0.627,4.146,1.21,25.80,23.7956,0.4146,1.866
2862,25.000,0.006,0.006,4.409,4.409,5.670,0.001,0.001,0.784,0.784,5.200,1.21,26.00,24.0000,0.5200,2.340
2863,35.000,0.006,0.006,6.146,6.146,5.695,0.002,0.002,1.097,1.097,7.252,1.21,25.80,23.7956,0.7252,3.263
2864,50.000,0.006,0.006,8.671,8.671,5.766,0.006,0.006,1.565,1.565,10.248,1.20,25.20,23.1962,1.0248,4.611
2865,45.000,0.006,0.006,7.652,7.652,5.881,0.005,0.005,1.404,1.404,9.067,1.20,24.24,22.2426,0.9067,4.080
2866,30.000,0.006,0.006,4.975,4.975,6.030,0.001,0.001,0.933,0.933,5.915,1.20,23.00,21.0000,0.5915,2.662
2867,20.000,0.006,0.006,3.224,3.224,6.204,0.001,0.001,0.619,0.619,3.850,1.19,21.55,19.5529,0.3850,1.732
2868,25.000,0.006,0.006,3.912,3.912,6.390,0.001,0.001,0.771,0.771,4.690,1.19,20.00,18.0000,0.4690,2.111
2869,35.000,0.006,0.006,5.322,5.322,6.576,0.002,0.002,1.075,1.075,6.406,1.18,18.45,16.4471,0.6406,2.882
2870,50.000,0.006,0.006,7.407,7.407,6.750,0.006,0.006,1.531,1.531,8.951,1.18,17.00,15.0000,0.8951,4.028
2871,45.000,0.006,0.006,6.523,6.523,6.899,0.005,0.005,1.374,1.374,7.907,1.18,15.76,13.7574,0.7907,3.558
2872,30.000,0.006,0.006,4.277,4.277,7.014,0.001,0.001,0.914,0.914,5.199,1.17,14.80,12.8038,0.5199,2.339
2873,20.000,0.006,0.006,2.823,2.823,7.085,0.001,0.001,0.609,0.609,3.438,1.17,14.20,12.2044,0.3438,1.547
2874,25.000,0.006,0.006,3.516,3.516,7.110,0.001,0.001,0.760,0.760,4.283,1.17,14.00,12.0000,0.4283,1.928
2875,35.000,0.006,0.006,4.940,4.940,7.085,0.002,0.002,1.065,1.065,6.013,1.17,14.20,12.2044,0.6013,2.706
2876,50.000,0.006,0.006,7.129,7.129,7.014,0.006,0.006,1.523,1.523,8.665,1.17,14.80,12.8038,0.8665,3.899
2877,45.000,0.006,0.006,6.523,6.523,6.899,0.005,0.005,1.374,1.374,7.907,1.18,15.76,13.7574,0.7907,3.558
2878,30.000,0.006,0.006,4.444,4.444,6.750,0.001,0.001,0.919,0.919,5.370,1.18,17.00,15.0000,0.5370,2.417
2879,20.000,0.006,0.006,3.041,3.041,6.576,0.001,0.001,0.614,0.614,3.662,1.18,18.45,16.4471,0.3662,1.648
2880,25.000,0.006,0.006,3.912,3.912,6.390,0.001,0.001,0.771,0.771,4.690,1.19,20.00,18.0000,0.4690,2.111
2881,35.000,0.006,0.006,5.642,5.642,6.204,0.002,0.002,1.084,1.084,6.734,1.19,21.55,19.5529,0.6734,3.030
2882,50.000,0.006,0.006,8.292,8.292,6.030,0.006,0.006,1.554,1.554,9.859,1.20,23.00,21.0000,0.9859,4.436
2883,45.000,0.006,0.006,7.652,7.652,5.881,0.005,0.005,1.404,1.404,9.067,1.20,24.24,22.2426,0.9067,4.080
2884,30.000,0.006,0.006,5.202,5.202,5.766,0.001,0.001,0.939,0.939,6.149,1.20,25.20,23.1962,0.6149,2.767
2885,20.000,0.006,0.006,3.512,3.512,5.695,0.001,0.001,0.627,0.627,4.146,1.21,25.80,23.7956,0.4146,1.866
2886,25.000,0.006,0.006,4.409,4.409,5.670,0.001,0.001,0.784,0.784,5.200,1.21,26.00,24.0000,0.5200,2.340
2887,35.000,0.006,0.006,6.146,6.146,5.695,0.002,0.002,1.097,1.097,7.252,1.21,25.80,23.7956,0.7252,3.263
2888,50.000,0.006,0.006,8.671,8.671,5.766,0.006,0.006,1.565,1.565,10.248,1.20,25.20,23.1962,1.0248,4.611
2889,45.000,0.006,0.006,7.652,7.652,5.881,0.005,0.005,1.404,1.404,9.067,1.20,24.24,22.2426,0.9067,4.080
2890,30.000,0.006,0.006,4.975,4.975,6.030,0.001,0.001,0.933,0.933,5.915,1.20,23.00,21.0000,0.5915,2.662
2891,20.000,0.006,0.006,3.224,3.224,6.204,0.001,0.001,0.619,0.619,3.850,1.19,21.55,19.5529,0.3850,1.732
2892,25.000,0.006,0.006,3.912,3.912,6.390,0.001,0.001,0.771,0.771,4.690,1.19,20.00,18.0000,0.4690,2.111
2893,35.000,0.006,0.006,5.322,5.322,6.576,0.002,0.002,1.075,1.075,6.406,1.18,18.45,16.4471,0.6406,2.882
2894,50.000,0.006,0.006,7.407,7.407,6.750,0.006,0.006,1.531,1.531,8.951,1.18,17.00,15.0000,0.8951,4.028
2895,45.000,0.006,0.006,6.523,6.523,6.899,0.005,0.005,1.374,1.374,7.907,1.18,15.76,13.7574,0.7907,3.558
2896,30.000,0.006,0.006,4.277,4.277,7.014,0.001,0.001,0.914,0.914,5.199,1.17,14.80,12.8038,0.5199,2.339
2897,20.000,0.006,0.006,2.823,2.823,7.085,0.001,0.001,0.609,0.609,3.438,1.17,14.20,12.2044,0.3438,1.547
2898,25.000,0.006,0.006,3.516,3.516,7.110,0.001,0.001,0.760,0.760,4.283,1.17,14.00,12.0000,0.4283,1.928
2899,35.000,0.006,0.006,4.940,4.940,7.085,0.002,0.002,1.065,1.065,6.013,1.17,14.20,12.2044,0.6013,2.706
2900,50.000,0.006,0.006,7.129,7.129,7.014,0.006,0.006,1.523,1.523,8.665,1.17,14.80,12.8038,0.8665,3.899
2901,45.000,0.006,0.006,6.523,6.523,6.899,0.005,0.005,1.374,1.374,7.907,1.18,15.76,13.7574,0.7907,3.558
2902,30.000,0.006,0.006,4.444,4.444,6.750,0.001,0.001,0.919,0.919,5.370,1.18,17.00,15.0000,0.5370,2.417
2903,20.000,0.006,0.006,3.041,3.041,6.576,0.001,0.001,0.614,0.614,3.662,1.18,18.45,16.4471,0.3662,1.648
2904,25.000,0.006,0.006,3.912,3.912,6.390,0.001,0.001,0.771,0.771,4.690,1.19,20.00,18.0000,0.4690,2.111
2905,35.000,0.006,0.006,5.642,5.642,6.204,0.002,0.002,1.084,1.084,6.734,1.19,21.55,19.5529,0.6734,3.030
2906,50.000,0.006,0.006,8.292,8.292,6.030,0.006,0.006,1.554,1.554,9.859,1.20,23.00,21.0000,0.9859,4.436
2907,45.000,0.006,0.006,7.652,7.652,5.881,0.005,0.005,1.404,1.404,9.067,1.20,24.24,22.2426,0.9067,4.080
2908,30.000,0.006,0.006,5.202,5.202,5.766,0.001,0.001,0.939,0.939,6.149,1.20,25.20,23.1962,0.6149,2.767
2909,20.000,0.006,0.006,3.512,3.512,5.695,0.001,0.001,0.627,0.627,4.146,1.21,25.80,23.7956,0.4146,1.866
2910,25.000,0.006,0.006,4.409,4.409,5.670,0.001,0.001,0.784,0.784,5.200,1.21,26.00,24.0000,0.5200,2.340
2911,35.000,0.006,0.006,6.146,6.146,5.695,0.002,0.002,1.097,1.097,7.252,1.21,25.80,23.7956,0.7252,3.263
2912,50.000,0.006,0.006,8.671,8.671,5.766,0.006,0.006,1.565,1.565,10.248,1.20,25.20,23.1962,1.0248,4.611
2913,45.000,0.006,0.006,7.652,7.652,5.881,0.005,0.005,1.404,1.404,9.067,1.20,24.24,22.2426,0.9067,4.080
2914,30.000,0.006,0.006,4.975,4.975,6.030,0.001,0.001,0.933,0.933,5.915,1.20,23.00,21.0000,0.5915,2.662
2915,20.000,0.006,0.006,3.224,3.224,6.204,0.001,0.001,0.619,0.619,3.850,1.19,21.55,19.5529,0.3850,1.732
2916,25.000,0.006,0.006,3.912,3.912,6.390,0.001,0.001,0.771,0.771,4.690,1.19,20.00,18.0000,0.4690,2.111
2917,35.000,0.006,0.006,5.322,5.322,6.576,0.002,0.002,1.075,1.075,6.406,1.18,18.45,16.4471,0.6406,2.882
2918,50.000,0.006,0.006,7.407,7.407,6.750,0.006,0.006,1.531,1.531,8.951,1.18,17.00,15.0000,0.8951,4.028
2919,45.000,0.006,0.006,6.523,6.523,6.899,0.005,0.005,1.374,1.374,7.907,1.18,15.76,13.7574,0.7907,3.558
2920,30.000,0.006,0.006,4.277,4.277,7.014,0.001,0.001,0.914,0.914,5.199,1.17,14.80,12.8038,0.5199,2.339
2921,20.000,0.006,0.006,2.823,2.823,7.085,0.001,0.001,0.609,0.609,3.438,1.17,14.20,12.2044,0.3438,1.547
2922,25.000,0.006,0.006,3.516,3.516,7.110,0.001,0.001,0.760,0.760,4.283,1.17,14.00,12.0000,0.4283,1.928
2923,35.000,0.006,0.006,4.940,4.940,7.085,0.002,0.002,1.065,1.065,6.013,1.17,14.20,12.2044,0.6013,2.706
2924,50.000,0.006,0.006,7.129,7.129,7.014,0.006,0.006,1.523,1.523,8.665,1.17,14.80,12.8038,0.8665,3.899
2925,45.000,0.006,0.006,6.523,6.523,6.899,0.005,0.005,1.374,1.374,7.907,1.18,15.76,13.7574,0.7907,3.558
2926,30.000,0.006,0.006,4.444,4.444,6.750,0.001,0.001,0.919,0.919,5.370,1.18,17.00,15.0000,0.5370,2.417
2927,20.000,0.006,0.006,3.041,3.041,6.576,0.001,0.001,0.614,0.614,3.662,1.18,18.45,16.4471,0.3662,1.648
2928,25.000,0.006,0.006,3.912,3.912,6.390,0.001,0.001,0.771,0.771,4.690,1.19,20.00,18.0000,0.4690,2.111
2929,35.000,0.006,0.006,5.642,5.642,6.204,0.002,0.002,1.084,1.084,6.734,1.19,21.55,19.5529,0.6734,3.030
2930,50.000,0.006,0.006,8.292,8.292,6.030,0.006,0.006,1.554,1.554,9.859,1.20,23.00,21.0000,0.9859,4.436
2931,45.000,0.006,0.006,7.652,7.652,5.881,0.005,0.005,1.404,1.404,9.067,1.20,24.24,22.2426,0.9067,4.080
2932,30.000,0.006,0.006,5.202,5.202,5.766,0.001,0.001,0.939,0.939,6.149,1.20,25.20,23.1962,0.6149,2.767
2933,20.000,0.006,0.006,3.512,3.512,5.695,0.001,0.001,0.627,0.627,4.146,1.21,25.80,23.7956,0.4146,1.866
2934,25.000,0.006,0.006,4.409,4.409,5.670,0.001,0.001,0.784,0.784,5.200,1.21,26.00,24.0000,0.5200,2.340
2935,35.000,0.006,0.006,6.146,6.146,5.695,0.002,0.002,1.097,1.097,7.252,1.21,25.80,23.7956,0.7252,3.263
2936,50.000,0.006,0.006,8.671,8.671,5.766,0.006,0.006,1.565,1.565,10.248,1.20,25.20,23.1962,1.0248,4.611
2937,45.000,0.006,0.006,7.652,7.652,5.881,0.005,0.005,1.404,1.404,9.067,1.20,24.24,22.2426,0.9067,4.080
2938,30.000,0.006,0.006,4.975,4.975,6.030,0.001,0.001,0.933,0.933,5.915,1.20,23.00,21.0000,0.5915,2.662
2939,20.000,0.006,0.006,3.224,3.224,6.204,0.001,0.001,0.619,0.619,3.850,1.19,21.55,19.5529,0.3850,1.732
2940,25.000,0.006,0.006,3.912,3.912,6.390,0.001,0.001,0.771,0.771,4.690,1.19,20.00,18.0000,0.4690,2.111
2941,35.000,0.006,0.006,5.322,5.322,6.576,0.002,0.002,1.075,1.075,6.406,1.18,18.45,16.4471,0.6406,2.882
2942,50.000,0.006,0.006,7.407,7.407,6.750,0.006,0.006,1.531,1.531,8.951,1.18,17.00,15.0000,0.8951,4.028
2943,45.000,0.006,0.006,6.523,6.523,6.899,0.005,0.005,1.374,1.374,7.907,1.18,15.76,13.7574,0.7907,3.558
2944,30.000,0.006,0.006,4.277,4.277,7.014,0.001,0.001,0.914,0.914,5.199,1.17,14.80,12.8038,0.5199,2.339
2945,20.000,0.006,0.006,2.823,2.823,7.085,0.001,0.001,0.609,0.609,3.438,1.17,14.20,12.2044,0.3438,1.547
2946,25.000,0.006,0.006,3.516,3.516,7.110,0.001,0.001,0.760,0.760,4.283,1.17,14.00,12.0000,0.4283,1.928
2947,35.000,0.006,0.006,4.940,4.940,7.085,0.002,0.002,1.065,1.065,6.013,1.17,14.20,12.2044,0.6013,2.706
2948,50.000,0.006,0.006,7.129,7.129,7.014,0.006,0.006,1.523,1.523,8.665,1.17,14.80,12.8038,0.8665,3.899
2949,45.000,0.006,0.006,6.523,6.523,6.899,0.005,0.005,1.374,1.374,7.907,1.18,15.76,13.7574,0.7907,3.558
2950,30.000,0.006,0.006,4.444,4.444,6.750,0.001,0.001,0.919,0.919,5.370,1.18,17.00,15.0000,0.5370,2.417
2951,20.000,0.006,0.006,3.041,3.041,6.576,0.001,0.001,0.614,0.614,3.662,1.18,18.45,16.4471,0.3662,1.648
2952,25.000,0.006,0.006,3.912,3.912,6.390,0.001,0.001,0.771,0.771,4.690,1.19,20.00,18.0000,0.4690,2.111
2953,35.000,0.006,0.006,5.642,5.642,6.204,0.002,0.002,1.084,1.084,6.734,1.19,21.55,19.5529,0.6734,3.030
2954,50.000,0.006,0.006,8.292,8.292,6.030,0.006,0.006,1.554,1.554,9.859,1.20,23.00,21.0000,0.9859,4.436
2955,45.000,0.006,0.006,7.652,7.652,5.881,0.005,0.005,1.404,1.404,9.067,1.20,24.24,22.2426,0.9067,4.080
2956,30.000,0.006,0.006,5.202,5.202,5.766,0.001,0.001,0.939,0.939,6.149,1.20,25.20,23.1962,0.6149,2.767
2957,20.000,0.006,0.006,3.512,3.512,5.695,0.001,0.001,0.627,0.627,4.146,1.21,25.80,23.7956,0.4146,1.866
2958,25.000,0.006,0.006,4.409,4.409,5.670,0.001,0.001,0.784,0.784,5.200,1.21,26.00,24.0000,0.5200,2.340
2959,35.000,0.006,0.006,6.146,6.146,5.695,0.002,0.002,1.097,1.097,7.252,1.21,25.80,23.7956,0.7252,3.263
2960,50.000,0.006,0.006,8.671,8.671,5.766,0.006,0.006,1.565,1.565,10.248,1.20,25.20,23.1962,1.0248,4.611
2961,45.000,0.006,0.006,7.652,7.652,5.881,0.005,0.005,1.404,1.404,9.067,1.20,24.24,22.2426,0.9067,4.080
2962,30.000,0.006,0.006,4.975,4.975,6.030,0.001,0.001,0.933,0.933,5.915,1.20,23.00,21.0000,0.5915,2.662
2963,20.000,0.006,0.006,3.224,3.224,6.204,0.001,0.001,0.619,0.619,3.850,1.19,21.55,19.5529,0.3850,1.732
2964,25.000,0.006,0.006,3.912,3.912,6.390,0.001,0.001,0.771,0.771,4.690,1.19,20.00,18.0000,0.4690,2.111
2965,35.000,0.006,0.006,5.322,5.322,6.576,0.002,0.002,1.075,1.075,6.406,1.18,18.45,16.4471,0.6406,2.882
2966,50.000,0.006,0.006,7.407,7.407,6.750,0.006,0.006,1.531,1.531,8.951,1.18,17.00,15.0000,0.8951,4.028
2967,45.000,0.006,0.006,6.523,6.523,6.899,0.005,0.005,1.374,1.374,7.907,1.18,15.76,13.7574,0.7907,3.558
2968,30.000,0.006,0.006,4.277,4.277,7.014,0.001,0.001,0.914,0.914,5.199,1.17,14.80,12.8038,0.5199,2.339
2969,20.000,0.006,0.006,2.823,2.823,7.085,0.001,0.001,0.609,0.609,3.438,1.17,14.20,12.2044,0.3438,1.547
2970,25.000,0.006,0.006,3.516,3.516,7.110,0.001,0.001,0.760,0.760,4.283,1.17,14.00,12.0000,0.4283,1.928
2971,35.000,0.006,0.006,4.940,4.940,7.085,0.002,0.002,1.065,1.065,6.013,1.17,14.20,12.2044,0.6013,2.706
2972,50.000,0.006,0.006,7.129,7.129,7.014,0.006,0.006,1.523,1.523,8.665,1.17,14.80,12.8038,0.8665,3.899
2973,45.000,0.006,0.006,6.523,6.523,6.899,0.005,0.005,1.374,1.374,7.907,1.18,15.76,13.7574,0.7907,3.558
2974,30.000,0.006,0.006,4.444,4.444,6.750,0.001,0.001,0.919,0.919,5.370,1.18,17.00,15.0000,0.5370,2.417
2975,20.000,0.006,0.006,3.041,3.041,6.576,0.001,0.001,0.614,0.614,3.662,1.18,18.45,16.4471,0.3662,1.648
2976,25.000,0.006,0.006,3.912,3.912,6.390,0.001,0.001,0.771,0.771,4.690,1.19,20.00,18.0000,0.4690,2.111
2977,35.000,0.006,0.006,5.642,5.642,6.204,0.002,0.002,1.084,1.084,6.734,1.19,21.55,19.5529,0.6734,3.030
2978,50.000,0.006,0.006,8.292,8.292,6.030,0.006,0.006,1.554,1.554,9.859,1.20,23.00,21.0000,0.9859,4.436
2979,45.000,0.006,0.006,7.652,7.652,5.881,0.005,0.005,1.404,1.404,9.067,1.20,24.24,22.2426,0.9067,4.080
2980,30.000,0.006,0.006,5.202,5.202,5.766,0.001,0.001,0.939,0.939,6.149,1.20,25.20,23.1962,0.6149,2.767
2981,20.000,0.006,0.006,3.512,3.512,5.695,0.001,0.001,0.627,0.627,4.146,1.21,25.80,23.7956,0.4146,1.866
2982,25.000,0.006,0.006,4.409,4.409,5.670,0.001,0.001,0.784,0.784,5.200,1.21,26.00,24.0000,0.5200,2.340
2983,35.000,0.006,0.006,6.146,6.146,5.695,0.002,0.002,1.097,1.097,7.252,1.21,25.80,23.7956,0.7252,3.263
2984,50.000,0.006,0.006,8.671,8.671,5.766,0.006,0.006,1.565,1.565,10.248,1.20,25.20,23.1962,1.0248,4.611
2985,45.000,0.006,0.006,7.652,7.652,5.881,0.005,0.005,1.404,1.404,9.067,1.20,24.24,22.2426,0.9067,4.080
2986,30.000,0.006,0.006,4.975,4.975,6.030,0.001,0.001,0.933,0.933,5.915,1.20,23.00,21.0000,0.5915,2.662
2987,20.000,0.006,0.006,3.224,3.224,6.204,0.001,0.001,0.619,0.619,3.850,1.19,21.55,19.5529,0.3850,1.732
2988,25.000,0.006,0.006,3.912,3.912,6.390,0.001,0.001,0.771,0.771,4.690,1.19,20.00,18.0000,0.4690,2.111
2989,35.000,0.006,0.006,5.322,5.322,6.576,0.002,0.002,1.075,1.075,6.406,1.18,18.45,16.4471,0.6406,2.882
2990,50.000,0.006,0.006,7.407,7.407,6.750,0.006,0.006,1.531,1.531,8.951,1.18,17.00,15.0000,0.8951,4.028
2991,45.000,0.006,0.006,6.523,6.523,6.899,0.005,0.005,1.374,1.374,7.907,1.18,15.76,13.7574,0.7907,3.558
2992,30.000,0.006,0.006,4.277,4.277,7.014,0.001,0.001,0.914,0.914,5.199,1.17,14.80,12.8038,0.5199,2.339
2993,20.000,0.006,0.006,2.823,2.823,7.085,0.001,0.001,0.609,0.609,3.438,1.17,14.20,12.2044,0.3438,1.547
2994,25.000,0.006,0.006,3.516,3.516,7.110,0.001,0.001,0.760,0.760,4.283,1.17,14.00,12.0000,0.4283,1.928
2995,35.000,0.006,0.006,4.940,4.940,7.085,0.002,0.002,1.065,1.065,6.013,1.17,14.20,12.2044,0.6013,2.706
2996,50.000,0.006,0.006,7.129,7.129,7.014,0.006,0.006,1.523,1.523,8.665,1.17,14.80,12.8038,0.8665,3.899
2997,45.000,0.006,0.006,6.523,6.523,6.899,0.005,0.005,1.374,1.374,7.907,1.18,15.76,13.7574,0.7907,3.558
2998,30.000,0.006,0.006,4.444,4.444,6.750,0.001,0.001,0.919,0.919,5.370,1.18,17.00,15.0000,0.5370,2.417
2999,20.000,0.006,0.006,3.041,3.041,6.576,0.001,0.001,0.614,0.614,3.662,1.18,18.45,16.4471,0.3662,1.648
3000,25.000,0.006,0.006,3.912,3.912,6.390,0.001,0.001,0.771,0.771,4.690,1.19,20.00,18.0000,0.4690,2.111
3001,35.000,0.006,0.006,5.642,5.642,6.204,0.002,0.002,1.084,1.084,6.734,1.19,21.55,19.5529,0.6734,3.030
3002,50.000,0.006,0.006,8.292,8.292,6.030,0.006,0.006,1.554,1.554,9.859,1.20,23.00,21.0000,0.9859,4.436
3003,45.000,0.006,0.006,7.652,7.652,5.881,0.005,0.005,1.404,1.404,9.067,1.20,24.24,22.2426,0.9067,4.080
3004,30.000,0.006,0.006,5.202,5.202,5.766,0.001,0.001,0.939,0.939,6.149,1.20,25.20,23.1962,0.6149,2.767
3005,20.000,0.006,0.006,3.512,3.512,5.695,0.001,0.001,0.627,0.627,4.146,1.21,25.80,23.7956,0.4146,1.866
3006,25.000,0.006,0.006,4.409,4.409,5.670,0.001,0.001,0.784,0.784,5.200,1.21,26.00,24.0000,0.5200,2.340
3007,35.000,0.006,0.006,6.146,6.146,5.695,0.002,0.002,1.097,1.097,7.252,1.21,25.80,23.7956,0.7252,3.263
3008,50.000,0.006,0.006,8.671,8.671,5.766,0.006,0.006,1.565,1.565,10.248,1.20,25.20,23.1962,1.0248,4.611
3009,45.000,0.006,0.006,7.652,7.652,5.881,0.005,0.005,1.404,1.404,9.067,1.20,24.24,22.2426,0.9067,4.080
3010,30.000,0.006,0.006,4.975,4.975,6.030,0.001,0.001,0.933,0.933,5.915,1.20,23.00,21.0000,0.5915,2.662
3011,20.000,0.006,0.006,3.224,3.224,6.204,0.001,0.001,0.619,0.619,3.850,1.19,21.55,19.5529,0.3850,1.732
3012,25.000,0.006,0.006,3.912,3.912,6.390,0.001,0.001,0.771,0.771,4.690,1.19,20.00,18.0000,0.4690,2.111
3013,35.000,0.006,0.006,5.322,5.322,6.576,0.002,0.002,1.075,1.075,6.406,1.18,18.45,16.4471,0.6406,2.882
3014,50.000,0.006,0.006,7.407,7.407,6.750,0.006,0.006,1.531,1.531,8.951,1.18,17.00,15.0000,0.8951,4.028
3015,45.000,0.006,0.006,6.523,6.523,6.899,0.005,0.005,1.374,1.374,7.907,1.18,15.76,13.7574,0.7907,3.558
3016,30.000,0.006,0.006,4.277,4.277,7.014,0.001,0.001,0.914,0.914,5.199,1.17,14.80,12.8038,0.5199,2.339
3017,20.000,0.006,0.006,2.823,2.823,7.085,0.001,0.001,0.609,0.609,3.438,1.17,14.20,12.2044,0.3438,1.547
3018,25.000,0.006,0.006,3.516,3.516,7.110,0.001,0.001,0.760,0.760,4.283,1.17,14.00,12.0000,0.4283,1.928
3019,35.000,0.006,0.006,4.940,4.940,7.085,0.002,0.002,1.065,1.065,6.013,1.17,14.20,12.2044,0.6013,2.706
3020,50.000,0.006,0.006,7.129,7.129,7.014,0.006,0.006,1.523,1.523,8.665,1.17,14.80,12.8038,0.8665,3.899
3021,45.000,0.006,0.006,6.523,6.523,6.899,0.005,0.005,1.374,1.374,7.907,1.18,15.76,13.7574,0.7907,3.558
3022,30.000,0.006,0.006,4.444,4.444,6.750,0.001,0.001,0.919,0.919,5.370,1.18,17.00,15.0000,0.5370,2.417
3023,20.000,0.006,0.006,3.041,3.041,6.576,0.001,0.001,0.614,0.614,3.662,1.18,18.45,16.4471,0.3662,1.648
3024,25.000,0.006,0.006,3.912,3.912,6.390,0.001,0.001,0.771,0.771,4.690,1.19,20.00,18.0000,0.4690,2.111
3025,35.000,0.006,0.006,5.642,5.642,6.204,0.002,0.002,1.084,1.084,6.734,1.19,21.55,19.5529,0.6734,3.030
3026,50.000,0.006,0.006,8.292,8.292,6.030,0.006,0.006,1.554,1.554,9.859,1.20,23.00,21.0000,0.9859,4.436
3027,45.000,0.006,0.006,7.652,7.652,5.881,0.005,0.005,1.404,1.404,9.067,1.20,24.24,22.2426,0.9067,4.080
3028,30.000,0.006,0.006,5.202,5.202,5.766,0.001,0.001,0.939,0.939,6.149,1.20,25.20,23.1962,0.6149,2.767
3029,20.000,0.006,0.006,3.512,3.512,5.695,0.001,0.001,0.627,0.627,4.146,1.21,25.80,23.7956,0.4146,1.866
3030,25.000,0.006,0.006,4.409,4.409,5.670,0.001,0.001,0.784,0.784,5.200,1.21,26.00,24.0000,0.5200,2.340
3031,35.000,0.006,0.006,6.146,6.146,5.695,0.002,0.002,1.097,1.097,7.252,1.21,25.80,23.7956,0.7252,3.263
3032,50.000,0.006,0.006,8.671,8.671,5.766,0.006,0.006,1.565,1.565,10.248,1.20,25.20,23.1962,1.0248,4.611
3033,45.000,0.006,0.006,7.652,7.652,5.881,0.005,0.005,1.404,1.404,9.067,1.20,24.24,22.2426,0.9067,4.080
3034,30.000,0.006,0.006,4.975,4.975,6.030,0.001,0.001,0.933,0.933,5.915,1.20,23.00,21.0000,0.5915,2.662
3035,20.000,0.006,0.006,3.224,3.224,6.204,0.001,0.001,0.619,0.619,3.850,1.19,21.55,19.5529,0.3850,1.732
3036,25.000,0.006,0.006,3.912,3.912,6.390,0.001,0.001,0.771,0.771,4.690,1.19,20.00,18.0000,0.4690,2.111
3037,35.000,0.006,0.006,5.322,5.322,6.576,0.002,0.002,1.075,1.075,6.406,1.18,18.45,16.4471,0.6406,2.882
3038,50.000,0.006,0.006,7.407,7.407,6.750,0.006,0.006,1.531,1.531,8.951,1.18,17.00,15.0000,0.8951,4.028
3039,45.000,0.006,0.006,6.523,6.523,6.899,0.005,0.005,1.374,1.374,7.907,1.18,15.76,13.7574,0.7907,3.558
3040,30.000,0.006,0.006,4.277,4.277,7.014,0.001,0.001,0.914,0.914,5.199,1.17,14.80,12.8038,0.5199,2.339
3041,20.000,0.006,0.006,2.823,2.823,7.085,0.001,0.001,0.609,0.609,3.438,1.17,14.20,12.2044,0.3438,1.547
3042,25.000,0.006,0.006,3.516,3.516,7.110,0.001,0.001,0.760,0.760,4.283,1.17,14.00,12.0000,0.4283,1.928
3043,35.000,0.006,0.006,4.940,4.940,7.085,0.002,0.002,1.065,1.065,6.013,1.17,14.20,12.2044,0.6013,2.706
3044,50.000,0.006,0.006,7.129,7.129,7.014,0.006,0.006,1.523,1.523,8.665,1.17,14.80,12.8038,0.8665,3.899
3045,45.000,0.006,0.006,6.523,6.523,6.899,0.005,0.005,1.374,1.374,7.907,1.18,15.76,13.7574,0.7907,3.558
3046,30.000,0.006,0.006,4.444,4.444,6.750,0.001,0.001,0.919,0.919,5.370,1.18,17.00,15.0000,0.5370,2.417
3047,20.000,0.006,0.006,3.041,3.041,6.576,0.001,0.001,0.614,0.614,3.662,1.18,18.45,16.4471,0.3662,1.648
3048,25.000,0.006,0.006,3.912,3.912,6.390,0.001,0.001,0.771,0.771,4.690,1.19,20.00,18.0000,0.4690,2.111
3049,35.000,0.006,0.006,5.642,5.642,6.204,0.002,0.002,1.084,1.084,6.734,1.19,21.55,19.5529,0.6734,3.030
3050,50.000,0.006,0.006,8.292,8.292,6.030,0.006,0.006,1.554,1.554,9.859,1.20,23.00,21.0000,0.9859,4.436
3051,45.000,0.006,0.006,7.652,7.652,5.881,0.005,0.005,1.404,1.404,9.067,1.20,24.24,22.2426,0.9067,4.080
3052,30.000,0.006,0.006,5.202,5.202,5.766,0.001,0.001,0.939,0.939,6.149,1.20,25.20,23.1962,0.6149,2.767
3053,20.000,0.006,0.006,3.512,3.512,5.695,0.001,0.001,0.627,0.627,4.146,1.21,25.80,23.7956,0.4146,1.866
3054,25.000,0.006,0.006,4.409,4.409,5.670,0.001,0.001,0.784,0.784,5.200,1.21,26.00,24.0000,0.5200,2.340
3055,35.000,0.006,0.006,6.146,6.146,5.695,0.002,0.002,1.097,1.097,7.252,1.21,25.80,23.7956,0.7252,3.263
3056,50.000,0.006,0.006,8.671,8.671,5.766,0.006,0.006,1.565,1.565,10.248,1.20,25.20,23.1962,1.0248,4.611
3057,45.000,0.006,0.006,7.652,7.652,5.881,0.005,0.005,1.404,1.404,9.067,1.20,24.24,22.2426,0.9067,4.080
3058,30.000,0.006,0.006,4.975,4.975,6.030,0.001,0.001,0.933,0.933,5.915,1.20,23.00,21.0000,0.5915,2.662
3059,20.000,0.006,0.006,3.224,3.224,6.204,0.001,0.001,0.619,0.619,3.850,1.19,21.55,19.5529,0.3850,1.732
3060,25.000,0.006,0.006,3.912,3.912,6.390,0.001,0.001,0.771,0.771,4.690,1.19,20.00,18.0000,0.4690,2.111
3061,35.000,0.006,0.006,5.322,5.322,6.576,0.002,0.002,1.075,1.075,6.406,1.18,18.45,16.4471,0.6406,2.882
3062,50.000,0.006,0.006,7.407,7.407,6.750,0.006,0.006,1.531,1.531,8.951,1.18,17.00,15.0000,0.8951,4.028
3063,45.000,0.006,0.006,6.523,6.523,6.899,0.005,0.005,1.374,1.374,7.907,1.18,15.76,13.7574,0.7907,3.558
3064,30.000,0.006,0.006,4.277,4.277,7.014,0.001,0.001,0.914,0.914,5.199,1.17,14.80,12.8038,0.5199,2.339
3065,20.000,0.006,0.006,2.823,2.823,7.085,0.001,0.001,0.609,0.609,3.438,1.17,14.20,12.2044,0.3438,1.547
3066,25.000,0.006,0.006,3.516,3.516,7.110,0.001,0.001,0.760,0.760,4.283,1.17,14.00,12.0000,0.4283,1.928
3067,35.000,0.006,0.006,4.940,4.940,7.085,0.002,0.002,1.065,1.065,6.013,1.17,14.20,12.2044,0.6013,2.706
3068,50.000,0.006,0.006,7.129,7.129,7.014,0.006,0.006,1.523,1.523,8.665,1.17,14.80,12.8038,0.8665,3.899
3069,45.000,0.006,0.006,6.523,6.523,6.899,0.005,0.005,1.374,1.374,7.907,1.18,15.76,13.7574,0.7907,3.558
3070,30.000,0.006,0.006,4.444,4.444,6.750,0.001,0.001,0.919,0.919,5.370,1.18,17.00,15.0000,0.5370,2.417
3071,20.000,0.006,0.006,3.041,3.041,6.576,0.001,0.001,0.614,0.614,3.662,1.18,18.45,16.4471,0.3662,1.648
3072,25.000,0.006,0.006,3.912,3.912,6.390,0.001,0.001,0.771,0.771,4.690,1.19,20.00,18.0000,0.4690,2.111
3073,35.000,0.006,0.006,5.642,5.642,6.204,0.002,0.002,1.084,1.084,6.734,1.19,21.55,19.5529,0.6734,3.030
3074,50.000,0.006,0.006,8.292,8.292,6.030,0.006,0.006,1.554,1.554,9.859,1.20,23.00,21.0000,0.9859,4.436
3075,45.000,0.006,0.006,7.652,7.652,5.881,0.005,0.005,1.404,1.404,9.067,1.20,24.24,22.2426,0.9067,4.080
3076,30.000,0.006,0.006,5.202,5.202,5.766,0.001,0.001,0.939,0.939,6.149,1.20,25.20,23.1962,0.6149,2.767
3077,20.000,0.006,0.006,3.512,3.512,5.695,0.001,0.001,0.627,0.627,4.146,1.21,25.80,23.7956,0.4146,1.866
3078,25.000,0.006,0.006,4.409,4.409,5.670,0.001,0.001,0.784,0.784,5.200,1.21,26.00,24.0000,0.5200,2.340
3079,35.000,0.006,0.006,6.146,6.146,5.695,0.002,0.002,1.097,1.097,7.252,1.21,25.80,23.7956,0.7252,3.263
3080,50.000,0.006,0.006,8.671,8.671,5.766,0.006,0.006,1.565,1.565,10.248,1.20,25.20,23.1962,1.0248,4.611
3081,45.000,0.006,0.006,7.652,7.652,5.881,0.005,0.005,1.404,1.404,9.067,1.20,24.24,22.2426,0.9067,4.080
3082,30.000,0.006,0.006,4.975,4.975,6.030,0.001,0.001,0.933,0.933,5.915,1.20,23.00,21.0000,0.5915,2.662
3083,20.000,0.006,0.006,3.224,3.224,6.204,0.001,0.001,0.619,0.619,3.850,1.19,21.55,19.5529,0.3850,1.732
3084,25.000,0.006,0.006,3.912,3.912,6.390,0.001,0.001,0.771,0.771,4.690,1.19,20.00,18.0000,0.4690,2.111
3085,35.000,0.006,0.006,5.322,5.322,6.576,0.002,0.002,1.075,1.075,6.406,1.18,18.45,16.4471,0.6406,2.882
3086,50.000,0.006,0.006,7.407,7.407,6.750,0.006,0.006,1.531,1.531,8.951,1.18,17.00,15.0000,0.8951,4.028
3087,45.000,0.006,0.006,6.523,6.523,6.899,0.005,0.005,1.374,1.374,7.907,1.18,15.76,13.7574,0.7907,3.558
3088,30.000,0.006,0.006,4.277,4.277,7.014,0.001,0.001,0.914,0.914,5.199,1.17,14.80,12.8038,0.5199,2.339
3089,20.000,0.006,0.006,2.823,2.823,7.085,0.001,0.001,0.609,0.609,3.438,1.17,14.20,12.2044,0.3438,1.547
3090,25.000,0.006,0.006,3.516,3.516,7.110,0.001,0.001,0.760,0.760,4.283,1.17,14.00,12.0000,0.4283,1.928
3091,35.000,0.006,0.006,4.940,4.940,7.085,0.002,0.002,1.065,1.065,6.013,1.17,14.20,12.2044,0.6013,2.706
3092,50.000,0.006,0.006,7.129,7.129,7.014,0.006,0.006,1.523,1.523,8.665,1.17,14.80,12.8038,0.8665,3.899
3093,45.000,0.006,0.006,6.523,6.523,6.899,0.005,0.005,1.374,1.374,7.907,1.18,15.76,13.7574,0.7907,3.558
3094,30.000,0.006,0.006,4.444,4.444,6.750,0.001,0.001,0.919,0.919,5.370,1.18,17.00,15.0000,0.5370,2.417
3095,20.000,0.006,0.006,3.041,3.041,6.576,0.001,0.001,0.614,0.614,3.662,1.18,18.45,16.4471,0.3662,1.648
3096,25.000,0.006,0.006,3.912,3.912,6.390,0.001,0.001,0.771,0.771,4.690,1.19,20.00,18.0000,0.4690,2.111
3097,35.000,0.006,0.006,5.642,5.642,6.204,0.002,0.002,1.084,1.084,6.734,1.19,21.55,19.5529,0.6734,3.030
3098,50.000,0.006,0.006,8.292,8.292,6.030,0.006,0.006,1.554,1.554,9.859,1.20,23.00,21.0000,0.9859,4.436
3099,45.000,0.006,0.006,7.652,7.652,5.881,0.005,0.005,1.404,1.404,9.067,1.20,24.24,22.2426,0.9067,4.080
3100,30.000,0.006,0.006,5.202,5.202,5.766,0.001,0.001,0.939,0.939,6.149,1.20,25.20,23.1962,0.6149,2.767
3101,20.000,0.006,0.006,3.512,3.512,5.695,0.001,0.001,0.627,0.627,4.146,1.21,25.80,23.7956,0.4146,1.866
3102,25.000,0.006,0.006,4.409,4.409,5.670,0.001,0.001,0.784,0.784,5.200,1.21,26.00,24.0000,0.5200,2.340
3103,35.000,0.006,0.006,6.146,6.146,5.695,0.002,0.002,1.097,1.097,7.252,1.21,25.80,23.7956,0.7252,3.263
3104,50.000,0.006,0.006,8.671,8.671,5.766,0.006,0.006,1.565,1.565,10.248,1.20,25.20,23.1962,1.0248,4.611
3105,45.000,0.006,0.006,7.652,7.652,5.881,0.005,0.005,1.404,1.404,9.067,1.20,24.24,22.2426,0.9067,4.080
3106,30.000,0.006,0.006,4.975,4.975,6.030,0.001,0.001,0.933,0.933,5.915,1.20,23.00,21.0000,0.5915,2.662
3107,20.000,0.006,0.006,3.224,3.224,6.204,0.001,0.001,0.619,0.619,3.850,1.19,21.55,19.5529,0.3850,1.732
3108,25.000,0.006,0.006,3.912,3.912,6.390,0.001,0.001,0.771,0.771,4.690,1.19,20.00,18.0000,0.4690,2.111
3109,35.000,0.006,0.006,5.322,5.322,6.576,0.002,0.002,1.075,1.075,6.406,1.18,18.45,16.4471,0.6406,2.882
3110,50.000,0.006,0.006,7.407,7.407,6.750,0.006,0.006,1.531,1.531,8.951,1.18,17.00,15.0000,0.8951,4.028
3111,45.000,0.006,0.006,6.523,6.523,6.899,0.005,0.005,1.374,1.374,7.907,1.18,15.76,13.7574,0.7907,3.558
3112,30.000,0.006,0.006,4.277,4.277,7.014,0.001,0.001,0.914,0.914,5.199,1.17,14.80,12.8038,0.5199,2.339
3113,20.000,0.006,0.006,2.823,2.823,7.085,0.001,0.001,0.609,0.609,3.438,1.17,14.20,12.2044,0.3438,1.547
3114,25.000,0.006,0.006,3.516,3.516,7.110,0.001,0.001,0.760,0.760,4.283,1.17,14.00,12.0000,0.4283,1.928
3115,35.000,0.006,0.006,4.940,4.940,7.085,0.002,0.002,1.065,1.065,6.013,1.17,14.20,12.2044,0.6013,2.706
3116,50.000,0.006,0.006,7.129,7.129,7.014,0.006,0.006,1.523,1.523,8.665,1.17,14.80,12.8038,0.8665,3.899
3117,45.000,0.006,0.006,6.523,6.523,6.899,0.005,0.005,1.374,1.374,7.907,1.18,15.76,13.7574,0.7907,3.558
3118,30.000,0.006,0.006,4.444,4.444,6.750,0.001,0.001,0.919,0.919,5.370,1.18,17.00,15.0000,0.5370,2.417
3119,20.000,0.006,0.006,3.041,3.041,6.576,0.001,0.001,0.614,0.614,3.662,1.18,18.45,16.4471,0.3662,1.648
3120,25.000,0.006,0.006,3.912,3.912,6.390,0.001,0.001,0.771,0.771,4.690,1.19,20.00,18.0000,0.4690,2.111
3121,35.000,0.006,0.006,5.642,5.642,6.204,0.002,0.002,1.084,1.084,6.734,1.19,21.55,19.5529,0.6734,3.030
3122,50.000,0.006,0.006,8.292,8.292,6.030,0.006,0.006,1.554,1.554,9.859,1.20,23.00,21.0000,0.9859,4.436
3123,45.000,0.006,0.006,7.652,7.652,5.881,0.005,0.005,1.404,1.404,9.067,1.20,24.24,22.2426,0.9067,4.080
3124,30.000,0.006,0.006,5.202,5.202,5.766,0.001,0.001,0.939,0.939,6.149,1.20,25.20,23.1962,0.6149,2.767
3125,20.000,0.006,0.006,3.512,3.512,5.695,0.001,0.001,0.627,0.627,4.146,1.21,25.80,23.7956,0.4146,1.866
3126,25.000,0.006,0.006,4.409,4.409,5.670,0.001,0.001,0.784,0.784,5.200,1.21,26.00,24.0000,0.5200,2.340
3127,35.000,0.006,0.006,6.146,6.146,5.695,0.002,0.002,1.097,1.097,7.252,1.21,25.80,23.7956,0.7252,3.263
3128,50.000,0.006,0.006,8.671,8.671,5.766,0.006,0.006,1.565,1.565,10.248,1.20,25.20,23.1962,1.0248,4.611
3129,45.000,0.006,0.006,7.652,7.652,5.881,0.005,0.005,1.404,1.404,9.067,1.20,24.24,22.2426,0.9067,4.080
3130,30.000,0.006,0.006,4.975,4.975,6.030,0.001,0.001,0.933,0.933,5.915,1.20,23.00,21.0000,0.5915,2.662
3131,20.000,0.006,0.006,3.224,3.224,6.204,0.001,0.001,0.619,0.619,3.850,1.19,21.55,19.5529,0.3850,1.732
3132,25.000,0.006,0.006,3.912,3.912,6.390,0.001,0.001,0.771,0.771,4.690,1.19,20.00,18.0000,0.4690,2.111
3133,35.000,0.006,0.006,5.322,5.322,6.576,0.002,0.002,1.075,1.075,6.406,1.18,18.45,16.4471,0.6406,2.882
3134,50.000,0.006,0.006,7.407,7.407,6.750,0.006,0.006,1.531,1.531,8.951,1.18,17.00,15.0000,0.8951,4.028
3135,45.000,0.006,0.006,6.523,6.523,6.899,0.005,0.005,1.374,1.374,7.907,1.18,15.76,13.7574,0.7907,3.558
3136,30.000,0.006,0.006,4.277,4.277,7.014,0.001,0.001,0.914,0.914,5.199,1.17,14.80,12.8038,0.5199,2.339
3137,20.000,0.006,0.006,2.823,2.823,7.085,0.001,0.001,0.609,0.609,3.438,1.17,14.20,12.2044,0.3438,1.547
3138,25.000,0.006,0.006,3.516,3.516,7.110,0.001,0.001,0.760,0.760,4.283,1.17,14.00,12.0000,0.4283,1.928
3139,35.000,0.006,0.006,4.940,4.940,7.085,0.002,0.002,1.065,1.065,6.013,1.17,14.20,12.2044,0.6013,2.706
3140,50.000,0.006,0.006,7.129,7.129,7.014,0.006,0.006,1.523,1.523,8.665,1.17,14.80,12.8038,0.8665,3.899
3141,45.000,0.006,0.006,6.523,6.523,6.899,0.005,0.005,1.374,1.374,7.907,1.18,15.76,13.7574,0.7907,3.558
3142,30.000,0.006,0.006,4.444,4.444,6.750,0.001,0.001,0.919,0.919,5.370,1.18,17.00,15.0000,0.5370,2.417
3143,20.000,0.006,0.006,3.041,3.041,6.576,0.001,0.001,0.614,0.614,3.662,1.18,18.45,16.4471,0.3662,1.648
3144,25.000,0.006,0.006,3.912,3.912,6.390,0.001,0.001,0.771,0.771,4.690,1.19,20.00,18.0000,0.4690,2.111
3145,35.000,0.006,0.006,5.642,5.642,6.204,0.002,0.002,1.084,1.084,6.734,1.19,21.55,19.5529,0.6734,3.030
3146,50.000,0.006,0.006,8.292,8.292,6.030,0.006,0.006,1.554,1.554,9.859,1.20,23.00,21.0000,0.9859,4.436
3147,45.000,0.006,0.006,7.652,7.652,5.881,0.005,0.005,1.404,1.404,9.067,1.20,24.24,22.2426,0.9067,4.080
3148,30.000,0.006,0.006,5.202,5.202,5.766,0.001,0.001,0.939,0.939,6.149,1.20,25.20,23.1962,0.6149,2.767
3149,20.000,0.006,0.006,3.512,3.512,5.695,0.001,0.001,0.627,0.627,4.146,1.21,25.80,23.7956,0.4146,1.866
3150,25.000,0.006,0.006,4.409,4.409,5.670,0.001,0.001,0.784,0.784,5.200,1.21,26.00,24.0000,0.5200,2.340
3151,35.000,0.006,0.006,6.146,6.146,5.695,0.002,0.002,1.097,1.097,7.252,1.21,25.80,23.7956,0.7252,3.263
3152,50.000,0.006,0.006,8.671,8.671,5.766,0.006,0.006,1.565,1.565,10.248,1.20,25.20,23.1962,1.0248,4.611
3153,45.000,0.006,0.006,7.652,7.652,5.881,0.005,0.005,1.404,1.404,9.067,1.20,24.24,22.2426,0.9067,4.080
3154,30.000,0.006,0.006,4.975,4.975,6.030,0.001,0.001,0.933,0.933,5.915,1.20,23.00,21.0000,0.5915,2.662
3155,20.000,0.006,0.006,3.224,3.224,6.204,0.001,0.001,0.619,0.619,3.850,1.19,21.55,19.5529,0.3850,1.732
3156,25.000,0.006,0.006,3.912,3.912,6.390,0.001,0.001,0.771,0.771,4.690,1.19,20.00,18.0000,0.4690,2.111
3157,35.000,0.006,0.006,5.322,5.322,6.576,0.002,0.002,1.075,1.075,6.406,1.18,18.45,16.4471,0.6406,2.882
3158,50.000,0.006,0.006,7.407,7.407,6.750,0.006,0.006,1.531,1.531,8.951,1.18,17.00,15.0000,0.8951,4.028
3159,45.000,0.006,0.006,6.523,6.523,6.899,0.005,0.005,1.374,1.374,7.907,1.18,15.76,13.7574,0.7907,3.558
3160,30.000,0.006,0.006,4.277,4.277,7.014,0.001,0.001,0.914,0.914,5.199,1.17,14.80,12.8038,0.5199,2.339
3161,20.000,0.006,0.006,2.823,2.823,7.085,0.001,0.001,0.609,0.609,3.438,1.17,14.20,12.2044,0.3438,1.547
3162,25.000,0.006,0.006,3.516,3.516,7.110,0.001,0.001,0.760,0.760,4.283,1.17,14.00,12.0000,0.4283,1.928
3163,35.000,0.006,0.006,4.940,4.940,7.085,0.002,0.002,1.065,1.065,6.013,1.17,14.20,12.2044,0.6013,2.706
3164,50.000,0.006,0.006,7.129,7.129,7.014,0.006,0.006,1.523,1.523,8.665,1.17,14.80,12.8038,0.8665,3.899
3165,45.000,0.006,0.006,6.523,6.523,6.899,0.005,0.005,1.374,1.374,7.907,1.18,15.76,13.7574,0.7907,3.558
3166,30.000,0.006,0.006,4.444,4.444,6.750,0.001,0.001,0.919,0.919,5.370,1.18,17.00,15.0000,0.5370,2.417
3167,20.000,0.006,0.006,3.041,3.041,6.576,0.001,0.001,0.614,0.614,3.662,1.18,18.45,16.4471,0.3662,1.648
3168,25.000,0.006,0.006,3.912,3.912,6.390,0.001,0.001,0.771,0.771,4.690,1.19,20.00,18.0000,0.4690,2.111
3169,35.000,0.006,0.006,5.642,5.642,6.204,0.002,0.002,1.084,1.084,6.734,1.19,21.55,19.5529,0.6734,3.030
3170,50.000,0.006,0.006,8.292,8.292,6.030,0.006,0.006,1.554,1.554,9.859,1.20,23.00,21.0000,0.9859,4.436
3171,45.000,0.006,0.006,7.652,7.652,5.881,0.005,0.005,1.404,1.404,9.067,1.20,24.24,22.2426,0.9067,4.080
3172,30.000,0.006,0.006,5.202,5.202,5.766,0.001,0.001,0.939,0.939,6.149,1.20,25.20,23.1962,0.6149,2.767
3173,20.000,0.006,0.006,3.512,3.512,5.695,0.001,0.001,0.627,0.627,4.146,1.21,25.80,23.7956,0.4146,1.866
3174,25.000,0.006,0.006,4.409,4.409,5.670,0.001,0.001,0.784,0.784,5.200,1.21,26.00,24.0000,0.5200,2.340
3175,35.000,0.006,0.006,6.146,6.146,5.695,0.002,0.002,1.097,1.097,7.252,1.21,25.80,23.7956,0.7252,3.263
3176,50.000,0.006,0.006,8.671,8.671,5.766,0.006,0.006,1.565,1.565,10.248,1.20,25.20,23.1962,1.0248,4.611
3177,45.000,0.006,0.006,7.652,7.652,5.881,0.005,0.005,1.404,1.404,9.067,1.20,24.24,22.2426,0.9067,4.080
3178,30.000,0.006,0.006,4.975,4.975,6.030,0.001,0.001,0.933,0.933,5.915,1.20,23.00,21.0000,0.5915,2.662
3179,20.000,0.006,0.006,3.224,3.224,6.204,0.001,0.001,0.619,0.619,3.850,1.19,21.55,19.5529,0.3850,1.732
3180,25.000,0.006,0.006,3.912,3.912,6.390,0.001,0.001,0.771,0.771,4.690,1.19,20.00,18.0000,0.4690,2.111
3181,35.000,0.006,0.006,5.322,5.322,6.576,0.002,0.002,1.075,1.075,6.406,1.18,18.45,16.4471,0.6406,2.882
3182,50.000,0.006,0.006,7.407,7.407,6.750,0.006,0.006,1.531,1.531,8.951,1.18,17.00,15.0000,0.8951,4.028
3183,45.000,0.006,0.006,6.523,6.523,6.899,0.005,0.005,1.374,1.374,7.907,1.18,15.76,13.7574,0.7907,3.558
3184,30.000,0.006,0.006,4.277,4.277,7.014,0.001,0.001,0.914,0.914,5.199,1.17,14.80,12.8038,0.5199,2.339
3185,20.000,0.006,0.006,2.823,2.823,7.085,0.001,0.001,0.609,0.609,3.438,1.17,14.20,12.2044,0.3438,1.547
3186,25.000,0.006,0.006,3.516,3.516,7.110,0.001,0.001,0.760,0.760,4.283,1.17,14.00,12.0000,0.4283,1.928
3187,35.000,0.006,0.006,4.940,4.940,7.085,0.002,0.002,1.065,1.065,6.013,1.17,14.20,12.2044,0.6013,2.706
3188,50.000,0.006,0.006,7.129,7.129,7.014,0.006,0.006,1.523,1.523,8.665,1.17,14.80,12.8038,0.8665,3.899
3189,45.000,0.006,0.006,6.523,6.523,6.899,0.005,0.005,1.374,1.374,7.907,1.18,15.76,13.7574,0.7907,3.558
3190,30.000,0.006,0.006,4.444,4.444,6.750,0.001,0.001,0.919,0.919,5.370,1.18,17.00,15.0000,0.5370,2.417
3191,20.000,0.006,0.006,3.041,3.041,6.576,0.001,0.001,0.614,0.614,3.662,1.18,18.45,16.4471,0.3662,1.648
3192,25.000,0.006,0.006,3.912,3.912,6.390,0.001,0.001,0.771,0.771,4.690,1.19,20.00,18.0000,0.4690,2.111
3193,35.000,0.006,0.006,5.642,5.642,6.204,0.002,0.002,1.084,1.084,6.734,1.19,21.55,19.5529,0.6734,3.030
3194,50.000,0.006,0.006,8.292,8.292,6.030,0.006,0.006,1.554,1.554,9.859,1.20,23.00,21.0000,0.9859,4.436
3195,45.000,0.006,0.006,7.652,7.652,5.881,0.005,0.005,1.404,1.404,9.067,1.20,24.24,22.2426,0.9067,4.080
3196,30.000,0.006,0.006,5.202,5.202,5.766,0.001,0.001,0.939,0.939,6.149,1.20,25.20,23.1962,0.6149,2.767
3197,20.000,0.006,0.006,3.512,3.512,5.695,0.001,0.001,0.627,0.627,4.146,1.21,25.80,23.7956,0.4146,1.866
3198,25.000,0.006,0.006,4.409,4.409,5.670,0.001,0.001,0.784,0.784,5.200,1.21,26.00,24.0000,0.5200,2.340
3199,35.000,0.006,0.006,6.146,6.146,5.695,0.002,0.002,1.097,1.097,7.252,1.21,25.80,23.7956,0.7252,3.263
3200,50.000,0.006,0.006,8.671,8.671,5.766,0.006,0.006,1.565,1.565,10.248,1.20,25.20,23.1962,1.0248,4.611
3201,45.000,0.006,0.006,7.652,7.652,5.881,0.005,0.005,1.404,1.404,9.067,1.20,24.24,22.2426,0.9067,4.080
3202,30.000,0.006,0.006,4.975,4.975,6.030,0.001,0.001,0.933,0.933,5.915,1.20,23.00,21.0000,0.5915,2.662
3203,20.000,0.006,0.006,3.224,3.224,6.204,0.001,0.001,0.619,0.619,3.850,1.19,21.55,19.5529,0.3850,1.732
3204,25.000,0.006,0.006,3.912,3.912,6.390,0.001,0.001,0.771,0.771,4.690,1.19,20.00,18.0000,0.4690,2.111
3205,35.000,0.006,0.006,5.322,5.322,6.576,0.002,0.002,1.075,1.075,6.406,1.18,18.45,16.4471,0.6406,2.882
3206,50.000,0.006,0.006,7.407,7.407,6.750,0.006,0.006,1.531,1.531,8.951,1.18,17.00,15.0000,0.8951,4.028
3207,45.000,0.006,0.006,6.523,6.523,6.899,0.005,0.005,1.374,1.374,7.907,1.18,15.76,13.7574,0.7907,3.558
3208,30.000,0.006,0.006,4.277,4.277,7.014,0.001,0.001,0.914,0.914,5.199,1.17,14.80,12.8038,0.5199,2.339
3209,20.000,0.006,0.006,2.823,2.823,7.085,0.001,0.001,0.609,0.609,3.438,1.17,14.20,12.2044,0.3438,1.547
3210,25.000,0.006,0.006,3.516,3.516,7.110,0.001,0.001,0.760,0.760,4.283,1.17,14.00,12.0000,0.4283,1.928
3211,35.000,0.006,0.006,4.940,4.940,7.085,0.002,0.002,1.065,1.065,6.013,1.17,14.20,12.2044,0.6013,2.706
3212,50.000,0.006,0.006,7.129,7.129,7.014,0.006,0.006,1.523,1.523,8.665,1.17,14.80,12.8038,0.8665,3.899
3213,45.000,0.006,0.006,6.523,6.523,6.899,0.005,0.005,1.374,1.374,7.907,1.18,15.76,13.7574,0.7907,3.558
3214,30.000,0.006,0.006,4.444,4.444,6.750,0.001,0.001,0.919,0.919,5.370,1.18,17.00,15.0000,0.5370,2.417
3215,20.000,0.006,0.006,3.041,3.041,6.576,0.001,0.001,0.614,0.614,3.662,1.18,18.45,16.4471,0.3662,1.648
3216,25.000,0.006,0.006,3.912,3.912,6.390,0.001,0.001,0.771,0.771,4.690,1.19,20.00,18.0000,0.4690,2.111
3217,35.000,0.006,0.006,5.642,5.642,6.204,0.002,0.002,1.084,1.084,6.734,1.19,21.55,19.5529,0.6734,3.030
3218,50.000,0.006,0.006,8.292,8.292,6.030,0.006,0.006,1.554,1.554,9.859,1.20,23.00,21.0000,0.9859,4.436
3219,45.000,0.006,0.006,7.652,7.652,5.881,0.005,0.005,1.404,1.404,9.067,1.20,24.24,22.2426,0.9067,4.080
3220,30.000,0.006,0.006,5.202,5.202,5.766,0.001,0.001,0.939,0.939,6.149,1.20,25.20,23.1962,0.6149,2.767
3221,20.000,0.006,0.006,3.512,3.512,5.695,0.001,0.001,0.627,0.627,4.146,1.21,25.80,23.7956,0.4146,1.866
3222,25.000,0.006,0.006,4.409,4.409,5.670,0.001,0.001,0.784,0.784,5.200,1.21,26.00,24.0000,0.5200,2.340
3223,35.000,0.006,0.006,6.146,6.146,5.695,0.002,0.002,1.097,1.097,7.252,1.21,25.80,23.7956,0.7252,3.263
3224,50.000,0.006,0.006,8.671,8.671,5.766,0.006,0.006,1.565,1.565,10.248,1.20,25.20,23.1962,1.0248,4.611
3225,45.000,0.006,0.006,7.652,7.652,5.881,0.005,0.005,1.404,1.404,9.067,1.20,24.24,22.2426,0.9067,4.080
3226,30.000,0.006,0.006,4.975,4.975,6.030,0.001,0.001,0.933,0.933,5.915,1.20,23.00,21.0000,0.5915,2.662
3227,20.000,0.006,0.006,3.224,3.224,6.204,0.001,0.001,0.619,0.619,3.850,1.19,21.55,19.5529,0.3850,1.732
3228,25.000,0.006,0.006,3.912,3.912,6.390,0.001,0.001,0.771,0.771,4.690,1.19,20.00,18.0000,0.4690,2.111
3229,35.000,0.006,0.006,5.322,5.322,6.576,0.002,0.002,1.075,1.075,6.406,1.18,18.45,16.4471,0.6406,2.882
3230,50.000,0.006,0.006,7.407,7.407,6.750,0.006,0.006,1.531,1.531,8.951,1.18,17.00,15.0000,0.8951,4.028
3231,45.000,0.006,0.006,6.523,6.523,6.899,0.005,0.005,1.374,1.374,7.907,1.18,15.76,13.7574,0.7907,3.558
3232,30.000,0.006,0.006,4.277,4.277,7.014,0.001,0.001,0.914,0.914,5.199,1.17,14.80,12.8038,0.5199,2.339
3233,20.000,0.006,0.006,2.823,2.823,7.085,0.001,0.001,0.609,0.609,3.438,1.17,14.20,12.2044,0.3438,1.547
3234,25.000,0.006,0.006,3.516,3.516,7.110,0.001,0.001,0.760,0.760,4.283,1.17,14.00,12.0000,0.4283,1.928
3235,35.000,0.006,0.006,4.940,4.940,7.085,0.002,0.002,1.065,1.065,6.013,1.17,14.20,12.2044,0.6013,2.706
3236,50.000,0.006,0.006,7.129,7.129,7.014,0.006,0.006,1.523,1.523,8.665,1.17,14.80,12.8038,0.8665,3.899
3237,45.000,0.006,0.006,6.523,6.523,6.899,0.005,0.005,1.374,1.374,7.907,1.18,15.76,13.7574,0.7907,3.558
3238,30.000,0.006,0.006,4.444,4.444,6.750,0.001,0.001,0.919,0.919,5.370,1.18,17.00,15.0000,0.5370,2.417
3239,20.000,0.006,0.006,3.041,3.041,6.576,0.001,0.001,0.614,0.614,3.662,1.18,18.45,16.4471,0.3662,1.648
3240,25.000,0.006,0.006,3.912,3.912,6.390,0.001,0.001,0.771,0.771,4.690,1.19,20.00,18.0000,0.4690,2.111
3241,35.000,0.006,0.006,5.642,5.642,6.204,0.002,0.002,1.084,1.084,6.734,1.19,21.55,19.5529,0.6734,3.030
3242,50.000,0.006,0.006,8.292,8.292,6.030,0.006,0.006,1.554,1.554,9.859,1.20,23.00,21.0000,0.9859,4.436
3243,45.000,0.006,0.006,7.652,7.652,5.881,0.005,0.005,1.404,1.404,9.067,1.20,24.24,22.2426,0.9067,4.080
3244,30.000,0.006,0.006,5.202,5.202,5.766,0.001,0.001,0.939,0.939,6.149,1.20,25.20,23.1962,0.6149,2.767
3245,20.000,0.006,0.006,3.512,3.512,5.695,0.001,0.001,0.627,0.627,4.146,1.21,25.80,23.7956,0.4146,1.866
3246,25.000,0.006,0.006,4.409,4.409,5.670,0.001,0.001,0.784,0.784,5.200,1.21,26.00,24.0000,0.5200,2.340
3247,35.000,0.006,0.006,6.146,6.146,5.695,0.002,0.002,1.097,1.097,7.252,1.21,25.80,23.7956,0.7252,3.263
3248,50.000,0.006,0.006,8.671,8.671,5.766,0.006,0.006,1.565,1.565,10.248,1.20,25.20,23.1962,1.0248,4.611
3249,45.000,0.006,0.006,7.652,7.652,5.881,0.005,0.005,1.404,1.404,9.067,1.20,24.24,22.2426,0.9067,4.080
3250,30.000,0.006,0.006,4.975,4.975,6.030,0.001,0.001,0.933,0.933,5.915,1.20,23.00,21.0000,0.5915,2.662
3251,20.000,0.006,0.006,3.224,3.224,6.204,0.001,0.001,0.619,0.619,3.850,1.19,21.55,19.5529,0.3850,1.732
3252,25.000,0.006,0.006,3.912,3.912,6.390,0.001,0.001,0.771,0.771,4.690,1.19,20.00,18.0000,0.4690,2.111
3253,35.000,0.006,0.006,5.322,5.322,6.576,0.002,0.002,1.075,1.075,6.406,1.18,18.45,16.4471,0.6406,2.882
3254,50.000,0.006,0.006,7.407,7.407,6.750,0.006,0.006,1.531,1.531,8.951,1.18,17.00,15.0000,0.8951,4.028
3255,45.000,0.006,0.006,6.523,6.523,6.899,0.005,0.005,1.374,1.374,7.907,1.18,15.76,13.7574,0.7907,3.558
3256,30.000,0.006,0.006,4.277,4.277,7.014,0.001,0.001,0.914,0.914,5.199,1.17,14.80,12.8038,0.5199,2.339
3257,20.000,0.006,0.006,2.823,2.823,7.085,0.001,0.001,0.609,0.609,3.438,1.17,14.20,12.2044,0.3438,1.547
3258,25.000,0.006,0.006,3.516,3.516,7.110,0.001,0.001,0.760,0.760,4.283,1.17,14.00,12.0000,0.4283,1.928
3259,35.000,0.006,0.006,4.940,4.940,7.085,0.002,0.002,1.065,1.065,6.013,1.17,14.20,12.2044,0.6013,2.706
3260,50.000,0.006,0.006,7.129,7.129,7.014,0.006,0.006,1.523,1.523,8.665,1.17,14.80,12.8038,0.8665,3.899
3261,45.000,0.006,0.006,6.523,6.523,6.899,0.005,0.005,1.374,1.374,7.907,1.18,15.76,13.7574,0.7907,3.558
3262,30.000,0.006,0.006,4.444,4.444,6.750,0.001,0.001,0.919,0.919,5.370,1.18,17.00,15.0000,0.5370,2.417
3263,20.000,0.006,0.006,3.041,3.041,6.576,0.001,0.001,0.614,0.614,3.662,1.18,18.45,16.4471,0.3662,1.648
3264,25.000,0.006,0.006,3.912,3.912,6.390,0.001,0.001,0.771,0.771,4.690,1.19,20.00,18.0000,0.4690,2.111
3265,35.000,0.006,0.006,5.642,5.642,6.204,0.002,0.002,1.084,1.084,6.734,1.19,21.55,19.5529,0.6734,3.030
3266,50.000,0.006,0.006,8.292,8.292,6.030,0.006,0.006,1.554,1.554,9.859,1.20,23.00,21.0000,0.9859,4.436
3267,45.000,0.006,0.006,7.652,7.652,5.881,0.005,0.005,1.404,1.404,9.067,1.20,24.24,22.2426,0.9067,4.080
3268,30.000,0.006,0.006,5.202,5.202,5.766,0.001,0.001,0.939,0.939,6.149,1.20,25.20,23.1962,0.6149,2.767
3269,20.000,0.006,0.006,3.512,3.512,5.695,0.001,0.001,0.627,0.627,4.146,1.21,25.80,23.7956,0.4146,1.866
3270,25.000,0.006,0.006,4.409,4.409,5.670,0.001,0.001,0.784,0.784,5.200,1.21,26.00,24.0000,0.5200,2.340
3271,35.000,0.006,0.006,6.146,6.146,5.695,0.002,0.002,1.097,1.097,7.252,1.21,25.80,23.7956,0.7252,3.263
3272,50.000,0.006,0.006,8.671,8.671,5.766,0.006,0.006,1.565,1.565,10.248,1.20,25.20,23.1962,1.0248,4.611
3273,45.000,0.006,0.006,7.652,7.652,5.881,0.005,0.005,1.404,1.404,9.067,1.20,24.24,22.2426,0.9067,4.080
3274,30.000,0.006,0.006,4.975,4.975,6.030,0.001,0.001,0.933,0.933,5.915,1.20,23.00,21.0000,0.5915,2.662
3275,20.000,0.006,0.006,3.224,3.224,6.204,0.001,0.001,0.619,0.619,3.850,1.19,21.55,19.5529,0.3850,1.732
3276,25.000,0.006,0.006,3.912,3.912,6.390,0.001,0.001,0.771,0.771,4.690,1.19,20.00,18.0000,0.4690,2.111
3277,35.000,0.006,0.006,5.322,5.322,6.576,0.002,0.002,1.075,1.075,6.406,1.18,18.45,16.4471,0.6406,2.882
3278,50.000,0.006,0.006,7.407,7.407,6.750,0.006,0.006,1.531,1.531,8.951,1.18,17.00,15.0000,0.8951,4.028
3279,45.000,0.006,0.006,6.523,6.523,6.899,0.005,0.005,1.374,1.374,7.907,1.18,15.76,13.7574,0.7907,3.558
3280,30.000,0.006,0.006,4.277,4.277,7.014,0.001,0.001,0.914,0.914,5.199,1.17,14.80,12.8038,0.5199,2.339
3281,20.000,0.006,0.006,2.823,2.823,7.085,0.001,0.001,0.609,0.609,3.438,1.17,14.20,12.2044,0.3438,1.547
3282,25.000,0.006,0.006,3.516,3.516,7.110,0.001,0.001,0.760,0.760,4.283,1.17,14.00,12.0000,0.4283,1.928
3283,35.000,0.006,0.006,4.940,4.940,7.085,0.002,0.002,1.065,1.065,6.013,1.17,14.20,12.2044,0.6013,2.706
3284,50.000,0.006,0.006,7.129,7.129,7.014,0.006,0.006,1.523,1.523,8.665,1.17,14.80,12.8038,0.8665,3.899
3285,45.000,0.006,0.006,6.523,6.523,6.899,0.005,0.005,1.374,1.374,7.907,1.18,15.76,13.7574,0.7907,3.558
3286,30.000,0.006,0.006,4.444,4.444,6.750,0.001,0.001,0.919,0.919,5.370,1.18,17.00,15.0000,0.5370,2.417
3287,20.000,0.006,0.006,3.041,3.041,6.576,0.001,0.001,0.614,0.614,3.662,1.18,18.45,16.4471,0.3662,1.648
3288,25.000,0.006,0.006,3.912,3.912,6.390,0.001,0.001,0.771,0.771,4.690,1.19,20.00,18.0000,0.4690,2.111
3289,35.000,0.006,0.006,5.642,5.642,6.204,0.002,0.002,1.084,1.084,6.734,1.19,21.55,19.5529,0.6734,3.030
3290,50.000,0.006,0.006,8.292,8.292,6.030,0.006,0.006,1.554,1.554,9.859,1.20,23.00,21.0000,0.9859,4.436
3291,45.000,0.006,0.006,7.652,7.652,5.881,0.005,0.005,1.404,1.404,9.067,1.20,24.24,22.2426,0.9067,4.080
3292,30.000,0.006,0.006,5.202,5.202,5.766,0.001,0.001,0.939,0.939,6.149,1.20,25.20,23.1962,0.6149,2.767
3293,20.000,0.006,0.006,3.512,3.512,5.695,0.001,0.001,0.627,0.627,4.146,1.21,25.80,23.7956,0.4146,1.866
3294,25.000,0.006,0.006,4.409,4.409,5.670,0.001,0.001,0.784,0.784,5.200,1.21,26.00,24.0000,0.5200,2.340
3295,35.000,0.006,0.006,6.146,6.146,5.695,0.002,0.002,1.097,1.097,7.252,1.21,25.80,23.7956,0.7252,3.263
3296,50.000,0.006,0.006,8.671,8.671,5.766,0.006,0.006,1.565,1.565,10.248,1.20,25.20,23.1962,1.0248,4.611
3297,45.000,0.006,0.006,7.652,7.652,5.881,0.005,0.005,1.404,1.404,9.067,1.20,24.24,22.2426,0.9067,4.080
3298,30.000,0.006,0.006,4.975,4.975,6.030,0.001,0.001,0.933,0.933,5.915,1.20,23.00,21.0000,0.5915,2.662
3299,20.000,0.006,0.006,3.224,3.224,6.204,0.001,0.001,0.619,0.619,3.850,1.19,21.55,19.5529,0.3850,1.732
3300,25.000,0.006,0.006,3.912,3.912,6.390,0.001,0.001,0.771,0.771,4.690,1.19,20.00,18.0000,0.4690,2.111
3301,35.000,0.006,0.006,5.322,5.322,6.576,0.002,0.002,1.075,1.075,6.406,1.18,18.45,16.4471,0.6406,2.882
3302,50.000,0.006,0.006,7.407,7.407,6.750,0.006,0.006,1.531,1.531,8.951,1.18,17.00,15.0000,0.8951,4.028
3303,45.000,0.006,0.006,6.523,6.523,6.899,0.005,0.005,1.374,1.374,7.907,1.18,15.76,13.7574,0.7907,3.558
3304,30.000,0.006,0.006,4.277,4.277,7.014,0.001,0.001,0.914,0.914,5.199,1.17,14.80,12.8038,0.5199,2.339
3305,20.000,0.006,0.006,2.823,2.823,7.085,0.001,0.001,0.609,0.609,3.438,1.17,14.20,12.2044,0.3438,1.547
3306,25.000,0.006,0.006,3.516,3.516,7.110,0.001,0.001,0.760,0.760,4.283,1.17,14.00,12.0000,0.4283,1.928
3307,35.000,0.006,0.006,4.940,4.940,7.085,0.002,0.002,1.065,1.065,6.013,1.17,14.20,12.2044,0.6013,2.706
3308,50.000,0.006,0.006,7.129,7.129,7.014,0.006,0.006,1.523,1.523,8.665,1.17,14.80,12.8038,0.8665,3.899
3309,45.000,0.006,0.006,6.523,6.523,6.899,0.005,0.005,1.374,1.374,7.907,1.18,15.76,13.7574,0.7907,3.558
3310,30.000,0.006,0.006,4.444,4.444,6.750,0.001,0.001,0.919,0.919,5.370,1.18,17.00,15.0000,0.5370,2.417
3311,20.000,0.006,0.006,3.041,3.041,6.576,0.001,0.001,0.614,0.614,3.662,1.18,18.45,16.4471,0.3662,1.648
3312,25.000,0.006,0.006,3.912,3.912,6.390,0.001,0.001,0.771,0.771,4.690,1.19,20.00,18.0000,0.4690,2.111
3313,35.000,0.006,0.006,5.642,5.642,6.204,0.002,0.002,1.084,1.084,6.734,1.19,21.55,19.5529,0.6734,3.030
3314,50.000,0.006,0.006,8.292,8.292,6.030,0.006,0.006,1.554,1.554,9.859,1.20,23.00,21.0000,0.9859,4.436
3315,45.000,0.006,0.006,7.652,7.652,5.881,0.005,0.005,1.404,1.404,9.067,1.20,24.24,22.2426,0.9067,4.080
3316,30.000,0.006,0.006,5.202,5.202,5.766,0.001,0.001,0.939,0.939,6.149,1.20,25.20,23.1962,0.6149,2.767
3317,20.000,0.006,0.006,3.512,3.512,5.695,0.001,0.001,0.627,0.627,4.146,1.21,25.80,23.7956,0.4146,1.866
3318,25.000,0.006,0.006,4.409,4.409,5.670,0.001,0.001,0.784,0.784,5.200,1.21,26.00,24.0000,0.5200,2.340
3319,35.000,0.006,0.006,6.146,6.146,5.695,0.002,0.002,1.097,1.097,7.252,1.21,25.80,23.7956,0.7252,3.263
3320,50.000,0.006,0.006,8.671,8.671,5.766,0.006,0.006,1.565,1.565,10.248,1.20,25.20,23.1962,1.0248,4.611
3321,45.000,0.006,0.006,7.652,7.652,5.881,0.005,0.005,1.404,1.404,9.067,1.20,24.24,22.2426,0.9067,4.080
3322,30.000,0.006,0.006,4.975,4.975,6.030,0.001,0.001,0.933,0.933,5.915,1.20,23.00,21.0000,0.5915,2.662
3323,20.000,0.006,0.006,3.224,3.224,6.204,0.001,0.001,0.619,0.619,3.850,1.19,21.55,19.5529,0.3850,1.732
3324,25.000,0.006,0.006,3.912,3.912,6.390,0.001,0.001,0.771,0.771,4.690,1.19,20.00,18.0000,0.4690,2.111
3325,35.000,0.006,0.006,5.322,5.322,6.576,0.002,0.002,1.075,1.075,6.406,1.18,18.45,16.4471,0.6406,2.882
3326,50.000,0.006,0.006,7.407,7.407,6.750,0.006,0.006,1.531,1.531,8.951,1.18,17.00,15.0000,0.8951,4.028
3327,45.000,0.006,0.006,6.523,6.523,6.899,0.005,0.005,1.374,1.374,7.907,1.18,15.76,13.7574,0.7907,3.558
3328,30.000,0.006,0.006,4.277,4.277,7.014,0.001,0.001,0.914,0.914,5.199,1.17,14.80,12.8038,0.5199,2.339
3329,20.000,0.006,0.006,2.823,2.823,7.085,0.001,0.001,0.609,0.609,3.438,1.17,14.20,12.2044,0.3438,1.547
3330,25.000,0.006,0.006,3.516,3.516,7.110,0.001,0.001,0.760,0.760,4.283,1.17,14.00,12.0000,0.4283,1.928
3331,35.000,0.006,0.006,4.940,4.940,7.085,0.002,0.002,1.065,1.065,6.013,1.17,14.20,12.2044,0.6013,2.706
3332,50.000,0.006,0.006,7.129,7.129,7.014,0.006,0.006,1.523,1.523,8.665,1.17,14.80,12.8038,0.8665,3.899
3333,45.000,0.006,0.006,6.523,6.523,6.899,0.005,0.005,1.374,1.374,7.907,1.18,15.76,13.7574,0.7907,3.558
3334,30.000,0.006,0.006,4.444,4.444,6.750,0.001,0.001,0.919,0.919,5.370,1.18,17.00,15.0000,0.5370,2.417
3335,20.000,0.006,0.006,3.041,3.041,6.576,0.001,0.001,0.614,0.614,3.662,1.18,18.45,16.4471,0.3662,1.648
3336,25.000,0.006,0.006,3.912,3.912,6.390,0.001,0.001,0.771,0.771,4.690,1.19,20.00,18.0000,0.4690,2.111
3337,35.000,0.006,0.006,5.642,5.642,6.204,0.002,0.002,1.084,1.084,6.734,1.19,21.55,19.5529,0.6734,3.030
3338,50.000,0.006,0.006,8.292,8.292,6.030,0.006,0.006,1.554,1.554,9.859,1.20,23.00,21.0000,0.9859,4.436
3339,45.000,0.006,0.006,7.652,7.652,5.881,0.005,0.005,1.404,1.404,9.067,1.20,24.24,22.2426,0.9067,4.080
3340,30.000,0.006,0.006,5.202,5.202,5.766,0.001,0.001,0.939,0.939,6.149,1.20,25.20,23.1962,0.6149,2.767
3341,20.000,0.006,0.006,3.512,3.512,5.695,0.001,0.001,0.627,0.627,4.146,1.21,25.80,23.7956,0.4146,1.866
3342,25.000,0.006,0.006,4.409,4.409,5.670,0.001,0.001,0.784,0.784,5.200,1.21,26.00,24.0000,0.5200,2.340
3343,35.000,0.006,0.006,6.146,6.146,5.695,0.002,0.002,1.097,1.097,7.252,1.21,25.80,23.7956,0.7252,3.263
3344,50.000,0.006,0.006,8.671,8.671,5.766,0.006,0.006,1.565,1.565,10.248,1.20,25.20,23.1962,1.0248,4.611
3345,45.000,0.006,0.006,7.652,7.652,5.881,0.005,0.005,1.404,1.404,9.067,1.20,24.24,22.2426,0.9067,4.080
3346,30.000,0.006,0.006,4.975,4.975,6.030,0.001,0.001,0.933,0.933,5.915,1.20,23.00,21.0000,0.5915,2.662
3347,20.000,0.006,0.006,3.224,3.224,6.204,0.001,0.001,0.619,0.619,3.850,1.19,21.55,19.5529,0.3850,1.732
3348,25.000,0.006,0.006,3.912,3.912,6.390,0.001,0.001,0.771,0.771,4.690,1.19,20.00,18.0000,0.4690,2.111
3349,35.000,0.006,0.006,5.322,5.322,6.576,0.002,0.002,1.075,1.075,6.406,1.18,18.45,16.4471,0.6406,2.882
3350,50.000,0.006,0.006,7.407,7.407,6.750,0.006,0.006,1.531,1.531,8.951,1.18,17.00,15.0000,0.8951,4.028
3351,45.000,0.006,0.006,6.523,6.523,6.899,0.005,0.005,1.374,1.374,7.907,1.18,15.76,13.7574,0.7907,3.558
3352,30.000,0.006,0.006,4.277,4.277,7.014,0.001,0.001,0.914,0.914,5.199,1.17,14.80,12.8038,0.5199,2.339
3353,20.000,0.006,0.006,2.823,2.823,7.085,0.001,0.001,0.609,0.609,3.438,1.17,14.20,12.2044,0.3438,1.547
3354,25.000,0.006,0.006,3.516,3.516,7.110,0.001,0.001,0.760,0.760,4.283,1.17,14.00,12.0000,0.4283,1.928
3355,35.000,0.006,0.006,4.940,4.940,7.085,0.002,0.002,1.065,1.065,6.013,1.17,14.20,12.2044,0.6013,2.706
3356,50.000,0.006,0.006,7.129,7.129,7.014,0.006,0.006,1.523,1.523,8.665,1.17,14.80,12.8038,0.8665,3.899
3357,45.000,0.006,0.006,6.523,6.523,6.899,0.005,0.005,1.374,1.374,7.907,1.18,15.76,13.7574,0.7907,3.558
3358,30.000,0.006,0.006,4.444,4.444,6.750,0.001,0.001,0.919,0.919,5.370,1.18,17.00,15.0000,0.5370,2.417
3359,20.000,0.006,0.006,3.041,3.041,6.576,0.001,0.001,0.614,0.614,3.662,1.18,18.45,16.4471,0.3662,1.648
3360,25.000,0.006,0.006,3.912,3.912,6.390,0.001,0.001,0.771,0.771,4.690,1.19,20.00,18.0000,0.4690,2.111
3361,35.000,0.006,0.006,5.642,5.642,6.204,0.002,0.002,1.084,1.084,6.734,1.19,21.55,19.5529,0.6734,3.030
3362,50.000,0.006,0.006,8.292,8.292,6.030,0.006,0.006,1.554,1.554,9.859,1.20,23.00,21.0000,0.9859,4.436
3363,45.000,0.006,0.006,7.652,7.652,5.881,0.005,0.005,1.404,1.404,9.067,1.20,24.24,22.2426,0.9067,4.080
3364,30.000,0.006,0.006,5.202,5.202,5.766,0.001,0.001,0.939,0.939,6.149,1.20,25.20,23.1962,0.6149,2.767
3365,20.000,0.006,0.006,3.512,3.512,5.695,0.001,0.001,0.627,0.627,4.146,1.21,25.80,23.7956,0.4146,1.866
3366,25.000,0.006,0.006,4.409,4.409,5.670,0.001,0.001,0.784,0.784,5.200,1.21,26.00,24.0000,0.5200,2.340
3367,35.000,0.006,0.006,6.146,6.146,5.695,0.002,0.002,1.097,1.097,7.252,1.21,25.80,23.7956,0.7252,3.263
3368,50.000,0.006,0.006,8.671,8.671,5.766,0.006,0.006,1.565,1.565,10.248,1.20,25.20,23.1962,1.0248,4.611
3369,45.000,0.006,0.006,7.652,7.652,5.881,0.005,0.005,1.404,1.404,9.067,1.20,24.24,22.2426,0.9067,4.080
3370,30.000,0.006,0.006,4.975,4.975,6.030,0.001,0.001,0.933,0.933,5.915,1.20,23.00,21.0000,0.5915,2.662
3371,20.000,0.006,0.006,3.224,3.224,6.204,0.001,0.001,0.619,0.619,3.850,1.19,21.55,19.5529,0.3850,1.732
3372,25.000,0.006,0.006,3.912,3.912,6.390,0.001,0.001,0.771,0.771,4.690,1.19,20.00,18.0000,0.4690,2.111
3373,35.000,0.006,0.006,5.322,5.322,6.576,0.002,0.002,1.075,1.075,6.406,1.18,18.45,16.4471,0.6406,2.882
3374,50.000,0.006,0.006,7.407,7.407,6.750,0.006,0.006,1.531,1.531,8.951,1.18,17.00,15.0000,0.8951,4.028
3375,45.000,0.006,0.006,6.523,6.523,6.899,0.005,0.005,1.374,1.374,7.907,1.18,15.76,13.7574,0.7907,3.558
3376,30.000,0.006,0.006,4.277,4.277,7.014,0.001,0.001,0.914,0.914,5.199,1.17,14.80,12.8038,0.5199,2.339
3377,20.000,0.006,0.006,2.823,2.823,7.085,0.001,0.001,0.609,0.609,3.438,1.17,14.20,12.2044,0.3438,1.547
3378,25.000,0.006,0.006,3.516,3.516,7.110,0.001,0.001,0.760,0.760,4.283,1.17,14.00,12.0000,0.4283,1.928
3379,35.000,0.006,0.006,4.940,4.940,7.085,0.002,0.002,1.065,1.065,6.013,1.17,14.20,12.2044,0.6013,2.706
3380,50.000,0.006,0.006,7.129,7.129,7.014,0.006,0.006,1.523,1.523,8.665,1.17,14.80,12.8038,0.8665,3.899
3381,45.000,0.006,0.006,6.523,6.523,6.899,0.005,0.005,1.374,1.374,7.907,1.18,15.76,13.7574,0.7907,3.558
3382,30.000,0.006,0.006,4.444,4.444,6.750,0.001,0.001,0.919,0.919,5.370,1.18,17.00,15.0000,0.5370,2.417
3383,20.000,0.006,0.006,3.041,3.041,6.576,0.001,0.001,0.614,0.614,3.662,1.18,18.45,16.4471,0.3662,1.648
3384,25.000,0.006,0.006,3.912,3.912,6.390,0.001,0.001,0.771,0.771,4.690,1.19,20.00,18.0000,0.4690,2.111
3385,35.000,0.006,0.006,5.642,5.642,6.204,0.002,0.002,1.084,1.084,6.734,1.19,21.55,19.5529,0.6734,3.030
3386,50.000,0.006,0.006,8.292,8.292,6.030,0.006,0.006,1.554,1.554,9.859,1.20,23.00,21.0000,0.9859,4.436
3387,45.000,0.006,0.006,7.652,7.652,5.881,0.005,0.005,1.404,1.404,9.067,1.20,24.24,22.2426,0.9067,4.080
3388,30.000,0.006,0.006,5.202,5.202,5.766,0.001,0.001,0.939,0.939,6.149,1.20,25.20,23.1962,0.6149,2.767
3389,20.000,0.006,0.006,3.512,3.512,5.695,0.001,0.001,0.627,0.627,4.146,1.21,25.80,23.7956,0.4146,1.866
3390,25.000,0.006,0.006,4.409,4.409,5.670,0.001,0.001,0.784,0.784,5.200,1.21,26.00,24.0000,0.5200,2.340
3391,35.000,0.006,0.006,6.146,6.146,5.695,0.002,0.002,1.097,1.097,7.252,1.21,25.80,23.7956,0.7252,3.263
3392,50.000,0.006,0.006,8.671,8.671,5.766,0.006,0.006,1.565,1.565,10.248,1.20,25.20,23.1962,1.0248,4.611
3393,45.000,0.006,0.006,7.652,7.652,5.881,0.005,0.005,1.404,1.404,9.067,1.20,24.24,22.2426,0.9067,4.080
3394,30.000,0.006,0.006,4.975,4.975,6.030,0.001,0.001,0.933,0.933,5.915,1.20,23.00,21.0000,0.5915,2.662
3395,20.000,0.006,0.006,3.224,3.224,6.204,0.001,0.001,0.619,0.619,3.850,1.19,21.55,19.5529,0.3850,1.732
3396,25.000,0.006,0.006,3.912,3.912,6.390,0.001,0.001,0.771,0.771,4.690,1.19,20.00,18.0000,0.4690,2.111
3397,35.000,0.006,0.006,5.322,5.322,6.576,0.002,0.002,1.075,1.075,6.406,1.18,18.45,16.4471,0.6406,2.882
3398,50.000,0.006,0.006,7.407,7.407,6.750,0.006,0.006,1.531,1.531,8.951,1.18,17.00,15.0000,0.8951,4.028
3399,45.000,0.006,0.006,6.523,6.523,6.899,0.005,0.005,1.374,1.374,7.907,1.18,15.76,13.7574,0.7907,3.558
3400,30.000,0.006,0.006,4.277,4.277,7.014,0.001,0.001,0.914,0.914,5.199,1.17,14.80,12.8038,0.5199,2.339
3401,20.000,0.006,0.006,2.823,2.823,7.085,0.001,0.001,0.609,0.609,3.438,1.17,14.20,12.2044,0.3438,1.547
3402,25.000,0.006,0.006,3.516,3.516,7.110,0.001,0.001,0.760,0.760,4.283,1.17,14.00,12.0000,0.4283,1.928
3403,35.000,0.006,0.006,4.940,4.940,7.085,0.002,0.002,1.065,1.065,6.013,1.17,14.20,12.2044,0.6013,2.706
3404,50.000,0.006,0.006,7.129,7.129,7.014,0.006,0.006,1.523,1.523,8.665,1.17,14.80,12.8038,0.8665,3.899
3405,45.000,0.006,0.006,6.523,6.523,6.899,0.005,0.005,1.374,1.374,7.907,1.18,15.76,13.7574,0.7907,3.558
3406,30.000,0.006,0.006,4.444,4.444,6.750,0.001,0.001,0.919,0.919,5.370,1.18,17.00,15.0000,0.5370,2.417
3407,20.000,0.006,0.006,3.041,3.041,6.576,0.001,0.001,0.614,0.614,3.662,1.18,18.45,16.4471,0.3662,1.648
3408,25.000,0.006,0.006,3.912,3.912,6.390,0.001,0.001,0.771,0.771,4.690,1.19,20.00,18.0000,0.4690,2.111
3409,35.000,0.006,0.006,5.642,5.642,6.204,0.002,0.002,1.084,1.084,6.734,1.19,21.55,19.5529,0.6734,3.030
3410,50.000,0.006,0.006,8.292,8.292,6.030,0.006,0.006,1.554,1.554,9.859,1.20,23.00,21.0000,0.9859,4.436
3411,45.000,0.006,0.006,7.652,7.652,5.881,0.005,0.005,1.404,1.404,9.067,1.20,24.24,22.2426,0.9067,4.080
3412,30.000,0.006,0.006,5.202,5.202,5.766,0.001,0.001,0.939,0.939,6.149,1.20,25.20,23.1962,0.6149,2.767
3413,20.000,0.006,0.006,3.512,3.512,5.695,0.001,0.001,0.627,0.627,4.146,1.21,25.80,23.7956,0.4146,1.866
3414,25.000,0.006,0.006,4.409,4.409,5.670,0.001,0.001,0.784,0.784,5.200,1.21,26.00,24.0000,0.5200,2.340
3415,35.000,0.006,0.006,6.146,6.146,5.695,0.002,0.002,1.097,1.097,7.252,1.21,25.80,23.7956,0.7252,3.263
3416,50.000,0.006,0.006,8.671,8.671,5.766,0.006,0.006,1.565,1.565,10.248,1.20,25.20,23.1962,1.0248,4.611
3417,45.000,0.006,0.006,7.652,7.652,5.881,0.005,0.005,1.404,1.404,9.067,1.20,24.24,22.2426,0.9067,4.080
3418,30.000,0.006,0.006,4.975,4.975,6.030,0.001,0.001,0.933,0.933,5.915,1.20,23.00,21.0000,0.5915,2.662
3419,20.000,0.006,0.006,3.224,3.224,6.204,0.001,0.001,0.619,0.619,3.850,1.19,21.55,19.5529,0.3850,1.732
3420,25.000,0.006,0.006,3.912,3.912,6.390,0.001,0.001,0.771,0.771,4.690,1.19,20.00,18.0000,0.4690,2.111
3421,35.000,0.006,0.006,5.322,5.322,6.576,0.002,0.002,1.075,1.075,6.406,1.18,18.45,16.4471,0.6406,2.882
3422,50.000,0.006,0.006,7.407,7.407,6.750,0.006,0.006,1.531,1.531,8.951,1.18,17.00,15.0000,0.8951,4.028
3423,45.000,0.006,0.006,6.523,6.523,6.899,0.005,0.005,1.374,1.374,7.907,1.18,15.76,13.7574,0.7907,3.558
3424,30.000,0.006,0.006,4.277,4.277,7.014,0.001,0.001,0.914,0.914,5.199,1.17,14.80,12.8038,0.5199,2.339
3425,20.000,0.006,0.006,2.823,2.823,7.085,0.001,0.001,0.609,0.609,3.438,1.17,14.20,12.2044,0.3438,1.547
3426,25.000,0.006,0.006,3.516,3.516,7.110,0.001,0.001,0.760,0.760,4.283,1.17,14.00,12.0000,0.4283,1.928
3427,35.000,0.006,0.006,4.940,4.940,7.085,0.002,0.002,1.065,1.065,6.013,1.17,14.20,12.2044,0.6013,2.706
3428,50.000,0.006,0.006,7.129,7.129,7.014,0.006,0.006,1.523,1.523,8.665,1.17,14.80,12.8038,0.8665,3.899
3429,45.000,0.006,0.006,6.523,6.523,6.899,0.005,0.005,1.374,1.374,7.907,1.18,15.76,13.7574,0.7907,3.558
3430,30.000,0.006,0.006,4.444,4.444,6.750,0.001,0.001,0.919,0.919,5.370,1.18,17.00,15.0000,0.5370,2.417
3431,20.000,0.006,0.006,3.041,3.041,6.576,0.001,0.001,0.614,0.614,3.662,1.18,18.45,16.4471,0.3662,1.648
3432,25.000,0.006,0.006,3.912,3.912,6.390,0.001,0.001,0.771,0.771,4.690,1.19,20.00,18.0000,0.4690,2.111
3433,35.000,0.006,0.006,5.642,5.642,6.204,0.002,0.002,1.084,1.084,6.734,1.19,21.55,19.5529,0.6734,3.030
3434,50.000,0.006,0.006,8.292,8.292,6.030,0.006,0.006,1.554,1.554,9.859,1.20,23.00,21.0000,0.9859,4.436
3435,45.000,0.006,0.006,7.652,7.652,5.881,0.005,0.005,1.404,1.404,9.067,1.20,24.24,22.2426,0.9067,4.080
3436,30.000,0.006,0.006,5.202,5.202,5.766,0.001,0.001,0.939,0.939,6.149,1.20,25.20,23.1962,0.6149,2.767
3437,20.000,0.006,0.006,3.512,3.512,5.695,0.001,0.001,0.627,0.627,4.146,1.21,25.80,23.7956,0.4146,1.866
3438,25.000,0.006,0.006,4.409,4.409,5.670,0.001,0.001,0.784,0.784,5.200,1.21,26.00,24.0000,0.5200,2.340
3439,35.000,0.006,0.006,6.146,6.146,5.695,0.002,0.002,1.097,1.097,7.252,1.21,25.80,23.7956,0.7252,3.263
3440,50.000,0.006,0.006,8.671,8.671,5.766,0.006,0.006,1.565,1.565,10.248,1.20,25.20,23.1962,1.0248,4.611
3441,45.000,0.006,0.006,7.652,7.652,5.881,0.005,0.005,1.404,1.404,9.067,1.20,24.24,22.2426,0.9067,4.080
3442,30.000,0.006,0.006,4.975,4.975,6.030,0.001,0.001,0.933,0.933,5.915,1.20,23.00,21.0000,0.5915,2.662
3443,20.000,0.006,0.006,3.224,3.224,6.204,0.001,0.001,0.619,0.619,3.850,1.19,21.55,19.5529,0.3850,1.732
3444,25.000,0.006,0.006,3.912,3.912,6.390,0.001,0.001,0.771,0.771,4.690,1.19,20.00,18.0000,0.4690,2.111
3445,35.000,0.006,0.006,5.322,5.322,6.576,0.002,0.002,1.075,1.075,6.406,1.18,18.45,16.4471,0.6406,2.882
3446,50.000,0.006,0.006,7.407,7.407,6.750,0.006,0.006,1.531,1.531,8.951,1.18,17.00,15.0000,0.8951,4.028
3447,45.000,0.006,0.006,6.523,6.523,6.899,0.005,0.005,1.374,1.374,7.907,1.18,15.76,13.7574,0.7907,3.558
3448,30.000,0.006,0.006,4.277,4.277,7.014,0.001,0.001,0.914,0.914,5.199,1.17,14.80,12.8038,0.5199,2.339
3449,20.000,0.006,0.006,2.823,2.823,7.085,0.001,0.001,0.609,0.609,3.438,1.17,14.20,12.2044,0.3438,1.547
3450,25.000,0.006,0.006,3.516,3.516,7.110,0.001,0.001,0.760,0.760,4.283,1.17,14.00,12.0000,0.4283,1.928
3451,35.000,0.006,0.006,4.940,4.940,7.085,0.002,0.002,1.065,1.065,6.013,1.17,14.20,12.2044,0.6013,2.706
3452,50.000,0.006,0.006,7.129,7.129,7.014,0.006,0.006,1.523,1.523,8.665,1.17,14.80,12.8038,0.8665,3.899
3453,45.000,0.006,0.006,6.523,6.523,6.899,0.005,0.005,1.374,1.374,7.907,1.18,15.76,13.7574,0.7907,3.558
3454,30.000,0.006,0.006,4.444,4.444,6.750,0.001,0.001,0.919,0.919,5.370,1.18,17.00,15.0000,0.5370,2.417
3455,20.000,0.006,0.006,3.041,3.041,6.576,0.001,0.001,0.614,0.614,3.662,1.18,18.45,16.4471,0.3662,1.648
3456,25.000,0.006,0.006,3.912,3.912,6.390,0.001,0.001,0.771,0.771,4.690,1.19,20.00,18.0000,0.4690,2.111
3457,35.000,0.006,0.006,5.642,5.642,6.204,0.002,0.002,1.084,1.084,6.734,1.19,21.55,19.5529,0.6734,3.030
3458,50.000,0.006,0.006,8.292,8.292,6.030,0.006,0.006,1.554,1.554,9.859,1.20,23.00,21.0000,0.9859,4.436
3459,45.000,0.006,0.006,7.652,7.652,5.881,0.005,0.005,1.404,1.404,9.067,1.20,24.24,22.2426,0.9067,4.080
3460,30.000,0.006,0.006,5.202,5.202,5.766,0.001,0.001,0.939,0.939,6.149,1.20,25.20,23.1962,0.6149,2.767
3461,20.000,0.006,0.006,3.512,3.512,5.695,0.001,0.001,0.627,0.627,4.146,1.21,25.80,23.7956,0.4146,1.866
3462,25.000,0.006,0.006,4.409,4.409,5.670,0.001,0.001,0.784,0.784,5.200,1.21,26.00,24.0000,0.5200,2.340
3463,35.000,0.006,0.006,6.146,6.146,5.695,0.002,0.002,1.097,1.097,7.252,1.21,25.80,23.7956,0.7252,3.263
3464,50.000,0.006,0.006,8.671,8.671,5.766,0.006,0.006,1.565,1.565,10.248,1.20,25.20,23.1962,1.0248,4.611
3465,45.000,0.006,0.006,7.652,7.652,5.881,0.005,0.005,1.404,1.404,9.067,1.20,24.24,22.2426,0.9067,4.080
3466,30.000,0.006,0.006,4.975,4.975,6.030,0.001,0.001,0.933,0.933,5.915,1.20,23.00,21.0000,0.5915,2.662
3467,20.000,0.006,0.006,3.224,3.224,6.204,0.001,0.001,0.619,0.619,3.850,1.19,21.55,19.5529,0.3850,1.732
3468,25.000,0.006,0.006,3.912,3.912,6.390,0.001,0.001,0.771,0.771,4.690,1.19,20.00,18.0000,0.4690,2.111
3469,35.000,0.006,0.006,5.322,5.322,6.576,0.002,0.002,1.075,1.075,6.406,1.18,18.45,16.4471,0.6406,2.882
3470,50.000,0.006,0.006,7.407,7.407,6.750,0.006,0.006,1.531,1.531,8.951,1.18,17.00,15.0000,0.8951,4.028
3471,45.000,0.006,0.006,6.523,6.523,6.899,0.005,0.005,1.374,1.374,7.907,1.18,15.76,13.7574,0.7907,3.558
3472,30.000,0.006,0.006,4.277,4.277,7.014,0.001,0.001,0.914,0.914,5.199,1.17,14.80,12.8038,0.5199,2.339
3473,20.000,0.006,0.006,2.823,2.823,7.085,0.001,0.001,0.609,0.609,3.438,1.17,14.20,12.2044,0.3438,1.547
3474,25.000,0.006,0.006,3.516,3.516,7.110,0.001,0.001,0.760,0.760,4.283,1.17,14.00,12.0000,0.4283,1.928
3475,35.000,0.006,0.006,4.940,4.940,7.085,0.002,0.002,1.065,1.065,6.013,1.17,14.20,12.2044,0.6013,2.706
3476,50.000,0.006,0.006,7.129,7.129,7.014,0.006,0.006,1.523,1.523,8.665,1.17,14.80,12.8038,0.8665,3.899
3477,45.000,0.006,0.006,6.523,6.523,6.899,0.005,0.005,1.374,1.374,7.907,1.18,15.76,13.7574,0.7907,3.558
3478,30.000,0.006,0.006,4.444,4.444,6.750,0.001,0.001,0.919,0.919,5.370,1.18,17.00,15.0000,0.5370,2.417
3479,20.000,0.006,0.006,3.041,3.041,6.576,0.001,0.001,0.614,0.614,3.662,1.18,18.45,16.4471,0.3662,1.648
3480,25.000,0.006,0.006,3.912,3.912,6.390,0.001,0.001,0.771,0.771,4.690,1.19,20.00,18.0000,0.4690,2.111
3481,35.000,0.006,0.006,5.642,5.642,6.204,0.002,0.002,1.084,1.084,6.734,1.19,21.55,19.5529,0.6734,3.030
3482,50.000,0.006,0.006,8.292,8.292,6.030,0.006,0.006,1.554,1.554,9.859,1.20,23.00,21.0000,0.9859,4.436
3483,45.000,0.006,0.006,7.652,7.652,5.881,0.005,0.005,1.404,1.404,9.067,1.20,24.24,22.2426,0.9067,4.080
3484,30.000,0.006,0.006,5.202,5.202,5.766,0.001,0.001,0.939,0.939,6.149,1.20,25.20,23.1962,0.6149,2.767
3485,20.000,0.006,0.006,3.512,3.512,5.695,0.001,0.001,0.627,0.627,4.146,1.21,25.80,23.7956,0.4146,1.866
3486,25.000,0.006,0.006,4.409,4.409,5.670,0.001,0.001,0.784,0.784,5.200,1.21,26.00,24.0000,0.5200,2.340
3487,35.000,0.006,0.006,6.146,6.146,5.695,0.002,0.002,1.097,1.097,7.252,1.21,25.80,23.7956,0.7252,3.263
3488,50.000,0.006,0.006,8.671,8.671,5.766,0.006,0.006,1.565,1.565,10.248,1.20,25.20,23.1962,1.0248,4.611
3489,45.000,0.006,0.006,7.652,7.652,5.881,0.005,0.005,1.404,1.404,9.067,1.20,24.24,22.2426,0.9067,4.080
3490,30.000,0.006,0.006,4.975,4.975,6.030,0.001,0.001,0.933,0.933,5.915,1.20,23.00,21.0000,0.5915,2.662
3491,20.000,0.006,0.006,3.224,3.224,6.204,0.001,0.001,0.619,0.619,3.850,1.19,21.55,19.5529,0.3850,1.732
3492,25.000,0.006,0.006,3.912,3.912,6.390,0.001,0.001,0.771,0.771,4.690,1.19,20.00,18.0000,0.4690,2.111
3493,35.000,0.006,0.006,5.322,5.322,6.576,0.002,0.002,1.075,1.075,6.406,1.18,18.45,16.4471,0.6406,2.882
3494,50.000,0.006,0.006,7.407,7.407,6.750,0.006,0.006,1.531,1.531,8.951,1.18,17.00,15.0000,0.8951,4.028
3495,45.000,0.006,0.006,6.523,6.523,6.899,0.005,0.005,1.374,1.374,7.907,1.18,15.76,13.7574,0.7907,3.558
3496,30.000,0.006,0.006,4.277,4.277,7.014,0.001,0.001,0.914,0.914,5.199,1.17,14.80,12.8038,0.5199,2.339
3497,20.000,0.006,0.006,2.823,2.823,7.085,0.001,0.001,0.609,0.609,3.438,1.17,14.20,12.2044,0.3438,1.547
3498,25.000,0.006,0.006,3.516,3.516,7.110,0.001,0.001,0.760,0.760,4.283,1.17,14.00,12.0000,0.4283,1.928
3499,35.000,0.006,0.006,4.940,4.940,7.085,0.002,0.002,1.065,1.065,6.013,1.17,14.20,12.2044,0.6013,2.706
3500,50.000,0.006,0.006,7.129,7.129,7.014,0.006,0.006,1.523,1.523,8.665,1.17,14.80,12.8038,0.8665,3.899
3501,45.000,0.006,0.006,6.523,6.523,6.899,0.005,0.005,1.374,1.374,7.907,1.18,15.76,13.7574,0.7907,3.558
3502,30.000,0.006,0.006,4.444,4.444,6.750,0.001,0.001,0.919,0.919,5.370,1.18,17.00,15.0000,0.5370,2.417
3503,20.000,0.006,0.006,3.041,3.041,6.576,0.001,0.001,0.614,0.614,3.662,1.18,18.45,16.4471,0.3662,1.648
3504,25.000,0.006,0.006,3.912,3.912,6.390,0.001,0.001,0.771,0.771,4.690,1.19,20.00,18.0000,0.4690,2.111
3505,35.000,0.006,0.006,5.642,5.642,6.204,0.002,0.002,1.084,1.084,6.734,1.19,21.55,19.5529,0.6734,3.030
3506,50.000,0.006,0.006,8.292,8.292,6.030,0.006,0.006,1.554,1.554,9.859,1.20,23.00,21.0000,0.9859,4.436
3507,45.000,0.006,0.006,7.652,7.652,5.881,0.005,0.005,1.404,1.404,9.067,1.20,24.24,22.2426,0.9067,4.080
3508,30.000,0.006,0.006,5.202,5.202,5.766,0.001,0.001,0.939,0.939,6.149,1.20,25.20,23.1962,0.6149,2.767
3509,20.000,0.006,0.006,3.512,3.512,5.695,0.001,0.001,0.627,0.627,4.146,1.21,25.80,23.7956,0.4146,1.866
3510,25.000,0.006,0.006,4.409,4.409,5.670,0.001,0.001,0.784,0.784,5.200,1.21,26.00,24.0000,0.5200,2.340
3511,35.000,0.006,0.006,6.146,6.146,5.695,0.002,0.002,1.097,1.097,7.252,1.21,25.80,23.7956,0.7252,3.263
3512,50.000,0.006,0.006,8.671,8.671,5.766,0.006,0.006,1.565,1.565,10.248,1.20,25.20,23.1962,1.0248,4.611
3513,45.000,0.006,0.006,7.652,7.652,5.881,0.005,0.005,1.404,1.404,9.067,1.20,24.24,22.2426,0.9067,4.080
3514,30.000,0.006,0.006,4.975,4.975,6.030,0.001,0.001,0.933,0.933,5.915,1.20,23.00,21.0000,0.5915,2.662
3515,20.000,0.006,0.006,3.224,3.224,6.204,0.001,0.001,0.619,0.619,3.850,1.19,21.55,19.5529,0.3850,1.732
3516,25.000,0.006,0.006,3.912,3.912,6.390,0.001,0.001,0.771,0.771,4.690,1.19,20.00,18.0000,0.4690,2.111
3517,35.000,0.006,0.006,5.322,5.322,6.576,0.002,0.002,1.075,1.075,6.406,1.18,18.45,16.4471,0.6406,2.882
3518,50.000,0.006,0.006,7.407,7.407,6.750,0.006,0.006,1.531,1.531,8.951,1.18,17.00,15.0000,0.8951,4.028
3519,45.000,0.006,0.006,6.523,6.523,6.899,0.005,0.005,1.374,1.374,7.907,1.18,15.76,13.7574,0.7907,3.558
3520,30.000,0.006,0.006,4.277,4.277,7.014,0.001,0.001,0.914,0.914,5.199,1.17,14.80,12.8038,0.5199,2.339
3521,20.000,0.006,0.006,2.823,2.823,7.085,0.001,0.001,0.609,0.609,3.438,1.17,14.20,12.2044,0.3438,1.547
3522,25.000,0.006,0.006,3.516,3.516,7.110,0.001,0.001,0.760,0.760,4.283,1.17,14.00,12.0000,0.4283,1.928
3523,35.000,0.006,0.006,4.940,4.940,7.085,0.002,0.002,1.065,1.065,6.013,1.17,14.20,12.2044,0.6013,2.706
3524,50.000,0.006,0.006,7.129,7.129,7.014,0.006,0.006,1.523,1.523,8.665,1.17,14.80,12.8038,0.8665,3.899
3525,45.000,0.006,0.006,6.523,6.523,6.899,0.005,0.005,1.374,1.374,7.907,1.18,15.76,13.7574,0.7907,3.558
3526,30.000,0.006,0.006,4.444,4.444,6.750,0.001,0.001,0.919,0.919,5.370,1.18,17.00,15.0000,0.5370,2.417
3527,20.000,0.006,0.006,3.041,3.041,6.576,0.001,0.001,0.614,0.614,3.662,1.18,18.45,16.4471,0.3662,1.648
3528,25.000,0.006,0.006,3.912,3.912,6.390,0.001,0.001,0.771,0.771,4.690,1.19,20.00,18.0000,0.4690,2.111
3529,35.000,0.006,0.006,5.642,5.642,6.204,0.002,0.002,1.084,1.084,6.734,1.19,21.55,19.5529,0.6734,3.030
3530,50.000,0.006,0.006,8.292,8.292,6.030,0.006,0.006,1.554,1.554,9.859,1.20,23.00,21.0000,0.9859,4.436
3531,45.000,0.006,0.006,7.652,7.652,5.881,0.005,0.005,1.404,1.404,9.067,1.20,24.24,22.2426,0.9067,4.080
3532,30.000,0.006,0.006,5.202,5.202,5.766,0.001,0.001,0.939,0.939,6.149,1.20,25.20,23.1962,0.6149,2.767
3533,20.000,0.006,0.006,3.512,3.512,5.695,0.001,0.001,0.627,0.627,4.146,1.21,25.80,23.7956,0.4146,1.866
3534,25.000,0.006,0.006,4.409,4.409,5.670,0.001,0.001,0.784,0.784,5.200,1.21,26.00,24.0000,0.5200,2.340
3535,35.000,0.006,0.006,6.146,6.146,5.695,0.002,0.002,1.097,1.097,7.252,1.21,25.80,23.7956,0.7252,3.263
3536,50.000,0.006,0.006,8.671,8.671,5.766,0.006,0.006,1.565,1.565,10.248,1.20,25.20,23.1962,1.0248,4.611
3537,45.000,0.006,0.006,7.652,7.652,5.881,0.005,0.005,1.404,1.404,9.067,1.20,24.24,22.2426,0.9067,4.080
3538,30.000,0.006,0.006,4.975,4.975,6.030,0.001,0.001,0.933,0.933,5.915,1.20,23.00,21.0000,0.5915,2.662
3539,20.000,0.006,0.006,3.224,3.224,6.204,0.001,0.001,0.619,0.619,3.850,1.19,21.55,19.5529,0.3850,1.732
3540,25.000,0.006,0.006,3.912,3.912,6.390,0.001,0.001,0.771,0.771,4.690,1.19,20.00,18.0000,0.4690,2.111
3541,35.000,0.006,0.006,5.322,5.322,6.576,0.002,0.002,1.075,1.075,6.406,1.18,18.45,16.4471,0.6406,2.882
3542,50.000,0.006,0.006,7.407,7.407,6.750,0.006,0.006,1.531,1.531,8.951,1.18,17.00,15.0000,0.8951,4.028
3543,45.000,0.006,0.006,6.523,6.523,6.899,0.005,0.005,1.374,1.374,7.907,1.18,15.76,13.7574,0.7907,3.558
3544,30.000,0.006,0.006,4.277,4.277,7.014,0.001,0.001,0.914,0.914,5.199,1.17,14.80,12.8038,0.5199,2.339
3545,20.000,0.006,0.006,2.823,2.823,7.085,0.001,0.001,0.609,0.609,3.438,1.17,14.20,12.2044,0.3438,1.547
3546,25.000,0.006,0.006,3.516,3.516,7.110,0.001,0.001,0.760,0.760,4.283,1.17,14.00,12.0000,0.4283,1.928
3547,35.000,0.006,0.006,4.940,4.940,7.085,0.002,0.002,1.065,1.065,6.013,1.17,14.20,12.2044,0.6013,2.706
3548,50.000,0.006,0.006,7.129,7.129,7.014,0.006,0.006,1.523,1.523,8.665,1.17,14.80,12.8038,0.8665,3.899
3549,45.000,0.006,0.006,6.523,6.523,6.899,0.005,0.005,1.374,1.374,7.907,1.18,15.76,13.7574,0.7907,3.558
3550,30.000,0.006,0.006,4.444,4.444,6.750,0.001,0.001,0.919,0.919,5.370,1.18,17.00,15.0000,0.5370,2.417
3551,20.000,0.006,0.006,3.041,3.041,6.576,0.001,0.001,0.614,0.614,3.662,1.18,18.45,16.4471,0.3662,1.648
3552,25.000,0.006,0.006,3.912,3.912,6.390,0.001,0.001,0.771,0.771,4.690,1.19,20.00,18.0000,0.4690,2.111
3553,35.000,0.006,0.006,5.642,5.642,6.204,0.002,0.002,1.084,1.084,6.734,1.19,21.55,19.5529,0.6734,3.030
3554,50.000,0.006,0.006,8.292,8.292,6.030,0.006,0.006,1.554,1.554,9.859,1.20,23.00,21.0000,0.9859,4.436
3555,45.000,0.006,0.006,7.652,7.652,5.881,0.005,0.005,1.404,1.404,9.067,1.20,24.24,22.2426,0.9067,4.080
3556,30.000,0.006,0.006,5.202,5.202,5.766,0.001,0.001,0.939,0.939,6.149,1.20,25.20,23.1962,0.6149,2.767
3557,20.000,0.006,0.006,3.512,3.512,5.695,0.001,0.001,0.627,0.627,4.146,1.21,25.80,23.7956,0.4146,1.866
3558,25.000,0.006,0.006,4.409,4.409,5.670,0.001,0.001,0.784,0.784,5.200,1.21,26.00,24.0000,0.5200,2.340
3559,35.000,0.006,0.006,6.146,6.146,5.695,0.002,0.002,1.097,1.097,7.252,1.21,25.80,23.7956,0.7252,3.263
3560,50.000,0.006,0.006,8.671,8.671,5.766,0.006,0.006,1.565,1.565,10.248,1.20,25.20,23.1962,1.0248,4.611
3561,45.000,0.006,0.006,7.652,7.652,5.881,0.005,0.005,1.404,1.404,9.067,1.20,24.24,22.2426,0.9067,4.080
3562,30.000,0.006,0.006,4.975,4.975,6.030,0.001,0.001,0.933,0.933,5.915,1.20,23.00,21.0000,0.5915,2.662
3563,20.000,0.006,0.006,3.224,3.224,6.204,0.001,0.001,0.619,0.619,3.850,1.19,21.55,19.5529,0.3850,1.732
3564,25.000,0.006,0.006,3.912,3.912,6.390,0.001,0.001,0.771,0.771,4.690,1.19,20.00,18.0000,0.4690,2.111
3565,35.000,0.006,0.006,5.322,5.322,6.576,0.002,0.002,1.075,1.075,6.406,1.18,18.45,16.4471,0.6406,2.882
3566,50.000,0.006,0.006,7.407,7.407,6.750,0.006,0.006,1.531,1.531,8.951,1.18,17.00,15.0000,0.8951,4.028
3567,45.000,0.006,0.006,6.523,6.523,6.899,0.005,0.005,1.374,1.374,7.907,1.18,15.76,13.7574,0.7907,3.558
3568,30.000,0.006,0.006,4.277,4.277,7.014,0.001,0.001,0.914,0.914,5.199,1.17,14.80,12.8038,0.5199,2.339
3569,20.000,0.006,0.006,2.823,2.823,7.085,0.001,0.001,0.609,0.609,3.438,1.17,14.20,12.2044,0.3438,1.547
3570,25.000,0.006,0.006,3.516,3.516,7.110,0.001,0.001,0.760,0.760,4.283,1.17,14.00,12.0000,0.4283,1.928
3571,35.000,0.006,0.006,4.940,4.940,7.085,0.002,0.002,1.065,1.065,6.013,1.17,14.20,12.2044,0.6013,2.706
3572,50.000,0.006,0.006,7.129,7.129,7.014,0.006,0.006,1.523,1.523,8.665,1.17,14.80,12.8038,0.8665,3.899
3573,45.000,0.006,0.006,6.523,6.523,6.899,0.005,0.005,1.374,1.374,7.907,1.18,15.76,13.7574,0.7907,3.558
3574,30.000,0.006,0.006,4.444,4.444,6.750,0.001,0.001,0.919,0.919,5.370,1.18,17.00,15.0000,0.5370,2.417
3575,20.000,0.006,0.006,3.041,3.041,6.576,0.001,0.001,0.614,0.614,3.662,1.18,18.45,16.4471,0.3662,1.648
3576,25.000,0.006,0.006,3.912,3.912,6.390,0.001,0.001,0.771,0.771,4.690,1.19,20.00,18.0000,0.4690,2.111
3577,35.000,0.006,0.006,5.642,5.642,6.204,0.002,0.002,1.084,1.084,6.734,1.19,21.55,19.5529,0.6734,3.030
3578,50.000,0.006,0.006,8.292,8.292,6.030,0.006,0.006,1.554,1.554,9.859,1.20,23.00,21.0000,0.9859,4.436
3579,45.000,0.006,0.006,7.652,7.652,5.881,0.005,0.005,1.404,1.404,9.067,1.20,24.24,22.2426,0.9067,4.080
3580,30.000,0.006,0.006,5.202,5.202,5.766,0.001,0.001,0.939,0.939,6.149,1.20,25.20,23.1962,0.6149,2.767
3581,20.000,0.006,0.006,3.512,3.512,5.695,0.001,0.001,0.627,0.627,4.146,1.21,25.80,23.7956,0.4146,1.866
3582,25.000,0.006,0.006,4.409,4.409,5.670,0.001,0.001,0.784,0.784,5.200,1.21,26.00,24.0000,0.5200,2.340
3583,35.000,0.006,0.006,6.146,6.146,5.695,0.002,0.002,1.097,1.097,7.252,1.21,25.80,23.7956,0.7252,3.263
3584,50.000,0.006,0.006,8.671,8.671,5.766,0.006,0.006,1.565,1.565,10.248,1.20,25.20,23.1962,1.0248,4.611
3585,45.000,0.006,0.006,7.652,7.652,5.881,0.005,0.005,1.404,1.404,9.067,1.20,24.24,22.2426,0.9067,4.080
3586,30.000,0.006,0.006,4.975,4.975,6.030,0.001,0.001,0.933,0.933,5.915,1.20,23.00,21.0000,0.5915,2.662
3587,20.000,0.006,0.006,3.224,3.224,6.204,0.001,0.001,0.619,0.619,3.850,1.19,21.55,19.5529,0.3850,1.732
3588,25.000,0.006,0.006,3.912,3.912,6.390,0.001,0.001,0.771,0.771,4.690,1.19,20.00,18.0000,0.4690,2.111
3589,35.000,0.006,0.006,5.322,5.322,6.576,0.002,0.002,1.075,1.075,6.406,1.18,18.45,16.4471,0.6406,2.882
3590,50.000,0.006,0.006,7.407,7.407,6.750,0.006,0.006,1.531,1.531,8.951,1.18,17.00,15.0000,0.8951,4.028
3591,45.000,0.006,0.006,6.523,6.523,6.899,0.005,0.005,1.374,1.374,7.907,1.18,15.76,13.7574,0.7907,3.558
3592,30.000,0.006,0.006,4.277,4.277,7.014,0.001,0.001,0.914,0.914,5.199,1.17,14.80,12.8038,0.5199,2.339
3593,20.000,0.006,0.006,2.823,2.823,7.085,0.001,0.001,0.609,0.609,3.438,1.17,14.20,12.2044,0.3438,1.547
3594,25.000,0.006,0.006,3.516,3.516,7.110,0.001,0.001,0.760,0.760,4.283,1.17,14.00,12.0000,0.4283,1.928
3595,35.000,0.006,0.006,4.940,4.940,7.085,0.002,0.002,1.065,1.065,6.013,1.17,14.20,12.2044,0.6013,2.706
3596,50.000,0.006,0.006,7.129,7.129,7.014,0.006,0.006,1.523,1.523,8.665,1.17,14.80,12.8038,0.8665,3.899
3597,45.000,0.006,0.006,6.523,6.523,6.899,0.005,0.005,1.374,1.374,7.907,1.18,15.76,13.7574,0.7907,3.558
3598,30.000,0.006,0.006,4.444,4.444,6.750,0.001,0.001,0.919,0.919,5.370,1.18,17.00,15.0000,0.5370,2.417
3599,20.000,0.006,0.006,3.041,3.041,6.576,0.001,0.001,0.614,0.614,3.662,1.18,18.45,16.4471,0.3662,1.648
3600,25.000,0.006,0.006,3.912,3.912,6.390,0.001,0.001,0.771,0.771,4.690,1.19,20.00,18.0000,0.4690,2.111
3601,35.000,0.006,0.006,5.642,5.642,6.204,0.002,0.002,1.084,1.084,6.734,1.19,21.55,19.5529,0.6734,3.030
3602,50.000,0.006,0.006,8.292,8.292,6.030,0.006,0.006,1.554,1.554,9.859,1.20,23.00,21.0000,0.9859,4.436
3603,45.000,0.006,0.006,7.652,7.652,5.881,0.005,0.005,1.404,1.404,9.067,1.20,24.24,22.2426,0.9067,4.080
3604,30.000,0.006,0.006,5.202,5.202,5.766,0.001,0.001,0.939,0.939,6.149,1.20,25.20,23.1962,0.6149,2.767
3605,20.000,0.006,0.006,3.512,3.512,5.695,0.001,0.001,0.627,0.627,4.146,1.21,25.80,23.7956,0.4146,1.866
3606,25.000,0.006,0.006,4.409,4.409,5.670,0.001,0.001,0.784,0.784,5.200,1.21,26.00,24.0000,0.5200,2.340
3607,35.000,0.006,0.006,6.146,6.146,5.695,0.002,0.002,1.097,1.097,7.252,1.21,25.80,23.7956,0.7252,3.263
3608,50.000,0.006,0.006,8.671,8.671,5.766,0.006,0.006,1.565,1.565,10.248,1.20,25.20,23.1962,1.0248,4.611
3609,45.000,0.006,0.006,7.652,7.652,5.881,0.005,0.005,1.404,1.404,9.067,1.20,24.24,22.2426,0.9067,4.080
3610,30.000,0.006,0.006,4.975,4.975,6.030,0.001,0.001,0.933,0.933,5.915,1.20,23.00,21.0000,0.5915,2.662
3611,20.000,0.006,0.006,3.224,3.224,6.204,0.001,0.001,0.619,0.619,3.850,1.19,21.55,19.5529,0.3850,1.732
3612,25.000,0.006,0.006,3.912,3.912,6.390,0.001,0.001,0.771,0.771,4.690,1.19,20.00,18.0000,0.4690,2.111
3613,35.000,0.006,0.006,5.322,5.322,6.576,0.002,0.002,1.075,1.075,6.406,1.18,18.45,16.4471,0.6406,2.882
3614,50.000,0.006,0.006,7.407,7.407,6.750,0.006,0.006,1.531,1.531,8.951,1.18,17.00,15.0000,0.8951,4.028
3615,45.000,0.006,0.006,6.523,6.523,6.899,0.005,0.005,1.374,1.374,7.907,1.18,15.76,13.7574,0.7907,3.558
3616,30.000,0.006,0.006,4.277,4.277,7.014,0.001,0.001,0.914,0.914,5.199,1.17,14.80,12.8038,0.5199,2.339
3617,20.000,0.006,0.006,2.823,2.823,7.085,0.001,0.001,0.609,0.609,3.438,1.17,14.20,12.2044,0.3438,1.547
3618,25.000,0.006,0.006,3.516,3.516,7.110,0.001,0.001,0.760,0.760,4.283,1.17,14.00,12.0000,0.4283,1.928
3619,35.000,0.006,0.006,4.940,4.940,7.085,0.002,0.002,1.065,1.065,6.013,1.17,14.20,12.2044,0.6013,2.706
3620,50.000,0.006,0.006,7.129,7.129,7.014,0.006,0.006,1.523,1.523,8.665,1.17,14.80,12.8038,0.8665,3.899
3621,45.000,0.006,0.006,6.523,6.523,6.899,0.005,0.005,1.374,1.374,7.907,1.18,15.76,13.7574,0.7907,3.558
3622,30.000,0.006,0.006,4.444,4.444,6.750,0.001,0.001,0.919,0.919,5.370,1.18,17.00,15.0000,0.5370,2.417
3623,20.000,0.006,0.006,3.041,3.041,6.576,0.001,0.001,0.614,0.614,3.662,1.18,18.45,16.4471,0.3662,1.648
3624,25.000,0.006,0.006,3.912,3.912,6.390,0.001,0.001,0.771,0.771,4.690,1.19,20.00,18.0000,0.4690,2.111
3625,35.000,0.006,0.006,5.642,5.642,6.204,0.002,0.002,1.084,1.084,6.734,1.19,21.55,19.5529,0.6734,3.030
3626,50.000,0.006,0.006,8.292,8.292,6.030,0.006,0.006,1.554,1.554,9.859,1.20,23.00,21.0000,0.9859,4.436
3627,45.000,0.006,0.006,7.652,7.652,5.881,0.005,0.005,1.404,1.404,9.067,1.20,24.24,22.2426,0.9067,4.080
3628,30.000,0.006,0.006,5.202,5.202,5.766,0.001,0.001,0.939,0.939,6.149,1.20,25.20,23.1962,0.6149,2.767
3629,20.000,0.006,0.006,3.512,3.512,5.695,0.001,0.001,0.627,0.627,4.146,1.21,25.80,23.7956,0.4146,1.866
3630,25.000,0.006,0.006,4.409,4.409,5.670,0.001,0.001,0.784,0.784,5.200,1.21,26.00,24.0000,0.5200,2.340
3631,35.000,0.006,0.006,6.146,6.146,5.695,0.002,0.002,1.097,1.097,7.252,1.21,25.80,23.7956,0.7252,3.263
3632,50.000,0.006,0.006,8.671,8.671,5.766,0.006,0.006,1.565,1.565,10.248,1.20,25.20,23.1962,1.0248,4.611
3633,45.000,0.006,0.006,7.652,7.652,5.881,0.005,0.005,1.404,1.404,9.067,1.20,24.24,22.2426,0.9067,4.080
3634,30.000,0.006,0.006,4.975,4.975,6.030,0.001,0.001,0.933,0.933,5.915,1.20,23.00,21.0000,0.5915,2.662
3635,20.000,0.006,0.006,3.224,3.224,6.204,0.001,0.001,0.619,0.619,3.850,1.19,21.55,19.5529,0.3850,1.732
3636,25.000,0.006,0.006,3.912,3.912,6.390,0.001,0.001,0.771,0.771,4.690,1.19,20.00,18.0000,0.4690,2.111
3637,35.000,0.006,0.006,5.322,5.322,6.576,0.002,0.002,1.075,1.075,6.406,1.18,18.45,16.4471,0.6406,2.882
3638,50.000,0.006,0.006,7.407,7.407,6.750,0.006,0.006,1.531,1.531,8.951,1.18,17.00,15.0000,0.8951,4.028
3639,45.000,0.006,0.006,6.523,6.523,6.899,0.005,0.005,1.374,1.374,7.907,1.18,15.76,13.7574,0.7907,3.558
3640,30.000,0.006,0.006,4.277,4.277,7.014,0.001,0.001,0.914,0.914,5.199,1.17,14.80,12.8038,0.5199,2.339
3641,20.000,0.006,0.006,2.823,2.823,7.085,0.001,0.001,0.609,0.609,3.438,1.17,14.20,12.2044,0.3438,1.547
3642,25.000,0.006,0.006,3.516,3.516,7.110,0.001,0.001,0.760,0.760,4.283,1.17,14.00,12.0000,0.4283,1.928
3643,35.000,0.006,0.006,4.940,4.940,7.085,0.002,0.002,1.065,1.065,6.013,1.17,14.20,12.2044,0.6013,2.706
3644,50.000,0.006,0.006,7.129,7.129,7.014,0.006,0.006,1.523,1.523,8.665,1.17,14.80,12.8038,0.8665,3.899
3645,45.000,0.006,0.006,6.523,6.523,6.899,0.005,0.005,1.374,1.374,7.907,1.18,15.76,13.7574,0.7907,3.558
3646,30.000,0.006,0.006,4.444,4.444,6.750,0.001,0.001,0.919,0.919,5.370,1.18,17.00,15.0000,0.5370,2.417
3647,20.000,0.006,0.006,3.041,3.041,6.576,0.001,0.001,0.614,0.614,3.662,1.18,18.45,16.4471,0.3662,1.648
3648,25.000,0.006,0.006,3.912,3.912,6.390,0.001,0.001,0.771,0.771,4.690,1.19,20.00,18.0000,0.4690,2.111
3649,35.000,0.006,0.006,5.642,5.642,6.204,0.002,0.002,1.084,1.084,6.734,1.19,21.55,19.5529,0.6734,3.030
3650,50.000,0.006,0.006,8.292,8.292,6.030,0.006,0.006,1.554,1.554,9.859,1.20,23.00,21.0000,0.9859,4.436
3651,45.000,0.006,0.006,7.652,7.652,5.881,0.005,0.005,1.404,1.404,9.067,1.20,24.24,22.2426,0.9067,4.080
3652,30.000,0.006,0.006,5.202,5.202,5.766,0.001,0.001,0.939,0.939,6.149,1.20,25.20,23.1962,0.6149,2.767
3653,20.000,0.006,0.006,3.512,3.512,5.695,0.001,0.001,0.627,0.627,4.146,1.21,25.80,23.7956,0.4146,1.866
3654,25.000,0.006,0.006,4.409,4.409,5.670,0.001,0.001,0.784,0.784,5.200,1.21,26.00,24.0000,0.5200,2.340
3655,35.000,0.006,0.006,6.146,6.146,5.695,0.002,0.002,1.097,1.097,7.252,1.21,25.80,23.7956,0.7252,3.263
3656,50.000,0.006,0.006,8.671,8.671,5.766,0.006,0.006,1.565,1.565,10.248,1.20,25.20,23.1962,1.0248,4.611
3657,45.000,0.006,0.006,7.652,7.652,5.881,0.005,0.005,1.404,1.404,9.067,1.20,24.24,22.2426,0.9067,4.080
3658,30.000,0.006,0.006,4.975,4.975,6.030,0.001,0.001,0.933,0.933,5.915,1.20,23.00,21.0000,0.5915,2.662
3659,20.000,0.006,0.006,3.224,3.224,6.204,0.001,0.001,0.619,0.619,3.850,1.19,21.55,19.5529,0.3850,1.732
3660,25.000,0.006,0.006,3.912,3.912,6.390,0.001,0.001,0.771,0.771,4.690,1.19,20.00,18.0000,0.4690,2.111
3661,35.000,0.006,0.006,5.322,5.322,6.576,0.002,0.002,1.075,1.075,6.406,1.18,18.45,16.4471,0.6406,2.882
3662,50.000,0.006,0.006,7.407,7.407,6.750,0.006,0.006,1.531,1.531,8.951,1.18,17.00,15.0000,0.8951,4.028
3663,45.000,0.006,0.006,6.523,6.523,6.899,0.005,0.005,1.374,1.374,7.907,1.18,15.76,13.7574,0.7907,3.558
3664,30.000,0.006,0.006,4.277,4.277,7.014,0.001,0.001,0.914,0.914,5.199,1.17,14.80,12.8038,0.5199,2.339
3665,20.000,0.006,0.006,2.823,2.823,7.085,0.001,0.001,0.609,0.609,3.438,1.17,14.20,12.2044,0.3438,1.547
3666,25.000,0.006,0.006,3.516,3.516,7.110,0.001,0.001,0.760,0.760,4.283,1.17,14.00,12.0000,0.4283,1.928
3667,35.000,0.006,0.006,4.940,4.940,7.085,0.002,0.002,1.065,1.065,6.013,1.17,14.20,12.2044,0.6013,2.706
3668,50.000,0.006,0.006,7.129,7.129,7.014,0.006,0.006,1.523,1.523,8.665,1.17,14.80,12.8038,0.8665,3.899
3669,45.000,0.006,0.006,6.523,6.523,6.899,0.005,0.005,1.374,1.374,7.907,1.18,15.76,13.7574,0.7907,3.558
3670,30.000,0.006,0.006,4.444,4.444,6.750,0.001,0.001,0.919,0.919,5.370,1.18,17.00,15.0000,0.5370,2.417
3671,20.000,0.006,0.006,3.041,3.041,6.576,0.001,0.001,0.614,0.614,3.662,1.18,18.45,16.4471,0.3662,1.648
3672,25.000,0.006,0.006,3.912,3.912,6.390,0.001,0.001,0.771,0.771,4.690,1.19,20.00,18.0000,0.4690,2.111
3673,35.000,0.006,0.006,5.642,5.642,6.204,0.002,0.002,1.084,1.084,6.734,1.19,21.55,19.5529,0.6734,3.030
3674,50.000,0.006,0.006,8.292,8.292,6.030,0.006,0.006,1.554,1.554,9.859,1.20,23.00,21.0000,0.9859,4.436
3675,45.000,0.006,0.006,7.652,7.652,5.881,0.005,0.005,1.404,1.404,9.067,1.20,24.24,22.2426,0.9067,4.080
3676,30.000,0.006,0.006,5.202,5.202,5.766,0.001,0.001,0.939,0.939,6.149,1.20,25.20,23.1962,0.6149,2.767
3677,20.000,0.006,0.006,3.512,3.512,5.695,0.001,0.001,0.627,0.627,4.146,1.21,25.80,23.7956,0.4146,1.866
3678,25.000,0.006,0.006,4.409,4.409,5.670,0.001,0.001,0.784,0.784,5.200,1.21,26.00,24.0000,0.5200,2.340
3679,35.000,0.006,0.006,6.146,6.146,5.695,0.002,0.002,1.097,1.097,7.252,1.21,25.80,23.7956,0.7252,3.263
3680,50.000,0.006,0.006,8.671,8.671,5.766,0.006,0.006,1.565,1.565,10.248,1.20,25.20,23.1962,1.0248,4.611
3681,45.000,0.006,0.006,7.652,7.652,5.881,0.005,0.005,1.404,1.404,9.067,1.20,24.24,22.2426,0.9067,4.080
3682,30.000,0.006,0.006,4.975,4.975,6.030,0.001,0.001,0.933,0.933,5.915,1.20,23.00,21.0000,0.5915,2.662
3683,20.000,0.006,0.006,3.224,3.224,6.204,0.001,0.001,0.619,0.619,3.850,1.19,21.55,19.5529,0.3850,1.732
3684,25.000,0.006,0.006,3.912,3.912,6.390,0.001,0.001,0.771,0.771,4.690,1.19,20.00,18.0000,0.4690,2.111
3685,35.000,0.006,0.006,5.322,5.322,6.576,0.002,0.002,1.075,1.075,6.406,1.18,18.45,16.4471,0.6406,2.882
3686,50.000,0.006,0.006,7.407,7.407,6.750,0.006,0.006,1.531,1.531,8.951,1.18,17.00,15.0000,0.8951,4.028
3687,45.000,0.006,0.006,6.523,6.523,6.899,0.005,0.005,1.374,1.374,7.907,1.18,15.76,13.7574,0.7907,3.558
3688,30.000,0.006,0.006,4.277,4.277,7.014,0.001,0.001,0.914,0.914,5.199,1.17,14.80,12.8038,0.5199,2.339
3689,20.000,0.006,0.006,2.823,2.823,7.085,0.001,0.001,0.609,0.609,3.438,1.17,14.20,12.2044,0.3438,1.547
3690,25.000,0.006,0.006,3.516,3.516,7.110,0.001,0.001,0.760,0.760,4.283,1.17,14.00,12.0000,0.4283,1.928
3691,35.000,0.006,0.006,4.940,4.940,7.085,0.002,0.002,1.065,1.065,6.013,1.17,14.20,12.2044,0.6013,2.706
3692,50.000,0.006,0.006,7.129,7.129,7.014,0.006,0.006,1.523,1.523,8.665,1.17,14.80,12.8038,0.8665,3.899
3693,45.000,0.006,0.006,6.523,6.523,6.899,0.005,0.005,1.374,1.374,7.907,1.18,15.76,13.7574,0.7907,3.558
3694,30.000,0.006,0.006,4.444,4.444,6.750,0.001,0.001,0.919,0.919,5.370,1.18,17.00,15.0000,0.5370,2.417
3695,20.000,0.006,0.006,3.041,3.041,6.576,0.001,0.001,0.614,0.614,3.662,1.18,18.45,16.4471,0.3662,1.648
3696,25.000,0.006,0.006,3.912,3.912,6.390,0.001,0.001,0.771,0.771,4.690,1.19,20.00,18.0000,0.4690,2.111
3697,35.000,0.006,0.006,5.642,5.642,6.204,0.002,0.002,1.084,1.084,6.734,1.19,21.55,19.5529,0.6734,3.030
3698,50.000,0.006,0.006,8.292,8.292,6.030,0.006,0.006,1.554,1.554,9.859,1.20,23.00,21.0000,0.9859,4.436
3699,45.000,0.006,0.006,7.652,7.652,5.881,0.005,0.005,1.404,1.404,9.067,1.20,24.24,22.2426,0.9067,4.080
3700,30.000,0.006,0.006,5.202,5.202,5.766,0.001,0.001,0.939,0.939,6.149,1.20,25.20,23.1962,0.6149,2.767
3701,20.000,0.006,0.006,3.512,3.512,5.695,0.001,0.001,0.627,0.627,4.146,1.21,25.80,23.7956,0.4146,1.866
3702,25.000,0.006,0.006,4.409,4.409,5.670,0.001,0.001,0.784,0.784,5.200,1.21,26.00,24.0000,0.5200,2.340
3703,35.000,0.006,0.006,6.146,6.146,5.695,0.002,0.002,1.097,1.097,7.252,1.21,25.80,23.7956,0.7252,3.263
3704,50.000,0.006,0.006,8.671,8.671,5.766,0.006,0.006,1.565,1.565,10.248,1.20,25.20,23.1962,1.0248,4.611
3705,45.000,0.006,0.006,7.652,7.652,5.881,0.005,0.005,1.404,1.404,9.067,1.20,24.24,22.2426,0.9067,4.080
3706,30.000,0.006,0.006,4.975,4.975,6.030,0.001,0.001,0.933,0.933,5.915,1.20,23.00,21.0000,0.5915,2.662
3707,20.000,0.006,0.006,3.224,3.224,6.204,0.001,0.001,0.619,0.619,3.850,1.19,21.55,19.5529,0.3850,1.732
3708,25.000,0.006,0.006,3.912,3.912,6.390,0.001,0.001,0.771,0.771,4.690,1.19,20.00,18.0000,0.4690,2.111
3709,35.000,0.006,0.006,5.322,5.322,6.576,0.002,0.002,1.075,1.075,6.406,1.18,18.45,16.4471,0.6406,2.882
3710,50.000,0.006,0.006,7.407,7.407,6.750,0.006,0.006,1.531,1.531,8.951,1.18,17.00,15.0000,0.8951,4.028
3711,45.000,0.006,0.006,6.523,6.523,6.899,0.005,0.005,1.374,1.374,7.907,1.18,15.76,13.7574,0.7907,3.558
3712,30.000,0.006,0.006,4.277,4.277,7.014,0.001,0.001,0.914,0.914,5.199,1.17,14.80,12.8038,0.5199,2.339
3713,20.000,0.006,0.006,2.823,2.823,7.085,0.001,0.001,0.609,0.609,3.438,1.17,14.20,12.2044,0.3438,1.547
3714,25.000,0.006,0.006,3.516,3.516,7.110,0.001,0.001,0.760,0.760,4.283,1.17,14.00,12.0000,0.4283,1.928
3715,35.000,0.006,0.006,4.940,4.940,7.085,0.002,0.002,1.065,1.065,6.013,1.17,14.20,12.2044,0.6013,2.706
3716,50.000,0.006,0.006,7.129,7.129,7.014,0.006,0.006,1.523,1.523,8.665,1.17,14.80,12.8038,0.8665,3.899
3717,45.000,0.006,0.006,6.523,6.523,6.899,0.005,0.005,1.374,1.374,7.907,1.18,15.76,13.7574,0.7907,3.558
3718,30.000,0.006,0.006,4.444,4.444,6.750,0.001,0.001,0.919,0.919,5.370,1.18,17.00,15.0000,0.5370,2.417
3719,20.000,0.006,0.006,3.041,3.041,6.576,0.001,0.001,0.614,0.614,3.662,1.18,18.45,16.4471,0.3662,1.648
3720,25.000,0.006,0.006,3.912,3.912,6.390,0.001,0.001,0.771,0.771,4.690,1.19,20.00,18.0000,0.4690,2.111
3721,35.000,0.006,0.006,5.642,5.642,6.204,0.002,0.002,1.084,1.084,6.734,1.19,21.55,19.5529,0.6734,3.030
3722,50.000,0.006,0.006,8.292,8.292,6.030,0.006,0.006,1.554,1.554,9.859,1.20,23.00,21.0000,0.9859,4.436
3723,45.000,0.006,0.006,7.652,7.652,5.881,0.005,0.005,1.404,1.404,9.067,1.20,24.24,22.2426,0.9067,4.080
3724,30.000,0.006,0.006,5.202,5.202,5.766,0.001,0.001,0.939,0.939,6.149,1.20,25.20,23.1962,0.6149,2.767
3725,20.000,0.006,0.006,3.512,3.512,5.695,0.001,0.001,0.627,0.627,4.146,1.21,25.80,23.7956,0.4146,1.866
3726,25.000,0.006,0.006,4.409,4.409,5.670,0.001,0.001,0.784,0.784,5.200,1.21,26.00,24.0000,0.5200,2.340
3727,35.000,0.006,0.006,6.146,6.146,5.695,0.002,0.002,1.097,1.097,7.252,1.21,25.80,23.7956,0.7252,3.263
3728,50.000,0.006,0.006,8.671,8.671,5.766,0.006,0.006,1.565,1.565,10.248,1.20,25.20,23.1962,1.0248,4.611
3729,45.000,0.006,0.006,7.652,7.652,5.881,0.005,0.005,1.404,1.404,9.067,1.20,24.24,22.2426,0.9067,4.080
3730,30.000,0.006,0.006,4.975,4.975,6.030,0.001,0.001,0.933,0.933,5.915,1.20,23.00,21.0000,0.5915,2.662
3731,20.000,0.006,0.006,3.224,3.224,6.204,0.001,0.001,0.619,0.619,3.850,1.19,21.55,19.5529,0.3850,1.732
3732,25.000,0.006,0.006,3.912,3.912,6.390,0.001,0.001,0.771,0.771,4.690,1.19,20.00,18.0000,0.4690,2.111
3733,35.000,0.006,0.006,5.322,5.322,6.576,0.002,0.002,1.075,1.075,6.406,1.18,18.45,16.4471,0.6406,2.882
3734,50.000,0.006,0.006,7.407,7.407,6.750,0.006,0.006,1.531,1.531,8.951,1.18,17.00,15.0000,0.8951,4.028
3735,45.000,0.006,0.006,6.523,6.523,6.899,0.005,0.005,1.374,1.374,7.907,1.18,15.76,13.7574,0.7907,3.558
3736,30.000,0.006,0.006,4.277,4.277,7.014,0.001,0.001,0.914,0.914,5.199,1.17,14.80,12.8038,0.5199,2.339
3737,20.000,0.006,0.006,2.823,2.823,7.085,0.001,0.001,0.609,0.609,3.438,1.17,14.20,12.2044,0.3438,1.547
3738,25.000,0.006,0.006,3.516,3.516,7.110,0.001,0.001,0.760,0.760,4.283,1.17,14.00,12.0000,0.4283,1.928
3739,35.000,0.006,0.006,4.940,4.940,7.085,0.002,0.002,1.065,1.065,6.013,1.17,14.20,12.2044,0.6013,2.706
3740,50.000,0.006,0.006,7.129,7.129,7.014,0.006,0.006,1.523,1.523,8.665,1.17,14.80,12.8038,0.8665,3.899
3741,45.000,0.006,0.006,6.523,6.523,6.899,0.005,0.005,1.374,1.374,7.907,1.18,15.76,13.7574,0.7907,3.558
3742,30.000,0.006,0.006,4.444,4.444,6.750,0.001,0.001,0.919,0.919,5.370,1.18,17.00,15.0000,0.5370,2.417
3743,20.000,0.006,0.006,3.041,3.041,6.576,0.001,0.001,0.614,0.614,3.662,1.18,18.45,16.4471,0.3662,1.648
3744,25.000,0.006,0.006,3.912,3.912,6.390,0.001,0.001,0.771,0.771,4.690,1.19,20.00,18.0000,0.4690,2.111
3745,35.000,0.006,0.006,5.642,5.642,6.204,0.002,0.002,1.084,1.084,6.734,1.19,21.55,19.5529,0.6734,3.030
3746,50.000,0.006,0.006,8.292,8.292,6.030,0.006,0.006,1.554,1.554,9.859,1.20,23.00,21.0000,0.9859,4.436
3747,45.000,0.006,0.006,7.652,7.652,5.881,0.005,0.005,1.404,1.404,9.067,1.20,24.24,22.2426,0.9067,4.080
3748,30.000,0.006,0.006,5.202,5.202,5.766,0.001,0.001,0.939,0.939,6.149,1.20,25.20,23.1962,0.6149,2.767
3749,20.000,0.006,0.006,3.512,3.512,5.695,0.001,0.001,0.627,0.627,4.146,1.21,25.80,23.7956,0.4146,1.866
3750,25.000,0.006,0.006,4.409,4.409,5.670,0.001,0.001,0.784,0.784,5.200,1.21,26.00,24.0000,0.5200,2.340
3751,35.000,0.006,0.006,6.146,6.146,5.695,0.002,0.002,1.097,1.097,7.252,1.21,25.80,23.7956,0.7252,3.263
3752,50.000,0.006,0.006,8.671,8.671,5.766,0.006,0.006,1.565,1.565,10.248,1.20,25.20,23.1962,1.0248,4.611
3753,45.000,0.006,0.006,7.652,7.652,5.881,0.005,0.005,1.404,1.404,9.067,1.20,24.24,22.2426,0.9067,4.080
3754,30.000,0.006,0.006,4.975,4.975,6.030,0.001,0.001,0.933,0.933,5.915,1.20,23.00,21.0000,0.5915,2.662
3755,20.000,0.006,0.006,3.224,3.224,6.204,0.001,0.001,0.619,0.619,3.850,1.19,21.55,19.5529,0.3850,1.732
3756,25.000,0.006,0.006,3.912,3.912,6.390,0.001,0.001,0.771,0.771,4.690,1.19,20.00,18.0000,0.4690,2.111
3757,35.000,0.006,0.006,5.322,5.322,6.576,0.002,0.002,1.075,1.075,6.406,1.18,18.45,16.4471,0.6406,2.882
3758,50.000,0.006,0.006,7.407,7.407,6.750,0.006,0.006,1.531,1.531,8.951,1.18,17.00,15.0000,0.8951,4.028
3759,45.000,0.006,0.006,6.523,6.523,6.899,0.005,0.005,1.374,1.374,7.907,1.18,15.76,13.7574,0.7907,3.558
3760,30.000,0.006,0.006,4.277,4.277,7.014,0.001,0.001,0.914,0.914,5.199,1.17,14.80,12.8038,0.5199,2.339
3761,20.000,0.006,0.006,2.823,2.823,7.085,0.001,0.001,0.609,0.609,3.438,1.17,14.20,12.2044,0.3438,1.547
3762,25.000,0.006,0.006,3.516,3.516,7.110,0.001,0.001,0.760,0.760,4.283,1.17,14.00,12.0000,0.4283,1.928
3763,35.000,0.006,0.006,4.940,4.940,7.085,0.002,0.002,1.065,1.065,6.013,1.17,14.20,12.2044,0.6013,2.706
3764,50.000,0.006,0.006,7.129,7.129,7.014,0.006,0.006,1.523,1.523,8.665,1.17,14.80,12.8038,0.8665,3.899
3765,45.000,0.006,0.006,6.523,6.523,6.899,0.005,0.005,1.374,1.374,7.907,1.18,15.76,13.7574,0.7907,3.558
3766,30.000,0.006,0.006,4.444,4.444,6.750,0.001,0.001,0.919,0.919,5.370,1.18,17.00,15.0000,0.5370,2.417
3767,20.000,0.006,0.006,3.041,3.041,6.576,0.001,0.001,0.614,0.614,3.662,1.18,18.45,16.4471,0.3662,1.648
3768,25.000,0.006,0.006,3.912,3.912,6.390,0.001,0.001,0.771,0.771,4.690,1.19,20.00,18.0000,0.4690,2.111
3769,35.000,0.006,0.006,5.642,5.642,6.204,0.002,0.002,1.084,1.084,6.734,1.19,21.55,19.5529,0.6734,3.030
3770,50.000,0.006,0.006,8.292,8.292,6.030,0.006,0.006,1.554,1.554,9.859,1.20,23.00,21.0000,0.9859,4.436
3771,45.000,0.006,0.006,7.652,7.652,5.881,0.005,0.005,1.404,1.404,9.067,1.20,24.24,22.2426,0.9067,4.080
3772,30.000,0.006,0.006,5.202,5.202,5.766,0.001,0.001,0.939,0.939,6.149,1.20,25.20,23.1962,0.6149,2.767
3773,20.000,0.006,0.006,3.512,3.512,5.695,0.001,0.001,0.627,0.627,4.146,1.21,25.80,23.7956,0.4146,1.866
3774,25.000,0.006,0.006,4.409,4.409,5.670,0.001,0.001,0.784,0.784,5.200,1.21,26.00,24.0000,0.5200,2.340
3775,35.000,0.006,0.006,6.146,6.146,5.695,0.002,0.002,1.097,1.097,7.252,1.21,25.80,23.7956,0.7252,3.263
3776,50.000,0.006,0.006,8.671,8.671,5.766,0.006,0.006,1.565,1.565,10.248,1.20,25.20,23.1962,1.0248,4.611
3777,45.000,0.006,0.006,7.652,7.652,5.881,0.005,0.005,1.404,1.404,9.067,1.20,24.24,22.2426,0.9067,4.080
3778,30.000,0.006,0.006,4.975,4.975,6.030,0.001,0.001,0.933,0.933,5.915,1.20,23.00,21.0000,0.5915,2.662
3779,20.000,0.006,0.006,3.224,3.224,6.204,0.001,0.001,0.619,0.619,3.850,1.19,21.55,19.5529,0.3850,1.732
3780,25.000,0.006,0.006,3.912,3.912,6.390,0.001,0.001,0.771,0.771,4.690,1.19,20.00,18.0000,0.4690,2.111
3781,35.000,0.006,0.006,5.322,5.322,6.576,0.002,0.002,1.075,1.075,6.406,1.18,18.45,16.4471,0.6406,2.882
3782,50.000,0.006,0.006,7.407,7.407,6.750,0.006,0.006,1.531,1.531,8.951,1.18,17.00,15.0000,0.8951,4.028
3783,45.000,0.006,0.006,6.523,6.523,6.899,0.005,0.005,1.374,1.374,7.907,1.18,15.76,13.7574,0.7907,3.558
3784,30.000,0.006,0.006,4.277,4.277,7.014,0.001,0.001,0.914,0.914,5.199,1.17,14.80,12.8038,0.5199,2.339
3785,20.000,0.006,0.006,2.823,2.823,7.085,0.001,0.001,0.609,0.609,3.438,1.17,14.20,12.2044,0.3438,1.547
3786,25.000,0.006,0.006,3.516,3.516,7.110,0.001,0.001,0.760,0.760,4.283,1.17,14.00,12.0000,0.4283,1.928
3787,35.000,0.006,0.006,4.940,4.940,7.085,0.002,0.002,1.065,1.065,6.013,1.17,14.20,12.2044,0.6013,2.706
3788,50.000,0.006,0.006,7.129,7.129,7.014,0.006,0.006,1.523,1.523,8.665,1.17,14.80,12.8038,0.8665,3.899
3789,45.000,0.006,0.006,6.523,6.523,6.899,0.005,0.005,1.374,1.374,7.907,1.18,15.76,13.7574,0.7907,3.558
3790,30.000,0.006,0.006,4.444,4.444,6.750,0.001,0.001,0.919,0.919,5.370,1.18,17.00,15.0000,0.5370,2.417
3791,20.000,0.006,0.006,3.041,3.041,6.576,0.001,0.001,0.614,0.614,3.662,1.18,18.45,16.4471,0.3662,1.648
3792,25.000,0.006,0.006,3.912,3.912,6.390,0.001,0.001,0.771,0.771,4.690,1.19,20.00,18.0000,0.4690,2.111
3793,35.000,0.006,0.006,5.642,5.642,6.204,0.002,0.002,1.084,1.084,6.734,1.19,21.55,19.5529,0.6734,3.030
3794,50.000,0.006,0.006,8.292,8.292,6.030,0.006,0.006,1.554,1.554,9.859,1.20,23.00,21.0000,0.9859,4.436
3795,45.000,0.006,0.006,7.652,7.652,5.881,0.005,0.005,1.404,1.404,9.067,1.20,24.24,22.2426,0.9067,4.080
3796,30.000,0.006,0.006,5.202,5.202,5.766,0.001,0.001,0.939,0.939,6.149,1.20,25.20,23.1962,0.6149,2.767
3797,20.000,0.006,0.006,3.512,3.512,5.695,0.001,0.001,0.627,0.627,4.146,1.21,25.80,23.7956,0.4146,1.866
3798,25.000,0.006,0.006,4.409,4.409,5.670,0.001,0.001,0.784,0.784,5.200,1.21,26.00,24.0000,0.5200,2.340
3799,35.000,0.006,0.006,6.146,6.146,5.695,0.002,0.002,1.097,1.097,7.252,1.21,25.80,23.7956,0.7252,3.263
3800,50.000,0.006,0.006,8.671,8.671,5.766,0.006,0.006,1.565,1.565,10.248,1.20,25.20,23.1962,1.0248,4.611
3801,45.000,0.006,0.006,7.652,7.652,5.881,0.005,0.005,1.404,1.404,9.067,1.20,24.24,22.2426,0.9067,4.080
3802,30.000,0.006,0.006,4.975,4.975,6.030,0.001,0.001,0.933,0.933,5.915,1.20,23.00,21.0000,0.5915,2.662
3803,20.000,0.006,0.006,3.224,3.224,6.204,0.001,0.001,0.619,0.619,3.850,1.19,21.55,19.5529,0.3850,1.732
3804,25.000,0.006,0.006,3.912,3.912,6.390,0.001,0.001,0.771,0.771,4.690,1.19,20.00,18.0000,0.4690,2.111
3805,35.000,0.006,0.006,5.322,5.322,6.576,0.002,0.002,1.075,1.075,6.406,1.18,18.45,16.4471,0.6406,2.882
3806,50.000,0.006,0.006,7.407,7.407,6.750,0.006,0.006,1.531,1.531,8.951,1.18,17.00,15.0000,0.8951,4.028
3807,45.000,0.006,0.006,6.523,6.523,6.899,0.005,0.005,1.374,1.374,7.907,1.18,15.76,13.7574,0.7907,3.558
3808,30.000,0.006,0.006,4.277,4.277,7.014,0.001,0.001,0.914,0.914,5.199,1.17,14.80,12.8038,0.5199,2.339
3809,20.000,0.006,0.006,2.823,2.823,7.085,0.001,0.001,0.609,0.609,3.438,1.17,14.20,12.2044,0.3438,1.547
3810,25.000,0.006,0.006,3.516,3.516,7.110,0.001,0.001,0.760,0.760,4.283,1.17,14.00,12.0000,0.4283,1.928
3811,35.000,0.006,0.006,4.940,4.940,7.085,0.002,0.002,1.065,1.065,6.013,1.17,14.20,12.2044,0.6013,2.706
3812,50.000,0.006,0.006,7.129,7.129,7.014,0.006,0.006,1.523,1.523,8.665,1.17,14.80,12.8038,0.8665,3.899
3813,45.000,0.006,0.006,6.523,6.523,6.899,0.005,0.005,1.374,1.374,7.907,1.18,15.76,13.7574,0.7907,3.558
3814,30.000,0.006,0.006,4.444,4.444,6.750,0.001,0.001,0.919,0.919,5.370,1.18,17.00,15.0000,0.5370,2.417
3815,20.000,0.006,0.006,3.041,3.041,6.576,0.001,0.001,0.614,0.614,3.662,1.18,18.45,16.4471,0.3662,1.648
3816,25.000,0.006,0.006,3.912,3.912,6.390,0.001,0.001,0.771,0.771,4.690,1.19,20.00,18.0000,0.4690,2.111
3817,35.000,0.006,0.006,5.642,5.642,6.204,0.002,0.002,1.084,1.084,6.734,1.19,21.55,19.5529,0.6734,3.030
3818,50.000,0.006,0.006,8.292,8.292,6.030,0.006,0.006,1.554,1.554,9.859,1.20,23.00,21.0000,0.9859,4.436
3819,45.000,0.006,0.006,7.652,7.652,5.881,0.005,0.005,1.404,1.404,9.067,1.20,24.24,22.2426,0.9067,4.080
3820,30.000,0.006,0.006,5.202,5.202,5.766,0.001,0.001,0.939,0.939,6.149,1.20,25.20,23.1962,0.6149,2.767
3821,20.000,0.006,0.006,3.512,3.512,5.695,0.001,0.001,0.627,0.627,4.146,1.21,25.80,23.7956,0.4146,1.866
3822,25.000,0.006,0.006,4.409,4.409,5.670,0.001,0.001,0.784,0.784,5.200,1.21,26.00,24.0000,0.5200,2.340
3823,35.000,0.006,0.006,6.146,6.146,5.695,0.002,0.002,1.097,1.097,7.252,1.21,25.80,23.7956,0.7252,3.263
3824,50.000,0.006,0.006,8.671,8.671,5.766,0.006,0.006,1.565,1.565,10.248,1.20,25.20,23.1962,1.0248,4.611
3825,45.000,0.006,0.006,7.652,7.652,5.881,0.005,0.005,1.404,1.404,9.067,1.20,24.24,22.2426,0.9067,4.080
3826,30.000,0.006,0.006,4.975,4.975,6.030,0.001,0.001,0.933,0.933,5.915,1.20,23.00,21.0000,0.5915,2.662
3827,20.000,0.006,0.006,3.224,3.224,6.204,0.001,0.001,0.619,0.619,3.850,1.19,21.55,19.5529,0.3850,1.732
3828,25.000,0.006,0.006,3.912,3.912,6.390,0.001,0.001,0.771,0.771,4.690,1.19,20.00,18.0000,0.4690,2.111
3829,35.000,0.006,0.006,5.322,5.322,6.576,0.002,0.002,1.075,1.075,6.406,1.18,18.45,16.4471,0.6406,2.882
3830,50.000,0.006,0.006,7.407,7.407,6.750,0.006,0.006,1.531,1.531,8.951,1.18,17.00,15.0000,0.8951,4.028
3831,45.000,0.006,0.006,6.523,6.523,6.899,0.005,0.005,1.374,1.374,7.907,1.18,15.76,13.7574,0.7907,3.558
3832,30.000,0.006,0.006,4.277,4.277,7.014,0.001,0.001,0.914,0.914,5.199,1.17,14.80,12.8038,0.5199,2.339
3833,20.000,0.006,0.006,2.823,2.823,7.085,0.001,0.001,0.609,0.609,3.438,1.17,14.20,12.2044,0.3438,1.547
3834,25.000,0.006,0.006,3.516,3.516,7.110,0.001,0.001,0.760,0.760,4.283,1.17,14.00,12.0000,0.4283,1.928
3835,35.000,0.006,0.006,4.940,4.940,7.085,0.002,0.002,1.065,1.065,6.013,1.17,14.20,12.2044,0.6013,2.706
3836,50.000,0.006,0.006,7.129,7.129,7.014,0.006,0.006,1.523,1.523,8.665,1.17,14.80,12.8038,0.8665,3.899
3837,45.000,0.006,0.006,6.523,6.523,6.899,0.005,0.005,1.374,1.374,7.907,1.18,15.76,13.7574,0.7907,3.558
3838,30.000,0.006,0.006,4.444,4.444,6.750,0.001,0.001,0.919,0.919,5.370,1.18,17.00,15.0000,0.5370,2.417
3839,20.000,0.006,0.006,3.041,3.041,6.576,0.001,0.001,0.614,0.614,3.662,1.18,18.45,16.4471,0.3662,1.648
3840,25.000,0.006,0.006,3.912,3.912,6.390,0.001,0.001,0.771,0.771,4.690,1.19,20.00,18.0000,0.4690,2.111
3841,35.000,0.006,0.006,5.642,5.642,6.204,0.002,0.002,1.084,1.084,6.734,1.19,21.55,19.5529,0.6734,3.030
3842,50.000,0.006,0.006,8.292,8.292,6.030,0.006,0.006,1.554,1.554,9.859,1.20,23.00,21.0000,0.9859,4.436
3843,45.000,0.006,0.006,7.652,7.652,5.881,0.005,0.005,1.404,1.404,9.067,1.20,24.24,22.2426,0.9067,4.080
3844,30.000,0.006,0.006,5.202,5.202,5.766,0.001,0.001,0.939,0.939,6.149,1.20,25.20,23.1962,0.6149,2.767
3845,20.000,0.006,0.006,3.512,3.512,5.695,0.001,0.001,0.627,0.627,4.146,1.21,25.80,23.7956,0.4146,1.866
3846,25.000,0.006,0.006,4.409,4.409,5.670,0.001,0.001,0.784,0.784,5.200,1.21,26.00,24.0000,0.5200,2.340
3847,35.000,0.006,0.006,6.146,6.146,5.695,0.002,0.002,1.097,1.097,7.252,1.21,25.80,23.7956,0.7252,3.263
3848,50.000,0.006,0.006,8.671,8.671,5.766,0.006,0.006,1.565,1.565,10.248,1.20,25.20,23.1962,1.0248,4.611
3849,45.000,0.006,0.006,7.652,7.652,5.881,0.005,0.005,1.404,1.404,9.067,1.20,24.24,22.2426,0.9067,4.080
3850,30.000,0.006,0.006,4.975,4.975,6.030,0.001,0.001,0.933,0.933,5.915,1.20,23.00,21.0000,0.5915,2.662
3851,20.000,0.006,0.006,3.224,3.224,6.204,0.001,0.001,0.619,0.619,3.850,1.19,21.55,19.5529,0.3850,1.732
3852,25.000,0.006,0.006,3.912,3.912,6.390,0.001,0.001,0.771,0.771,4.690,1.19,20.00,18.0000,0.4690,2.111
3853,35.000,0.006,0.006,5.322,5.322,6.576,0.002,0.002,1.075,1.075,6.406,1.18,18.45,16.4471,0.6406,2.882
3854,50.000,0.006,0.006,7.407,7.407,6.750,0.006,0.006,1.531,1.531,8.951,1.18,17.00,15.0000,0.8951,4.028
3855,45.000,0.006,0.006,6.523,6.523,6.899,0.005,0.005,1.374,1.374,7.907,1.18,15.76,13.7574,0.7907,3.558
3856,30.000,0.006,0.006,4.277,4.277,7.014,0.001,0.001,0.914,0.914,5.199,1.17,14.80,12.8038,0.5199,2.339
3857,20.000,0.006,0.006,2.823,2.823,7.085,0.001,0.001,0.609,0.609,3.438,1.17,14.20,12.2044,0.3438,1.547
3858,25.000,0.006,0.006,3.516,3.516,7.110,0.001,0.001,0.760,0.760,4.283,1.17,14.00,12.0000,0.4283,1.928
3859,35.000,0.006,0.006,4.940,4.940,7.085,0.002,0.002,1.065,1.065,6.013,1.17,14.20,12.2044,0.6013,2.706
3860,50.000,0.006,0.006,7.129,7.129,7.014,0.006,0.006,1.523,1.523,8.665,1.17,14.80,12.8038,0.8665,3.899
3861,45.000,0.006,0.006,6.523,6.523,6.899,0.005,0.005,1.374,1.374,7.907,1.18,15.76,13.7574,0.7907,3.558
3862,30.000,0.006,0.006,4.444,4.444,6.750,0.001,0.001,0.919,0.919,5.370,1.18,17.00,15.0000,0.5370,2.417
3863,20.000,0.006,0.006,3.041,3.041,6.576,0.001,0.001,0.614,0.614,3.662,1.18,18.45,16.4471,0.3662,1.648
3864,25.000,0.006,0.006,3.912,3.912,6.390,0.001,0.001,0.771,0.771,4.690,1.19,20.00,18.0000,0.4690,2.111
3865,35.000,0.006,0.006,5.642,5.642,6.204,0.002,0.002,1.084,1.084,6.734,1.19,21.55,19.5529,0.6734,3.030
3866,50.000,0.006,0.006,8.292,8.292,6.030,0.006,0.006,1.554,1.554,9.859,1.20,23.00,21.0000,0.9859,4.436
3867,45.000,0.006,0.006,7.652,7.652,5.881,0.005,0.005,1.404,1.404,9.067,1.20,24.24,22.2426,0.9067,4.080
3868,30.000,0.006,0.006,5.202,5.202,5.766,0.001,0.001,0.939,0.939,6.149,1.20,25.20,23.1962,0.6149,2.767
3869,20.000,0.006,0.006,3.512,3.512,5.695,0.001,0.001,0.627,0.627,4.146,1.21,25.80,23.7956,0.4146,1.866
3870,25.000,0.006,0.006,4.409,4.409,5.670,0.001,0.001,0.784,0.784,5.200,1.21,26.00,24.0000,0.5200,2.340
3871,35.000,0.006,0.006,6.146,6.146,5.695,0.002,0.002,1.097,1.097,7.252,1.21,25.80,23.7956,0.7252,3.263
3872,50.000,0.006,0.006,8.671,8.671,5.766,0.006,0.006,1.565,1.565,10.248,1.20,25.20,23.1962,1.0248,4.611
3873,45.000,0.006,0.006,7.652,7.652,5.881,0.005,0.005,1.404,1.404,9.067,1.20,24.24,22.2426,0.9067,4.080
3874,30.000,0.006,0.006,4.975,4.975,6.030,0.001,0.001,0.933,0.933,5.915,1.20,23.00,21.0000,0.5915,2.662
3875,20.000,0.006,0.006,3.224,3.224,6.204,0.001,0.001,0.619,0.619,3.850,1.19,21.55,19.5529,0.3850,1.732
3876,25.000,0.006,0.006,3.912,3.912,6.390,0.001,0.001,0.771,0.771,4.690,1.19,20.00,18.0000,0.4690,2.111
3877,35.000,0.006,0.006,5.322,5.322,6.576,0.002,0.002,1.075,1.075,6.406,1.18,18.45,16.4471,0.6406,2.882
3878,50.000,0.006,0.006,7.407,7.407,6.750,0.006,0.006,1.531,1.531,8.951,1.18,17.00,15.0000,0.8951,4.028
3879,45.000,0.006,0.006,6.523,6.523,6.899,0.005,0.005,1.374,1.374,7.907,1.18,15.76,13.7574,0.7907,3.558
3880,30.000,0.006,0.006,4.277,4.277,7.014,0.001,0.001,0.914,0.914,5.199,1.17,14.80,12.8038,0.5199,2.339
3881,20.000,0.006,0.006,2.823,2.823,7.085,0.001,0.001,0.609,0.609,3.438,1.17,14.20,12.2044,0.3438,1.547
3882,25.000,0.006,0.006,3.516,3.516,7.110,0.001,0.001,0.760,0.760,4.283,1.17,14.00,12.0000,0.4283,1.928
3883,35.000,0.006,0.006,4.940,4.940,7.085,0.002,0.002,1.065,1.065,6.013,1.17,14.20,12.2044,0.6013,2.706
3884,50.000,0.006,0.006,7.129,7.129,7.014,0.006,0.006,1.523,1.523,8.665,1.17,14.80,12.8038,0.8665,3.899
3885,45.000,0.006,0.006,6.523,6.523,6.899,0.005,0.005,1.374,1.374,7.907,1.18,15.76,13.7574,0.7907,3.558
3886,30.000,0.006,0.006,4.444,4.444,6.750,0.001,0.001,0.919,0.919,5.370,1.18,17.00,15.0000,0.5370,2.417
3887,20.000,0.006,0.006,3.041,3.041,6.576,0.001,0.001,0.614,0.614,3.662,1.18,18.45,16.4471,0.3662,1.648
3888,25.000,0.006,0.006,3.912,3.912,6.390,0.001,0.001,0.771,0.771,4.690,1.19,20.00,18.0000,0.4690,2.111
3889,35.000,0.006,0.006,5.642,5.642,6.204,0.002,0.002,1.084,1.084,6.734,1.19,21.55,19.5529,0.6734,3.030
3890,50.000,0.006,0.006,8.292,8.292,6.030,0.006,0.006,1.554,1.554,9.859,1.20,23.00,21.0000,0.9859,4.436
3891,45.000,0.006,0.006,7.652,7.652,5.881,0.005,0.005,1.404,1.404,9.067,1.20,24.24,22.2426,0.9067,4.080
3892,30.000,0.006,0.006,5.202,5.202,5.766,0.001,0.001,0.939,0.939,6.149,1.20,25.20,23.1962,0.6149,2.767
3893,20.000,0.006,0.006,3.512,3.512,5.695,0.001,0.001,0.627,0.627,4.146,1.21,25.80,23.7956,0.4146,1.866
3894,25.000,0.006,0.006,4.409,4.409,5.670,0.001,0.001,0.784,0.784,5.200,1.21,26.00,24.0000,0.5200,2.340
3895,35.000,0.006,0.006,6.146,6.146,5.695,0.002,0.002,1.097,1.097,7.252,1.21,25.80,23.7956,0.7252,3.263
3896,50.000,0.006,0.006,8.671,8.671,5.766,0.006,0.006,1.565,1.565,10.248,1.20,25.20,23.1962,1.0248,4.611
3897,45.000,0.006,0.006,7.652,7.652,5.881,0.005,0.005,1.404,1.404,9.067,1.20,24.24,22.2426,0.9067,4.080
3898,30.000,0.006,0.006,4.975,4.975,6.030,0.001,0.001,0.933,0.933,5.915,1.20,23.00,21.0000,0.5915,2.662
3899,20.000,0.006,0.006,3.224,3.224,6.204,0.001,0.001,0.619,0.619,3.850,1.19,21.55,19.5529,0.3850,1.732
3900,25.000,0.006,0.006,3.912,3.912,6.390,0.001,0.001,0.771,0.771,4.690,1.19,20.00,18.0000,0.4690,2.111
3901,35.000,0.006,0.006,5.322,5.322,6.576,0.002,0.002,1.075,1.075,6.406,1.18,18.45,16.4471,0.6406,2.882
3902,50.000,0.006,0.006,7.407,7.407,6.750,0.006,0.006,1.531,1.531,8.951,1.18,17.00,15.0000,0.8951,4.028
3903,45.000,0.006,0.006,6.523,6.523,6.899,0.005,0.005,1.374,1.374,7.907,1.18,15.76,13.7574,0.7907,3.558
3904,30.000,0.006,0.006,4.277,4.277,7.014,0.001,0.001,0.914,0.914,5.199,1.17,14.80,12.8038,0.5199,2.339
3905,20.000,0.006,0.006,2.823,2.823,7.085,0.001,0.001,0.609,0.609,3.438,1.17,14.20,12.2044,0.3438,1.547
3906,25.000,0.006,0.006,3.516,3.516,7.110,0.001,0.001,0.760,0.760,4.283,1.17,14.00,12.0000,0.4283,1.928
3907,35.000,0.006,0.006,4.940,4.940,7.085,0.002,0.002,1.065,1.065,6.013,1.17,14.20,12.2044,0.6013,2.706
3908,50.000,0.006,0.006,7.129,7.129,7.014,0.006,0.006,1.523,1.523,8.665,1.17,14.80,12.8038,0.8665,3.899
3909,45.000,0.006,0.006,6.523,6.523,6.899,0.005,0.005,1.374,1.374,7.907,1.18,15.76,13.7574,0.7907,3.558
3910,30.000,0.006,0.006,4.444,4.444,6.750,0.001,0.001,0.919,0.919,5.370,1.18,17.00,15.0000,0.5370,2.417
3911,20.000,0.006,0.006,3.041,3.041,6.576,0.001,0.001,0.614,0.614,3.662,1.18,18.45,16.4471,0.3662,1.648
3912,25.000,0.006,0.006,3.912,3.912,6.390,0.001,0.001,0.771,0.771,4.690,1.19,20.00,18.0000,0.4690,2.111
3913,35.000,0.006,0.006,5.642,5.642,6.204,0.002,0.002,1.084,1.084,6.734,1.19,21.55,19.5529,0.6734,3.030
3914,50.000,0.006,0.006,8.292,8.292,6.030,0.006,0.006,1.554,1.554,9.859,1.20,23.00,21.0000,0.9859,4.436
3915,45.000,0.006,0.006,7.652,7.652,5.881,0.005,0.005,1.404,1.404,9.067,1.20,24.24,22.2426,0.9067,4.080
3916,30.000,0.006,0.006,5.202,5.202,5.766,0.001,0.001,0.939,0.939,6.149,1.20,25.20,23.1962,0.6149,2.767
3917,20.000,0.006,0.006,3.512,3.512,5.695,0.001,0.001,0.627,0.627,4.146,1.21,25.80,23.7956,0.4146,1.866
3918,25.000,0.006,0.006,4.409,4.409,5.670,0.001,0.001,0.784,0.784,5.200,1.21,26.00,24.0000,0.5200,2.340
3919,35.000,0.006,0.006,6.146,6.146,5.695,0.002,0.002,1.097,1.097,7.252,1.21,25.80,23.7956,0.7252,3.263
3920,50.000,0.006,0.006,8.671,8.671,5.766,0.006,0.006,1.565,1.565,10.248,1.20,25.20,23.1962,1.0248,4.611
3921,45.000,0.006,0.006,7.652,7.652,5.881,0.005,0.005,1.404,1.404,9.067,1.20,24.24,22.2426,0.9067,4.080
3922,30.000,0.006,0.006,4.975,4.975,6.030,0.001,0.001,0.933,0.933,5.915,1.20,23.00,21.0000,0.5915,2.662
3923,20.000,0.006,0.006,3.224,3.224,6.204,0.001,0.001,0.619,0.619,3.850,1.19,21.55,19.5529,0.3850,1.732
3924,25.000,0.006,0.006,3.912,3.912,6.390,0.001,0.001,0.771,0.771,4.690,1.19,20.00,18.0000,0.4690,2.111
3925,35.000,0.006,0.006,5.322,5.322,6.576,0.002,0.002,1.075,1.075,6.406,1.18,18.45,16.4471,0.6406,2.882
3926,50.000,0.006,0.006,7.407,7.407,6.750,0.006,0.006,1.531,1.531,8.951,1.18,17.00,15.0000,0.8951,4.028
3927,45.000,0.006,0.006,6.523,6.523,6.899,0.005,0.005,1.374,1.374,7.907,1.18,15.76,13.7574,0.7907,3.558
3928,30.000,0.006,0.006,4.277,4.277,7.014,0.001,0.001,0.914,0.914,5.199,1.17,14.80,12.8038,0.5199,2.339
3929,20.000,0.006,0.006,2.823,2.823,7.085,0.001,0.001,0.609,0.609,3.438,1.17,14.20,12.2044,0.3438,1.547
3930,25.000,0.006,0.006,3.516,3.516,7.110,0.001,0.001,0.760,0.760,4.283,1.17,14.00,12.0000,0.4283,1.928
3931,35.000,0.006,0.006,4.940,4.940,7.085,0.002,0.002,1.065,1.065,6.013,1.17,14.20,12.2044,0.6013,2.706
3932,50.000,0.006,0.006,7.129,7.129,7.014,0.006,0.006,1.523,1.523,8.665,1.17,14.80,12.8038,0.8665,3.899
3933,45.000,0.006,0.006,6.523,6.523,6.899,0.005,0.005,1.374,1.374,7.907,1.18,15.76,13.7574,0.7907,3.558
3934,30.000,0.006,0.006,4.444,4.444,6.750,0.001,0.001,0.919,0.919,5.370,1.18,17.00,15.0000,0.5370,2.417
3935,20.000,0.006,0.006,3.041,3.041,6.576,0.001,0.001,0.614,0.614,3.662,1.18,18.45,16.4471,0.3662,1.648
3936,25.000,0.006,0.006,3.912,3.912,6.390,0.001,0.001,0.771,0.771,4.690,1.19,20.00,18.0000,0.4690,2.111
3937,35.000,0.006,0.006,5.642,5.642,6.204,0.002,0.002,1.084,1.084,6.734,1.19,21.55,19.5529,0.6734,3.030
3938,50.000,0.006,0.006,8.292,8.292,6.030,0.006,0.006,1.554,1.554,9.859,1.20,23.00,21.0000,0.9859,4.436
3939,45.000,0.006,0.006,7.652,7.652,5.881,0.005,0.005,1.404,1.404,9.067,1.20,24.24,22.2426,0.9067,4.080
3940,30.000,0.006,0.006,5.202,5.202,5.766,0.001,0.001,0.939,0.939,6.149,1.20,25.20,23.1962,0.6149,2.767
3941,20.000,0.006,0.006,3.512,3.512,5.695,0.001,0.001,0.627,0.627,4.146,1.21,25.80,23.7956,0.4146,1.866
3942,25.000,0.006,0.006,4.409,4.409,5.670,0.001,0.001,0.784,0.784,5.200,1.21,26.00,24.0000,0.5200,2.340
3943,35.000,0.006,0.006,6.146,6.146,5.695,0.002,0.002,1.097,1.097,7.252,1.21,25.80,23.7956,0.7252,3.263
3944,50.000,0.006,0.006,8.671,8.671,5.766,0.006,0.006,1.565,1.565,10.248,1.20,25.20,23.1962,1.0248,4.611
3945,45.000,0.006,0.006,7.652,7.652,5.881,0.005,0.005,1.404,1.404,9.067,1.20,24.24,22.2426,0.9067,4.080
3946,30.000,0.006,0.006,4.975,4.975,6.030,0.001,0.001,0.933,0.933,5.915,1.20,23.00,21.0000,0.5915,2.662
3947,20.000,0.006,0.006,3.224,3.224,6.204,0.001,0.001,0.619,0.619,3.850,1.19,21.55,19.5529,0.3850,1.732
3948,25.000,0.006,0.006,3.912,3.912,6.390,0.001,0.001,0.771,0.771,4.690,1.19,20.00,18.0000,0.4690,2.111
3949,35.000,0.006,0.006,5.322,5.322,6.576,0.002,0.002,1.075,1.075,6.406,1.18,18.45,16.4471,0.6406,2.882
3950,50.000,0.006,0.006,7.407,7.407,6.750,0.006,0.006,1.531,1.531,8.951,1.18,17.00,15.0000,0.8951,4.028
3951,45.000,0.006,0.006,6.523,6.523,6.899,0.005,0.005,1.374,1.374,7.907,1.18,15.76,13.7574,0.7907,3.558
3952,30.000,0.006,0.006,4.277,4.277,7.014,0.001,0.001,0.914,0.914,5.199,1.17,14.80,12.8038,0.5199,2.339
3953,20.000,0.006,0.006,2.823,2.823,7.085,0.001,0.001,0.609,0.609,3.438,1.17,14.20,12.2044,0.3438,1.547
3954,25.000,0.006,0.006,3.516,3.516,7.110,0.001,0.001,0.760,0.760,4.283,1.17,14.00,12.0000,0.4283,1.928
3955,35.000,0.006,0.006,4.940,4.940,7.085,0.002,0.002,1.065,1.065,6.013,1.17,14.20,12.2044,0.6013,2.706
3956,50.000,0.006,0.006,7.129,7.129,7.014,0.006,0.006,1.523,1.523,8.665,1.17,14.80,12.8038,0.8665,3.899
3957,45.000,0.006,0.006,6.523,6.523,6.899,0.005,0.005,1.374,1.374,7.907,1.18,15.76,13.7574,0.7907,3.558
3958,30.000,0.006,0.006,4.444,4.444,6.750,0.001,0.001,0.919,0.919,5.370,1.18,17.00,15.0000,0.5370,2.417
3959,20.000,0.006,0.006,3.041,3.041,6.576,0.001,0.001,0.614,0.614,3.662,1.18,18.45,16.4471,0.3662,1.648
3960,25.000,0.006,0.006,3.912,3.912,6.390,0.001,0.001,0.771,0.771,4.690,1.19,20.00,18.0000,0.4690,2.111
3961,35.000,0.006,0.006,5.642,5.642,6.204,0.002,0.002,1.084,1.084,6.734,1.19,21.55,19.5529,0.6734,3.030
3962,50.000,0.006,0.006,8.292,8.292,6.030,0.006,0.006,1.554,1.554,9.859,1.20,23.00,21.0000,0.9859,4.436
3963,45.000,0.006,0.006,7.652,7.652,5.881,0.005,0.005,1.404,1.404,9.067,1.20,24.24,22.2426,0.9067,4.080
3964,30.000,0.006,0.006,5.202,5.202,5.766,0.001,0.001,0.939,0.939,6.149,1.20,25.20,23.1962,0.6149,2.767
3965,20.000,0.006,0.006,3.512,3.512,5.695,0.001,0.001,0.627,0.627,4.146,1.21,25.80,23.7956,0.4146,1.866
3966,25.000,0.006,0.006,4.409,4.409,5.670,0.001,0.001,0.784,0.784,5.200,1.21,26.00,24.0000,0.5200,2.340
3967,35.000,0.006,0.006,6.146,6.146,5.695,0.002,0.002,1.097,1.097,7.252,1.21,25.80,23.7956,0.7252,3.263
3968,50.000,0.006,0.006,8.671,8.671,5.766,0.006,0.006,1.565,1.565,10.248,1.20,25.20,23.1962,1.0248,4.611
3969,45.000,0.006,0.006,7.652,7.652,5.881,0.005,0.005,1.404,1.404,9.067,1.20,24.24,22.2426,0.9067,4.080
3970,30.000,0.006,0.006,4.975,4.975,6.030,0.001,0.001,0.933,0.933,5.915,1.20,23.00,21.0000,0.5915,2.662
3971,20.000,0.006,0.006,3.224,3.224,6.204,0.001,0.001,0.619,0.619,3.850,1.19,21.55,19.5529,0.3850,1.732
3972,25.000,0.006,0.006,3.912,3.912,6.390,0.001,0.001,0.771,0.771,4.690,1.19,20.00,18.0000,0.4690,2.111
3973,35.000,0.006,0.006,5.322,5.322,6.576,0.002,0.002,1.075,1.075,6.406,1.18,18.45,16.4471,0.6406,2.882
3974,50.000,0.006,0.006,7.407,7.407,6.750,0.006,0.006,1.531,1.531,8.951,1.18,17.00,15.0000,0.8951,4.028
3975,45.000,0.006,0.006,6.523,6.523,6.899,0.005,0.005,1.374,1.374,7.907,1.18,15.76,13.7574,0.7907,3.558
3976,30.000,0.006,0.006,4.277,4.277,7.014,0.001,0.001,0.914,0.914,5.199,1.17,14.80,12.8038,0.5199,2.339
3977,20.000,0.006,0.006,2.823,2.823,7.085,0.001,0.001,0.609,0.609,3.438,1.17,14.20,12.2044,0.3438,1.547
3978,25.000,0.006,0.006,3.516,3.516,7.110,0.001,0.001,0.760,0.760,4.283,1.17,14.00,12.0000,0.4283,1.928
3979,35.000,0.006,0.006,4.940,4.940,7.085,0.002,0.002,1.065,1.065,6.013,1.17,14.20,12.2044,0.6013,2.706
3980,50.000,0.006,0.006,7.129,7.129,7.014,0.006,0.006,1.523,1.523,8.665,1.17,14.80,12.8038,0.8665,3.899
3981,45.000,0.006,0.006,6.523,6.523,6.899,0.005,0.005,1.374,1.374,7.907,1.18,15.76,13.7574,0.7907,3.558
3982,30.000,0.006,0.006,4.444,4.444,6.750,0.001,0.001,0.919,0.919,5.370,1.18,17.00,15.0000,0.5370,2.417
3983,20.000,0.006,0.006,3.041,3.041,6.576,0.001,0.001,0.614,0.614,3.662,1.18,18.45,16.4471,0.3662,1.648
3984,25.000,0.006,0.006,3.912,3.912,6.390,0.001,0.001,0.771,0.771,4.690,1.19,20.00,18.0000,0.4690,2.111
3985,35.000,0.006,0.006,5.642,5.642,6.204,0.002,0.002,1.084,1.084,6.734,1.19,21.55,19.5529,0.6734,3.030
3986,50.000,0.006,0.006,8.292,8.292,6.030,0.006,0.006,1.554,1.554,9.859,1.20,23.00,21.0000,0.9859,4.436
3987,45.000,0.006,0.006,7.652,7.652,5.881,0.005,0.005,1.404,1.404,9.067,1.20,24.24,22.2426,0.9067,4.080
3988,30.000,0.006,0.006,5.202,5.202,5.766,0.001,0.001,0.939,0.939,6.149,1.20,25.20,23.1962,0.6149,2.767
3989,20.000,0.006,0.006,3.512,3.512,5.695,0.001,0.001,0.627,0.627,4.146,1.21,25.80,23.7956,0.4146,1.866
3990,25.000,0.006,0.006,4.409,4.409,5.670,0.001,0.001,0.784,0.784,5.200,1.21,26.00,24.0000,0.5200,2.340
3991,35.000,0.006,0.006,6.146,6.146,5.695,0.002,0.002,1.097,1.097,7.252,1.21,25.80,23.7956,0.7252,3.263
3992,50.000,0.006,0.006,8.671,8.671,5.766,0.006,0.006,1.565,1.565,10.248,1.20,25.20,23.1962,1.0248,4.611
3993,45.000,0.006,0.006,7.652,7.652,5.881,0.005,0.005,1.404,1.404,9.067,1.20,24.24,22.2426,0.9067,4.080
3994,30.000,0.006,0.006,4.975,4.975,6.030,0.001,0.001,0.933,0.933,5.915,1.20,23.00,21.0000,0.5915,2.662
3995,20.000,0.006,0.006,3.224,3.224,6.204,0.001,0.001,0.619,0.619,3.850,1.19,21.55,19.5529,0.3850,1.732
3996,25.000,0.006,0.006,3.912,3.912,6.390,0.001,0.001,0.771,0.771,4.690,1.19,20.00,18.0000,0.4690,2.111
3997,35.000,0.006,0.006,5.322,5.322,6.576,0.002,0.002,1.075,1.075,6.406,1.18,18.45,16.4471,0.6406,2.882
3998,50.000,0.006,0.006,7.407,7.407,6.750,0.006,0.006,1.531,1.531,8.951,1.18,17.00,15.0000,0.8951,4.028
3999,45.000,0.006,0.006,6.523,6.523,6.899,0.005,0.005,1.374,1.374,7.907,1.18,15.76,13.7574,0.7907,3.558
4000,30.000,0.006,0.006,4.277,4.277,7.014,0.001,0.001,0.914,0.914,5.199,1.17,14.80,12.8038,0.5199,2.339
4001,20.000,0.006,0.006,2.823,2.823,7.085,0.001,0.001,0.609,0.609,3.438,1.17,14.20,12.2044,0.3438,1.547
4002,25.000,0.006,0.006,3.516,3.516,7.110,0.001,0.001,0.760,0.760,4.283,1.17,14.00,12.0000,0.4283,1.928
4003,35.000,0.006,0.006,4.940,4.940,7.085,0.002,0.002,1.065,1.065,6.013,1.17,14.20,12.2044,0.6013,2.706
4004,50.000,0.006,0.006,7.129,7.129,7.014,0.006,0.006,1.523,1.523,8.665,1.17,14.80,12.8038,0.8665,3.899
4005,45.000,0.006,0.006,6.523,6.523,6.899,0.005,0.005,1.374,1.374,7.907,1.18,15.76,13.7574,0.7907,3.558
4006,30.000,0.006,0.006,4.444,4.444,6.750,0.001,0.001,0.919,0.919,5.370,1.18,17.00,15.0000,0.5370,2.417
4007,20.000,0.006,0.006,3.041,3.041,6.576,0.001,0.001,0.614,0.614,3.662,1.18,18.45,16.4471,0.3662,1.648
4008,25.000,0.006,0.006,3.912,3.912,6.390,0.001,0.001,0.771,0.771,4.690,1.19,20.00,18.0000,0.4690,2.111
4009,35.000,0.006,0.006,5.642,5.642,6.204,0.002,0.002,1.084,1.084,6.734,1.19,21.55,19.5529,0.6734,3.030
4010,50.000,0.006,0.006,8.292,8.292,6.030,0.006,0.006,1.554,1.554,9.859,1.20,23.00,21.0000,0.9859,4.436
4011,45.000,0.006,0.006,7.652,7.652,5.881,0.005,0.005,1.404,1.404,9.067,1.20,24.24,22.2426,0.9067,4.080
4012,30.000,0.006,0.006,5.202,5.202,5.766,0.001,0.001,0.939,0.939,6.149,1.20,25.20,23.1962,0.6149,2.767
4013,20.000,0.006,0.006,3.512,3.512,5.695,0.001,0.001,0.627,0.627,4.146,1.21,25.80,23.7956,0.4146,1.866
4014,25.000,0.006,0.006,4.409,4.409,5.670,0.001,0.001,0.784,0.784,5.200,1.21,26.00,24.0000,0.5200,2.340
4015,35.000,0.006,0.006,6.146,6.146,5.695,0.002,0.002,1.097,1.097,7.252,1.21,25.80,23.7956,0.7252,3.263
4016,50.000,0.006,0.006,8.671,8.671,5.766,0.006,0.006,1.565,1.565,10.248,1.20,25.20,23.1962,1.0248,4.611
4017,45.000,0.006,0.006,7.652,7.652,5.881,0.005,0.005,1.404,1.404,9.067,1.20,24.24,22.2426,0.9067,4.080
4018,30.000,0.006,0.006,4.975,4.975,6.030,0.001,0.001,0.933,0.933,5.915,1.20,23.00,21.0000,0.5915,2.662
4019,20.000,0.006,0.006,3.224,3.224,6.204,0.001,0.001,0.619,0.619,3.850,1.19,21.55,19.5529,0.3850,1.732
4020,25.000,0.006,0.006,3.912,3.912,6.390,0.001,0.001,0.771,0.771,4.690,1.19,20.00,18.0000,0.4690,2.111
4021,35.000,0.006,0.006,5.322,5.322,6.576,0.002,0.002,1.075,1.075,6.406,1.18,18.45,16.4471,0.6406,2.882
4022,50.000,0.006,0.006,7.407,7.407,6.750,0.006,0.006,1.531,1.531,8.951,1.18,17.00,15.0000,0.8951,4.028
4023,45.000,0.006,0.006,6.523,6.523,6.899,0.005,0.005,1.374,1.374,7.907,1.18,15.76,13.7574,0.7907,3.558
4024,30.000,0.006,0.006,4.277,4.277,7.014,0.001,0.001,0.914,0.914,5.199,1.17,14.80,12.8038,0.5199,2.339
4025,20.000,0.006,0.006,2.823,2.823,7.085,0.001,0.001,0.609,0.609,3.438,1.17,14.20,12.2044,0.3438,1.547
4026,25.000,0.006,0.006,3.516,3.516,7.110,0.001,0.001,0.760,0.760,4.283,1.17,14.00,12.0000,0.4283,1.928
4027,35.000,0.006,0.006,4.940,4.940,7.085,0.002,0.002,1.065,1.065,6.013,1.17,14.20,12.2044,0.6013,2.706
4028,50.000,0.006,0.006,7.129,7.129,7.014,0.006,0.006,1.523,1.523,8.665,1.17,14.80,12.8038,0.8665,3.899
4029,45.000,0.006,0.006,6.523,6.523,6.899,0.005,0.005,1.374,1.374,7.907,1.18,15.76,13.7574,0.7907,3.558
4030,30.000,0.006,0.006,4.444,4.444,6.750,0.001,0.001,0.919,0.919,5.370,1.18,17.00,15.0000,0.5370,2.417
4031,20.000,0.006,0.006,3.041,3.041,6.576,0.001,0.001,0.614,0.614,3.662,1.18,18.45,16.4471,0.3662,1.648
4032,25.000,0.006,0.006,3.912,3.912,6.390,0.001,0.001,0.771,0.771,4.690,1.19,20.00,18.0000,0.4690,2.111
4033,35.000,0.006,0.006,5.642,5.642,6.204,0.002,0.002,1.084,1.084,6.734,1.19,21.55,19.5529,0.6734,3.030
4034,50.000,0.006,0.006,8.292,8.292,6.030,0.006,0.006,1.554,1.554,9.859,1.20,23.00,21.0000,0.9859,4.436
4035,45.000,0.006,0.006,7.652,7.652,5.881,0.005,0.005,1.404,1.404,9.067,1.20,24.24,22.2426,0.9067,4.080
4036,30.000,0.006,0.006,5.202,5.202,5.766,0.001,0.001,0.939,0.939,6.149,1.20,25.20,23.1962,0.6149,2.767
4037,20.000,0.006,0.006,3.512,3.512,5.695,0.001,0.001,0.627,0.627,4.146,1.21,25.80,23.7956,0.4146,1.866
4038,25.000,0.006,0.006,4.409,4.409,5.670,0.001,0.001,0.784,0.784,5.200,1.21,26.00,24.0000,0.5200,2.340
4039,35.000,0.006,0.006,6.146,6.146,5.695,0.002,0.002,1.097,1.097,7.252,1.21,25.80,23.7956,0.7252,3.263
4040,50.000,0.006,0.006,8.671,8.671,5.766,0.006,0.006,1.565,1.565,10.248,1.20,25.20,23.1962,1.0248,4.611
4041,45.000,0.006,0.006,7.652,7.652,5.881,0.005,0.005,1.404,1.404,9.067,1.20,24.24,22.2426,0.9067,4.080
4042,30.000,0.006,0.006,4.975,4.975,6.030,0.001,0.001,0.933,0.933,5.915,1.20,23.00,21.0000,0.5915,2.662
4043,20.000,0.006,0.006,3.224,3.224,6.204,0.001,0.001,0.619,0.619,3.850,1.19,21.55,19.5529,0.3850,1.732
4044,25.000,0.006,0.006,3.912,3.912,6.390,0.001,0.001,0.771,0.771,4.690,1.19,20.00,18.0000,0.4690,2.111
4045,35.000,0.006,0.006,5.322,5.322,6.576,0.002,0.002,1.075,1.075,6.406,1.18,18.45,16.4471,0.6406,2.882
4046,50.000,0.006,0.006,7.407,7.407,6.750,0.006,0.006,1.531,1.531,8.951,1.18,17.00,15.0000,0.8951,4.028
4047,45.000,0.006,0.006,6.523,6.523,6.899,0.005,0.005,1.374,1.374,7.907,1.18,15.76,13.7574,0.7907,3.558
4048,30.000,0.006,0.006,4.277,4.277,7.014,0.001,0.001,0.914,0.914,5.199,1.17,14.80,12.8038,0.5199,2.339
4049,20.000,0.006,0.006,2.823,2.823,7.085,0.001,0.001,0.609,0.609,3.438,1.17,14.20,12.2044,0.3438,1.547
4050,25.000,0.006,0.006,3.516,3.516,7.110,0.001,0.001,0.760,0.760,4.283,1.17,14.00,12.0000,0.4283,1.928
4051,35.000,0.006,0.006,4.940,4.940,7.085,0.002,0.002,1.065,1.065,6.013,1.17,14.20,12.2044,0.6013,2.706
4052,50.000,0.006,0.006,7.129,7.129,7.014,0.006,0.006,1.523,1.523,8.665,1.17,14.80,12.8038,0.8665,3.899
4053,45.000,0.006,0.006,6.523,6.523,6.899,0.005,0.005,1.374,1.374,7.907,1.18,15.76,13.7574,0.7907,3.558
4054,30.000,0.006,0.006,4.444,4.444,6.750,0.001,0.001,0.919,0.919,5.370,1.18,17.00,15.0000,0.5370,2.417
4055,20.000,0.006,0.006,3.041,3.041,6.576,0.001,0.001,0.614,0.614,3.662,1.18,18.45,16.4471,0.3662,1.648
4056,25.000,0.006,0.006,3.912,3.912,6.390,0.001,0.001,0.771,0.771,4.690,1.19,20.00,18.0000,0.4690,2.111
4057,35.000,0.006,0.006,5.642,5.642,6.204,0.002,0.002,1.084,1.084,6.734,1.19,21.55,19.5529,0.6734,3.030
4058,50.000,0.006,0.006,8.292,8.292,6.030,0.006,0.006,1.554,1.554,9.859,1.20,23.00,21.0000,0.9859,4.436
4059,45.000,0.006,0.006,7.652,7.652,5.881,0.005,0.005,1.404,1.404,9.067,1.20,24.24,22.2426,0.9067,4.080
4060,30.000,0.006,0.006,5.202,5.202,5.766,0.001,0.001,0.939,0.939,6.149,1.20,25.20,23.1962,0.6149,2.767
4061,20.000,0.006,0.006,3.512,3.512,5.695,0.001,0.001,0.627,0.627,4.146,1.21,25.80,23.7956,0.4146,1.866
4062,25.000,0.006,0.006,4.409,4.409,5.670,0.001,0.001,0.784,0.784,5.200,1.21,26.00,24.0000,0.5200,2.340
4063,35.000,0.006,0.006,6.146,6.146,5.695,0.002,0.002,1.097,1.097,7.252,1.21,25.80,23.7956,0.7252,3.263
4064,50.000,0.006,0.006,8.671,8.671,5.766,0.006,0.006,1.565,1.565,10.248,1.20,25.20,23.1962,1.0248,4.611
4065,45.000,0.006,0.006,7.652,7.652,5.881,0.005,0.005,1.404,1.404,9.067,1.20,24.24,22.2426,0.9067,4.080
4066,30.000,0.006,0.006,4.975,4.975,6.030,0.001,0.001,0.933,0.933,5.915,1.20,23.00,21.0000,0.5915,2.662
4067,20.000,0.006,0.006,3.224,3.224,6.204,0.001,0.001,0.619,0.619,3.850,1.19,21.55,19.5529,0.3850,1.732
4068,25.000,0.006,0.006,3.912,3.912,6.390,0.001,0.001,0.771,0.771,4.690,1.19,20.00,18.0000,0.4690,2.111
4069,35.000,0.006,0.006,5.322,5.322,6.576,0.002,0.002,1.075,1.075,6.406,1.18,18.45,16.4471,0.6406,2.882
4070,50.000,0.006,0.006,7.407,7.407,6.750,0.006,0.006,1.531,1.531,8.951,1.18,17.00,15.0000,0.8951,4.028
4071,45.000,0.006,0.006,6.523,6.523,6.899,0.005,0.005,1.374,1.374,7.907,1.18,15.76,13.7574,0.7907,3.558
4072,30.000,0.006,0.006,4.277,4.277,7.014,0.001,0.001,0.914,0.914,5.199,1.17,14.80,12.8038,0.5199,2.339
4073,20.000,0.006,0.006,2.823,2.823,7.085,0.001,0.001,0.609,0.609,3.438,1.17,14.20,12.2044,0.3438,1.547
4074,25.000,0.006,0.006,3.516,3.516,7.110,0.001,0.001,0.760,0.760,4.283,1.17,14.00,12.0000,0.4283,1.928
4075,35.000,0.006,0.006,4.940,4.940,7.085,0.002,0.002,1.065,1.065,6.013,1.17,14.20,12.2044,0.6013,2.706
4076,50.000,0.006,0.006,7.129,7.129,7.014,0.006,0.006,1.523,1.523,8.665,1.17,14.80,12.8038,0.8665,3.899
4077,45.000,0.006,0.006,6.523,6.523,6.899,0.005,0.005,1.374,1.374,7.907,1.18,15.76,13.7574,0.7907,3.558
4078,30.000,0.006,0.006,4.444,4.444,6.750,0.001,0.001,0.919,0.919,5.370,1.18,17.00,15.0000,0.5370,2.417
4079,20.000,0.006,0.006,3.041,3.041,6.576,0.001,0.001,0.614,0.614,3.662,1.18,18.45,16.4471,0.3662,1.648
4080,25.000,0.006,0.006,3.912,3.912,6.390,0.001,0.001,0.771,0.771,4.690,1.19,20.00,18.0000,0.4690,2.111
4081,35.000,0.006,0.006,5.642,5.642,6.204,0.002,0.002,1.084,1.084,6.734,1.19,21.55,19.5529,0.6734,3.030
4082,50.000,0.006,0.006,8.292,8.292,6.030,0.006,0.006,1.554,1.554,9.859,1.20,23.00,21.0000,0.9859,4.436
4083,45.000,0.006,0.006,7.652,7.652,5.881,0.005,0.005,1.404,1.404,9.067,1.20,24.24,22.2426,0.9067,4.080
4084,30.000,0.006,0.006,5.202,5.202,5.766,0.001,0.001,0.939,0.939,6.149,1.20,25.20,23.1962,0.6149,2.767
4085,20.000,0.006,0.006,3.512,3.512,5.695,0.001,0.001,0.627,0.627,4.146,1.21,25.80,23.7956,0.4146,1.866
4086,25.000,0.006,0.006,4.409,4.409,5.670,0.001,0.001,0.784,0.784,5.200,1.21,26.00,24.0000,0.5200,2.340
4087,35.000,0.006,0.006,6.146,6.146,5.695,0.002,0.002,1.097,1.097,7.252,1.21,25.80,23.7956,0.7252,3.263
4088,50.000,0.006,0.006,8.671,8.671,5.766,0.006,0.006,1.565,1.565,10.248,1.20,25.20,23.1962,1.0248,4.611
4089,45.000,0.006,0.006,7.652,7.652,5.881,0.005,0.005,1.404,1.404,9.067,1.20,24.24,22.2426,0.9067,4.080
4090,30.000,0.006,0.006,4.975,4.975,6.030,0.001,0.001,0.933,0.933,5.915,1.20,23.00,21.0000,0.5915,2.662
4091,20.000,0.006,0.006,3.224,3.224,6.204,0.001,0.001,0.619,0.619,3.850,1.19,21.55,19.5529,0.3850,1.732
4092,25.000,0.006,0.006,3.912,3.912,6.390,0.001,0.001,0.771,0.771,4.690,1.19,20.00,18.0000,0.4690,2.111
4093,35.000,0.006,0.006,5.322,5.322,6.576,0.002,0.002,1.075,1.075,6.406,1.18,18.45,16.4471,0.6406,2.882
4094,50.000,0.006,0.006,7.407,7.407,6.750,0.006,0.006,1.531,1.531,8.951,1.18,17.00,15.0000,0.8951,4.028
4095,45.000,0.006,0.006,6.523,6.523,6.899,0.005,0.005,1.374,1.374,7.907,1.18,15.76,13.7574,0.7907,3.558
4096,30.000,0.006,0.006,4.277,4.277,7.014,0.001,0.001,0.914,0.914,5.199,1.17,14.80,12.8038,0.5199,2.339
4097,20.000,0.006,0.006,2.823,2.823,7.085,0.001,0.001,0.609,0.609,3.438,1.17,14.20,12.2044,0.3438,1.547
4098,25.000,0.006,0.006,3.516,3.516,7.110,0.001,0.001,0.760,0.760,4.283,1.17,14.00,12.0000,0.4283,1.928
4099,35.000,0.006,0.006,4.940,4.940,7.085,0.002,0.002,1.065,1.065,6.013,1.17,14.20,12.2044,0.6013,2.706
4100,50.000,0.006,0.006,7.129,7.129,7.014,0.006,0.006,1.523,1.523,8.665,1.17,14.80,12.8038,0.8665,3.899
4101,45.000,0.006,0.006,6.523,6.523,6.899,0.005,0.005,1.374,1.374,7.907,1.18,15.76,13.7574,0.7907,3.558
4102,30.000,0.006,0.006,4.444,4.444,6.750,0.001,0.001,0.919,0.919,5.370,1.18,17.00,15.0000,0.5370,2.417
4103,20.000,0.006,0.006,3.041,3.041,6.576,0.001,0.001,0.614,0.614,3.662,1.18,18.45,16.4471,0.3662,1.648
4104,25.000,0.006,0.006,3.912,3.912,6.390,0.001,0.001,0.771,0.771,4.690,1.19,20.00,18.0000,0.4690,2.111
4105,35.000,0.006,0.006,5.642,5.642,6.204,0.002,0.002,1.084,1.084,6.734,1.19,21.55,19.5529,0.6734,3.030
4106,50.000,0.006,0.006,8.292,8.292,6.030,0.006,0.006,1.554,1.554,9.859,1.20,23.00,21.0000,0.9859,4.436
4107,45.000,0.006,0.006,7.652,7.652,5.881,0.005,0.005,1.404,1.404,9.067,1.20,24.24,22.2426,0.9067,4.080
4108,30.000,0.006,0.006,5.202,5.202,5.766,0.001,0.001,0.939,0.939,6.149,1.20,25.20,23.1962,0.6149,2.767
4109,20.000,0.006,0.006,3.512,3.512,5.695,0.001,0.001,0.627,0.627,4.146,1.21,25.80,23.7956,0.4146,1.866
4110,25.000,0.006,0.006,4.409,4.409,5.670,0.001,0.001,0.784,0.784,5.200,1.21,26.00,24.0000,0.5200,2.340
4111,35.000,0.006,0.006,6.146,6.146,5.695,0.002,0.002,1.097,1.097,7.252,1.21,25.80,23.7956,0.7252,3.263
4112,50.000,0.006,0.006,8.671,8.671,5.766,0.006,0.006,1.565,1.565,10.248,1.20,25.20,23.1962,1.0248,4.611
4113,45.000,0.006,0.006,7.652,7.652,5.881,0.005,0.005,1.404,1.404,9.067,1.20,24.24,22.2426,0.9067,4.080
4114,30.000,0.006,0.006,4.975,4.975,6.030,0.001,0.001,0.933,0.933,5.915,1.20,23.00,21.0000,0.5915,2.662
4115,20.000,0.006,0.006,3.224,3.224,6.204,0.001,0.001,0.619,0.619,3.850,1.19,21.55,19.5529,0.3850,1.732
4116,25.000,0.006,0.006,3.912,3.912,6.390,0.001,0.001,0.771,0.771,4.690,1.19,20.00,18.0000,0.4690,2.111
4117,35.000,0.006,0.006,5.322,5.322,6.576,0.002,0.002,1.075,1.075,6.406,1.18,18.45,16.4471,0.6406,2.882
4118,50.000,0.006,0.006,7.407,7.407,6.750,0.006,0.006,1.531,1.531,8.951,1.18,17.00,15.0000,0.8951,4.028
4119,45.000,0.006,0.006,6.523,6.523,6.899,0.005,0.005,1.374,1.374,7.907,1.18,15.76,13.7574,0.7907,3.558
4120,30.000,0.006,0.006,4.277,4.277,7.014,0.001,0.001,0.914,0.914,5.199,1.17,14.80,12.8038,0.5199,2.339
4121,20.000,0.006,0.006,2.823,2.823,7.085,0.001,0.001,0.609,0.609,3.438,1.17,14.20,12.2044,0.3438,1.547
4122,25.000,0.006,0.006,3.516,3.516,7.110,0.001,0.001,0.760,0.760,4.283,1.17,14.00,12.0000,0.4283,1.928
4123,35.000,0.006,0.006,4.940,4.940,7.085,0.002,0.002,1.065,1.065,6.013,1.17,14.20,12.2044,0.6013,2.706
4124,50.000,0.006,0.006,7.129,7.129,7.014,0.006,0.006,1.523,1.523,8.665,1.17,14.80,12.8038,0.8665,3.899
4125,45.000,0.006,0.006,6.523,6.523,6.899,0.005,0.005,1.374,1.374,7.907,1.18,15.76,13.7574,0.7907,3.558
4126,30.000,0.006,0.006,4.444,4.444,6.750,0.001,0.001,0.919,0.919,5.370,1.18,17.00,15.0000,0.5370,2.417
4127,20.000,0.006,0.006,3.041,3.041,6.576,0.001,0.001,0.614,0.614,3.662,1.18,18.45,16.4471,0.3662,1.648
4128,25.000,0.006,0.006,3.912,3.912,6.390,0.001,0.001,0.771,0.771,4.690,1.19,20.00,18.0000,0.4690,2.111
4129,35.000,0.006,0.006,5.642,5.642,6.204,0.002,0.002,1.084,1.084,6.734,1.19,21.55,19.5529,0.6734,3.030
4130,50.000,0.006,0.006,8.292,8.292,6.030,0.006,0.006,1.554,1.554,9.859,1.20,23.00,21.0000,0.9859,4.436
4131,45.000,0.006,0.006,7.652,7.652,5.881,0.005,0.005,1.404,1.404,9.067,1.20,24.24,22.2426,0.9067,4.080
4132,30.000,0.006,0.006,5.202,5.202,5.766,0.001,0.001,0.939,0.939,6.149,1.20,25.20,23.1962,0.6149,2.767
4133,20.000,0.006,0.006,3.512,3.512,5.695,0.001,0.001,0.627,0.627,4.146,1.21,25.80,23.7956,0.4146,1.866
4134,25.000,0.006,0.006,4.409,4.409,5.670,0.001,0.001,0.784,0.784,5.200,1.21,26.00,24.0000,0.5200,2.340
4135,35.000,0.006,0.006,6.146,6.146,5.695,0.002,0.002,1.097,1.097,7.252,1.21,25.80,23.7956,0.7252,3.263
4136,50.000,0.006,0.006,8.671,8.671,5.766,0.006,0.006,1.565,1.565,10.248,1.20,25.20,23.1962,1.0248,4.611
4137,45.000,0.006,0.006,7.652,7.652,5.881,0.005,0.005,1.404,1.404,9.067,1.20,24.24,22.2426,0.9067,4.080
4138,30.000,0.006,0.006,4.975,4.975,6.030,0.001,0.001,0.933,0.933,5.915,1.20,23.00,21.0000,0.5915,2.662
4139,20.000,0.006,0.006,3.224,3.224,6.204,0.001,0.001,0.619,0.619,3.850,1.19,21.55,19.5529,0.3850,1.732
4140,25.000,0.006,0.006,3.912,3.912,6.390,0.001,0.001,0.771,0.771,4.690,1.19,20.00,18.0000,0.4690,2.111
4141,35.000,0.006,0.006,5.322,5.322,6.576,0.002,0.002,1.075,1.075,6.406,1.18,18.45,16.4471,0.6406,2.882
4142,50.000,0.006,0.006,7.407,7.407,6.750,0.006,0.006,1.531,1.531,8.951,1.18,17.00,15.0000,0.8951,4.028
4143,45.000,0.006,0.006,6.523,6.523,6.899,0.005,0.005,1.374,1.374,7.907,1.18,15.76,13.7574,0.7907,3.558
4144,30.000,0.006,0.006,4.277,4.277,7.014,0.001,0.001,0.914,0.914,5.199,1.17,14.80,12.8038,0.5199,2.339
4145,20.000,0.006,0.006,2.823,2.823,7.085,0.001,0.001,0.609,0.609,3.438,1.17,14.20,12.2044,0.3438,1.547
4146,25.000,0.006,0.006,3.516,3.516,7.110,0.001,0.001,0.760,0.760,4.283,1.17,14.00,12.0000,0.4283,1.928
4147,35.000,0.006,0.006,4.940,4.940,7.085,0.002,0.002,1.065,1.065,6.013,1.17,14.20,12.2044,0.6013,2.706
4148,50.000,0.006,0.006,7.129,7.129,7.014,0.006,0.006,1.523,1.523,8.665,1.17,14.80,12.8038,0.8665,3.899
4149,45.000,0.006,0.006,6.523,6.523,6.899,0.005,0.005,1.374,1.374,7.907,1.18,15.76,13.7574,0.7907,3.558
4150,30.000,0.006,0.006,4.444,4.444,6.750,0.001,0.001,0.919,0.919,5.370,1.18,17.00,15.0000,0.5370,2.417
4151,20.000,0.006,0.006,3.041,3.041,6.576,0.001,0.001,0.614,0.614,3.662,1.18,18.45,16.4471,0.3662,1.648
4152,25.000,0.006,0.006,3.912,3.912,6.390,0.001,0.001,0.771,0.771,4.690,1.19,20.00,18.0000,0.4690,2.111
4153,35.000,0.006,0.006,5.642,5.642,6.204,0.002,0.002,1.084,1.084,6.734,1.19,21.55,19.5529,0.6734,3.030
4154,50.000,0.006,0.006,8.292,8.292,6.030,0.006,0.006,1.554,1.554,9.859,1.20,23.00,21.0000,0.9859,4.436
4155,45.000,0.006,0.006,7.652,7.652,5.881,0.005,0.005,1.404,1.404,9.067,1.20,24.24,22.2426,0.9067,4.080
4156,30.000,0.006,0.006,5.202,5.202,5.766,0.001,0.001,0.939,0.939,6.149,1.20,25.20,23.1962,0.6149,2.767
4157,20.000,0.006,0.006,3.512,3.512,5.695,0.001,0.001,0.627,0.627,4.146,1.21,25.80,23.7956,0.4146,1.866
4158,25.000,0.006,0.006,4.409,4.409,5.670,0.001,0.001,0.784,0.784,5.200,1.21,26.00,24.0000,0.5200,2.340
4159,35.000,0.006,0.006,6.146,6.146,5.695,0.002,0.002,1.097,1.097,7.252,1.21,25.80,23.7956,0.7252,3.263
4160,50.000,0.006,0.006,8.671,8.671,5.766,0.006,0.006,1.565,1.565,10.248,1.20,25.20,23.1962,1.0248,4.611
4161,45.000,0.006,0.006,7.652,7.652,5.881,0.005,0.005,1.404,1.404,9.067,1.20,24.24,22.2426,0.9067,4.080
4162,30.000,0.006,0.006,4.975,4.975,6.030,0.001,0.001,0.933,0.933,5.915,1.20,23.00,21.0000,0.5915,2.662
4163,20.000,0.006,0.006,3.224,3.224,6.204,0.001,0.001,0.619,0.619,3.850,1.19,21.55,19.5529,0.3850,1.732
4164,25.000,0.006,0.006,3.912,3.912,6.390,0.001,0.001,0.771,0.771,4.690,1.19,20.00,18.0000,0.4690,2.111
4165,35.000,0.006,0.006,5.322,5.322,6.576,0.002,0.002,1.075,1.075,6.406,1.18,18.45,16.4471,0.6406,2.882
4166,50.000,0.006,0.006,7.407,7.407,6.750,0.006,0.006,1.531,1.531,8.951,1.18,17.00,15.0000,0.8951,4.028
4167,45.000,0.006,0.006,6.523,6.523,6.899,0.005,0.005,1.374,1.374,7.907,1.18,15.76,13.7574,0.7907,3.558
4168,30.000,0.006,0.006,4.277,4.277,7.014,0.001,0.001,0.914,0.914,5.199,1.17,14.80,12.8038,0.5199,2.339
4169,20.000,0.006,0.006,2.823,2.823,7.085,0.001,0.001,0.609,0.609,3.438,1.17,14.20,12.2044,0.3438,1.547
4170,25.000,0.006,0.006,3.516,3.516,7.110,0.001,0.001,0.760,0.760,4.283,1.17,14.00,12.0000,0.4283,1.928
4171,35.000,0.006,0.006,4.940,4.940,7.085,0.002,0.002,1.065,1.065,6.013,1.17,14.20,12.2044,0.6013,2.706
4172,50.000,0.006,0.006,7.129,7.129,7.014,0.006,0.006,1.523,1.523,8.665,1.17,14.80,12.8038,0.8665,3.899
4173,45.000,0.006,0.006,6.523,6.523,6.899,0.005,0.005,1.374,1.374,7.907,1.18,15.76,13.7574,0.7907,3.558
4174,30.000,0.006,0.006,4.444,4.444,6.750,0.001,0.001,0.919,0.919,5.370,1.18,17.00,15.0000,0.5370,2.417
4175,20.000,0.006,0.006,3.041,3.041,6.576,0.001,0.001,0.614,0.614,3.662,1.18,18.45,16.4471,0.3662,1.648
4176,25.000,0.006,0.006,3.912,3.912,6.390,0.001,0.001,0.771,0.771,4.690,1.19,20.00,18.0000,0.4690,2.111
4177,35.000,0.006,0.006,5.642,5.642,6.204,0.002,0.002,1.084,1.084,6.734,1.19,21.55,19.5529,0.6734,3.030
4178,50.000,0.006,0.006,8.292,8.292,6.030,0.006,0.006,1.554,1.554,9.859,1.20,23.00,21.0000,0.9859,4.436
4179,45.000,0.006,0.006,7.652,7.652,5.881,0.005,0.005,1.404,1.404,9.067,1.20,24.24,22.2426,0.9067,4.080
4180,30.000,0.006,0.006,5.202,5.202,5.766,0.001,0.001,0.939,0.939,6.149,1.20,25.20,23.1962,0.6149,2.767
4181,20.000,0.006,0.006,3.512,3.512,5.695,0.001,0.001,0.627,0.627,4.146,1.21,25.80,23.7956,0.4146,1.866
4182,25.000,0.006,0.006,4.409,4.409,5.670,0.001,0.001,0.784,0.784,5.200,1.21,26.00,24.0000,0.5200,2.340
4183,35.000,0.006,0.006,6.146,6.146,5.695,0.002,0.002,1.097,1.097,7.252,1.21,25.80,23.7956,0.7252,3.263
4184,50.000,0.006,0.006,8.671,8.671,5.766,0.006,0.006,1.565,1.565,10.248,1.20,25.20,23.1962,1.0248,4.611
4185,45.000,0.006,0.006,7.652,7.652,5.881,0.005,0.005,1.404,1.404,9.067,1.20,24.24,22.2426,0.9067,4.080
4186,30.000,0.006,0.006,4.975,4.975,6.030,0.001,0.001,0.933,0.933,5.915,1.20,23.00,21.0000,0.5915,2.662
4187,20.000,0.006,0.006,3.224,3.224,6.204,0.001,0.001,0.619,0.619,3.850,1.19,21.55,19.5529,0.3850,1.732
4188,25.000,0.006,0.006,3.912,3.912,6.390,0.001,0.001,0.771,0.771,4.690,1.19,20.00,18.0000,0.4690,2.111
4189,35.000,0.006,0.006,5.322,5.322,6.576,0.002,0.002,1.075,1.075,6.406,1.18,18.45,16.4471,0.6406,2.882
4190,50.000,0.006,0.006,7.407,7.407,6.750,0.006,0.006,1.531,1.531,8.951,1.18,17.00,15.0000,0.8951,4.028
4191,45.000,0.006,0.006,6.523,6.523,6.899,0.005,0.005,1.374,1.374,7.907,1.18,15.76,13.7574,0.7907,3.558
4192,30.000,0.006,0.006,4.277,4.277,7.014,0.001,0.001,0.914,0.914,5.199,1.17,14.80,12.8038,0.5199,2.339
4193,20.000,0.006,0.006,2.823,2.823,7.085,0.001,0.001,0.609,0.609,3.438,1.17,14.20,12.2044,0.3438,1.547
4194,25.000,0.006,0.006,3.516,3.516,7.110,0.001,0.001,0.760,0.760,4.283,1.17,14.00,12.0000,0.4283,1.928
4195,35.000,0.006,0.006,4.940,4.940,7.085,0.002,0.002,1.065,1.065,6.013,1.17,14.20,12.2044,0.6013,2.706
4196,50.000,0.006,0.006,7.129,7.129,7.014,0.006,0.006,1.523,1.523,8.665,1.17,14.80,12.8038,0.8665,3.899
4197,45.000,0.006,0.006,6.523,6.523,6.899,0.005,0.005,1.374,1.374,7.907,1.18,15.76,13.7574,0.7907,3.558
4198,30.000,0.006,0.006,4.444,4.444,6.750,0.001,0.001,0.919,0.919,5.370,1.18,17.00,15.0000,0.5370,2.417
4199,20.000,0.006,0.006,3.041,3.041,6.576,0.001,0.001,0.614,0.614,3.662,1.18,18.45,16.4471,0.3662,1.648
4200,25.000,0.006,0.006,3.912,3.912,6.390,0.001,0.001,0.771,0.771,4.690,1.19,20.00,18.0000,0.4690,2.111
4201,35.000,0.006,0.006,5.642,5.642,6.204,0.002,0.002,1.084,1.084,6.734,1.19,21.55,19.5529,0.6734,3.030
4202,50.000,0.006,0.006,8.292,8.292,6.030,0.006,0.006,1.554,1.554,9.859,1.20,23.00,21.0000,0.9859,4.436
4203,45.000,0.006,0.006,7.652,7.652,5.881,0.005,0.005,1.404,1.404,9.067,1.20,24.24,22.2426,0.9067,4.080
4204,30.000,0.006,0.006,5.202,5.202,5.766,0.001,0.001,0.939,0.939,6.149,1.20,25.20,23.1962,0.6149,2.767
4205,20.000,0.006,0.006,3.512,3.512,5.695,0.001,0.001,0.627,0.627,4.146,1.21,25.80,23.7956,0.4146,1.866
4206,25.000,0.006,0.006,4.409,4.409,5.670,0.001,0.001,0.784,0.784,5.200,1.21,26.00,24.0000,0.5200,2.340
4207,35.000,0.006,0.006,6.146,6.146,5.695,0.002,0.002,1.097,1.097,7.252,1.21,25.80,23.7956,0.7252,3.263
4208,50.000,0.006,0.006,8.671,8.671,5.766,0.006,0.006,1.565,1.565,10.248,1.20,25.20,23.1962,1.0248,4.611
4209,45.000,0.006,0.006,7.652,7.652,5.881,0.005,0.005,1.404,1.404,9.067,1.20,24.24,22.2426,0.9067,4.080
4210,30.000,0.006,0.006,4.975,4.975,6.030,0.001,0.001,0.933,0.933,5.915,1.20,23.00,21.0000,0.5915,2.662
4211,20.000,0.006,0.006,3.224,3.224,6.204,0.001,0.001,0.619,0.619,3.850,1.19,21.55,19.5529,0.3850,1.732
4212,25.000,0.006,0.006,3.912,3.912,6.390,0.001,0.001,0.771,0.771,4.690,1.19,20.00,18.0000,0.4690,2.111
4213,35.000,0.006,0.006,5.322,5.322,6.576,0.002,0.002,1.075,1.075,6.406,1.18,18.45,16.4471,0.6406,2.882
4214,50.000,0.006,0.006,7.407,7.407,6.750,0.006,0.006,1.531,1.531,8.951,1.18,17.00,15.0000,0.8951,4.028
4215,45.000,0.006,0.006,6.523,6.523,6.899,0.005,0.005,1.374,1.374,7.907,1.18,15.76,13.7574,0.7907,3.558
4216,30.000,0.006,0.006,4.277,4.277,7.014,0.001,0.001,0.914,0.914,5.199,1.17,14.80,12.8038,0.5199,2.339
4217,20.000,0.006,0.006,2.823,2.823,7.085,0.001,0.001,0.609,0.609,3.438,1.17,14.20,12.2044,0.3438,1.547
4218,25.000,0.006,0.006,3.516,3.516,7.110,0.001,0.001,0.760,0.760,4.283,1.17,14.00,12.0000,0.4283,1.928
4219,35.000,0.006,0.006,4.940,4.940,7.085,0.002,0.002,1.065,1.065,6.013,1.17,14.20,12.2044,0.6013,2.706
4220,50.000,0.006,0.006,7.129,7.129,7.014,0.006,0.006,1.523,1.523,8.665,1.17,14.80,12.8038,0.8665,3.899
4221,45.000,0.006,0.006,6.523,6.523,6.899,0.005,0.005,1.374,1.374,7.907,1.18,15.76,13.7574,0.7907,3.558
4222,30.000,0.006,0.006,4.444,4.444,6.750,0.001,0.001,0.919,0.919,5.370,1.18,17.00,15.0000,0.5370,2.417
4223,20.000,0.006,0.006,3.041,3.041,6.576,0.001,0.001,0.614,0.614,3.662,1.18,18.45,16.4471,0.3662,1.648
4224,25.000,0.006,0.006,3.912,3.912,6.390,0.001,0.001,0.771,0.771,4.690,1.19,20.00,18.0000,0.4690,2.111
4225,35.000,0.006,0.006,5.642,5.642,6.204,0.002,0.002,1.084,1.084,6.734,1.19,21.55,19.5529,0.6734,3.030
4226,50.000,0.006,0.006,8.292,8.292,6.030,0.006,0.006,1.554,1.554,9.859,1.20,23.00,21.0000,0.9859,4.436
4227,45.000,0.006,0.006,7.652,7.652,5.881,0.005,0.005,1.404,1.404,9.067,1.20,24.24,22.2426,0.9067,4.080
4228,30.000,0.006,0.006,5.202,5.202,5.766,0.001,0.001,0.939,0.939,6.149,1.20,25.20,23.1962,0.6149,2.767
4229,20.000,0.006,0.006,3.512,3.512,5.695,0.001,0.001,0.627,0.627,4.146,1.21,25.80,23.7956,0.4146,1.866
4230,25.000,0.006,0.006,4.409,4.409,5.670,0.001,0.001,0.784,0.784,5.200,1.21,26.00,24.0000,0.5200,2.340
4231,35.000,0.006,0.006,6.146,6.146,5.695,0.002,0.002,1.097,1.097,7.252,1.21,25.80,23.7956,0.7252,3.263
4232,50.000,0.006,0.006,8.671,8.671,5.766,0.006,0.006,1.565,1.565,10.248,1.20,25.20,23.1962,1.0248,4.611
4233,45.000,0.006,0.006,7.652,7.652,5.881,0.005,0.005,1.404,1.404,9.067,1.20,24.24,22.2426,0.9067,4.080
4234,30.000,0.006,0.006,4.975,4.975,6.030,0.001,0.001,0.933,0.933,5.915,1.20,23.00,21.0000,0.5915,2.662
4235,20.000,0.006,0.006,3.224,3.224,6.204,0.001,0.001,0.619,0.619,3.850,1.19,21.55,19.5529,0.3850,1.732
4236,25.000,0.006,0.006,3.912,3.912,6.390,0.001,0.001,0.771,0.771,4.690,1.19,20.00,18.0000,0.4690,2.111
4237,35.000,0.006,0.006,5.322,5.322,6.576,0.002,0.002,1.075,1.075,6.406,1.18,18.45,16.4471,0.6406,2.882
4238,50.000,0.006,0.006,7.407,7.407,6.750,0.006,0.006,1.531,1.531,8.951,1.18,17.00,15.0000,0.8951,4.028
4239,45.000,0.006,0.006,6.523,6.523,6.899,0.005,0.005,1.374,1.374,7.907,1.18,15.76,13.7574,0.7907,3.558
4240,30.000,0.006,0.006,4.277,4.277,7.014,0.001,0.001,0.914,0.914,5.199,1.17,14.80,12.8038,0.5199,2.339
4241,20.000,0.006,0.006,2.823,2.823,7.085,0.001,0.001,0.609,0.609,3.438,1.17,14.20,12.2044,0.3438,1.547
4242,25.000,0.006,0.006,3.516,3.516,7.110,0.001,0.001,0.760,0.760,4.283,1.17,14.00,12.0000,0.4283,1.928
4243,35.000,0.006,0.006,4.940,4.940,7.085,0.002,0.002,1.065,1.065,6.013,1.17,14.20,12.2044,0.6013,2.706
4244,50.000,0.006,0.006,7.129,7.129,7.014,0.006,0.006,1.523,1.523,8.665,1.17,14.80,12.8038,0.8665,3.899
4245,45.000,0.006,0.006,6.523,6.523,6.899,0.005,0.005,1.374,1.374,7.907,1.18,15.76,13.7574,0.7907,3.558
4246,30.000,0.006,0.006,4.444,4.444,6.750,0.001,0.001,0.919,0.919,5.370,1.18,17.00,15.0000,0.5370,2.417
4247,20.000,0.006,0.006,3.041,3.041,6.576,0.001,0.001,0.614,0.614,3.662,1.18,18.45,16.4471,0.3662,1.648
4248,25.000,0.006,0.006,3.912,3.912,6.390,0.001,0.001,0.771,0.771,4.690,1.19,20.00,18.0000,0.4690,2.111
4249,35.000,0.006,0.006,5.642,5.642,6.204,0.002,0.002,1.084,1.084,6.734,1.19,21.55,19.5529,0.6734,3.030
4250,50.000,0.006,0.006,8.292,8.292,6.030,0.006,0.006,1.554,1.554,9.859,1.20,23.00,21.0000,0.9859,4.436
4251,45.000,0.006,0.006,7.652,7.652,5.881,0.005,0.005,1.404,1.404,9.067,1.20,24.24,22.2426,0.9067,4.080
4252,30.000,0.006,0.006,5.202,5.202,5.766,0.001,0.001,0.939,0.939,6.149,1.20,25.20,23.1962,0.6149,2.767
4253,20.000,0.006,0.006,3.512,3.512,5.695,0.001,0.001,0.627,0.627,4.146,1.21,25.80,23.7956,0.4146,1.866
4254,25.000,0.006,0.006,4.409,4.409,5.670,0.001,0.001,0.784,0.784,5.200,1.21,26.00,24.0000,0.5200,2.340
4255,35.000,0.006,0.006,6.146,6.146,5.695,0.002,0.002,1.097,1.097,7.252,1.21,25.80,23.7956,0.7252,3.263
4256,50.000,0.006,0.006,8.671,8.671,5.766,0.006,0.006,1.565,1.565,10.248,1.20,25.20,23.1962,1.0248,4.611
4257,45.000,0.006,0.006,7.652,7.652,5.881,0.005,0.005,1.404,1.404,9.067,1.20,24.24,22.2426,0.9067,4.080
4258,30.000,0.006,0.006,4.975,4.975,6.030,0.001,0.001,0.933,0.933,5.915,1.20,23.00,21.0000,0.5915,2.662
4259,20.000,0.006,0.006,3.224,3.224,6.204,0.001,0.001,0.619,0.619,3.850,1.19,21.55,19.5529,0.3850,1.732
4260,25.000,0.006,0.006,3.912,3.912,6.390,0.001,0.001,0.771,0.771,4.690,1.19,20.00,18.0000,0.4690,2.111
4261,35.000,0.006,0.006,5.322,5.322,6.576,0.002,0.002,1.075,1.075,6.406,1.18,18.45,16.4471,0.6406,2.882
4262,50.000,0.006,0.006,7.407,7.407,6.750,0.006,0.006,1.531,1.531,8.951,1.18,17.00,15.0000,0.8951,4.028
4263,45.000,0.006,0.006,6.523,6.523,6.899,0.005,0.005,1.374,1.374,7.907,1.18,15.76,13.7574,0.7907,3.558
4264,30.000,0.006,0.006,4.277,4.277,7.014,0.001,0.001,0.914,0.914,5.199,1.17,14.80,12.8038,0.5199,2.339
4265,20.000,0.006,0.006,2.823,2.823,7.085,0.001,0.001,0.609,0.609,3.438,1.17,14.20,12.2044,0.3438,1.547
4266,25.000,0.006,0.006,3.516,3.516,7.110,0.001,0.001,0.760,0.760,4.283,1.17,14.00,12.0000,0.4283,1.928
4267,35.000,0.006,0.006,4.940,4.940,7.085,0.002,0.002,1.065,1.065,6.013,1.17,14.20,12.2044,0.6013,2.706
4268,50.000,0.006,0.006,7.129,7.129,7.014,0.006,0.006,1.523,1.523,8.665,1.17,14.80,12.8038,0.8665,3.899
4269,45.000,0.006,0.006,6.523,6.523,6.899,0.005,0.005,1.374,1.374,7.907,1.18,15.76,13.7574,0.7907,3.558
4270,30.000,0.006,0.006,4.444,4.444,6.750,0.001,0.001,0.919,0.919,5.370,1.18,17.00,15.0000,0.5370,2.417
4271,20.000,0.006,0.006,3.041,3.041,6.576,0.001,0.001,0.614,0.614,3.662,1.18,18.45,16.4471,0.3662,1.648
4272,25.000,0.006,0.006,3.912,3.912,6.390,0.001,0.001,0.771,0.771,4.690,1.19,20.00,18.0000,0.4690,2.111
4273,35.000,0.006,0.006,5.642,5.642,6.204,0.002,0.002,1.084,1.084,6.734,1.19,21.55,19.5529,0.6734,3.030
4274,50.000,0.006,0.006,8.292,8.292,6.030,0.006,0.006,1.554,1.554,9.859,1.20,23.00,21.0000,0.9859,4.436
4275,45.000,0.006,0.006,7.652,7.652,5.881,0.005,0.005,1.404,1.404,9.067,1.20,24.24,22.2426,0.9067,4.080
4276,30.000,0.006,0.006,5.202,5.202,5.766,0.001,0.001,0.939,0.939,6.149,1.20,25.20,23.1962,0.6149,2.767
4277,20.000,0.006,0.006,3.512,3.512,5.695,0.001,0.001,0.627,0.627,4.146,1.21,25.80,23.7956,0.4146,1.866
4278,25.000,0.006,0.006,4.409,4.409,5.670,0.001,0.001,0.784,0.784,5.200,1.21,26.00,24.0000,0.5200,2.340
4279,35.000,0.006,0.006,6.146,6.146,5.695,0.002,0.002,1.097,1.097,7.252,1.21,25.80,23.7956,0.7252,3.263
4280,50.000,0.006,0.006,8.671,8.671,5.766,0.006,0.006,1.565,1.565,10.248,1.20,25.20,23.1962,1.0248,4.611
4281,45.000,0.006,0.006,7.652,7.652,5.881,0.005,0.005,1.404,1.404,9.067,1.20,24.24,22.2426,0.9067,4.080
4282,30.000,0.006,0.006,4.975,4.975,6.030,0.001,0.001,0.933,0.933,5.915,1.20,23.00,21.0000,0.5915,2.662
4283,20.000,0.006,0.006,3.224,3.224,6.204,0.001,0.001,0.619,0.619,3.850,1.19,21.55,19.5529,0.3850,1.732
4284,25.000,0.006,0.006,3.912,3.912,6.390,0.001,0.001,0.771,0.771,4.690,1.19,20.00,18.0000,0.4690,2.111
4285,35.000,0.006,0.006,5.322,5.322,6.576,0.002,0.002,1.075,1.075,6.406,1.18,18.45,16.4471,0.6406,2.882
4286,50.000,0.006,0.006,7.407,7.407,6.750,0.006,0.006,1.531,1.531,8.951,1.18,17.00,15.0000,0.8951,4.028
4287,45.000,0.006,0.006,6.523,6.523,6.899,0.005,0.005,1.374,1.374,7.907,1.18,15.76,13.7574,0.7907,3.558
4288,30.000,0.006,0.006,4.277,4.277,7.014,0.001,0.001,0.914,0.914,5.199,1.17,14.80,12.8038,0.5199,2.339
4289,20.000,0.006,0.006,2.823,2.823,7.085,0.001,0.001,0.609,0.609,3.438,1.17,14.20,12.2044,0.3438,1.547
4290,25.000,0.006,0.006,3.516,3.516,7.110,0.001,0.001,0.760,0.760,4.283,1.17,14.00,12.0000,0.4283,1.928
4291,35.000,0.006,0.006,4.940,4.940,7.085,0.002,0.002,1.065,1.065,6.013,1.17,14.20,12.2044,0.6013,2.706
4292,50.000,0.006,0.006,7.129,7.129,7.014,0.006,0.006,1.523,1.523,8.665,1.17,14.80,12.8038,0.8665,3.899
4293,45.000,0.006,0.006,6.523,6.523,6.899,0.005,0.005,1.374,1.374,7.907,1.18,15.76,13.7574,0.7907,3.558
4294,30.000,0.006,0.006,4.444,4.444,6.750,0.001,0.001,0.919,0.919,5.370,1.18,17.00,15.0000,0.5370,2.417
4295,20.000,0.006,0.006,3.041,3.041,6.576,0.001,0.001,0.614,0.614,3.662,1.18,18.45,16.4471,0.3662,1.648
4296,25.000,0.006,0.006,3.912,3.912,6.390,0.001,0.001,0.771,0.771,4.690,1.19,20.00,18.0000,0.4690,2.111
4297,35.000,0.006,0.006,5.642,5.642,6.204,0.002,0.002,1.084,1.084,6.734,1.19,21.55,19.5529,0.6734,3.030
4298,50.000,0.006,0.006,8.292,8.292,6.030,0.006,0.006,1.554,1.554,9.859,1.20,23.00,21.0000,0.9859,4.436
4299,45.000,0.006,0.006,7.652,7.652,5.881,0.005,0.005,1.404,1.404,9.067,1.20,24.24,22.2426,0.9067,4.080
4300,30.000,0.006,0.006,5.202,5.202,5.766,0.001,0.001,0.939,0.939,6.149,1.20,25.20,23.1962,0.6149,2.767
4301,20.000,0.006,0.006,3.512,3.512,5.695,0.001,0.001,0.627,0.627,4.146,1.21,25.80,23.7956,0.4146,1.866
4302,25.000,0.006,0.006,4.409,4.409,5.670,0.001,0.001,0.784,0.784,5.200,1.21,26.00,24.0000,0.5200,2.340
4303,35.000,0.006,0.006,6.146,6.146,5.695,0.002,0.002,1.097,1.097,7.252,1.21,25.80,23.7956,0.7252,3.263
4304,50.000,0.006,0.006,8.671,8.671,5.766,0.006,0.006,1.565,1.565,10.248,1.20,25.20,23.1962,1.0248,4.611
4305,45.000,0.006,0.006,7.652,7.652,5.881,0.005,0.005,1.404,1.404,9.067,1.20,24.24,22.2426,0.9067,4.080
4306,30.000,0.006,0.006,4.975,4.975,6.030,0.001,0.001,0.933,0.933,5.915,1.20,23.00,21.0000,0.5915,2.662
4307,20.000,0.006,0.006,3.224,3.224,6.204,0.001,0.001,0.619,0.619,3.850,1.19,21.55,19.5529,0.3850,1.732
4308,25.000,0.006,0.006,3.912,3.912,6.390,0.001,0.001,0.771,0.771,4.690,1.19,20.00,18.0000,0.4690,2.111
4309,35.000,0.006,0.006,5.322,5.322,6.576,0.002,0.002,1.075,1.075,6.406,1.18,18.45,16.4471,0.6406,2.882
4310,50.000,0.006,0.006,7.407,7.407,6.750,0.006,0.006,1.531,1.531,8.951,1.18,17.00,15.0000,0.8951,4.028
4311,45.000,0.006,0.006,6.523,6.523,6.899,0.005,0.005,1.374,1.374,7.907,1.18,15.76,13.7574,0.7907,3.558
4312,30.000,0.006,0.006,4.277,4.277,7.014,0.001,0.001,0.914,0.914,5.199,1.17,14.80,12.8038,0.5199,2.339
4313,20.000,0.006,0.006,2.823,2.823,7.085,0.001,0.001,0.609,0.609,3.438,1.17,14.20,12.2044,0.3438,1.547
4314,25.000,0.006,0.006,3.516,3.516,7.110,0.001,0.001,0.760,0.760,4.283,1.17,14.00,12.0000,0.4283,1.928
4315,35.000,0.006,0.006,4.940,4.940,7.085,0.002,0.002,1.065,1.065,6.013,1.17,14.20,12.2044,0.6013,2.706
4316,50.000,0.006,0.006,7.129,7.129,7.014,0.006,0.006,1.523,1.523,8.665,1.17,14.80,12.8038,0.8665,3.899
4317,45.000,0.006,0.006,6.523,6.523,6.899,0.005,0.005,1.374,1.374,7.907,1.18,15.76,13.7574,0.7907,3.558
4318,30.000,0.006,0.006,4.444,4.444,6.750,0.001,0.001,0.919,0.919,5.370,1.18,17.00,15.0000,0.5370,2.417
4319,20.000,0.006,0.006,3.041,3.041,6.576,0.001,0.001,0.614,0.614,3.662,1.18,18.45,16.4471,0.3662,1.648
4320,25.000,0.006,0.006,3.912,3.912,6.390,0.001,0.001,0.771,0.771,4.690,1.19,20.00,18.0000,0.4690,2.111
4321,35.000,0.006,0.006,5.642,5.642,6.204,0.002,0.002,1.084,1.084,6.734,1.19,21.55,19.5529,0.6734,3.030
4322,50.000,0.006,0.006,8.292,8.292,6.030,0.006,0.006,1.554,1.554,9.859,1.20,23.00,21.0000,0.9859,4.436
4323,45.000,0.006,0.006,7.652,7.652,5.881,0.005,0.005,1.404,1.404,9.067,1.20,24.24,22.2426,0.9067,4.080
4324,30.000,0.006,0.006,5.202,5.202,5.766,0.001,0.001,0.939,0.939,6.149,1.20,25.20,23.1962,0.6149,2.767
4325,20.000,0.006,0.006,3.512,3.512,5.695,0.001,0.001,0.627,0.627,4.146,1.21,25.80,23.7956,0.4146,1.866
4326,25.000,0.006,0.006,4.409,4.409,5.670,0.001,0.001,0.784,0.784,5.200,1.21,26.00,24.0000,0.5200,2.340
4327,35.000,0.006,0.006,6.146,6.146,5.695,0.002,0.002,1.097,1.097,7.252,1.21,25.80,23.7956,0.7252,3.263
4328,50.000,0.006,0.006,8.671,8.671,5.766,0.006,0.006,1.565,1.565,10.248,1.20,25.20,23.1962,1.0248,4.611
4329,45.000,0.006,0.006,7.652,7.652,5.881,0.005,0.005,1.404,1.404,9.067,1.20,24.24,22.2426,0.9067,4.080
4330,30.000,0.006,0.006,4.975,4.975,6.030,0.001,0.001,0.933,0.933,5.915,1.20,23.00,21.0000,0.5915,2.662
4331,20.000,0.006,0.006,3.224,3.224,6.204,0.001,0.001,0.619,0.619,3.850,1.19,21.55,19.5529,0.3850,1.732
4332,25.000,0.006,0.006,3.912,3.912,6.390,0.001,0.001,0.771,0.771,4.690,1.19,20.00,18.0000,0.4690,2.111
4333,35.000,0.006,0.006,5.322,5.322,6.576,0.002,0.002,1.075,1.075,6.406,1.18,18.45,16.4471,0.6406,2.882
4334,50.000,0.006,0.006,7.407,7.407,6.750,0.006,0.006,1.531,1.531,8.951,1.18,17.00,15.0000,0.8951,4.028
4335,45.000,0.006,0.006,6.523,6.523,6.899,0.005,0.005,1.374,1.374,7.907,1.18,15.76,13.7574,0.7907,3.558
4336,30.000,0.006,0.006,4.277,4.277,7.014,0.001,0.001,0.914,0.914,5.199,1.17,14.80,12.8038,0.5199,2.339
4337,20.000,0.006,0.006,2.823,2.823,7.085,0.001,0.001,0.609,0.609,3.438,1.17,14.20,12.2044,0.3438,1.547
4338,25.000,0.006,0.006,3.516,3.516,7.110,0.001,0.001,0.760,0.760,4.283,1.17,14.00,12.0000,0.4283,1.928
4339,35.000,0.006,0.006,4.940,4.940,7.085,0.002,0.002,1.065,1.065,6.013,1.17,14.20,12.2044,0.6013,2.706
4340,50.000,0.006,0.006,7.129,7.129,7.014,0.006,0.006,1.523,1.523,8.665,1.17,14.80,12.8038,0.8665,3.899
4341,45.000,0.006,0.006,6.523,6.523,6.899,0.005,0.005,1.374,1.374,7.907,1.18,15.76,13.7574,0.7907,3.558
4342,30.000,0.006,0.006,4.444,4.444,6.750,0.001,0.001,0.919,0.919,5.370,1.18,17.00,15.0000,0.5370,2.417
4343,20.000,0.006,0.006,3.041,3.041,6.576,0.001,0.001,0.614,0.614,3.662,1.18,18.45,16.4471,0.3662,1.648
4344,25.000,0.006,0.006,3.912,3.912,6.390,0.001,0.001,0.771,0.771,4.690,1.19,20.00,18.0000,0.4690,2.111
4345,35.000,0.006,0.006,5.642,5.642,6.204,0.002,0.002,1.084,1.084,6.734,1.19,21.55,19.5529,0.6734,3.030
4346,50.000,0.006,0.006,8.292,8.292,6.030,0.006,0.006,1.554,1.554,9.859,1.20,23.00,21.0000,0.9859,4.436
4347,45.000,0.006,0.006,7.652,7.652,5.881,0.005,0.005,1.404,1.404,9.067,1.20,24.24,22.2426,0.9067,4.080
4348,30.000,0.006,0.006,5.202,5.202,5.766,0.001,0.001,0.939,0.939,6.149,1.20,25.20,23.1962,0.6149,2.767
4349,20.000,0.006,0.006,3.512,3.512,5.695,0.001,0.001,0.627,0.627,4.146,1.21,25.80,23.7956,0.4146,1.866
4350,25.000,0.006,0.006,4.409,4.409,5.670,0.001,0.001,0.784,0.784,5.200,1.21,26.00,24.0000,0.5200,2.340
4351,35.000,0.006,0.006,6.146,6.146,5.695,0.002,0.002,1.097,1.097,7.252,1.21,25.80,23.7956,0.7252,3.263
4352,50.000,0.006,0.006,8.671,8.671,5.766,0.006,0.006,1.565,1.565,10.248,1.20,25.20,23.1962,1.0248,4.611
4353,45.000,0.006,0.006,7.652,7.652,5.881,0.005,0.005,1.404,1.404,9.067,1.20,24.24,22.2426,0.9067,4.080
4354,30.000,0.006,0.006,4.975,4.975,6.030,0.001,0.001,0.933,0.933,5.915,1.20,23.00,21.0000,0.5915,2.662
4355,20.000,0.006,0.006,3.224,3.224,6.204,0.001,0.001,0.619,0.619,3.850,1.19,21.55,19.5529,0.3850,1.732
4356,25.000,0.006,0.006,3.912,3.912,6.390,0.001,0.001,0.771,0.771,4.690,1.19,20.00,18.0000,0.4690,2.111
4357,35.000,0.006,0.006,5.322,5.322,6.576,0.002,0.002,1.075,1.075,6.406,1.18,18.45,16.4471,0.6406,2.882
4358,50.000,0.006,0.006,7.407,7.407,6.750,0.006,0.006,1.531,1.531,8.951,1.18,17.00,15.0000,0.8951,4.028
4359,45.000,0.006,0.006,6.523,6.523,6.899,0.005,0.005,1.374,1.374,7.907,1.18,15.76,13.7574,0.7907,3.558
4360,30.000,0.006,0.006,4.277,4.277,7.014,0.001,0.001,0.914,0.914,5.199,1.17,14.80,12.8038,0.5199,2.339
4361,20.000,0.006,0.006,2.823,2.823,7.085,0.001,0.001,0.609,0.609,3.438,1.17,14.20,12.2044,0.3438,1.547
4362,25.000,0.006,0.006,3.516,3.516,7.110,0.001,0.001,0.760,0.760,4.283,1.17,14.00,12.0000,0.4283,1.928
4363,35.000,0.006,0.006,4.940,4.940,7.085,0.002,0.002,1.065,1.065,6.013,1.17,14.20,12.2044,0.6013,2.706
4364,50.000,0.006,0.006,7.129,7.129,7.014,0.006,0.006,1.523,1.523,8.665,1.17,14.80,12.8038,0.8665,3.899
4365,45.000,0.006,0.006,6.523,6.523,6.899,0.005,0.005,1.374,1.374,7.907,1.18,15.76,13.7574,0.7907,3.558
4366,30.000,0.006,0.006,4.444,4.444,6.750,0.001,0.001,0.919,0.919,5.370,1.18,17.00,15.0000,0.5370,2.417
4367,20.000,0.006,0.006,3.041,3.041,6.576,0.001,0.001,0.614,0.614,3.662,1.18,18.45,16.4471,0.3662,1.648
4368,25.000,0.006,0.006,3.912,3.912,6.390,0.001,0.001,0.771,0.771,4.690,1.19,20.00,18.0000,0.4690,2.111
4369,35.000,0.006,0.006,5.642,5.642,6.204,0.002,0.002,1.084,1.084,6.734,1.19,21.55,19.5529,0.6734,3.030
4370,50.000,0.006,0.006,8.292,8.292,6.030,0.006,0.006,1.554,1.554,9.859,1.20,23.00,21.0000,0.9859,4.436
4371,45.000,0.006,0.006,7.652,7.652,5.881,0.005,0.005,1.404,1.404,9.067,1.20,24.24,22.2426,0.9067,4.080
4372,30.000,0.006,0.006,5.202,5.202,5.766,0.001,0.001,0.939,0.939,6.149,1.20,25.20,23.1962,0.6149,2.767
4373,20.000,0.006,0.006,3.512,3.512,5.695,0.001,0.001,0.627,0.627,4.146,1.21,25.80,23.7956,0.4146,1.866
4374,25.000,0.006,0.006,4.409,4.409,5.670,0.001,0.001,0.784,0.784,5.200,1.21,26.00,24.0000,0.5200,2.340
4375,35.000,0.006,0.006,6.146,6.146,5.695,0.002,0.002,1.097,1.097,7.252,1.21,25.80,23.7956,0.7252,3.263
4376,50.000,0.006,0.006,8.671,8.671,5.766,0.006,0.006,1.565,1.565,10.248,1.20,25.20,23.1962,1.0248,4.611
4377,45.000,0.006,0.006,7.652,7.652,5.881,0.005,0.005,1.404,1.404,9.067,1.20,24.24,22.2426,0.9067,4.080
4378,30.000,0.006,0.006,4.975,4.975,6.030,0.001,0.001,0.933,0.933,5.915,1.20,23.00,21.0000,0.5915,2.662
4379,20.000,0.006,0.006,3.224,3.224,6.204,0.001,0.001,0.619,0.619,3.850,1.19,21.55,19.5529,0.3850,1.732
4380,25.000,0.006,0.006,3.912,3.912,6.390,0.001,0.001,0.771,0.771,4.690,1.19,20.00,18.0000,0.4690,2.111
4381,35.000,0.006,0.006,5.322,5.322,6.576,0.002,0.002,1.075,1.075,6.406,1.18,18.45,16.4471,0.6406,2.882
4382,50.000,0.006,0.006,7.407,7.407,6.750,0.006,0.006,1.531,1.531,8.951,1.18,17.00,15.0000,0.8951,4.028
4383,45.000,0.006,0.006,6.523,6.523,6.899,0.005,0.005,1.374,1.374,7.907,1.18,15.76,13.7574,0.7907,3.558
4384,30.000,0.006,0.006,4.277,4.277,7.014,0.001,0.001,0.914,0.914,5.199,1.17,14.80,12.8038,0.5199,2.339
4385,20.000,0.006,0.006,2.823,2.823,7.085,0.001,0.001,0.609,0.609,3.438,1.17,14.20,12.2044,0.3438,1.547
4386,25.000,0.006,0.006,3.516,3.516,7.110,0.001,0.001,0.760,0.760,4.283,1.17,14.00,12.0000,0.4283,1.928
4387,35.000,0.006,0.006,4.940,4.940,7.085,0.002,0.002,1.065,1.065,6.013,1.17,14.20,12.2044,0.6013,2.706
4388,50.000,0.006,0.006,7.129,7.129,7.014,0.006,0.006,1.523,1.523,8.665,1.17,14.80,12.8038,0.8665,3.899
4389,45.000,0.006,0.006,6.523,6.523,6.899,0.005,0.005,1.374,1.374,7.907,1.18,15.76,13.7574,0.7907,3.558
4390,30.000,0.006,0.006,4.444,4.444,6.750,0.001,0.001,0.919,0.919,5.370,1.18,17.00,15.0000,0.5370,2.417
4391,20.000,0.006,0.006,3.041,3.041,6.576,0.001,0.001,0.614,0.614,3.662,1.18,18.45,16.4471,0.3662,1.648
4392,25.000,0.006,0.006,3.912,3.912,6.390,0.001,0.001,0.771,0.771,4.690,1.19,20.00,18.0000,0.4690,2.111
4393,35.000,0.006,0.006,5.642,5.642,6.204,0.002,0.002,1.084,1.084,6.734,1.19,21.55,19.5529,0.6734,3.030
4394,50.000,0.006,0.006,8.292,8.292,6.030,0.006,0.006,1.554,1.554,9.859,1.20,23.00,21.0000,0.9859,4.436
4395,45.000,0.006,0.006,7.652,7.652,5.881,0.005,0.005,1.404,1.404,9.067,1.20,24.24,22.2426,0.9067,4.080
4396,30.000,0.006,0.006,5.202,5.202,5.766,0.001,0.001,0.939,0.939,6.149,1.20,25.20,23.1962,0.6149,2.767
4397,20.000,0.006,0.006,3.512,3.512,5.695,0.001,0.001,0.627,0.627,4.146,1.21,25.80,23.7956,0.4146,1.866
4398,25.000,0.006,0.006,4.409,4.409,5.670,0.001,0.001,0.784,0.784,5.200,1.21,26.00,24.0000,0.5200,2.340
4399,35.000,0.006,0.006,6.146,6.146,5.695,0.002,0.002,1.097,1.097,7.252,1.21,25.80,23.7956,0.7252,3.263
4400,50.000,0.006,0.006,8.671,8.671,5.766,0.006,0.006,1.565,1.565,10.248,1.20,25.20,23.1962,1.0248,4.611
4401,45.000,0.006,0.006,7.652,7.652,5.881,0.005,0.005,1.404,1.404,9.067,1.20,24.24,22.2426,0.9067,4.080
4402,30.000,0.006,0.006,4.975,4.975,6.030,0.001,0.001,0.933,0.933,5.915,1.20,23.00,21.0000,0.5915,2.662
4403,20.000,0.006,0.006,3.224,3.224,6.204,0.001,0.001,0.619,0.619,3.850,1.19,21.55,19.5529,0.3850,1.732
4404,25.000,0.006,0.006,3.912,3.912,6.390,0.001,0.001,0.771,0.771,4.690,1.19,20.00,18.0000,0.4690,2.111
4405,35.000,0.006,0.006,5.322,5.322,6.576,0.002,0.002,1.075,1.075,6.406,1.18,18.45,16.4471,0.6406,2.882
4406,50.000,0.006,0.006,7.407,7.407,6.750,0.006,0.006,1.531,1.531,8.951,1.18,17.00,15.0000,0.8951,4.028
4407,45.000,0.006,0.006,6.523,6.523,6.899,0.005,0.005,1.374,1.374,7.907,1.18,15.76,13.7574,0.7907,3.558
4408,30.000,0.006,0.006,4.277,4.277,7.014,0.001,0.001,0.914,0.914,5.199,1.17,14.80,12.8038,0.5199,2.339
4409,20.000,0.006,0.006,2.823,2.823,7.085,0.001,0.001,0.609,0.609,3.438,1.17,14.20,12.2044,0.3438,1.547
4410,25.000,0.006,0.006,3.516,3.516,7.110,0.001,0.001,0.760,0.760,4.283,1.17,14.00,12.0000,0.4283,1.928
4411,35.000,0.006,0.006,4.940,4.940,7.085,0.002,0.002,1.065,1.065,6.013,1.17,14.20,12.2044,0.6013,2.706
4412,50.000,0.006,0.006,7.129,7.129,7.014,0.006,0.006,1.523,1.523,8.665,1.17,14.80,12.8038,0.8665,3.899
4413,45.000,0.006,0.006,6.523,6.523,6.899,0.005,0.005,1.374,1.374,7.907,1.18,15.76,13.7574,0.7907,3.558
4414,30.000,0.006,0.006,4.444,4.444,6.750,0.001,0.001,0.919,0.919,5.370,1.18,17.00,15.0000,0.5370,2.417
4415,20.000,0.006,0.006,3.041,3.041,6.576,0.001,0.001,0.614,0.614,3.662,1.18,18.45,16.4471,0.3662,1.648
4416,25.000,0.006,0.006,3.912,3.912,6.390,0.001,0.001,0.771,0.771,4.690,1.19,20.00,18.0000,0.4690,2.111
4417,35.000,0.006,0.006,5.642,5.642,6.204,0.002,0.002,1.084,1.084,6.734,1.19,21.55,19.5529,0.6734,3.030
4418,50.000,0.006,0.006,8.292,8.292,6.030,0.006,0.006,1.554,1.554,9.859,1.20,23.00,21.0000,0.9859,4.436
4419,45.000,0.006,0.006,7.652,7.652,5.881,0.005,0.005,1.404,1.404,9.067,1.20,24.24,22.2426,0.9067,4.080
4420,30.000,0.006,0.006,5.202,5.202,5.766,0.001,0.001,0.939,0.939,6.149,1.20,25.20,23.1962,0.6149,2.767
4421,20.000,0.006,0.006,3.512,3.512,5.695,0.001,0.001,0.627,0.627,4.146,1.21,25.80,23.7956,0.4146,1.866
4422,25.000,0.006,0.006,4.409,4.409,5.670,0.001,0.001,0.784,0.784,5.200,1.21,26.00,24.0000,0.5200,2.340
4423,35.000,0.006,0.006,6.146,6.146,5.695,0.002,0.002,1.097,1.097,7.252,1.21,25.80,23.7956,0.7252,3.263
4424,50.000,0.006,0.006,8.671,8.671,5.766,0.006,0.006,1.565,1.565,10.248,1.20,25.20,23.1962,1.0248,4.611
4425,45.000,0.006,0.006,7.652,7.652,5.881,0.005,0.005,1.404,1.404,9.067,1.20,24.24,22.2426,0.9067,4.080
4426,30.000,0.006,0.006,4.975,4.975,6.030,0.001,0.001,0.933,0.933,5.915,1.20,23.00,21.0000,0.5915,2.662
4427,20.000,0.006,0.006,3.224,3.224,6.204,0.001,0.001,0.619,0.619,3.850,1.19,21.55,19.5529,0.3850,1.732
4428,25.000,0.006,0.006,3.912,3.912,6.390,0.001,0.001,0.771,0.771,4.690,1.19,20.00,18.0000,0.4690,2.111
4429,35.000,0.006,0.006,5.322,5.322,6.576,0.002,0.002,1.075,1.075,6.406,1.18,18.45,16.4471,0.6406,2.882
4430,50.000,0.006,0.006,7.407,7.407,6.750,0.006,0.006,1.531,1.531,8.951,1.18,17.00,15.0000,0.8951,4.028
4431,45.000,0.006,0.006,6.523,6.523,6.899,0.005,0.005,1.374,1.374,7.907,1.18,15.76,13.7574,0.7907,3.558
4432,30.000,0.006,0.006,4.277,4.277,7.014,0.001,0.001,0.914,0.914,5.199,1.17,14.80,12.8038,0.5199,2.339
4433,20.000,0.006,0.006,2.823,2.823,7.085,0.001,0.001,0.609,0.609,3.438,1.17,14.20,12.2044,0.3438,1.547
4434,25.000,0.006,0.006,3.516,3.516,7.110,0.001,0.001,0.760,0.760,4.283,1.17,14.00,12.0000,0.4283,1.928
4435,35.000,0.006,0.006,4.940,4.940,7.085,0.002,0.002,1.065,1.065,6.013,1.17,14.20,12.2044,0.6013,2.706
4436,50.000,0.006,0.006,7.129,7.129,7.014,0.006,0.006,1.523,1.523,8.665,1.17,14.80,12.8038,0.8665,3.899
4437,45.000,0.006,0.006,6.523,6.523,6.899,0.005,0.005,1.374,1.374,7.907,1.18,15.76,13.7574,0.7907,3.558
4438,30.000,0.006,0.006,4.444,4.444,6.750,0.001,0.001,0.919,0.919,5.370,1.18,17.00,15.0000,0.5370,2.417
4439,20.000,0.006,0.006,3.041,3.041,6.576,0.001,0.001,0.614,0.614,3.662,1.18,18.45,16.4471,0.3662,1.648
4440,25.000,0.006,0.006,3.912,3.912,6.390,0.001,0.001,0.771,0.771,4.690,1.19,20.00,18.0000,0.4690,2.111
4441,35.000,0.006,0.006,5.642,5.642,6.204,0.002,0.002,1.084,1.084,6.734,1.19,21.55,19.5529,0.6734,3.030
4442,50.000,0.006,0.006,8.292,8.292,6.030,0.006,0.006,1.554,1.554,9.859,1.20,23.00,21.0000,0.9859,4.436
4443,45.000,0.006,0.006,7.652,7.652,5.881,0.005,0.005,1.404,1.404,9.067,1.20,24.24,22.2426,0.9067,4.080
4444,30.000,0.006,0.006,5.202,5.202,5.766,0.001,0.001,0.939,0.939,6.149,1.20,25.20,23.1962,0.6149,2.767
4445,20.000,0.006,0.006,3.512,3.512,5.695,0.001,0.001,0.627,0.627,4.146,1.21,25.80,23.7956,0.4146,1.866
4446,25.000,0.006,0.006,4.409,4.409,5.670,0.001,0.001,0.784,0.784,5.200,1.21,26.00,24.0000,0.5200,2.340
4447,35.000,0.006,0.006,6.146,6.146,5.695,0.002,0.002,1.097,1.097,7.252,1.21,25.80,23.7956,0.7252,3.263
4448,50.000,0.006,0.006,8.671,8.671,5.766,0.006,0.006,1.565,1.565,10.248,1.20,25.20,23.1962,1.0248,4.611
4449,45.000,0.006,0.006,7.652,7.652,5.881,0.005,0.005,1.404,1.404,9.067,1.20,24.24,22.2426,0.9067,4.080
4450,30.000,0.006,0.006,4.975,4.975,6.030,0.001,0.001,0.933,0.933,5.915,1.20,23.00,21.0000,0.5915,2.662
4451,20.000,0.006,0.006,3.224,3.224,6.204,0.001,0.001,0.619,0.619,3.850,1.19,21.55,19.5529,0.3850,1.732
4452,25.000,0.006,0.006,3.912,3.912,6.390,0.001,0.001,0.771,0.771,4.690,1.19,20.00,18.0000,0.4690,2.111
4453,35.000,0.006,0.006,5.322,5.322,6.576,0.002,0.002,1.075,1.075,6.406,1.18,18.45,16.4471,0.6406,2.882
4454,50.000,0.006,0.006,7.407,7.407,6.750,0.006,0.006,1.531,1.531,8.951,1.18,17.00,15.0000,0.8951,4.028
4455,45.000,0.006,0.006,6.523,6.523,6.899,0.005,0.005,1.374,1.374,7.907,1.18,15.76,13.7574,0.7907,3.558
4456,30.000,0.006,0.006,4.277,4.277,7.014,0.001,0.001,0.914,0.914,5.199,1.17,14.80,12.8038,0.5199,2.339
4457,20.000,0.006,0.006,2.823,2.823,7.085,0.001,0.001,0.609,0.609,3.438,1.17,14.20,12.2044,0.3438,1.547
4458,25.000,0.006,0.006,3.516,3.516,7.110,0.001,0.001,0.760,0.760,4.283,1.17,14.00,12.0000,0.4283,1.928
4459,35.000,0.006,0.006,4.940,4.940,7.085,0.002,0.002,1.065,1.065,6.013,1.17,14.20,12.2044,0.6013,2.706
4460,50.000,0.006,0.006,7.129,7.129,7.014,0.006,0.006,1.523,1.523,8.665,1.17,14.80,12.8038,0.8665,3.899
4461,45.000,0.006,0.006,6.523,6.523,6.899,0.005,0.005,1.374,1.374,7.907,1.18,15.76,13.7574,0.7907,3.558
4462,30.000,0.006,0.006,4.444,4.444,6.750,0.001,0.001,0.919,0.919,5.370,1.18,17.00,15.0000,0.5370,2.417
4463,20.000,0.006,0.006,3.041,3.041,6.576,0.001,0.001,0.614,0.614,3.662,1.18,18.45,16.4471,0.3662,1.648
4464,25.000,0.006,0.006,3.912,3.912,6.390,0.001,0.001,0.771,0.771,4.690,1.19,20.00,18.0000,0.4690,2.111
4465,35.000,0.006,0.006,5.642,5.642,6.204,0.002,0.002,1.084,1.084,6.734,1.19,21.55,19.5529,0.6734,3.030
4466,50.000,0.006,0.006,8.292,8.292,6.030,0.006,0.006,1.554,1.554,9.859,1.20,23.00,21.0000,0.9859,4.436
4467,45.000,0.006,0.006,7.652,7.652,5.881,0.005,0.005,1.404,1.404,9.067,1.20,24.24,22.2426,0.9067,4.080
4468,30.000,0.006,0.006,5.202,5.202,5.766,0.001,0.001,0.939,0.939,6.149,1.20,25.20,23.1962,0.6149,2.767
4469,20.000,0.006,0.006,3.512,3.512,5.695,0.001,0.001,0.627,0.627,4.146,1.21,25.80,23.7956,0.4146,1.866
4470,25.000,0.006,0.006,4.409,4.409,5.670,0.001,0.001,0.784,0.784,5.200,1.21,26.00,24.0000,0.5200,2.340
4471,35.000,0.006,0.006,6.146,6.146,5.695,0.002,0.002,1.097,1.097,7.252,1.21,25.80,23.7956,0.7252,3.263
4472,50.000,0.006,0.006,8.671,8.671,5.766,0.006,0.006,1.565,1.565,10.248,1.20,25.20,23.1962,1.0248,4.611
4473,45.000,0.006,0.006,7.652,7.652,5.881,0.005,0.005,1.404,1.404,9.067,1.20,24.24,22.2426,0.9067,4.080
4474,30.000,0.006,0.006,4.975,4.975,6.030,0.001,0.001,0.933,0.933,5.915,1.20,23.00,21.0000,0.5915,2.662
4475,20.000,0.006,0.006,3.224,3.224,6.204,0.001,0.001,0.619,0.619,3.850,1.19,21.55,19.5529,0.3850,1.732
4476,25.000,0.006,0.006,3.912,3.912,6.390,0.001,0.001,0.771,0.771,4.690,1.19,20.00,18.0000,0.4690,2.111
4477,35.000,0.006,0.006,5.322,5.322,6.576,0.002,0.002,1.075,1.075,6.406,1.18,18.45,16.4471,0.6406,2.882
4478,50.000,0.006,0.006,7.407,7.407,6.750,0.006,0.006,1.531,1.531,8.951,1.18,17.00,15.0000,0.8951,4.028
4479,45.000,0.006,0.006,6.523,6.523,6.899,0.005,0.005,1.374,1.374,7.907,1.18,15.76,13.7574,0.7907,3.558
4480,30.000,0.006,0.006,4.277,4.277,7.014,0.001,0.001,0.914,0.914,5.199,1.17,14.80,12.8038,0.5199,2.339
4481,20.000,0.006,0.006,2.823,2.823,7.085,0.001,0.001,0.609,0.609,3.438,1.17,14.20,12.2044,0.3438,1.547
4482,25.000,0.006,0.006,3.516,3.516,7.110,0.001,0.001,0.760,0.760,4.283,1.17,14.00,12.0000,0.4283,1.928
4483,35.000,0.006,0.006,4.940,4.940,7.085,0.002,0.002,1.065,1.065,6.013,1.17,14.20,12.2044,0.6013,2.706
4484,50.000,0.006,0.006,7.129,7.129,7.014,0.006,0.006,1.523,1.523,8.665,1.17,14.80,12.8038,0.8665,3.899
4485,45.000,0.006,0.006,6.523,6.523,6.899,0.005,0.005,1.374,1.374,7.907,1.18,15.76,13.7574,0.7907,3.558
4486,30.000,0.006,0.006,4.444,4.444,6.750,0.001,0.001,0.919,0.919,5.370,1.18,17.00,15.0000,0.5370,2.417
4487,20.000,0.006,0.006,3.041,3.041,6.576,0.001,0.001,0.614,0.614,3.662,1.18,18.45,16.4471,0.3662,1.648
4488,25.000,0.006,0.006,3.912,3.912,6.390,0.001,0.001,0.771,0.771,4.690,1.19,20.00,18.0000,0.4690,2.111
4489,35.000,0.006,0.006,5.642,5.642,6.204,0.002,0.002,1.084,1.084,6.734,1.19,21.55,19.5529,0.6734,3.030
4490,50.000,0.006,0.006,8.292,8.292,6.030,0.006,0.006,1.554,1.554,9.859,1.20,23.00,21.0000,0.9859,4.436
4491,45.000,0.006,0.006,7.652,7.652,5.881,0.005,0.005,1.404,1.404,9.067,1.20,24.24,22.2426,0.9067,4.080
4492,30.000,0.006,0.006,5.202,5.202,5.766,0.001,0.001,0.939,0.939,6.149,1.20,25.20,23.1962,0.6149,2.767
4493,20.000,0.006,0.006,3.512,3.512,5.695,0.001,0.001,0.627,0.627,4.146,1.21,25.80,23.7956,0.4146,1.866
4494,25.000,0.006,0.006,4.409,4.409,5.670,0.001,0.001,0.784,0.784,5.200,1.21,26.00,24.0000,0.5200,2.340
4495,35.000,0.006,0.006,6.146,6.146,5.695,0.002,0.002,1.097,1.097,7.252,1.21,25.80,23.7956,0.7252,3.263
4496,50.000,0.006,0.006,8.671,8.671,5.766,0.006,0.006,1.565,1.565,10.248,1.20,25.20,23.1962,1.0248,4.611
4497,45.000,0.006,0.006,7.652,7.652,5.881,0.005,0.005,1.404,1.404,9.067,1.20,24.24,22.2426,0.9067,4.080
4498,30.000,0.006,0.006,4.975,4.975,6.030,0.001,0.001,0.933,0.933,5.915,1.20,23.00,21.0000,0.5915,2.662
4499,20.000,0.006,0.006,3.224,3.224,6.204,0.001,0.001,0.619,0.619,3.850,1.19,21.55,19.5529,0.3850,1.732
4500,25.000,0.006,0.006,3.912,3.912,6.390,0.001,0.001,0.771,0.771,4.690,1.19,20.00,18.0000,0.4690,2.111
4501,35.000,0.006,0.006,5.322,5.322,6.576,0.002,0.002,1.075,1.075,6.406,1.18,18.45,16.4471,0.6406,2.882
4502,50.000,0.006,0.006,7.407,7.407,6.750,0.006,0.006,1.531,1.531,8.951,1.18,17.00,15.0000,0.8951,4.028
4503,45.000,0.006,0.006,6.523,6.523,6.899,0.005,0.005,1.374,1.374,7.907,1.18,15.76,13.7574,0.7907,3.558
4504,30.000,0.006,0.006,4.277,4.277,7.014,0.001,0.001,0.914,0.914,5.199,1.17,14.80,12.8038,0.5199,2.339
4505,20.000,0.006,0.006,2.823,2.823,7.085,0.001,0.001,0.609,0.609,3.438,1.17,14.20,12.2044,0.3438,1.547
4506,25.000,0.006,0.006,3.516,3.516,7.110,0.001,0.001,0.760,0.760,4.283,1.17,14.00,12.0000,0.4283,1.928
4507,35.000,0.006,0.006,4.940,4.940,7.085,0.002,0.002,1.065,1.065,6.013,1.17,14.20,12.2044,0.6013,2.706
4508,50.000,0.006,0.006,7.129,7.129,7.014,0.006,0.006,1.523,1.523,8.665,1.17,14.80,12.8038,0.8665,3.899
4509,45.000,0.006,0.006,6.523,6.523,6.899,0.005,0.005,1.374,1.374,7.907,1.18,15.76,13.7574,0.7907,3.558
4510,30.000,0.006,0.006,4.444,4.444,6.750,0.001,0.001,0.919,0.919,5.370,1.18,17.00,15.0000,0.5370,2.417
4511,20.000,0.006,0.006,3.041,3.041,6.576,0.001,0.001,0.614,0.614,3.662,1.18,18.45,16.4471,0.3662,1.648
4512,25.000,0.006,0.006,3.912,3.912,6.390,0.001,0.001,0.771,0.771,4.690,1.19,20.00,18.0000,0.4690,2.111
4513,35.000,0.006,0.006,5.642,5.642,6.204,0.002,0.002,1.084,1.084,6.734,1.19,21.55,19.5529,0.6734,3.030
4514,50.000,0.006,0.006,8.292,8.292,6.030,0.006,0.006,1.554,1.554,9.859,1.20,23.00,21.0000,0.9859,4.436
4515,45.000,0.006,0.006,7.652,7.652,5.881,0.005,0.005,1.404,1.404,9.067,1.20,24.24,22.2426,0.9067,4.080
4516,30.000,0.006,0.006,5.202,5.202,5.766,0.001,0.001,0.939,0.939,6.149,1.20,25.20,23.1962,0.6149,2.767
4517,20.000,0.006,0.006,3.512,3.512,5.695,0.001,0.001,0.627,0.627,4.146,1.21,25.80,23.7956,0.4146,1.866
4518,25.000,0.006,0.006,4.409,4.409,5.670,0.001,0.001,0.784,0.784,5.200,1.21,26.00,24.0000,0.5200,2.340
4519,35.000,0.006,0.006,6.146,6.146,5.695,0.002,0.002,1.097,1.097,7.252,1.21,25.80,23.7956,0.7252,3.263
4520,50.000,0.006,0.006,8.671,8.671,5.766,0.006,0.006,1.565,1.565,10.248,1.20,25.20,23.1962,1.0248,4.611
4521,45.000,0.006,0.006,7.652,7.652,5.881,0.005,0.005,1.404,1.404,9.067,1.20,24.24,22.2426,0.9067,4.080
4522,30.000,0.006,0.006,4.975,4.975,6.030,0.001,0.001,0.933,0.933,5.915,1.20,23.00,21.0000,0.5915,2.662
4523,20.000,0.006,0.006,3.224,3.224,6.204,0.001,0.001,0.619,0.619,3.850,1.19,21.55,19.5529,0.3850,1.732
4524,25.000,0.006,0.006,3.912,3.912,6.390,0.001,0.001,0.771,0.771,4.690,1.19,20.00,18.0000,0.4690,2.111
4525,35.000,0.006,0.006,5.322,5.322,6.576,0.002,0.002,1.075,1.075,6.406,1.18,18.45,16.4471,0.6406,2.882
4526,50.000,0.006,0.006,7.407,7.407,6.750,0.006,0.006,1.531,1.531,8.951,1.18,17.00,15.0000,0.8951,4.028
4527,45.000,0.006,0.006,6.523,6.523,6.899,0.005,0.005,1.374,1.374,7.907,1.18,15.76,13.7574,0.7907,3.558
4528,30.000,0.006,0.006,4.277,4.277,7.014,0.001,0.001,0.914,0.914,5.199,1.17,14.80,12.8038,0.5199,2.339
4529,20.000,0.006,0.006,2.823,2.823,7.085,0.001,0.001,0.609,0.609,3.438,1.17,14.20,12.2044,0.3438,1.547
4530,25.000,0.006,0.006,3.516,3.516,7.110,0.001,0.001,0.760,0.760,4.283,1.17,14.00,12.0000,0.4283,1.928
4531,35.000,0.006,0.006,4.940,4.940,7.085,0.002,0.002,1.065,1.065,6.013,1.17,14.20,12.2044,0.6013,2.706
4532,50.000,0.006,0.006,7.129,7.129,7.014,0.006,0.006,1.523,1.523,8.665,1.17,14.80,12.8038,0.8665,3.899
4533,45.000,0.006,0.006,6.523,6.523,6.899,0.005,0.005,1.374,1.374,7.907,1.18,15.76,13.7574,0.7907,3.558
4534,30.000,0.006,0.006,4.444,4.444,6.750,0.001,0.001,0.919,0.919,5.370,1.18,17.00,15.0000,0.5370,2.417
4535,20.000,0.006,0.006,3.041,3.041,6.576,0.001,0.001,0.614,0.614,3.662,1.18,18.45,16.4471,0.3662,1.648
4536,25.000,0.006,0.006,3.912,3.912,6.390,0.001,0.001,0.771,0.771,4.690,1.19,20.00,18.0000,0.4690,2.111
4537,35.000,0.006,0.006,5.642,5.642,6.204,0.002,0.002,1.084,1.084,6.734,1.19,21.55,19.5529,0.6734,3.030
4538,50.000,0.006,0.006,8.292,8.292,6.030,0.006,0.006,1.554,1.554,9.859,1.20,23.00,21.0000,0.9859,4.436
4539,45.000,0.006,0.006,7.652,7.652,5.881,0.005,0.005,1.404,1.404,9.067,1.20,24.24,22.2426,0.9067,4.080
4540,30.000,0.006,0.006,5.202,5.202,5.766,0.001,0.001,0.939,0.939,6.149,1.20,25.20,23.1962,0.6149,2.767
4541,20.000,0.006,0.006,3.512,3.512,5.695,0.001,0.001,0.627,0.627,4.146,1.21,25.80,23.7956,0.4146,1.866
4542,25.000,0.006,0.006,4.409,4.409,5.670,0.001,0.001,0.784,0.784,5.200,1.21,26.00,24.0000,0.5200,2.340
4543,35.000,0.006,0.006,6.146,6.146,5.695,0.002,0.002,1.097,1.097,7.252,1.21,25.80,23.7956,0.7252,3.263
4544,50.000,0.006,0.006,8.671,8.671,5.766,0.006,0.006,1.565,1.565,10.248,1.20,25.20,23.1962,1.0248,4.611
4545,45.000,0.006,0.006,7.652,7.652,5.881,0.005,0.005,1.404,1.404,9.067,1.20,24.24,22.2426,0.9067,4.080
4546,30.000,0.006,0.006,4.975,4.975,6.030,0.001,0.001,0.933,0.933,5.915,1.20,23.00,21.0000,0.5915,2.662
4547,20.000,0.006,0.006,3.224,3.224,6.204,0.001,0.001,0.619,0.619,3.850,1.19,21.55,19.5529,0.3850,1.732
4548,25.000,0.006,0.006,3.912,3.912,6.390,0.001,0.001,0.771,0.771,4.690,1.19,20.00,18.0000,0.4690,2.111
4549,35.000,0.006,0.006,5.322,5.322,6.576,0.002,0.002,1.075,1.075,6.406,1.18,18.45,16.4471,0.6406,2.882
4550,50.000,0.006,0.006,7.407,7.407,6.750,0.006,0.006,1.531,1.531,8.951,1.18,17.00,15.0000,0.8951,4.028
4551,45.000,0.006,0.006,6.523,6.523,6.899,0.005,0.005,1.374,1.374,7.907,1.18,15.76,13.7574,0.7907,3.558
4552,30.000,0.006,0.006,4.277,4.277,7.014,0.001,0.001,0.914,0.914,5.199,1.17,14.80,12.8038,0.5199,2.339
4553,20.000,0.006,0.006,2.823,2.823,7.085,0.001,0.001,0.609,0.609,3.438,1.17,14.20,12.2044,0.3438,1.547
4554,25.000,0.006,0.006,3.516,3.516,7.110,0.001,0.001,0.760,0.760,4.283,1.17,14.00,12.0000,0.4283,1.928
4555,35.000,0.006,0.006,4.940,4.940,7.085,0.002,0.002,1.065,1.065,6.013,1.17,14.20,12.2044,0.6013,2.706
4556,50.000,0.006,0.006,7.129,7.129,7.014,0.006,0.006,1.523,1.523,8.665,1.17,14.80,12.8038,0.8665,3.899
4557,45.000,0.006,0.006,6.523,6.523,6.899,0.005,0.005,1.374,1.374,7.907,1.18,15.76,13.7574,0.7907,3.558
4558,30.000,0.006,0.006,4.444,4.444,6.750,0.001,0.001,0.919,0.919,5.370,1.18,17.00,15.0000,0.5370,2.417
4559,20.000,0.006,0.006,3.041,3.041,6.576,0.001,0.001,0.614,0.614,3.662,1.18,18.45,16.4471,0.3662,1.648
4560,25.000,0.006,0.006,3.912,3.912,6.390,0.001,0.001,0.771,0.771,4.690,1.19,20.00,18.0000,0.4690,2.111
4561,35.000,0.006,0.006,5.642,5.642,6.204,0.002,0.002,1.084,1.084,6.734,1.19,21.55,19.5529,0.6734,3.030
4562,50.000,0.006,0.006,8.292,8.292,6.030,0.006,0.006,1.554,1.554,9.859,1.20,23.00,21.0000,0.9859,4.436
4563,45.000,0.006,0.006,7.652,7.652,5.881,0.005,0.005,1.404,1.404,9.067,1.20,24.24,22.2426,0.9067,4.080
4564,30.000,0.006,0.006,5.202,5.202,5.766,0.001,0.001,0.939,0.939,6.149,1.20,25.20,23.1962,0.6149,2.767
4565,20.000,0.006,0.006,3.512,3.512,5.695,0.001,0.001,0.627,0.627,4.146,1.21,25.80,23.7956,0.4146,1.866
4566,25.000,0.006,0.006,4.409,4.409,5.670,0.001,0.001,0.784,0.784,5.200,1.21,26.00,24.0000,0.5200,2.340
4567,35.000,0.006,0.006,6.146,6.146,5.695,0.002,0.002,1.097,1.097,7.252,1.21,25.80,23.7956,0.7252,3.263
4568,50.000,0.006,0.006,8.671,8.671,5.766,0.006,0.006,1.565,1.565,10.248,1.20,25.20,23.1962,1.0248,4.611
4569,45.000,0.006,0.006,7.652,7.652,5.881,0.005,0.005,1.404,1.404,9.067,1.20,24.24,22.2426,0.9067,4.080
4570,30.000,0.006,0.006,4.975,4.975,6.030,0.001,0.001,0.933,0.933,5.915,1.20,23.00,21.0000,0.5915,2.662
4571,20.000,0.006,0.006,3.224,3.224,6.204,0.001,0.001,0.619,0.619,3.850,1.19,21.55,19.5529,0.3850,1.732
4572,25.000,0.006,0.006,3.912,3.912,6.390,0.001,0.001,0.771,0.771,4.690,1.19,20.00,18.0000,0.4690,2.111
4573,35.000,0.006,0.006,5.322,5.322,6.576,0.002,0.002,1.075,1.075,6.406,1.18,18.45,16.4471,0.6406,2.882
4574,50.000,0.006,0.006,7.407,7.407,6.750,0.006,0.006,1.531,1.531,8.951,1.18,17.00,15.0000,0.8951,4.028
4575,45.000,0.006,0.006,6.523,6.523,6.899,0.005,0.005,1.374,1.374,7.907,1.18,15.76,13.7574,0.7907,3.558
4576,30.000,0.006,0.006,4.277,4.277,7.014,0.001,0.001,0.914,0.914,5.199,1.17,14.80,12.8038,0.5199,2.339
4577,20.000,0.006,0.006,2.823,2.823,7.085,0.001,0.001,0.609,0.609,3.438,1.17,14.20,12.2044,0.3438,1.547
4578,25.000,0.006,0.006,3.516,3.516,7.110,0.001,0.001,0.760,0.760,4.283,1.17,14.00,12.0000,0.4283,1.928
4579,35.000,0.006,0.006,4.940,4.940,7.085,0.002,0.002,1.065,1.065,6.013,1.17,14.20,12.2044,0.6013,2.706
4580,50.000,0.006,0.006,7.129,7.129,7.014,0.006,0.006,1.523,1.523,8.665,1.17,14.80,12.8038,0.8665,3.899
4581,45.000,0.006,0.006,6.523,6.523,6.899,0.005,0.005,1.374,1.374,7.907,1.18,15.76,13.7574,0.7907,3.558
4582,30.000,0.006,0.006,4.444,4.444,6.750,0.001,0.001,0.919,0.919,5.370,1.18,17.00,15.0000,0.5370,2.417
4583,20.000,0.006,0.006,3.041,3.041,6.576,0.001,0.001,0.614,0.614,3.662,1.18,18.45,16.4471,0.3662,1.648
4584,25.000,0.006,0.006,3.912,3.912,6.390,0.001,0.001,0.771,0.771,4.690,1.19,20.00,18.0000,0.4690,2.111
4585,35.000,0.006,0.006,5.642,5.642,6.204,0.002,0.002,1.084,1.084,6.734,1.19,21.55,19.5529,0.6734,3.030
4586,50.000,0.006,0.006,8.292,8.292,6.030,0.006,0.006,1.554,1.554,9.859,1.20,23.00,21.0000,0.9859,4.436
4587,45.000,0.006,0.006,7.652,7.652,5.881,0.005,0.005,1.404,1.404,9.067,1.20,24.24,22.2426,0.9067,4.080
4588,30.000,0.006,0.006,5.202,5.202,5.766,0.001,0.001,0.939,0.939,6.149,1.20,25.20,23.1962,0.6149,2.767
4589,20.000,0.006,0.006,3.512,3.512,5.695,0.001,0.001,0.627,0.627,4.146,1.21,25.80,23.7956,0.4146,1.866
4590,25.000,0.006,0.006,4.409,4.409,5.670,0.001,0.001,0.784,0.784,5.200,1.21,26.00,24.0000,0.5200,2.340
4591,35.000,0.006,0.006,6.146,6.146,5.695,0.002,0.002,1.097,1.097,7.252,1.21,25.80,23.7956,0.7252,3.263
4592,50.000,0.006,0.006,8.671,8.671,5.766,0.006,0.006,1.565,1.565,10.248,1.20,25.20,23.1962,1.0248,4.611
4593,45.000,0.006,0.006,7.652,7.652,5.881,0.005,0.005,1.404,1.404,9.067,1.20,24.24,22.2426,0.9067,4.080
4594,30.000,0.006,0.006,4.975,4.975,6.030,0.001,0.001,0.933,0.933,5.915,1.20,23.00,21.0000,0.5915,2.662
4595,20.000,0.006,0.006,3.224,3.224,6.204,0.001,0.001,0.619,0.619,3.850,1.19,21.55,19.5529,0.3850,1.732
4596,25.000,0.006,0.006,3.912,3.912,6.390,0.001,0.001,0.771,0.771,4.690,1.19,20.00,18.0000,0.4690,2.111
4597,35.000,0.006,0.006,5.322,5.322,6.576,0.002,0.002,1.075,1.075,6.406,1.18,18.45,16.4471,0.6406,2.882
4598,50.000,0.006,0.006,7.407,7.407,6.750,0.006,0.006,1.531,1.531,8.951,1.18,17.00,15.0000,0.8951,4.028
4599,45.000,0.006,0.006,6.523,6.523,6.899,0.005,0.005,1.374,1.374,7.907,1.18,15.76,13.7574,0.7907,3.558
4600,30.000,0.006,0.006,4.277,4.277,7.014,0.001,0.001,0.914,0.914,5.199,1.17,14.80,12.8038,0.5199,2.339
4601,20.000,0.006,0.006,2.823,2.823,7.085,0.001,0.001,0.609,0.609,3.438,1.17,14.20,12.2044,0.3438,1.547
4602,25.000,0.006,0.006,3.516,3.516,7.110,0.001,0.001,0.760,0.760,4.283,1.17,14.00,12.0000,0.4283,1.928
4603,35.000,0.006,0.006,4.940,4.940,7.085,0.002,0.002,1.065,1.065,6.013,1.17,14.20,12.2044,0.6013,2.706
4604,50.000,0.006,0.006,7.129,7.129,7.014,0.006,0.006,1.523,1.523,8.665,1.17,14.80,12.8038,0.8665,3.899
4605,45.000,0.006,0.006,6.523,6.523,6.899,0.005,0.005,1.374,1.374,7.907,1.18,15.76,13.7574,0.7907,3.558
4606,30.000,0.006,0.006,4.444,4.444,6.750,0.001,0.001,0.919,0.919,5.370,1.18,17.00,15.0000,0.5370,2.417
4607,20.000,0.006,0.006,3.041,3.041,6.576,0.001,0.001,0.614,0.614,3.662,1.18,18.45,16.4471,0.3662,1.648
4608,25.000,0.006,0.006,3.912,3.912,6.390,0.001,0.001,0.771,0.771,4.690,1.19,20.00,18.0000,0.4690,2.111
4609,35.000,0.006,0.006,5.642,5.642,6.204,0.002,0.002,1.084,1.084,6.734,1.19,21.55,19.5529,0.6734,3.030
4610,50.000,0.006,0.006,8.292,8.292,6.030,0.006,0.006,1.554,1.554,9.859,1.20,23.00,21.0000,0.9859,4.436
4611,45.000,0.006,0.006,7.652,7.652,5.881,0.005,0.005,1.404,1.404,9.067,1.20,24.24,22.2426,0.9067,4.080
4612,30.000,0.006,0.006,5.202,5.202,5.766,0.001,0.001,0.939,0.939,6.149,1.20,25.20,23.1962,0.6149,2.767
4613,20.000,0.006,0.006,3.512,3.512,5.695,0.001,0.001,0.627,0.627,4.146,1.21,25.80,23.7956,0.4146,1.866
4614,25.000,0.006,0.006,4.409,4.409,5.670,0.001,0.001,0.784,0.784,5.200,1.21,26.00,24.0000,0.5200,2.340
4615,35.000,0.006,0.006,6.146,6.146,5.695,0.002,0.002,1.097,1.097,7.252,1.21,25.80,23.7956,0.7252,3.263
4616,50.000,0.006,0.006,8.671,8.671,5.766,0.006,0.006,1.565,1.565,10.248,1.20,25.20,23.1962,1.0248,4.611
4617,45.000,0.006,0.006,7.652,7.652,5.881,0.005,0.005,1.404,1.404,9.067,1.20,24.24,22.2426,0.9067,4.080
4618,30.000,0.006,0.006,4.975,4.975,6.030,0.001,0.001,0.933,0.933,5.915,1.20,23.00,21.0000,0.5915,2.662
4619,20.000,0.006,0.006,3.224,3.224,6.204,0.001,0.001,0.619,0.619,3.850,1.19,21.55,19.5529,0.3850,1.732
4620,25.000,0.006,0.006,3.912,3.912,6.390,0.001,0.001,0.771,0.771,4.690,1.19,20.00,18.0000,0.4690,2.111
4621,35.000,0.006,0.006,5.322,5.322,6.576,0.002,0.002,1.075,1.075,6.406,1.18,18.45,16.4471,0.6406,2.882
4622,50.000,0.006,0.006,7.407,7.407,6.750,0.006,0.006,1.531,1.531,8.951,1.18,17.00,15.0000,0.8951,4.028
4623,45.000,0.006,0.006,6.523,6.523,6.899,0.005,0.005,1.374,1.374,7.907,1.18,15.76,13.7574,0.7907,3.558
4624,30.000,0.006,0.006,4.277,4.277,7.014,0.001,0.001,0.914,0.914,5.199,1.17,14.80,12.8038,0.5199,2.339
4625,20.000,0.006,0.006,2.823,2.823,7.085,0.001,0.001,0.609,0.609,3.438,1.17,14.20,12.2044,0.3438,1.547
4626,25.000,0.006,0.006,3.516,3.516,7.110,0.001,0.001,0.760,0.760,4.283,1.17,14.00,12.0000,0.4283,1.928
4627,35.000,0.006,0.006,4.940,4.940,7.085,0.002,0.002,1.065,1.065,6.013,1.17,14.20,12.2044,0.6013,2.706
4628,50.000,0.006,0.006,7.129,7.129,7.014,0.006,0.006,1.523,1.523,8.665,1.17,14.80,12.8038,0.8665,3.899
4629,45.000,0.006,0.006,6.523,6.523,6.899,0.005,0.005,1.374,1.374,7.907,1.18,15.76,13.7574,0.7907,3.558
4630,30.000,0.006,0.006,4.444,4.444,6.750,0.001,0.001,0.919,0.919,5.370,1.18,17.00,15.0000,0.5370,2.417
4631,20.000,0.006,0.006,3.041,3.041,6.576,0.001,0.001,0.614,0.614,3.662,1.18,18.45,16.4471,0.3662,1.648
4632,25.000,0.006,0.006,3.912,3.912,6.390,0.001,0.001,0.771,0.771,4.690,1.19,20.00,18.0000,0.4690,2.111
4633,35.000,0.006,0.006,5.642,5.642,6.204,0.002,0.002,1.084,1.084,6.734,1.19,21.55,19.5529,0.6734,3.030
4634,50.000,0.006,0.006,8.292,8.292,6.030,0.006,0.006,1.554,1.554,9.859,1.20,23.00,21.0000,0.9859,4.436
4635,45.000,0.006,0.006,7.652,7.652,5.881,0.005,0.005,1.404,1.404,9.067,1.20,24.24,22.2426,0.9067,4.080
4636,30.000,0.006,0.006,5.202,5.202,5.766,0.001,0.001,0.939,0.939,6.149,1.20,25.20,23.1962,0.6149,2.767
4637,20.000,0.006,0.006,3.512,3.512,5.695,0.001,0.001,0.627,0.627,4.146,1.21,25.80,23.7956,0.4146,1.866
4638,25.000,0.006,0.006,4.409,4.409,5.670,0.001,0.001,0.784,0.784,5.200,1.21,26.00,24.0000,0.5200,2.340
4639,35.000,0.006,0.006,6.146,6.146,5.695,0.002,0.002,1.097,1.097,7.252,1.21,25.80,23.7956,0.7252,3.263
4640,50.000,0.006,0.006,8.671,8.671,5.766,0.006,0.006,1.565,1.565,10.248,1.20,25.20,23.1962,1.0248,4.611
4641,45.000,0.006,0.006,7.652,7.652,5.881,0.005,0.005,1.404,1.404,9.067,1.20,24.24,22.2426,0.9067,4.080
4642,30.000,0.006,0.006,4.975,4.975,6.030,0.001,0.001,0.933,0.933,5.915,1.20,23.00,21.0000,0.5915,2.662
4643,20.000,0.006,0.006,3.224,3.224,6.204,0.001,0.001,0.619,0.619,3.850,1.19,21.55,19.5529,0.3850,1.732
4644,25.000,0.006,0.006,3.912,3.912,6.390,0.001,0.001,0.771,0.771,4.690,1.19,20.00,18.0000,0.4690,2.111
4645,35.000,0.006,0.006,5.322,5.322,6.576,0.002,0.002,1.075,1.075,6.406,1.18,18.45,16.4471,0.6406,2.882
4646,50.000,0.006,0.006,7.407,7.407,6.750,0.006,0.006,1.531,1.531,8.951,1.18,17.00,15.0000,0.8951,4.028
4647,45.000,0.006,0.006,6.523,6.523,6.899,0.005,0.005,1.374,1.374,7.907,1.18,15.76,13.7574,0.7907,3.558
4648,30.000,0.006,0.006,4.277,4.277,7.014,0.001,0.001,0.914,0.914,5.199,1.17,14.80,12.8038,0.5199,2.339
4649,20.000,0.006,0.006,2.823,2.823,7.085,0.001,0.001,0.609,0.609,3.438,1.17,14.20,12.2044,0.3438,1.547
4650,25.000,0.006,0.006,3.516,3.516,7.110,0.001,0.001,0.760,0.760,4.283,1.17,14.00,12.0000,0.4283,1.928
4651,35.000,0.006,0.006,4.940,4.940,7.085,0.002,0.002,1.065,1.065,6.013,1.17,14.20,12.2044,0.6013,2.706
4652,50.000,0.006,0.006,7.129,7.129,7.014,0.006,0.006,1.523,1.523,8.665,1.17,14.80,12.8038,0.8665,3.899
4653,45.000,0.006,0.006,6.523,6.523,6.899,0.005,0.005,1.374,1.374,7.907,1.18,15.76,13.7574,0.7907,3.558
4654,30.000,0.006,0.006,4.444,4.444,6.750,0.001,0.001,0.919,0.919,5.370,1.18,17.00,15.0000,0.5370,2.417
4655,20.000,0.006,0.006,3.041,3.041,6.576,0.001,0.001,0.614,0.614,3.662,1.18,18.45,16.4471,0.3662,1.648
4656,25.000,0.006,0.006,3.912,3.912,6.390,0.001,0.001,0.771,0.771,4.690,1.19,20.00,18.0000,0.4690,2.111
4657,35.000,0.006,0.006,5.642,5.642,6.204,0.002,0.002,1.084,1.084,6.734,1.19,21.55,19.5529,0.6734,3.030
4658,50.000,0.006,0.006,8.292,8.292,6.030,0.006,0.006,1.554,1.554,9.859,1.20,23.00,21.0000,0.9859,4.436
4659,45.000,0.006,0.006,7.652,7.652,5.881,0.005,0.005,1.404,1.404,9.067,1.20,24.24,22.2426,0.9067,4.080
4660,30.000,0.006,0.006,5.202,5.202,5.766,0.001,0.001,0.939,0.939,6.149,1.20,25.20,23.1962,0.6149,2.767
4661,20.000,0.006,0.006,3.512,3.512,5.695,0.001,0.001,0.627,0.627,4.146,1.21,25.80,23.7956,0.4146,1.866
4662,25.000,0.006,0.006,4.409,4.409,5.670,0.001,0.001,0.784,0.784,5.200,1.21,26.00,24.0000,0.5200,2.340
4663,35.000,0.006,0.006,6.146,6.146,5.695,0.002,0.002,1.097,1.097,7.252,1.21,25.80,23.7956,0.7252,3.263
4664,50.000,0.006,0.006,8.671,8.671,5.766,0.006,0.006,1.565,1.565,10.248,1.20,25.20,23.1962,1.0248,4.611
4665,45.000,0.006,0.006,7.652,7.652,5.881,0.005,0.005,1.404,1.404,9.067,1.20,24.24,22.2426,0.9067,4.080
4666,30.000,0.006,0.006,4.975,4.975,6.030,0.001,0.001,0.933,0.933,5.915,1.20,23.00,21.0000,0.5915,2.662
4667,20.000,0.006,0.006,3.224,3.224,6.204,0.001,0.001,0.619,0.619,3.850,1.19,21.55,19.5529,0.3850,1.732
4668,25.000,0.006,0.006,3.912,3.912,6.390,0.001,0.001,0.771,0.771,4.690,1.19,20.00,18.0000,0.4690,2.111
4669,35.000,0.006,0.006,5.322,5.322,6.576,0.002,0.002,1.075,1.075,6.406,1.18,18.45,16.4471,0.6406,2.882
4670,50.000,0.006,0.006,7.407,7.407,6.750,0.006,0.006,1.531,1.531,8.951,1.18,17.00,15.0000,0.8951,4.028
4671,45.000,0.006,0.006,6.523,6.523,6.899,0.005,0.005,1.374,1.374,7.907,1.18,15.76,13.7574,0.7907,3.558
4672,30.000,0.006,0.006,4.277,4.277,7.014,0.001,0.001,0.914,0.914,5.199,1.17,14.80,12.8038,0.5199,2.339
4673,20.000,0.006,0.006,2.823,2.823,7.085,0.001,0.001,0.609,0.609,3.438,1.17,14.20,12.2044,0.3438,1.547
4674,25.000,0.006,0.006,3.516,3.516,7.110,0.001,0.001,0.760,0.760,4.283,1.17,14.00,12.0000,0.4283,1.928
4675,35.000,0.006,0.006,4.940,4.940,7.085,0.002,0.002,1.065,1.065,6.013,1.17,14.20,12.2044,0.6013,2.706
4676,50.000,0.006,0.006,7.129,7.129,7.014,0.006,0.006,1.523,1.523,8.665,1.17,14.80,12.8038,0.8665,3.899
4677,45.000,0.006,0.006,6.523,6.523,6.899,0.005,0.005,1.374,1.374,7.907,1.18,15.76,13.7574,0.7907,3.558
4678,30.000,0.006,0.006,4.444,4.444,6.750,0.001,0.001,0.919,0.919,5.370,1.18,17.00,15.0000,0.5370,2.417
4679,20.000,0.006,0.006,3.041,3.041,6.576,0.001,0.001,0.614,0.614,3.662,1.18,18.45,16.4471,0.3662,1.648
4680,25.000,0.006,0.006,3.912,3.912,6.390,0.001,0.001,0.771,0.771,4.690,1.19,20.00,18.0000,0.4690,2.111
4681,35.000,0.006,0.006,5.642,5.642,6.204,0.002,0.002,1.084,1.084,6.734,1.19,21.55,19.5529,0.6734,3.030
4682,50.000,0.006,0.006,8.292,8.292,6.030,0.006,0.006,1.554,1.554,9.859,1.20,23.00,21.0000,0.9859,4.436
4683,45.000,0.006,0.006,7.652,7.652,5.881,0.005,0.005,1.404,1.404,9.067,1.20,24.24,22.2426,0.9067,4.080
4684,30.000,0.006,0.006,5.202,5.202,5.766,0.001,0.001,0.939,0.939,6.149,1.20,25.20,23.1962,0.6149,2.767
4685,20.000,0.006,0.006,3.512,3.512,5.695,0.001,0.001,0.627,0.627,4.146,1.21,25.80,23.7956,0.4146,1.866
4686,25.000,0.006,0.006,4.409,4.409,5.670,0.001,0.001,0.784,0.784,5.200,1.21,26.00,24.0000,0.5200,2.340
4687,35.000,0.006,0.006,6.146,6.146,5.695,0.002,0.002,1.097,1.097,7.252,1.21,25.80,23.7956,0.7252,3.263
4688,50.000,0.006,0.006,8.671,8.671,5.766,0.006,0.006,1.565,1.565,10.248,1.20,25.20,23.1962,1.0248,4.611
4689,45.000,0.006,0.006,7.652,7.652,5.881,0.005,0.005,1.404,1.404,9.067,1.20,24.24,22.2426,0.9067,4.080
4690,30.000,0.006,0.006,4.975,4.975,6.030,0.001,0.001,0.933,0.933,5.915,1.20,23.00,21.0000,0.5915,2.662
4691,20.000,0.006,0.006,3.224,3.224,6.204,0.001,0.001,0.619,0.619,3.850,1.19,21.55,19.5529,0.3850,1.732
4692,25.000,0.006,0.006,3.912,3.912,6.390,0.001,0.001,0.771,0.771,4.690,1.19,20.00,18.0000,0.4690,2.111
4693,35.000,0.006,0.006,5.322,5.322,6.576,0.002,0.002,1.075,1.075,6.406,1.18,18.45,16.4471,0.6406,2.882
4694,50.000,0.006,0.006,7.407,7.407,6.750,0.006,0.006,1.531,1.531,8.951,1.18,17.00,15.0000,0.8951,4.028
4695,45.000,0.006,0.006,6.523,6.523,6.899,0.005,0.005,1.374,1.374,7.907,1.18,15.76,13.7574,0.7907,3.558
4696,30.000,0.006,0.006,4.277,4.277,7.014,0.001,0.001,0.914,0.914,5.199,1.17,14.80,12.8038,0.5199,2.339
4697,20.000,0.006,0.006,2.823,2.823,7.085,0.001,0.001,0.609,0.609,3.438,1.17,14.20,12.2044,0.3438,1.547
4698,25.000,0.006,0.006,3.516,3.516,7.110,0.001,0.001,0.760,0.760,4.283,1.17,14.00,12.0000,0.4283,1.928
4699,35.000,0.006,0.006,4.940,4.940,7.085,0.002,0.002,1.065,1.065,6.013,1.17,14.20,12.2044,0.6013,2.706
4700,50.000,0.006,0.006,7.129,7.129,7.014,0.006,0.006,1.523,1.523,8.665,1.17,14.80,12.8038,0.8665,3.899
4701,45.000,0.006,0.006,6.523,6.523,6.899,0.005,0.005,1.374,1.374,7.907,1.18,15.76,13.7574,0.7907,3.558
4702,30.000,0.006,0.006,4.444,4.444,6.750,0.001,0.001,0.919,0.919,5.370,1.18,17.00,15.0000,0.5370,2.417
4703,20.000,0.006,0.006,3.041,3.041,6.576,0.001,0.001,0.614,0.614,3.662,1.18,18.45,16.4471,0.3662,1.648
4704,25.000,0.006,0.006,3.912,3.912,6.390,0.001,0.001,0.771,0.771,4.690,1.19,20.00,18.0000,0.4690,2.111
4705,35.000,0.006,0.006,5.642,5.642,6.204,0.002,0.002,1.084,1.084,6.734,1.19,21.55,19.5529,0.6734,3.030
4706,50.000,0.006,0.006,8.292,8.292,6.030,0.006,0.006,1.554,1.554,9.859,1.20,23.00,21.0000,0.9859,4.436
4707,45.000,0.006,0.006,7.652,7.652,5.881,0.005,0.005,1.404,1.404,9.067,1.20,24.24,22.2426,0.9067,4.080
4708,30.000,0.006,0.006,5.202,5.202,5.766,0.001,0.001,0.939,0.939,6.149,1.20,25.20,23.1962,0.6149,2.767
4709,20.000,0.006,0.006,3.512,3.512,5.695,0.001,0.001,0.627,0.627,4.146,1.21,25.80,23.7956,0.4146,1.866
4710,25.000,0.006,0.006,4.409,4.409,5.670,0.001,0.001,0.784,0.784,5.200,1.21,26.00,24.0000,0.5200,2.340
4711,35.000,0.006,0.006,6.146,6.146,5.695,0.002,0.002,1.097,1.097,7.252,1.21,25.80,23.7956,0.7252,3.263
4712,50.000,0.006,0.006,8.671,8.671,5.766,0.006,0.006,1.565,1.565,10.248,1.20,25.20,23.1962,1.0248,4.611
4713,45.000,0.006,0.006,7.652,7.652,5.881,0.005,0.005,1.404,1.404,9.067,1.20,24.24,22.2426,0.9067,4.080
4714,30.000,0.006,0.006,4.975,4.975,6.030,0.001,0.001,0.933,0.933,5.915,1.20,23.00,21.0000,0.5915,2.662
4715,20.000,0.006,0.006,3.224,3.224,6.204,0.001,0.001,0.619,0.619,3.850,1.19,21.55,19.5529,0.3850,1.732
4716,25.000,0.006,0.006,3.912,3.912,6.390,0.001,0.001,0.771,0.771,4.690,1.19,20.00,18.0000,0.4690,2.111
4717,35.000,0.006,0.006,5.322,5.322,6.576,0.002,0.002,1.075,1.075,6.406,1.18,18.45,16.4471,0.6406,2.882
4718,50.000,0.006,0.006,7.407,7.407,6.750,0.006,0.006,1.531,1.531,8.951,1.18,17.00,15.0000,0.8951,4.028
4719,45.000,0.006,0.006,6.523,6.523,6.899,0.005,0.005,1.374,1.374,7.907,1.18,15.76,13.7574,0.7907,3.558
4720,30.000,0.006,0.006,4.277,4.277,7.014,0.001,0.001,0.914,0.914,5.199,1.17,14.80,12.8038,0.5199,2.339
4721,20.000,0.006,0.006,2.823,2.823,7.085,0.001,0.001,0.609,0.609,3.438,1.17,14.20,12.2044,0.3438,1.547
4722,25.000,0.006,0.006,3.516,3.516,7.110,0.001,0.001,0.760,0.760,4.283,1.17,14.00,12.0000,0.4283,1.928
4723,35.000,0.006,0.006,4.940,4.940,7.085,0.002,0.002,1.065,1.065,6.013,1.17,14.20,12.2044,0.6013,2.706
4724,50.000,0.006,0.006,7.129,7.129,7.014,0.006,0.006,1.523,1.523,8.665,1.17,14.80,12.8038,0.8665,3.899
4725,45.000,0.006,0.006,6.523,6.523,6.899,0.005,0.005,1.374,1.374,7.907,1.18,15.76,13.7574,0.7907,3.558
4726,30.000,0.006,0.006,4.444,4.444,6.750,0.001,0.001,0.919,0.919,5.370,1.18,17.00,15.0000,0.5370,2.417
4727,20.000,0.006,0.006,3.041,3.041,6.576,0.001,0.001,0.614,0.614,3.662,1.18,18.45,16.4471,0.3662,1.648
4728,25.000,0.006,0.006,3.912,3.912,6.390,0.001,0.001,0.771,0.771,4.690,1.19,20.00,18.0000,0.4690,2.111
4729,35.000,0.006,0.006,5.642,5.642,6.204,0.002,0.002,1.084,1.084,6.734,1.19,21.55,19.5529,0.6734,3.030
4730,50.000,0.006,0.006,8.292,8.292,6.030,0.006,0.006,1.554,1.554,9.859,1.20,23.00,21.0000,0.9859,4.436
4731,45.000,0.006,0.006,7.652,7.652,5.881,0.005,0.005,1.404,1.404,9.067,1.20,24.24,22.2426,0.9067,4.080
4732,30.000,0.006,0.006,5.202,5.202,5.766,0.001,0.001,0.939,0.939,6.149,1.20,25.20,23.1962,0.6149,2.767
4733,20.000,0.006,0.006,3.512,3.512,5.695,0.001,0.001,0.627,0.627,4.146,1.21,25.80,23.7956,0.4146,1.866
4734,25.000,0.006,0.006,4.409,4.409,5.670,0.001,0.001,0.784,0.784,5.200,1.21,26.00,24.0000,0.5200,2.340
4735,35.000,0.006,0.006,6.146,6.146,5.695,0.002,0.002,1.097,1.097,7.252,1.21,25.80,23.7956,0.7252,3.263
4736,50.000,0.006,0.006,8.671,8.671,5.766,0.006,0.006,1.565,1.565,10.248,1.20,25.20,23.1962,1.0248,4.611
4737,45.000,0.006,0.006,7.652,7.652,5.881,0.005,0.005,1.404,1.404,9.067,1.20,24.24,22.2426,0.9067,4.080
4738,30.000,0.006,0.006,4.975,4.975,6.030,0.001,0.001,0.933,0.933,5.915,1.20,23.00,21.0000,0.5915,2.662
4739,20.000,0.006,0.006,3.224,3.224,6.204,0.001,0.001,0.619,0.619,3.850,1.19,21.55,19.5529,0.3850,1.732
4740,25.000,0.006,0.006,3.912,3.912,6.390,0.001,0.001,0.771,0.771,4.690,1.19,20.00,18.0000,0.4690,2.111
4741,35.000,0.006,0.006,5.322,5.322,6.576,0.002,0.002,1.075,1.075,6.406,1.18,18.45,16.4471,0.6406,2.882
4742,50.000,0.006,0.006,7.407,7.407,6.750,0.006,0.006,1.531,1.531,8.951,1.18,17.00,15.0000,0.8951,4.028
4743,45.000,0.006,0.006,6.523,6.523,6.899,0.005,0.005,1.374,1.374,7.907,1.18,15.76,13.7574,0.7907,3.558
4744,30.000,0.006,0.006,4.277,4.277,7.014,0.001,0.001,0.914,0.914,5.199,1.17,14.80,12.8038,0.5199,2.339
4745,20.000,0.006,0.006,2.823,2.823,7.085,0.001,0.001,0.609,0.609,3.438,1.17,14.20,12.2044,0.3438,1.547
4746,25.000,0.006,0.006,3.516,3.516,7.110,0.001,0.001,0.760,0.760,4.283,1.17,14.00,12.0000,0.4283,1.928
4747,35.000,0.006,0.006,4.940,4.940,7.085,0.002,0.002,1.065,1.065,6.013,1.17,14.20,12.2044,0.6013,2.706
4748,50.000,0.006,0.006,7.129,7.129,7.014,0.006,0.006,1.523,1.523,8.665,1.17,14.80,12.8038,0.8665,3.899
4749,45.000,0.006,0.006,6.523,6.523,6.899,0.005,0.005,1.374,1.374,7.907,1.18,15.76,13.7574,0.7907,3.558
4750,30.000,0.006,0.006,4.444,4.444,6.750,0.001,0.001,0.919,0.919,5.370,1.18,17.00,15.0000,0.5370,2.417
4751,20.000,0.006,0.006,3.041,3.041,6.576,0.001,0.001,0.614,0.614,3.662,1.18,18.45,16.4471,0.3662,1.648
4752,25.000,0.006,0.006,3.912,3.912,6.390,0.001,0.001,0.771,0.771,4.690,1.19,20.00,18.0000,0.4690,2.111
4753,35.000,0.006,0.006,5.642,5.642,6.204,0.002,0.002,1.084,1.084,6.734,1.19,21.55,19.5529,0.6734,3.030
4754,50.000,0.006,0.006,8.292,8.292,6.030,0.006,0.006,1.554,1.554,9.859,1.20,23.00,21.0000,0.9859,4.436
4755,45.000,0.006,0.006,7.652,7.652,5.881,0.005,0.005,1.404,1.404,9.067,1.20,24.24,22.2426,0.9067,4.080
4756,30.000,0.006,0.006,5.202,5.202,5.766,0.001,0.001,0.939,0.939,6.149,1.20,25.20,23.1962,0.6149,2.767
4757,20.000,0.006,0.006,3.512,3.512,5.695,0.001,0.001,0.627,0.627,4.146,1.21,25.80,23.7956,0.4146,1.866
4758,25.000,0.006,0.006,4.409,4.409,5.670,0.001,0.001,0.784,0.784,5.200,1.21,26.00,24.0000,0.5200,2.340
4759,35.000,0.006,0.006,6.146,6.146,5.695,0.002,0.002,1.097,1.097,7.252,1.21,25.80,23.7956,0.7252,3.263
4760,50.000,0.006,0.006,8.671,8.671,5.766,0.006,0.006,1.565,1.565,10.248,1.20,25.20,23.1962,1.0248,4.611
4761,45.000,0.006,0.006,7.652,7.652,5.881,0.005,0.005,1.404,1.404,9.067,1.20,24.24,22.2426,0.9067,4.080
4762,30.000,0.006,0.006,4.975,4.975,6.030,0.001,0.001,0.933,0.933,5.915,1.20,23.00,21.0000,0.5915,2.662
4763,20.000,0.006,0.006,3.224,3.224,6.204,0.001,0.001,0.619,0.619,3.850,1.19,21.55,19.5529,0.3850,1.732
4764,25.000,0.006,0.006,3.912,3.912,6.390,0.001,0.001,0.771,0.771,4.690,1.19,20.00,18.0000,0.4690,2.111
4765,35.000,0.006,0.006,5.322,5.322,6.576,0.002,0.002,1.075,1.075,6.406,1.18,18.45,16.4471,0.6406,2.882
4766,50.000,0.006,0.006,7.407,7.407,6.750,0.006,0.006,1.531,1.531,8.951,1.18,17.00,15.0000,0.8951,4.028
4767,45.000,0.006,0.006,6.523,6.523,6.899,0.005,0.005,1.374,1.374,7.907,1.18,15.76,13.7574,0.7907,3.558
4768,30.000,0.006,0.006,4.277,4.277,7.014,0.001,0.001,0.914,0.914,5.199,1.17,14.80,12.8038,0.5199,2.339
4769,20.000,0.006,0.006,2.823,2.823,7.085,0.001,0.001,0.609,0.609,3.438,1.17,14.20,12.2044,0.3438,1.547
4770,25.000,0.006,0.006,3.516,3.516,7.110,0.001,0.001,0.760,0.760,4.283,1.17,14.00,12.0000,0.4283,1.928
4771,35.000,0.006,0.006,4.940,4.940,7.085,0.002,0.002,1.065,1.065,6.013,1.17,14.20,12.2044,0.6013,2.706
4772,50.000,0.006,0.006,7.129,7.129,7.014,0.006,0.006,1.523,1.523,8.665,1.17,14.80,12.8038,0.8665,3.899
4773,45.000,0.006,0.006,6.523,6.523,6.899,0.005,0.005,1.374,1.374,7.907,1.18,15.76,13.7574,0.7907,3.558
4774,30.000,0.006,0.006,4.444,4.444,6.750,0.001,0.001,0.919,0.919,5.370,1.18,17.00,15.0000,0.5370,2.417
4775,20.000,0.006,0.006,3.041,3.041,6.576,0.001,0.001,0.614,0.614,3.662,1.18,18.45,16.4471,0.3662,1.648
4776,25.000,0.006,0.006,3.912,3.912,6.390,0.001,0.001,0.771,0.771,4.690,1.19,20.00,18.0000,0.4690,2.111
4777,35.000,0.006,0.006,5.642,5.642,6.204,0.002,0.002,1.084,1.084,6.734,1.19,21.55,19.5529,0.6734,3.030
4778,50.000,0.006,0.006,8.292,8.292,6.030,0.006,0.006,1.554,1.554,9.859,1.20,23.00,21.0000,0.9859,4.436
4779,45.000,0.006,0.006,7.652,7.652,5.881,0.005,0.005,1.404,1.404,9.067,1.20,24.24,22.2426,0.9067,4.080
4780,30.000,0.006,0.006,5.202,5.202,5.766,0.001,0.001,0.939,0.939,6.149,1.20,25.20,23.1962,0.6149,2.767
4781,20.000,0.006,0.006,3.512,3.512,5.695,0.001,0.001,0.627,0.627,4.146,1.21,25.80,23.7956,0.4146,1.866
4782,25.000,0.006,0.006,4.409,4.409,5.670,0.001,0.001,0.784,0.784,5.200,1.21,26.00,24.0000,0.5200,2.340
4783,35.000,0.006,0.006,6.146,6.146,5.695,0.002,0.002,1.097,1.097,7.252,1.21,25.80,23.7956,0.7252,3.263
4784,50.000,0.006,0.006,8.671,8.671,5.766,0.006,0.006,1.565,1.565,10.248,1.20,25.20,23.1962,1.0248,4.611
4785,45.000,0.006,0.006,7.652,7.652,5.881,0.005,0.005,1.404,1.404,9.067,1.20,24.24,22.2426,0.9067,4.080
4786,30.000,0.006,0.006,4.975,4.975,6.030,0.001,0.001,0.933,0.933,5.915,1.20,23.00,21.0000,0.5915,2.662
4787,20.000,0.006,0.006,3.224,3.224,6.204,0.001,0.001,0.619,0.619,3.850,1.19,21.55,19.5529,0.3850,1.732
4788,25.000,0.006,0.006,3.912,3.912,6.390,0.001,0.001,0.771,0.771,4.690,1.19,20.00,18.0000,0.4690,2.111
4789,35.000,0.006,0.006,5.322,5.322,6.576,0.002,0.002,1.075,1.075,6.406,1.18,18.45,16.4471,0.6406,2.882
4790,50.000,0.006,0.006,7.407,7.407,6.750,0.006,0.006,1.531,1.531,8.951,1.18,17.00,15.0000,0.8951,4.028
4791,45.000,0.006,0.006,6.523,6.523,6.899,0.005,0.005,1.374,1.374,7.907,1.18,15.76,13.7574,0.7907,3.558
4792,30.000,0.006,0.006,4.277,4.277,7.014,0.001,0.001,0.914,0.914,5.199,1.17,14.80,12.8038,0.5199,2.339
4793,20.000,0.006,0.006,2.823,2.823,7.085,0.001,0.001,0.609,0.609,3.438,1.17,14.20,12.2044,0.3438,1.547
4794,25.000,0.006,0.006,3.516,3.516,7.110,0.001,0.001,0.760,0.760,4.283,1.17,14.00,12.0000,0.4283,1.928
4795,35.000,0.006,0.006,4.940,4.940,7.085,0.002,0.002,1.065,1.065,6.013,1.17,14.20,12.2044,0.6013,2.706
4796,50.000,0.006,0.006,7.129,7.129,7.014,0.006,0.006,1.523,1.523,8.665,1.17,14.80,12.8038,0.8665,3.899
4797,45.000,0.006,0.006,6.523,6.523,6.899,0.005,0.005,1.374,1.374,7.907,1.18,15.76,13.7574,0.7907,3.558
4798,30.000,0.006,0.006,4.444,4.444,6.750,0.001,0.001,0.919,0.919,5.370,1.18,17.00,15.0000,0.5370,2.417
4799,20.000,0.006,0.006,3.041,3.041,6.576,0.001,0.001,0.614,0.614,3.662,1.18,18.45,16.4471,0.3662,1.648
4800,25.000,0.006,0.006,3.912,3.912,6.390,0.001,0.001,0.771,0.771,4.690,1.19,20.00,18.0000,0.4690,2.111
4801,35.000,0.006,0.006,5.642,5.642,6.204,0.002,0.002,1.084,1.084,6.734,1.19,21.55,19.5529,0.6734,3.030
4802,50.000,0.006,0.006,8.292,8.292,6.030,0.006,0.006,1.554,1.554,9.859,1.20,23.00,21.0000,0.9859,4.436
4803,45.000,0.006,0.006,7.652,7.652,5.881,0.005,0.005,1.404,1.404,9.067,1.20,24.24,22.2426,0.9067,4.080
4804,30.000,0.006,0.006,5.202,5.202,5.766,0.001,0.001,0.939,0.939,6.149,1.20,25.20,23.1962,0.6149,2.767
4805,20.000,0.006,0.006,3.512,3.512,5.695,0.001,0.001,0.627,0.627,4.146,1.21,25.80,23.7956,0.4146,1.866
4806,25.000,0.006,0.006,4.409,4.409,5.670,0.001,0.001,0.784,0.784,5.200,1.21,26.00,24.0000,0.5200,2.340
4807,35.000,0.006,0.006,6.146,6.146,5.695,0.002,0.002,1.097,1.097,7.252,1.21,25.80,23.7956,0.7252,3.263
4808,50.000,0.006,0.006,8.671,8.671,5.766,0.006,0.006,1.565,1.565,10.248,1.20,25.20,23.1962,1.0248,4.611
4809,45.000,0.006,0.006,7.652,7.652,5.881,0.005,0.005,1.404,1.404,9.067,1.20,24.24,22.2426,0.9067,4.080
4810,30.000,0.006,0.006,4.975,4.975,6.030,0.001,0.001,0.933,0.933,5.915,1.20,23.00,21.0000,0.5915,2.662
4811,20.000,0.006,0.006,3.224,3.224,6.204,0.001,0.001,0.619,0.619,3.850,1.19,21.55,19.5529,0.3850,1.732
4812,25.000,0.006,0.006,3.912,3.912,6.390,0.001,0.001,0.771,0.771,4.690,1.19,20.00,18.0000,0.4690,2.111
4813,35.000,0.006,0.006,5.322,5.322,6.576,0.002,0.002,1.075,1.075,6.406,1.18,18.45,16.4471,0.6406,2.882
4814,50.000,0.006,0.006,7.407,7.407,6.750,0.006,0.006,1.531,1.531,8.951,1.18,17.00,15.0000,0.8951,4.028
4815,45.000,0.006,0.006,6.523,6.523,6.899,0.005,0.005,1.374,1.374,7.907,1.18,15.76,13.7574,0.7907,3.558
4816,30.000,0.006,0.006,4.277,4.277,7.014,0.001,0.001,0.914,0.914,5.199,1.17,14.80,12.8038,0.5199,2.339
4817,20.000,0.006,0.006,2.823,2.823,7.085,0.001,0.001,0.609,0.609,3.438,1.17,14.20,12.2044,0.3438,1.547
4818,25.000,0.006,0.006,3.516,3.516,7.110,0.001,0.001,0.760,0.760,4.283,1.17,14.00,12.0000,0.4283,1.928
4819,35.000,0.006,0.006,4.940,4.940,7.085,0.002,0.002,1.065,1.065,6.013,1.17,14.20,12.2044,0.6013,2.706
4820,50.000,0.006,0.006,7.129,7.129,7.014,0.006,0.006,1.523,1.523,8.665,1.17,14.80,12.8038,0.8665,3.899
4821,45.000,0.006,0.006,6.523,6.523,6.899,0.005,0.005,1.374,1.374,7.907,1.18,15.76,13.7574,0.7907,3.558
4822,30.000,0.006,0.006,4.444,4.444,6.750,0.001,0.001,0.919,0.919,5.370,1.18,17.00,15.0000,0.5370,2.417
4823,20.000,0.006,0.006,3.041,3.041,6.576,0.001,0.001,0.614,0.614,3.662,1.18,18.45,16.4471,0.3662,1.648
4824,25.000,0.006,0.006,3.912,3.912,6.390,0.001,0.001,0.771,0.771,4.690,1.19,20.00,18.0000,0.4690,2.111
4825,35.000,0.006,0.006,5.642,5.642,6.204,0.002,0.002,1.084,1.084,6.734,1.19,21.55,19.5529,0.6734,3.030
4826,50.000,0.006,0.006,8.292,8.292,6.030,0.006,0.006,1.554,1.554,9.859,1.20,23.00,21.0000,0.9859,4.436
4827,45.000,0.006,0.006,7.652,7.652,5.881,0.005,0.005,1.404,1.404,9.067,1.20,24.24,22.2426,0.9067,4.080
4828,30.000,0.006,0.006,5.202,5.202,5.766,0.001,0.001,0.939,0.939,6.149,1.20,25.20,23.1962,0.6149,2.767
4829,20.000,0.006,0.006,3.512,3.512,5.695,0.001,0.001,0.627,0.627,4.146,1.21,25.80,23.7956,0.4146,1.866
4830,25.000,0.006,0.006,4.409,4.409,5.670,0.001,0.001,0.784,0.784,5.200,1.21,26.00,24.0000,0.5200,2.340
4831,35.000,0.006,0.006,6.146,6.146,5.695,0.002,0.002,1.097,1.097,7.252,1.21,25.80,23.7956,0.7252,3.263
4832,50.000,0.006,0.006,8.671,8.671,5.766,0.006,0.006,1.565,1.565,10.248,1.20,25.20,23.1962,1.0248,4.611
4833,45.000,0.006,0.006,7.652,7.652,5.881,0.005,0.005,1.404,1.404,9.067,1.20,24.24,22.2426,0.9067,4.080
4834,30.000,0.006,0.006,4.975,4.975,6.030,0.001,0.001,0.933,0.933,5.915,1.20,23.00,21.0000,0.5915,2.662
4835,20.000,0.006,0.006,3.224,3.224,6.204,0.001,0.001,0.619,0.619,3.850,1.19,21.55,19.5529,0.3850,1.732
4836,25.000,0.006,0.006,3.912,3.912,6.390,0.001,0.001,0.771,0.771,4.690,1.19,20.00,18.0000,0.4690,2.111
4837,35.000,0.006,0.006,5.322,5.322,6.576,0.002,0.002,1.075,1.075,6.406,1.18,18.45,16.4471,0.6406,2.882
4838,50.000,0.006,0.006,7.407,7.407,6.750,0.006,0.006,1.531,1.531,8.951,1.18,17.00,15.0000,0.8951,4.028
4839,45.000,0.006,0.006,6.523,6.523,6.899,0.005,0.005,1.374,1.374,7.907,1.18,15.76,13.7574,0.7907,3.558
4840,30.000,0.006,0.006,4.277,4.277,7.014,0.001,0.001,0.914,0.914,5.199,1.17,14.80,12.8038,0.5199,2.339
4841,20.000,0.006,0.006,2.823,2.823,7.085,0.001,0.001,0.609,0.609,3.438,1.17,14.20,12.2044,0.3438,1.547
4842,25.000,0.006,0.006,3.516,3.516,7.110,0.001,0.001,0.760,0.760,4.283,1.17,14.00,12.0000,0.4283,1.928
4843,35.000,0.006,0.006,4.940,4.940,7.085,0.002,0.002,1.065,1.065,6.013,1.17,14.20,12.2044,0.6013,2.706
4844,50.000,0.006,0.006,7.129,7.129,7.014,0.006,0.006,1.523,1.523,8.665,1.17,14.80,12.8038,0.8665,3.899
4845,45.000,0.006,0.006,6.523,6.523,6.899,0.005,0.005,1.374,1.374,7.907,1.18,15.76,13.7574,0.7907,3.558
4846,30.000,0.006,0.006,4.444,4.444,6.750,0.001,0.001,0.919,0.919,5.370,1.18,17.00,15.0000,0.5370,2.417
4847,20.000,0.006,0.006,3.041,3.041,6.576,0.001,0.001,0.614,0.614,3.662,1.18,18.45,16.4471,0.3662,1.648
4848,25.000,0.006,0.006,3.912,3.912,6.390,0.001,0.001,0.771,0.771,4.690,1.19,20.00,18.0000,0.4690,2.111
4849,35.000,0.006,0.006,5.642,5.642,6.204,0.002,0.002,1.084,1.084,6.734,1.19,21.55,19.5529,0.6734,3.030
4850,50.000,0.006,0.006,8.292,8.292,6.030,0.006,0.006,1.554,1.554,9.859,1.20,23.00,21.0000,0.9859,4.436
4851,45.000,0.006,0.006,7.652,7.652,5.881,0.005,0.005,1.404,1.404,9.067,1.20,24.24,22.2426,0.9067,4.080
4852,30.000,0.006,0.006,5.202,5.202,5.766,0.001,0.001,0.939,0.939,6.149,1.20,25.20,23.1962,0.6149,2.767
4853,20.000,0.006,0.006,3.512,3.512,5.695,0.001,0.001,0.627,0.627,4.146,1.21,25.80,23.7956,0.4146,1.866
4854,25.000,0.006,0.006,4.409,4.409,5.670,0.001,0.001,0.784,0.784,5.200,1.21,26.00,24.0000,0.5200,2.340
4855,35.000,0.006,0.006,6.146,6.146,5.695,0.002,0.002,1.097,1.097,7.252,1.21,25.80,23.7956,0.7252,3.263
4856,50.000,0.006,0.006,8.671,8.671,5.766,0.006,0.006,1.565,1.565,10.248,1.20,25.20,23.1962,1.0248,4.611
4857,45.000,0.006,0.006,7.652,7.652,5.881,0.005,0.005,1.404,1.404,9.067,1.20,24.24,22.2426,0.9067,4.080
4858,30.000,0.006,0.006,4.975,4.975,6.030,0.001,0.001,0.933,0.933,5.915,1.20,23.00,21.0000,0.5915,2.662
4859,20.000,0.006,0.006,3.224,3.224,6.204,0.001,0.001,0.619,0.619,3.850,1.19,21.55,19.5529,0.3850,1.732
4860,25.000,0.006,0.006,3.912,3.912,6.390,0.001,0.001,0.771,0.771,4.690,1.19,20.00,18.0000,0.4690,2.111
4861,35.000,0.006,0.006,5.322,5.322,6.576,0.002,0.002,1.075,1.075,6.406,1.18,18.45,16.4471,0.6406,2.882
4862,50.000,0.006,0.006,7.407,7.407,6.750,0.006,0.006,1.531,1.531,8.951,1.18,17.00,15.0000,0.8951,4.028
4863,45.000,0.006,0.006,6.523,6.523,6.899,0.005,0.005,1.374,1.374,7.907,1.18,15.76,13.7574,0.7907,3.558
4864,30.000,0.006,0.006,4.277,4.277,7.014,0.001,0.001,0.914,0.914,5.199,1.17,14.80,12.8038,0.5199,2.339
4865,20.000,0.006,0.006,2.823,2.823,7.085,0.001,0.001,0.609,0.609,3.438,1.17,14.20,12.2044,0.3438,1.547
4866,25.000,0.006,0.006,3.516,3.516,7.110,0.001,0.001,0.760,0.760,4.283,1.17,14.00,12.0000,0.4283,1.928
4867,35.000,0.006,0.006,4.940,4.940,7.085,0.002,0.002,1.065,1.065,6.013,1.17,14.20,12.2044,0.6013,2.706
4868,50.000,0.006,0.006,7.129,7.129,7.014,0.006,0.006,1.523,1.523,8.665,1.17,14.80,12.8038,0.8665,3.899
4869,45.000,0.006,0.006,6.523,6.523,6.899,0.005,0.005,1.374,1.374,7.907,1.18,15.76,13.7574,0.7907,3.558
4870,30.000,0.006,0.006,4.444,4.444,6.750,0.001,0.001,0.919,0.919,5.370,1.18,17.00,15.0000,0.5370,2.417
4871,20.000,0.006,0.006,3.041,3.041,6.576,0.001,0.001,0.614,0.614,3.662,1.18,18.45,16.4471,0.3662,1.648
4872,25.000,0.006,0.006,3.912,3.912,6.390,0.001,0.001,0.771,0.771,4.690,1.19,20.00,18.0000,0.4690,2.111
4873,35.000,0.006,0.006,5.642,5.642,6.204,0.002,0.002,1.084,1.084,6.734,1.19,21.55,19.5529,0.6734,3.030
4874,50.000,0.006,0.006,8.292,8.292,6.030,0.006,0.006,1.554,1.554,9.859,1.20,23.00,21.0000,0.9859,4.436
4875,45.000,0.006,0.006,7.652,7.652,5.881,0.005,0.005,1.404,1.404,9.067,1.20,24.24,22.2426,0.9067,4.080
4876,30.000,0.006,0.006,5.202,5.202,5.766,0.001,0.001,0.939,0.939,6.149,1.20,25.20,23.1962,0.6149,2.767
4877,20.000,0.006,0.006,3.512,3.512,5.695,0.001,0.001,0.627,0.627,4.146,1.21,25.80,23.7956,0.4146,1.866
4878,25.000,0.006,0.006,4.409,4.409,5.670,0.001,0.001,0.784,0.784,5.200,1.21,26.00,24.0000,0.5200,2.340
4879,35.000,0.006,0.006,6.146,6.146,5.695,0.002,0.002,1.097,1.097,7.252,1.21,25.80,23.7956,0.7252,3.263
4880,50.000,0.006,0.006,8.671,8.671,5.766,0.006,0.006,1.565,1.565,10.248,1.20,25.20,23.1962,1.0248,4.611
4881,45.000,0.006,0.006,7.652,7.652,5.881,0.005,0.005,1.404,1.404,9.067,1.20,24.24,22.2426,0.9067,4.080
4882,30.000,0.006,0.006,4.975,4.975,6.030,0.001,0.001,0.933,0.933,5.915,1.20,23.00,21.0000,0.5915,2.662
4883,20.000,0.006,0.006,3.224,3.224,6.204,0.001,0.001,0.619,0.619,3.850,1.19,21.55,19.5529,0.3850,1.732
4884,25.000,0.006,0.006,3.912,3.912,6.390,0.001,0.001,0.771,0.771,4.690,1.19,20.00,18.0000,0.4690,2.111
4885,35.000,0.006,0.006,5.322,5.322,6.576,0.002,0.002,1.075,1.075,6.406,1.18,18.45,16.4471,0.6406,2.882
4886,50.000,0.006,0.006,7.407,7.407,6.750,0.006,0.006,1.531,1.531,8.951,1.18,17.00,15.0000,0.8951,4.028
4887,45.000,0.006,0.006,6.523,6.523,6.899,0.005,0.005,1.374,1.374,7.907,1.18,15.76,13.7574,0.7907,3.558
4888,30.000,0.006,0.006,4.277,4.277,7.014,0.001,0.001,0.914,0.914,5.199,1.17,14.80,12.8038,0.5199,2.339
4889,20.000,0.006,0.006,2.823,2.823,7.085,0.001,0.001,0.609,0.609,3.438,1.17,14.20,12.2044,0.3438,1.547
4890,25.000,0.006,0.006,3.516,3.516,7.110,0.001,0.001,0.760,0.760,4.283,1.17,14.00,12.0000,0.4283,1.928
4891,35.000,0.006,0.006,4.940,4.940,7.085,0.002,0.002,1.065,1.065,6.013,1.17,14.20,12.2044,0.6013,2.706
4892,50.000,0.006,0.006,7.129,7.129,7.014,0.006,0.006,1.523,1.523,8.665,1.17,14.80,12.8038,0.8665,3.899
4893,45.000,0.006,0.006,6.523,6.523,6.899,0.005,0.005,1.374,1.374,7.907,1.18,15.76,13.7574,0.7907,3.558
4894,30.000,0.006,0.006,4.444,4.444,6.750,0.001,0.001,0.919,0.919,5.370,1.18,17.00,15.0000,0.5370,2.417
4895,20.000,0.006,0.006,3.041,3.041,6.576,0.001,0.001,0.614,0.614,3.662,1.18,18.45,16.4471,0.3662,1.648
4896,25.000,0.006,0.006,3.912,3.912,6.390,0.001,0.001,0.771,0.771,4.690,1.19,20.00,18.0000,0.4690,2.111
4897,35.000,0.006,0.006,5.642,5.642,6.204,0.002,0.002,1.084,1.084,6.734,1.19,21.55,19.5529,0.6734,3.030
4898,50.000,0.006,0.006,8.292,8.292,6.030,0.006,0.006,1.554,1.554,9.859,1.20,23.00,21.0000,0.9859,4.436
4899,45.000,0.006,0.006,7.652,7.652,5.881,0.005,0.005,1.404,1.404,9.067,1.20,24.24,22.2426,0.9067,4.080
4900,30.000,0.006,0.006,5.202,5.202,5.766,0.001,0.001,0.939,0.939,6.149,1.20,25.20,23.1962,0.6149,2.767
4901,20.000,0.006,0.006,3.512,3.512,5.695,0.001,0.001,0.627,0.627,4.146,1.21,25.80,23.7956,0.4146,1.866
4902,25.000,0.006,0.006,4.409,4.409,5.670,0.001,0.001,0.784,0.784,5.200,1.21,26.00,24.0000,0.5200,2.340
4903,35.000,0.006,0.006,6.146,6.146,5.695,0.002,0.002,1.097,1.097,7.252,1.21,25.80,23.7956,0.7252,3.263
4904,50.000,0.006,0.006,8.671,8.671,5.766,0.006,0.006,1.565,1.565,10.248,1.20,25.20,23.1962,1.0248,4.611
4905,45.000,0.006,0.006,7.652,7.652,5.881,0.005,0.005,1.404,1.404,9.067,1.20,24.24,22.2426,0.9067,4.080
4906,30.000,0.006,0.006,4.975,4.975,6.030,0.001,0.001,0.933,0.933,5.915,1.20,23.00,21.0000,0.5915,2.662
4907,20.000,0.006,0.006,3.224,3.224,6.204,0.001,0.001,0.619,0.619,3.850,1.19,21.55,19.5529,0.3850,1.732
4908,25.000,0.006,0.006,3.912,3.912,6.390,0.001,0.001,0.771,0.771,4.690,1.19,20.00,18.0000,0.4690,2.111
4909,35.000,0.006,0.006,5.322,5.322,6.576,0.002,0.002,1.075,1.075,6.406,1.18,18.45,16.4471,0.6406,2.882
4910,50.000,0.006,0.006,7.407,7.407,6.750,0.006,0.006,1.531,1.531,8.951,1.18,17.00,15.0000,0.8951,4.028
4911,45.000,0.006,0.006,6.523,6.523,6.899,0.005,0.005,1.374,1.374,7.907,1.18,15.76,13.7574,0.7907,3.558
4912,30.000,0.006,0.006,4.277,4.277,7.014,0.001,0.001,0.914,0.914,5.199,1.17,14.80,12.8038,0.5199,2.339
4913,20.000,0.006,0.006,2.823,2.823,7.085,0.001,0.001,0.609,0.609,3.438,1.17,14.20,12.2044,0.3438,1.547
4914,25.000,0.006,0.006,3.516,3.516,7.110,0.001,0.001,0.760,0.760,4.283,1.17,14.00,12.0000,0.4283,1.928
4915,35.000,0.006,0.006,4.940,4.940,7.085,0.002,0.002,1.065,1.065,6.013,1.17,14.20,12.2044,0.6013,2.706
4916,50.000,0.006,0.006,7.129,7.129,7.014,0.006,0.006,1.523,1.523,8.665,1.17,14.80,12.8038,0.8665,3.899
4917,45.000,0.006,0.006,6.523,6.523,6.899,0.005,0.005,1.374,1.374,7.907,1.18,15.76,13.7574,0.7907,3.558
4918,30.000,0.006,0.006,4.444,4.444,6.750,0.001,0.001,0.919,0.919,5.370,1.18,17.00,15.0000,0.5370,2.417
4919,20.000,0.006,0.006,3.041,3.041,6.576,0.001,0.001,0.614,0.614,3.662,1.18,18.45,16.4471,0.3662,1.648
4920,25.000,0.006,0.006,3.912,3.912,6.390,0.001,0.001,0.771,0.771,4.690,1.19,20.00,18.0000,0.4690,2.111
4921,35.000,0.006,0.006,5.642,5.642,6.204,0.002,0.002,1.084,1.084,6.734,1.19,21.55,19.5529,0.6734,3.030
4922,50.000,0.006,0.006,8.292,8.292,6.030,0.006,0.006,1.554,1.554,9.859,1.20,23.00,21.0000,0.9859,4.436
4923,45.000,0.006,0.006,7.652,7.652,5.881,0.005,0.005,1.404,1.404,9.067,1.20,24.24,22.2426,0.9067,4.080
4924,30.000,0.006,0.006,5.202,5.202,5.766,0.001,0.001,0.939,0.939,6.149,1.20,25.20,23.1962,0.6149,2.767
4925,20.000,0.006,0.006,3.512,3.512,5.695,0.001,0.001,0.627,0.627,4.146,1.21,25.80,23.7956,0.4146,1.866
4926,25.000,0.006,0.006,4.409,4.409,5.670,0.001,0.001,0.784,0.784,5.200,1.21,26.00,24.0000,0.5200,2.340
4927,35.000,0.006,0.006,6.146,6.146,5.695,0.002,0.002,1.097,1.097,7.252,1.21,25.80,23.7956,0.7252,3.263
4928,50.000,0.006,0.006,8.671,8.671,5.766,0.006,0.006,1.565,1.565,10.248,1.20,25.20,23.1962,1.0248,4.611
4929,45.000,0.006,0.006,7.652,7.652,5.881,0.005,0.005,1.404,1.404,9.067,1.20,24.24,22.2426,0.9067,4.080
4930,30.000,0.006,0.006,4.975,4.975,6.030,0.001,0.001,0.933,0.933,5.915,1.20,23.00,21.0000,0.5915,2.662
4931,20.000,0.006,0.006,3.224,3.224,6.204,0.001,0.001,0.619,0.619,3.850,1.19,21.55,19.5529,0.3850,1.732
4932,25.000,0.006,0.006,3.912,3.912,6.390,0.001,0.001,0.771,0.771,4.690,1.19,20.00,18.0000,0.4690,2.111
4933,35.000,0.006,0.006,5.322,5.322,6.576,0.002,0.002,1.075,1.075,6.406,1.18,18.45,16.4471,0.6406,2.882
4934,50.000,0.006,0.006,7.407,7.407,6.750,0.006,0.006,1.531,1.531,8.951,1.18,17.00,15.0000,0.8951,4.028
4935,45.000,0.006,0.006,6.523,6.523,6.899,0.005,0.005,1.374,1.374,7.907,1.18,15.76,13.7574,0.7907,3.558
4936,30.000,0.006,0.006,4.277,4.277,7.014,0.001,0.001,0.914,0.914,5.199,1.17,14.80,12.8038,0.5199,2.339
4937,20.000,0.006,0.006,2.823,2.823,7.085,0.001,0.001,0.609,0.609,3.438,1.17,14.20,12.2044,0.3438,1.547
4938,25.000,0.006,0.006,3.516,3.516,7.110,0.001,0.001,0.760,0.760,4.283,1.17,14.00,12.0000,0.4283,1.928
4939,35.000,0.006,0.006,4.940,4.940,7.085,0.002,0.002,1.065,1.065,6.013,1.17,14.20,12.2044,0.6013,2.706
4940,50.000,0.006,0.006,7.129,7.129,7.014,0.006,0.006,1.523,1.523,8.665,1.17,14.80,12.8038,0.8665,3.899
4941,45.000,0.006,0.006,6.523,6.523,6.899,0.005,0.005,1.374,1.374,7.907,1.18,15.76,13.7574,0.7907,3.558
4942,30.000,0.006,0.006,4.444,4.444,6.750,0.001,0.001,0.919,0.919,5.370,1.18,17.00,15.0000,0.5370,2.417
4943,20.000,0.006,0.006,3.041,3.041,6.576,0.001,0.001,0.614,0.614,3.662,1.18,18.45,16.4471,0.3662,1.648
4944,25.000,0.006,0.006,3.912,3.912,6.390,0.001,0.001,0.771,0.771,4.690,1.19,20.00,18.0000,0.4690,2.111
4945,35.000,0.006,0.006,5.642,5.642,6.204,0.002,0.002,1.084,1.084,6.734,1.19,21.55,19.5529,0.6734,3.030
4946,50.000,0.006,0.006,8.292,8.292,6.030,0.006,0.006,1.554,1.554,9.859,1.20,23.00,21.0000,0.9859,4.436
4947,45.000,0.006,0.006,7.652,7.652,5.881,0.005,0.005,1.404,1.404,9.067,1.20,24.24,22.2426,0.9067,4.080
4948,30.000,0.006,0.006,5.202,5.202,5.766,0.001,0.001,0.939,0.939,6.149,1.20,25.20,23.1962,0.6149,2.767
4949,20.000,0.006,0.006,3.512,3.512,5.695,0.001,0.001,0.627,0.627,4.146,1.21,25.80,23.7956,0.4146,1.866
4950,25.000,0.006,0.006,4.409,4.409,5.670,0.001,0.001,0.784,0.784,5.200,1.21,26.00,24.0000,0.5200,2.340
4951,35.000,0.006,0.006,6.146,6.146,5.695,0.002,0.002,1.097,1.097,7.252,1.21,25.80,23.7956,0.7252,3.263
4952,50.000,0.006,0.006,8.671,8.671,5.766,0.006,0.006,1.565,1.565,10.248,1.20,25.20,23.1962,1.0248,4.611
4953,45.000,0.006,0.006,7.652,7.652,5.881,0.005,0.005,1.404,1.404,9.067,1.20,24.24,22.2426,0.9067,4.080
4954,30.000,0.006,0.006,4.975,4.975,6.030,0.001,0.001,0.933,0.933,5.915,1.20,23.00,21.0000,0.5915,2.662
4955,20.000,0.006,0.006,3.224,3.224,6.204,0.001,0.001,0.619,0.619,3.850,1.19,21.55,19.5529,0.3850,1.732
4956,25.000,0.006,0.006,3.912,3.912,6.390,0.001,0.001,0.771,0.771,4.690,1.19,20.00,18.0000,0.4690,2.111
4957,35.000,0.006,0.006,5.322,5.322,6.576,0.002,0.002,1.075,1.075,6.406,1.18,18.45,16.4471,0.6406,2.882
4958,50.000,0.006,0.006,7.407,7.407,6.750,0.006,0.006,1.531,1.531,8.951,1.18,17.00,15.0000,0.8951,4.028
4959,45.000,0.006,0.006,6.523,6.523,6.899,0.005,0.005,1.374,1.374,7.907,1.18,15.76,13.7574,0.7907,3.558
4960,30.000,0.006,0.006,4.277,4.277,7.014,0.001,0.001,0.914,0.914,5.199,1.17,14.80,12.8038,0.5199,2.339
4961,20.000,0.006,0.006,2.823,2.823,7.085,0.001,0.001,0.609,0.609,3.438,1.17,14.20,12.2044,0.3438,1.547
4962,25.000,0.006,0.006,3.516,3.516,7.110,0.001,0.001,0.760,0.760,4.283,1.17,14.00,12.0000,0.4283,1.928
4963,35.000,0.006,0.006,4.940,4.940,7.085,0.002,0.002,1.065,1.065,6.013,1.17,14.20,12.2044,0.6013,2.706
4964,50.000,0.006,0.006,7.129,7.129,7.014,0.006,0.006,1.523,1.523,8.665,1.17,14.80,12.8038,0.8665,3.899
4965,45.000,0.006,0.006,6.523,6.523,6.899,0.005,0.005,1.374,1.374,7.907,1.18,15.76,13.7574,0.7907,3.558
4966,30.000,0.006,0.006,4.444,4.444,6.750,0.001,0.001,0.919,0.919,5.370,1.18,17.00,15.0000,0.5370,2.417
4967,20.000,0.006,0.006,3.041,3.041,6.576,0.001,0.001,0.614,0.614,3.662,1.18,18.45,16.4471,0.3662,1.648
4968,25.000,0.006,0.006,3.912,3.912,6.390,0.001,0.001,0.771,0.771,4.690,1.19,20.00,18.0000,0.4690,2.111
4969,35.000,0.006,0.006,5.642,5.642,6.204,0.002,0.002,1.084,1.084,6.734,1.19,21.55,19.5529,0.6734,3.030
4970,50.000,0.006,0.006,8.292,8.292,6.030,0.006,0.006,1.554,1.554,9.859,1.20,23.00,21.0000,0.9859,4.436
4971,45.000,0.006,0.006,7.652,7.652,5.881,0.005,0.005,1.404,1.404,9.067,1.20,24.24,22.2426,0.9067,4.080
4972,30.000,0.006,0.006,5.202,5.202,5.766,0.001,0.001,0.939,0.939,6.149,1.20,25.20,23.1962,0.6149,2.767
4973,20.000,0.006,0.006,3.512,3.512,5.695,0.001,0.001,0.627,0.627,4.146,1.21,25.80,23.7956,0.4146,1.866
4974,25.000,0.006,0.006,4.409,4.409,5.670,0.001,0.001,0.784,0.784,5.200,1.21,26.00,24.0000,0.5200,2.340
4975,35.000,0.006,0.006,6.146,6.146,5.695,0.002,0.002,1.097,1.097,7.252,1.21,25.80,23.7956,0.7252,3.263
4976,50.000,0.006,0.006,8.671,8.671,5.766,0.006,0.006,1.565,1.565,10.248,1.20,25.20,23.1962,1.0248,4.611
4977,45.000,0.006,0.006,7.652,7.652,5.881,0.005,0.005,1.404,1.404,9.067,1.20,24.24,22.2426,0.9067,4.080
4978,30.000,0.006,0.006,4.975,4.975,6.030,0.001,0.001,0.933,0.933,5.915,1.20,23.00,21.0000,0.5915,2.662
4979,20.000,0.006,0.006,3.224,3.224,6.204,0.001,0.001,0.619,0.619,3.850,1.19,21.55,19.5529,0.3850,1.732
4980,25.000,0.006,0.006,3.912,3.912,6.390,0.001,0.001,0.771,0.771,4.690,1.19,20.00,18.0000,0.4690,2.111
4981,35.000,0.006,0.006,5.322,5.322,6.576,0.002,0.002,1.075,1.075,6.406,1.18,18.45,16.4471,0.6406,2.882
4982,50.000,0.006,0.006,7.407,7.407,6.750,0.006,0.006,1.531,1.531,8.951,1.18,17.00,15.0000,0.8951,4.028
4983,45.000,0.006,0.006,6.523,6.523,6.899,0.005,0.005,1.374,1.374,7.907,1.18,15.76,13.7574,0.7907,3.558
4984,30.000,0.006,0.006,4.277,4.277,7.014,0.001,0.001,0.914,0.914,5.199,1.17,14.80,12.8038,0.5199,2.339
4985,20.000,0.006,0.006,2.823,2.823,7.085,0.001,0.001,0.609,0.609,3.438,1.17,14.20,12.2044,0.3438,1.547
4986,25.000,0.006,0.006,3.516,3.516,7.110,0.001,0.001,0.760,0.760,4.283,1.17,14.00,12.0000,0.4283,1.928
4987,35.000,0.006,0.006,4.940,4.940,7.085,0.002,0.002,1.065,1.065,6.013,1.17,14.20,12.2044,0.6013,2.706
4988,50.000,0.006,0.006,7.129,7.129,7.014,0.006,0.006,1.523,1.523,8.665,1.17,14.80,12.8038,0.8665,3.899
4989,45.000,0.006,0.006,6.523,6.523,6.899,0.005,0.005,1.374,1.374,7.907,1.18,15.76,13.7574,0.7907,3.558
4990,30.000,0.006,0.006,4.444,4.444,6.750,0.001,0.001,0.919,0.919,5.370,1.18,17.00,15.0000,0.5370,2.417
4991,20.000,0.006,0.006,3.041,3.041,6.576,0.001,0.001,0.614,0.614,3.662,1.18,18.45,16.4471,0.3662,1.648
4992,25.000,0.006,0.006,3.912,3.912,6.390,0.001,0.001,0.771,0.771,4.690,1.19,20.00,18.0000,0.4690,2.111
4993,35.000,0.006,0.006,5.642,5.642,6.204,0.002,0.002,1.084,1.084,6.734,1.19,21.55,19.5529,0.6734,3.030
4994,50.000,0.006,0.006,8.292,8.292,6.030,0.006,0.006,1.554,1.554,9.859,1.20,23.00,21.0000,0.9859,4.436
4995,45.000,0.006,0.006,7.652,7.652,5.881,0.005,0.005,1.404,1.404,9.067,1.20,24.24,22.2426,0.9067,4.080
4996,30.000,0.006,0.006,5.202,5.202,5.766,0.001,0.001,0.939,0.939,6.149,1.20,25.20,23.1962,0.6149,2.767
4997,20.000,0.006,0.006,3.512,3.512,5.695,0.001,0.001,0.627,0.627,4.146,1.21,25.80,23.7956,0.4146,1.866
4998,25.000,0.006,0.006,4.409,4.409,5.670,0.001,0.001,0.784,0.784,5.200,1.21,26.00,24.0000,0.5200,2.340
4999,35.000,0.006,0.006,6.146,6.146,5.695,0.002,0.002,1.097,1.097,7.252,1.21,25.80,23.7956,0.7252,3.263
5000,50.000,0.006,0.006,8.671,8.671,5.766,0.006,0.006,1.565,1.565,10.248,1.20,25.20,23.1962,1.0248,4.611
5001,45.000,0.006,0.006,7.652,7.652,5.881,0.005,0.005,1.404,1.404,9.067,1.20,24.24,22.2426,0.9067,4.080
5002,30.000,0.006,0.006,4.975,4.975,6.030,0.001,0.001,0.933,0.933,5.915,1.20,23.00,21.0000,0.5915,2.662
5003,20.000,0.006,0.006,3.224,3.224,6.204,0.001,0.001,0.619,0.619,3.850,1.19,21.55,19.5529,0.3850,1.732
5004,25.000,0.006,0.006,3.912,3.912,6.390,0.001,0.001,0.771,0.771,4.690,1.19,20.00,18.0000,0.4690,2.111
5005,35.000,0.006,0.006,5.322,5.322,6.576,0.002,0.002,1.075,1.075,6.406,1.18,18.45,16.4471,0.6406,2.882
5006,50.000,0.006,0.006,7.407,7.407,6.750,0.006,0.006,1.531,1.531,8.951,1.18,17.00,15.0000,0.8951,4.028
5007,45.000,0.006,0.006,6.523,6.523,6.899,0.005,0.005,1.374,1.374,7.907,1.18,15.76,13.7574,0.7907,3.558
5008,30.000,0.006,0.006,4.277,4.277,7.014,0.001,0.001,0.914,0.914,5.199,1.17,14.80,12.8038,0.5199,2.339
5009,20.000,0.006,0.006,2.823,2.823,7.085,0.001,0.001,0.609,0.609,3.438,1.17,14.20,12.2044,0.3438,1.547
5010,25.000,0.006,0.006,3.516,3.516,7.110,0.001,0.001,0.760,0.760,4.283,1.17,14.00,12.0000,0.4283,1.928
5011,35.000,0.006,0.006,4.940,4.940,7.085,0.002,0.002,1.065,1.065,6.013,1.17,14.20,12.2044,0.6013,2.706
5012,50.000,0.006,0.006,7.129,7.129,7.014,0.006,0.006,1.523,1.523,8.665,1.17,14.80,12.8038,0.8665,3.899
5013,45.000,0.006,0.006,6.523,6.523,6.899,0.005,0.005,1.374,1.374,7.907,1.18,15.76,13.7574,0.7907,3.558
5014,30.000,0.006,0.006,4.444,4.444,6.750,0.001,0.001,0.919,0.919,5.370,1.18,17.00,15.0000,0.5370,2.417
5015,20.000,0.006,0.006,3.041,3.041,6.576,0.001,0.001,0.614,0.614,3.662,1.18,18.45,16.4471,0.3662,1.648
5016,25.000,0.006,0.006,3.912,3.912,6.390,0.001,0.001,0.771,0.771,4.690,1.19,20.00,18.0000,0.4690,2.111
5017,35.000,0.006,0.006,5.642,5.642,6.204,0.002,0.002,1.084,1.084,6.734,1.19,21.55,19.5529,0.6734,3.030
5018,50.000,0.006,0.006,8.292,8.292,6.030,0.006,0.006,1.554,1.554,9.859,1.20,23.00,21.0000,0.9859,4.436
5019,45.000,0.006,0.006,7.652,7.652,5.881,0.005,0.005,1.404,1.404,9.067,1.20,24.24,22.2426,0.9067,4.080
5020,30.000,0.006,0.006,5.202,5.202,5.766,0.001,0.001,0.939,0.939,6.149,1.20,25.20,23.1962,0.6149,2.767
5021,20.000,0.006,0.006,3.512,3.512,5.695,0.001,0.001,0.627,0.627,4.146,1.21,25.80,23.7956,0.4146,1.866
5022,25.000,0.006,0.006,4.409,4.409,5.670,0.001,0.001,0.784,0.784,5.200,1.21,26.00,24.0000,0.5200,2.340
5023,35.000,0.006,0.006,6.146,6.146,5.695,0.002,0.002,1.097,1.097,7.252,1.21,25.80,23.7956,0.7252,3.263
5024,50.000,0.006,0.006,8.671,8.671,5.766,0.006,0.006,1.565,1.565,10.248,1.20,25.20,23.1962,1.0248,4.611
5025,45.000,0.006,0.006,7.652,7.652,5.881,0.005,0.005,1.404,1.404,9.067,1.20,24.24,22.2426,0.9067,4.080
5026,30.000,0.006,0.006,4.975,4.975,6.030,0.001,0.001,0.933,0.933,5.915,1.20,23.00,21.0000,0.5915,2.662
5027,20.000,0.006,0.006,3.224,3.224,6.204,0.001,0.001,0.619,0.619,3.850,1.19,21.55,19.5529,0.3850,1.732
5028,25.000,0.006,0.006,3.912,3.912,6.390,0.001,0.001,0.771,0.771,4.690,1.19,20.00,18.0000,0.4690,2.111
5029,35.000,0.006,0.006,5.322,5.322,6.576,0.002,0.002,1.075,1.075,6.406,1.18,18.45,16.4471,0.6406,2.882
5030,50.000,0.006,0.006,7.407,7.407,6.750,0.006,0.006,1.531,1.531,8.951,1.18,17.00,15.0000,0.8951,4.028
5031,45.000,0.006,0.006,6.523,6.523,6.899,0.005,0.005,1.374,1.374,7.907,1.18,15.76,13.7574,0.7907,3.558
5032,30.000,0.006,0.006,4.277,4.277,7.014,0.001,0.001,0.914,0.914,5.199,1.17,14.80,12.8038,0.5199,2.339
5033,20.000,0.006,0.006,2.823,2.823,7.085,0.001,0.001,0.609,0.609,3.438,1.17,14.20,12.2044,0.3438,1.547
5034,25.000,0.006,0.006,3.516,3.516,7.110,0.001,0.001,0.760,0.760,4.283,1.17,14.00,12.0000,0.4283,1.928
5035,35.000,0.006,0.006,4.940,4.940,7.085,0.002,0.002,1.065,1.065,6.013,1.17,14.20,12.2044,0.6013,2.706
5036,50.000,0.006,0.006,7.129,7.129,7.014,0.006,0.006,1.523,1.523,8.665,1.17,14.80,12.8038,0.8665,3.899
5037,45.000,0.006,0.006,6.523,6.523,6.899,0.005,0.005,1.374,1.374,7.907,1.18,15.76,13.7574,0.7907,3.558
5038,30.000,0.006,0.006,4.444,4.444,6.750,0.001,0.001,0.919,0.919,5.370,1.18,17.00,15.0000,0.5370,2.417
5039,20.000,0.006,0.006,3.041,3.041,6.576,0.001,0.001,0.614,0.614,3.662,1.18,18.45,16.4471,0.3662,1.648
5040,25.000,0.006,0.006,3.912,3.912,6.390,0.001,0.001,0.771,0.771,4.690,1.19,20.00,18.0000,0.4690,2.111
5041,35.000,0.006,0.006,5.642,5.642,6.204,0.002,0.002,1.084,1.084,6.734,1.19,21.55,19.5529,0.6734,3.030
5042,50.000,0.006,0.006,8.292,8.292,6.030,0.006,0.006,1.554,1.554,9.859,1.20,23.00,21.0000,0.9859,4.436
5043,45.000,0.006,0.006,7.652,7.652,5.881,0.005,0.005,1.404,1.404,9.067,1.20,24.24,22.2426,0.9067,4.080
5044,30.000,0.006,0.006,5.202,5.202,5.766,0.001,0.001,0.939,0.939,6.149,1.20,25.20,23.1962,0.6149,2.767
5045,20.000,0.006,0.006,3.512,3.512,5.695,0.001,0.001,0.627,0.627,4.146,1.21,25.80,23.7956,0.4146,1.866
5046,25.000,0.006,0.006,4.409,4.409,5.670,0.001,0.001,0.784,0.784,5.200,1.21,26.00,24.0000,0.5200,2.340
5047,35.000,0.006,0.006,6.146,6.146,5.695,0.002,0.002,1.097,1.097,7.252,1.21,25.80,23.7956,0.7252,3.263
5048,50.000,0.006,0.006,8.671,8.671,5.766,0.006,0.006,1.565,1.565,10.248,1.20,25.20,23.1962,1.0248,4.611
5049,45.000,0.006,0.006,7.652,7.652,5.881,0.005,0.005,1.404,1.404,9.067,1.20,24.24,22.2426,0.9067,4.080
5050,30.000,0.006,0.006,4.975,4.975,6.030,0.001,0.001,0.933,0.933,5.915,1.20,23.00,21.0000,0.5915,2.662
5051,20.000,0.006,0.006,3.224,3.224,6.204,0.001,0.001,0.619,0.619,3.850,1.19,21.55,19.5529,0.3850,1.732
5052,25.000,0.006,0.006,3.912,3.912,6.390,0.001,0.001,0.771,0.771,4.690,1.19,20.00,18.0000,0.4690,2.111
5053,35.000,0.006,0.006,5.322,5.322,6.576,0.002,0.002,1.075,1.075,6.406,1.18,18.45,16.4471,0.6406,2.882
5054,50.000,0.006,0.006,7.407,7.407,6.750,0.006,0.006,1.531,1.531,8.951,1.18,17.00,15.0000,0.8951,4.028
5055,45.000,0.006,0.006,6.523,6.523,6.899,0.005,0.005,1.374,1.374,7.907,1.18,15.76,13.7574,0.7907,3.558
5056,30.000,0.006,0.006,4.277,4.277,7.014,0.001,0.001,0.914,0.914,5.199,1.17,14.80,12.8038,0.5199,2.339
5057,20.000,0.006,0.006,2.823,2.823,7.085,0.001,0.001,0.609,0.609,3.438,1.17,14.20,12.2044,0.3438,1.547
5058,25.000,0.006,0.006,3.516,3.516,7.110,0.001,0.001,0.760,0.760,4.283,1.17,14.00,12.0000,0.4283,1.928
5059,35.000,0.006,0.006,4.940,4.940,7.085,0.002,0.002,1.065,1.065,6.013,1.17,14.20,12.2044,0.6013,2.706
5060,50.000,0.006,0.006,7.129,7.129,7.014,0.006,0.006,1.523,1.523,8.665,1.17,14.80,12.8038,0.8665,3.899
5061,45.000,0.006,0.006,6.523,6.523,6.899,0.005,0.005,1.374,1.374,7.907,1.18,15.76,13.7574,0.7907,3.558
5062,30.000,0.006,0.006,4.444,4.444,6.750,0.001,0.001,0.919,0.919,5.370,1.18,17.00,15.0000,0.5370,2.417
5063,20.000,0.006,0.006,3.041,3.041,6.576,0.001,0.001,0.614,0.614,3.662,1.18,18.45,16.4471,0.3662,1.648
5064,25.000,0.006,0.006,3.912,3.912,6.390,0.001,0.001,0.771,0.771,4.690,1.19,20.00,18.0000,0.4690,2.111
5065,35.000,0.006,0.006,5.642,5.642,6.204,0.002,0.002,1.084,1.084,6.734,1.19,21.55,19.5529,0.6734,3.030
5066,50.000,0.006,0.006,8.292,8.292,6.030,0.006,0.006,1.554,1.554,9.859,1.20,23.00,21.0000,0.9859,4.436
5067,45.000,0.006,0.006,7.652,7.652,5.881,0.005,0.005,1.404,1.404,9.067,1.20,24.24,22.2426,0.9067,4.080
5068,30.000,0.006,0.006,5.202,5.202,5.766,0.001,0.001,0.939,0.939,6.149,1.20,25.20,23.1962,0.6149,2.767
5069,20.000,0.006,0.006,3.512,3.512,5.695,0.001,0.001,0.627,0.627,4.146,1.21,25.80,23.7956,0.4146,1.866
5070,25.000,0.006,0.006,4.409,4.409,5.670,0.001,0.001,0.784,0.784,5.200,1.21,26.00,24.0000,0.5200,2.340
5071,35.000,0.006,0.006,6.146,6.146,5.695,0.002,0.002,1.097,1.097,7.252,1.21,25.80,23.7956,0.7252,3.263
5072,50.000,0.006,0.006,8.671,8.671,5.766,0.006,0.006,1.565,1.565,10.248,1.20,25.20,23.1962,1.0248,4.611
5073,45.000,0.006,0.006,7.652,7.652,5.881,0.005,0.005,1.404,1.404,9.067,1.20,24.24,22.2426,0.9067,4.080
5074,30.000,0.006,0.006,4.975,4.975,6.030,0.001,0.001,0.933,0.933,5.915,1.20,23.00,21.0000,0.5915,2.662
5075,20.000,0.006,0.006,3.224,3.224,6.204,0.001,0.001,0.619,0.619,3.850,1.19,21.55,19.5529,0.3850,1.732
5076,25.000,0.006,0.006,3.912,3.912,6.390,0.001,0.001,0.771,0.771,4.690,1.19,20.00,18.0000,0.4690,2.111
5077,35.000,0.006,0.006,5.322,5.322,6.576,0.002,0.002,1.075,1.075,6.406,1.18,18.45,16.4471,0.6406,2.882
5078,50.000,0.006,0.006,7.407,7.407,6.750,0.006,0.006,1.531,1.531,8.951,1.18,17.00,15.0000,0.8951,4.028
5079,45.000,0.006,0.006,6.523,6.523,6.899,0.005,0.005,1.374,1.374,7.907,1.18,15.76,13.7574,0.7907,3.558
5080,30.000,0.006,0.006,4.277,4.277,7.014,0.001,0.001,0.914,0.914,5.199,1.17,14.80,12.8038,0.5199,2.339
5081,20.000,0.006,0.006,2.823,2.823,7.085,0.001,0.001,0.609,0.609,3.438,1.17,14.20,12.2044,0.3438,1.547
5082,25.000,0.006,0.006,3.516,3.516,7.110,0.001,0.001,0.760,0.760,4.283,1.17,14.00,12.0000,0.4283,1.928
5083,35.000,0.006,0.006,4.940,4.940,7.085,0.002,0.002,1.065,1.065,6.013,1.17,14.20,12.2044,0.6013,2.706
5084,50.000,0.006,0.006,7.129,7.129,7.014,0.006,0.006,1.523,1.523,8.665,1.17,14.80,12.8038,0.8665,3.899
5085,45.000,0.006,0.006,6.523,6.523,6.899,0.005,0.005,1.374,1.374,7.907,1.18,15.76,13.7574,0.7907,3.558
5086,30.000,0.006,0.006,4.444,4.444,6.750,0.001,0.001,0.919,0.919,5.370,1.18,17.00,15.0000,0.5370,2.417
5087,20.000,0.006,0.006,3.041,3.041,6.576,0.001,0.001,0.614,0.614,3.662,1.18,18.45,16.4471,0.3662,1.648
5088,25.000,0.006,0.006,3.912,3.912,6.390,0.001,0.001,0.771,0.771,4.690,1.19,20.00,18.0000,0.4690,2.111
5089,35.000,0.006,0.006,5.642,5.642,6.204,0.002,0.002,1.084,1.084,6.734,1.19,21.55,19.5529,0.6734,3.030
5090,50.000,0.006,0.006,8.292,8.292,6.030,0.006,0.006,1.554,1.554,9.859,1.20,23.00,21.0000,0.9859,4.436
5091,45.000,0.006,0.006,7.652,7.652,5.881,0.005,0.005,1.404,1.404,9.067,1.20,24.24,22.2426,0.9067,4.080
5092,30.000,0.006,0.006,5.202,5.202,5.766,0.001,0.001,0.939,0.939,6.149,1.20,25.20,23.1962,0.6149,2.767
5093,20.000,0.006,0.006,3.512,3.512,5.695,0.001,0.001,0.627,0.627,4.146,1.21,25.80,23.7956,0.4146,1.866
5094,25.000,0.006,0.006,4.409,4.409,5.670,0.001,0.001,0.784,0.784,5.200,1.21,26.00,24.0000,0.5200,2.340
5095,35.000,0.006,0.006,6.146,6.146,5.695,0.002,0.002,1.097,1.097,7.252,1.21,25.80,23.7956,0.7252,3.263
5096,50.000,0.006,0.006,8.671,8.671,5.766,0.006,0.006,1.565,1.565,10.248,1.20,25.20,23.1962,1.0248,4.611
5097,45.000,0.006,0.006,7.652,7.652,5.881,0.005,0.005,1.404,1.404,9.067,1.20,24.24,22.2426,0.9067,4.080
5098,30.000,0.006,0.006,4.975,4.975,6.030,0.001,0.001,0.933,0.933,5.915,1.20,23.00,21.0000,0.5915,2.662
5099,20.000,0.006,0.006,3.224,3.224,6.204,0.001,0.001,0.619,0.619,3.850,1.19,21.55,19.5529,0.3850,1.732
5100,25.000,0.006,0.006,3.912,3.912,6.390,0.001,0.001,0.771,0.771,4.690,1.19,20.00,18.0000,0.4690,2.111
5101,35.000,0.006,0.006,5.322,5.322,6.576,0.002,0.002,1.075,1.075,6.406,1.18,18.45,16.4471,0.6406,2.882
5102,50.000,0.006,0.006,7.407,7.407,6.750,0.006,0.006,1.531,1.531,8.951,1.18,17.00,15.0000,0.8951,4.028
5103,45.000,0.006,0.006,6.523,6.523,6.899,0.005,0.005,1.374,1.374,7.907,1.18,15.76,13.7574,0.7907,3.558
5104,30.000,0.006,0.006,4.277,4.277,7.014,0.001,0.001,0.914,0.914,5.199,1.17,14.80,12.8038,0.5199,2.339
5105,20.000,0.006,0.006,2.823,2.823,7.085,0.001,0.001,0.609,0.609,3.438,1.17,14.20,12.2044,0.3438,1.547
5106,25.000,0.006,0.006,3.516,3.516,7.110,0.001,0.001,0.760,0.760,4.283,1.17,14.00,12.0000,0.4283,1.928
5107,35.000,0.006,0.006,4.940,4.940,7.085,0.002,0.002,1.065,1.065,6.013,1.17,14.20,12.2044,0.6013,2.706
5108,50.000,0.006,0.006,7.129,7.129,7.014,0.006,0.006,1.523,1.523,8.665,1.17,14.80,12.8038,0.8665,3.899
5109,45.000,0.006,0.006,6.523,6.523,6.899,0.005,0.005,1.374,1.374,7.907,1.18,15.76,13.7574,0.7907,3.558
5110,30.000,0.006,0.006,4.444,4.444,6.750,0.001,0.001,0.919,0.919,5.370,1.18,17.00,15.0000,0.5370,2.417
5111,20.000,0.006,0.006,3.041,3.041,6.576,0.001,0.001,0.614,0.614,3.662,1.18,18.45,16.4471,0.3662,1.648
5112,25.000,0.006,0.006,3.912,3.912,6.390,0.001,0.001,0.771,0.771,4.690,1.19,20.00,18.0000,0.4690,2.111
5113,35.000,0.006,0.006,5.642,5.642,6.204,0.002,0.002,1.084,1.084,6.734,1.19,21.55,19.5529,0.6734,3.030
5114,50.000,0.006,0.006,8.292,8.292,6.030,0.006,0.006,1.554,1.554,9.859,1.20,23.00,21.0000,0.9859,4.436
5115,45.000,0.006,0.006,7.652,7.652,5.881,0.005,0.005,1.404,1.404,9.067,1.20,24.24,22.2426,0.9067,4.080
5116,30.000,0.006,0.006,5.202,5.202,5.766,0.001,0.001,0.939,0.939,6.149,1.20,25.20,23.1962,0.6149,2.767
5117,20.000,0.006,0.006,3.512,3.512,5.695,0.001,0.001,0.627,0.627,4.146,1.21,25.80,23.7956,0.4146,1.866
5118,25.000,0.006,0.006,4.409,4.409,5.670,0.001,0.001,0.784,0.784,5.200,1.21,26.00,24.0000,0.5200,2.340
5119,35.000,0.006,0.006,6.146,6.146,5.695,0.002,0.002,1.097,1.097,7.252,1.21,25.80,23.7956,0.7252,3.263
5120,50.000,0.006,0.006,8.671,8.671,5.766,0.006,0.006,1.565,1.565,10.248,1.20,25.20,23.1962,1.0248,4.611
5121,45.000,0.006,0.006,7.652,7.652,5.881,0.005,0.005,1.404,1.404,9.067,1.20,24.24,22.2426,0.9067,4.080
5122,30.000,0.006,0.006,4.975,4.975,6.030,0.001,0.001,0.933,0.933,5.915,1.20,23.00,21.0000,0.5915,2.662
5123,20.000,0.006,0.006,3.224,3.224,6.204,0.001,0.001,0.619,0.619,3.850,1.19,21.55,19.5529,0.3850,1.732
5124,25.000,0.006,0.006,3.912,3.912,6.390,0.001,0.001,0.771,0.771,4.690,1.19,20.00,18.0000,0.4690,2.111
5125,35.000,0.006,0.006,5.322,5.322,6.576,0.002,0.002,1.075,1.075,6.406,1.18,18.45,16.4471,0.6406,2.882
5126,50.000,0.006,0.006,7.407,7.407,6.750,0.006,0.006,1.531,1.531,8.951,1.18,17.00,15.0000,0.8951,4.028
5127,45.000,0.006,0.006,6.523,6.523,6.899,0.005,0.005,1.374,1.374,7.907,1.18,15.76,13.7574,0.7907,3.558
5128,30.000,0.006,0.006,4.277,4.277,7.014,0.001,0.001,0.914,0.914,5.199,1.17,14.80,12.8038,0.5199,2.339
5129,20.000,0.006,0.006,2.823,2.823,7.085,0.001,0.001,0.609,0.609,3.438,1.17,14.20,12.2044,0.3438,1.547
5130,25.000,0.006,0.006,3.516,3.516,7.110,0.001,0.001,0.760,0.760,4.283,1.17,14.00,12.0000,0.4283,1.928
5131,35.000,0.006,0.006,4.940,4.940,7.085,0.002,0.002,1.065,1.065,6.013,1.17,14.20,12.2044,0.6013,2.706
5132,50.000,0.006,0.006,7.129,7.129,7.014,0.006,0.006,1.523,1.523,8.665,1.17,14.80,12.8038,0.8665,3.899
5133,45.000,0.006,0.006,6.523,6.523,6.899,0.005,0.005,1.374,1.374,7.907,1.18,15.76,13.7574,0.7907,3.558
5134,30.000,0.006,0.006,4.444,4.444,6.750,0.001,0.001,0.919,0.919,5.370,1.18,17.00,15.0000,0.5370,2.417
5135,20.000,0.006,0.006,3.041,3.041,6.576,0.001,0.001,0.614,0.614,3.662,1.18,18.45,16.4471,0.3662,1.648
5136,25.000,0.006,0.006,3.912,3.912,6.390,0.001,0.001,0.771,0.771,4.690,1.19,20.00,18.0000,0.4690,2.111
5137,35.000,0.006,0.006,5.642,5.642,6.204,0.002,0.002,1.084,1.084,6.734,1.19,21.55,19.5529,0.6734,3.030
5138,50.000,0.006,0.006,8.292,8.292,6.030,0.006,0.006,1.554,1.554,9.859,1.20,23.00,21.0000,0.9859,4.436
5139,45.000,0.006,0.006,7.652,7.652,5.881,0.005,0.005,1.404,1.404,9.067,1.20,24.24,22.2426,0.9067,4.080
5140,30.000,0.006,0.006,5.202,5.202,5.766,0.001,0.001,0.939,0.939,6.149,1.20,25.20,23.1962,0.6149,2.767
5141,20.000,0.006,0.006,3.512,3.512,5.695,0.001,0.001,0.627,0.627,4.146,1.21,25.80,23.7956,0.4146,1.866
5142,25.000,0.006,0.006,4.409,4.409,5.670,0.001,0.001,0.784,0.784,5.200,1.21,26.00,24.0000,0.5200,2.340
5143,35.000,0.006,0.006,6.146,6.146,5.695,0.002,0.002,1.097,1.097,7.252,1.21,25.80,23.7956,0.7252,3.263
5144,50.000,0.006,0.006,8.671,8.671,5.766,0.006,0.006,1.565,1.565,10.248,1.20,25.20,23.1962,1.0248,4.611
5145,45.000,0.006,0.006,7.652,7.652,5.881,0.005,0.005,1.404,1.404,9.067,1.20,24.24,22.2426,0.9067,4.080
5146,30.000,0.006,0.006,4.975,4.975,6.030,0.001,0.001,0.933,0.933,5.915,1.20,23.00,21.0000,0.5915,2.662
5147,20.000,0.006,0.006,3.224,3.224,6.204,0.001,0.001,0.619,0.619,3.850,1.19,21.55,19.5529,0.3850,1.732
5148,25.000,0.006,0.006,3.912,3.912,6.390,0.001,0.001,0.771,0.771,4.690,1.19,20.00,18.0000,0.4690,2.111
5149,35.000,0.006,0.006,5.322,5.322,6.576,0.002,0.002,1.075,1.075,6.406,1.18,18.45,16.4471,0.6406,2.882
5150,50.000,0.006,0.006,7.407,7.407,6.750,0.006,0.006,1.531,1.531,8.951,1.18,17.00,15.0000,0.8951,4.028
5151,45.000,0.006,0.006,6.523,6.523,6.899,0.005,0.005,1.374,1.374,7.907,1.18,15.76,13.7574,0.7907,3.558
5152,30.000,0.006,0.006,4.277,4.277,7.014,0.001,0.001,0.914,0.914,5.199,1.17,14.80,12.8038,0.5199,2.339
5153,20.000,0.006,0.006,2.823,2.823,7.085,0.001,0.001,0.609,0.609,3.438,1.17,14.20,12.2044,0.3438,1.547
5154,25.000,0.006,0.006,3.516,3.516,7.110,0.001,0.001,0.760,0.760,4.283,1.17,14.00,12.0000,0.4283,1.928
5155,35.000,0.006,0.006,4.940,4.940,7.085,0.002,0.002,1.065,1.065,6.013,1.17,14.20,12.2044,0.6013,2.706
5156,50.000,0.006,0.006,7.129,7.129,7.014,0.006,0.006,1.523,1.523,8.665,1.17,14.80,12.8038,0.8665,3.899
5157,45.000,0.006,0.006,6.523,6.523,6.899,0.005,0.005,1.374,1.374,7.907,1.18,15.76,13.7574,0.7907,3.558
5158,30.000,0.006,0.006,4.444,4.444,6.750,0.001,0.001,0.919,0.919,5.370,1.18,17.00,15.0000,0.5370,2.417
5159,20.000,0.006,0.006,3.041,3.041,6.576,0.001,0.001,0.614,0.614,3.662,1.18,18.45,16.4471,0.3662,1.648
5160,25.000,0.006,0.006,3.912,3.912,6.390,0.001,0.001,0.771,0.771,4.690,1.19,20.00,18.0000,0.4690,2.111
5161,35.000,0.006,0.006,5.642,5.642,6.204,0.002,0.002,1.084,1.084,6.734,1.19,21.55,19.5529,0.6734,3.030
5162,50.000,0.006,0.006,8.292,8.292,6.030,0.006,0.006,1.554,1.554,9.859,1.20,23.00,21.0000,0.9859,4.436
5163,45.000,0.006,0.006,7.652,7.652,5.881,0.005,0.005,1.404,1.404,9.067,1.20,24.24,22.2426,0.9067,4.080
5164,30.000,0.006,0.006,5.202,5.202,5.766,0.001,0.001,0.939,0.939,6.149,1.20,25.20,23.1962,0.6149,2.767
5165,20.000,0.006,0.006,3.512,3.512,5.695,0.001,0.001,0.627,0.627,4.146,1.21,25.80,23.7956,0.4146,1.866
5166,25.000,0.006,0.006,4.409,4.409,5.670,0.001,0.001,0.784,0.784,5.200,1.21,26.00,24.0000,0.5200,2.340
5167,35.000,0.006,0.006,6.146,6.146,5.695,0.002,0.002,1.097,1.097,7.252,1.21,25.80,23.7956,0.7252,3.263
5168,50.000,0.006,0.006,8.671,8.671,5.766,0.006,0.006,1.565,1.565,10.248,1.20,25.20,23.1962,1.0248,4.611
5169,45.000,0.006,0.006,7.652,7.652,5.881,0.005,0.005,1.404,1.404,9.067,1.20,24.24,22.2426,0.9067,4.080
5170,30.000,0.006,0.006,4.975,4.975,6.030,0.001,0.001,0.933,0.933,5.915,1.20,23.00,21.0000,0.5915,2.662
5171,20.000,0.006,0.006,3.224,3.224,6.204,0.001,0.001,0.619,0.619,3.850,1.19,21.55,19.5529,0.3850,1.732
5172,25.000,0.006,0.006,3.912,3.912,6.390,0.001,0.001,0.771,0.771,4.690,1.19,20.00,18.0000,0.4690,2.111
5173,35.000,0.006,0.006,5.322,5.322,6.576,0.002,0.002,1.075,1.075,6.406,1.18,18.45,16.4471,0.6406,2.882
5174,50.000,0.006,0.006,7.407,7.407,6.750,0.006,0.006,1.531,1.531,8.951,1.18,17.00,15.0000,0.8951,4.028
5175,45.000,0.006,0.006,6.523,6.523,6.899,0.005,0.005,1.374,1.374,7.907,1.18,15.76,13.7574,0.7907,3.558
5176,30.000,0.006,0.006,4.277,4.277,7.014,0.001,0.001,0.914,0.914,5.199,1.17,14.80,12.8038,0.5199,2.339
5177,20.000,0.006,0.006,2.823,2.823,7.085,0.001,0.001,0.609,0.609,3.438,1.17,14.20,12.2044,0.3438,1.547
5178,25.000,0.006,0.006,3.516,3.516,7.110,0.001,0.001,0.760,0.760,4.283,1.17,14.00,12.0000,0.4283,1.928
5179,35.000,0.006,0.006,4.940,4.940,7.085,0.002,0.002,1.065,1.065,6.013,1.17,14.20,12.2044,0.6013,2.706
5180,50.000,0.006,0.006,7.129,7.129,7.014,0.006,0.006,1.523,1.523,8.665,1.17,14.80,12.8038,0.8665,3.899
5181,45.000,0.006,0.006,6.523,6.523,6.899,0.005,0.005,1.374,1.374,7.907,1.18,15.76,13.7574,0.7907,3.558
5182,30.000,0.006,0.006,4.444,4.444,6.750,0.001,0.001,0.919,0.919,5.370,1.18,17.00,15.0000,0.5370,2.417
5183,20.000,0.006,0.006,3.041,3.041,6.576,0.001,0.001,0.614,0.614,3.662,1.18,18.45,16.4471,0.3662,1.648
5184,25.000,0.006,0.006,3.912,3.912,6.390,0.001,0.001,0.771,0.771,4.690,1.19,20.00,18.0000,0.4690,2.111
5185,35.000,0.006,0.006,5.642,5.642,6.204,0.002,0.002,1.084,1.084,6.734,1.19,21.55,19.5529,0.6734,3.030
5186,50.000,0.006,0.006,8.292,8.292,6.030,0.006,0.006,1.554,1.554,9.859,1.20,23.00,21.0000,0.9859,4.436
5187,45.000,0.006,0.006,7.652,7.652,5.881,0.005,0.005,1.404,1.404,9.067,1.20,24.24,22.2426,0.9067,4.080
5188,30.000,0.006,0.006,5.202,5.202,5.766,0.001,0.001,0.939,0.939,6.149,1.20,25.20,23.1962,0.6149,2.767
5189,20.000,0.006,0.006,3.512,3.512,5.695,0.001,0.001,0.627,0.627,4.146,1.21,25.80,23.7956,0.4146,1.866
5190,25.000,0.006,0.006,4.409,4.409,5.670,0.001,0.001,0.784,0.784,5.200,1.21,26.00,24.0000,0.5200,2.340
5191,35.000,0.006,0.006,6.146,6.146,5.695,0.002,0.002,1.097,1.097,7.252,1.21,25.80,23.7956,0.7252,3.263
5192,50.000,0.006,0.006,8.671,8.671,5.766,0.006,0.006,1.565,1.565,10.248,1.20,25.20,23.1962,1.0248,4.611
5193,45.000,0.006,0.006,7.652,7.652,5.881,0.005,0.005,1.404,1.404,9.067,1.20,24.24,22.2426,0.9067,4.080
5194,30.000,0.006,0.006,4.975,4.975,6.030,0.001,0.001,0.933,0.933,5.915,1.20,23.00,21.0000,0.5915,2.662
5195,20.000,0.006,0.006,3.224,3.224,6.204,0.001,0.001,0.619,0.619,3.850,1.19,21.55,19.5529,0.3850,1.732
5196,25.000,0.006,0.006,3.912,3.912,6.390,0.001,0.001,0.771,0.771,4.690,1.19,20.00,18.0000,0.4690,2.111
5197,35.000,0.006,0.006,5.322,5.322,6.576,0.002,0.002,1.075,1.075,6.406,1.18,18.45,16.4471,0.6406,2.882
5198,50.000,0.006,0.006,7.407,7.407,6.750,0.006,0.006,1.531,1.531,8.951,1.18,17.00,15.0000,0.8951,4.028
5199,45.000,0.006,0.006,6.523,6.523,6.899,0.005,0.005,1.374,1.374,7.907,1.18,15.76,13.7574,0.7907,3.558
5200,30.000,0.006,0.006,4.277,4.277,7.014,0.001,0.001,0.914,0.914,5.199,1.17,14.80,12.8038,0.5199,2.339
5201,20.000,0.006,0.006,2.823,2.823,7.085,0.001,0.001,0.609,0.609,3.438,1.17,14.20,12.2044,0.3438,1.547
5202,25.000,0.006,0.006,3.516,3.516,7.110,0.001,0.001,0.760,0.760,4.283,1.17,14.00,12.0000,0.4283,1.928
5203,35.000,0.006,0.006,4.940,4.940,7.085,0.002,0.002,1.065,1.065,6.013,1.17,14.20,12.2044,0.6013,2.706
5204,50.000,0.006,0.006,7.129,7.129,7.014,0.006,0.006,1.523,1.523,8.665,1.17,14.80,12.8038,0.8665,3.899
5205,45.000,0.006,0.006,6.523,6.523,6.899,0.005,0.005,1.374,1.374,7.907,1.18,15.76,13.7574,0.7907,3.558
5206,30.000,0.006,0.006,4.444,4.444,6.750,0.001,0.001,0.919,0.919,5.370,1.18,17.00,15.0000,0.5370,2.417
5207,20.000,0.006,0.006,3.041,3.041,6.576,0.001,0.001,0.614,0.614,3.662,1.18,18.45,16.4471,0.3662,1.648
5208,25.000,0.006,0.006,3.912,3.912,6.390,0.001,0.001,0.771,0.771,4.690,1.19,20.00,18.0000,0.4690,2.111
5209,35.000,0.006,0.006,5.642,5.642,6.204,0.002,0.002,1.084,1.084,6.734,1.19,21.55,19.5529,0.6734,3.030
5210,50.000,0.006,0.006,8.292,8.292,6.030,0.006,0.006,1.554,1.554,9.859,1.20,23.00,21.0000,0.9859,4.436
5211,45.000,0.006,0.006,7.652,7.652,5.881,0.005,0.005,1.404,1.404,9.067,1.20,24.24,22.2426,0.9067,4.080
5212,30.000,0.006,0.006,5.202,5.202,5.766,0.001,0.001,0.939,0.939,6.149,1.20,25.20,23.1962,0.6149,2.767
5213,20.000,0.006,0.006,3.512,3.512,5.695,0.001,0.001,0.627,0.627,4.146,1.21,25.80,23.7956,0.4146,1.866
5214,25.000,0.006,0.006,4.409,4.409,5.670,0.001,0.001,0.784,0.784,5.200,1.21,26.00,24.0000,0.5200,2.340
5215,35.000,0.006,0.006,6.146,6.146,5.695,0.002,0.002,1.097,1.097,7.252,1.21,25.80,23.7956,0.7252,3.263
5216,50.000,0.006,0.006,8.671,8.671,5.766,0.006,0.006,1.565,1.565,10.248,1.20,25.20,23.1962,1.0248,4.611
5217,45.000,0.006,0.006,7.652,7.652,5.881,0.005,0.005,1.404,1.404,9.067,1.20,24.24,22.2426,0.9067,4.080
5218,30.000,0.006,0.006,4.975,4.975,6.030,0.001,0.001,0.933,0.933,5.915,1.20,23.00,21.0000,0.5915,2.662
5219,20.000,0.006,0.006,3.224,3.224,6.204,0.001,0.001,0.619,0.619,3.850,1.19,21.55,19.5529,0.3850,1.732
5220,25.000,0.006,0.006,3.912,3.912,6.390,0.001,0.001,0.771,0.771,4.690,1.19,20.00,18.0000,0.4690,2.111
5221,35.000,0.006,0.006,5.322,5.322,6.576,0.002,0.002,1.075,1.075,6.406,1.18,18.45,16.4471,0.6406,2.882
5222,50.000,0.006,0.006,7.407,7.407,6.750,0.006,0.006,1.531,1.531,8.951,1.18,17.00,15.0000,0.8951,4.028
5223,45.000,0.006,0.006,6.523,6.523,6.899,0.005,0.005,1.374,1.374,7.907,1.18,15.76,13.7574,0.7907,3.558
5224,30.000,0.006,0.006,4.277,4.277,7.014,0.001,0.001,0.914,0.914,5.199,1.17,14.80,12.8038,0.5199,2.339
5225,20.000,0.006,0.006,2.823,2.823,7.085,0.001,0.001,0.609,0.609,3.438,1.17,14.20,12.2044,0.3438,1.547
5226,25.000,0.006,0.006,3.516,3.516,7.110,0.001,0.001,0.760,0.760,4.283,1.17,14.00,12.0000,0.4283,1.928
5227,35.000,0.006,0.006,4.940,4.940,7.085,0.002,0.002,1.065,1.065,6.013,1.17,14.20,12.2044,0.6013,2.706
5228,50.000,0.006,0.006,7.129,7.129,7.014,0.006,0.006,1.523,1.523,8.665,1.17,14.80,12.8038,0.8665,3.899
5229,45.000,0.006,0.006,6.523,6.523,6.899,0.005,0.005,1.374,1.374,7.907,1.18,15.76,13.7574,0.7907,3.558
5230,30.000,0.006,0.006,4.444,4.444,6.750,0.001,0.001,0.919,0.919,5.370,1.18,17.00,15.0000,0.5370,2.417
5231,20.000,0.006,0.006,3.041,3.041,6.576,0.001,0.001,0.614,0.614,3.662,1.18,18.45,16.4471,0.3662,1.648
5232,25.000,0.006,0.006,3.912,3.912,6.390,0.001,0.001,0.771,0.771,4.690,1.19,20.00,18.0000,0.4690,2.111
5233,35.000,0.006,0.006,5.642,5.642,6.204,0.002,0.002,1.084,1.084,6.734,1.19,21.55,19.5529,0.6734,3.030
5234,50.000,0.006,0.006,8.292,8.292,6.030,0.006,0.006,1.554,1.554,9.859,1.20,23.00,21.0000,0.9859,4.436
5235,45.000,0.006,0.006,7.652,7.652,5.881,0.005,0.005,1.404,1.404,9.067,1.20,24.24,22.2426,0.9067,4.080
5236,30.000,0.006,0.006,5.202,5.202,5.766,0.001,0.001,0.939,0.939,6.149,1.20,25.20,23.1962,0.6149,2.767
5237,20.000,0.006,0.006,3.512,3.512,5.695,0.001,0.001,0.627,0.627,4.146,1.21,25.80,23.7956,0.4146,1.866
5238,25.000,0.006,0.006,4.409,4.409,5.670,0.001,0.001,0.784,0.784,5.200,1.21,26.00,24.0000,0.5200,2.340
5239,35.000,0.006,0.006,6.146,6.146,5.695,0.002,0.002,1.097,1.097,7.252,1.21,25.80,23.7956,0.7252,3.263
5240,50.000,0.006,0.006,8.671,8.671,5.766,0.006,0.006,1.565,1.565,10.248,1.20,25.20,23.1962,1.0248,4.611
5241,45.000,0.006,0.006,7.652,7.652,5.881,0.005,0.005,1.404,1.404,9.067,1.20,24.24,22.2426,0.9067,4.080
5242,30.000,0.006,0.006,4.975,4.975,6.030,0.001,0.001,0.933,0.933,5.915,1.20,23.00,21.0000,0.5915,2.662
5243,20.000,0.006,0.006,3.224,3.224,6.204,0.001,0.001,0.619,0.619,3.850,1.19,21.55,19.5529,0.3850,1.732
5244,25.000,0.006,0.006,3.912,3.912,6.390,0.001,0.001,0.771,0.771,4.690,1.19,20.00,18.0000,0.4690,2.111
5245,35.000,0.006,0.006,5.322,5.322,6.576,0.002,0.002,1.075,1.075,6.406,1.18,18.45,16.4471,0.6406,2.882
5246,50.000,0.006,0.006,7.407,7.407,6.750,0.006,0.006,1.531,1.531,8.951,1.18,17.00,15.0000,0.8951,4.028
5247,45.000,0.006,0.006,6.523,6.523,6.899,0.005,0.005,1.374,1.374,7.907,1.18,15.76,13.7574,0.7907,3.558
5248,30.000,0.006,0.006,4.277,4.277,7.014,0.001,0.001,0.914,0.914,5.199,1.17,14.80,12.8038,0.5199,2.339
5249,20.000,0.006,0.006,2.823,2.823,7.085,0.001,0.001,0.609,0.609,3.438,1.17,14.20,12.2044,0.3438,1.547
5250,25.000,0.006,0.006,3.516,3.516,7.110,0.001,0.001,0.760,0.760,4.283,1.17,14.00,12.0000,0.4283,1.928
5251,35.000,0.006,0.006,4.940,4.940,7.085,0.002,0.002,1.065,1.065,6.013,1.17,14.20,12.2044,0.6013,2.706
5252,50.000,0.006,0.006,7.129,7.129,7.014,0.006,0.006,1.523,1.523,8.665,1.17,14.80,12.8038,0.8665,3.899
5253,45.000,0.006,0.006,6.523,6.523,6.899,0.005,0.005,1.374,1.374,7.907,1.18,15.76,13.7574,0.7907,3.558
5254,30.000,0.006,0.006,4.444,4.444,6.750,0.001,0.001,0.919,0.919,5.370,1.18,17.00,15.0000,0.5370,2.417
5255,20.000,0.006,0.006,3.041,3.041,6.576,0.001,0.001,0.614,0.614,3.662,1.18,18.45,16.4471,0.3662,1.648
5256,25.000,0.006,0.006,3.912,3.912,6.390,0.001,0.001,0.771,0.771,4.690,1.19,20.00,18.0000,0.4690,2.111
5257,35.000,0.006,0.006,5.642,5.642,6.204,0.002,0.002,1.084,1.084,6.734,1.19,21.55,19.5529,0.6734,3.030
5258,50.000,0.006,0.006,8.292,8.292,6.030,0.006,0.006,1.554,1.554,9.859,1.20,23.00,21.0000,0.9859,4.436
5259,45.000,0.006,0.006,7.652,7.652,5.881,0.005,0.005,1.404,1.404,9.067,1.20,24.24,22.2426,0.9067,4.080
5260,30.000,0.006,0.006,5.202,5.202,5.766,0.001,0.001,0.939,0.939,6.149,1.20,25.20,23.1962,0.6149,2.767
5261,20.000,0.006,0.006,3.512,3.512,5.695,0.001,0.001,0.627,0.627,4.146,1.21,25.80,23.7956,0.4146,1.866
5262,25.000,0.006,0.006,4.409,4.409,5.670,0.001,0.001,0.784,0.784,5.200,1.21,26.00,24.0000,0.5200,2.340
5263,35.000,0.006,0.006,6.146,6.146,5.695,0.002,0.002,1.097,1.097,7.252,1.21,25.80,23.7956,0.7252,3.263
5264,50.000,0.006,0.006,8.671,8.671,5.766,0.006,0.006,1.565,1.565,10.248,1.20,25.20,23.1962,1.0248,4.611
5265,45.000,0.006,0.006,7.652,7.652,5.881,0.005,0.005,1.404,1.404,9.067,1.20,24.24,22.2426,0.9067,4.080
5266,30.000,0.006,0.006,4.975,4.975,6.030,0.001,0.001,0.933,0.933,5.915,1.20,23.00,21.0000,0.5915,2.662
5267,20.000,0.006,0.006,3.224,3.224,6.204,0.001,0.001,0.619,0.619,3.850,1.19,21.55,19.5529,0.3850,1.732
5268,25.000,0.006,0.006,3.912,3.912,6.390,0.001,0.001,0.771,0.771,4.690,1.19,20.00,18.0000,0.4690,2.111
5269,35.000,0.006,0.006,5.322,5.322,6.576,0.002,0.002,1.075,1.075,6.406,1.18,18.45,16.4471,0.6406,2.882
5270,50.000,0.006,0.006,7.407,7.407,6.750,0.006,0.006,1.531,1.531,8.951,1.18,17.00,15.0000,0.8951,4.028
5271,45.000,0.006,0.006,6.523,6.523,6.899,0.005,0.005,1.374,1.374,7.907,1.18,15.76,13.7574,0.7907,3.558
5272,30.000,0.006,0.006,4.277,4.277,7.014,0.001,0.001,0.914,0.914,5.199,1.17,14.80,12.8038,0.5199,2.339
5273,20.000,0.006,0.006,2.823,2.823,7.085,0.001,0.001,0.609,0.609,3.438,1.17,14.20,12.2044,0.3438,1.547
5274,25.000,0.006,0.006,3.516,3.516,7.110,0.001,0.001,0.760,0.760,4.283,1.17,14.00,12.0000,0.4283,1.928
5275,35.000,0.006,0.006,4.940,4.940,7.085,0.002,0.002,1.065,1.065,6.013,1.17,14.20,12.2044,0.6013,2.706
5276,50.000,0.006,0.006,7.129,7.129,7.014,0.006,0.006,1.523,1.523,8.665,1.17,14.80,12.8038,0.8665,3.899
5277,45.000,0.006,0.006,6.523,6.523,6.899,0.005,0.005,1.374,1.374,7.907,1.18,15.76,13.7574,0.7907,3.558
5278,30.000,0.006,0.006,4.444,4.444,6.750,0.001,0.001,0.919,0.919,5.370,1.18,17.00,15.0000,0.5370,2.417
5279,20.000,0.006,0.006,3.041,3.041,6.576,0.001,0.001,0.614,0.614,3.662,1.18,18.45,16.4471,0.3662,1.648
5280,25.000,0.006,0.006,3.912,3.912,6.390,0.001,0.001,0.771,0.771,4.690,1.19,20.00,18.0000,0.4690,2.111
5281,35.000,0.006,0.006,5.642,5.642,6.204,0.002,0.002,1.084,1.084,6.734,1.19,21.55,19.5529,0.6734,3.030
5282,50.000,0.006,0.006,8.292,8.292,6.030,0.006,0.006,1.554,1.554,9.859,1.20,23.00,21.0000,0.9859,4.436
5283,45.000,0.006,0.006,7.652,7.652,5.881,0.005,0.005,1.404,1.404,9.067,1.20,24.24,22.2426,0.9067,4.080
5284,30.000,0.006,0.006,5.202,5.202,5.766,0.001,0.001,0.939,0.939,6.149,1.20,25.20,23.1962,0.6149,2.767
5285,20.000,0.006,0.006,3.512,3.512,5.695,0.001,0.001,0.627,0.627,4.146,1.21,25.80,23.7956,0.4146,1.866
5286,25.000,0.006,0.006,4.409,4.409,5.670,0.001,0.001,0.784,0.784,5.200,1.21,26.00,24.0000,0.5200,2.340
5287,35.000,0.006,0.006,6.146,6.146,5.695,0.002,0.002,1.097,1.097,7.252,1.21,25.80,23.7956,0.7252,3.263
5288,50.000,0.006,0.006,8.671,8.671,5.766,0.006,0.006,1.565,1.565,10.248,1.20,25.20,23.1962,1.0248,4.611
5289,45.000,0.006,0.006,7.652,7.652,5.881,0.005,0.005,1.404,1.404,9.067,1.20,24.24,22.2426,0.9067,4.080
5290,30.000,0.006,0.006,4.975,4.975,6.030,0.001,0.001,0.933,0.933,5.915,1.20,23.00,21.0000,0.5915,2.662
5291,20.000,0.006,0.006,3.224,3.224,6.204,0.001,0.001,0.619,0.619,3.850,1.19,21.55,19.5529,0.3850,1.732
5292,25.000,0.006,0.006,3.912,3.912,6.390,0.001,0.001,0.771,0.771,4.690,1.19,20.00,18.0000,0.4690,2.111
5293,35.000,0.006,0.006,5.322,5.322,6.576,0.002,0.002,1.075,1.075,6.406,1.18,18.45,16.4471,0.6406,2.882
5294,50.000,0.006,0.006,7.407,7.407,6.750,0.006,0.006,1.531,1.531,8.951,1.18,17.00,15.0000,0.8951,4.028
5295,45.000,0.006,0.006,6.523,6.523,6.899,0.005,0.005,1.374,1.374,7.907,1.18,15.76,13.7574,0.7907,3.558
5296,30.000,0.006,0.006,4.277,4.277,7.014,0.001,0.001,0.914,0.914,5.199,1.17,14.80,12.8038,0.5199,2.339
5297,20.000,0.006,0.006,2.823,2.823,7.085,0.001,0.001,0.609,0.609,3.438,1.17,14.20,12.2044,0.3438,1.547
5298,25.000,0.006,0.006,3.516,3.516,7.110,0.001,0.001,0.760,0.760,4.283,1.17,14.00,12.0000,0.4283,1.928
5299,35.000,0.006,0.006,4.940,4.940,7.085,0.002,0.002,1.065,1.065,6.013,1.17,14.20,12.2044,0.6013,2.706
5300,50.000,0.006,0.006,7.129,7.129,7.014,0.006,0.006,1.523,1.523,8.665,1.17,14.80,12.8038,0.8665,3.899
5301,45.000,0.006,0.006,6.523,6.523,6.899,0.005,0.005,1.374,1.374,7.907,1.18,15.76,13.7574,0.7907,3.558
5302,30.000,0.006,0.006,4.444,4.444,6.750,0.001,0.001,0.919,0.919,5.370,1.18,17.00,15.0000,0.5370,2.417
5303,20.000,0.006,0.006,3.041,3.041,6.576,0.001,0.001,0.614,0.614,3.662,1.18,18.45,16.4471,0.3662,1.648
5304,25.000,0.006,0.006,3.912,3.912,6.390,0.001,0.001,0.771,0.771,4.690,1.19,20.00,18.0000,0.4690,2.111
5305,35.000,0.006,0.006,5.642,5.642,6.204,0.002,0.002,1.084,1.084,6.734,1.19,21.55,19.5529,0.6734,3.030
5306,50.000,0.006,0.006,8.292,8.292,6.030,0.006,0.006,1.554,1.554,9.859,1.20,23.00,21.0000,0.9859,4.436
5307,45.000,0.006,0.006,7.652,7.652,5.881,0.005,0.005,1.404,1.404,9.067,1.20,24.24,22.2426,0.9067,4.080
5308,30.000,0.006,0.006,5.202,5.202,5.766,0.001,0.001,0.939,0.939,6.149,1.20,25.20,23.1962,0.6149,2.767
5309,20.000,0.006,0.006,3.512,3.512,5.695,0.001,0.001,0.627,0.627,4.146,1.21,25.80,23.7956,0.4146,1.866
5310,25.000,0.006,0.006,4.409,4.409,5.670,0.001,0.001,0.784,0.784,5.200,1.21,26.00,24.0000,0.5200,2.340
5311,35.000,0.006,0.006,6.146,6.146,5.695,0.002,0.002,1.097,1.097,7.252,1.21,25.80,23.7956,0.7252,3.263
5312,50.000,0.006,0.006,8.671,8.671,5.766,0.006,0.006,1.565,1.565,10.248,1.20,25.20,23.1962,1.0248,4.611
5313,45.000,0.006,0.006,7.652,7.652,5.881,0.005,0.005,1.404,1.404,9.067,1.20,24.24,22.2426,0.9067,4.080
5314,30.000,0.006,0.006,4.975,4.975,6.030,0.001,0.001,0.933,0.933,5.915,1.20,23.00,21.0000,0.5915,2.662
5315,20.000,0.006,0.006,3.224,3.224,6.204,0.001,0.001,0.619,0.619,3.850,1.19,21.55,19.5529,0.3850,1.732
5316,25.000,0.006,0.006,3.912,3.912,6.390,0.001,0.001,0.771,0.771,4.690,1.19,20.00,18.0000,0.4690,2.111
5317,35.000,0.006,0.006,5.322,5.322,6.576,0.002,0.002,1.075,1.075,6.406,1.18,18.45,16.4471,0.6406,2.882
5318,50.000,0.006,0.006,7.407,7.407,6.750,0.006,0.006,1.531,1.531,8.951,1.18,17.00,15.0000,0.8951,4.028
5319,45.000,0.006,0.006,6.523,6.523,6.899,0.005,0.005,1.374,1.374,7.907,1.18,15.76,13.7574,0.7907,3.558
5320,30.000,0.006,0.006,4.277,4.277,7.014,0.001,0.001,0.914,0.914,5.199,1.17,14.80,12.8038,0.5199,2.339
5321,20.000,0.006,0.006,2.823,2.823,7.085,0.001,0.001,0.609,0.609,3.438,1.17,14.20,12.2044,0.3438,1.547
5322,25.000,0.006,0.006,3.516,3.516,7.110,0.001,0.001,0.760,0.760,4.283,1.17,14.00,12.0000,0.4283,1.928
5323,35.000,0.006,0.006,4.940,4.940,7.085,0.002,0.002,1.065,1.065,6.013,1.17,14.20,12.2044,0.6013,2.706
5324,50.000,0.006,0.006,7.129,7.129,7.014,0.006,0.006,1.523,1.523,8.665,1.17,14.80,12.8038,0.8665,3.899
5325,45.000,0.006,0.006,6.523,6.523,6.899,0.005,0.005,1.374,1.374,7.907,1.18,15.76,13.7574,0.7907,3.558
5326,30.000,0.006,0.006,4.444,4.444,6.750,0.001,0.001,0.919,0.919,5.370,1.18,17.00,15.0000,0.5370,2.417
5327,20.000,0.006,0.006,3.041,3.041,6.576,0.001,0.001,0.614,0.614,3.662,1.18,18.45,16.4471,0.3662,1.648
5328,25.000,0.006,0.006,3.912,3.912,6.390,0.001,0.001,0.771,0.771,4.690,1.19,20.00,18.0000,0.4690,2.111
5329,35.000,0.006,0.006,5.642,5.642,6.204,0.002,0.002,1.084,1.084,6.734,1.19,21.55,19.5529,0.6734,3.030
5330,50.000,0.006,0.006,8.292,8.292,6.030,0.006,0.006,1.554,1.554,9.859,1.20,23.00,21.0000,0.9859,4.436
5331,45.000,0.006,0.006,7.652,7.652,5.881,0.005,0.005,1.404,1.404,9.067,1.20,24.24,22.2426,0.9067,4.080
5332,30.000,0.006,0.006,5.202,5.202,5.766,0.001,0.001,0.939,0.939,6.149,1.20,25.20,23.1962,0.6149,2.767
5333,20.000,0.006,0.006,3.512,3.512,5.695,0.001,0.001,0.627,0.627,4.146,1.21,25.80,23.7956,0.4146,1.866
5334,25.000,0.006,0.006,4.409,4.409,5.670,0.001,0.001,0.784,0.784,5.200,1.21,26.00,24.0000,0.5200,2.340
5335,35.000,0.006,0.006,6.146,6.146,5.695,0.002,0.002,1.097,1.097,7.252,1.21,25.80,23.7956,0.7252,3.263
5336,50.000,0.006,0.006,8.671,8.671,5.766,0.006,0.006,1.565,1.565,10.248,1.20,25.20,23.1962,1.0248,4.611
5337,45.000,0.006,0.006,7.652,7.652,5.881,0.005,0.005,1.404,1.404,9.067,1.20,24.24,22.2426,0.9067,4.080
5338,30.000,0.006,0.006,4.975,4.975,6.030,0.001,0.001,0.933,0.933,5.915,1.20,23.00,21.0000,0.5915,2.662
5339,20.000,0.006,0.006,3.224,3.224,6.204,0.001,0.001,0.619,0.619,3.850,1.19,21.55,19.5529,0.3850,1.732
5340,25.000,0.006,0.006,3.912,3.912,6.390,0.001,0.001,0.771,0.771,4.690,1.19,20.00,18.0000,0.4690,2.111
5341,35.000,0.006,0.006,5.322,5.322,6.576,0.002,0.002,1.075,1.075,6.406,1.18,18.45,16.4471,0.6406,2.882
5342,50.000,0.006,0.006,7.407,7.407,6.750,0.006,0.006,1.531,1.531,8.951,1.18,17.00,15.0000,0.8951,4.028
5343,45.000,0.006,0.006,6.523,6.523,6.899,0.005,0.005,1.374,1.374,7.907,1.18,15.76,13.7574,0.7907,3.558
5344,30.000,0.006,0.006,4.277,4.277,7.014,0.001,0.001,0.914,0.914,5.199,1.17,14.80,12.8038,0.5199,2.339
5345,20.000,0.006,0.006,2.823,2.823,7.085,0.001,0.001,0.609,0.609,3.438,1.17,14.20,12.2044,0.3438,1.547
5346,25.000,0.006,0.006,3.516,3.516,7.110,0.001,0.001,0.760,0.760,4.283,1.17,14.00,12.0000,0.4283,1.928
5347,35.000,0.006,0.006,4.940,4.940,7.085,0.002,0.002,1.065,1.065,6.013,1.17,14.20,12.2044,0.6013,2.706
5348,50.000,0.006,0.006,7.129,7.129,7.014,0.006,0.006,1.523,1.523,8.665,1.17,14.80,12.8038,0.8665,3.899
5349,45.000,0.006,0.006,6.523,6.523,6.899,0.005,0.005,1.374,1.374,7.907,1.18,15.76,13.7574,0.7907,3.558
5350,30.000,0.006,0.006,4.444,4.444,6.750,0.001,0.001,0.919,0.919,5.370,1.18,17.00,15.0000,0.5370,2.417
5351,20.000,0.006,0.006,3.041,3.041,6.576,0.001,0.001,0.614,0.614,3.662,1.18,18.45,16.4471,0.3662,1.648
5352,25.000,0.006,0.006,3.912,3.912,6.390,0.001,0.001,0.771,0.771,4.690,1.19,20.00,18.0000,0.4690,2.111
5353,35.000,0.006,0.006,5.642,5.642,6.204,0.002,0.002,1.084,1.084,6.734,1.19,21.55,19.5529,0.6734,3.030
5354,50.000,0.006,0.006,8.292,8.292,6.030,0.006,0.006,1.554,1.554,9.859,1.20,23.00,21.0000,0.9859,4.436
5355,45.000,0.006,0.006,7.652,7.652,5.881,0.005,0.005,1.404,1.404,9.067,1.20,24.24,22.2426,0.9067,4.080
5356,30.000,0.006,0.006,5.202,5.202,5.766,0.001,0.001,0.939,0.939,6.149,1.20,25.20,23.1962,0.6149,2.767
5357,20.000,0.006,0.006,3.512,3.512,5.695,0.001,0.001,0.627,0.627,4.146,1.21,25.80,23.7956,0.4146,1.866
5358,25.000,0.006,0.006,4.409,4.409,5.670,0.001,0.001,0.784,0.784,5.200,1.21,26.00,24.0000,0.5200,2.340
5359,35.000,0.006,0.006,6.146,6.146,5.695,0.002,0.002,1.097,1.097,7.252,1.21,25.80,23.7956,0.7252,3.263
5360,50.000,0.006,0.006,8.671,8.671,5.766,0.006,0.006,1.565,1.565,10.248,1.20,25.20,23.1962,1.0248,4.611
5361,45.000,0.006,0.006,7.652,7.652,5.881,0.005,0.005,1.404,1.404,9.067,1.20,24.24,22.2426,0.9067,4.080
5362,30.000,0.006,0.006,4.975,4.975,6.030,0.001,0.001,0.933,0.933,5.915,1.20,23.00,21.0000,0.5915,2.662
5363,20.000,0.006,0.006,3.224,3.224,6.204,0.001,0.001,0.619,0.619,3.850,1.19,21.55,19.5529,0.3850,1.732
5364,25.000,0.006,0.006,3.912,3.912,6.390,0.001,0.001,0.771,0.771,4.690,1.19,20.00,18.0000,0.4690,2.111
5365,35.000,0.006,0.006,5.322,5.322,6.576,0.002,0.002,1.075,1.075,6.406,1.18,18.45,16.4471,0.6406,2.882
5366,50.000,0.006,0.006,7.407,7.407,6.750,0.006,0.006,1.531,1.531,8.951,1.18,17.00,15.0000,0.8951,4.028
5367,45.000,0.006,0.006,6.523,6.523,6.899,0.005,0.005,1.374,1.374,7.907,1.18,15.76,13.7574,0.7907,3.558
5368,30.000,0.006,0.006,4.277,4.277,7.014,0.001,0.001,0.914,0.914,5.199,1.17,14.80,12.8038,0.5199,2.339
5369,20.000,0.006,0.006,2.823,2.823,7.085,0.001,0.001,0.609,0.609,3.438,1.17,14.20,12.2044,0.3438,1.547
5370,25.000,0.006,0.006,3.516,3.516,7.110,0.001,0.001,0.760,0.760,4.283,1.17,14.00,12.0000,0.4283,1.928
5371,35.000,0.006,0.006,4.940,4.940,7.085,0.002,0.002,1.065,1.065,6.013,1.17,14.20,12.2044,0.6013,2.706
5372,50.000,0.006,0.006,7.129,7.129,7.014,0.006,0.006,1.523,1.523,8.665,1.17,14.80,12.8038,0.8665,3.899
5373,45.000,0.006,0.006,6.523,6.523,6.899,0.005,0.005,1.374,1.374,7.907,1.18,15.76,13.7574,0.7907,3.558
5374,30.000,0.006,0.006,4.444,4.444,6.750,0.001,0.001,0.919,0.919,5.370,1.18,17.00,15.0000,0.5370,2.417
5375,20.000,0.006,0.006,3.041,3.041,6.576,0.001,0.001,0.614,0.614,3.662,1.18,18.45,16.4471,0.3662,1.648
5376,25.000,0.006,0.006,3.912,3.912,6.390,0.001,0.001,0.771,0.771,4.690,1.19,20.00,18.0000,0.4690,2.111
5377,35.000,0.006,0.006,5.642,5.642,6.204,0.002,0.002,1.084,1.084,6.734,1.19,21.55,19.5529,0.6734,3.030
5378,50.000,0.006,0.006,8.292,8.292,6.030,0.006,0.006,1.554,1.554,9.859,1.20,23.00,21.0000,0.9859,4.436
5379,45.000,0.006,0.006,7.652,7.652,5.881,0.005,0.005,1.404,1.404,9.067,1.20,24.24,22.2426,0.9067,4.080
5380,30.000,0.006,0.006,5.202,5.202,5.766,0.001,0.001,0.939,0.939,6.149,1.20,25.20,23.1962,0.6149,2.767
5381,20.000,0.006,0.006,3.512,3.512,5.695,0.001,0.001,0.627,0.627,4.146,1.21,25.80,23.7956,0.4146,1.866
5382,25.000,0.006,0.006,4.409,4.409,5.670,0.001,0.001,0.784,0.784,5.200,1.21,26.00,24.0000,0.5200,2.340
5383,35.000,0.006,0.006,6.146,6.146,5.695,0.002,0.002,1.097,1.097,7.252,1.21,25.80,23.7956,0.7252,3.263
5384,50.000,0.006,0.006,8.671,8.671,5.766,0.006,0.006,1.565,1.565,10.248,1.20,25.20,23.1962,1.0248,4.611
5385,45.000,0.006,0.006,7.652,7.652,5.881,0.005,0.005,1.404,1.404,9.067,1.20,24.24,22.2426,0.9067,4.080
5386,30.000,0.006,0.006,4.975,4.975,6.030,0.001,0.001,0.933,0.933,5.915,1.20,23.00,21.0000,0.5915,2.662
5387,20.000,0.006,0.006,3.224,3.224,6.204,0.001,0.001,0.619,0.619,3.850,1.19,21.55,19.5529,0.3850,1.732
5388,25.000,0.006,0.006,3.912,3.912,6.390,0.001,0.001,0.771,0.771,4.690,1.19,20.00,18.0000,0.4690,2.111
5389,35.000,0.006,0.006,5.322,5.322,6.576,0.002,0.002,1.075,1.075,6.406,1.18,18.45,16.4471,0.6406,2.882
5390,50.000,0.006,0.006,7.407,7.407,6.750,0.006,0.006,1.531,1.531,8.951,1.18,17.00,15.0000,0.8951,4.028
5391,45.000,0.006,0.006,6.523,6.523,6.899,0.005,0.005,1.374,1.374,7.907,1.18,15.76,13.7574,0.7907,3.558
5392,30.000,0.006,0.006,4.277,4.277,7.014,0.001,0.001,0.914,0.914,5.199,1.17,14.80,12.8038,0.5199,2.339
5393,20.000,0.006,0.006,2.823,2.823,7.085,0.001,0.001,0.609,0.609,3.438,1.17,14.20,12.2044,0.3438,1.547
5394,25.000,0.006,0.006,3.516,3.516,7.110,0.001,0.001,0.760,0.760,4.283,1.17,14.00,12.0000,0.4283,1.928
5395,35.000,0.006,0.006,4.940,4.940,7.085,0.002,0.002,1.065,1.065,6.013,1.17,14.20,12.2044,0.6013,2.706
5396,50.000,0.006,0.006,7.129,7.129,7.014,0.006,0.006,1.523,1.523,8.665,1.17,14.80,12.8038,0.8665,3.899
5397,45.000,0.006,0.006,6.523,6.523,6.899,0.005,0.005,1.374,1.374,7.907,1.18,15.76,13.7574,0.7907,3.558
5398,30.000,0.006,0.006,4.444,4.444,6.750,0.001,0.001,0.919,0.919,5.370,1.18,17.00,15.0000,0.5370,2.417
5399,20.000,0.006,0.006,3.041,3.041,6.576,0.001,0.001,0.614,0.614,3.662,1.18,18.45,16.4471,0.3662,1.648
5400,25.000,0.006,0.006,3.912,3.912,6.390,0.001,0.001,0.771,0.771,4.690,1.19,20.00,18.0000,0.4690,2.111
5401,35.000,0.006,0.006,5.642,5.642,6.204,0.002,0.002,1.084,1.084,6.734,1.19,21.55,19.5529,0.6734,3.030
5402,50.000,0.006,0.006,8.292,8.292,6.030,0.006,0.006,1.554,1.554,9.859,1.20,23.00,21.0000,0.9859,4.436
5403,45.000,0.006,0.006,7.652,7.652,5.881,0.005,0.005,1.404,1.404,9.067,1.20,24.24,22.2426,0.9067,4.080
5404,30.000,0.006,0.006,5.202,5.202,5.766,0.001,0.001,0.939,0.939,6.149,1.20,25.20,23.1962,0.6149,2.767
5405,20.000,0.006,0.006,3.512,3.512,5.695,0.001,0.001,0.627,0.627,4.146,1.21,25.80,23.7956,0.4146,1.866
5406,25.000,0.006,0.006,4.409,4.409,5.670,0.001,0.001,0.784,0.784,5.200,1.21,26.00,24.0000,0.5200,2.340
5407,35.000,0.006,0.006,6.146,6.146,5.695,0.002,0.002,1.097,1.097,7.252,1.21,25.80,23.7956,0.7252,3.263
5408,50.000,0.006,0.006,8.671,8.671,5.766,0.006,0.006,1.565,1.565,10.248,1.20,25.20,23.1962,1.0248,4.611
5409,45.000,0.006,0.006,7.652,7.652,5.881,0.005,0.005,1.404,1.404,9.067,1.20,24.24,22.2426,0.9067,4.080
5410,30.000,0.006,0.006,4.975,4.975,6.030,0.001,0.001,0.933,0.933,5.915,1.20,23.00,21.0000,0.5915,2.662
5411,20.000,0.006,0.006,3.224,3.224,6.204,0.001,0.001,0.619,0.619,3.850,1.19,21.55,19.5529,0.3850,1.732
5412,25.000,0.006,0.006,3.912,3.912,6.390,0.001,0.001,0.771,0.771,4.690,1.19,20.00,18.0000,0.4690,2.111
5413,35.000,0.006,0.006,5.322,5.322,6.576,0.002,0.002,1.075,1.075,6.406,1.18,18.45,16.4471,0.6406,2.882
5414,50.000,0.006,0.006,7.407,7.407,6.750,0.006,0.006,1.531,1.531,8.951,1.18,17.00,15.0000,0.8951,4.028
5415,45.000,0.006,0.006,6.523,6.523,6.899,0.005,0.005,1.374,1.374,7.907,1.18,15.76,13.7574,0.7907,3.558
5416,30.000,0.006,0.006,4.277,4.277,7.014,0.001,0.001,0.914,0.914,5.199,1.17,14.80,12.8038,0.5199,2.339
5417,20.000,0.006,0.006,2.823,2.823,7.085,0.001,0.001,0.609,0.609,3.438,1.17,14.20,12.2044,0.3438,1.547
5418,25.000,0.006,0.006,3.516,3.516,7.110,0.001,0.001,0.760,0.760,4.283,1.17,14.00,12.0000,0.4283,1.928
5419,35.000,0.006,0.006,4.940,4.940,7.085,0.002,0.002,1.065,1.065,6.013,1.17,14.20,12.2044,0.6013,2.706
5420,50.000,0.006,0.006,7.129,7.129,7.014,0.006,0.006,1.523,1.523,8.665,1.17,14.80,12.8038,0.8665,3.899
5421,45.000,0.006,0.006,6.523,6.523,6.899,0.005,0.005,1.374,1.374,7.907,1.18,15.76,13.7574,0.7907,3.558
5422,30.000,0.006,0.006,4.444,4.444,6.750,0.001,0.001,0.919,0.919,5.370,1.18,17.00,15.0000,0.5370,2.417
5423,20.000,0.006,0.006,3.041,3.041,6.576,0.001,0.001,0.614,0.614,3.662,1.18,18.45,16.4471,0.3662,1.648
5424,25.000,0.006,0.006,3.912,3.912,6.390,0.001,0.001,0.771,0.771,4.690,1.19,20.00,18.0000,0.4690,2.111
5425,35.000,0.006,0.006,5.642,5.642,6.204,0.002,0.002,1.084,1.084,6.734,1.19,21.55,19.5529,0.6734,3.030
5426,50.000,0.006,0.006,8.292,8.292,6.030,0.006,0.006,1.554,1.554,9.859,1.20,23.00,21.0000,0.9859,4.436
5427,45.000,0.006,0.006,7.652,7.652,5.881,0.005,0.005,1.404,1.404,9.067,1.20,24.24,22.2426,0.9067,4.080
5428,30.000,0.006,0.006,5.202,5.202,5.766,0.001,0.001,0.939,0.939,6.149,1.20,25.20,23.1962,0.6149,2.767
5429,20.000,0.006,0.006,3.512,3.512,5.695,0.001,0.001,0.627,0.627,4.146,1.21,25.80,23.7956,0.4146,1.866
5430,25.000,0.006,0.006,4.409,4.409,5.670,0.001,0.001,0.784,0.784,5.200,1.21,26.00,24.0000,0.5200,2.340
5431,35.000,0.006,0.006,6.146,6.146,5.695,0.002,0.002,1.097,1.097,7.252,1.21,25.80,23.7956,0.7252,3.263
5432,50.000,0.006,0.006,8.671,8.671,5.766,0.006,0.006,1.565,1.565,10.248,1.20,25.20,23.1962,1.0248,4.611
5433,45.000,0.006,0.006,7.652,7.652,5.881,0.005,0.005,1.404,1.404,9.067,1.20,24.24,22.2426,0.9067,4.080
5434,30.000,0.006,0.006,4.975,4.975,6.030,0.001,0.001,0.933,0.933,5.915,1.20,23.00,21.0000,0.5915,2.662
5435,20.000,0.006,0.006,3.224,3.224,6.204,0.001,0.001,0.619,0.619,3.850,1.19,21.55,19.5529,0.3850,1.732
5436,25.000,0.006,0.006,3.912,3.912,6.390,0.001,0.001,0.771,0.771,4.690,1.19,20.00,18.0000,0.4690,2.111
5437,35.000,0.006,0.006,5.322,5.322,6.576,0.002,0.002,1.075,1.075,6.406,1.18,18.45,16.4471,0.6406,2.882
5438,50.000,0.006,0.006,7.407,7.407,6.750,0.006,0.006,1.531,1.531,8.951,1.18,17.00,15.0000,0.8951,4.028
5439,45.000,0.006,0.006,6.523,6.523,6.899,0.005,0.005,1.374,1.374,7.907,1.18,15.76,13.7574,0.7907,3.558
5440,30.000,0.006,0.006,4.277,4.277,7.014,0.001,0.001,0.914,0.914,5.199,1.17,14.80,12.8038,0.5199,2.339
5441,20.000,0.006,0.006,2.823,2.823,7.085,0.001,0.001,0.609,0.609,3.438,1.17,14.20,12.2044,0.3438,1.547
5442,25.000,0.006,0.006,3.516,3.516,7.110,0.001,0.001,0.760,0.760,4.283,1.17,14.00,12.0000,0.4283,1.928
5443,35.000,0.006,0.006,4.940,4.940,7.085,0.002,0.002,1.065,1.065,6.013,1.17,14.20,12.2044,0.6013,2.706
5444,50.000,0.006,0.006,7.129,7.129,7.014,0.006,0.006,1.523,1.523,8.665,1.17,14.80,12.8038,0.8665,3.899
5445,45.000,0.006,0.006,6.523,6.523,6.899,0.005,0.005,1.374,1.374,7.907,1.18,15.76,13.7574,0.7907,3.558
5446,30.000,0.006,0.006,4.444,4.444,6.750,0.001,0.001,0.919,0.919,5.370,1.18,17.00,15.0000,0.5370,2.417
5447,20.000,0.006,0.006,3.041,3.041,6.576,0.001,0.001,0.614,0.614,3.662,1.18,18.45,16.4471,0.3662,1.648
5448,25.000,0.006,0.006,3.912,3.912,6.390,0.001,0.001,0.771,0.771,4.690,1.19,20.00,18.0000,0.4690,2.111
5449,35.000,0.006,0.006,5.642,5.642,6.204,0.002,0.002,1.084,1.084,6.734,1.19,21.55,19.5529,0.6734,3.030
5450,50.000,0.006,0.006,8.292,8.292,6.030,0.006,0.006,1.554,1.554,9.859,1.20,23.00,21.0000,0.9859,4.436
5451,45.000,0.006,0.006,7.652,7.652,5.881,0.005,0.005,1.404,1.404,9.067,1.20,24.24,22.2426,0.9067,4.080
5452,30.000,0.006,0.006,5.202,5.202,5.766,0.001,0.001,0.939,0.939,6.149,1.20,25.20,23.1962,0.6149,2.767
5453,20.000,0.006,0.006,3.512,3.512,5.695,0.001,0.001,0.627,0.627,4.146,1.21,25.80,23.7956,0.4146,1.866
5454,25.000,0.006,0.006,4.409,4.409,5.670,0.001,0.001,0.784,0.784,5.200,1.21,26.00,24.0000,0.5200,2.340
5455,35.000,0.006,0.006,6.146,6.146,5.695,0.002,0.002,1.097,1.097,7.252,1.21,25.80,23.7956,0.7252,3.263
5456,50.000,0.006,0.006,8.671,8.671,5.766,0.006,0.006,1.565,1.565,10.248,1.20,25.20,23.1962,1.0248,4.611
5457,45.000,0.006,0.006,7.652,7.652,5.881,0.005,0.005,1.404,1.404,9.067,1.20,24.24,22.2426,0.9067,4.080
5458,30.000,0.006,0.006,4.975,4.975,6.030,0.001,0.001,0.933,0.933,5.915,1.20,23.00,21.0000,0.5915,2.662
5459,20.000,0.006,0.006,3.224,3.224,6.204,0.001,0.001,0.619,0.619,3.850,1.19,21.55,19.5529,0.3850,1.732
5460,25.000,0.006,0.006,3.912,3.912,6.390,0.001,0.001,0.771,0.771,4.690,1.19,20.00,18.0000,0.4690,2.111
5461,35.000,0.006,0.006,5.322,5.322,6.576,0.002,0.002,1.075,1.075,6.406,1.18,18.45,16.4471,0.6406,2.882
5462,50.000,0.006,0.006,7.407,7.407,6.750,0.006,0.006,1.531,1.531,8.951,1.18,17.00,15.0000,0.8951,4.028
5463,45.000,0.006,0.006,6.523,6.523,6.899,0.005,0.005,1.374,1.374,7.907,1.18,15.76,13.7574,0.7907,3.558
5464,30.000,0.006,0.006,4.277,4.277,7.014,0.001,0.001,0.914,0.914,5.199,1.17,14.80,12.8038,0.5199,2.339
5465,20.000,0.006,0.006,2.823,2.823,7.085,0.001,0.001,0.609,0.609,3.438,1.17,14.20,12.2044,0.3438,1.547
5466,25.000,0.006,0.006,3.516,3.516,7.110,0.001,0.001,0.760,0.760,4.283,1.17,14.00,12.0000,0.4283,1.928
5467,35.000,0.006,0.006,4.940,4.940,7.085,0.002,0.002,1.065,1.065,6.013,1.17,14.20,12.2044,0.6013,2.706
5468,50.000,0.006,0.006,7.129,7.129,7.014,0.006,0.006,1.523,1.523,8.665,1.17,14.80,12.8038,0.8665,3.899
5469,45.000,0.006,0.006,6.523,6.523,6.899,0.005,0.005,1.374,1.374,7.907,1.18,15.76,13.7574,0.7907,3.558
5470,30.000,0.006,0.006,4.444,4.444,6.750,0.001,0.001,0.919,0.919,5.370,1.18,17.00,15.0000,0.5370,2.417
5471,20.000,0.006,0.006,3.041,3.041,6.576,0.001,0.001,0.614,0.614,3.662,1.18,18.45,16.4471,0.3662,1.648
5472,25.000,0.006,0.006,3.912,3.912,6.390,0.001,0.001,0.771,0.771,4.690,1.19,20.00,18.0000,0.4690,2.111
5473,35.000,0.006,0.006,5.642,5.642,6.204,0.002,0.002,1.084,1.084,6.734,1.19,21.55,19.5529,0.6734,3.030
5474,50.000,0.006,0.006,8.292,8.292,6.030,0.006,0.006,1.554,1.554,9.859,1.20,23.00,21.0000,0.9859,4.436
5475,45.000,0.006,0.006,7.652,7.652,5.881,0.005,0.005,1.404,1.404,9.067,1.20,24.24,22.2426,0.9067,4.080
5476,30.000,0.006,0.006,5.202,5.202,5.766,0.001,0.001,0.939,0.939,6.149,1.20,25.20,23.1962,0.6149,2.767
5477,20.000,0.006,0.006,3.512,3.512,5.695,0.001,0.001,0.627,0.627,4.146,1.21,25.80,23.7956,0.4146,1.866
5478,25.000,0.006,0.006,4.409,4.409,5.670,0.001,0.001,0.784,0.784,5.200,1.21,26.00,24.0000,0.5200,2.340
5479,35.000,0.006,0.006,6.146,6.146,5.695,0.002,0.002,1.097,1.097,7.252,1.21,25.80,23.7956,0.7252,3.263
5480,50.000,0.006,0.006,8.671,8.671,5.766,0.006,0.006,1.565,1.565,10.248,1.20,25.20,23.1962,1.0248,4.611
5481,45.000,0.006,0.006,7.652,7.652,5.881,0.005,0.005,1.404,1.404,9.067,1.20,24.24,22.2426,0.9067,4.080
5482,30.000,0.006,0.006,4.975,4.975,6.030,0.001,0.001,0.933,0.933,5.915,1.20,23.00,21.0000,0.5915,2.662
5483,20.000,0.006,0.006,3.224,3.224,6.204,0.001,0.001,0.619,0.619,3.850,1.19,21.55,19.5529,0.3850,1.732
5484,25.000,0.006,0.006,3.912,3.912,6.390,0.001,0.001,0.771,0.771,4.690,1.19,20.00,18.0000,0.4690,2.111
5485,35.000,0.006,0.006,5.322,5.322,6.576,0.002,0.002,1.075,1.075,6.406,1.18,18.45,16.4471,0.6406,2.882
5486,50.000,0.006,0.006,7.407,7.407,6.750,0.006,0.006,1.531,1.531,8.951,1.18,17.00,15.0000,0.8951,4.028
5487,45.000,0.006,0.006,6.523,6.523,6.899,0.005,0.005,1.374,1.374,7.907,1.18,15.76,13.7574,0.7907,3.558
5488,30.000,0.006,0.006,4.277,4.277,7.014,0.001,0.001,0.914,0.914,5.199,1.17,14.80,12.8038,0.5199,2.339
5489,20.000,0.006,0.006,2.823,2.823,7.085,0.001,0.001,0.609,0.609,3.438,1.17,14.20,12.2044,0.3438,1.547
5490,25.000,0.006,0.006,3.516,3.516,7.110,0.001,0.001,0.760,0.760,4.283,1.17,14.00,12.0000,0.4283,1.928
5491,35.000,0.006,0.006,4.940,4.940,7.085,0.002,0.002,1.065,1.065,6.013,1.17,14.20,12.2044,0.6013,2.706
5492,50.000,0.006,0.006,7.129,7.129,7.014,0.006,0.006,1.523,1.523,8.665,1.17,14.80,12.8038,0.8665,3.899
5493,45.000,0.006,0.006,6.523,6.523,6.899,0.005,0.005,1.374,1.374,7.907,1.18,15.76,13.7574,0.7907,3.558
5494,30.000,0.006,0.006,4.444,4.444,6.750,0.001,0.001,0.919,0.919,5.370,1.18,17.00,15.0000,0.5370,2.417
5495,20.000,0.006,0.006,3.041,3.041,6.576,0.001,0.001,0.614,0.614,3.662,1.18,18.45,16.4471,0.3662,1.648
5496,25.000,0.006,0.006,3.912,3.912,6.390,0.001,0.001,0.771,0.771,4.690,1.19,20.00,18.0000,0.4690,2.111
5497,35.000,0.006,0.006,5.642,5.642,6.204,0.002,0.002,1.084,1.084,6.734,1.19,21.55,19.5529,0.6734,3.030
5498,50.000,0.006,0.006,8.292,8.292,6.030,0.006,0.006,1.554,1.554,9.859,1.20,23.00,21.0000,0.9859,4.436
5499,45.000,0.006,0.006,7.652,7.652,5.881,0.005,0.005,1.404,1.404,9.067,1.20,24.24,22.2426,0.9067,4.080
5500,30.000,0.006,0.006,5.202,5.202,5.766,0.001,0.001,0.939,0.939,6.149,1.20,25.20,23.1962,0.6149,2.767
5501,20.000,0.006,0.006,3.512,3.512,5.695,0.001,0.001,0.627,0.627,4.146,1.21,25.80,23.7956,0.4146,1.866
5502,25.000,0.006,0.006,4.409,4.409,5.670,0.001,0.001,0.784,0.784,5.200,1.21,26.00,24.0000,0.5200,2.340
5503,35.000,0.006,0.006,6.146,6.146,5.695,0.002,0.002,1.097,1.097,7.252,1.21,25.80,23.7956,0.7252,3.263
5504,50.000,0.006,0.006,8.671,8.671,5.766,0.006,0.006,1.565,1.565,10.248,1.20,25.20,23.1962,1.0248,4.611
5505,45.000,0.006,0.006,7.652,7.652,5.881,0.005,0.005,1.404,1.404,9.067,1.20,24.24,22.2426,0.9067,4.080
5506,30.000,0.006,0.006,4.975,4.975,6.030,0.001,0.001,0.933,0.933,5.915,1.20,23.00,21.0000,0.5915,2.662
5507,20.000,0.006,0.006,3.224,3.224,6.204,0.001,0.001,0.619,0.619,3.850,1.19,21.55,19.5529,0.3850,1.732
5508,25.000,0.006,0.006,3.912,3.912,6.390,0.001,0.001,0.771,0.771,4.690,1.19,20.00,18.0000,0.4690,2.111
5509,35.000,0.006,0.006,5.322,5.322,6.576,0.002,0.002,1.075,1.075,6.406,1.18,18.45,16.4471,0.6406,2.882
5510,50.000,0.006,0.006,7.407,7.407,6.750,0.006,0.006,1.531,1.531,8.951,1.18,17.00,15.0000,0.8951,4.028
5511,45.000,0.006,0.006,6.523,6.523,6.899,0.005,0.005,1.374,1.374,7.907,1.18,15.76,13.7574,0.7907,3.558
5512,30.000,0.006,0.006,4.277,4.277,7.014,0.001,0.001,0.914,0.914,5.199,1.17,14.80,12.8038,0.5199,2.339
5513,20.000,0.006,0.006,2.823,2.823,7.085,0.001,0.001,0.609,0.609,3.438,1.17,14.20,12.2044,0.3438,1.547
5514,25.000,0.006,0.006,3.516,3.516,7.110,0.001,0.001,0.760,0.760,4.283,1.17,14.00,12.0000,0.4283,1.928
5515,35.000,0.006,0.006,4.940,4.940,7.085,0.002,0.002,1.065,1.065,6.013,1.17,14.20,12.2044,0.6013,2.706
5516,50.000,0.006,0.006,7.129,7.129,7.014,0.006,0.006,1.523,1.523,8.665,1.17,14.80,12.8038,0.8665,3.899
5517,45.000,0.006,0.006,6.523,6.523,6.899,0.005,0.005,1.374,1.374,7.907,1.18,15.76,13.7574,0.7907,3.558
5518,30.000,0.006,0.006,4.444,4.444,6.750,0.001,0.001,0.919,0.919,5.370,1.18,17.00,15.0000,0.5370,2.417
5519,20.000,0.006,0.006,3.041,3.041,6.576,0.001,0.001,0.614,0.614,3.662,1.18,18.45,16.4471,0.3662,1.648
5520,25.000,0.006,0.006,3.912,3.912,6.390,0.001,0.001,0.771,0.771,4.690,1.19,20.00,18.0000,0.4690,2.111
5521,35.000,0.006,0.006,5.642,5.642,6.204,0.002,0.002,1.084,1.084,6.734,1.19,21.55,19.5529,0.6734,3.030
5522,50.000,0.006,0.006,8.292,8.292,6.030,0.006,0.006,1.554,1.554,9.859,1.20,23.00,21.0000,0.9859,4.436
5523,45.000,0.006,0.006,7.652,7.652,5.881,0.005,0.005,1.404,1.404,9.067,1.20,24.24,22.2426,0.9067,4.080
5524,30.000,0.006,0.006,5.202,5.202,5.766,0.001,0.001,0.939,0.939,6.149,1.20,25.20,23.1962,0.6149,2.767
5525,20.000,0.006,0.006,3.512,3.512,5.695,0.001,0.001,0.627,0.627,4.146,1.21,25.80,23.7956,0.4146,1.866
5526,25.000,0.006,0.006,4.409,4.409,5.670,0.001,0.001,0.784,0.784,5.200,1.21,26.00,24.0000,0.5200,2.340
5527,35.000,0.006,0.006,6.146,6.146,5.695,0.002,0.002,1.097,1.097,7.252,1.21,25.80,23.7956,0.7252,3.263
5528,50.000,0.006,0.006,8.671,8.671,5.766,0.006,0.006,1.565,1.565,10.248,1.20,25.20,23.1962,1.0248,4.611
5529,45.000,0.006,0.006,7.652,7.652,5.881,0.005,0.005,1.404,1.404,9.067,1.20,24.24,22.2426,0.9067,4.080
5530,30.000,0.006,0.006,4.975,4.975,6.030,0.001,0.001,0.933,0.933,5.915,1.20,23.00,21.0000,0.5915,2.662
5531,20.000,0.006,0.006,3.224,3.224,6.204,0.001,0.001,0.619,0.619,3.850,1.19,21.55,19.5529,0.3850,1.732
5532,25.000,0.006,0.006,3.912,3.912,6.390,0.001,0.001,0.771,0.771,4.690,1.19,20.00,18.0000,0.4690,2.111
5533,35.000,0.006,0.006,5.322,5.322,6.576,0.002,0.002,1.075,1.075,6.406,1.18,18.45,16.4471,0.6406,2.882
5534,50.000,0.006,0.006,7.407,7.407,6.750,0.006,0.006,1.531,1.531,8.951,1.18,17.00,15.0000,0.8951,4.028
5535,45.000,0.006,0.006,6.523,6.523,6.899,0.005,0.005,1.374,1.374,7.907,1.18,15.76,13.7574,0.7907,3.558
5536,30.000,0.006,0.006,4.277,4.277,7.014,0.001,0.001,0.914,0.914,5.199,1.17,14.80,12.8038,0.5199,2.339
5537,20.000,0.006,0.006,2.823,2.823,7.085,0.001,0.001,0.609,0.609,3.438,1.17,14.20,12.2044,0.3438,1.547
5538,25.000,0.006,0.006,3.516,3.516,7.110,0.001,0.001,0.760,0.760,4.283,1.17,14.00,12.0000,0.4283,1.928
5539,35.000,0.006,0.006,4.940,4.940,7.085,0.002,0.002,1.065,1.065,6.013,1.17,14.20,12.2044,0.6013,2.706
5540,50.000,0.006,0.006,7.129,7.129,7.014,0.006,0.006,1.523,1.523,8.665,1.17,14.80,12.8038,0.8665,3.899
5541,45.000,0.006,0.006,6.523,6.523,6.899,0.005,0.005,1.374,1.374,7.907,1.18,15.76,13.7574,0.7907,3.558
5542,30.000,0.006,0.006,4.444,4.444,6.750,0.001,0.001,0.919,0.919,5.370,1.18,17.00,15.0000,0.5370,2.417
5543,20.000,0.006,0.006,3.041,3.041,6.576,0.001,0.001,0.614,0.614,3.662,1.18,18.45,16.4471,0.3662,1.648
5544,25.000,0.006,0.006,3.912,3.912,6.390,0.001,0.001,0.771,0.771,4.690,1.19,20.00,18.0000,0.4690,2.111
5545,35.000,0.006,0.006,5.642,5.642,6.204,0.002,0.002,1.084,1.084,6.734,1.19,21.55,19.5529,0.6734,3.030
5546,50.000,0.006,0.006,8.292,8.292,6.030,0.006,0.006,1.554,1.554,9.859,1.20,23.00,21.0000,0.9859,4.436
5547,45.000,0.006,0.006,7.652,7.652,5.881,0.005,0.005,1.404,1.404,9.067,1.20,24.24,22.2426,0.9067,4.080
5548,30.000,0.006,0.006,5.202,5.202,5.766,0.001,0.001,0.939,0.939,6.149,1.20,25.20,23.1962,0.6149,2.767
5549,20.000,0.006,0.006,3.512,3.512,5.695,0.001,0.001,0.627,0.627,4.146,1.21,25.80,23.7956,0.4146,1.866
5550,25.000,0.006,0.006,4.409,4.409,5.670,0.001,0.001,0.784,0.784,5.200,1.21,26.00,24.0000,0.5200,2.340
5551,35.000,0.006,0.006,6.146,6.146,5.695,0.002,0.002,1.097,1.097,7.252,1.21,25.80,23.7956,0.7252,3.263
5552,50.000,0.006,0.006,8.671,8.671,5.766,0.006,0.006,1.565,1.565,10.248,1.20,25.20,23.1962,1.0248,4.611
5553,45.000,0.006,0.006,7.652,7.652,5.881,0.005,0.005,1.404,1.404,9.067,1.20,24.24,22.2426,0.9067,4.080
5554,30.000,0.006,0.006,4.975,4.975,6.030,0.001,0.001,0.933,0.933,5.915,1.20,23.00,21.0000,0.5915,2.662
5555,20.000,0.006,0.006,3.224,3.224,6.204,0.001,0.001,0.619,0.619,3.850,1.19,21.55,19.5529,0.3850,1.732
5556,25.000,0.006,0.006,3.912,3.912,6.390,0.001,0.001,0.771,0.771,4.690,1.19,20.00,18.0000,0.4690,2.111
5557,35.000,0.006,0.006,5.322,5.322,6.576,0.002,0.002,1.075,1.075,6.406,1.18,18.45,16.4471,0.6406,2.882
5558,50.000,0.006,0.006,7.407,7.407,6.750,0.006,0.006,1.531,1.531,8.951,1.18,17.00,15.0000,0.8951,4.028
5559,45.000,0.006,0.006,6.523,6.523,6.899,0.005,0.005,1.374,1.374,7.907,1.18,15.76,13.7574,0.7907,3.558
5560,30.000,0.006,0.006,4.277,4.277,7.014,0.001,0.001,0.914,0.914,5.199,1.17,14.80,12.8038,0.5199,2.339
5561,20.000,0.006,0.006,2.823,2.823,7.085,0.001,0.001,0.609,0.609,3.438,1.17,14.20,12.2044,0.3438,1.547
5562,25.000,0.006,0.006,3.516,3.516,7.110,0.001,0.001,0.760,0.760,4.283,1.17,14.00,12.0000,0.4283,1.928
5563,35.000,0.006,0.006,4.940,4.940,7.085,0.002,0.002,1.065,1.065,6.013,1.17,14.20,12.2044,0.6013,2.706
5564,50.000,0.006,0.006,7.129,7.129,7.014,0.006,0.006,1.523,1.523,8.665,1.17,14.80,12.8038,0.8665,3.899
5565,45.000,0.006,0.006,6.523,6.523,6.899,0.005,0.005,1.374,1.374,7.907,1.18,15.76,13.7574,0.7907,3.558
5566,30.000,0.006,0.006,4.444,4.444,6.750,0.001,0.001,0.919,0.919,5.370,1.18,17.00,15.0000,0.5370,2.417
5567,20.000,0.006,0.006,3.041,3.041,6.576,0.001,0.001,0.614,0.614,3.662,1.18,18.45,16.4471,0.3662,1.648
5568,25.000,0.006,0.006,3.912,3.912,6.390,0.001,0.001,0.771,0.771,4.690,1.19,20.00,18.0000,0.4690,2.111
5569,35.000,0.006,0.006,5.642,5.642,6.204,0.002,0.002,1.084,1.084,6.734,1.19,21.55,19.5529,0.6734,3.030
5570,50.000,0.006,0.006,8.292,8.292,6.030,0.006,0.006,1.554,1.554,9.859,1.20,23.00,21.0000,0.9859,4.436
5571,45.000,0.006,0.006,7.652,7.652,5.881,0.005,0.005,1.404,1.404,9.067,1.20,24.24,22.2426,0.9067,4.080
5572,30.000,0.006,0.006,5.202,5.202,5.766,0.001,0.001,0.939,0.939,6.149,1.20,25.20,23.1962,0.6149,2.767
5573,20.000,0.006,0.006,3.512,3.512,5.695,0.001,0.001,0.627,0.627,4.146,1.21,25.80,23.7956,0.4146,1.866
5574,25.000,0.006,0.006,4.409,4.409,5.670,0.001,0.001,0.784,0.784,5.200,1.21,26.00,24.0000,0.5200,2.340
5575,35.000,0.006,0.006,6.146,6.146,5.695,0.002,0.002,1.097,1.097,7.252,1.21,25.80,23.7956,0.7252,3.263
5576,50.000,0.006,0.006,8.671,8.671,5.766,0.006,0.006,1.565,1.565,10.248,1.20,25.20,23.1962,1.0248,4.611
5577,45.000,0.006,0.006,7.652,7.652,5.881,0.005,0.005,1.404,1.404,9.067,1.20,24.24,22.2426,0.9067,4.080
5578,30.000,0.006,0.006,4.975,4.975,6.030,0.001,0.001,0.933,0.933,5.915,1.20,23.00,21.0000,0.5915,2.662
5579,20.000,0.006,0.006,3.224,3.224,6.204,0.001,0.001,0.619,0.619,3.850,1.19,21.55,19.5529,0.3850,1.732
5580,25.000,0.006,0.006,3.912,3.912,6.390,0.001,0.001,0.771,0.771,4.690,1.19,20.00,18.0000,0.4690,2.111
5581,35.000,0.006,0.006,5.322,5.322,6.576,0.002,0.002,1.075,1.075,6.406,1.18,18.45,16.4471,0.6406,2.882
5582,50.000,0.006,0.006,7.407,7.407,6.750,0.006,0.006,1.531,1.531,8.951,1.18,17.00,15.0000,0.8951,4.028
5583,45.000,0.006,0.006,6.523,6.523,6.899,0.005,0.005,1.374,1.374,7.907,1.18,15.76,13.7574,0.7907,3.558
5584,30.000,0.006,0.006,4.277,4.277,7.014,0.001,0.001,0.914,0.914,5.199,1.17,14.80,12.8038,0.5199,2.339
5585,20.000,0.006,0.006,2.823,2.823,7.085,0.001,0.001,0.609,0.609,3.438,1.17,14.20,12.2044,0.3438,1.547
5586,25.000,0.006,0.006,3.516,3.516,7.110,0.001,0.001,0.760,0.760,4.283,1.17,14.00,12.0000,0.4283,1.928
5587,35.000,0.006,0.006,4.940,4.940,7.085,0.002,0.002,1.065,1.065,6.013,1.17,14.20,12.2044,0.6013,2.706
5588,50.000,0.006,0.006,7.129,7.129,7.014,0.006,0.006,1.523,1.523,8.665,1.17,14.80,12.8038,0.8665,3.899
5589,45.000,0.006,0.006,6.523,6.523,6.899,0.005,0.005,1.374,1.374,7.907,1.18,15.76,13.7574,0.7907,3.558
5590,30.000,0.006,0.006,4.444,4.444,6.750,0.001,0.001,0.919,0.919,5.370,1.18,17.00,15.0000,0.5370,2.417
5591,20.000,0.006,0.006,3.041,3.041,6.576,0.001,0.001,0.614,0.614,3.662,1.18,18.45,16.4471,0.3662,1.648
5592,25.000,0.006,0.006,3.912,3.912,6.390,0.001,0.001,0.771,0.771,4.690,1.19,20.00,18.0000,0.4690,2.111
5593,35.000,0.006,0.006,5.642,5.642,6.204,0.002,0.002,1.084,1.084,6.734,1.19,21.55,19.5529,0.6734,3.030
5594,50.000,0.006,0.006,8.292,8.292,6.030,0.006,0.006,1.554,1.554,9.859,1.20,23.00,21.0000,0.9859,4.436
5595,45.000,0.006,0.006,7.652,7.652,5.881,0.005,0.005,1.404,1.404,9.067,1.20,24.24,22.2426,0.9067,4.080
5596,30.000,0.006,0.006,5.202,5.202,5.766,0.001,0.001,0.939,0.939,6.149,1.20,25.20,23.1962,0.6149,2.767
5597,20.000,0.006,0.006,3.512,3.512,5.695,0.001,0.001,0.627,0.627,4.146,1.21,25.80,23.7956,0.4146,1.866
5598,25.000,0.006,0.006,4.409,4.409,5.670,0.001,0.001,0.784,0.784,5.200,1.21,26.00,24.0000,0.5200,2.340
5599,35.000,0.006,0.006,6.146,6.146,5.695,0.002,0.002,1.097,1.097,7.252,1.21,25.80,23.7956,0.7252,3.263
5600,50.000,0.006,0.006,8.671,8.671,5.766,0.006,0.006,1.565,1.565,10.248,1.20,25.20,23.1962,1.0248,4.611
5601,45.000,0.006,0.006,7.652,7.652,5.881,0.005,0.005,1.404,1.404,9.067,1.20,24.24,22.2426,0.9067,4.080
5602,30.000,0.006,0.006,4.975,4.975,6.030,0.001,0.001,0.933,0.933,5.915,1.20,23.00,21.0000,0.5915,2.662
5603,20.000,0.006,0.006,3.224,3.224,6.204,0.001,0.001,0.619,0.619,3.850,1.19,21.55,19.5529,0.3850,1.732
5604,25.000,0.006,0.006,3.912,3.912,6.390,0.001,0.001,0.771,0.771,4.690,1.19,20.00,18.0000,0.4690,2.111
5605,35.000,0.006,0.006,5.322,5.322,6.576,0.002,0.002,1.075,1.075,6.406,1.18,18.45,16.4471,0.6406,2.882
5606,50.000,0.006,0.006,7.407,7.407,6.750,0.006,0.006,1.531,1.531,8.951,1.18,17.00,15.0000,0.8951,4.028
5607,45.000,0.006,0.006,6.523,6.523,6.899,0.005,0.005,1.374,1.374,7.907,1.18,15.76,13.7574,0.7907,3.558
5608,30.000,0.006,0.006,4.277,4.277,7.014,0.001,0.001,0.914,0.914,5.199,1.17,14.80,12.8038,0.5199,2.339
5609,20.000,0.006,0.006,2.823,2.823,7.085,0.001,0.001,0.609,0.609,3.438,1.17,14.20,12.2044,0.3438,1.547
5610,25.000,0.006,0.006,3.516,3.516,7.110,0.001,0.001,0.760,0.760,4.283,1.17,14.00,12.0000,0.4283,1.928
5611,35.000,0.006,0.006,4.940,4.940,7.085,0.002,0.002,1.065,1.065,6.013,1.17,14.20,12.2044,0.6013,2.706
5612,50.000,0.006,0.006,7.129,7.129,7.014,0.006,0.006,1.523,1.523,8.665,1.17,14.80,12.8038,0.8665,3.899
5613,45.000,0.006,0.006,6.523,6.523,6.899,0.005,0.005,1.374,1.374,7.907,1.18,15.76,13.7574,0.7907,3.558
5614,30.000,0.006,0.006,4.444,4.444,6.750,0.001,0.001,0.919,0.919,5.370,1.18,17.00,15.0000,0.5370,2.417
5615,20.000,0.006,0.006,3.041,3.041,6.576,0.001,0.001,0.614,0.614,3.662,1.18,18.45,16.4471,0.3662,1.648
5616,25.000,0.006,0.006,3.912,3.912,6.390,0.001,0.001,0.771,0.771,4.690,1.19,20.00,18.0000,0.4690,2.111
5617,35.000,0.006,0.006,5.642,5.642,6.204,0.002,0.002,1.084,1.084,6.734,1.19,21.55,19.5529,0.6734,3.030
5618,50.000,0.006,0.006,8.292,8.292,6.030,0.006,0.006,1.554,1.554,9.859,1.20,23.00,21.0000,0.9859,4.436
5619,45.000,0.006,0.006,7.652,7.652,5.881,0.005,0.005,1.404,1.404,9.067,1.20,24.24,22.2426,0.9067,4.080
5620,30.000,0.006,0.006,5.202,5.202,5.766,0.001,0.001,0.939,0.939,6.149,1.20,25.20,23.1962,0.6149,2.767
5621,20.000,0.006,0.006,3.512,3.512,5.695,0.001,0.001,0.627,0.627,4.146,1.21,25.80,23.7956,0.4146,1.866
5622,25.000,0.006,0.006,4.409,4.409,5.670,0.001,0.001,0.784,0.784,5.200,1.21,26.00,24.0000,0.5200,2.340
5623,35.000,0.006,0.006,6.146,6.146,5.695,0.002,0.002,1.097,1.097,7.252,1.21,25.80,23.7956,0.7252,3.263
5624,50.000,0.006,0.006,8.671,8.671,5.766,0.006,0.006,1.565,1.565,10.248,1.20,25.20,23.1962,1.0248,4.611
5625,45.000,0.006,0.006,7.652,7.652,5.881,0.005,0.005,1.404,1.404,9.067,1.20,24.24,22.2426,0.9067,4.080
5626,30.000,0.006,0.006,4.975,4.975,6.030,0.001,0.001,0.933,0.933,5.915,1.20,23.00,21.0000,0.5915,2.662
5627,20.000,0.006,0.006,3.224,3.224,6.204,0.001,0.001,0.619,0.619,3.850,1.19,21.55,19.5529,0.3850,1.732
5628,25.000,0.006,0.006,3.912,3.912,6.390,0.001,0.001,0.771,0.771,4.690,1.19,20.00,18.0000,0.4690,2.111
5629,35.000,0.006,0.006,5.322,5.322,6.576,0.002,0.002,1.075,1.075,6.406,1.18,18.45,16.4471,0.6406,2.882
5630,50.000,0.006,0.006,7.407,7.407,6.750,0.006,0.006,1.531,1.531,8.951,1.18,17.00,15.0000,0.8951,4.028
5631,45.000,0.006,0.006,6.523,6.523,6.899,0.005,0.005,1.374,1.374,7.907,1.18,15.76,13.7574,0.7907,3.558
5632,30.000,0.006,0.006,4.277,4.277,7.014,0.001,0.001,0.914,0.914,5.199,1.17,14.80,12.8038,0.5199,2.339
5633,20.000,0.006,0.006,2.823,2.823,7.085,0.001,0.001,0.609,0.609,3.438,1.17,14.20,12.2044,0.3438,1.547
5634,25.000,0.006,0.006,3.516,3.516,7.110,0.001,0.001,0.760,0.760,4.283,1.17,14.00,12.0000,0.4283,1.928
5635,35.000,0.006,0.006,4.940,4.940,7.085,0.002,0.002,1.065,1.065,6.013,1.17,14.20,12.2044,0.6013,2.706
5636,50.000,0.006,0.006,7.129,7.129,7.014,0.006,0.006,1.523,1.523,8.665,1.17,14.80,12.8038,0.8665,3.899
5637,45.000,0.006,0.006,6.523,6.523,6.899,0.005,0.005,1.374,1.374,7.907,1.18,15.76,13.7574,0.7907,3.558
5638,30.000,0.006,0.006,4.444,4.444,6.750,0.001,0.001,0.919,0.919,5.370,1.18,17.00,15.0000,0.5370,2.417
5639,20.000,0.006,0.006,3.041,3.041,6.576,0.001,0.001,0.614,0.614,3.662,1.18,18.45,16.4471,0.3662,1.648
5640,25.000,0.006,0.006,3.912,3.912,6.390,0.001,0.001,0.771,0.771,4.690,1.19,20.00,18.0000,0.4690,2.111
5641,35.000,0.006,0.006,5.642,5.642,6.204,0.002,0.002,1.084,1.084,6.734,1.19,21.55,19.5529,0.6734,3.030
5642,50.000,0.006,0.006,8.292,8.292,6.030,0.006,0.006,1.554,1.554,9.859,1.20,23.00,21.0000,0.9859,4.436
5643,45.000,0.006,0.006,7.652,7.652,5.881,0.005,0.005,1.404,1.404,9.067,1.20,24.24,22.2426,0.9067,4.080
5644,30.000,0.006,0.006,5.202,5.202,5.766,0.001,0.001,0.939,0.939,6.149,1.20,25.20,23.1962,0.6149,2.767
5645,20.000,0.006,0.006,3.512,3.512,5.695,0.001,0.001,0.627,0.627,4.146,1.21,25.80,23.7956,0.4146,1.866
5646,25.000,0.006,0.006,4.409,4.409,5.670,0.001,0.001,0.784,0.784,5.200,1.21,26.00,24.0000,0.5200,2.340
5647,35.000,0.006,0.006,6.146,6.146,5.695,0.002,0.002,1.097,1.097,7.252,1.21,25.80,23.7956,0.7252,3.263
5648,50.000,0.006,0.006,8.671,8.671,5.766,0.006,0.006,1.565,1.565,10.248,1.20,25.20,23.1962,1.0248,4.611
5649,45.000,0.006,0.006,7.652,7.652,5.881,0.005,0.005,1.404,1.404,9.067,1.20,24.24,22.2426,0.9067,4.080
5650,30.000,0.006,0.006,4.975,4.975,6.030,0.001,0.001,0.933,0.933,5.915,1.20,23.00,21.0000,0.5915,2.662
5651,20.000,0.006,0.006,3.224,3.224,6.204,0.001,0.001,0.619,0.619,3.850,1.19,21.55,19.5529,0.3850,1.732
5652,25.000,0.006,0.006,3.912,3.912,6.390,0.001,0.001,0.771,0.771,4.690,1.19,20.00,18.0000,0.4690,2.111
5653,35.000,0.006,0.006,5.322,5.322,6.576,0.002,0.002,1.075,1.075,6.406,1.18,18.45,16.4471,0.6406,2.882
5654,50.000,0.006,0.006,7.407,7.407,6.750,0.006,0.006,1.531,1.531,8.951,1.18,17.00,15.0000,0.8951,4.028
5655,45.000,0.006,0.006,6.523,6.523,6.899,0.005,0.005,1.374,1.374,7.907,1.18,15.76,13.7574,0.7907,3.558
5656,30.000,0.006,0.006,4.277,4.277,7.014,0.001,0.001,0.914,0.914,5.199,1.17,14.80,12.8038,0.5199,2.339
5657,20.000,0.006,0.006,2.823,2.823,7.085,0.001,0.001,0.609,0.609,3.438,1.17,14.20,12.2044,0.3438,1.547
5658,25.000,0.006,0.006,3.516,3.516,7.110,0.001,0.001,0.760,0.760,4.283,1.17,14.00,12.0000,0.4283,1.928
5659,35.000,0.006,0.006,4.940,4.940,7.085,0.002,0.002,1.065,1.065,6.013,1.17,14.20,12.2044,0.6013,2.706
5660,50.000,0.006,0.006,7.129,7.129,7.014,0.006,0.006,1.523,1.523,8.665,1.17,14.80,12.8038,0.8665,3.899
5661,45.000,0.006,0.006,6.523,6.523,6.899,0.005,0.005,1.374,1.374,7.907,1.18,15.76,13.7574,0.7907,3.558
5662,30.000,0.006,0.006,4.444,4.444,6.750,0.001,0.001,0.919,0.919,5.370,1.18,17.00,15.0000,0.5370,2.417
5663,20.000,0.006,0.006,3.041,3.041,6.576,0.001,0.001,0.614,0.614,3.662,1.18,18.45,16.4471,0.3662,1.648
5664,25.000,0.006,0.006,3.912,3.912,6.390,0.001,0.001,0.771,0.771,4.690,1.19,20.00,18.0000,0.4690,2.111
5665,35.000,0.006,0.006,5.642,5.642,6.204,0.002,0.002,1.084,1.084,6.734,1.19,21.55,19.5529,0.6734,3.030
5666,50.000,0.006,0.006,8.292,8.292,6.030,0.006,0.006,1.554,1.554,9.859,1.20,23.00,21.0000,0.9859,4.436
5667,45.000,0.006,0.006,7.652,7.652,5.881,0.005,0.005,1.404,1.404,9.067,1.20,24.24,22.2426,0.9067,4.080
5668,30.000,0.006,0.006,5.202,5.202,5.766,0.001,0.001,0.939,0.939,6.149,1.20,25.20,23.1962,0.6149,2.767
5669,20.000,0.006,0.006,3.512,3.512,5.695,0.001,0.001,0.627,0.627,4.146,1.21,25.80,23.7956,0.4146,1.866
5670,25.000,0.006,0.006,4.409,4.409,5.670,0.001,0.001,0.784,0.784,5.200,1.21,26.00,24.0000,0.5200,2.340
5671,35.000,0.006,0.006,6.146,6.146,5.695,0.002,0.002,1.097,1.097,7.252,1.21,25.80,23.7956,0.7252,3.263
5672,50.000,0.006,0.006,8.671,8.671,5.766,0.006,0.006,1.565,1.565,10.248,1.20,25.20,23.1962,1.0248,4.611
5673,45.000,0.006,0.006,7.652,7.652,5.881,0.005,0.005,1.404,1.404,9.067,1.20,24.24,22.2426,0.9067,4.080
5674,30.000,0.006,0.006,4.975,4.975,6.030,0.001,0.001,0.933,0.933,5.915,1.20,23.00,21.0000,0.5915,2.662
5675,20.000,0.006,0.006,3.224,3.224,6.204,0.001,0.001,0.619,0.619,3.850,1.19,21.55,19.5529,0.3850,1.732
5676,25.000,0.006,0.006,3.912,3.912,6.390,0.001,0.001,0.771,0.771,4.690,1.19,20.00,18.0000,0.4690,2.111
5677,35.000,0.006,0.006,5.322,5.322,6.576,0.002,0.002,1.075,1.075,6.406,1.18,18.45,16.4471,0.6406,2.882
5678,50.000,0.006,0.006,7.407,7.407,6.750,0.006,0.006,1.531,1.531,8.951,1.18,17.00,15.0000,0.8951,4.028
5679,45.000,0.006,0.006,6.523,6.523,6.899,0.005,0.005,1.374,1.374,7.907,1.18,15.76,13.7574,0.7907,3.558
5680,30.000,0.006,0.006,4.277,4.277,7.014,0.001,0.001,0.914,0.914,5.199,1.17,14.80,12.8038,0.5199,2.339
5681,20.000,0.006,0.006,2.823,2.823,7.085,0.001,0.001,0.609,0.609,3.438,1.17,14.20,12.2044,0.3438,1.547
5682,25.000,0.006,0.006,3.516,3.516,7.110,0.001,0.001,0.760,0.760,4.283,1.17,14.00,12.0000,0.4283,1.928
5683,35.000,0.006,0.006,4.940,4.940,7.085,0.002,0.002,1.065,1.065,6.013,1.17,14.20,12.2044,0.6013,2.706
5684,50.000,0.006,0.006,7.129,7.129,7.014,0.006,0.006,1.523,1.523,8.665,1.17,14.80,12.8038,0.8665,3.899
5685,45.000,0.006,0.006,6.523,6.523,6.899,0.005,0.005,1.374,1.374,7.907,1.18,15.76,13.7574,0.7907,3.558
5686,30.000,0.006,0.006,4.444,4.444,6.750,0.001,0.001,0.919,0.919,5.370,1.18,17.00,15.0000,0.5370,2.417
5687,20.000,0.006,0.006,3.041,3.041,6.576,0.001,0.001,0.614,0.614,3.662,1.18,18.45,16.4471,0.3662,1.648
5688,25.000,0.006,0.006,3.912,3.912,6.390,0.001,0.001,0.771,0.771,4.690,1.19,20.00,18.0000,0.4690,2.111
5689,35.000,0.006,0.006,5.642,5.642,6.204,0.002,0.002,1.084,1.084,6.734,1.19,21.55,19.5529,0.6734,3.030
5690,50.000,0.006,0.006,8.292,8.292,6.030,0.006,0.006,1.554,1.554,9.859,1.20,23.00,21.0000,0.9859,4.436
5691,45.000,0.006,0.006,7.652,7.652,5.881,0.005,0.005,1.404,1.404,9.067,1.20,24.24,22.2426,0.9067,4.080
5692,30.000,0.006,0.006,5.202,5.202,5.766,0.001,0.001,0.939,0.939,6.149,1.20,25.20,23.1962,0.6149,2.767
5693,20.000,0.006,0.006,3.512,3.512,5.695,0.001,0.001,0.627,0.627,4.146,1.21,25.80,23.7956,0.4146,1.866
5694,25.000,0.006,0.006,4.409,4.409,5.670,0.001,0.001,0.784,0.784,5.200,1.21,26.00,24.0000,0.5200,2.340
5695,35.000,0.006,0.006,6.146,6.146,5.695,0.002,0.002,1.097,1.097,7.252,1.21,25.80,23.7956,0.7252,3.263
5696,50.000,0.006,0.006,8.671,8.671,5.766,0.006,0.006,1.565,1.565,10.248,1.20,25.20,23.1962,1.0248,4.611
5697,45.000,0.006,0.006,7.652,7.652,5.881,0.005,0.005,1.404,1.404,9.067,1.20,24.24,22.2426,0.9067,4.080
5698,30.000,0.006,0.006,4.975,4.975,6.030,0.001,0.001,0.933,0.933,5.915,1.20,23.00,21.0000,0.5915,2.662
5699,20.000,0.006,0.006,3.224,3.224,6.204,0.001,0.001,0.619,0.619,3.850,1.19,21.55,19.5529,0.3850,1.732
5700,25.000,0.006,0.006,3.912,3.912,6.390,0.001,0.001,0.771,0.771,4.690,1.19,20.00,18.0000,0.4690,2.111
5701,35.000,0.006,0.006,5.322,5.322,6.576,0.002,0.002,1.075,1.075,6.406,1.18,18.45,16.4471,0.6406,2.882
5702,50.000,0.006,0.006,7.407,7.407,6.750,0.006,0.006,1.531,1.531,8.951,1.18,17.00,15.0000,0.8951,4.028
5703,45.000,0.006,0.006,6.523,6.523,6.899,0.005,0.005,1.374,1.374,7.907,1.18,15.76,13.7574,0.7907,3.558
5704,30.000,0.006,0.006,4.277,4.277,7.014,0.001,0.001,0.914,0.914,5.199,1.17,14.80,12.8038,0.5199,2.339
5705,20.000,0.006,0.006,2.823,2.823,7.085,0.001,0.001,0.609,0.609,3.438,1.17,14.20,12.2044,0.3438,1.547
5706,25.000,0.006,0.006,3.516,3.516,7.110,0.001,0.001,0.760,0.760,4.283,1.17,14.00,12.0000,0.4283,1.928
5707,35.000,0.006,0.006,4.940,4.940,7.085,0.002,0.002,1.065,1.065,6.013,1.17,14.20,12.2044,0.6013,2.706
5708,50.000,0.006,0.006,7.129,7.129,7.014,0.006,0.006,1.523,1.523,8.665,1.17,14.80,12.8038,0.8665,3.899
5709,45.000,0.006,0.006,6.523,6.523,6.899,0.005,0.005,1.374,1.374,7.907,1.18,15.76,13.7574,0.7907,3.558
5710,30.000,0.006,0.006,4.444,4.444,6.750,0.001,0.001,0.919,0.919,5.370,1.18,17.00,15.0000,0.5370,2.417
5711,20.000,0.006,0.006,3.041,3.041,6.576,0.001,0.001,0.614,0.614,3.662,1.18,18.45,16.4471,0.3662,1.648
5712,25.000,0.006,0.006,3.912,3.912,6.390,0.001,0.001,0.771,0.771,4.690,1.19,20.00,18.0000,0.4690,2.111
5713,35.000,0.006,0.006,5.642,5.642,6.204,0.002,0.002,1.084,1.084,6.734,1.19,21.55,19.5529,0.6734,3.030
5714,50.000,0.006,0.006,8.292,8.292,6.030,0.006,0.006,1.554,1.554,9.859,1.20,23.00,21.0000,0.9859,4.436
5715,45.000,0.006,0.006,7.652,7.652,5.881,0.005,0.005,1.404,1.404,9.067,1.20,24.24,22.2426,0.9067,4.080
5716,30.000,0.006,0.006,5.202,5.202,5.766,0.001,0.001,0.939,0.939,6.149,1.20,25.20,23.1962,0.6149,2.767
5717,20.000,0.006,0.006,3.512,3.512,5.695,0.001,0.001,0.627,0.627,4.146,1.21,25.80,23.7956,0.4146,1.866
5718,25.000,0.006,0.006,4.409,4.409,5.670,0.001,0.001,0.784,0.784,5.200,1.21,26.00,24.0000,0.5200,2.340
5719,35.000,0.006,0.006,6.146,6.146,5.695,0.002,0.002,1.097,1.097,7.252,1.21,25.80,23.7956,0.7252,3.263
5720,50.000,0.006,0.006,8.671,8.671,5.766,0.006,0.006,1.565,1.565,10.248,1.20,25.20,23.1962,1.0248,4.611
5721,45.000,0.006,0.006,7.652,7.652,5.881,0.005,0.005,1.404,1.404,9.067,1.20,24.24,22.2426,0.9067,4.080
5722,30.000,0.006,0.006,4.975,4.975,6.030,0.001,0.001,0.933,0.933,5.915,1.20,23.00,21.0000,0.5915,2.662
5723,20.000,0.006,0.006,3.224,3.224,6.204,0.001,0.001,0.619,0.619,3.850,1.19,21.55,19.5529,0.3850,1.732
5724,25.000,0.006,0.006,3.912,3.912,6.390,0.001,0.001,0.771,0.771,4.690,1.19,20.00,18.0000,0.4690,2.111
5725,35.000,0.006,0.006,5.322,5.322,6.576,0.002,0.002,1.075,1.075,6.406,1.18,18.45,16.4471,0.6406,2.882
5726,50.000,0.006,0.006,7.407,7.407,6.750,0.006,0.006,1.531,1.531,8.951,1.18,17.00,15.0000,0.8951,4.028
5727,45.000,0.006,0.006,6.523,6.523,6.899,0.005,0.005,1.374,1.374,7.907,1.18,15.76,13.7574,0.7907,3.558
5728,30.000,0.006,0.006,4.277,4.277,7.014,0.001,0.001,0.914,0.914,5.199,1.17,14.80,12.8038,0.5199,2.339
5729,20.000,0.006,0.006,2.823,2.823,7.085,0.001,0.001,0.609,0.609,3.438,1.17,14.20,12.2044,0.3438,1.547
5730,25.000,0.006,0.006,3.516,3.516,7.110,0.001,0.001,0.760,0.760,4.283,1.17,14.00,12.0000,0.4283,1.928
5731,35.000,0.006,0.006,4.940,4.940,7.085,0.002,0.002,1.065,1.065,6.013,1.17,14.20,12.2044,0.6013,2.706
5732,50.000,0.006,0.006,7.129,7.129,7.014,0.006,0.006,1.523,1.523,8.665,1.17,14.80,12.8038,0.8665,3.899
5733,45.000,0.006,0.006,6.523,6.523,6.899,0.005,0.005,1.374,1.374,7.907,1.18,15.76,13.7574,0.7907,3.558
5734,30.000,0.006,0.006,4.444,4.444,6.750,0.001,0.001,0.919,0.919,5.370,1.18,17.00,15.0000,0.5370,2.417
5735,20.000,0.006,0.006,3.041,3.041,6.576,0.001,0.001,0.614,0.614,3.662,1.18,18.45,16.4471,0.3662,1.648
5736,25.000,0.006,0.006,3.912,3.912,6.390,0.001,0.001,0.771,0.771,4.690,1.19,20.00,18.0000,0.4690,2.111
5737,35.000,0.006,0.006,5.642,5.642,6.204,0.002,0.002,1.084,1.084,6.734,1.19,21.55,19.5529,0.6734,3.030
5738,50.000,0.006,0.006,8.292,8.292,6.030,0.006,0.006,1.554,1.554,9.859,1.20,23.00,21.0000,0.9859,4.436
5739,45.000,0.006,0.006,7.652,7.652,5.881,0.005,0.005,1.404,1.404,9.067,1.20,24.24,22.2426,0.9067,4.080
5740,30.000,0.006,0.006,5.202,5.202,5.766,0.001,0.001,0.939,0.939,6.149,1.20,25.20,23.1962,0.6149,2.767
5741,20.000,0.006,0.006,3.512,3.512,5.695,0.001,0.001,0.627,0.627,4.146,1.21,25.80,23.7956,0.4146,1.866
5742,25.000,0.006,0.006,4.409,4.409,5.670,0.001,0.001,0.784,0.784,5.200,1.21,26.00,24.0000,0.5200,2.340
5743,35.000,0.006,0.006,6.146,6.146,5.695,0.002,0.002,1.097,1.097,7.252,1.21,25.80,23.7956,0.7252,3.263
5744,50.000,0.006,0.006,8.671,8.671,5.766,0.006,0.006,1.565,1.565,10.248,1.20,25.20,23.1962,1.0248,4.611
5745,45.000,0.006,0.006,7.652,7.652,5.881,0.005,0.005,1.404,1.404,9.067,1.20,24.24,22.2426,0.9067,4.080
5746,30.000,0.006,0.006,4.975,4.975,6.030,0.001,0.001,0.933,0.933,5.915,1.20,23.00,21.0000,0.5915,2.662
5747,20.000,0.006,0.006,3.224,3.224,6.204,0.001,0.001,0.619,0.619,3.850,1.19,21.55,19.5529,0.3850,1.732
5748,25.000,0.006,0.006,3.912,3.912,6.390,0.001,0.001,0.771,0.771,4.690,1.19,20.00,18.0000,0.4690,2.111
5749,35.000,0.006,0.006,5.322,5.322,6.576,0.002,0.002,1.075,1.075,6.406,1.18,18.45,16.4471,0.6406,2.882
5750,50.000,0.006,0.006,7.407,7.407,6.750,0.006,0.006,1.531,1.531,8.951,1.18,17.00,15.0000,0.8951,4.028
5751,45.000,0.006,0.006,6.523,6.523,6.899,0.005,0.005,1.374,1.374,7.907,1.18,15.76,13.7574,0.7907,3.558
5752,30.000,0.006,0.006,4.277,4.277,7.014,0.001,0.001,0.914,0.914,5.199,1.17,14.80,12.8038,0.5199,2.339
5753,20.000,0.006,0.006,2.823,2.823,7.085,0.001,0.001,0.609,0.609,3.438,1.17,14.20,12.2044,0.3438,1.547
5754,25.000,0.006,0.006,3.516,3.516,7.110,0.001,0.001,0.760,0.760,4.283,1.17,14.00,12.0000,0.4283,1.928
5755,35.000,0.006,0.006,4.940,4.940,7.085,0.002,0.002,1.065,1.065,6.013,1.17,14.20,12.2044,0.6013,2.706
5756,50.000,0.006,0.006,7.129,7.129,7.014,0.006,0.006,1.523,1.523,8.665,1.17,14.80,12.8038,0.8665,3.899
5757,45.000,0.006,0.006,6.523,6.523,6.899,0.005,0.005,1.374,1.374,7.907,1.18,15.76,13.7574,0.7907,3.558
5758,30.000,0.006,0.006,4.444,4.444,6.750,0.001,0.001,0.919,0.919,5.370,1.18,17.00,15.0000,0.5370,2.417
5759,20.000,0.006,0.006,3.041,3.041,6.576,0.001,0.001,0.614,0.614,3.662,1.18,18.45,16.4471,0.3662,1.648
5760,25.000,0.006,0.006,3.912,3.912,6.390,0.001,0.001,0.771,0.771,4.690,1.19,20.00,18.0000,0.4690,2.111
5761,35.000,0.006,0.006,5.642,5.642,6.204,0.002,0.002,1.084,1.084,6.734,1.19,21.55,19.5529,0.6734,3.030
5762,50.000,0.006,0.006,8.292,8.292,6.030,0.006,0.006,1.554,1.554,9.859,1.20,23.00,21.0000,0.9859,4.436
5763,45.000,0.006,0.006,7.652,7.652,5.881,0.005,0.005,1.404,1.404,9.067,1.20,24.24,22.2426,0.9067,4.080
5764,30.000,0.006,0.006,5.202,5.202,5.766,0.001,0.001,0.939,0.939,6.149,1.20,25.20,23.1962,0.6149,2.767
5765,20.000,0.006,0.006,3.512,3.512,5.695,0.001,0.001,0.627,0.627,4.146,1.21,25.80,23.7956,0.4146,1.866
5766,25.000,0.006,0.006,4.409,4.409,5.670,0.001,0.001,0.784,0.784,5.200,1.21,26.00,24.0000,0.5200,2.340
5767,35.000,0.006,0.006,6.146,6.146,5.695,0.002,0.002,1.097,1.097,7.252,1.21,25.80,23.7956,0.7252,3.263
5768,50.000,0.006,0.006,8.671,8.671,5.766,0.006,0.006,1.565,1.565,10.248,1.20,25.20,23.1962,1.0248,4.611
5769,45.000,0.006,0.006,7.652,7.652,5.881,0.005,0.005,1.404,1.404,9.067,1.20,24.24,22.2426,0.9067,4.080
5770,30.000,0.006,0.006,4.975,4.975,6.030,0.001,0.001,0.933,0.933,5.915,1.20,23.00,21.0000,0.5915,2.662
5771,20.000,0.006,0.006,3.224,3.224,6.204,0.001,0.001,0.619,0.619,3.850,1.19,21.55,19.5529,0.3850,1.732
5772,25.000,0.006,0.006,3.912,3.912,6.390,0.001,0.001,0.771,0.771,4.690,1.19,20.00,18.0000,0.4690,2.111
5773,35.000,0.006,0.006,5.322,5.322,6.576,0.002,0.002,1.075,1.075,6.406,1.18,18.45,16.4471,0.6406,2.882
5774,50.000,0.006,0.006,7.407,7.407,6.750,0.006,0.006,1.531,1.531,8.951,1.18,17.00,15.0000,0.8951,4.028
5775,45.000,0.006,0.006,6.523,6.523,6.899,0.005,0.005,1.374,1.374,7.907,1.18,15.76,13.7574,0.7907,3.558
5776,30.000,0.006,0.006,4.277,4.277,7.014,0.001,0.001,0.914,0.914,5.199,1.17,14.80,12.8038,0.5199,2.339
5777,20.000,0.006,0.006,2.823,2.823,7.085,0.001,0.001,0.609,0.609,3.438,1.17,14.20,12.2044,0.3438,1.547
5778,25.000,0.006,0.006,3.516,3.516,7.110,0.001,0.001,0.760,0.760,4.283,1.17,14.00,12.0000,0.4283,1.928
5779,35.000,0.006,0.006,4.940,4.940,7.085,0.002,0.002,1.065,1.065,6.013,1.17,14.20,12.2044,0.6013,2.706
5780,50.000,0.006,0.006,7.129,7.129,7.014,0.006,0.006,1.523,1.523,8.665,1.17,14.80,12.8038,0.8665,3.899
5781,45.000,0.006,0.006,6.523,6.523,6.899,0.005,0.005,1.374,1.374,7.907,1.18,15.76,13.7574,0.7907,3.558
5782,30.000,0.006,0.006,4.444,4.444,6.750,0.001,0.001,0.919,0.919,5.370,1.18,17.00,15.0000,0.5370,2.417
5783,20.000,0.006,0.006,3.041,3.041,6.576,0.001,0.001,0.614,0.614,3.662,1.18,18.45,16.4471,0.3662,1.648
5784,25.000,0.006,0.006,3.912,3.912,6.390,0.001,0.001,0.771,0.771,4.690,1.19,20.00,18.0000,0.4690,2.111
5785,35.000,0.006,0.006,5.642,5.642,6.204,0.002,0.002,1.084,1.084,6.734,1.19,21.55,19.5529,0.6734,3.030
5786,50.000,0.006,0.006,8.292,8.292,6.030,0.006,0.006,1.554,1.554,9.859,1.20,23.00,21.0000,0.9859,4.436
5787,45.000,0.006,0.006,7.652,7.652,5.881,0.005,0.005,1.404,1.404,9.067,1.20,24.24,22.2426,0.9067,4.080
5788,30.000,0.006,0.006,5.202,5.202,5.766,0.001,0.001,0.939,0.939,6.149,1.20,25.20,23.1962,0.6149,2.767
5789,20.000,0.006,0.006,3.512,3.512,5.695,0.001,0.001,0.627,0.627,4.146,1.21,25.80,23.7956,0.4146,1.866
5790,25.000,0.006,0.006,4.409,4.409,5.670,0.001,0.001,0.784,0.784,5.200,1.21,26.00,24.0000,0.5200,2.340
5791,35.000,0.006,0.006,6.146,6.146,5.695,0.002,0.002,1.097,1.097,7.252,1.21,25.80,23.7956,0.7252,3.263
5792,50.000,0.006,0.006,8.671,8.671,5.766,0.006,0.006,1.565,1.565,10.248,1.20,25.20,23.1962,1.0248,4.611
5793,45.000,0.006,0.006,7.652,7.652,5.881,0.005,0.005,1.404,1.404,9.067,1.20,24.24,22.2426,0.9067,4.080
5794,30.000,0.006,0.006,4.975,4.975,6.030,0.001,0.001,0.933,0.933,5.915,1.20,23.00,21.0000,0.5915,2.662
5795,20.000,0.006,0.006,3.224,3.224,6.204,0.001,0.001,0.619,0.619,3.850,1.19,21.55,19.5529,0.3850,1.732
5796,25.000,0.006,0.006,3.912,3.912,6.390,0.001,0.001,0.771,0.771,4.690,1.19,20.00,18.0000,0.4690,2.111
5797,35.000,0.006,0.006,5.322,5.322,6.576,0.002,0.002,1.075,1.075,6.406,1.18,18.45,16.4471,0.6406,2.882
5798,50.000,0.006,0.006,7.407,7.407,6.750,0.006,0.006,1.531,1.531,8.951,1.18,17.00,15.0000,0.8951,4.028
5799,45.000,0.006,0.006,6.523,6.523,6.899,0.005,0.005,1.374,1.374,7.907,1.18,15.76,13.7574,0.7907,3.558
5800,30.000,0.006,0.006,4.277,4.277,7.014,0.001,0.001,0.914,0.914,5.199,1.17,14.80,12.8038,0.5199,2.339
5801,20.000,0.006,0.006,2.823,2.823,7.085,0.001,0.001,0.609,0.609,3.438,1.17,14.20,12.2044,0.3438,1.547
5802,25.000,0.006,0.006,3.516,3.516,7.110,0.001,0.001,0.760,0.760,4.283,1.17,14.00,12.0000,0.4283,1.928
5803,35.000,0.006,0.006,4.940,4.940,7.085,0.002,0.002,1.065,1.065,6.013,1.17,14.20,12.2044,0.6013,2.706
5804,50.000,0.006,0.006,7.129,7.129,7.014,0.006,0.006,1.523,1.523,8.665,1.17,14.80,12.8038,0.8665,3.899
5805,45.000,0.006,0.006,6.523,6.523,6.899,0.005,0.005,1.374,1.374,7.907,1.18,15.76,13.7574,0.7907,3.558
5806,30.000,0.006,0.006,4.444,4.444,6.750,0.001,0.001,0.919,0.919,5.370,1.18,17.00,15.0000,0.5370,2.417
5807,20.000,0.006,0.006,3.041,3.041,6.576,0.001,0.001,0.614,0.614,3.662,1.18,18.45,16.4471,0.3662,1.648
5808,25.000,0.006,0.006,3.912,3.912,6.390,0.001,0.001,0.771,0.771,4.690,1.19,20.00,18.0000,0.4690,2.111
5809,35.000,0.006,0.006,5.642,5.642,6.204,0.002,0.002,1.084,1.084,6.734,1.19,21.55,19.5529,0.6734,3.030
5810,50.000,0.006,0.006,8.292,8.292,6.030,0.006,0.006,1.554,1.554,9.859,1.20,23.00,21.0000,0.9859,4.436
5811,45.000,0.006,0.006,7.652,7.652,5.881,0.005,0.005,1.404,1.404,9.067,1.20,24.24,22.2426,0.9067,4.080
5812,30.000,0.006,0.006,5.202,5.202,5.766,0.001,0.001,0.939,0.939,6.149,1.20,25.20,23.1962,0.6149,2.767
5813,20.000,0.006,0.006,3.512,3.512,5.695,0.001,0.001,0.627,0.627,4.146,1.21,25.80,23.7956,0.4146,1.866
5814,25.000,0.006,0.006,4.409,4.409,5.670,0.001,0.001,0.784,0.784,5.200,1.21,26.00,24.0000,0.5200,2.340
5815,35.000,0.006,0.006,6.146,6.146,5.695,0.002,0.002,1.097,1.097,7.252,1.21,25.80,23.7956,0.7252,3.263
5816,50.000,0.006,0.006,8.671,8.671,5.766,0.006,0.006,1.565,1.565,10.248,1.20,25.20,23.1962,1.0248,4.611
5817,45.000,0.006,0.006,7.652,7.652,5.881,0.005,0.005,1.404,1.404,9.067,1.20,24.24,22.2426,0.9067,4.080
5818,30.000,0.006,0.006,4.975,4.975,6.030,0.001,0.001,0.933,0.933,5.915,1.20,23.00,21.0000,0.5915,2.662
5819,20.000,0.006,0.006,3.224,3.224,6.204,0.001,0.001,0.619,0.619,3.850,1.19,21.55,19.5529,0.3850,1.732
5820,25.000,0.006,0.006,3.912,3.912,6.390,0.001,0.001,0.771,0.771,4.690,1.19,20.00,18.0000,0.4690,2.111
5821,35.000,0.006,0.006,5.322,5.322,6.576,0.002,0.002,1.075,1.075,6.406,1.18,18.45,16.4471,0.6406,2.882
5822,50.000,0.006,0.006,7.407,7.407,6.750,0.006,0.006,1.531,1.531,8.951,1.18,17.00,15.0000,0.8951,4.028
5823,45.000,0.006,0.006,6.523,6.523,6.899,0.005,0.005,1.374,1.374,7.907,1.18,15.76,13.7574,0.7907,3.558
5824,30.000,0.006,0.006,4.277,4.277,7.014,0.001,0.001,0.914,0.914,5.199,1.17,14.80,12.8038,0.5199,2.339
5825,20.000,0.006,0.006,2.823,2.823,7.085,0.001,0.001,0.609,0.609,3.438,1.17,14.20,12.2044,0.3438,1.547
5826,25.000,0.006,0.006,3.516,3.516,7.110,0.001,0.001,0.760,0.760,4.283,1.17,14.00,12.0000,0.4283,1.928
5827,35.000,0.006,0.006,4.940,4.940,7.085,0.002,0.002,1.065,1.065,6.013,1.17,14.20,12.2044,0.6013,2.706
5828,50.000,0.006,0.006,7.129,7.129,7.014,0.006,0.006,1.523,1.523,8.665,1.17,14.80,12.8038,0.8665,3.899
5829,45.000,0.006,0.006,6.523,6.523,6.899,0.005,0.005,1.374,1.374,7.907,1.18,15.76,13.7574,0.7907,3.558
5830,30.000,0.006,0.006,4.444,4.444,6.750,0.001,0.001,0.919,0.919,5.370,1.18,17.00,15.0000,0.5370,2.417
5831,20.000,0.006,0.006,3.041,3.041,6.576,0.001,0.001,0.614,0.614,3.662,1.18,18.45,16.4471,0.3662,1.648
5832,25.000,0.006,0.006,3.912,3.912,6.390,0.001,0.001,0.771,0.771,4.690,1.19,20.00,18.0000,0.4690,2.111
5833,35.000,0.006,0.006,5.642,5.642,6.204,0.002,0.002,1.084,1.084,6.734,1.19,21.55,19.5529,0.6734,3.030
5834,50.000,0.006,0.006,8.292,8.292,6.030,0.006,0.006,1.554,1.554,9.859,1.20,23.00,21.0000,0.9859,4.436
5835,45.000,0.006,0.006,7.652,7.652,5.881,0.005,0.005,1.404,1.404,9.067,1.20,24.24,22.2426,0.9067,4.080
5836,30.000,0.006,0.006,5.202,5.202,5.766,0.001,0.001,0.939,0.939,6.149,1.20,25.20,23.1962,0.6149,2.767
5837,20.000,0.006,0.006,3.512,3.512,5.695,0.001,0.001,0.627,0.627,4.146,1.21,25.80,23.7956,0.4146,1.866
5838,25.000,0.006,0.006,4.409,4.409,5.670,0.001,0.001,0.784,0.784,5.200,1.21,26.00,24.0000,0.5200,2.340
5839,35.000,0.006,0.006,6.146,6.146,5.695,0.002,0.002,1.097,1.097,7.252,1.21,25.80,23.7956,0.7252,3.263
5840,50.000,0.006,0.006,8.671,8.671,5.766,0.006,0.006,1.565,1.565,10.248,1.20,25.20,23.1962,1.0248,4.611
5841,45.000,0.006,0.006,7.652,7.652,5.881,0.005,0.005,1.404,1.404,9.067,1.20,24.24,22.2426,0.9067,4.080
5842,30.000,0.006,0.006,4.975,4.975,6.030,0.001,0.001,0.933,0.933,5.915,1.20,23.00,21.0000,0.5915,2.662
5843,20.000,0.006,0.006,3.224,3.224,6.204,0.001,0.001,0.619,0.619,3.850,1.19,21.55,19.5529,0.3850,1.732
5844,25.000,0.006,0.006,3.912,3.912,6.390,0.001,0.001,0.771,0.771,4.690,1.19,20.00,18.0000,0.4690,2.111
5845,35.000,0.006,0.006,5.322,5.322,6.576,0.002,0.002,1.075,1.075,6.406,1.18,18.45,16.4471,0.6406,2.882
5846,50.000,0.006,0.006,7.407,7.407,6.750,0.006,0.006,1.531,1.531,8.951,1.18,17.00,15.0000,0.8951,4.028
5847,45.000,0.006,0.006,6.523,6.523,6.899,0.005,0.005,1.374,1.374,7.907,1.18,15.76,13.7574,0.7907,3.558
5848,30.000,0.006,0.006,4.277,4.277,7.014,0.001,0.001,0.914,0.914,5.199,1.17,14.80,12.8038,0.5199,2.339
5849,20.000,0.006,0.006,2.823,2.823,7.085,0.001,0.001,0.609,0.609,3.438,1.17,14.20,12.2044,0.3438,1.547
5850,25.000,0.006,0.006,3.516,3.516,7.110,0.001,0.001,0.760,0.760,4.283,1.17,14.00,12.0000,0.4283,1.928
5851,35.000,0.006,0.006,4.940,4.940,7.085,0.002,0.002,1.065,1.065,6.013,1.17,14.20,12.2044,0.6013,2.706
5852,50.000,0.006,0.006,7.129,7.129,7.014,0.006,0.006,1.523,1.523,8.665,1.17,14.80,12.8038,0.8665,3.899
5853,45.000,0.006,0.006,6.523,6.523,6.899,0.005,0.005,1.374,1.374,7.907,1.18,15.76,13.7574,0.7907,3.558
5854,30.000,0.006,0.006,4.444,4.444,6.750,0.001,0.001,0.919,0.919,5.370,1.18,17.00,15.0000,0.5370,2.417
5855,20.000,0.006,0.006,3.041,3.041,6.576,0.001,0.001,0.614,0.614,3.662,1.18,18.45,16.4471,0.3662,1.648
5856,25.000,0.006,0.006,3.912,3.912,6.390,0.001,0.001,0.771,0.771,4.690,1.19,20.00,18.0000,0.4690,2.111
5857,35.000,0.006,0.006,5.642,5.642,6.204,0.002,0.002,1.084,1.084,6.734,1.19,21.55,19.5529,0.6734,3.030
5858,50.000,0.006,0.006,8.292,8.292,6.030,0.006,0.006,1.554,1.554,9.859,1.20,23.00,21.0000,0.9859,4.436
5859,45.000,0.006,0.006,7.652,7.652,5.881,0.005,0.005,1.404,1.404,9.067,1.20,24.24,22.2426,0.9067,4.080
5860,30.000,0.006,0.006,5.202,5.202,5.766,0.001,0.001,0.939,0.939,6.149,1.20,25.20,23.1962,0.6149,2.767
5861,20.000,0.006,0.006,3.512,3.512,5.695,0.001,0.001,0.627,0.627,4.146,1.21,25.80,23.7956,0.4146,1.866
5862,25.000,0.006,0.006,4.409,4.409,5.670,0.001,0.001,0.784,0.784,5.200,1.21,26.00,24.0000,0.5200,2.340
5863,35.000,0.006,0.006,6.146,6.146,5.695,0.002,0.002,1.097,1.097,7.252,1.21,25.80,23.7956,0.7252,3.263
5864,50.000,0.006,0.006,8.671,8.671,5.766,0.006,0.006,1.565,1.565,10.248,1.20,25.20,23.1962,1.0248,4.611
5865,45.000,0.006,0.006,7.652,7.652,5.881,0.005,0.005,1.404,1.404,9.067,1.20,24.24,22.2426,0.9067,4.080
5866,30.000,0.006,0.006,4.975,4.975,6.030,0.001,0.001,0.933,0.933,5.915,1.20,23.00,21.0000,0.5915,2.662
5867,20.000,0.006,0.006,3.224,3.224,6.204,0.001,0.001,0.619,0.619,3.850,1.19,21.55,19.5529,0.3850,1.732
5868,25.000,0.006,0.006,3.912,3.912,6.390,0.001,0.001,0.771,0.771,4.690,1.19,20.00,18.0000,0.4690,2.111
5869,35.000,0.006,0.006,5.322,5.322,6.576,0.002,0.002,1.075,1.075,6.406,1.18,18.45,16.4471,0.6406,2.882
5870,50.000,0.006,0.006,7.407,7.407,6.750,0.006,0.006,1.531,1.531,8.951,1.18,17.00,15.0000,0.8951,4.028
5871,45.000,0.006,0.006,6.523,6.523,6.899,0.005,0.005,1.374,1.374,7.907,1.18,15.76,13.7574,0.7907,3.558
5872,30.000,0.006,0.006,4.277,4.277,7.014,0.001,0.001,0.914,0.914,5.199,1.17,14.80,12.8038,0.5199,2.339
5873,20.000,0.006,0.006,2.823,2.823,7.085,0.001,0.001,0.609,0.609,3.438,1.17,14.20,12.2044,0.3438,1.547
5874,25.000,0.006,0.006,3.516,3.516,7.110,0.001,0.001,0.760,0.760,4.283,1.17,14.00,12.0000,0.4283,1.928
5875,35.000,0.006,0.006,4.940,4.940,7.085,0.002,0.002,1.065,1.065,6.013,1.17,14.20,12.2044,0.6013,2.706
5876,50.000,0.006,0.006,7.129,7.129,7.014,0.006,0.006,1.523,1.523,8.665,1.17,14.80,12.8038,0.8665,3.899
5877,45.000,0.006,0.006,6.523,6.523,6.899,0.005,0.005,1.374,1.374,7.907,1.18,15.76,13.7574,0.7907,3.558
5878,30.000,0.006,0.006,4.444,4.444,6.750,0.001,0.001,0.919,0.919,5.370,1.18,17.00,15.0000,0.5370,2.417
5879,20.000,0.006,0.006,3.041,3.041,6.576,0.001,0.001,0.614,0.614,3.662,1.18,18.45,16.4471,0.3662,1.648
5880,25.000,0.006,0.006,3.912,3.912,6.390,0.001,0.001,0.771,0.771,4.690,1.19,20.00,18.0000,0.4690,2.111
5881,35.000,0.006,0.006,5.642,5.642,6.204,0.002,0.002,1.084,1.084,6.734,1.19,21.55,19.5529,0.6734,3.030
5882,50.000,0.006,0.006,8.292,8.292,6.030,0.006,0.006,1.554,1.554,9.859,1.20,23.00,21.0000,0.9859,4.436
5883,45.000,0.006,0.006,7.652,7.652,5.881,0.005,0.005,1.404,1.404,9.067,1.20,24.24,22.2426,0.9067,4.080
5884,30.000,0.006,0.006,5.202,5.202,5.766,0.001,0.001,0.939,0.939,6.149,1.20,25.20,23.1962,0.6149,2.767
5885,20.000,0.006,0.006,3.512,3.512,5.695,0.001,0.001,0.627,0.627,4.146,1.21,25.80,23.7956,0.4146,1.866
5886,25.000,0.006,0.006,4.409,4.409,5.670,0.001,0.001,0.784,0.784,5.200,1.21,26.00,24.0000,0.5200,2.340
5887,35.000,0.006,0.006,6.146,6.146,5.695,0.002,0.002,1.097,1.097,7.252,1.21,25.80,23.7956,0.7252,3.263
5888,50.000,0.006,0.006,8.671,8.671,5.766,0.006,0.006,1.565,1.565,10.248,1.20,25.20,23.1962,1.0248,4.611
5889,45.000,0.006,0.006,7.652,7.652,5.881,0.005,0.005,1.404,1.404,9.067,1.20,24.24,22.2426,0.9067,4.080
5890,30.000,0.006,0.006,4.975,4.975,6.030,0.001,0.001,0.933,0.933,5.915,1.20,23.00,21.0000,0.5915,2.662
5891,20.000,0.006,0.006,3.224,3.224,6.204,0.001,0.001,0.619,0.619,3.850,1.19,21.55,19.5529,0.3850,1.732
5892,25.000,0.006,0.006,3.912,3.912,6.390,0.001,0.001,0.771,0.771,4.690,1.19,20.00,18.0000,0.4690,2.111
5893,35.000,0.006,0.006,5.322,5.322,6.576,0.002,0.002,1.075,1.075,6.406,1.18,18.45,16.4471,0.6406,2.882
5894,50.000,0.006,0.006,7.407,7.407,6.750,0.006,0.006,1.531,1.531,8.951,1.18,17.00,15.0000,0.8951,4.028
5895,45.000,0.006,0.006,6.523,6.523,6.899,0.005,0.005,1.374,1.374,7.907,1.18,15.76,13.7574,0.7907,3.558
5896,30.000,0.006,0.006,4.277,4.277,7.014,0.001,0.001,0.914,0.914,5.199,1.17,14.80,12.8038,0.5199,2.339
5897,20.000,0.006,0.006,2.823,2.823,7.085,0.001,0.001,0.609,0.609,3.438,1.17,14.20,12.2044,0.3438,1.547
5898,25.000,0.006,0.006,3.516,3.516,7.110,0.001,0.001,0.760,0.760,4.283,1.17,14.00,12.0000,0.4283,1.928
5899,35.000,0.006,0.006,4.940,4.940,7.085,0.002,0.002,1.065,1.065,6.013,1.17,14.20,12.2044,0.6013,2.706
5900,50.000,0.006,0.006,7.129,7.129,7.014,0.006,0.006,1.523,1.523,8.665,1.17,14.80,12.8038,0.8665,3.899
5901,45.000,0.006,0.006,6.523,6.523,6.899,0.005,0.005,1.374,1.374,7.907,1.18,15.76,13.7574,0.7907,3.558
5902,30.000,0.006,0.006,4.444,4.444,6.750,0.001,0.001,0.919,0.919,5.370,1.18,17.00,15.0000,0.5370,2.417
5903,20.000,0.006,0.006,3.041,3.041,6.576,0.001,0.001,0.614,0.614,3.662,1.18,18.45,16.4471,0.3662,1.648
5904,25.000,0.006,0.006,3.912,3.912,6.390,0.001,0.001,0.771,0.771,4.690,1.19,20.00,18.0000,0.4690,2.111
5905,35.000,0.006,0.006,5.642,5.642,6.204,0.002,0.002,1.084,1.084,6.734,1.19,21.55,19.5529,0.6734,3.030
5906,50.000,0.006,0.006,8.292,8.292,6.030,0.006,0.006,1.554,1.554,9.859,1.20,23.00,21.0000,0.9859,4.436
5907,45.000,0.006,0.006,7.652,7.652,5.881,0.005,0.005,1.404,1.404,9.067,1.20,24.24,22.2426,0.9067,4.080
5908,30.000,0.006,0.006,5.202,5.202,5.766,0.001,0.001,0.939,0.939,6.149,1.20,25.20,23.1962,0.6149,2.767
5909,20.000,0.006,0.006,3.512,3.512,5.695,0.001,0.001,0.627,0.627,4.146,1.21,25.80,23.7956,0.4146,1.866
5910,25.000,0.006,0.006,4.409,4.409,5.670,0.001,0.001,0.784,0.784,5.200,1.21,26.00,24.0000,0.5200,2.340
5911,35.000,0.006,0.006,6.146,6.146,5.695,0.002,0.002,1.097,1.097,7.252,1.21,25.80,23.7956,0.7252,3.263
5912,50.000,0.006,0.006,8.671,8.671,5.766,0.006,0.006,1.565,1.565,10.248,1.20,25.20,23.1962,1.0248,4.611
5913,45.000,0.006,0.006,7.652,7.652,5.881,0.005,0.005,1.404,1.404,9.067,1.20,24.24,22.2426,0.9067,4.080
5914,30.000,0.006,0.006,4.975,4.975,6.030,0.001,0.001,0.933,0.933,5.915,1.20,23.00,21.0000,0.5915,2.662
5915,20.000,0.006,0.006,3.224,3.224,6.204,0.001,0.001,0.619,0.619,3.850,1.19,21.55,19.5529,0.3850,1.732
5916,25.000,0.006,0.006,3.912,3.912,6.390,0.001,0.001,0.771,0.771,4.690,1.19,20.00,18.0000,0.4690,2.111
5917,35.000,0.006,0.006,5.322,5.322,6.576,0.002,0.002,1.075,1.075,6.406,1.18,18.45,16.4471,0.6406,2.882
5918,50.000,0.006,0.006,7.407,7.407,6.750,0.006,0.006,1.531,1.531,8.951,1.18,17.00,15.0000,0.8951,4.028
5919,45.000,0.006,0.006,6.523,6.523,6.899,0.005,0.005,1.374,1.374,7.907,1.18,15.76,13.7574,0.7907,3.558
5920,30.000,0.006,0.006,4.277,4.277,7.014,0.001,0.001,0.914,0.914,5.199,1.17,14.80,12.8038,0.5199,2.339
5921,20.000,0.006,0.006,2.823,2.823,7.085,0.001,0.001,0.609,0.609,3.438,1.17,14.20,12.2044,0.3438,1.547
5922,25.000,0.006,0.006,3.516,3.516,7.110,0.001,0.001,0.760,0.760,4.283,1.17,14.00,12.0000,0.4283,1.928
5923,35.000,0.006,0.006,4.940,4.940,7.085,0.002,0.002,1.065,1.065,6.013,1.17,14.20,12.2044,0.6013,2.706
5924,50.000,0.006,0.006,7.129,7.129,7.014,0.006,0.006,1.523,1.523,8.665,1.17,14.80,12.8038,0.8665,3.899
5925,45.000,0.006,0.006,6.523,6.523,6.899,0.005,0.005,1.374,1.374,7.907,1.18,15.76,13.7574,0.7907,3.558
5926,30.000,0.006,0.006,4.444,4.444,6.750,0.001,0.001,0.919,0.919,5.370,1.18,17.00,15.0000,0.5370,2.417
5927,20.000,0.006,0.006,3.041,3.041,6.576,0.001,0.001,0.614,0.614,3.662,1.18,18.45,16.4471,0.3662,1.648
5928,25.000,0.006,0.006,3.912,3.912,6.390,0.001,0.001,0.771,0.771,4.690,1.19,20.00,18.0000,0.4690,2.111
5929,35.000,0.006,0.006,5.642,5.642,6.204,0.002,0.002,1.084,1.084,6.734,1.19,21.55,19.5529,0.6734,3.030
5930,50.000,0.006,0.006,8.292,8.292,6.030,0.006,0.006,1.554,1.554,9.859,1.20,23.00,21.0000,0.9859,4.436
5931,45.000,0.006,0.006,7.652,7.652,5.881,0.005,0.005,1.404,1.404,9.067,1.20,24.24,22.2426,0.9067,4.080
5932,30.000,0.006,0.006,5.202,5.202,5.766,0.001,0.001,0.939,0.939,6.149,1.20,25.20,23.1962,0.6149,2.767
5933,20.000,0.006,0.006,3.512,3.512,5.695,0.001,0.001,0.627,0.627,4.146,1.21,25.80,23.7956,0.4146,1.866
5934,25.000,0.006,0.006,4.409,4.409,5.670,0.001,0.001,0.784,0.784,5.200,1.21,26.00,24.0000,0.5200,2.340
5935,35.000,0.006,0.006,6.146,6.146,5.695,0.002,0.002,1.097,1.097,7.252,1.21,25.80,23.7956,0.7252,3.263
5936,50.000,0.006,0.006,8.671,8.671,5.766,0.006,0.006,1.565,1.565,10.248,1.20,25.20,23.1962,1.0248,4.611
5937,45.000,0.006,0.006,7.652,7.652,5.881,0.005,0.005,1.404,1.404,9.067,1.20,24.24,22.2426,0.9067,4.080
5938,30.000,0.006,0.006,4.975,4.975,6.030,0.001,0.001,0.933,0.933,5.915,1.20,23.00,21.0000,0.5915,2.662
5939,20.000,0.006,0.006,3.224,3.224,6.204,0.001,0.001,0.619,0.619,3.850,1.19,21.55,19.5529,0.3850,1.732
5940,25.000,0.006,0.006,3.912,3.912,6.390,0.001,0.001,0.771,0.771,4.690,1.19,20.00,18.0000,0.4690,2.111
5941,35.000,0.006,0.006,5.322,5.322,6.576,0.002,0.002,1.075,1.075,6.406,1.18,18.45,16.4471,0.6406,2.882
5942,50.000,0.006,0.006,7.407,7.407,6.750,0.006,0.006,1.531,1.531,8.951,1.18,17.00,15.0000,0.8951,4.028
5943,45.000,0.006,0.006,6.523,6.523,6.899,0.005,0.005,1.374,1.374,7.907,1.18,15.76,13.7574,0.7907,3.558
5944,30.000,0.006,0.006,4.277,4.277,7.014,0.001,0.001,0.914,0.914,5.199,1.17,14.80,12.8038,0.5199,2.339
5945,20.000,0.006,0.006,2.823,2.823,7.085,0.001,0.001,0.609,0.609,3.438,1.17,14.20,12.2044,0.3438,1.547
5946,25.000,0.006,0.006,3.516,3.516,7.110,0.001,0.001,0.760,0.760,4.283,1.17,14.00,12.0000,0.4283,1.928
5947,35.000,0.006,0.006,4.940,4.940,7.085,0.002,0.002,1.065,1.065,6.013,1.17,14.20,12.2044,0.6013,2.706
5948,50.000,0.006,0.006,7.129,7.129,7.014,0.006,0.006,1.523,1.523,8.665,1.17,14.80,12.8038,0.8665,3.899
5949,45.000,0.006,0.006,6.523,6.523,6.899,0.005,0.005,1.374,1.374,7.907,1.18,15.76,13.7574,0.7907,3.558
5950,30.000,0.006,0.006,4.444,4.444,6.750,0.001,0.001,0.919,0.919,5.370,1.18,17.00,15.0000,0.5370,2.417
5951,20.000,0.006,0.006,3.041,3.041,6.576,0.001,0.001,0.614,0.614,3.662,1.18,18.45,16.4471,0.3662,1.648
5952,25.000,0.006,0.006,3.912,3.912,6.390,0.001,0.001,0.771,0.771,4.690,1.19,20.00,18.0000,0.4690,2.111
5953,35.000,0.006,0.006,5.642,5.642,6.204,0.002,0.002,1.084,1.084,6.734,1.19,21.55,19.5529,0.6734,3.030
5954,50.000,0.006,0.006,8.292,8.292,6.030,0.006,0.006,1.554,1.554,9.859,1.20,23.00,21.0000,0.9859,4.436
5955,45.000,0.006,0.006,7.652,7.652,5.881,0.005,0.005,1.404,1.404,9.067,1.20,24.24,22.2426,0.9067,4.080
5956,30.000,0.006,0.006,5.202,5.202,5.766,0.001,0.001,0.939,0.939,6.149,1.20,25.20,23.1962,0.6149,2.767
5957,20.000,0.006,0.006,3.512,3.512,5.695,0.001,0.001,0.627,0.627,4.146,1.21,25.80,23.7956,0.4146,1.866
5958,25.000,0.006,0.006,4.409,4.409,5.670,0.001,0.001,0.784,0.784,5.200,1.21,26.00,24.0000,0.5200,2.340
5959,35.000,0.006,0.006,6.146,6.146,5.695,0.002,0.002,1.097,1.097,7.252,1.21,25.80,23.7956,0.7252,3.263
5960,50.000,0.006,0.006,8.671,8.671,5.766,0.006,0.006,1.565,1.565,10.248,1.20,25.20,23.1962,1.0248,4.611
5961,45.000,0.006,0.006,7.652,7.652,5.881,0.005,0.005,1.404,1.404,9.067,1.20,24.24,22.2426,0.9067,4.080
5962,30.000,0.006,0.006,4.975,4.975,6.030,0.001,0.001,0.933,0.933,5.915,1.20,23.00,21.0000,0.5915,2.662
5963,20.000,0.006,0.006,3.224,3.224,6.204,0.001,0.001,0.619,0.619,3.850,1.19,21.55,19.5529,0.3850,1.732
5964,25.000,0.006,0.006,3.912,3.912,6.390,0.001,0.001,0.771,0.771,4.690,1.19,20.00,18.0000,0.4690,2.111
5965,35.000,0.006,0.006,5.322,5.322,6.576,0.002,0.002,1.075,1.075,6.406,1.18,18.45,16.4471,0.6406,2.882
5966,50.000,0.006,0.006,7.407,7.407,6.750,0.006,0.006,1.531,1.531,8.951,1.18,17.00,15.0000,0.8951,4.028
5967,45.000,0.006,0.006,6.523,6.523,6.899,0.005,0.005,1.374,1.374,7.907,1.18,15.76,13.7574,0.7907,3.558
5968,30.000,0.006,0.006,4.277,4.277,7.014,0.001,0.001,0.914,0.914,5.199,1.17,14.80,12.8038,0.5199,2.339
5969,20.000,0.006,0.006,2.823,2.823,7.085,0.001,0.001,0.609,0.609,3.438,1.17,14.20,12.2044,0.3438,1.547
5970,25.000,0.006,0.006,3.516,3.516,7.110,0.001,0.001,0.760,0.760,4.283,1.17,14.00,12.0000,0.4283,1.928
5971,35.000,0.006,0.006,4.940,4.940,7.085,0.002,0.002,1.065,1.065,6.013,1.17,14.20,12.2044,0.6013,2.706
5972,50.000,0.006,0.006,7.129,7.129,7.014,0.006,0.006,1.523,1.523,8.665,1.17,14.80,12.8038,0.8665,3.899
5973,45.000,0.006,0.006,6.523,6.523,6.899,0.005,0.005,1.374,1.374,7.907,1.18,15.76,13.7574,0.7907,3.558
5974,30.000,0.006,0.006,4.444,4.444,6.750,0.001,0.001,0.919,0.919,5.370,1.18,17.00,15.0000,0.5370,2.417
5975,20.000,0.006,0.006,3.041,3.041,6.576,0.001,0.001,0.614,0.614,3.662,1.18,18.45,16.4471,0.3662,1.648
5976,25.000,0.006,0.006,3.912,3.912,6.390,0.001,0.001,0.771,0.771,4.690,1.19,20.00,18.0000,0.4690,2.111
5977,35.000,0.006,0.006,5.642,5.642,6.204,0.002,0.002,1.084,1.084,6.734,1.19,21.55,19.5529,0.6734,3.030
5978,50.000,0.006,0.006,8.292,8.292,6.030,0.006,0.006,1.554,1.554,9.859,1.20,23.00,21.0000,0.9859,4.436
5979,45.000,0.006,0.006,7.652,7.652,5.881,0.005,0.005,1.404,1.404,9.067,1.20,24.24,22.2426,0.9067,4.080
5980,30.000,0.006,0.006,5.202,5.202,5.766,0.001,0.001,0.939,0.939,6.149,1.20,25.20,23.1962,0.6149,2.767
5981,20.000,0.006,0.006,3.512,3.512,5.695,0.001,0.001,0.627,0.627,4.146,1.21,25.80,23.7956,0.4146,1.866
5982,25.000,0.006,0.006,4.409,4.409,5.670,0.001,0.001,0.784,0.784,5.200,1.21,26.00,24.0000,0.5200,2.340
5983,35.000,0.006,0.006,6.146,6.146,5.695,0.002,0.002,1.097,1.097,7.252,1.21,25.80,23.7956,0.7252,3.263
5984,50.000,0.006,0.006,8.671,8.671,5.766,0.006,0.006,1.565,1.565,10.248,1.20,25.20,23.1962,1.0248,4.611
5985,45.000,0.006,0.006,7.652,7.652,5.881,0.005,0.005,1.404,1.404,9.067,1.20,24.24,22.2426,0.9067,4.080
5986,30.000,0.006,0.006,4.975,4.975,6.030,0.001,0.001,0.933,0.933,5.915,1.20,23.00,21.0000,0.5915,2.662
5987,20.000,0.006,0.006,3.224,3.224,6.204,0.001,0.001,0.619,0.619,3.850,1.19,21.55,19.5529,0.3850,1.732
5988,25.000,0.006,0.006,3.912,3.912,6.390,0.001,0.001,0.771,0.771,4.690,1.19,20.00,18.0000,0.4690,2.111
5989,35.000,0.006,0.006,5.322,5.322,6.576,0.002,0.002,1.075,1.075,6.406,1.18,18.45,16.4471,0.6406,2.882
5990,50.000,0.006,0.006,7.407,7.407,6.750,0.006,0.006,1.531,1.531,8.951,1.18,17.00,15.0000,0.8951,4.028
5991,45.000,0.006,0.006,6.523,6.523,6.899,0.005,0.005,1.374,1.374,7.907,1.18,15.76,13.7574,0.7907,3.558
5992,30.000,0.006,0.006,4.277,4.277,7.014,0.001,0.001,0.914,0.914,5.199,1.17,14.80,12.8038,0.5199,2.339
5993,20.000,0.006,0.006,2.823,2.823,7.085,0.001,0.001,0.609,0.609,3.438,1.17,14.20,12.2044,0.3438,1.547
5994,25.000,0.006,0.006,3.516,3.516,7.110,0.001,0.001,0.760,0.760,4.283,1.17,14.00,12.0000,0.4283,1.928
5995,35.000,0.006,0.006,4.940,4.940,7.085,0.002,0.002,1.065,1.065,6.013,1.17,14.20,12.2044,0.6013,2.706
5996,50.000,0.006,0.006,7.129,7.129,7.014,0.006,0.006,1.523,1.523,8.665,1.17,14.80,12.8038,0.8665,3.899
5997,45.000,0.006,0.006,6.523,6.523,6.899,0.005,0.005,1.374,1.374,7.907,1.18,15.76,13.7574,0.7907,3.558
5998,30.000,0.006,0.006,4.444,4.444,6.750,0.001,0.001,0.919,0.919,5.370,1.18,17.00,15.0000,0.5370,2.417
5999,20.000,0.006,0.006,3.041,3.041,6.576,0.001,0.001,0.614,0.614,3.662,1.18,18.45,16.4471,0.3662,1.648
6000,25.000,0.006,0.006,3.912,3.912,6.390,0.001,0.001,0.771,0.771,4.690,1.19,20.00,18.0000,0.4690,2.111
6001,35.000,0.006,0.006,5.642,5.642,6.204,0.002,0.002,1.084,1.084,6.734,1.19,21.55,19.5529,0.6734,3.030
6002,50.000,0.006,0.006,8.292,8.292,6.030,0.006,0.006,1.554,1.554,9.859,1.20,23.00,21.0000,0.9859,4.436
6003,45.000,0.006,0.006,7.652,7.652,5.881,0.005,0.005,1.404,1.404,9.067,1.20,24.24,22.2426,0.9067,4.080
6004,30.000,0.006,0.006,5.202,5.202,5.766,0.001,0.001,0.939,0.939,6.149,1.20,25.20,23.1962,0.6149,2.767
6005,20.000,0.006,0.006,3.512,3.512,5.695,0.001,0.001,0.627,0.627,4.146,1.21,25.80,23.7956,0.4146,1.866
6006,25.000,0.006,0.006,4.409,4.409,5.670,0.001,0.001,0.784,0.784,5.200,1.21,26.00,24.0000,0.5200,2.340
6007,35.000,0.006,0.006,6.146,6.146,5.695,0.002,0.002,1.097,1.097,7.252,1.21,25.80,23.7956,0.7252,3.263
6008,50.000,0.006,0.006,8.671,8.671,5.766,0.006,0.006,1.565,1.565,10.248,1.20,25.20,23.1962,1.0248,4.611
6009,45.000,0.006,0.006,7.652,7.652,5.881,0.005,0.005,1.404,1.404,9.067,1.20,24.24,22.2426,0.9067,4.080
6010,30.000,0.006,0.006,4.975,4.975,6.030,0.001,0.001,0.933,0.933,5.915,1.20,23.00,21.0000,0.5915,2.662
6011,20.000,0.006,0.006,3.224,3.224,6.204,0.001,0.001,0.619,0.619,3.850,1.19,21.55,19.5529,0.3850,1.732
6012,25.000,0.006,0.006,3.912,3.912,6.390,0.001,0.001,0.771,0.771,4.690,1.19,20.00,18.0000,0.4690,2.111
6013,35.000,0.006,0.006,5.322,5.322,6.576,0.002,0.002,1.075,1.075,6.406,1.18,18.45,16.4471,0.6406,2.882
6014,50.000,0.006,0.006,7.407,7.407,6.750,0.006,0.006,1.531,1.531,8.951,1.18,17.00,15.0000,0.8951,4.028
6015,45.000,0.006,0.006,6.523,6.523,6.899,0.005,0.005,1.374,1.374,7.907,1.18,15.76,13.7574,0.7907,3.558
6016,30.000,0.006,0.006,4.277,4.277,7.014,0.001,0.001,0.914,0.914,5.199,1.17,14.80,12.8038,0.5199,2.339
6017,20.000,0.006,0.006,2.823,2.823,7.085,0.001,0.001,0.609,0.609,3.438,1.17,14.20,12.2044,0.3438,1.547
6018,25.000,0.006,0.006,3.516,3.516,7.110,0.001,0.001,0.760,0.760,4.283,1.17,14.00,12.0000,0.4283,1.928
6019,35.000,0.006,0.006,4.940,4.940,7.085,0.002,0.002,1.065,1.065,6.013,1.17,14.20,12.2044,0.6013,2.706
6020,50.000,0.006,0.006,7.129,7.129,7.014,0.006,0.006,1.523,1.523,8.665,1.17,14.80,12.8038,0.8665,3.899
6021,45.000,0.006,0.006,6.523,6.523,6.899,0.005,0.005,1.374,1.374,7.907,1.18,15.76,13.7574,0.7907,3.558
6022,30.000,0.006,0.006,4.444,4.444,6.750,0.001,0.001,0.919,0.919,5.370,1.18,17.00,15.0000,0.5370,2.417
6023,20.000,0.006,0.006,3.041,3.041,6.576,0.001,0.001,0.614,0.614,3.662,1.18,18.45,16.4471,0.3662,1.648
6024,25.000,0.006,0.006,3.912,3.912,6.390,0.001,0.001,0.771,0.771,4.690,1.19,20.00,18.0000,0.4690,2.111
6025,35.000,0.006,0.006,5.642,5.642,6.204,0.002,0.002,1.084,1.084,6.734,1.19,21.55,19.5529,0.6734,3.030
6026,50.000,0.006,0.006,8.292,8.292,6.030,0.006,0.006,1.554,1.554,9.859,1.20,23.00,21.0000,0.9859,4.436
6027,45.000,0.006,0.006,7.652,7.652,5.881,0.005,0.005,1.404,1.404,9.067,1.20,24.24,22.2426,0.9067,4.080
6028,30.000,0.006,0.006,5.202,5.202,5.766,0.001,0.001,0.939,0.939,6.149,1.20,25.20,23.1962,0.6149,2.767
6029,20.000,0.006,0.006,3.512,3.512,5.695,0.001,0.001,0.627,0.627,4.146,1.21,25.80,23.7956,0.4146,1.866
6030,25.000,0.006,0.006,4.409,4.409,5.670,0.001,0.001,0.784,0.784,5.200,1.21,26.00,24.0000,0.5200,2.340
6031,35.000,0.006,0.006,6.146,6.146,5.695,0.002,0.002,1.097,1.097,7.252,1.21,25.80,23.7956,0.7252,3.263
6032,50.000,0.006,0.006,8.671,8.671,5.766,0.006,0.006,1.565,1.565,10.248,1.20,25.20,23.1962,1.0248,4.611
6033,45.000,0.006,0.006,7.652,7.652,5.881,0.005,0.005,1.404,1.404,9.067,1.20,24.24,22.2426,0.9067,4.080
6034,30.000,0.006,0.006,4.975,4.975,6.030,0.001,0.001,0.933,0.933,5.915,1.20,23.00,21.0000,0.5915,2.662
6035,20.000,0.006,0.006,3.224,3.224,6.204,0.001,0.001,0.619,0.619,3.850,1.19,21.55,19.5529,0.3850,1.732
6036,25.000,0.006,0.006,3.912,3.912,6.390,0.001,0.001,0.771,0.771,4.690,1.19,20.00,18.0000,0.4690,2.111
6037,35.000,0.006,0.006,5.322,5.322,6.576,0.002,0.002,1.075,1.075,6.406,1.18,18.45,16.4471,0.6406,2.882
6038,50.000,0.006,0.006,7.407,7.407,6.750,0.006,0.006,1.531,1.531,8.951,1.18,17.00,15.0000,0.8951,4.028
6039,45.000,0.006,0.006,6.523,6.523,6.899,0.005,0.005,1.374,1.374,7.907,1.18,15.76,13.7574,0.7907,3.558
6040,30.000,0.006,0.006,4.277,4.277,7.014,0.001,0.001,0.914,0.914,5.199,1.17,14.80,12.8038,0.5199,2.339
6041,20.000,0.006,0.006,2.823,2.823,7.085,0.001,0.001,0.609,0.609,3.438,1.17,14.20,12.2044,0.3438,1.547
6042,25.000,0.006,0.006,3.516,3.516,7.110,0.001,0.001,0.760,0.760,4.283,1.17,14.00,12.0000,0.4283,1.928
6043,35.000,0.006,0.006,4.940,4.940,7.085,0.002,0.002,1.065,1.065,6.013,1.17,14.20,12.2044,0.6013,2.706
6044,50.000,0.006,0.006,7.129,7.129,7.014,0.006,0.006,1.523,1.523,8.665,1.17,14.80,12.8038,0.8665,3.899
6045,45.000,0.006,0.006,6.523,6.523,6.899,0.005,0.005,1.374,1.374,7.907,1.18,15.76,13.7574,0.7907,3.558
6046,30.000,0.006,0.006,4.444,4.444,6.750,0.001,0.001,0.919,0.919,5.370,1.18,17.00,15.0000,0.5370,2.417
6047,20.000,0.006,0.006,3.041,3.041,6.576,0.001,0.001,0.614,0.614,3.662,1.18,18.45,16.4471,0.3662,1.648
6048,25.000,0.006,0.006,3.912,3.912,6.390,0.001,0.001,0.771,0.771,4.690,1.19,20.00,18.0000,0.4690,2.111
6049,35.000,0.006,0.006,5.642,5.642,6.204,0.002,0.002,1.084,1.084,6.734,1.19,21.55,19.5529,0.6734,3.030
6050,50.000,0.006,0.006,8.292,8.292,6.030,0.006,0.006,1.554,1.554,9.859,1.20,23.00,21.0000,0.9859,4.436
6051,45.000,0.006,0.006,7.652,7.652,5.881,0.005,0.005,1.404,1.404,9.067,1.20,24.24,22.2426,0.9067,4.080
6052,30.000,0.006,0.006,5.202,5.202,5.766,0.001,0.001,0.939,0.939,6.149,1.20,25.20,23.1962,0.6149,2.767
6053,20.000,0.006,0.006,3.512,3.512,5.695,0.001,0.001,0.627,0.627,4.146,1.21,25.80,23.7956,0.4146,1.866
6054,25.000,0.006,0.006,4.409,4.409,5.670,0.001,0.001,0.784,0.784,5.200,1.21,26.00,24.0000,0.5200,2.340
6055,35.000,0.006,0.006,6.146,6.146,5.695,0.002,0.002,1.097,1.097,7.252,1.21,25.80,23.7956,0.7252,3.263
6056,50.000,0.006,0.006,8.671,8.671,5.766,0.006,0.006,1.565,1.565,10.248,1.20,25.20,23.1962,1.0248,4.611
6057,45.000,0.006,0.006,7.652,7.652,5.881,0.005,0.005,1.404,1.404,9.067,1.20,24.24,22.2426,0.9067,4.080
6058,30.000,0.006,0.006,4.975,4.975,6.030,0.001,0.001,0.933,0.933,5.915,1.20,23.00,21.0000,0.5915,2.662
6059,20.000,0.006,0.006,3.224,3.224,6.204,0.001,0.001,0.619,0.619,3.850,1.19,21.55,19.5529,0.3850,1.732
6060,25.000,0.006,0.006,3.912,3.912,6.390,0.001,0.001,0.771,0.771,4.690,1.19,20.00,18.0000,0.4690,2.111
6061,35.000,0.006,0.006,5.322,5.322,6.576,0.002,0.002,1.075,1.075,6.406,1.18,18.45,16.4471,0.6406,2.882
6062,50.000,0.006,0.006,7.407,7.407,6.750,0.006,0.006,1.531,1.531,8.951,1.18,17.00,15.0000,0.8951,4.028
6063,45.000,0.006,0.006,6.523,6.523,6.899,0.005,0.005,1.374,1.374,7.907,1.18,15.76,13.7574,0.7907,3.558
6064,30.000,0.006,0.006,4.277,4.277,7.014,0.001,0.001,0.914,0.914,5.199,1.17,14.80,12.8038,0.5199,2.339
6065,20.000,0.006,0.006,2.823,2.823,7.085,0.001,0.001,0.609,0.609,3.438,1.17,14.20,12.2044,0.3438,1.547
6066,25.000,0.006,0.006,3.516,3.516,7.110,0.001,0.001,0.760,0.760,4.283,1.17,14.00,12.0000,0.4283,1.928
6067,35.000,0.006,0.006,4.940,4.940,7.085,0.002,0.002,1.065,1.065,6.013,1.17,14.20,12.2044,0.6013,2.706
6068,50.000,0.006,0.006,7.129,7.129,7.014,0.006,0.006,1.523,1.523,8.665,1.17,14.80,12.8038,0.8665,3.899
6069,45.000,0.006,0.006,6.523,6.523,6.899,0.005,0.005,1.374,1.374,7.907,1.18,15.76,13.7574,0.7907,3.558
6070,30.000,0.006,0.006,4.444,4.444,6.750,0.001,0.001,0.919,0.919,5.370,1.18,17.00,15.0000,0.5370,2.417
6071,20.000,0.006,0.006,3.041,3.041,6.576,0.001,0.001,0.614,0.614,3.662,1.18,18.45,16.4471,0.3662,1.648
6072,25.000,0.006,0.006,3.912,3.912,6.390,0.001,0.001,0.771,0.771,4.690,1.19,20.00,18.0000,0.4690,2.111
6073,35.000,0.006,0.006,5.642,5.642,6.204,0.002,0.002,1.084,1.084,6.734,1.19,21.55,19.5529,0.6734,3.030
6074,50.000,0.006,0.006,8.292,8.292,6.030,0.006,0.006,1.554,1.554,9.859,1.20,23.00,21.0000,0.9859,4.436
6075,45.000,0.006,0.006,7.652,7.652,5.881,0.005,0.005,1.404,1.404,9.067,1.20,24.24,22.2426,0.9067,4.080
6076,30.000,0.006,0.006,5.202,5.202,5.766,0.001,0.001,0.939,0.939,6.149,1.20,25.20,23.1962,0.6149,2.767
6077,20.000,0.006,0.006,3.512,3.512,5.695,0.001,0.001,0.627,0.627,4.146,1.21,25.80,23.7956,0.4146,1.866
6078,25.000,0.006,0.006,4.409,4.409,5.670,0.001,0.001,0.784,0.784,5.200,1.21,26.00,24.0000,0.5200,2.340
6079,35.000,0.006,0.006,6.146,6.146,5.695,0.002,0.002,1.097,1.097,7.252,1.21,25.80,23.7956,0.7252,3.263
6080,50.000,0.006,0.006,8.671,8.671,5.766,0.006,0.006,1.565,1.565,10.248,1.20,25.20,23.1962,1.0248,4.611
6081,45.000,0.006,0.006,7.652,7.652,5.881,0.005,0.005,1.404,1.404,9.067,1.20,24.24,22.2426,0.9067,4.080
6082,30.000,0.006,0.006,4.975,4.975,6.030,0.001,0.001,0.933,0.933,5.915,1.20,23.00,21.0000,0.5915,2.662
6083,20.000,0.006,0.006,3.224,3.224,6.204,0.001,0.001,0.619,0.619,3.850,1.19,21.55,19.5529,0.3850,1.732
6084,25.000,0.006,0.006,3.912,3.912,6.390,0.001,0.001,0.771,0.771,4.690,1.19,20.00,18.0000,0.4690,2.111
6085,35.000,0.006,0.006,5.322,5.322,6.576,0.002,0.002,1.075,1.075,6.406,1.18,18.45,16.4471,0.6406,2.882
6086,50.000,0.006,0.006,7.407,7.407,6.750,0.006,0.006,1.531,1.531,8.951,1.18,17.00,15.0000,0.8951,4.028
6087,45.000,0.006,0.006,6.523,6.523,6.899,0.005,0.005,1.374,1.374,7.907,1.18,15.76,13.7574,0.7907,3.558
6088,30.000,0.006,0.006,4.277,4.277,7.014,0.001,0.001,0.914,0.914,5.199,1.17,14.80,12.8038,0.5199,2.339
6089,20.000,0.006,0.006,2.823,2.823,7.085,0.001,0.001,0.609,0.609,3.438,1.17,14.20,12.2044,0.3438,1.547
6090,25.000,0.006,0.006,3.516,3.516,7.110,0.001,0.001,0.760,0.760,4.283,1.17,14.00,12.0000,0.4283,1.928
6091,35.000,0.006,0.006,4.940,4.940,7.085,0.002,0.002,1.065,1.065,6.013,1.17,14.20,12.2044,0.6013,2.706
6092,50.000,0.006,0.006,7.129,7.129,7.014,0.006,0.006,1.523,1.523,8.665,1.17,14.80,12.8038,0.8665,3.899
6093,45.000,0.006,0.006,6.523,6.523,6.899,0.005,0.005,1.374,1.374,7.907,1.18,15.76,13.7574,0.7907,3.558
6094,30.000,0.006,0.006,4.444,4.444,6.750,0.001,0.001,0.919,0.919,5.370,1.18,17.00,15.0000,0.5370,2.417
6095,20.000,0.006,0.006,3.041,3.041,6.576,0.001,0.001,0.614,0.614,3.662,1.18,18.45,16.4471,0.3662,1.648
6096,25.000,0.006,0.006,3.912,3.912,6.390,0.001,0.001,0.771,0.771,4.690,1.19,20.00,18.0000,0.4690,2.111
6097,35.000,0.006,0.006,5.642,5.642,6.204,0.002,0.002,1.084,1.084,6.734,1.19,21.55,19.5529,0.6734,3.030
6098,50.000,0.006,0.006,8.292,8.292,6.030,0.006,0.006,1.554,1.554,9.859,1.20,23.00,21.0000,0.9859,4.436
6099,45.000,0.006,0.006,7.652,7.652,5.881,0.005,0.005,1.404,1.404,9.067,1.20,24.24,22.2426,0.9067,4.080
6100,30.000,0.006,0.006,5.202,5.202,5.766,0.001,0.001,0.939,0.939,6.149,1.20,25.20,23.1962,0.6149,2.767
6101,20.000,0.006,0.006,3.512,3.512,5.695,0.001,0.001,0.627,0.627,4.146,1.21,25.80,23.7956,0.4146,1.866
6102,25.000,0.006,0.006,4.409,4.409,5.670,0.001,0.001,0.784,0.784,5.200,1.21,26.00,24.0000,0.5200,2.340
6103,35.000,0.006,0.006,6.146,6.146,5.695,0.002,0.002,1.097,1.097,7.252,1.21,25.80,23.7956,0.7252,3.263
6104,50.000,0.006,0.006,8.671,8.671,5.766,0.006,0.006,1.565,1.565,10.248,1.20,25.20,23.1962,1.0248,4.611
6105,45.000,0.006,0.006,7.652,7.652,5.881,0.005,0.005,1.404,1.404,9.067,1.20,24.24,22.2426,0.9067,4.080
6106,30.000,0.006,0.006,4.975,4.975,6.030,0.001,0.001,0.933,0.933,5.915,1.20,23.00,21.0000,0.5915,2.662
6107,20.000,0.006,0.006,3.224,3.224,6.204,0.001,0.001,0.619,0.619,3.850,1.19,21.55,19.5529,0.3850,1.732
6108,25.000,0.006,0.006,3.912,3.912,6.390,0.001,0.001,0.771,0.771,4.690,1.19,20.00,18.0000,0.4690,2.111
6109,35.000,0.006,0.006,5.322,5.322,6.576,0.002,0.002,1.075,1.075,6.406,1.18,18.45,16.4471,0.6406,2.882
6110,50.000,0.006,0.006,7.407,7.407,6.750,0.006,0.006,1.531,1.531,8.951,1.18,17.00,15.0000,0.8951,4.028
6111,45.000,0.006,0.006,6.523,6.523,6.899,0.005,0.005,1.374,1.374,7.907,1.18,15.76,13.7574,0.7907,3.558
6112,30.000,0.006,0.006,4.277,4.277,7.014,0.001,0.001,0.914,0.914,5.199,1.17,14.80,12.8038,0.5199,2.339
6113,20.000,0.006,0.006,2.823,2.823,7.085,0.001,0.001,0.609,0.609,3.438,1.17,14.20,12.2044,0.3438,1.547
6114,25.000,0.006,0.006,3.516,3.516,7.110,0.001,0.001,0.760,0.760,4.283,1.17,14.00,12.0000,0.4283,1.928
6115,35.000,0.006,0.006,4.940,4.940,7.085,0.002,0.002,1.065,1.065,6.013,1.17,14.20,12.2044,0.6013,2.706
6116,50.000,0.006,0.006,7.129,7.129,7.014,0.006,0.006,1.523,1.523,8.665,1.17,14.80,12.8038,0.8665,3.899
6117,45.000,0.006,0.006,6.523,6.523,6.899,0.005,0.005,1.374,1.374,7.907,1.18,15.76,13.7574,0.7907,3.558
6118,30.000,0.006,0.006,4.444,4.444,6.750,0.001,0.001,0.919,0.919,5.370,1.18,17.00,15.0000,0.5370,2.417
6119,20.000,0.006,0.006,3.041,3.041,6.576,0.001,0.001,0.614,0.614,3.662,1.18,18.45,16.4471,0.3662,1.648
6120,25.000,0.006,0.006,3.912,3.912,6.390,0.001,0.001,0.771,0.771,4.690,1.19,20.00,18.0000,0.4690,2.111
6121,35.000,0.006,0.006,5.642,5.642,6.204,0.002,0.002,1.084,1.084,6.734,1.19,21.55,19.5529,0.6734,3.030
6122,50.000,0.006,0.006,8.292,8.292,6.030,0.006,0.006,1.554,1.554,9.859,1.20,23.00,21.0000,0.9859,4.436
6123,45.000,0.006,0.006,7.652,7.652,5.881,0.005,0.005,1.404,1.404,9.067,1.20,24.24,22.2426,0.9067,4.080
6124,30.000,0.006,0.006,5.202,5.202,5.766,0.001,0.001,0.939,0.939,6.149,1.20,25.20,23.1962,0.6149,2.767
6125,20.000,0.006,0.006,3.512,3.512,5.695,0.001,0.001,0.627,0.627,4.146,1.21,25.80,23.7956,0.4146,1.866
6126,25.000,0.006,0.006,4.409,4.409,5.670,0.001,0.001,0.784,0.784,5.200,1.21,26.00,24.0000,0.5200,2.340
6127,35.000,0.006,0.006,6.146,6.146,5.695,0.002,0.002,1.097,1.097,7.252,1.21,25.80,23.7956,0.7252,3.263
6128,50.000,0.006,0.006,8.671,8.671,5.766,0.006,0.006,1.565,1.565,10.248,1.20,25.20,23.1962,1.0248,4.611
6129,45.000,0.006,0.006,7.652,7.652,5.881,0.005,0.005,1.404,1.404,9.067,1.20,24.24,22.2426,0.9067,4.080
6130,30.000,0.006,0.006,4.975,4.975,6.030,0.001,0.001,0.933,0.933,5.915,1.20,23.00,21.0000,0.5915,2.662
6131,20.000,0.006,0.006,3.224,3.224,6.204,0.001,0.001,0.619,0.619,3.850,1.19,21.55,19.5529,0.3850,1.732
6132,25.000,0.006,0.006,3.912,3.912,6.390,0.001,0.001,0.771,0.771,4.690,1.19,20.00,18.0000,0.4690,2.111
6133,35.000,0.006,0.006,5.322,5.322,6.576,0.002,0.002,1.075,1.075,6.406,1.18,18.45,16.4471,0.6406,2.882
6134,50.000,0.006,0.006,7.407,7.407,6.750,0.006,0.006,1.531,1.531,8.951,1.18,17.00,15.0000,0.8951,4.028
6135,45.000,0.006,0.006,6.523,6.523,6.899,0.005,0.005,1.374,1.374,7.907,1.18,15.76,13.7574,0.7907,3.558
6136,30.000,0.006,0.006,4.277,4.277,7.014,0.001,0.001,0.914,0.914,5.199,1.17,14.80,12.8038,0.5199,2.339
6137,20.000,0.006,0.006,2.823,2.823,7.085,0.001,0.001,0.609,0.609,3.438,1.17,14.20,12.2044,0.3438,1.547
6138,25.000,0.006,0.006,3.516,3.516,7.110,0.001,0.001,0.760,0.760,4.283,1.17,14.00,12.0000,0.4283,1.928
6139,35.000,0.006,0.006,4.940,4.940,7.085,0.002,0.002,1.065,1.065,6.013,1.17,14.20,12.2044,0.6013,2.706
6140,50.000,0.006,0.006,7.129,7.129,7.014,0.006,0.006,1.523,1.523,8.665,1.17,14.80,12.8038,0.8665,3.899
6141,45.000,0.006,0.006,6.523,6.523,6.899,0.005,0.005,1.374,1.374,7.907,1.18,15.76,13.7574,0.7907,3.558
6142,30.000,0.006,0.006,4.444,4.444,6.750,0.001,0.001,0.919,0.919,5.370,1.18,17.00,15.0000,0.5370,2.417
6143,20.000,0.006,0.006,3.041,3.041,6.576,0.001,0.001,0.614,0.614,3.662,1.18,18.45,16.4471,0.3662,1.648
6144,25.000,0.006,0.006,3.912,3.912,6.390,0.001,0.001,0.771,0.771,4.690,1.19,20.00,18.0000,0.4690,2.111
6145,35.000,0.006,0.006,5.642,5.642,6.204,0.002,0.002,1.084,1.084,6.734,1.19,21.55,19.5529,0.6734,3.030
6146,50.000,0.006,0.006,8.292,8.292,6.030,0.006,0.006,1.554,1.554,9.859,1.20,23.00,21.0000,0.9859,4.436
6147,45.000,0.006,0.006,7.652,7.652,5.881,0.005,0.005,1.404,1.404,9.067,1.20,24.24,22.2426,0.9067,4.080
6148,30.000,0.006,0.006,5.202,5.202,5.766,0.001,0.001,0.939,0.939,6.149,1.20,25.20,23.1962,0.6149,2.767
6149,20.000,0.006,0.006,3.512,3.512,5.695,0.001,0.001,0.627,0.627,4.146,1.21,25.80,23.7956,0.4146,1.866
6150,25.000,0.006,0.006,4.409,4.409,5.670,0.001,0.001,0.784,0.784,5.200,1.21,26.00,24.0000,0.5200,2.340
6151,35.000,0.006,0.006,6.146,6.146,5.695,0.002,0.002,1.097,1.097,7.252,1.21,25.80,23.7956,0.7252,3.263
6152,50.000,0.006,0.006,8.671,8.671,5.766,0.006,0.006,1.565,1.565,10.248,1.20,25.20,23.1962,1.0248,4.611
6153,45.000,0.006,0.006,7.652,7.652,5.881,0.005,0.005,1.404,1.404,9.067,1.20,24.24,22.2426,0.9067,4.080
6154,30.000,0.006,0.006,4.975,4.975,6.030,0.001,0.001,0.933,0.933,5.915,1.20,23.00,21.0000,0.5915,2.662
6155,20.000,0.006,0.006,3.224,3.224,6.204,0.001,0.001,0.619,0.619,3.850,1.19,21.55,19.5529,0.3850,1.732
6156,25.000,0.006,0.006,3.912,3.912,6.390,0.001,0.001,0.771,0.771,4.690,1.19,20.00,18.0000,0.4690,2.111
6157,35.000,0.006,0.006,5.322,5.322,6.576,0.002,0.002,1.075,1.075,6.406,1.18,18.45,16.4471,0.6406,2.882
6158,50.000,0.006,0.006,7.407,7.407,6.750,0.006,0.006,1.531,1.531,8.951,1.18,17.00,15.0000,0.8951,4.028
6159,45.000,0.006,0.006,6.523,6.523,6.899,0.005,0.005,1.374,1.374,7.907,1.18,15.76,13.7574,0.7907,3.558
6160,30.000,0.006,0.006,4.277,4.277,7.014,0.001,0.001,0.914,0.914,5.199,1.17,14.80,12.8038,0.5199,2.339
6161,20.000,0.006,0.006,2.823,2.823,7.085,0.001,0.001,0.609,0.609,3.438,1.17,14.20,12.2044,0.3438,1.547
6162,25.000,0.006,0.006,3.516,3.516,7.110,0.001,0.001,0.760,0.760,4.283,1.17,14.00,12.0000,0.4283,1.928
6163,35.000,0.006,0.006,4.940,4.940,7.085,0.002,0.002,1.065,1.065,6.013,1.17,14.20,12.2044,0.6013,2.706
6164,50.000,0.006,0.006,7.129,7.129,7.014,0.006,0.006,1.523,1.523,8.665,1.17,14.80,12.8038,0.8665,3.899
6165,45.000,0.006,0.006,6.523,6.523,6.899,0.005,0.005,1.374,1.374,7.907,1.18,15.76,13.7574,0.7907,3.558
6166,30.000,0.006,0.006,4.444,4.444,6.750,0.001,0.001,0.919,0.919,5.370,1.18,17.00,15.0000,0.5370,2.417
6167,20.000,0.006,0.006,3.041,3.041,6.576,0.001,0.001,0.614,0.614,3.662,1.18,18.45,16.4471,0.3662,1.648
6168,25.000,0.006,0.006,3.912,3.912,6.390,0.001,0.001,0.771,0.771,4.690,1.19,20.00,18.0000,0.4690,2.111
6169,35.000,0.006,0.006,5.642,5.642,6.204,0.002,0.002,1.084,1.084,6.734,1.19,21.55,19.5529,0.6734,3.030
6170,50.000,0.006,0.006,8.292,8.292,6.030,0.006,0.006,1.554,1.554,9.859,1.20,23.00,21.0000,0.9859,4.436
6171,45.000,0.006,0.006,7.652,7.652,5.881,0.005,0.005,1.404,1.404,9.067,1.20,24.24,22.2426,0.9067,4.080
6172,30.000,0.006,0.006,5.202,5.202,5.766,0.001,0.001,0.939,0.939,6.149,1.20,25.20,23.1962,0.6149,2.767
6173,20.000,0.006,0.006,3.512,3.512,5.695,0.001,0.001,0.627,0.627,4.146,1.21,25.80,23.7956,0.4146,1.866
6174,25.000,0.006,0.006,4.409,4.409,5.670,0.001,0.001,0.784,0.784,5.200,1.21,26.00,24.0000,0.5200,2.340
6175,35.000,0.006,0.006,6.146,6.146,5.695,0.002,0.002,1.097,1.097,7.252,1.21,25.80,23.7956,0.7252,3.263
6176,50.000,0.006,0.006,8.671,8.671,5.766,0.006,0.006,1.565,1.565,10.248,1.20,25.20,23.1962,1.0248,4.611
6177,45.000,0.006,0.006,7.652,7.652,5.881,0.005,0.005,1.404,1.404,9.067,1.20,24.24,22.2426,0.9067,4.080
6178,30.000,0.006,0.006,4.975,4.975,6.030,0.001,0.001,0.933,0.933,5.915,1.20,23.00,21.0000,0.5915,2.662
6179,20.000,0.006,0.006,3.224,3.224,6.204,0.001,0.001,0.619,0.619,3.850,1.19,21.55,19.5529,0.3850,1.732
6180,25.000,0.006,0.006,3.912,3.912,6.390,0.001,0.001,0.771,0.771,4.690,1.19,20.00,18.0000,0.4690,2.111
6181,35.000,0.006,0.006,5.322,5.322,6.576,0.002,0.002,1.075,1.075,6.406,1.18,18.45,16.4471,0.6406,2.882
6182,50.000,0.006,0.006,7.407,7.407,6.750,0.006,0.006,1.531,1.531,8.951,1.18,17.00,15.0000,0.8951,4.028
6183,45.000,0.006,0.006,6.523,6.523,6.899,0.005,0.005,1.374,1.374,7.907,1.18,15.76,13.7574,0.7907,3.558
6184,30.000,0.006,0.006,4.277,4.277,7.014,0.001,0.001,0.914,0.914,5.199,1.17,14.80,12.8038,0.5199,2.339
6185,20.000,0.006,0.006,2.823,2.823,7.085,0.001,0.001,0.609,0.609,3.438,1.17,14.20,12.2044,0.3438,1.547
6186,25.000,0.006,0.006,3.516,3.516,7.110,0.001,0.001,0.760,0.760,4.283,1.17,14.00,12.0000,0.4283,1.928
6187,35.000,0.006,0.006,4.940,4.940,7.085,0.002,0.002,1.065,1.065,6.013,1.17,14.20,12.2044,0.6013,2.706
6188,50.000,0.006,0.006,7.129,7.129,7.014,0.006,0.006,1.523,1.523,8.665,1.17,14.80,12.8038,0.8665,3.899
6189,45.000,0.006,0.006,6.523,6.523,6.899,0.005,0.005,1.374,1.374,7.907,1.18,15.76,13.7574,0.7907,3.558
6190,30.000,0.006,0.006,4.444,4.444,6.750,0.001,0.001,0.919,0.919,5.370,1.18,17.00,15.0000,0.5370,2.417
6191,20.000,0.006,0.006,3.041,3.041,6.576,0.001,0.001,0.614,0.614,3.662,1.18,18.45,16.4471,0.3662,1.648
6192,25.000,0.006,0.006,3.912,3.912,6.390,0.001,0.001,0.771,0.771,4.690,1.19,20.00,18.0000,0.4690,2.111
6193,35.000,0.006,0.006,5.642,5.642,6.204,0.002,0.002,1.084,1.084,6.734,1.19,21.55,19.5529,0.6734,3.030
6194,50.000,0.006,0.006,8.292,8.292,6.030,0.006,0.006,1.554,1.554,9.859,1.20,23.00,21.0000,0.9859,4.436
6195,45.000,0.006,0.006,7.652,7.652,5.881,0.005,0.005,1.404,1.404,9.067,1.20,24.24,22.2426,0.9067,4.080
6196,30.000,0.006,0.006,5.202,5.202,5.766,0.001,0.001,0.939,0.939,6.149,1.20,25.20,23.1962,0.6149,2.767
6197,20.000,0.006,0.006,3.512,3.512,5.695,0.001,0.001,0.627,0.627,4.146,1.21,25.80,23.7956,0.4146,1.866
6198,25.000,0.006,0.006,4.409,4.409,5.670,0.001,0.001,0.784,0.784,5.200,1.21,26.00,24.0000,0.5200,2.340
6199,35.000,0.006,0.006,6.146,6.146,5.695,0.002,0.002,1.097,1.097,7.252,1.21,25.80,23.7956,0.7252,3.263
6200,50.000,0.006,0.006,8.671,8.671,5.766,0.006,0.006,1.565,1.565,10.248,1.20,25.20,23.1962,1.0248,4.611
6201,45.000,0.006,0.006,7.652,7.652,5.881,0.005,0.005,1.404,1.404,9.067,1.20,24.24,22.2426,0.9067,4.080
6202,30.000,0.006,0.006,4.975,4.975,6.030,0.001,0.001,0.933,0.933,5.915,1.20,23.00,21.0000,0.5915,2.662
6203,20.000,0.006,0.006,3.224,3.224,6.204,0.001,0.001,0.619,0.619,3.850,1.19,21.55,19.5529,0.3850,1.732
6204,25.000,0.006,0.006,3.912,3.912,6.390,0.001,0.001,0.771,0.771,4.690,1.19,20.00,18.0000,0.4690,2.111
6205,35.000,0.006,0.006,5.322,5.322,6.576,0.002,0.002,1.075,1.075,6.406,1.18,18.45,16.4471,0.6406,2.882
6206,50.000,0.006,0.006,7.407,7.407,6.750,0.006,0.006,1.531,1.531,8.951,1.18,17.00,15.0000,0.8951,4.028
6207,45.000,0.006,0.006,6.523,6.523,6.899,0.005,0.005,1.374,1.374,7.907,1.18,15.76,13.7574,0.7907,3.558
6208,30.000,0.006,0.006,4.277,4.277,7.014,0.001,0.001,0.914,0.914,5.199,1.17,14.80,12.8038,0.5199,2.339
6209,20.000,0.006,0.006,2.823,2.823,7.085,0.001,0.001,0.609,0.609,3.438,1.17,14.20,12.2044,0.3438,1.547
6210,25.000,0.006,0.006,3.516,3.516,7.110,0.001,0.001,0.760,0.760,4.283,1.17,14.00,12.0000,0.4283,1.928
6211,35.000,0.006,0.006,4.940,4.940,7.085,0.002,0.002,1.065,1.065,6.013,1.17,14.20,12.2044,0.6013,2.706
6212,50.000,0.006,0.006,7.129,7.129,7.014,0.006,0.006,1.523,1.523,8.665,1.17,14.80,12.8038,0.8665,3.899
6213,45.000,0.006,0.006,6.523,6.523,6.899,0.005,0.005,1.374,1.374,7.907,1.18,15.76,13.7574,0.7907,3.558
6214,30.000,0.006,0.006,4.444,4.444,6.750,0.001,0.001,0.919,0.919,5.370,1.18,17.00,15.0000,0.5370,2.417
6215,20.000,0.006,0.006,3.041,3.041,6.576,0.001,0.001,0.614,0.614,3.662,1.18,18.45,16.4471,0.3662,1.648
6216,25.000,0.006,0.006,3.912,3.912,6.390,0.001,0.001,0.771,0.771,4.690,1.19,20.00,18.0000,0.4690,2.111
6217,35.000,0.006,0.006,5.642,5.642,6.204,0.002,0.002,1.084,1.084,6.734,1.19,21.55,19.5529,0.6734,3.030
6218,50.000,0.006,0.006,8.292,8.292,6.030,0.006,0.006,1.554,1.554,9.859,1.20,23.00,21.0000,0.9859,4.436
6219,45.000,0.006,0.006,7.652,7.652,5.881,0.005,0.005,1.404,1.404,9.067,1.20,24.24,22.2426,0.9067,4.080
6220,30.000,0.006,0.006,5.202,5.202,5.766,0.001,0.001,0.939,0.939,6.149,1.20,25.20,23.1962,0.6149,2.767
6221,20.000,0.006,0.006,3.512,3.512,5.695,0.001,0.001,0.627,0.627,4.146,1.21,25.80,23.7956,0.4146,1.866
6222,25.000,0.006,0.006,4.409,4.409,5.670,0.001,0.001,0.784,0.784,5.200,1.21,26.00,24.0000,0.5200,2.340
6223,35.000,0.006,0.006,6.146,6.146,5.695,0.002,0.002,1.097,1.097,7.252,1.21,25.80,23.7956,0.7252,3.263
6224,50.000,0.006,0.006,8.671,8.671,5.766,0.006,0.006,1.565,1.565,10.248,1.20,25.20,23.1962,1.0248,4.611
6225,45.000,0.006,0.006,7.652,7.652,5.881,0.005,0.005,1.404,1.404,9.067,1.20,24.24,22.2426,0.9067,4.080
6226,30.000,0.006,0.006,4.975,4.975,6.030,0.001,0.001,0.933,0.933,5.915,1.20,23.00,21.0000,0.5915,2.662
6227,20.000,0.006,0.006,3.224,3.224,6.204,0.001,0.001,0.619,0.619,3.850,1.19,21.55,19.5529,0.3850,1.732
6228,25.000,0.006,0.006,3.912,3.912,6.390,0.001,0.001,0.771,0.771,4.690,1.19,20.00,18.0000,0.4690,2.111
6229,35.000,0.006,0.006,5.322,5.322,6.576,0.002,0.002,1.075,1.075,6.406,1.18,18.45,16.4471,0.6406,2.882
6230,50.000,0.006,0.006,7.407,7.407,6.750,0.006,0.006,1.531,1.531,8.951,1.18,17.00,15.0000,0.8951,4.028
6231,45.000,0.006,0.006,6.523,6.523,6.899,0.005,0.005,1.374,1.374,7.907,1.18,15.76,13.7574,0.7907,3.558
6232,30.000,0.006,0.006,4.277,4.277,7.014,0.001,0.001,0.914,0.914,5.199,1.17,14.80,12.8038,0.5199,2.339
6233,20.000,0.006,0.006,2.823,2.823,7.085,0.001,0.001,0.609,0.609,3.438,1.17,14.20,12.2044,0.3438,1.547
6234,25.000,0.006,0.006,3.516,3.516,7.110,0.001,0.001,0.760,0.760,4.283,1.17,14.00,12.0000,0.4283,1.928
6235,35.000,0.006,0.006,4.940,4.940,7.085,0.002,0.002,1.065,1.065,6.013,1.17,14.20,12.2044,0.6013,2.706
6236,50.000,0.006,0.006,7.129,7.129,7.014,0.006,0.006,1.523,1.523,8.665,1.17,14.80,12.8038,0.8665,3.899
6237,45.000,0.006,0.006,6.523,6.523,6.899,0.005,0.005,1.374,1.374,7.907,1.18,15.76,13.7574,0.7907,3.558
6238,30.000,0.006,0.006,4.444,4.444,6.750,0.001,0.001,0.919,0.919,5.370,1.18,17.00,15.0000,0.5370,2.417
6239,20.000,0.006,0.006,3.041,3.041,6.576,0.001,0.001,0.614,0.614,3.662,1.18,18.45,16.4471,0.3662,1.648
6240,25.000,0.006,0.006,3.912,3.912,6.390,0.001,0.001,0.771,0.771,4.690,1.19,20.00,18.0000,0.4690,2.111
6241,35.000,0.006,0.006,5.642,5.642,6.204,0.002,0.002,1.084,1.084,6.734,1.19,21.55,19.5529,0.6734,3.030
6242,50.000,0.006,0.006,8.292,8.292,6.030,0.006,0.006,1.554,1.554,9.859,1.20,23.00,21.0000,0.9859,4.436
6243,45.000,0.006,0.006,7.652,7.652,5.881,0.005,0.005,1.404,1.404,9.067,1.20,24.24,22.2426,0.9067,4.080
6244,30.000,0.006,0.006,5.202,5.202,5.766,0.001,0.001,0.939,0.939,6.149,1.20,25.20,23.1962,0.6149,2.767
6245,20.000,0.006,0.006,3.512,3.512,5.695,0.001,0.001,0.627,0.627,4.146,1.21,25.80,23.7956,0.4146,1.866
6246,25.000,0.006,0.006,4.409,4.409,5.670,0.001,0.001,0.784,0.784,5.200,1.21,26.00,24.0000,0.5200,2.340
6247,35.000,0.006,0.006,6.146,6.146,5.695,0.002,0.002,1.097,1.097,7.252,1.21,25.80,23.7956,0.7252,3.263
6248,50.000,0.006,0.006,8.671,8.671,5.766,0.006,0.006,1.565,1.565,10.248,1.20,25.20,23.1962,1.0248,4.611
6249,45.000,0.006,0.006,7.652,7.652,5.881,0.005,0.005,1.404,1.404,9.067,1.20,24.24,22.2426,0.9067,4.080
6250,30.000,0.006,0.006,4.975,4.975,6.030,0.001,0.001,0.933,0.933,5.915,1.20,23.00,21.0000,0.5915,2.662
6251,20.000,0.006,0.006,3.224,3.224,6.204,0.001,0.001,0.619,0.619,3.850,1.19,21.55,19.5529,0.3850,1.732
6252,25.000,0.006,0.006,3.912,3.912,6.390,0.001,0.001,0.771,0.771,4.690,1.19,20.00,18.0000,0.4690,2.111
6253,35.000,0.006,0.006,5.322,5.322,6.576,0.002,0.002,1.075,1.075,6.406,1.18,18.45,16.4471,0.6406,2.882
6254,50.000,0.006,0.006,7.407,7.407,6.750,0.006,0.006,1.531,1.531,8.951,1.18,17.00,15.0000,0.8951,4.028
6255,45.000,0.006,0.006,6.523,6.523,6.899,0.005,0.005,1.374,1.374,7.907,1.18,15.76,13.7574,0.7907,3.558
6256,30.000,0.006,0.006,4.277,4.277,7.014,0.001,0.001,0.914,0.914,5.199,1.17,14.80,12.8038,0.5199,2.339
6257,20.000,0.006,0.006,2.823,2.823,7.085,0.001,0.001,0.609,0.609,3.438,1.17,14.20,12.2044,0.3438,1.547
6258,25.000,0.006,0.006,3.516,3.516,7.110,0.001,0.001,0.760,0.760,4.283,1.17,14.00,12.0000,0.4283,1.928
6259,35.000,0.006,0.006,4.940,4.940,7.085,0.002,0.002,1.065,1.065,6.013,1.17,14.20,12.2044,0.6013,2.706
6260,50.000,0.006,0.006,7.129,7.129,7.014,0.006,0.006,1.523,1.523,8.665,1.17,14.80,12.8038,0.8665,3.899
6261,45.000,0.006,0.006,6.523,6.523,6.899,0.005,0.005,1.374,1.374,7.907,1.18,15.76,13.7574,0.7907,3.558
6262,30.000,0.006,0.006,4.444,4.444,6.750,0.001,0.001,0.919,0.919,5.370,1.18,17.00,15.0000,0.5370,2.417
6263,20.000,0.006,0.006,3.041,3.041,6.576,0.001,0.001,0.614,0.614,3.662,1.18,18.45,16.4471,0.3662,1.648
6264,25.000,0.006,0.006,3.912,3.912,6.390,0.001,0.001,0.771,0.771,4.690,1.19,20.00,18.0000,0.4690,2.111
6265,35.000,0.006,0.006,5.642,5.642,6.204,0.002,0.002,1.084,1.084,6.734,1.19,21.55,19.5529,0.6734,3.030
6266,50.000,0.006,0.006,8.292,8.292,6.030,0.006,0.006,1.554,1.554,9.859,1.20,23.00,21.0000,0.9859,4.436
6267,45.000,0.006,0.006,7.652,7.652,5.881,0.005,0.005,1.404,1.404,9.067,1.20,24.24,22.2426,0.9067,4.080
6268,30.000,0.006,0.006,5.202,5.202,5.766,0.001,0.001,0.939,0.939,6.149,1.20,25.20,23.1962,0.6149,2.767
6269,20.000,0.006,0.006,3.512,3.512,5.695,0.001,0.001,0.627,0.627,4.146,1.21,25.80,23.7956,0.4146,1.866
6270,25.000,0.006,0.006,4.409,4.409,5.670,0.001,0.001,0.784,0.784,5.200,1.21,26.00,24.0000,0.5200,2.340
6271,35.000,0.006,0.006,6.146,6.146,5.695,0.002,0.002,1.097,1.097,7.252,1.21,25.80,23.7956,0.7252,3.263
6272,50.000,0.006,0.006,8.671,8.671,5.766,0.006,0.006,1.565,1.565,10.248,1.20,25.20,23.1962,1.0248,4.611
6273,45.000,0.006,0.006,7.652,7.652,5.881,0.005,0.005,1.404,1.404,9.067,1.20,24.24,22.2426,0.9067,4.080
6274,30.000,0.006,0.006,4.975,4.975,6.030,0.001,0.001,0.933,0.933,5.915,1.20,23.00,21.0000,0.5915,2.662
6275,20.000,0.006,0.006,3.224,3.224,6.204,0.001,0.001,0.619,0.619,3.850,1.19,21.55,19.5529,0.3850,1.732
6276,25.000,0.006,0.006,3.912,3.912,6.390,0.001,0.001,0.771,0.771,4.690,1.19,20.00,18.0000,0.4690,2.111
6277,35.000,0.006,0.006,5.322,5.322,6.576,0.002,0.002,1.075,1.075,6.406,1.18,18.45,16.4471,0.6406,2.882
6278,50.000,0.006,0.006,7.407,7.407,6.750,0.006,0.006,1.531,1.531,8.951,1.18,17.00,15.0000,0.8951,4.028
6279,45.000,0.006,0.006,6.523,6.523,6.899,0.005,0.005,1.374,1.374,7.907,1.18,15.76,13.7574,0.7907,3.558
6280,30.000,0.006,0.006,4.277,4.277,7.014,0.001,0.001,0.914,0.914,5.199,1.17,14.80,12.8038,0.5199,2.339
6281,20.000,0.006,0.006,2.823,2.823,7.085,0.001,0.001,0.609,0.609,3.438,1.17,14.20,12.2044,0.3438,1.547
6282,25.000,0.006,0.006,3.516,3.516,7.110,0.001,0.001,0.760,0.760,4.283,1.17,14.00,12.0000,0.4283,1.928
6283,35.000,0.006,0.006,4.940,4.940,7.085,0.002,0.002,1.065,1.065,6.013,1.17,14.20,12.2044,0.6013,2.706
6284,50.000,0.006,0.006,7.129,7.129,7.014,0.006,0.006,1.523,1.523,8.665,1.17,14.80,12.8038,0.8665,3.899
6285,45.000,0.006,0.006,6.523,6.523,6.899,0.005,0.005,1.374,1.374,7.907,1.18,15.76,13.7574,0.7907,3.558
6286,30.000,0.006,0.006,4.444,4.444,6.750,0.001,0.001,0.919,0.919,5.370,1.18,17.00,15.0000,0.5370,2.417
6287,20.000,0.006,0.006,3.041,3.041,6.576,0.001,0.001,0.614,0.614,3.662,1.18,18.45,16.4471,0.3662,1.648
6288,25.000,0.006,0.006,3.912,3.912,6.390,0.001,0.001,0.771,0.771,4.690,1.19,20.00,18.0000,0.4690,2.111
6289,35.000,0.006,0.006,5.642,5.642,6.204,0.002,0.002,1.084,1.084,6.734,1.19,21.55,19.5529,0.6734,3.030
6290,50.000,0.006,0.006,8.292,8.292,6.030,0.006,0.006,1.554,1.554,9.859,1.20,23.00,21.0000,0.9859,4.436
6291,45.000,0.006,0.006,7.652,7.652,5.881,0.005,0.005,1.404,1.404,9.067,1.20,24.24,22.2426,0.9067,4.080
6292,30.000,0.006,0.006,5.202,5.202,5.766,0.001,0.001,0.939,0.939,6.149,1.20,25.20,23.1962,0.6149,2.767
6293,20.000,0.006,0.006,3.512,3.512,5.695,0.001,0.001,0.627,0.627,4.146,1.21,25.80,23.7956,0.4146,1.866
6294,25.000,0.006,0.006,4.409,4.409,5.670,0.001,0.001,0.784,0.784,5.200,1.21,26.00,24.0000,0.5200,2.340
6295,35.000,0.006,0.006,6.146,6.146,5.695,0.002,0.002,1.097,1.097,7.252,1.21,25.80,23.7956,0.7252,3.263
6296,50.000,0.006,0.006,8.671,8.671,5.766,0.006,0.006,1.565,1.565,10.248,1.20,25.20,23.1962,1.0248,4.611
6297,45.000,0.006,0.006,7.652,7.652,5.881,0.005,0.005,1.404,1.404,9.067,1.20,24.24,22.2426,0.9067,4.080
6298,30.000,0.006,0.006,4.975,4.975,6.030,0.001,0.001,0.933,0.933,5.915,1.20,23.00,21.0000,0.5915,2.662
6299,20.000,0.006,0.006,3.224,3.224,6.204,0.001,0.001,0.619,0.619,3.850,1.19,21.55,19.5529,0.3850,1.732
6300,25.000,0.006,0.006,3.912,3.912,6.390,0.001,0.001,0.771,0.771,4.690,1.19,20.00,18.0000,0.4690,2.111
6301,35.000,0.006,0.006,5.322,5.322,6.576,0.002,0.002,1.075,1.075,6.406,1.18,18.45,16.4471,0.6406,2.882
6302,50.000,0.006,0.006,7.407,7.407,6.750,0.006,0.006,1.531,1.531,8.951,1.18,17.00,15.0000,0.8951,4.028
6303,45.000,0.006,0.006,6.523,6.523,6.899,0.005,0.005,1.374,1.374,7.907,1.18,15.76,13.7574,0.7907,3.558
6304,30.000,0.006,0.006,4.277,4.277,7.014,0.001,0.001,0.914,0.914,5.199,1.17,14.80,12.8038,0.5199,2.339
6305,20.000,0.006,0.006,2.823,2.823,7.085,0.001,0.001,0.609,0.609,3.438,1.17,14.20,12.2044,0.3438,1.547
6306,25.000,0.006,0.006,3.516,3.516,7.110,0.001,0.001,0.760,0.760,4.283,1.17,14.00,12.0000,0.4283,1.928
6307,35.000,0.006,0.006,4.940,4.940,7.085,0.002,0.002,1.065,1.065,6.013,1.17,14.20,12.2044,0.6013,2.706
6308,50.000,0.006,0.006,7.129,7.129,7.014,0.006,0.006,1.523,1.523,8.665,1.17,14.80,12.8038,0.8665,3.899
6309,45.000,0.006,0.006,6.523,6.523,6.899,0.005,0.005,1.374,1.374,7.907,1.18,15.76,13.7574,0.7907,3.558
6310,30.000,0.006,0.006,4.444,4.444,6.750,0.001,0.001,0.919,0.919,5.370,1.18,17.00,15.0000,0.5370,2.417
6311,20.000,0.006,0.006,3.041,3.041,6.576,0.001,0.001,0.614,0.614,3.662,1.18,18.45,16.4471,0.3662,1.648
6312,25.000,0.006,0.006,3.912,3.912,6.390,0.001,0.001,0.771,0.771,4.690,1.19,20.00,18.0000,0.4690,2.111
6313,35.000,0.006,0.006,5.642,5.642,6.204,0.002,0.002,1.084,1.084,6.734,1.19,21.55,19.5529,0.6734,3.030
6314,50.000,0.006,0.006,8.292,8.292,6.030,0.006,0.006,1.554,1.554,9.859,1.20,23.00,21.0000,0.9859,4.436
6315,45.000,0.006,0.006,7.652,7.652,5.881,0.005,0.005,1.404,1.404,9.067,1.20,24.24,22.2426,0.9067,4.080
6316,30.000,0.006,0.006,5.202,5.202,5.766,0.001,0.001,0.939,0.939,6.149,1.20,25.20,23.1962,0.6149,2.767
6317,20.000,0.006,0.006,3.512,3.512,5.695,0.001,0.001,0.627,0.627,4.146,1.21,25.80,23.7956,0.4146,1.866
6318,25.000,0.006,0.006,4.409,4.409,5.670,0.001,0.001,0.784,0.784,5.200,1.21,26.00,24.0000,0.5200,2.340
6319,35.000,0.006,0.006,6.146,6.146,5.695,0.002,0.002,1.097,1.097,7.252,1.21,25.80,23.7956,0.7252,3.263
6320,50.000,0.006,0.006,8.671,8.671,5.766,0.006,0.006,1.565,1.565,10.248,1.20,25.20,23.1962,1.0248,4.611
6321,45.000,0.006,0.006,7.652,7.652,5.881,0.005,0.005,1.404,1.404,9.067,1.20,24.24,22.2426,0.9067,4.080
6322,30.000,0.006,0.006,4.975,4.975,6.030,0.001,0.001,0.933,0.933,5.915,1.20,23.00,21.0000,0.5915,2.662
6323,20.000,0.006,0.006,3.224,3.224,6.204,0.001,0.001,0.619,0.619,3.850,1.19,21.55,19.5529,0.3850,1.732
6324,25.000,0.006,0.006,3.912,3.912,6.390,0.001,0.001,0.771,0.771,4.690,1.19,20.00,18.0000,0.4690,2.111
6325,35.000,0.006,0.006,5.322,5.322,6.576,0.002,0.002,1.075,1.075,6.406,1.18,18.45,16.4471,0.6406,2.882
6326,50.000,0.006,0.006,7.407,7.407,6.750,0.006,0.006,1.531,1.531,8.951,1.18,17.00,15.0000,0.8951,4.028
6327,45.000,0.006,0.006,6.523,6.523,6.899,0.005,0.005,1.374,1.374,7.907,1.18,15.76,13.7574,0.7907,3.558
6328,30.000,0.006,0.006,4.277,4.277,7.014,0.001,0.001,0.914,0.914,5.199,1.17,14.80,12.8038,0.5199,2.339
6329,20.000,0.006,0.006,2.823,2.823,7.085,0.001,0.001,0.609,0.609,3.438,1.17,14.20,12.2044,0.3438,1.547
6330,25.000,0.006,0.006,3.516,3.516,7.110,0.001,0.001,0.760,0.760,4.283,1.17,14.00,12.0000,0.4283,1.928
6331,35.000,0.006,0.006,4.940,4.940,7.085,0.002,0.002,1.065,1.065,6.013,1.17,14.20,12.2044,0.6013,2.706
6332,50.000,0.006,0.006,7.129,7.129,7.014,0.006,0.006,1.523,1.523,8.665,1.17,14.80,12.8038,0.8665,3.899
6333,45.000,0.006,0.006,6.523,6.523,6.899,0.005,0.005,1.374,1.374,7.907,1.18,15.76,13.7574,0.7907,3.558
6334,30.000,0.006,0.006,4.444,4.444,6.750,0.001,0.001,0.919,0.919,5.370,1.18,17.00,15.0000,0.5370,2.417
6335,20.000,0.006,0.006,3.041,3.041,6.576,0.001,0.001,0.614,0.614,3.662,1.18,18.45,16.4471,0.3662,1.648
6336,25.000,0.006,0.006,3.912,3.912,6.390,0.001,0.001,0.771,0.771,4.690,1.19,20.00,18.0000,0.4690,2.111
6337,35.000,0.006,0.006,5.642,5.642,6.204,0.002,0.002,1.084,1.084,6.734,1.19,21.55,19.5529,0.6734,3.030
6338,50.000,0.006,0.006,8.292,8.292,6.030,0.006,0.006,1.554,1.554,9.859,1.20,23.00,21.0000,0.9859,4.436
6339,45.000,0.006,0.006,7.652,7.652,5.881,0.005,0.005,1.404,1.404,9.067,1.20,24.24,22.2426,0.9067,4.080
6340,30.000,0.006,0.006,5.202,5.202,5.766,0.001,0.001,0.939,0.939,6.149,1.20,25.20,23.1962,0.6149,2.767
6341,20.000,0.006,0.006,3.512,3.512,5.695,0.001,0.001,0.627,0.627,4.146,1.21,25.80,23.7956,0.4146,1.866
6342,25.000,0.006,0.006,4.409,4.409,5.670,0.001,0.001,0.784,0.784,5.200,1.21,26.00,24.0000,0.5200,2.340
6343,35.000,0.006,0.006,6.146,6.146,5.695,0.002,0.002,1.097,1.097,7.252,1.21,25.80,23.7956,0.7252,3.263
6344,50.000,0.006,0.006,8.671,8.671,5.766,0.006,0.006,1.565,1.565,10.248,1.20,25.20,23.1962,1.0248,4.611
6345,45.000,0.006,0.006,7.652,7.652,5.881,0.005,0.005,1.404,1.404,9.067,1.20,24.24,22.2426,0.9067,4.080
6346,30.000,0.006,0.006,4.975,4.975,6.030,0.001,0.001,0.933,0.933,5.915,1.20,23.00,21.0000,0.5915,2.662
6347,20.000,0.006,0.006,3.224,3.224,6.204,0.001,0.001,0.619,0.619,3.850,1.19,21.55,19.5529,0.3850,1.732
6348,25.000,0.006,0.006,3.912,3.912,6.390,0.001,0.001,0.771,0.771,4.690,1.19,20.00,18.0000,0.4690,2.111
6349,35.000,0.006,0.006,5.322,5.322,6.576,0.002,0.002,1.075,1.075,6.406,1.18,18.45,16.4471,0.6406,2.882
6350,50.000,0.006,0.006,7.407,7.407,6.750,0.006,0.006,1.531,1.531,8.951,1.18,17.00,15.0000,0.8951,4.028
6351,45.000,0.006,0.006,6.523,6.523,6.899,0.005,0.005,1.374,1.374,7.907,1.18,15.76,13.7574,0.7907,3.558
6352,30.000,0.006,0.006,4.277,4.277,7.014,0.001,0.001,0.914,0.914,5.199,1.17,14.80,12.8038,0.5199,2.339
6353,20.000,0.006,0.006,2.823,2.823,7.085,0.001,0.001,0.609,0.609,3.438,1.17,14.20,12.2044,0.3438,1.547
6354,25.000,0.006,0.006,3.516,3.516,7.110,0.001,0.001,0.760,0.760,4.283,1.17,14.00,12.0000,0.4283,1.928
6355,35.000,0.006,0.006,4.940,4.940,7.085,0.002,0.002,1.065,1.065,6.013,1.17,14.20,12.2044,0.6013,2.706
6356,50.000,0.006,0.006,7.129,7.129,7.014,0.006,0.006,1.523,1.523,8.665,1.17,14.80,12.8038,0.8665,3.899
6357,45.000,0.006,0.006,6.523,6.523,6.899,0.005,0.005,1.374,1.374,7.907,1.18,15.76,13.7574,0.7907,3.558
6358,30.000,0.006,0.006,4.444,4.444,6.750,0.001,0.001,0.919,0.919,5.370,1.18,17.00,15.0000,0.5370,2.417
6359,20.000,0.006,0.006,3.041,3.041,6.576,0.001,0.001,0.614,0.614,3.662,1.18,18.45,16.4471,0.3662,1.648
6360,25.000,0.006,0.006,3.912,3.912,6.390,0.001,0.001,0.771,0.771,4.690,1.19,20.00,18.0000,0.4690,2.111
6361,35.000,0.006,0.006,5.642,5.642,6.204,0.002,0.002,1.084,1.084,6.734,1.19,21.55,19.5529,0.6734,3.030
6362,50.000,0.006,0.006,8.292,8.292,6.030,0.006,0.006,1.554,1.554,9.859,1.20,23.00,21.0000,0.9859,4.436
6363,45.000,0.006,0.006,7.652,7.652,5.881,0.005,0.005,1.404,1.404,9.067,1.20,24.24,22.2426,0.9067,4.080
6364,30.000,0.006,0.006,5.202,5.202,5.766,0.001,0.001,0.939,0.939,6.149,1.20,25.20,23.1962,0.6149,2.767
6365,20.000,0.006,0.006,3.512,3.512,5.695,0.001,0.001,0.627,0.627,4.146,1.21,25.80,23.7956,0.4146,1.866
6366,25.000,0.006,0.006,4.409,4.409,5.670,0.001,0.001,0.784,0.784,5.200,1.21,26.00,24.0000,0.5200,2.340
6367,35.000,0.006,0.006,6.146,6.146,5.695,0.002,0.002,1.097,1.097,7.252,1.21,25.80,23.7956,0.7252,3.263
6368,50.000,0.006,0.006,8.671,8.671,5.766,0.006,0.006,1.565,1.565,10.248,1.20,25.20,23.1962,1.0248,4.611
6369,45.000,0.006,0.006,7.652,7.652,5.881,0.005,0.005,1.404,1.404,9.067,1.20,24.24,22.2426,0.9067,4.080
6370,30.000,0.006,0.006,4.975,4.975,6.030,0.001,0.001,0.933,0.933,5.915,1.20,23.00,21.0000,0.5915,2.662
6371,20.000,0.006,0.006,3.224,3.224,6.204,0.001,0.001,0.619,0.619,3.850,1.19,21.55,19.5529,0.3850,1.732
6372,25.000,0.006,0.006,3.912,3.912,6.390,0.001,0.001,0.771,0.771,4.690,1.19,20.00,18.0000,0.4690,2.111
6373,35.000,0.006,0.006,5.322,5.322,6.576,0.002,0.002,1.075,1.075,6.406,1.18,18.45,16.4471,0.6406,2.882
6374,50.000,0.006,0.006,7.407,7.407,6.750,0.006,0.006,1.531,1.531,8.951,1.18,17.00,15.0000,0.8951,4.028
6375,45.000,0.006,0.006,6.523,6.523,6.899,0.005,0.005,1.374,1.374,7.907,1.18,15.76,13.7574,0.7907,3.558
6376,30.000,0.006,0.006,4.277,4.277,7.014,0.001,0.001,0.914,0.914,5.199,1.17,14.80,12.8038,0.5199,2.339
6377,20.000,0.006,0.006,2.823,2.823,7.085,0.001,0.001,0.609,0.609,3.438,1.17,14.20,12.2044,0.3438,1.547
6378,25.000,0.006,0.006,3.516,3.516,7.110,0.001,0.001,0.760,0.760,4.283,1.17,14.00,12.0000,0.4283,1.928
6379,35.000,0.006,0.006,4.940,4.940,7.085,0.002,0.002,1.065,1.065,6.013,1.17,14.20,12.2044,0.6013,2.706
6380,50.000,0.006,0.006,7.129,7.129,7.014,0.006,0.006,1.523,1.523,8.665,1.17,14.80,12.8038,0.8665,3.899
6381,45.000,0.006,0.006,6.523,6.523,6.899,0.005,0.005,1.374,1.374,7.907,1.18,15.76,13.7574,0.7907,3.558
6382,30.000,0.006,0.006,4.444,4.444,6.750,0.001,0.001,0.919,0.919,5.370,1.18,17.00,15.0000,0.5370,2.417
6383,20.000,0.006,0.006,3.041,3.041,6.576,0.001,0.001,0.614,0.614,3.662,1.18,18.45,16.4471,0.3662,1.648
6384,25.000,0.006,0.006,3.912,3.912,6.390,0.001,0.001,0.771,0.771,4.690,1.19,20.00,18.0000,0.4690,2.111
6385,35.000,0.006,0.006,5.642,5.642,6.204,0.002,0.002,1.084,1.084,6.734,1.19,21.55,19.5529,0.6734,3.030
6386,50.000,0.006,0.006,8.292,8.292,6.030,0.006,0.006,1.554,1.554,9.859,1.20,23.00,21.0000,0.9859,4.436
6387,45.000,0.006,0.006,7.652,7.652,5.881,0.005,0.005,1.404,1.404,9.067,1.20,24.24,22.2426,0.9067,4.080
6388,30.000,0.006,0.006,5.202,5.202,5.766,0.001,0.001,0.939,0.939,6.149,1.20,25.20,23.1962,0.6149,2.767
6389,20.000,0.006,0.006,3.512,3.512,5.695,0.001,0.001,0.627,0.627,4.146,1.21,25.80,23.7956,0.4146,1.866
6390,25.000,0.006,0.006,4.409,4.409,5.670,0.001,0.001,0.784,0.784,5.200,1.21,26.00,24.0000,0.5200,2.340
6391,35.000,0.006,0.006,6.146,6.146,5.695,0.002,0.002,1.097,1.097,7.252,1.21,25.80,23.7956,0.7252,3.263
6392,50.000,0.006,0.006,8.671,8.671,5.766,0.006,0.006,1.565,1.565,10.248,1.20,25.20,23.1962,1.0248,4.611
6393,45.000,0.006,0.006,7.652,7.652,5.881,0.005,0.005,1.404,1.404,9.067,1.20,24.24,22.2426,0.9067,4.080
6394,30.000,0.006,0.006,4.975,4.975,6.030,0.001,0.001,0.933,0.933,5.915,1.20,23.00,21.0000,0.5915,2.662
6395,20.000,0.006,0.006,3.224,3.224,6.204,0.001,0.001,0.619,0.619,3.850,1.19,21.55,19.5529,0.3850,1.732
6396,25.000,0.006,0.006,3.912,3.912,6.390,0.001,0.001,0.771,0.771,4.690,1.19,20.00,18.0000,0.4690,2.111
6397,35.000,0.006,0.006,5.322,5.322,6.576,0.002,0.002,1.075,1.075,6.406,1.18,18.45,16.4471,0.6406,2.882
6398,50.000,0.006,0.006,7.407,7.407,6.750,0.006,0.006,1.531,1.531,8.951,1.18,17.00,15.0000,0.8951,4.028
6399,45.000,0.006,0.006,6.523,6.523,6.899,0.005,0.005,1.374,1.374,7.907,1.18,15.76,13.7574,0.7907,3.558
6400,30.000,0.006,0.006,4.277,4.277,7.014,0.001,0.001,0.914,0.914,5.199,1.17,14.80,12.8038,0.5199,2.339
6401,20.000,0.006,0.006,2.823,2.823,7.085,0.001,0.001,0.609,0.609,3.438,1.17,14.20,12.2044,0.3438,1.547
6402,25.000,0.006,0.006,3.516,3.516,7.110,0.001,0.001,0.760,0.760,4.283,1.17,14.00,12.0000,0.4283,1.928
6403,35.000,0.006,0.006,4.940,4.940,7.085,0.002,0.002,1.065,1.065,6.013,1.17,14.20,12.2044,0.6013,2.706
6404,50.000,0.006,0.006,7.129,7.129,7.014,0.006,0.006,1.523,1.523,8.665,1.17,14.80,12.8038,0.8665,3.899
6405,45.000,0.006,0.006,6.523,6.523,6.899,0.005,0.005,1.374,1.374,7.907,1.18,15.76,13.7574,0.7907,3.558
6406,30.000,0.006,0.006,4.444,4.444,6.750,0.001,0.001,0.919,0.919,5.370,1.18,17.00,15.0000,0.5370,2.417
6407,20.000,0.006,0.006,3.041,3.041,6.576,0.001,0.001,0.614,0.614,3.662,1.18,18.45,16.4471,0.3662,1.648
6408,25.000,0.006,0.006,3.912,3.912,6.390,0.001,0.001,0.771,0.771,4.690,1.19,20.00,18.0000,0.4690,2.111
6409,35.000,0.006,0.006,5.642,5.642,6.204,0.002,0.002,1.084,1.084,6.734,1.19,21.55,19.5529,0.6734,3.030
6410,50.000,0.006,0.006,8.292,8.292,6.030,0.006,0.006,1.554,1.554,9.859,1.20,23.00,21.0000,0.9859,4.436
6411,45.000,0.006,0.006,7.652,7.652,5.881,0.005,0.005,1.404,1.404,9.067,1.20,24.24,22.2426,0.9067,4.080
6412,30.000,0.006,0.006,5.202,5.202,5.766,0.001,0.001,0.939,0.939,6.149,1.20,25.20,23.1962,0.6149,2.767
6413,20.000,0.006,0.006,3.512,3.512,5.695,0.001,0.001,0.627,0.627,4.146,1.21,25.80,23.7956,0.4146,1.866
6414,25.000,0.006,0.006,4.409,4.409,5.670,0.001,0.001,0.784,0.784,5.200,1.21,26.00,24.0000,0.5200,2.340
6415,35.000,0.006,0.006,6.146,6.146,5.695,0.002,0.002,1.097,1.097,7.252,1.21,25.80,23.7956,0.7252,3.263
6416,50.000,0.006,0.006,8.671,8.671,5.766,0.006,0.006,1.565,1.565,10.248,1.20,25.20,23.1962,1.0248,4.611
6417,45.000,0.006,0.006,7.652,7.652,5.881,0.005,0.005,1.404,1.404,9.067,1.20,24.24,22.2426,0.9067,4.080
6418,30.000,0.006,0.006,4.975,4.975,6.030,0.001,0.001,0.933,0.933,5.915,1.20,23.00,21.0000,0.5915,2.662
6419,20.000,0.006,0.006,3.224,3.224,6.204,0.001,0.001,0.619,0.619,3.850,1.19,21.55,19.5529,0.3850,1.732
6420,25.000,0.006,0.006,3.912,3.912,6.390,0.001,0.001,0.771,0.771,4.690,1.19,20.00,18.0000,0.4690,2.111
6421,35.000,0.006,0.006,5.322,5.322,6.576,0.002,0.002,1.075,1.075,6.406,1.18,18.45,16.4471,0.6406,2.882
6422,50.000,0.006,0.006,7.407,7.407,6.750,0.006,0.006,1.531,1.531,8.951,1.18,17.00,15.0000,0.8951,4.028
6423,45.000,0.006,0.006,6.523,6.523,6.899,0.005,0.005,1.374,1.374,7.907,1.18,15.76,13.7574,0.7907,3.558
6424,30.000,0.006,0.006,4.277,4.277,7.014,0.001,0.001,0.914,0.914,5.199,1.17,14.80,12.8038,0.5199,2.339
6425,20.000,0.006,0.006,2.823,2.823,7.085,0.001,0.001,0.609,0.609,3.438,1.17,14.20,12.2044,0.3438,1.547
6426,25.000,0.006,0.006,3.516,3.516,7.110,0.001,0.001,0.760,0.760,4.283,1.17,14.00,12.0000,0.4283,1.928
6427,35.000,0.006,0.006,4.940,4.940,7.085,0.002,0.002,1.065,1.065,6.013,1.17,14.20,12.2044,0.6013,2.706
6428,50.000,0.006,0.006,7.129,7.129,7.014,0.006,0.006,1.523,1.523,8.665,1.17,14.80,12.8038,0.8665,3.899
6429,45.000,0.006,0.006,6.523,6.523,6.899,0.005,0.005,1.374,1.374,7.907,1.18,15.76,13.7574,0.7907,3.558
6430,30.000,0.006,0.006,4.444,4.444,6.750,0.001,0.001,0.919,0.919,5.370,1.18,17.00,15.0000,0.5370,2.417
6431,20.000,0.006,0.006,3.041,3.041,6.576,0.001,0.001,0.614,0.614,3.662,1.18,18.45,16.4471,0.3662,1.648
6432,25.000,0.006,0.006,3.912,3.912,6.390,0.001,0.001,0.771,0.771,4.690,1.19,20.00,18.0000,0.4690,2.111
6433,35.000,0.006,0.006,5.642,5.642,6.204,0.002,0.002,1.084,1.084,6.734,1.19,21.55,19.5529,0.6734,3.030
6434,50.000,0.006,0.006,8.292,8.292,6.030,0.006,0.006,1.554,1.554,9.859,1.20,23.00,21.0000,0.9859,4.436
6435,45.000,0.006,0.006,7.652,7.652,5.881,0.005,0.005,1.404,1.404,9.067,1.20,24.24,22.2426,0.9067,4.080
6436,30.000,0.006,0.006,5.202,5.202,5.766,0.001,0.001,0.939,0.939,6.149,1.20,25.20,23.1962,0.6149,2.767
6437,20.000,0.006,0.006,3.512,3.512,5.695,0.001,0.001,0.627,0.627,4.146,1.21,25.80,23.7956,0.4146,1.866
6438,25.000,0.006,0.006,4.409,4.409,5.670,0.001,0.001,0.784,0.784,5.200,1.21,26.00,24.0000,0.5200,2.340
6439,35.000,0.006,0.006,6.146,6.146,5.695,0.002,0.002,1.097,1.097,7.252,1.21,25.80,23.7956,0.7252,3.263
6440,50.000,0.006,0.006,8.671,8.671,5.766,0.006,0.006,1.565,1.565,10.248,1.20,25.20,23.1962,1.0248,4.611
6441,45.000,0.006,0.006,7.652,7.652,5.881,0.005,0.005,1.404,1.404,9.067,1.20,24.24,22.2426,0.9067,4.080
6442,30.000,0.006,0.006,4.975,4.975,6.030,0.001,0.001,0.933,0.933,5.915,1.20,23.00,21.0000,0.5915,2.662
6443,20.000,0.006,0.006,3.224,3.224,6.204,0.001,0.001,0.619,0.619,3.850,1.19,21.55,19.5529,0.3850,1.732
6444,25.000,0.006,0.006,3.912,3.912,6.390,0.001,0.001,0.771,0.771,4.690,1.19,20.00,18.0000,0.4690,2.111
6445,35.000,0.006,0.006,5.322,5.322,6.576,0.002,0.002,1.075,1.075,6.406,1.18,18.45,16.4471,0.6406,2.882
6446,50.000,0.006,0.006,7.407,7.407,6.750,0.006,0.006,1.531,1.531,8.951,1.18,17.00,15.0000,0.8951,4.028
6447,45.000,0.006,0.006,6.523,6.523,6.899,0.005,0.005,1.374,1.374,7.907,1.18,15.76,13.7574,0.7907,3.558
6448,30.000,0.006,0.006,4.277,4.277,7.014,0.001,0.001,0.914,0.914,5.199,1.17,14.80,12.8038,0.5199,2.339
6449,20.000,0.006,0.006,2.823,2.823,7.085,0.001,0.001,0.609,0.609,3.438,1.17,14.20,12.2044,0.3438,1.547
6450,25.000,0.006,0.006,3.516,3.516,7.110,0.001,0.001,0.760,0.760,4.283,1.17,14.00,12.0000,0.4283,1.928
6451,35.000,0.006,0.006,4.940,4.940,7.085,0.002,0.002,1.065,1.065,6.013,1.17,14.20,12.2044,0.6013,2.706
6452,50.000,0.006,0.006,7.129,7.129,7.014,0.006,0.006,1.523,1.523,8.665,1.17,14.80,12.8038,0.8665,3.899
6453,45.000,0.006,0.006,6.523,6.523,6.899,0.005,0.005,1.374,1.374,7.907,1.18,15.76,13.7574,0.7907,3.558
6454,30.000,0.006,0.006,4.444,4.444,6.750,0.001,0.001,0.919,0.919,5.370,1.18,17.00,15.0000,0.5370,2.417
6455,20.000,0.006,0.006,3.041,3.041,6.576,0.001,0.001,0.614,0.614,3.662,1.18,18.45,16.4471,0.3662,1.648
6456,25.000,0.006,0.006,3.912,3.912,6.390,0.001,0.001,0.771,0.771,4.690,1.19,20.00,18.0000,0.4690,2.111
6457,35.000,0.006,0.006,5.642,5.642,6.204,0.002,0.002,1.084,1.084,6.734,1.19,21.55,19.5529,0.6734,3.030
6458,50.000,0.006,0.006,8.292,8.292,6.030,0.006,0.006,1.554,1.554,9.859,1.20,23.00,21.0000,0.9859,4.436
6459,45.000,0.006,0.006,7.652,7.652,5.881,0.005,0.005,1.404,1.404,9.067,1.20,24.24,22.2426,0.9067,4.080
6460,30.000,0.006,0.006,5.202,5.202,5.766,0.001,0.001,0.939,0.939,6.149,1.20,25.20,23.1962,0.6149,2.767
6461,20.000,0.006,0.006,3.512,3.512,5.695,0.001,0.001,0.627,0.627,4.146,1.21,25.80,23.7956,0.4146,1.866
6462,25.000,0.006,0.006,4.409,4.409,5.670,0.001,0.001,0.784,0.784,5.200,1.21,26.00,24.0000,0.5200,2.340
6463,35.000,0.006,0.006,6.146,6.146,5.695,0.002,0.002,1.097,1.097,7.252,1.21,25.80,23.7956,0.7252,3.263
6464,50.000,0.006,0.006,8.671,8.671,5.766,0.006,0.006,1.565,1.565,10.248,1.20,25.20,23.1962,1.0248,4.611
6465,45.000,0.006,0.006,7.652,7.652,5.881,0.005,0.005,1.404,1.404,9.067,1.20,24.24,22.2426,0.9067,4.080
6466,30.000,0.006,0.006,4.975,4.975,6.030,0.001,0.001,0.933,0.933,5.915,1.20,23.00,21.0000,0.5915,2.662
6467,20.000,0.006,0.006,3.224,3.224,6.204,0.001,0.001,0.619,0.619,3.850,1.19,21.55,19.5529,0.3850,1.732
6468,25.000,0.006,0.006,3.912,3.912,6.390,0.001,0.001,0.771,0.771,4.690,1.19,20.00,18.0000,0.4690,2.111
6469,35.000,0.006,0.006,5.322,5.322,6.576,0.002,0.002,1.075,1.075,6.406,1.18,18.45,16.4471,0.6406,2.882
6470,50.000,0.006,0.006,7.407,7.407,6.750,0.006,0.006,1.531,1.531,8.951,1.18,17.00,15.0000,0.8951,4.028
6471,45.000,0.006,0.006,6.523,6.523,6.899,0.005,0.005,1.374,1.374,7.907,1.18,15.76,13.7574,0.7907,3.558
6472,30.000,0.006,0.006,4.277,4.277,7.014,0.001,0.001,0.914,0.914,5.199,1.17,14.80,12.8038,0.5199,2.339
6473,20.000,0.006,0.006,2.823,2.823,7.085,0.001,0.001,0.609,0.609,3.438,1.17,14.20,12.2044,0.3438,1.547
6474,25.000,0.006,0.006,3.516,3.516,7.110,0.001,0.001,0.760,0.760,4.283,1.17,14.00,12.0000,0.4283,1.928
6475,35.000,0.006,0.006,4.940,4.940,7.085,0.002,0.002,1.065,1.065,6.013,1.17,14.20,12.2044,0.6013,2.706
6476,50.000,0.006,0.006,7.129,7.129,7.014,0.006,0.006,1.523,1.523,8.665,1.17,14.80,12.8038,0.8665,3.899
6477,45.000,0.006,0.006,6.523,6.523,6.899,0.005,0.005,1.374,1.374,7.907,1.18,15.76,13.7574,0.7907,3.558
6478,30.000,0.006,0.006,4.444,4.444,6.750,0.001,0.001,0.919,0.919,5.370,1.18,17.00,15.0000,0.5370,2.417
6479,20.000,0.006,0.006,3.041,3.041,6.576,0.001,0.001,0.614,0.614,3.662,1.18,18.45,16.4471,0.3662,1.648
6480,25.000,0.006,0.006,3.912,3.912,6.390,0.001,0.001,0.771,0.771,4.690,1.19,20.00,18.0000,0.4690,2.111
6481,35.000,0.006,0.006,5.642,5.642,6.204,0.002,0.002,1.084,1.084,6.734,1.19,21.55,19.5529,0.6734,3.030
6482,50.000,0.006,0.006,8.292,8.292,6.030,0.006,0.006,1.554,1.554,9.859,1.20,23.00,21.0000,0.9859,4.436
6483,45.000,0.006,0.006,7.652,7.652,5.881,0.005,0.005,1.404,1.404,9.067,1.20,24.24,22.2426,0.9067,4.080
6484,30.000,0.006,0.006,5.202,5.202,5.766,0.001,0.001,0.939,0.939,6.149,1.20,25.20,23.1962,0.6149,2.767
6485,20.000,0.006,0.006,3.512,3.512,5.695,0.001,0.001,0.627,0.627,4.146,1.21,25.80,23.7956,0.4146,1.866
6486,25.000,0.006,0.006,4.409,4.409,5.670,0.001,0.001,0.784,0.784,5.200,1.21,26.00,24.0000,0.5200,2.340
6487,35.000,0.006,0.006,6.146,6.146,5.695,0.002,0.002,1.097,1.097,7.252,1.21,25.80,23.7956,0.7252,3.263
6488,50.000,0.006,0.006,8.671,8.671,5.766,0.006,0.006,1.565,1.565,10.248,1.20,25.20,23.1962,1.0248,4.611
6489,45.000,0.006,0.006,7.652,7.652,5.881,0.005,0.005,1.404,1.404,9.067,1.20,24.24,22.2426,0.9067,4.080
6490,30.000,0.006,0.006,4.975,4.975,6.030,0.001,0.001,0.933,0.933,5.915,1.20,23.00,21.0000,0.5915,2.662
6491,20.000,0.006,0.006,3.224,3.224,6.204,0.001,0.001,0.619,0.619,3.850,1.19,21.55,19.5529,0.3850,1.732
6492,25.000,0.006,0.006,3.912,3.912,6.390,0.001,0.001,0.771,0.771,4.690,1.19,20.00,18.0000,0.4690,2.111
6493,35.000,0.006,0.006,5.322,5.322,6.576,0.002,0.002,1.075,1.075,6.406,1.18,18.45,16.4471,0.6406,2.882
6494,50.000,0.006,0.006,7.407,7.407,6.750,0.006,0.006,1.531,1.531,8.951,1.18,17.00,15.0000,0.8951,4.028
6495,45.000,0.006,0.006,6.523,6.523,6.899,0.005,0.005,1.374,1.374,7.907,1.18,15.76,13.7574,0.7907,3.558
6496,30.000,0.006,0.006,4.277,4.277,7.014,0.001,0.001,0.914,0.914,5.199,1.17,14.80,12.8038,0.5199,2.339
6497,20.000,0.006,0.006,2.823,2.823,7.085,0.001,0.001,0.609,0.609,3.438,1.17,14.20,12.2044,0.3438,1.547
6498,25.000,0.006,0.006,3.516,3.516,7.110,0.001,0.001,0.760,0.760,4.283,1.17,14.00,12.0000,0.4283,1.928
6499,35.000,0.006,0.006,4.940,4.940,7.085,0.002,0.002,1.065,1.065,6.013,1.17,14.20,12.2044,0.6013,2.706
6500,50.000,0.006,0.006,7.129,7.129,7.014,0.006,0.006,1.523,1.523,8.665,1.17,14.80,12.8038,0.8665,3.899
6501,45.000,0.006,0.006,6.523,6.523,6.899,0.005,0.005,1.374,1.374,7.907,1.18,15.76,13.7574,0.7907,3.558
6502,30.000,0.006,0.006,4.444,4.444,6.750,0.001,0.001,0.919,0.919,5.370,1.18,17.00,15.0000,0.5370,2.417
6503,20.000,0.006,0.006,3.041,3.041,6.576,0.001,0.001,0.614,0.614,3.662,1.18,18.45,16.4471,0.3662,1.648
6504,25.000,0.006,0.006,3.912,3.912,6.390,0.001,0.001,0.771,0.771,4.690,1.19,20.00,18.0000,0.4690,2.111
6505,35.000,0.006,0.006,5.642,5.642,6.204,0.002,0.002,1.084,1.084,6.734,1.19,21.55,19.5529,0.6734,3.030
6506,50.000,0.006,0.006,8.292,8.292,6.030,0.006,0.006,1.554,1.554,9.859,1.20,23.00,21.0000,0.9859,4.436
6507,45.000,0.006,0.006,7.652,7.652,5.881,0.005,0.005,1.404,1.404,9.067,1.20,24.24,22.2426,0.9067,4.080
6508,30.000,0.006,0.006,5.202,5.202,5.766,0.001,0.001,0.939,0.939,6.149,1.20,25.20,23.1962,0.6149,2.767
6509,20.000,0.006,0.006,3.512,3.512,5.695,0.001,0.001,0.627,0.627,4.146,1.21,25.80,23.7956,0.4146,1.866
6510,25.000,0.006,0.006,4.409,4.409,5.670,0.001,0.001,0.784,0.784,5.200,1.21,26.00,24.0000,0.5200,2.340
6511,35.000,0.006,0.006,6.146,6.146,5.695,0.002,0.002,1.097,1.097,7.252,1.21,25.80,23.7956,0.7252,3.263
6512,50.000,0.006,0.006,8.671,8.671,5.766,0.006,0.006,1.565,1.565,10.248,1.20,25.20,23.1962,1.0248,4.611
6513,45.000,0.006,0.006,7.652,7.652,5.881,0.005,0.005,1.404,1.404,9.067,1.20,24.24,22.2426,0.9067,4.080
6514,30.000,0.006,0.006,4.975,4.975,6.030,0.001,0.001,0.933,0.933,5.915,1.20,23.00,21.0000,0.5915,2.662
6515,20.000,0.006,0.006,3.224,3.224,6.204,0.001,0.001,0.619,0.619,3.850,1.19,21.55,19.5529,0.3850,1.732
6516,25.000,0.006,0.006,3.912,3.912,6.390,0.001,0.001,0.771,0.771,4.690,1.19,20.00,18.0000,0.4690,2.111
6517,35.000,0.006,0.006,5.322,5.322,6.576,0.002,0.002,1.075,1.075,6.406,1.18,18.45,16.4471,0.6406,2.882
6518,50.000,0.006,0.006,7.407,7.407,6.750,0.006,0.006,1.531,1.531,8.951,1.18,17.00,15.0000,0.8951,4.028
6519,45.000,0.006,0.006,6.523,6.523,6.899,0.005,0.005,1.374,1.374,7.907,1.18,15.76,13.7574,0.7907,3.558
6520,30.000,0.006,0.006,4.277,4.277,7.014,0.001,0.001,0.914,0.914,5.199,1.17,14.80,12.8038,0.5199,2.339
6521,20.000,0.006,0.006,2.823,2.823,7.085,0.001,0.001,0.609,0.609,3.438,1.17,14.20,12.2044,0.3438,1.547
6522,25.000,0.006,0.006,3.516,3.516,7.110,0.001,0.001,0.760,0.760,4.283,1.17,14.00,12.0000,0.4283,1.928
6523,35.000,0.006,0.006,4.940,4.940,7.085,0.002,0.002,1.065,1.065,6.013,1.17,14.20,12.2044,0.6013,2.706
6524,50.000,0.006,0.006,7.129,7.129,7.014,0.006,0.006,1.523,1.523,8.665,1.17,14.80,12.8038,0.8665,3.899
6525,45.000,0.006,0.006,6.523,6.523,6.899,0.005,0.005,1.374,1.374,7.907,1.18,15.76,13.7574,0.7907,3.558
6526,30.000,0.006,0.006,4.444,4.444,6.750,0.001,0.001,0.919,0.919,5.370,1.18,17.00,15.0000,0.5370,2.417
6527,20.000,0.006,0.006,3.041,3.041,6.576,0.001,0.001,0.614,0.614,3.662,1.18,18.45,16.4471,0.3662,1.648
6528,25.000,0.006,0.006,3.912,3.912,6.390,0.001,0.001,0.771,0.771,4.690,1.19,20.00,18.0000,0.4690,2.111
6529,35.000,0.006,0.006,5.642,5.642,6.204,0.002,0.002,1.084,1.084,6.734,1.19,21.55,19.5529,0.6734,3.030
6530,50.000,0.006,0.006,8.292,8.292,6.030,0.006,0.006,1.554,1.554,9.859,1.20,23.00,21.0000,0.9859,4.436
6531,45.000,0.006,0.006,7.652,7.652,5.881,0.005,0.005,1.404,1.404,9.067,1.20,24.24,22.2426,0.9067,4.080
6532,30.000,0.006,0.006,5.202,5.202,5.766,0.001,0.001,0.939,0.939,6.149,1.20,25.20,23.1962,0.6149,2.767
6533,20.000,0.006,0.006,3.512,3.512,5.695,0.001,0.001,0.627,0.627,4.146,1.21,25.80,23.7956,0.4146,1.866
6534,25.000,0.006,0.006,4.409,4.409,5.670,0.001,0.001,0.784,0.784,5.200,1.21,26.00,24.0000,0.5200,2.340
6535,35.000,0.006,0.006,6.146,6.146,5.695,0.002,0.002,1.097,1.097,7.252,1.21,25.80,23.7956,0.7252,3.263
6536,50.000,0.006,0.006,8.671,8.671,5.766,0.006,0.006,1.565,1.565,10.248,1.20,25.20,23.1962,1.0248,4.611
6537,45.000,0.006,0.006,7.652,7.652,5.881,0.005,0.005,1.404,1.404,9.067,1.20,24.24,22.2426,0.9067,4.080
6538,30.000,0.006,0.006,4.975,4.975,6.030,0.001,0.001,0.933,0.933,5.915,1.20,23.00,21.0000,0.5915,2.662
6539,20.000,0.006,0.006,3.224,3.224,6.204,0.001,0.001,0.619,0.619,3.850,1.19,21.55,19.5529,0.3850,1.732
6540,25.000,0.006,0.006,3.912,3.912,6.390,0.001,0.001,0.771,0.771,4.690,1.19,20.00,18.0000,0.4690,2.111
6541,35.000,0.006,0.006,5.322,5.322,6.576,0.002,0.002,1.075,1.075,6.406,1.18,18.45,16.4471,0.6406,2.882
6542,50.000,0.006,0.006,7.407,7.407,6.750,0.006,0.006,1.531,1.531,8.951,1.18,17.00,15.0000,0.8951,4.028
6543,45.000,0.006,0.006,6.523,6.523,6.899,0.005,0.005,1.374,1.374,7.907,1.18,15.76,13.7574,0.7907,3.558
6544,30.000,0.006,0.006,4.277,4.277,7.014,0.001,0.001,0.914,0.914,5.199,1.17,14.80,12.8038,0.5199,2.339
6545,20.000,0.006,0.006,2.823,2.823,7.085,0.001,0.001,0.609,0.609,3.438,1.17,14.20,12.2044,0.3438,1.547
6546,25.000,0.006,0.006,3.516,3.516,7.110,0.001,0.001,0.760,0.760,4.283,1.17,14.00,12.0000,0.4283,1.928
6547,35.000,0.006,0.006,4.940,4.940,7.085,0.002,0.002,1.065,1.065,6.013,1.17,14.20,12.2044,0.6013,2.706
6548,50.000,0.006,0.006,7.129,7.129,7.014,0.006,0.006,1.523,1.523,8.665,1.17,14.80,12.8038,0.8665,3.899
6549,45.000,0.006,0.006,6.523,6.523,6.899,0.005,0.005,1.374,1.374,7.907,1.18,15.76,13.7574,0.7907,3.558
6550,30.000,0.006,0.006,4.444,4.444,6.750,0.001,0.001,0.919,0.919,5.370,1.18,17.00,15.0000,0.5370,2.417
6551,20.000,0.006,0.006,3.041,3.041,6.576,0.001,0.001,0.614,0.614,3.662,1.18,18.45,16.4471,0.3662,1.648
6552,25.000,0.006,0.006,3.912,3.912,6.390,0.001,0.001,0.771,0.771,4.690,1.19,20.00,18.0000,0.4690,2.111
6553,35.000,0.006,0.006,5.642,5.642,6.204,0.002,0.002,1.084,1.084,6.734,1.19,21.55,19.5529,0.6734,3.030
6554,50.000,0.006,0.006,8.292,8.292,6.030,0.006,0.006,1.554,1.554,9.859,1.20,23.00,21.0000,0.9859,4.436
6555,45.000,0.006,0.006,7.652,7.652,5.881,0.005,0.005,1.404,1.404,9.067,1.20,24.24,22.2426,0.9067,4.080
6556,30.000,0.006,0.006,5.202,5.202,5.766,0.001,0.001,0.939,0.939,6.149,1.20,25.20,23.1962,0.6149,2.767
6557,20.000,0.006,0.006,3.512,3.512,5.695,0.001,0.001,0.627,0.627,4.146,1.21,25.80,23.7956,0.4146,1.866
6558,25.000,0.006,0.006,4.409,4.409,5.670,0.001,0.001,0.784,0.784,5.200,1.21,26.00,24.0000,0.5200,2.340
6559,35.000,0.006,0.006,6.146,6.146,5.695,0.002,0.002,1.097,1.097,7.252,1.21,25.80,23.7956,0.7252,3.263
6560,50.000,0.006,0.006,8.671,8.671,5.766,0.006,0.006,1.565,1.565,10.248,1.20,25.20,23.1962,1.0248,4.611
6561,45.000,0.006,0.006,7.652,7.652,5.881,0.005,0.005,1.404,1.404,9.067,1.20,24.24,22.2426,0.9067,4.080
6562,30.000,0.006,0.006,4.975,4.975,6.030,0.001,0.001,0.933,0.933,5.915,1.20,23.00,21.0000,0.5915,2.662
6563,20.000,0.006,0.006,3.224,3.224,6.204,0.001,0.001,0.619,0.619,3.850,1.19,21.55,19.5529,0.3850,1.732
6564,25.000,0.006,0.006,3.912,3.912,6.390,0.001,0.001,0.771,0.771,4.690,1.19,20.00,18.0000,0.4690,2.111
6565,35.000,0.006,0.006,5.322,5.322,6.576,0.002,0.002,1.075,1.075,6.406,1.18,18.45,16.4471,0.6406,2.882
6566,50.000,0.006,0.006,7.407,7.407,6.750,0.006,0.006,1.531,1.531,8.951,1.18,17.00,15.0000,0.8951,4.028
6567,45.000,0.006,0.006,6.523,6.523,6.899,0.005,0.005,1.374,1.374,7.907,1.18,15.76,13.7574,0.7907,3.558
6568,30.000,0.006,0.006,4.277,4.277,7.014,0.001,0.001,0.914,0.914,5.199,1.17,14.80,12.8038,0.5199,2.339
6569,20.000,0.006,0.006,2.823,2.823,7.085,0.001,0.001,0.609,0.609,3.438,1.17,14.20,12.2044,0.3438,1.547
6570,25.000,0.006,0.006,3.516,3.516,7.110,0.001,0.001,0.760,0.760,4.283,1.17,14.00,12.0000,0.4283,1.928
6571,35.000,0.006,0.006,4.940,4.940,7.085,0.002,0.002,1.065,1.065,6.013,1.17,14.20,12.2044,0.6013,2.706
6572,50.000,0.006,0.006,7.129,7.129,7.014,0.006,0.006,1.523,1.523,8.665,1.17,14.80,12.8038,0.8665,3.899
6573,45.000,0.006,0.006,6.523,6.523,6.899,0.005,0.005,1.374,1.374,7.907,1.18,15.76,13.7574,0.7907,3.558
6574,30.000,0.006,0.006,4.444,4.444,6.750,0.001,0.001,0.919,0.919,5.370,1.18,17.00,15.0000,0.5370,2.417
6575,20.000,0.006,0.006,3.041,3.041,6.576,0.001,0.001,0.614,0.614,3.662,1.18,18.45,16.4471,0.3662,1.648
6576,25.000,0.006,0.006,3.912,3.912,6.390,0.001,0.001,0.771,0.771,4.690,1.19,20.00,18.0000,0.4690,2.111
6577,35.000,0.006,0.006,5.642,5.642,6.204,0.002,0.002,1.084,1.084,6.734,1.19,21.55,19.5529,0.6734,3.030
6578,50.000,0.006,0.006,8.292,8.292,6.030,0.006,0.006,1.554,1.554,9.859,1.20,23.00,21.0000,0.9859,4.436
6579,45.000,0.006,0.006,7.652,7.652,5.881,0.005,0.005,1.404,1.404,9.067,1.20,24.24,22.2426,0.9067,4.080
6580,30.000,0.006,0.006,5.202,5.202,5.766,0.001,0.001,0.939,0.939,6.149,1.20,25.20,23.1962,0.6149,2.767
6581,20.000,0.006,0.006,3.512,3.512,5.695,0.001,0.001,0.627,0.627,4.146,1.21,25.80,23.7956,0.4146,1.866
6582,25.000,0.006,0.006,4.409,4.409,5.670,0.001,0.001,0.784,0.784,5.200,1.21,26.00,24.0000,0.5200,2.340
6583,35.000,0.006,0.006,6.146,6.146,5.695,0.002,0.002,1.097,1.097,7.252,1.21,25.80,23.7956,0.7252,3.263
6584,50.000,0.006,0.006,8.671,8.671,5.766,0.006,0.006,1.565,1.565,10.248,1.20,25.20,23.1962,1.0248,4.611
6585,45.000,0.006,0.006,7.652,7.652,5.881,0.005,0.005,1.404,1.404,9.067,1.20,24.24,22.2426,0.9067,4.080
6586,30.000,0.006,0.006,4.975,4.975,6.030,0.001,0.001,0.933,0.933,5.915,1.20,23.00,21.0000,0.5915,2.662
6587,20.000,0.006,0.006,3.224,3.224,6.204,0.001,0.001,0.619,0.619,3.850,1.19,21.55,19.5529,0.3850,1.732
6588,25.000,0.006,0.006,3.912,3.912,6.390,0.001,0.001,0.771,0.771,4.690,1.19,20.00,18.0000,0.4690,2.111
6589,35.000,0.006,0.006,5.322,5.322,6.576,0.002,0.002,1.075,1.075,6.406,1.18,18.45,16.4471,0.6406,2.882
6590,50.000,0.006,0.006,7.407,7.407,6.750,0.006,0.006,1.531,1.531,8.951,1.18,17.00,15.0000,0.8951,4.028
6591,45.000,0.006,0.006,6.523,6.523,6.899,0.005,0.005,1.374,1.374,7.907,1.18,15.76,13.7574,0.7907,3.558
6592,30.000,0.006,0.006,4.277,4.277,7.014,0.001,0.001,0.914,0.914,5.199,1.17,14.80,12.8038,0.5199,2.339
6593,20.000,0.006,0.006,2.823,2.823,7.085,0.001,0.001,0.609,0.609,3.438,1.17,14.20,12.2044,0.3438,1.547
6594,25.000,0.006,0.006,3.516,3.516,7.110,0.001,0.001,0.760,0.760,4.283,1.17,14.00,12.0000,0.4283,1.928
6595,35.000,0.006,0.006,4.940,4.940,7.085,0.002,0.002,1.065,1.065,6.013,1.17,14.20,12.2044,0.6013,2.706
6596,50.000,0.006,0.006,7.129,7.129,7.014,0.006,0.006,1.523,1.523,8.665,1.17,14.80,12.8038,0.8665,3.899
6597,45.000,0.006,0.006,6.523,6.523,6.899,0.005,0.005,1.374,1.374,7.907,1.18,15.76,13.7574,0.7907,3.558
6598,30.000,0.006,0.006,4.444,4.444,6.750,0.001,0.001,0.919,0.919,5.370,1.18,17.00,15.0000,0.5370,2.417
6599,20.000,0.006,0.006,3.041,3.041,6.576,0.001,0.001,0.614,0.614,3.662,1.18,18.45,16.4471,0.3662,1.648
6600,25.000,0.006,0.006,3.912,3.912,6.390,0.001,0.001,0.771,0.771,4.690,1.19,20.00,18.0000,0.4690,2.111
6601,35.000,0.006,0.006,5.642,5.642,6.204,0.002,0.002,1.084,1.084,6.734,1.19,21.55,19.5529,0.6734,3.030
6602,50.000,0.006,0.006,8.292,8.292,6.030,0.006,0.006,1.554,1.554,9.859,1.20,23.00,21.0000,0.9859,4.436
6603,45.000,0.006,0.006,7.652,7.652,5.881,0.005,0.005,1.404,1.404,9.067,1.20,24.24,22.2426,0.9067,4.080
6604,30.000,0.006,0.006,5.202,5.202,5.766,0.001,0.001,0.939,0.939,6.149,1.20,25.20,23.1962,0.6149,2.767
6605,20.000,0.006,0.006,3.512,3.512,5.695,0.001,0.001,0.627,0.627,4.146,1.21,25.80,23.7956,0.4146,1.866
6606,25.000,0.006,0.006,4.409,4.409,5.670,0.001,0.001,0.784,0.784,5.200,1.21,26.00,24.0000,0.5200,2.340
6607,35.000,0.006,0.006,6.146,6.146,5.695,0.002,0.002,1.097,1.097,7.252,1.21,25.80,23.7956,0.7252,3.263
6608,50.000,0.006,0.006,8.671,8.671,5.766,0.006,0.006,1.565,1.565,10.248,1.20,25.20,23.1962,1.0248,4.611
6609,45.000,0.006,0.006,7.652,7.652,5.881,0.005,0.005,1.404,1.404,9.067,1.20,24.24,22.2426,0.9067,4.080
6610,30.000,0.006,0.006,4.975,4.975,6.030,0.001,0.001,0.933,0.933,5.915,1.20,23.00,21.0000,0.5915,2.662
6611,20.000,0.006,0.006,3.224,3.224,6.204,0.001,0.001,0.619,0.619,3.850,1.19,21.55,19.5529,0.3850,1.732
6612,25.000,0.006,0.006,3.912,3.912,6.390,0.001,0.001,0.771,0.771,4.690,1.19,20.00,18.0000,0.4690,2.111
6613,35.000,0.006,0.006,5.322,5.322,6.576,0.002,0.002,1.075,1.075,6.406,1.18,18.45,16.4471,0.6406,2.882
6614,50.000,0.006,0.006,7.407,7.407,6.750,0.006,0.006,1.531,1.531,8.951,1.18,17.00,15.0000,0.8951,4.028
6615,45.000,0.006,0.006,6.523,6.523,6.899,0.005,0.005,1.374,1.374,7.907,1.18,15.76,13.7574,0.7907,3.558
6616,30.000,0.006,0.006,4.277,4.277,7.014,0.001,0.001,0.914,0.914,5.199,1.17,14.80,12.8038,0.5199,2.339
6617,20.000,0.006,0.006,2.823,2.823,7.085,0.001,0.001,0.609,0.609,3.438,1.17,14.20,12.2044,0.3438,1.547
6618,25.000,0.006,0.006,3.516,3.516,7.110,0.001,0.001,0.760,0.760,4.283,1.17,14.00,12.0000,0.4283,1.928
6619,35.000,0.006,0.006,4.940,4.940,7.085,0.002,0.002,1.065,1.065,6.013,1.17,14.20,12.2044,0.6013,2.706
6620,50.000,0.006,0.006,7.129,7.129,7.014,0.006,0.006,1.523,1.523,8.665,1.17,14.80,12.8038,0.8665,3.899
6621,45.000,0.006,0.006,6.523,6.523,6.899,0.005,0.005,1.374,1.374,7.907,1.18,15.76,13.7574,0.7907,3.558
6622,30.000,0.006,0.006,4.444,4.444,6.750,0.001,0.001,0.919,0.919,5.370,1.18,17.00,15.0000,0.5370,2.417
6623,20.000,0.006,0.006,3.041,3.041,6.576,0.001,0.001,0.614,0.614,3.662,1.18,18.45,16.4471,0.3662,1.648
6624,25.000,0.006,0.006,3.912,3.912,6.390,0.001,0.001,0.771,0.771,4.690,1.19,20.00,18.0000,0.4690,2.111
6625,35.000,0.006,0.006,5.642,5.642,6.204,0.002,0.002,1.084,1.084,6.734,1.19,21.55,19.5529,0.6734,3.030
6626,50.000,0.006,0.006,8.292,8.292,6.030,0.006,0.006,1.554,1.554,9.859,1.20,23.00,21.0000,0.9859,4.436
6627,45.000,0.006,0.006,7.652,7.652,5.881,0.005,0.005,1.404,1.404,9.067,1.20,24.24,22.2426,0.9067,4.080
6628,30.000,0.006,0.006,5.202,5.202,5.766,0.001,0.001,0.939,0.939,6.149,1.20,25.20,23.1962,0.6149,2.767
6629,20.000,0.006,0.006,3.512,3.512,5.695,0.001,0.001,0.627,0.627,4.146,1.21,25.80,23.7956,0.4146,1.866
6630,25.000,0.006,0.006,4.409,4.409,5.670,0.001,0.001,0.784,0.784,5.200,1.21,26.00,24.0000,0.5200,2.340
6631,35.000,0.006,0.006,6.146,6.146,5.695,0.002,0.002,1.097,1.097,7.252,1.21,25.80,23.7956,0.7252,3.263
6632,50.000,0.006,0.006,8.671,8.671,5.766,0.006,0.006,1.565,1.565,10.248,1.20,25.20,23.1962,1.0248,4.611
6633,45.000,0.006,0.006,7.652,7.652,5.881,0.005,0.005,1.404,1.404,9.067,1.20,24.24,22.2426,0.9067,4.080
6634,30.000,0.006,0.006,4.975,4.975,6.030,0.001,0.001,0.933,0.933,5.915,1.20,23.00,21.0000,0.5915,2.662
6635,20.000,0.006,0.006,3.224,3.224,6.204,0.001,0.001,0.619,0.619,3.850,1.19,21.55,19.5529,0.3850,1.732
6636,25.000,0.006,0.006,3.912,3.912,6.390,0.001,0.001,0.771,0.771,4.690,1.19,20.00,18.0000,0.4690,2.111
6637,35.000,0.006,0.006,5.322,5.322,6.576,0.002,0.002,1.075,1.075,6.406,1.18,18.45,16.4471,0.6406,2.882
6638,50.000,0.006,0.006,7.407,7.407,6.750,0.006,0.006,1.531,1.531,8.951,1.18,17.00,15.0000,0.8951,4.028
6639,45.000,0.006,0.006,6.523,6.523,6.899,0.005,0.005,1.374,1.374,7.907,1.18,15.76,13.7574,0.7907,3.558
6640,30.000,0.006,0.006,4.277,4.277,7.014,0.001,0.001,0.914,0.914,5.199,1.17,14.80,12.8038,0.5199,2.339
6641,20.000,0.006,0.006,2.823,2.823,7.085,0.001,0.001,0.609,0.609,3.438,1.17,14.20,12.2044,0.3438,1.547
6642,25.000,0.006,0.006,3.516,3.516,7.110,0.001,0.001,0.760,0.760,4.283,1.17,14.00,12.0000,0.4283,1.928
6643,35.000,0.006,0.006,4.940,4.940,7.085,0.002,0.002,1.065,1.065,6.013,1.17,14.20,12.2044,0.6013,2.706
6644,50.000,0.006,0.006,7.129,7.129,7.014,0.006,0.006,1.523,1.523,8.665,1.17,14.80,12.8038,0.8665,3.899
6645,45.000,0.006,0.006,6.523,6.523,6.899,0.005,0.005,1.374,1.374,7.907,1.18,15.76,13.7574,0.7907,3.558
6646,30.000,0.006,0.006,4.444,4.444,6.750,0.001,0.001,0.919,0.919,5.370,1.18,17.00,15.0000,0.5370,2.417
6647,20.000,0.006,0.006,3.041,3.041,6.576,0.001,0.001,0.614,0.614,3.662,1.18,18.45,16.4471,0.3662,1.648
6648,25.000,0.006,0.006,3.912,3.912,6.390,0.001,0.001,0.771,0.771,4.690,1.19,20.00,18.0000,0.4690,2.111
6649,35.000,0.006,0.006,5.642,5.642,6.204,0.002,0.002,1.084,1.084,6.734,1.19,21.55,19.5529,0.6734,3.030
6650,50.000,0.006,0.006,8.292,8.292,6.030,0.006,0.006,1.554,1.554,9.859,1.20,23.00,21.0000,0.9859,4.436
6651,45.000,0.006,0.006,7.652,7.652,5.881,0.005,0.005,1.404,1.404,9.067,1.20,24.24,22.2426,0.9067,4.080
6652,30.000,0.006,0.006,5.202,5.202,5.766,0.001,0.001,0.939,0.939,6.149,1.20,25.20,23.1962,0.6149,2.767
6653,20.000,0.006,0.006,3.512,3.512,5.695,0.001,0.001,0.627,0.627,4.146,1.21,25.80,23.7956,0.4146,1.866
6654,25.000,0.006,0.006,4.409,4.409,5.670,0.001,0.001,0.784,0.784,5.200,1.21,26.00,24.0000,0.5200,2.340
6655,35.000,0.006,0.006,6.146,6.146,5.695,0.002,0.002,1.097,1.097,7.252,1.21,25.80,23.7956,0.7252,3.263
6656,50.000,0.006,0.006,8.671,8.671,5.766,0.006,0.006,1.565,1.565,10.248,1.20,25.20,23.1962,1.0248,4.611
6657,45.000,0.006,0.006,7.652,7.652,5.881,0.005,0.005,1.404,1.404,9.067,1.20,24.24,22.2426,0.9067,4.080
6658,30.000,0.006,0.006,4.975,4.975,6.030,0.001,0.001,0.933,0.933,5.915,1.20,23.00,21.0000,0.5915,2.662
6659,20.000,0.006,0.006,3.224,3.224,6.204,0.001,0.001,0.619,0.619,3.850,1.19,21.55,19.5529,0.3850,1.732
6660,25.000,0.006,0.006,3.912,3.912,6.390,0.001,0.001,0.771,0.771,4.690,1.19,20.00,18.0000,0.4690,2.111
6661,35.000,0.006,0.006,5.322,5.322,6.576,0.002,0.002,1.075,1.075,6.406,1.18,18.45,16.4471,0.6406,2.882
6662,50.000,0.006,0.006,7.407,7.407,6.750,0.006,0.006,1.531,1.531,8.951,1.18,17.00,15.0000,0.8951,4.028
6663,45.000,0.006,0.006,6.523,6.523,6.899,0.005,0.005,1.374,1.374,7.907,1.18,15.76,13.7574,0.7907,3.558
6664,30.000,0.006,0.006,4.277,4.277,7.014,0.001,0.001,0.914,0.914,5.199,1.17,14.80,12.8038,0.5199,2.339
6665,20.000,0.006,0.006,2.823,2.823,7.085,0.001,0.001,0.609,0.609,3.438,1.17,14.20,12.2044,0.3438,1.547
6666,25.000,0.006,0.006,3.516,3.516,7.110,0.001,0.001,0.760,0.760,4.283,1.17,14.00,12.0000,0.4283,1.928
6667,35.000,0.006,0.006,4.940,4.940,7.085,0.002,0.002,1.065,1.065,6.013,1.17,14.20,12.2044,0.6013,2.706
6668,50.000,0.006,0.006,7.129,7.129,7.014,0.006,0.006,1.523,1.523,8.665,1.17,14.80,12.8038,0.8665,3.899
6669,45.000,0.006,0.006,6.523,6.523,6.899,0.005,0.005,1.374,1.374,7.907,1.18,15.76,13.7574,0.7907,3.558
6670,30.000,0.006,0.006,4.444,4.444,6.750,0.001,0.001,0.919,0.919,5.370,1.18,17.00,15.0000,0.5370,2.417
6671,20.000,0.006,0.006,3.041,3.041,6.576,0.001,0.001,0.614,0.614,3.662,1.18,18.45,16.4471,0.3662,1.648
6672,25.000,0.006,0.006,3.912,3.912,6.390,0.001,0.001,0.771,0.771,4.690,1.19,20.00,18.0000,0.4690,2.111
6673,35.000,0.006,0.006,5.642,5.642,6.204,0.002,0.002,1.084,1.084,6.734,1.19,21.55,19.5529,0.6734,3.030
6674,50.000,0.006,0.006,8.292,8.292,6.030,0.006,0.006,1.554,1.554,9.859,1.20,23.00,21.0000,0.9859,4.436
6675,45.000,0.006,0.006,7.652,7.652,5.881,0.005,0.005,1.404,1.404,9.067,1.20,24.24,22.2426,0.9067,4.080
6676,30.000,0.006,0.006,5.202,5.202,5.766,0.001,0.001,0.939,0.939,6.149,1.20,25.20,23.1962,0.6149,2.767
6677,20.000,0.006,0.006,3.512,3.512,5.695,0.001,0.001,0.627,0.627,4.146,1.21,25.80,23.7956,0.4146,1.866
6678,25.000,0.006,0.006,4.409,4.409,5.670,0.001,0.001,0.784,0.784,5.200,1.21,26.00,24.0000,0.5200,2.340
6679,35.000,0.006,0.006,6.146,6.146,5.695,0.002,0.002,1.097,1.097,7.252,1.21,25.80,23.7956,0.7252,3.263
6680,50.000,0.006,0.006,8.671,8.671,5.766,0.006,0.006,1.565,1.565,10.248,1.20,25.20,23.1962,1.0248,4.611
6681,45.000,0.006,0.006,7.652,7.652,5.881,0.005,0.005,1.404,1.404,9.067,1.20,24.24,22.2426,0.9067,4.080
6682,30.000,0.006,0.006,4.975,4.975,6.030,0.001,0.001,0.933,0.933,5.915,1.20,23.00,21.0000,0.5915,2.662
6683,20.000,0.006,0.006,3.224,3.224,6.204,0.001,0.001,0.619,0.619,3.850,1.19,21.55,19.5529,0.3850,1.732
6684,25.000,0.006,0.006,3.912,3.912,6.390,0.001,0.001,0.771,0.771,4.690,1.19,20.00,18.0000,0.4690,2.111
6685,35.000,0.006,0.006,5.322,5.322,6.576,0.002,0.002,1.075,1.075,6.406,1.18,18.45,16.4471,0.6406,2.882
6686,50.000,0.006,0.006,7.407,7.407,6.750,0.006,0.006,1.531,1.531,8.951,1.18,17.00,15.0000,0.8951,4.028
6687,45.000,0.006,0.006,6.523,6.523,6.899,0.005,0.005,1.374,1.374,7.907,1.18,15.76,13.7574,0.7907,3.558
6688,30.000,0.006,0.006,4.277,4.277,7.014,0.001,0.001,0.914,0.914,5.199,1.17,14.80,12.8038,0.5199,2.339
6689,20.000,0.006,0.006,2.823,2.823,7.085,0.001,0.001,0.609,0.609,3.438,1.17,14.20,12.2044,0.3438,1.547
6690,25.000,0.006,0.006,3.516,3.516,7.110,0.001,0.001,0.760,0.760,4.283,1.17,14.00,12.0000,0.4283,1.928
6691,35.000,0.006,0.006,4.940,4.940,7.085,0.002,0.002,1.065,1.065,6.013,1.17,14.20,12.2044,0.6013,2.706
6692,50.000,0.006,0.006,7.129,7.129,7.014,0.006,0.006,1.523,1.523,8.665,1.17,14.80,12.8038,0.8665,3.899
6693,45.000,0.006,0.006,6.523,6.523,6.899,0.005,0.005,1.374,1.374,7.907,1.18,15.76,13.7574,0.7907,3.558
6694,30.000,0.006,0.006,4.444,4.444,6.750,0.001,0.001,0.919,0.919,5.370,1.18,17.00,15.0000,0.5370,2.417
6695,20.000,0.006,0.006,3.041,3.041,6.576,0.001,0.001,0.614,0.614,3.662,1.18,18.45,16.4471,0.3662,1.648
6696,25.000,0.006,0.006,3.912,3.912,6.390,0.001,0.001,0.771,0.771,4.690,1.19,20.00,18.0000,0.4690,2.111
6697,35.000,0.006,0.006,5.642,5.642,6.204,0.002,0.002,1.084,1.084,6.734,1.19,21.55,19.5529,0.6734,3.030
6698,50.000,0.006,0.006,8.292,8.292,6.030,0.006,0.006,1.554,1.554,9.859,1.20,23.00,21.0000,0.9859,4.436
6699,45.000,0.006,0.006,7.652,7.652,5.881,0.005,0.005,1.404,1.404,9.067,1.20,24.24,22.2426,0.9067,4.080
6700,30.000,0.006,0.006,5.202,5.202,5.766,0.001,0.001,0.939,0.939,6.149,1.20,25.20,23.1962,0.6149,2.767
6701,20.000,0.006,0.006,3.512,3.512,5.695,0.001,0.001,0.627,0.627,4.146,1.21,25.80,23.7956,0.4146,1.866
6702,25.000,0.006,0.006,4.409,4.409,5.670,0.001,0.001,0.784,0.784,5.200,1.21,26.00,24.0000,0.5200,2.340
6703,35.000,0.006,0.006,6.146,6.146,5.695,0.002,0.002,1.097,1.097,7.252,1.21,25.80,23.7956,0.7252,3.263
6704,50.000,0.006,0.006,8.671,8.671,5.766,0.006,0.006,1.565,1.565,10.248,1.20,25.20,23.1962,1.0248,4.611
6705,45.000,0.006,0.006,7.652,7.652,5.881,0.005,0.005,1.404,1.404,9.067,1.20,24.24,22.2426,0.9067,4.080
6706,30.000,0.006,0.006,4.975,4.975,6.030,0.001,0.001,0.933,0.933,5.915,1.20,23.00,21.0000,0.5915,2.662
6707,20.000,0.006,0.006,3.224,3.224,6.204,0.001,0.001,0.619,0.619,3.850,1.19,21.55,19.5529,0.3850,1.732
6708,25.000,0.006,0.006,3.912,3.912,6.390,0.001,0.001,0.771,0.771,4.690,1.19,20.00,18.0000,0.4690,2.111
6709,35.000,0.006,0.006,5.322,5.322,6.576,0.002,0.002,1.075,1.075,6.406,1.18,18.45,16.4471,0.6406,2.882
6710,50.000,0.006,0.006,7.407,7.407,6.750,0.006,0.006,1.531,1.531,8.951,1.18,17.00,15.0000,0.8951,4.028
6711,45.000,0.006,0.006,6.523,6.523,6.899,0.005,0.005,1.374,1.374,7.907,1.18,15.76,13.7574,0.7907,3.558
6712,30.000,0.006,0.006,4.277,4.277,7.014,0.001,0.001,0.914,0.914,5.199,1.17,14.80,12.8038,0.5199,2.339
6713,20.000,0.006,0.006,2.823,2.823,7.085,0.001,0.001,0.609,0.609,3.438,1.17,14.20,12.2044,0.3438,1.547
6714,25.000,0.006,0.006,3.516,3.516,7.110,0.001,0.001,0.760,0.760,4.283,1.17,14.00,12.0000,0.4283,1.928
6715,35.000,0.006,0.006,4.940,4.940,7.085,0.002,0.002,1.065,1.065,6.013,1.17,14.20,12.2044,0.6013,2.706
6716,50.000,0.006,0.006,7.129,7.129,7.014,0.006,0.006,1.523,1.523,8.665,1.17,14.80,12.8038,0.8665,3.899
6717,45.000,0.006,0.006,6.523,6.523,6.899,0.005,0.005,1.374,1.374,7.907,1.18,15.76,13.7574,0.7907,3.558
6718,30.000,0.006,0.006,4.444,4.444,6.750,0.001,0.001,0.919,0.919,5.370,1.18,17.00,15.0000,0.5370,2.417
6719,20.000,0.006,0.006,3.041,3.041,6.576,0.001,0.001,0.614,0.614,3.662,1.18,18.45,16.4471,0.3662,1.648
6720,25.000,0.006,0.006,3.912,3.912,6.390,0.001,0.001,0.771,0.771,4.690,1.19,20.00,18.0000,0.4690,2.111
6721,35.000,0.006,0.006,5.642,5.642,6.204,0.002,0.002,1.084,1.084,6.734,1.19,21.55,19.5529,0.6734,3.030
6722,50.000,0.006,0.006,8.292,8.292,6.030,0.006,0.006,1.554,1.554,9.859,1.20,23.00,21.0000,0.9859,4.436
6723,45.000,0.006,0.006,7.652,7.652,5.881,0.005,0.005,1.404,1.404,9.067,1.20,24.24,22.2426,0.9067,4.080
6724,30.000,0.006,0.006,5.202,5.202,5.766,0.001,0.001,0.939,0.939,6.149,1.20,25.20,23.1962,0.6149,2.767
6725,20.000,0.006,0.006,3.512,3.512,5.695,0.001,0.001,0.627,0.627,4.146,1.21,25.80,23.7956,0.4146,1.866
6726,25.000,0.006,0.006,4.409,4.409,5.670,0.001,0.001,0.784,0.784,5.200,1.21,26.00,24.0000,0.5200,2.340
6727,35.000,0.006,0.006,6.146,6.146,5.695,0.002,0.002,1.097,1.097,7.252,1.21,25.80,23.7956,0.7252,3.263
6728,50.000,0.006,0.006,8.671,8.671,5.766,0.006,0.006,1.565,1.565,10.248,1.20,25.20,23.1962,1.0248,4.611
6729,45.000,0.006,0.006,7.652,7.652,5.881,0.005,0.005,1.404,1.404,9.067,1.20,24.24,22.2426,0.9067,4.080
6730,30.000,0.006,0.006,4.975,4.975,6.030,0.001,0.001,0.933,0.933,5.915,1.20,23.00,21.0000,0.5915,2.662
6731,20.000,0.006,0.006,3.224,3.224,6.204,0.001,0.001,0.619,0.619,3.850,1.19,21.55,19.5529,0.3850,1.732
6732,25.000,0.006,0.006,3.912,3.912,6.390,0.001,0.001,0.771,0.771,4.690,1.19,20.00,18.0000,0.4690,2.111
6733,35.000,0.006,0.006,5.322,5.322,6.576,0.002,0.002,1.075,1.075,6.406,1.18,18.45,16.4471,0.6406,2.882
6734,50.000,0.006,0.006,7.407,7.407,6.750,0.006,0.006,1.531,1.531,8.951,1.18,17.00,15.0000,0.8951,4.028
6735,45.000,0.006,0.006,6.523,6.523,6.899,0.005,0.005,1.374,1.374,7.907,1.18,15.76,13.7574,0.7907,3.558
6736,30.000,0.006,0.006,4.277,4.277,7.014,0.001,0.001,0.914,0.914,5.199,1.17,14.80,12.8038,0.5199,2.339
6737,20.000,0.006,0.006,2.823,2.823,7.085,0.001,0.001,0.609,0.609,3.438,1.17,14.20,12.2044,0.3438,1.547
6738,25.000,0.006,0.006,3.516,3.516,7.110,0.001,0.001,0.760,0.760,4.283,1.17,14.00,12.0000,0.4283,1.928
6739,35.000,0.006,0.006,4.940,4.940,7.085,0.002,0.002,1.065,1.065,6.013,1.17,14.20,12.2044,0.6013,2.706
6740,50.000,0.006,0.006,7.129,7.129,7.014,0.006,0.006,1.523,1.523,8.665,1.17,14.80,12.8038,0.8665,3.899
6741,45.000,0.006,0.006,6.523,6.523,6.899,0.005,0.005,1.374,1.374,7.907,1.18,15.76,13.7574,0.7907,3.558
6742,30.000,0.006,0.006,4.444,4.444,6.750,0.001,0.001,0.919,0.919,5.370,1.18,17.00,15.0000,0.5370,2.417
6743,20.000,0.006,0.006,3.041,3.041,6.576,0.001,0.001,0.614,0.614,3.662,1.18,18.45,16.4471,0.3662,1.648
6744,25.000,0.006,0.006,3.912,3.912,6.390,0.001,0.001,0.771,0.771,4.690,1.19,20.00,18.0000,0.4690,2.111
6745,35.000,0.006,0.006,5.642,5.642,6.204,0.002,0.002,1.084,1.084,6.734,1.19,21.55,19.5529,0.6734,3.030
6746,50.000,0.006,0.006,8.292,8.292,6.030,0.006,0.006,1.554,1.554,9.859,1.20,23.00,21.0000,0.9859,4.436
6747,45.000,0.006,0.006,7.652,7.652,5.881,0.005,0.005,1.404,1.404,9.067,1.20,24.24,22.2426,0.9067,4.080
6748,30.000,0.006,0.006,5.202,5.202,5.766,0.001,0.001,0.939,0.939,6.149,1.20,25.20,23.1962,0.6149,2.767
6749,20.000,0.006,0.006,3.512,3.512,5.695,0.001,0.001,0.627,0.627,4.146,1.21,25.80,23.7956,0.4146,1.866
6750,25.000,0.006,0.006,4.409,4.409,5.670,0.001,0.001,0.784,0.784,5.200,1.21,26.00,24.0000,0.5200,2.340
6751,35.000,0.006,0.006,6.146,6.146,5.695,0.002,0.002,1.097,1.097,7.252,1.21,25.80,23.7956,0.7252,3.263
6752,50.000,0.006,0.006,8.671,8.671,5.766,0.006,0.006,1.565,1.565,10.248,1.20,25.20,23.1962,1.0248,4.611
6753,45.000,0.006,0.006,7.652,7.652,5.881,0.005,0.005,1.404,1.404,9.067,1.20,24.24,22.2426,0.9067,4.080
6754,30.000,0.006,0.006,4.975,4.975,6.030,0.001,0.001,0.933,0.933,5.915,1.20,23.00,21.0000,0.5915,2.662
6755,20.000,0.006,0.006,3.224,3.224,6.204,0.001,0.001,0.619,0.619,3.850,1.19,21.55,19.5529,0.3850,1.732
6756,25.000,0.006,0.006,3.912,3.912,6.390,0.001,0.001,0.771,0.771,4.690,1.19,20.00,18.0000,0.4690,2.111
6757,35.000,0.006,0.006,5.322,5.322,6.576,0.002,0.002,1.075,1.075,6.406,1.18,18.45,16.4471,0.6406,2.882
6758,50.000,0.006,0.006,7.407,7.407,6.750,0.006,0.006,1.531,1.531,8.951,1.18,17.00,15.0000,0.8951,4.028
6759,45.000,0.006,0.006,6.523,6.523,6.899,0.005,0.005,1.374,1.374,7.907,1.18,15.76,13.7574,0.7907,3.558
6760,30.000,0.006,0.006,4.277,4.277,7.014,0.001,0.001,0.914,0.914,5.199,1.17,14.80,12.8038,0.5199,2.339
6761,20.000,0.006,0.006,2.823,2.823,7.085,0.001,0.001,0.609,0.609,3.438,1.17,14.20,12.2044,0.3438,1.547
6762,25.000,0.006,0.006,3.516,3.516,7.110,0.001,0.001,0.760,0.760,4.283,1.17,14.00,12.0000,0.4283,1.928
6763,35.000,0.006,0.006,4.940,4.940,7.085,0.002,0.002,1.065,1.065,6.013,1.17,14.20,12.2044,0.6013,2.706
6764,50.000,0.006,0.006,7.129,7.129,7.014,0.006,0.006,1.523,1.523,8.665,1.17,14.80,12.8038,0.8665,3.899
6765,45.000,0.006,0.006,6.523,6.523,6.899,0.005,0.005,1.374,1.374,7.907,1.18,15.76,13.7574,0.7907,3.558
6766,30.000,0.006,0.006,4.444,4.444,6.750,0.001,0.001,0.919,0.919,5.370,1.18,17.00,15.0000,0.5370,2.417
6767,20.000,0.006,0.006,3.041,3.041,6.576,0.001,0.001,0.614,0.614,3.662,1.18,18.45,16.4471,0.3662,1.648
6768,25.000,0.006,0.006,3.912,3.912,6.390,0.001,0.001,0.771,0.771,4.690,1.19,20.00,18.0000,0.4690,2.111
6769,35.000,0.006,0.006,5.642,5.642,6.204,0.002,0.002,1.084,1.084,6.734,1.19,21.55,19.5529,0.6734,3.030
6770,50.000,0.006,0.006,8.292,8.292,6.030,0.006,0.006,1.554,1.554,9.859,1.20,23.00,21.0000,0.9859,4.436
6771,45.000,0.006,0.006,7.652,7.652,5.881,0.005,0.005,1.404,1.404,9.067,1.20,24.24,22.2426,0.9067,4.080
6772,30.000,0.006,0.006,5.202,5.202,5.766,0.001,0.001,0.939,0.939,6.149,1.20,25.20,23.1962,0.6149,2.767
6773,20.000,0.006,0.006,3.512,3.512,5.695,0.001,0.001,0.627,0.627,4.146,1.21,25.80,23.7956,0.4146,1.866
6774,25.000,0.006,0.006,4.409,4.409,5.670,0.001,0.001,0.784,0.784,5.200,1.21,26.00,24.0000,0.5200,2.340
6775,35.000,0.006,0.006,6.146,6.146,5.695,0.002,0.002,1.097,1.097,7.252,1.21,25.80,23.7956,0.7252,3.263
6776,50.000,0.006,0.006,8.671,8.671,5.766,0.006,0.006,1.565,1.565,10.248,1.20,25.20,23.1962,1.0248,4.611
6777,45.000,0.006,0.006,7.652,7.652,5.881,0.005,0.005,1.404,1.404,9.067,1.20,24.24,22.2426,0.9067,4.080
6778,30.000,0.006,0.006,4.975,4.975,6.030,0.001,0.001,0.933,0.933,5.915,1.20,23.00,21.0000,0.5915,2.662
6779,20.000,0.006,0.006,3.224,3.224,6.204,0.001,0.001,0.619,0.619,3.850,1.19,21.55,19.5529,0.3850,1.732
6780,25.000,0.006,0.006,3.912,3.912,6.390,0.001,0.001,0.771,0.771,4.690,1.19,20.00,18.0000,0.4690,2.111
6781,35.000,0.006,0.006,5.322,5.322,6.576,0.002,0.002,1.075,1.075,6.406,1.18,18.45,16.4471,0.6406,2.882
6782,50.000,0.006,0.006,7.407,7.407,6.750,0.006,0.006,1.531,1.531,8.951,1.18,17.00,15.0000,0.8951,4.028
6783,45.000,0.006,0.006,6.523,6.523,6.899,0.005,0.005,1.374,1.374,7.907,1.18,15.76,13.7574,0.7907,3.558
6784,30.000,0.006,0.006,4.277,4.277,7.014,0.001,0.001,0.914,0.914,5.199,1.17,14.80,12.8038,0.5199,2.339
6785,20.000,0.006,0.006,2.823,2.823,7.085,0.001,0.001,0.609,0.609,3.438,1.17,14.20,12.2044,0.3438,1.547
6786,25.000,0.006,0.006,3.516,3.516,7.110,0.001,0.001,0.760,0.760,4.283,1.17,14.00,12.0000,0.4283,1.928
6787,35.000,0.006,0.006,4.940,4.940,7.085,0.002,0.002,1.065,1.065,6.013,1.17,14.20,12.2044,0.6013,2.706
6788,50.000,0.006,0.006,7.129,7.129,7.014,0.006,0.006,1.523,1.523,8.665,1.17,14.80,12.8038,0.8665,3.899
6789,45.000,0.006,0.006,6.523,6.523,6.899,0.005,0.005,1.374,1.374,7.907,1.18,15.76,13.7574,0.7907,3.558
6790,30.000,0.006,0.006,4.444,4.444,6.750,0.001,0.001,0.919,0.919,5.370,1.18,17.00,15.0000,0.5370,2.417
6791,20.000,0.006,0.006,3.041,3.041,6.576,0.001,0.001,0.614,0.614,3.662,1.18,18.45,16.4471,0.3662,1.648
6792,25.000,0.006,0.006,3.912,3.912,6.390,0.001,0.001,0.771,0.771,4.690,1.19,20.00,18.0000,0.4690,2.111
6793,35.000,0.006,0.006,5.642,5.642,6.204,0.002,0.002,1.084,1.084,6.734,1.19,21.55,19.5529,0.6734,3.030
6794,50.000,0.006,0.006,8.292,8.292,6.030,0.006,0.006,1.554,1.554,9.859,1.20,23.00,21.0000,0.9859,4.436
6795,45.000,0.006,0.006,7.652,7.652,5.881,0.005,0.005,1.404,1.404,9.067,1.20,24.24,22.2426,0.9067,4.080
6796,30.000,0.006,0.006,5.202,5.202,5.766,0.001,0.001,0.939,0.939,6.149,1.20,25.20,23.1962,0.6149,2.767
6797,20.000,0.006,0.006,3.512,3.512,5.695,0.001,0.001,0.627,0.627,4.146,1.21,25.80,23.7956,0.4146,1.866
6798,25.000,0.006,0.006,4.409,4.409,5.670,0.001,0.001,0.784,0.784,5.200,1.21,26.00,24.0000,0.5200,2.340
6799,35.000,0.006,0.006,6.146,6.146,5.695,0.002,0.002,1.097,1.097,7.252,1.21,25.80,23.7956,0.7252,3.263
6800,50.000,0.006,0.006,8.671,8.671,5.766,0.006,0.006,1.565,1.565,10.248,1.20,25.20,23.1962,1.0248,4.611
6801,45.000,0.006,0.006,7.652,7.652,5.881,0.005,0.005,1.404,1.404,9.067,1.20,24.24,22.2426,0.9067,4.080
6802,30.000,0.006,0.006,4.975,4.975,6.030,0.001,0.001,0.933,0.933,5.915,1.20,23.00,21.0000,0.5915,2.662
6803,20.000,0.006,0.006,3.224,3.224,6.204,0.001,0.001,0.619,0.619,3.850,1.19,21.55,19.5529,0.3850,1.732
6804,25.000,0.006,0.006,3.912,3.912,6.390,0.001,0.001,0.771,0.771,4.690,1.19,20.00,18.0000,0.4690,2.111
6805,35.000,0.006,0.006,5.322,5.322,6.576,0.002,0.002,1.075,1.075,6.406,1.18,18.45,16.4471,0.6406,2.882
6806,50.000,0.006,0.006,7.407,7.407,6.750,0.006,0.006,1.531,1.531,8.951,1.18,17.00,15.0000,0.8951,4.028
6807,45.000,0.006,0.006,6.523,6.523,6.899,0.005,0.005,1.374,1.374,7.907,1.18,15.76,13.7574,0.7907,3.558
6808,30.000,0.006,0.006,4.277,4.277,7.014,0.001,0.001,0.914,0.914,5.199,1.17,14.80,12.8038,0.5199,2.339
6809,20.000,0.006,0.006,2.823,2.823,7.085,0.001,0.001,0.609,0.609,3.438,1.17,14.20,12.2044,0.3438,1.547
6810,25.000,0.006,0.006,3.516,3.516,7.110,0.001,0.001,0.760,0.760,4.283,1.17,14.00,12.0000,0.4283,1.928
6811,35.000,0.006,0.006,4.940,4.940,7.085,0.002,0.002,1.065,1.065,6.013,1.17,14.20,12.2044,0.6013,2.706
6812,50.000,0.006,0.006,7.129,7.129,7.014,0.006,0.006,1.523,1.523,8.665,1.17,14.80,12.8038,0.8665,3.899
6813,45.000,0.006,0.006,6.523,6.523,6.899,0.005,0.005,1.374,1.374,7.907,1.18,15.76,13.7574,0.7907,3.558
6814,30.000,0.006,0.006,4.444,4.444,6.750,0.001,0.001,0.919,0.919,5.370,1.18,17.00,15.0000,0.5370,2.417
6815,20.000,0.006,0.006,3.041,3.041,6.576,0.001,0.001,0.614,0.614,3.662,1.18,18.45,16.4471,0.3662,1.648
6816,25.000,0.006,0.006,3.912,3.912,6.390,0.001,0.001,0.771,0.771,4.690,1.19,20.00,18.0000,0.4690,2.111
6817,35.000,0.006,0.006,5.642,5.642,6.204,0.002,0.002,1.084,1.084,6.734,1.19,21.55,19.5529,0.6734,3.030
6818,50.000,0.006,0.006,8.292,8.292,6.030,0.006,0.006,1.554,1.554,9.859,1.20,23.00,21.0000,0.9859,4.436
6819,45.000,0.006,0.006,7.652,7.652,5.881,0.005,0.005,1.404,1.404,9.067,1.20,24.24,22.2426,0.9067,4.080
6820,30.000,0.006,0.006,5.202,5.202,5.766,0.001,0.001,0.939,0.939,6.149,1.20,25.20,23.1962,0.6149,2.767
6821,20.000,0.006,0.006,3.512,3.512,5.695,0.001,0.001,0.627,0.627,4.146,1.21,25.80,23.7956,0.4146,1.866
6822,25.000,0.006,0.006,4.409,4.409,5.670,0.001,0.001,0.784,0.784,5.200,1.21,26.00,24.0000,0.5200,2.340
6823,35.000,0.006,0.006,6.146,6.146,5.695,0.002,0.002,1.097,1.097,7.252,1.21,25.80,23.7956,0.7252,3.263
6824,50.000,0.006,0.006,8.671,8.671,5.766,0.006,0.006,1.565,1.565,10.248,1.20,25.20,23.1962,1.0248,4.611
6825,45.000,0.006,0.006,7.652,7.652,5.881,0.005,0.005,1.404,1.404,9.067,1.20,24.24,22.2426,0.9067,4.080
6826,30.000,0.006,0.006,4.975,4.975,6.030,0.001,0.001,0.933,0.933,5.915,1.20,23.00,21.0000,0.5915,2.662
6827,20.000,0.006,0.006,3.224,3.224,6.204,0.001,0.001,0.619,0.619,3.850,1.19,21.55,19.5529,0.3850,1.732
6828,25.000,0.006,0.006,3.912,3.912,6.390,0.001,0.001,0.771,0.771,4.690,1.19,20.00,18.0000,0.4690,2.111
6829,35.000,0.006,0.006,5.322,5.322,6.576,0.002,0.002,1.075,1.075,6.406,1.18,18.45,16.4471,0.6406,2.882
6830,50.000,0.006,0.006,7.407,7.407,6.750,0.006,0.006,1.531,1.531,8.951,1.18,17.00,15.0000,0.8951,4.028
6831,45.000,0.006,0.006,6.523,6.523,6.899,0.005,0.005,1.374,1.374,7.907,1.18,15.76,13.7574,0.7907,3.558
6832,30.000,0.006,0.006,4.277,4.277,7.014,0.001,0.001,0.914,0.914,5.199,1.17,14.80,12.8038,0.5199,2.339
6833,20.000,0.006,0.006,2.823,2.823,7.085,0.001,0.001,0.609,0.609,3.438,1.17,14.20,12.2044,0.3438,1.547
6834,25.000,0.006,0.006,3.516,3.516,7.110,0.001,0.001,0.760,0.760,4.283,1.17,14.00,12.0000,0.4283,1.928
6835,35.000,0.006,0.006,4.940,4.940,7.085,0.002,0.002,1.065,1.065,6.013,1.17,14.20,12.2044,0.6013,2.706
6836,50.000,0.006,0.006,7.129,7.129,7.014,0.006,0.006,1.523,1.523,8.665,1.17,14.80,12.8038,0.8665,3.899
6837,45.000,0.006,0.006,6.523,6.523,6.899,0.005,0.005,1.374,1.374,7.907,1.18,15.76,13.7574,0.7907,3.558
6838,30.000,0.006,0.006,4.444,4.444,6.750,0.001,0.001,0.919,0.919,5.370,1.18,17.00,15.0000,0.5370,2.417
6839,20.000,0.006,0.006,3.041,3.041,6.576,0.001,0.001,0.614,0.614,3.662,1.18,18.45,16.4471,0.3662,1.648
6840,25.000,0.006,0.006,3.912,3.912,6.390,0.001,0.001,0.771,0.771,4.690,1.19,20.00,18.0000,0.4690,2.111
6841,35.000,0.006,0.006,5.642,5.642,6.204,0.002,0.002,1.084,1.084,6.734,1.19,21.55,19.5529,0.6734,3.030
6842,50.000,0.006,0.006,8.292,8.292,6.030,0.006,0.006,1.554,1.554,9.859,1.20,23.00,21.0000,0.9859,4.436
6843,45.000,0.006,0.006,7.652,7.652,5.881,0.005,0.005,1.404,1.404,9.067,1.20,24.24,22.2426,0.9067,4.080
6844,30.000,0.006,0.006,5.202,5.202,5.766,0.001,0.001,0.939,0.939,6.149,1.20,25.20,23.1962,0.6149,2.767
6845,20.000,0.006,0.006,3.512,3.512,5.695,0.001,0.001,0.627,0.627,4.146,1.21,25.80,23.7956,0.4146,1.866
6846,25.000,0.006,0.006,4.409,4.409,5.670,0.001,0.001,0.784,0.784,5.200,1.21,26.00,24.0000,0.5200,2.340
6847,35.000,0.006,0.006,6.146,6.146,5.695,0.002,0.002,1.097,1.097,7.252,1.21,25.80,23.7956,0.7252,3.263
6848,50.000,0.006,0.006,8.671,8.671,5.766,0.006,0.006,1.565,1.565,10.248,1.20,25.20,23.1962,1.0248,4.611
6849,45.000,0.006,0.006,7.652,7.652,5.881,0.005,0.005,1.404,1.404,9.067,1.20,24.24,22.2426,0.9067,4.080
6850,30.000,0.006,0.006,4.975,4.975,6.030,0.001,0.001,0.933,0.933,5.915,1.20,23.00,21.0000,0.5915,2.662
6851,20.000,0.006,0.006,3.224,3.224,6.204,0.001,0.001,0.619,0.619,3.850,1.19,21.55,19.5529,0.3850,1.732
6852,25.000,0.006,0.006,3.912,3.912,6.390,0.001,0.001,0.771,0.771,4.690,1.19,20.00,18.0000,0.4690,2.111
6853,35.000,0.006,0.006,5.322,5.322,6.576,0.002,0.002,1.075,1.075,6.406,1.18,18.45,16.4471,0.6406,2.882
6854,50.000,0.006,0.006,7.407,7.407,6.750,0.006,0.006,1.531,1.531,8.951,1.18,17.00,15.0000,0.8951,4.028
6855,45.000,0.006,0.006,6.523,6.523,6.899,0.005,0.005,1.374,1.374,7.907,1.18,15.76,13.7574,0.7907,3.558
6856,30.000,0.006,0.006,4.277,4.277,7.014,0.001,0.001,0.914,0.914,5.199,1.17,14.80,12.8038,0.5199,2.339
6857,20.000,0.006,0.006,2.823,2.823,7.085,0.001,0.001,0.609,0.609,3.438,1.17,14.20,12.2044,0.3438,1.547
6858,25.000,0.006,0.006,3.516,3.516,7.110,0.001,0.001,0.760,0.760,4.283,1.17,14.00,12.0000,0.4283,1.928
6859,35.000,0.006,0.006,4.940,4.940,7.085,0.002,0.002,1.065,1.065,6.013,1.17,14.20,12.2044,0.6013,2.706
6860,50.000,0.006,0.006,7.129,7.129,7.014,0.006,0.006,1.523,1.523,8.665,1.17,14.80,12.8038,0.8665,3.899
6861,45.000,0.006,0.006,6.523,6.523,6.899,0.005,0.005,1.374,1.374,7.907,1.18,15.76,13.7574,0.7907,3.558
6862,30.000,0.006,0.006,4.444,4.444,6.750,0.001,0.001,0.919,0.919,5.370,1.18,17.00,15.0000,0.5370,2.417
6863,20.000,0.006,0.006,3.041,3.041,6.576,0.001,0.001,0.614,0.614,3.662,1.18,18.45,16.4471,0.3662,1.648
6864,25.000,0.006,0.006,3.912,3.912,6.390,0.001,0.001,0.771,0.771,4.690,1.19,20.00,18.0000,0.4690,2.111
6865,35.000,0.006,0.006,5.642,5.642,6.204,0.002,0.002,1.084,1.084,6.734,1.19,21.55,19.5529,0.6734,3.030
6866,50.000,0.006,0.006,8.292,8.292,6.030,0.006,0.006,1.554,1.554,9.859,1.20,23.00,21.0000,0.9859,4.436
6867,45.000,0.006,0.006,7.652,7.652,5.881,0.005,0.005,1.404,1.404,9.067,1.20,24.24,22.2426,0.9067,4.080
6868,30.000,0.006,0.006,5.202,5.202,5.766,0.001,0.001,0.939,0.939,6.149,1.20,25.20,23.1962,0.6149,2.767
6869,20.000,0.006,0.006,3.512,3.512,5.695,0.001,0.001,0.627,0.627,4.146,1.21,25.80,23.7956,0.4146,1.866
6870,25.000,0.006,0.006,4.409,4.409,5.670,0.001,0.001,0.784,0.784,5.200,1.21,26.00,24.0000,0.5200,2.340
6871,35.000,0.006,0.006,6.146,6.146,5.695,0.002,0.002,1.097,1.097,7.252,1.21,25.80,23.7956,0.7252,3.263
6872,50.000,0.006,0.006,8.671,8.671,5.766,0.006,0.006,1.565,1.565,10.248,1.20,25.20,23.1962,1.0248,4.611
6873,45.000,0.006,0.006,7.652,7.652,5.881,0.005,0.005,1.404,1.404,9.067,1.20,24.24,22.2426,0.9067,4.080
6874,30.000,0.006,0.006,4.975,4.975,6.030,0.001,0.001,0.933,0.933,5.915,1.20,23.00,21.0000,0.5915,2.662
6875,20.000,0.006,0.006,3.224,3.224,6.204,0.001,0.001,0.619,0.619,3.850,1.19,21.55,19.5529,0.3850,1.732
6876,25.000,0.006,0.006,3.912,3.912,6.390,0.001,0.001,0.771,0.771,4.690,1.19,20.00,18.0000,0.4690,2.111
6877,35.000,0.006,0.006,5.322,5.322,6.576,0.002,0.002,1.075,1.075,6.406,1.18,18.45,16.4471,0.6406,2.882
6878,50.000,0.006,0.006,7.407,7.407,6.750,0.006,0.006,1.531,1.531,8.951,1.18,17.00,15.0000,0.8951,4.028
6879,45.000,0.006,0.006,6.523,6.523,6.899,0.005,0.005,1.374,1.374,7.907,1.18,15.76,13.7574,0.7907,3.558
6880,30.000,0.006,0.006,4.277,4.277,7.014,0.001,0.001,0.914,0.914,5.199,1.17,14.80,12.8038,0.5199,2.339
6881,20.000,0.006,0.006,2.823,2.823,7.085,0.001,0.001,0.609,0.609,3.438,1.17,14.20,12.2044,0.3438,1.547
6882,25.000,0.006,0.006,3.516,3.516,7.110,0.001,0.001,0.760,0.760,4.283,1.17,14.00,12.0000,0.4283,1.928
6883,35.000,0.006,0.006,4.940,4.940,7.085,0.002,0.002,1.065,1.065,6.013,1.17,14.20,12.2044,0.6013,2.706
6884,50.000,0.006,0.006,7.129,7.129,7.014,0.006,0.006,1.523,1.523,8.665,1.17,14.80,12.8038,0.8665,3.899
6885,45.000,0.006,0.006,6.523,6.523,6.899,0.005,0.005,1.374,1.374,7.907,1.18,15.76,13.7574,0.7907,3.558
6886,30.000,0.006,0.006,4.444,4.444,6.750,0.001,0.001,0.919,0.919,5.370,1.18,17.00,15.0000,0.5370,2.417
6887,20.000,0.006,0.006,3.041,3.041,6.576,0.001,0.001,0.614,0.614,3.662,1.18,18.45,16.4471,0.3662,1.648
6888,25.000,0.006,0.006,3.912,3.912,6.390,0.001,0.001,0.771,0.771,4.690,1.19,20.00,18.0000,0.4690,2.111
6889,35.000,0.006,0.006,5.642,5.642,6.204,0.002,0.002,1.084,1.084,6.734,1.19,21.55,19.5529,0.6734,3.030
6890,50.000,0.006,0.006,8.292,8.292,6.030,0.006,0.006,1.554,1.554,9.859,1.20,23.00,21.0000,0.9859,4.436
6891,45.000,0.006,0.006,7.652,7.652,5.881,0.005,0.005,1.404,1.404,9.067,1.20,24.24,22.2426,0.9067,4.080
6892,30.000,0.006,0.006,5.202,5.202,5.766,0.001,0.001,0.939,0.939,6.149,1.20,25.20,23.1962,0.6149,2.767
6893,20.000,0.006,0.006,3.512,3.512,5.695,0.001,0.001,0.627,0.627,4.146,1.21,25.80,23.7956,0.4146,1.866
6894,25.000,0.006,0.006,4.409,4.409,5.670,0.001,0.001,0.784,0.784,5.200,1.21,26.00,24.0000,0.5200,2.340
6895,35.000,0.006,0.006,6.146,6.146,5.695,0.002,0.002,1.097,1.097,7.252,1.21,25.80,23.7956,0.7252,3.263
6896,50.000,0.006,0.006,8.671,8.671,5.766,0.006,0.006,1.565,1.565,10.248,1.20,25.20,23.1962,1.0248,4.611
6897,45.000,0.006,0.006,7.652,7.652,5.881,0.005,0.005,1.404,1.404,9.067,1.20,24.24,22.2426,0.9067,4.080
6898,30.000,0.006,0.006,4.975,4.975,6.030,0.001,0.001,0.933,0.933,5.915,1.20,23.00,21.0000,0.5915,2.662
6899,20.000,0.006,0.006,3.224,3.224,6.204,0.001,0.001,0.619,0.619,3.850,1.19,21.55,19.5529,0.3850,1.732
6900,25.000,0.006,0.006,3.912,3.912,6.390,0.001,0.001,0.771,0.771,4.690,1.19,20.00,18.0000,0.4690,2.111
6901,35.000,0.006,0.006,5.322,5.322,6.576,0.002,0.002,1.075,1.075,6.406,1.18,18.45,16.4471,0.6406,2.882
6902,50.000,0.006,0.006,7.407,7.407,6.750,0.006,0.006,1.531,1.531,8.951,1.18,17.00,15.0000,0.8951,4.028
6903,45.000,0.006,0.006,6.523,6.523,6.899,0.005,0.005,1.374,1.374,7.907,1.18,15.76,13.7574,0.7907,3.558
6904,30.000,0.006,0.006,4.277,4.277,7.014,0.001,0.001,0.914,0.914,5.199,1.17,14.80,12.8038,0.5199,2.339
6905,20.000,0.006,0.006,2.823,2.823,7.085,0.001,0.001,0.609,0.609,3.438,1.17,14.20,12.2044,0.3438,1.547
6906,25.000,0.006,0.006,3.516,3.516,7.110,0.001,0.001,0.760,0.760,4.283,1.17,14.00,12.0000,0.4283,1.928
6907,35.000,0.006,0.006,4.940,4.940,7.085,0.002,0.002,1.065,1.065,6.013,1.17,14.20,12.2044,0.6013,2.706
6908,50.000,0.006,0.006,7.129,7.129,7.014,0.006,0.006,1.523,1.523,8.665,1.17,14.80,12.8038,0.8665,3.899
6909,45.000,0.006,0.006,6.523,6.523,6.899,0.005,0.005,1.374,1.374,7.907,1.18,15.76,13.7574,0.7907,3.558
6910,30.000,0.006,0.006,4.444,4.444,6.750,0.001,0.001,0.919,0.919,5.370,1.18,17.00,15.0000,0.5370,2.417
6911,20.000,0.006,0.006,3.041,3.041,6.576,0.001,0.001,0.614,0.614,3.662,1.18,18.45,16.4471,0.3662,1.648
6912,25.000,0.006,0.006,3.912,3.912,6.390,0.001,0.001,0.771,0.771,4.690,1.19,20.00,18.0000,0.4690,2.111
6913,35.000,0.006,0.006,5.642,5.642,6.204,0.002,0.002,1.084,1.084,6.734,1.19,21.55,19.5529,0.6734,3.030
6914,50.000,0.006,0.006,8.292,8.292,6.030,0.006,0.006,1.554,1.554,9.859,1.20,23.00,21.0000,0.9859,4.436
6915,45.000,0.006,0.006,7.652,7.652,5.881,0.005,0.005,1.404,1.404,9.067,1.20,24.24,22.2426,0.9067,4.080
6916,30.000,0.006,0.006,5.202,5.202,5.766,0.001,0.001,0.939,0.939,6.149,1.20,25.20,23.1962,0.6149,2.767
6917,20.000,0.006,0.006,3.512,3.512,5.695,0.001,0.001,0.627,0.627,4.146,1.21,25.80,23.7956,0.4146,1.866
6918,25.000,0.006,0.006,4.409,4.409,5.670,0.001,0.001,0.784,0.784,5.200,1.21,26.00,24.0000,0.5200,2.340
6919,35.000,0.006,0.006,6.146,6.146,5.695,0.002,0.002,1.097,1.097,7.252,1.21,25.80,23.7956,0.7252,3.263
6920,50.000,0.006,0.006,8.671,8.671,5.766,0.006,0.006,1.565,1.565,10.248,1.20,25.20,23.1962,1.0248,4.611
6921,45.000,0.006,0.006,7.652,7.652,5.881,0.005,0.005,1.404,1.404,9.067,1.20,24.24,22.2426,0.9067,4.080
6922,30.000,0.006,0.006,4.975,4.975,6.030,0.001,0.001,0.933,0.933,5.915,1.20,23.00,21.0000,0.5915,2.662
6923,20.000,0.006,0.006,3.224,3.224,6.204,0.001,0.001,0.619,0.619,3.850,1.19,21.55,19.5529,0.3850,1.732
6924,25.000,0.006,0.006,3.912,3.912,6.390,0.001,0.001,0.771,0.771,4.690,1.19,20.00,18.0000,0.4690,2.111
6925,35.000,0.006,0.006,5.322,5.322,6.576,0.002,0.002,1.075,1.075,6.406,1.18,18.45,16.4471,0.6406,2.882
6926,50.000,0.006,0.006,7.407,7.407,6.750,0.006,0.006,1.531,1.531,8.951,1.18,17.00,15.0000,0.8951,4.028
6927,45.000,0.006,0.006,6.523,6.523,6.899,0.005,0.005,1.374,1.374,7.907,1.18,15.76,13.7574,0.7907,3.558
6928,30.000,0.006,0.006,4.277,4.277,7.014,0.001,0.001,0.914,0.914,5.199,1.17,14.80,12.8038,0.5199,2.339
6929,20.000,0.006,0.006,2.823,2.823,7.085,0.001,0.001,0.609,0.609,3.438,1.17,14.20,12.2044,0.3438,1.547
6930,25.000,0.006,0.006,3.516,3.516,7.110,0.001,0.001,0.760,0.760,4.283,1.17,14.00,12.0000,0.4283,1.928
6931,35.000,0.006,0.006,4.940,4.940,7.085,0.002,0.002,1.065,1.065,6.013,1.17,14.20,12.2044,0.6013,2.706
6932,50.000,0.006,0.006,7.129,7.129,7.014,0.006,0.006,1.523,1.523,8.665,1.17,14.80,12.8038,0.8665,3.899
6933,45.000,0.006,0.006,6.523,6.523,6.899,0.005,0.005,1.374,1.374,7.907,1.18,15.76,13.7574,0.7907,3.558
6934,30.000,0.006,0.006,4.444,4.444,6.750,0.001,0.001,0.919,0.919,5.370,1.18,17.00,15.0000,0.5370,2.417
6935,20.000,0.006,0.006,3.041,3.041,6.576,0.001,0.001,0.614,0.614,3.662,1.18,18.45,16.4471,0.3662,1.648
6936,25.000,0.006,0.006,3.912,3.912,6.390,0.001,0.001,0.771,0.771,4.690,1.19,20.00,18.0000,0.4690,2.111
6937,35.000,0.006,0.006,5.642,5.642,6.204,0.002,0.002,1.084,1.084,6.734,1.19,21.55,19.5529,0.6734,3.030
6938,50.000,0.006,0.006,8.292,8.292,6.030,0.006,0.006,1.554,1.554,9.859,1.20,23.00,21.0000,0.9859,4.436
6939,45.000,0.006,0.006,7.652,7.652,5.881,0.005,0.005,1.404,1.404,9.067,1.20,24.24,22.2426,0.9067,4.080
6940,30.000,0.006,0.006,5.202,5.202,5.766,0.001,0.001,0.939,0.939,6.149,1.20,25.20,23.1962,0.6149,2.767
6941,20.000,0.006,0.006,3.512,3.512,5.695,0.001,0.001,0.627,0.627,4.146,1.21,25.80,23.7956,0.4146,1.866
6942,25.000,0.006,0.006,4.409,4.409,5.670,0.001,0.001,0.784,0.784,5.200,1.21,26.00,24.0000,0.5200,2.340
6943,35.000,0.006,0.006,6.146,6.146,5.695,0.002,0.002,1.097,1.097,7.252,1.21,25.80,23.7956,0.7252,3.263
6944,50.000,0.006,0.006,8.671,8.671,5.766,0.006,0.006,1.565,1.565,10.248,1.20,25.20,23.1962,1.0248,4.611
6945,45.000,0.006,0.006,7.652,7.652,5.881,0.005,0.005,1.404,1.404,9.067,1.20,24.24,22.2426,0.9067,4.080
6946,30.000,0.006,0.006,4.975,4.975,6.030,0.001,0.001,0.933,0.933,5.915,1.20,23.00,21.0000,0.5915,2.662
6947,20.000,0.006,0.006,3.224,3.224,6.204,0.001,0.001,0.619,0.619,3.850,1.19,21.55,19.5529,0.3850,1.732
6948,25.000,0.006,0.006,3.912,3.912,6.390,0.001,0.001,0.771,0.771,4.690,1.19,20.00,18.0000,0.4690,2.111
6949,35.000,0.006,0.006,5.322,5.322,6.576,0.002,0.002,1.075,1.075,6.406,1.18,18.45,16.4471,0.6406,2.882
6950,50.000,0.006,0.006,7.407,7.407,6.750,0.006,0.006,1.531,1.531,8.951,1.18,17.00,15.0000,0.8951,4.028
6951,45.000,0.006,0.006,6.523,6.523,6.899,0.005,0.005,1.374,1.374,7.907,1.18,15.76,13.7574,0.7907,3.558
6952,30.000,0.006,0.006,4.277,4.277,7.014,0.001,0.001,0.914,0.914,5.199,1.17,14.80,12.8038,0.5199,2.339
6953,20.000,0.006,0.006,2.823,2.823,7.085,0.001,0.001,0.609,0.609,3.438,1.17,14.20,12.2044,0.3438,1.547
6954,25.000,0.006,0.006,3.516,3.516,7.110,0.001,0.001,0.760,0.760,4.283,1.17,14.00,12.0000,0.4283,1.928
6955,35.000,0.006,0.006,4.940,4.940,7.085,0.002,0.002,1.065,1.065,6.013,1.17,14.20,12.2044,0.6013,2.706
6956,50.000,0.006,0.006,7.129,7.129,7.014,0.006,0.006,1.523,1.523,8.665,1.17,14.80,12.8038,0.8665,3.899
6957,45.000,0.006,0.006,6.523,6.523,6.899,0.005,0.005,1.374,1.374,7.907,1.18,15.76,13.7574,0.7907,3.558
6958,30.000,0.006,0.006,4.444,4.444,6.750,0.001,0.001,0.919,0.919,5.370,1.18,17.00,15.0000,0.5370,2.417
6959,20.000,0.006,0.006,3.041,3.041,6.576,0.001,0.001,0.614,0.614,3.662,1.18,18.45,16.4471,0.3662,1.648
6960,25.000,0.006,0.006,3.912,3.912,6.390,0.001,0.001,0.771,0.771,4.690,1.19,20.00,18.0000,0.4690,2.111
6961,35.000,0.006,0.006,5.642,5.642,6.204,0.002,0.002,1.084,1.084,6.734,1.19,21.55,19.5529,0.6734,3.030
6962,50.000,0.006,0.006,8.292,8.292,6.030,0.006,0.006,1.554,1.554,9.859,1.20,23.00,21.0000,0.9859,4.436
6963,45.000,0.006,0.006,7.652,7.652,5.881,0.005,0.005,1.404,1.404,9.067,1.20,24.24,22.2426,0.9067,4.080
6964,30.000,0.006,0.006,5.202,5.202,5.766,0.001,0.001,0.939,0.939,6.149,1.20,25.20,23.1962,0.6149,2.767
6965,20.000,0.006,0.006,3.512,3.512,5.695,0.001,0.001,0.627,0.627,4.146,1.21,25.80,23.7956,0.4146,1.866
6966,25.000,0.006,0.006,4.409,4.409,5.670,0.001,0.001,0.784,0.784,5.200,1.21,26.00,24.0000,0.5200,2.340
6967,35.000,0.006,0.006,6.146,6.146,5.695,0.002,0.002,1.097,1.097,7.252,1.21,25.80,23.7956,0.7252,3.263
6968,50.000,0.006,0.006,8.671,8.671,5.766,0.006,0.006,1.565,1.565,10.248,1.20,25.20,23.1962,1.0248,4.611
6969,45.000,0.006,0.006,7.652,7.652,5.881,0.005,0.005,1.404,1.404,9.067,1.20,24.24,22.2426,0.9067,4.080
6970,30.000,0.006,0.006,4.975,4.975,6.030,0.001,0.001,0.933,0.933,5.915,1.20,23.00,21.0000,0.5915,2.662
6971,20.000,0.006,0.006,3.224,3.224,6.204,0.001,0.001,0.619,0.619,3.850,1.19,21.55,19.5529,0.3850,1.732
6972,25.000,0.006,0.006,3.912,3.912,6.390,0.001,0.001,0.771,0.771,4.690,1.19,20.00,18.0000,0.4690,2.111
6973,35.000,0.006,0.006,5.322,5.322,6.576,0.002,0.002,1.075,1.075,6.406,1.18,18.45,16.4471,0.6406,2.882
6974,50.000,0.006,0.006,7.407,7.407,6.750,0.006,0.006,1.531,1.531,8.951,1.18,17.00,15.0000,0.8951,4.028
6975,45.000,0.006,0.006,6.523,6.523,6.899,0.005,0.005,1.374,1.374,7.907,1.18,15.76,13.7574,0.7907,3.558
6976,30.000,0.006,0.006,4.277,4.277,7.014,0.001,0.001,0.914,0.914,5.199,1.17,14.80,12.8038,0.5199,2.339
6977,20.000,0.006,0.006,2.823,2.823,7.085,0.001,0.001,0.609,0.609,3.438,1.17,14.20,12.2044,0.3438,1.547
6978,25.000,0.006,0.006,3.516,3.516,7.110,0.001,0.001,0.760,0.760,4.283,1.17,14.00,12.0000,0.4283,1.928
6979,35.000,0.006,0.006,4.940,4.940,7.085,0.002,0.002,1.065,1.065,6.013,1.17,14.20,12.2044,0.6013,2.706
6980,50.000,0.006,0.006,7.129,7.129,7.014,0.006,0.006,1.523,1.523,8.665,1.17,14.80,12.8038,0.8665,3.899
6981,45.000,0.006,0.006,6.523,6.523,6.899,0.005,0.005,1.374,1.374,7.907,1.18,15.76,13.7574,0.7907,3.558
6982,30.000,0.006,0.006,4.444,4.444,6.750,0.001,0.001,0.919,0.919,5.370,1.18,17.00,15.0000,0.5370,2.417
6983,20.000,0.006,0.006,3.041,3.041,6.576,0.001,0.001,0.614,0.614,3.662,1.18,18.45,16.4471,0.3662,1.648
6984,25.000,0.006,0.006,3.912,3.912,6.390,0.001,0.001,0.771,0.771,4.690,1.19,20.00,18.0000,0.4690,2.111
6985,35.000,0.006,0.006,5.642,5.642,6.204,0.002,0.002,1.084,1.084,6.734,1.19,21.55,19.5529,0.6734,3.030
6986,50.000,0.006,0.006,8.292,8.292,6.030,0.006,0.006,1.554,1.554,9.859,1.20,23.00,21.0000,0.9859,4.436
6987,45.000,0.006,0.006,7.652,7.652,5.881,0.005,0.005,1.404,1.404,9.067,1.20,24.24,22.2426,0.9067,4.080
6988,30.000,0.006,0.006,5.202,5.202,5.766,0.001,0.001,0.939,0.939,6.149,1.20,25.20,23.1962,0.6149,2.767
6989,20.000,0.006,0.006,3.512,3.512,5.695,0.001,0.001,0.627,0.627,4.146,1.21,25.80,23.7956,0.4146,1.866
6990,25.000,0.006,0.006,4.409,4.409,5.670,0.001,0.001,0.784,0.784,5.200,1.21,26.00,24.0000,0.5200,2.340
6991,35.000,0.006,0.006,6.146,6.146,5.695,0.002,0.002,1.097,1.097,7.252,1.21,25.80,23.7956,0.7252,3.263
6992,50.000,0.006,0.006,8.671,8.671,5.766,0.006,0.006,1.565,1.565,10.248,1.20,25.20,23.1962,1.0248,4.611
6993,45.000,0.006,0.006,7.652,7.652,5.881,0.005,0.005,1.404,1.404,9.067,1.20,24.24,22.2426,0.9067,4.080
6994,30.000,0.006,0.006,4.975,4.975,6.030,0.001,0.001,0.933,0.933,5.915,1.20,23.00,21.0000,0.5915,2.662
6995,20.000,0.006,0.006,3.224,3.224,6.204,0.001,0.001,0.619,0.619,3.850,1.19,21.55,19.5529,0.3850,1.732
6996,25.000,0.006,0.006,3.912,3.912,6.390,0.001,0.001,0.771,0.771,4.690,1.19,20.00,18.0000,0.4690,2.111
6997,35.000,0.006,0.006,5.322,5.322,6.576,0.002,0.002,1.075,1.075,6.406,1.18,18.45,16.4471,0.6406,2.882
6998,50.000,0.006,0.006,7.407,7.407,6.750,0.006,0.006,1.531,1.531,8.951,1.18,17.00,15.0000,0.8951,4.028
6999,45.000,0.006,0.006,6.523,6.523,6.899,0.005,0.005,1.374,1.374,7.907,1.18,15.76,13.7574,0.7907,3.558
7000,30.000,0.006,0.006,4.277,4.277,7.014,0.001,0.001,0.914,0.914,5.199,1.17,14.80,12.8038,0.5199,2.339
7001,20.000,0.006,0.006,2.823,2.823,7.085,0.001,0.001,0.609,0.609,3.438,1.17,14.20,12.2044,0.3438,1.547
7002,25.000,0.006,0.006,3.516,3.516,7.110,0.001,0.001,0.760,0.760,4.283,1.17,14.00,12.0000,0.4283,1.928
7003,35.000,0.006,0.006,4.940,4.940,7.085,0.002,0.002,1.065,1.065,6.013,1.17,14.20,12.2044,0.6013,2.706
7004,50.000,0.006,0.006,7.129,7.129,7.014,0.006,0.006,1.523,1.523,8.665,1.17,14.80,12.8038,0.8665,3.899
7005,45.000,0.006,0.006,6.523,6.523,6.899,0.005,0.005,1.374,1.374,7.907,1.18,15.76,13.7574,0.7907,3.558
7006,30.000,0.006,0.006,4.444,4.444,6.750,0.001,0.001,0.919,0.919,5.370,1.18,17.00,15.0000,0.5370,2.417
7007,20.000,0.006,0.006,3.041,3.041,6.576,0.001,0.001,0.614,0.614,3.662,1.18,18.45,16.4471,0.3662,1.648
7008,25.000,0.006,0.006,3.912,3.912,6.390,0.001,0.001,0.771,0.771,4.690,1.19,20.00,18.0000,0.4690,2.111
7009,35.000,0.006,0.006,5.642,5.642,6.204,0.002,0.002,1.084,1.084,6.734,1.19,21.55,19.5529,0.6734,3.030
7010,50.000,0.006,0.006,8.292,8.292,6.030,0.006,0.006,1.554,1.554,9.859,1.20,23.00,21.0000,0.9859,4.436
7011,45.000,0.006,0.006,7.652,7.652,5.881,0.005,0.005,1.404,1.404,9.067,1.20,24.24,22.2426,0.9067,4.080
7012,30.000,0.006,0.006,5.202,5.202,5.766,0.001,0.001,0.939,0.939,6.149,1.20,25.20,23.1962,0.6149,2.767
7013,20.000,0.006,0.006,3.512,3.512,5.695,0.001,0.001,0.627,0.627,4.146,1.21,25.80,23.7956,0.4146,1.866
7014,25.000,0.006,0.006,4.409,4.409,5.670,0.001,0.001,0.784,0.784,5.200,1.21,26.00,24.0000,0.5200,2.340
7015,35.000,0.006,0.006,6.146,6.146,5.695,0.002,0.002,1.097,1.097,7.252,1.21,25.80,23.7956,0.7252,3.263
7016,50.000,0.006,0.006,8.671,8.671,5.766,0.006,0.006,1.565,1.565,10.248,1.20,25.20,23.1962,1.0248,4.611
7017,45.000,0.006,0.006,7.652,7.652,5.881,0.005,0.005,1.404,1.404,9.067,1.20,24.24,22.2426,0.9067,4.080
7018,30.000,0.006,0.006,4.975,4.975,6.030,0.001,0.001,0.933,0.933,5.915,1.20,23.00,21.0000,0.5915,2.662
7019,20.000,0.006,0.006,3.224,3.224,6.204,0.001,0.001,0.619,0.619,3.850,1.19,21.55,19.5529,0.3850,1.732
7020,25.000,0.006,0.006,3.912,3.912,6.390,0.001,0.001,0.771,0.771,4.690,1.19,20.00,18.0000,0.4690,2.111
7021,35.000,0.006,0.006,5.322,5.322,6.576,0.002,0.002,1.075,1.075,6.406,1.18,18.45,16.4471,0.6406,2.882
7022,50.000,0.006,0.006,7.407,7.407,6.750,0.006,0.006,1.531,1.531,8.951,1.18,17.00,15.0000,0.8951,4.028
7023,45.000,0.006,0.006,6.523,6.523,6.899,0.005,0.005,1.374,1.374,7.907,1.18,15.76,13.7574,0.7907,3.558
7024,30.000,0.006,0.006,4.277,4.277,7.014,0.001,0.001,0.914,0.914,5.199,1.17,14.80,12.8038,0.5199,2.339
7025,20.000,0.006,0.006,2.823,2.823,7.085,0.001,0.001,0.609,0.609,3.438,1.17,14.20,12.2044,0.3438,1.547
7026,25.000,0.006,0.006,3.516,3.516,7.110,0.001,0.001,0.760,0.760,4.283,1.17,14.00,12.0000,0.4283,1.928
7027,35.000,0.006,0.006,4.940,4.940,7.085,0.002,0.002,1.065,1.065,6.013,1.17,14.20,12.2044,0.6013,2.706
7028,50.000,0.006,0.006,7.129,7.129,7.014,0.006,0.006,1.523,1.523,8.665,1.17,14.80,12.8038,0.8665,3.899
7029,45.000,0.006,0.006,6.523,6.523,6.899,0.005,0.005,1.374,1.374,7.907,1.18,15.76,13.7574,0.7907,3.558
7030,30.000,0.006,0.006,4.444,4.444,6.750,0.001,0.001,0.919,0.919,5.370,1.18,17.00,15.0000,0.5370,2.417
7031,20.000,0.006,0.006,3.041,3.041,6.576,0.001,0.001,0.614,0.614,3.662,1.18,18.45,16.4471,0.3662,1.648
7032,25.000,0.006,0.006,3.912,3.912,6.390,0.001,0.001,0.771,0.771,4.690,1.19,20.00,18.0000,0.4690,2.111
7033,35.000,0.006,0.006,5.642,5.642,6.204,0.002,0.002,1.084,1.084,6.734,1.19,21.55,19.5529,0.6734,3.030
7034,50.000,0.006,0.006,8.292,8.292,6.030,0.006,0.006,1.554,1.554,9.859,1.20,23.00,21.0000,0.9859,4.436
7035,45.000,0.006,0.006,7.652,7.652,5.881,0.005,0.005,1.404,1.404,9.067,1.20,24.24,22.2426,0.9067,4.080
7036,30.000,0.006,0.006,5.202,5.202,5.766,0.001,0.001,0.939,0.939,6.149,1.20,25.20,23.1962,0.6149,2.767
7037,20.000,0.006,0.006,3.512,3.512,5.695,0.001,0.001,0.627,0.627,4.146,1.21,25.80,23.7956,0.4146,1.866
7038,25.000,0.006,0.006,4.409,4.409,5.670,0.001,0.001,0.784,0.784,5.200,1.21,26.00,24.0000,0.5200,2.340
7039,35.000,0.006,0.006,6.146,6.146,5.695,0.002,0.002,1.097,1.097,7.252,1.21,25.80,23.7956,0.7252,3.263
7040,50.000,0.006,0.006,8.671,8.671,5.766,0.006,0.006,1.565,1.565,10.248,1.20,25.20,23.1962,1.0248,4.611
7041,45.000,0.006,0.006,7.652,7.652,5.881,0.005,0.005,1.404,1.404,9.067,1.20,24.24,22.2426,0.9067,4.080
7042,30.000,0.006,0.006,4.975,4.975,6.030,0.001,0.001,0.933,0.933,5.915,1.20,23.00,21.0000,0.5915,2.662
7043,20.000,0.006,0.006,3.224,3.224,6.204,0.001,0.001,0.619,0.619,3.850,1.19,21.55,19.5529,0.3850,1.732
7044,25.000,0.006,0.006,3.912,3.912,6.390,0.001,0.001,0.771,0.771,4.690,1.19,20.00,18.0000,0.4690,2.111
7045,35.000,0.006,0.006,5.322,5.322,6.576,0.002,0.002,1.075,1.075,6.406,1.18,18.45,16.4471,0.6406,2.882
7046,50.000,0.006,0.006,7.407,7.407,6.750,0.006,0.006,1.531,1.531,8.951,1.18,17.00,15.0000,0.8951,4.028
7047,45.000,0.006,0.006,6.523,6.523,6.899,0.005,0.005,1.374,1.374,7.907,1.18,15.76,13.7574,0.7907,3.558
7048,30.000,0.006,0.006,4.277,4.277,7.014,0.001,0.001,0.914,0.914,5.199,1.17,14.80,12.8038,0.5199,2.339
7049,20.000,0.006,0.006,2.823,2.823,7.085,0.001,0.001,0.609,0.609,3.438,1.17,14.20,12.2044,0.3438,1.547
7050,25.000,0.006,0.006,3.516,3.516,7.110,0.001,0.001,0.760,0.760,4.283,1.17,14.00,12.0000,0.4283,1.928
7051,35.000,0.006,0.006,4.940,4.940,7.085,0.002,0.002,1.065,1.065,6.013,1.17,14.20,12.2044,0.6013,2.706
7052,50.000,0.006,0.006,7.129,7.129,7.014,0.006,0.006,1.523,1.523,8.665,1.17,14.80,12.8038,0.8665,3.899
7053,45.000,0.006,0.006,6.523,6.523,6.899,0.005,0.005,1.374,1.374,7.907,1.18,15.76,13.7574,0.7907,3.558
7054,30.000,0.006,0.006,4.444,4.444,6.750,0.001,0.001,0.919,0.919,5.370,1.18,17.00,15.0000,0.5370,2.417
7055,20.000,0.006,0.006,3.041,3.041,6.576,0.001,0.001,0.614,0.614,3.662,1.18,18.45,16.4471,0.3662,1.648
7056,25.000,0.006,0.006,3.912,3.912,6.390,0.001,0.001,0.771,0.771,4.690,1.19,20.00,18.0000,0.4690,2.111
7057,35.000,0.006,0.006,5.642,5.642,6.204,0.002,0.002,1.084,1.084,6.734,1.19,21.55,19.5529,0.6734,3.030
7058,50.000,0.006,0.006,8.292,8.292,6.030,0.006,0.006,1.554,1.554,9.859,1.20,23.00,21.0000,0.9859,4.436
7059,45.000,0.006,0.006,7.652,7.652,5.881,0.005,0.005,1.404,1.404,9.067,1.20,24.24,22.2426,0.9067,4.080
7060,30.000,0.006,0.006,5.202,5.202,5.766,0.001,0.001,0.939,0.939,6.149,1.20,25.20,23.1962,0.6149,2.767
7061,20.000,0.006,0.006,3.512,3.512,5.695,0.001,0.001,0.627,0.627,4.146,1.21,25.80,23.7956,0.4146,1.866
7062,25.000,0.006,0.006,4.409,4.409,5.670,0.001,0.001,0.784,0.784,5.200,1.21,26.00,24.0000,0.5200,2.340
7063,35.000,0.006,0.006,6.146,6.146,5.695,0.002,0.002,1.097,1.097,7.252,1.21,25.80,23.7956,0.7252,3.263
7064,50.000,0.006,0.006,8.671,8.671,5.766,0.006,0.006,1.565,1.565,10.248,1.20,25.20,23.1962,1.0248,4.611
7065,45.000,0.006,0.006,7.652,7.652,5.881,0.005,0.005,1.404,1.404,9.067,1.20,24.24,22.2426,0.9067,4.080
7066,30.000,0.006,0.006,4.975,4.975,6.030,0.001,0.001,0.933,0.933,5.915,1.20,23.00,21.0000,0.5915,2.662
7067,20.000,0.006,0.006,3.224,3.224,6.204,0.001,0.001,0.619,0.619,3.850,1.19,21.55,19.5529,0.3850,1.732
7068,25.000,0.006,0.006,3.912,3.912,6.390,0.001,0.001,0.771,0.771,4.690,1.19,20.00,18.0000,0.4690,2.111
7069,35.000,0.006,0.006,5.322,5.322,6.576,0.002,0.002,1.075,1.075,6.406,1.18,18.45,16.4471,0.6406,2.882
7070,50.000,0.006,0.006,7.407,7.407,6.750,0.006,0.006,1.531,1.531,8.951,1.18,17.00,15.0000,0.8951,4.028
7071,45.000,0.006,0.006,6.523,6.523,6.899,0.005,0.005,1.374,1.374,7.907,1.18,15.76,13.7574,0.7907,3.558
7072,30.000,0.006,0.006,4.277,4.277,7.014,0.001,0.001,0.914,0.914,5.199,1.17,14.80,12.8038,0.5199,2.339
7073,20.000,0.006,0.006,2.823,2.823,7.085,0.001,0.001,0.609,0.609,3.438,1.17,14.20,12.2044,0.3438,1.547
7074,25.000,0.006,0.006,3.516,3.516,7.110,0.001,0.001,0.760,0.760,4.283,1.17,14.00,12.0000,0.4283,1.928
7075,35.000,0.006,0.006,4.940,4.940,7.085,0.002,0.002,1.065,1.065,6.013,1.17,14.20,12.2044,0.6013,2.706
7076,50.000,0.006,0.006,7.129,7.129,7.014,0.006,0.006,1.523,1.523,8.665,1.17,14.80,12.8038,0.8665,3.899
7077,45.000,0.006,0.006,6.523,6.523,6.899,0.005,0.005,1.374,1.374,7.907,1.18,15.76,13.7574,0.7907,3.558
7078,30.000,0.006,0.006,4.444,4.444,6.750,0.001,0.001,0.919,0.919,5.370,1.18,17.00,15.0000,0.5370,2.417
7079,20.000,0.006,0.006,3.041,3.041,6.576,0.001,0.001,0.614,0.614,3.662,1.18,18.45,16.4471,0.3662,1.648
7080,25.000,0.006,0.006,3.912,3.912,6.390,0.001,0.001,0.771,0.771,4.690,1.19,20.00,18.0000,0.4690,2.111
7081,35.000,0.006,0.006,5.642,5.642,6.204,0.002,0.002,1.084,1.084,6.734,1.19,21.55,19.5529,0.6734,3.030
7082,50.000,0.006,0.006,8.292,8.292,6.030,0.006,0.006,1.554,1.554,9.859,1.20,23.00,21.0000,0.9859,4.436
7083,45.000,0.006,0.006,7.652,7.652,5.881,0.005,0.005,1.404,1.404,9.067,1.20,24.24,22.2426,0.9067,4.080
7084,30.000,0.006,0.006,5.202,5.202,5.766,0.001,0.001,0.939,0.939,6.149,1.20,25.20,23.1962,0.6149,2.767
7085,20.000,0.006,0.006,3.512,3.512,5.695,0.001,0.001,0.627,0.627,4.146,1.21,25.80,23.7956,0.4146,1.866
7086,25.000,0.006,0.006,4.409,4.409,5.670,0.001,0.001,0.784,0.784,5.200,1.21,26.00,24.0000,0.5200,2.340
7087,35.000,0.006,0.006,6.146,6.146,5.695,0.002,0.002,1.097,1.097,7.252,1.21,25.80,23.7956,0.7252,3.263
7088,50.000,0.006,0.006,8.671,8.671,5.766,0.006,0.006,1.565,1.565,10.248,1.20,25.20,23.1962,1.0248,4.611
7089,45.000,0.006,0.006,7.652,7.652,5.881,0.005,0.005,1.404,1.404,9.067,1.20,24.24,22.2426,0.9067,4.080
7090,30.000,0.006,0.006,4.975,4.975,6.030,0.001,0.001,0.933,0.933,5.915,1.20,23.00,21.0000,0.5915,2.662
7091,20.000,0.006,0.006,3.224,3.224,6.204,0.001,0.001,0.619,0.619,3.850,1.19,21.55,19.5529,0.3850,1.732
7092,25.000,0.006,0.006,3.912,3.912,6.390,0.001,0.001,0.771,0.771,4.690,1.19,20.00,18.0000,0.4690,2.111
7093,35.000,0.006,0.006,5.322,5.322,6.576,0.002,0.002,1.075,1.075,6.406,1.18,18.45,16.4471,0.6406,2.882
7094,50.000,0.006,0.006,7.407,7.407,6.750,0.006,0.006,1.531,1.531,8.951,1.18,17.00,15.0000,0.8951,4.028
7095,45.000,0.006,0.006,6.523,6.523,6.899,0.005,0.005,1.374,1.374,7.907,1.18,15.76,13.7574,0.7907,3.558
7096,30.000,0.006,0.006,4.277,4.277,7.014,0.001,0.001,0.914,0.914,5.199,1.17,14.80,12.8038,0.5199,2.339
7097,20.000,0.006,0.006,2.823,2.823,7.085,0.001,0.001,0.609,0.609,3.438,1.17,14.20,12.2044,0.3438,1.547
7098,25.000,0.006,0.006,3.516,3.516,7.110,0.001,0.001,0.760,0.760,4.283,1.17,14.00,12.0000,0.4283,1.928
7099,35.000,0.006,0.006,4.940,4.940,7.085,0.002,0.002,1.065,1.065,6.013,1.17,14.20,12.2044,0.6013,2.706
7100,50.000,0.006,0.006,7.129,7.129,7.014,0.006,0.006,1.523,1.523,8.665,1.17,14.80,12.8038,0.8665,3.899
7101,45.000,0.006,0.006,6.523,6.523,6.899,0.005,0.005,1.374,1.374,7.907,1.18,15.76,13.7574,0.7907,3.558
7102,30.000,0.006,0.006,4.444,4.444,6.750,0.001,0.001,0.919,0.919,5.370,1.18,17.00,15.0000,0.5370,2.417
7103,20.000,0.006,0.006,3.041,3.041,6.576,0.001,0.001,0.614,0.614,3.662,1.18,18.45,16.4471,0.3662,1.648
7104,25.000,0.006,0.006,3.912,3.912,6.390,0.001,0.001,0.771,0.771,4.690,1.19,20.00,18.0000,0.4690,2.111
7105,35.000,0.006,0.006,5.642,5.642,6.204,0.002,0.002,1.084,1.084,6.734,1.19,21.55,19.5529,0.6734,3.030
7106,50.000,0.006,0.006,8.292,8.292,6.030,0.006,0.006,1.554,1.554,9.859,1.20,23.00,21.0000,0.9859,4.436
7107,45.000,0.006,0.006,7.652,7.652,5.881,0.005,0.005,1.404,1.404,9.067,1.20,24.24,22.2426,0.9067,4.080
7108,30.000,0.006,0.006,5.202,5.202,5.766,0.001,0.001,0.939,0.939,6.149,1.20,25.20,23.1962,0.6149,2.767
7109,20.000,0.006,0.006,3.512,3.512,5.695,0.001,0.001,0.627,0.627,4.146,1.21,25.80,23.7956,0.4146,1.866
7110,25.000,0.006,0.006,4.409,4.409,5.670,0.001,0.001,0.784,0.784,5.200,1.21,26.00,24.0000,0.5200,2.340
7111,35.000,0.006,0.006,6.146,6.146,5.695,0.002,0.002,1.097,1.097,7.252,1.21,25.80,23.7956,0.7252,3.263
7112,50.000,0.006,0.006,8.671,8.671,5.766,0.006,0.006,1.565,1.565,10.248,1.20,25.20,23.1962,1.0248,4.611
7113,45.000,0.006,0.006,7.652,7.652,5.881,0.005,0.005,1.404,1.404,9.067,1.20,24.24,22.2426,0.9067,4.080
7114,30.000,0.006,0.006,4.975,4.975,6.030,0.001,0.001,0.933,0.933,5.915,1.20,23.00,21.0000,0.5915,2.662
7115,20.000,0.006,0.006,3.224,3.224,6.204,0.001,0.001,0.619,0.619,3.850,1.19,21.55,19.5529,0.3850,1.732
7116,25.000,0.006,0.006,3.912,3.912,6.390,0.001,0.001,0.771,0.771,4.690,1.19,20.00,18.0000,0.4690,2.111
7117,35.000,0.006,0.006,5.322,5.322,6.576,0.002,0.002,1.075,1.075,6.406,1.18,18.45,16.4471,0.6406,2.882
7118,50.000,0.006,0.006,7.407,7.407,6.750,0.006,0.006,1.531,1.531,8.951,1.18,17.00,15.0000,0.8951,4.028
7119,45.000,0.006,0.006,6.523,6.523,6.899,0.005,0.005,1.374,1.374,7.907,1.18,15.76,13.7574,0.7907,3.558
7120,30.000,0.006,0.006,4.277,4.277,7.014,0.001,0.001,0.914,0.914,5.199,1.17,14.80,12.8038,0.5199,2.339
7121,20.000,0.006,0.006,2.823,2.823,7.085,0.001,0.001,0.609,0.609,3.438,1.17,14.20,12.2044,0.3438,1.547
7122,25.000,0.006,0.006,3.516,3.516,7.110,0.001,0.001,0.760,0.760,4.283,1.17,14.00,12.0000,0.4283,1.928
7123,35.000,0.006,0.006,4.940,4.940,7.085,0.002,0.002,1.065,1.065,6.013,1.17,14.20,12.2044,0.6013,2.706
7124,50.000,0.006,0.006,7.129,7.129,7.014,0.006,0.006,1.523,1.523,8.665,1.17,14.80,12.8038,0.8665,3.899
7125,45.000,0.006,0.006,6.523,6.523,6.899,0.005,0.005,1.374,1.374,7.907,1.18,15.76,13.7574,0.7907,3.558
7126,30.000,0.006,0.006,4.444,4.444,6.750,0.001,0.001,0.919,0.919,5.370,1.18,17.00,15.0000,0.5370,2.417
7127,20.000,0.006,0.006,3.041,3.041,6.576,0.001,0.001,0.614,0.614,3.662,1.18,18.45,16.4471,0.3662,1.648
7128,25.000,0.006,0.006,3.912,3.912,6.390,0.001,0.001,0.771,0.771,4.690,1.19,20.00,18.0000,0.4690,2.111
7129,35.000,0.006,0.006,5.642,5.642,6.204,0.002,0.002,1.084,1.084,6.734,1.19,21.55,19.5529,0.6734,3.030
7130,50.000,0.006,0.006,8.292,8.292,6.030,0.006,0.006,1.554,1.554,9.859,1.20,23.00,21.0000,0.9859,4.436
7131,45.000,0.006,0.006,7.652,7.652,5.881,0.005,0.005,1.404,1.404,9.067,1.20,24.24,22.2426,0.9067,4.080
7132,30.000,0.006,0.006,5.202,5.202,5.766,0.001,0.001,0.939,0.939,6.149,1.20,25.20,23.1962,0.6149,2.767
7133,20.000,0.006,0.006,3.512,3.512,5.695,0.001,0.001,0.627,0.627,4.146,1.21,25.80,23.7956,0.4146,1.866
7134,25.000,0.006,0.006,4.409,4.409,5.670,0.001,0.001,0.784,0.784,5.200,1.21,26.00,24.0000,0.5200,2.340
7135,35.000,0.006,0.006,6.146,6.146,5.695,0.002,0.002,1.097,1.097,7.252,1.21,25.80,23.7956,0.7252,3.263
7136,50.000,0.006,0.006,8.671,8.671,5.766,0.006,0.006,1.565,1.565,10.248,1.20,25.20,23.1962,1.0248,4.611
7137,45.000,0.006,0.006,7.652,7.652,5.881,0.005,0.005,1.404,1.404,9.067,1.20,24.24,22.2426,0.9067,4.080
7138,30.000,0.006,0.006,4.975,4.975,6.030,0.001,0.001,0.933,0.933,5.915,1.20,23.00,21.0000,0.5915,2.662
7139,20.000,0.006,0.006,3.224,3.224,6.204,0.001,0.001,0.619,0.619,3.850,1.19,21.55,19.5529,0.3850,1.732
7140,25.000,0.006,0.006,3.912,3.912,6.390,0.001,0.001,0.771,0.771,4.690,1.19,20.00,18.0000,0.4690,2.111
7141,35.000,0.006,0.006,5.322,5.322,6.576,0.002,0.002,1.075,1.075,6.406,1.18,18.45,16.4471,0.6406,2.882
7142,50.000,0.006,0.006,7.407,7.407,6.750,0.006,0.006,1.531,1.531,8.951,1.18,17.00,15.0000,0.8951,4.028
7143,45.000,0.006,0.006,6.523,6.523,6.899,0.005,0.005,1.374,1.374,7.907,1.18,15.76,13.7574,0.7907,3.558
7144,30.000,0.006,0.006,4.277,4.277,7.014,0.001,0.001,0.914,0.914,5.199,1.17,14.80,12.8038,0.5199,2.339
7145,20.000,0.006,0.006,2.823,2.823,7.085,0.001,0.001,0.609,0.609,3.438,1.17,14.20,12.2044,0.3438,1.547
7146,25.000,0.006,0.006,3.516,3.516,7.110,0.001,0.001,0.760,0.760,4.283,1.17,14.00,12.0000,0.4283,1.928
7147,35.000,0.006,0.006,4.940,4.940,7.085,0.002,0.002,1.065,1.065,6.013,1.17,14.20,12.2044,0.6013,2.706
7148,50.000,0.006,0.006,7.129,7.129,7.014,0.006,0.006,1.523,1.523,8.665,1.17,14.80,12.8038,0.8665,3.899
7149,45.000,0.006,0.006,6.523,6.523,6.899,0.005,0.005,1.374,1.374,7.907,1.18,15.76,13.7574,0.7907,3.558
7150,30.000,0.006,0.006,4.444,4.444,6.750,0.001,0.001,0.919,0.919,5.370,1.18,17.00,15.0000,0.5370,2.417
7151,20.000,0.006,0.006,3.041,3.041,6.576,0.001,0.001,0.614,0.614,3.662,1.18,18.45,16.4471,0.3662,1.648
7152,25.000,0.006,0.006,3.912,3.912,6.390,0.001,0.001,0.771,0.771,4.690,1.19,20.00,18.0000,0.4690,2.111
7153,35.000,0.006,0.006,5.642,5.642,6.204,0.002,0.002,1.084,1.084,6.734,1.19,21.55,19.5529,0.6734,3.030
7154,50.000,0.006,0.006,8.292,8.292,6.030,0.006,0.006,1.554,1.554,9.859,1.20,23.00,21.0000,0.9859,4.436
7155,45.000,0.006,0.006,7.652,7.652,5.881,0.005,0.005,1.404,1.404,9.067,1.20,24.24,22.2426,0.9067,4.080
7156,30.000,0.006,0.006,5.202,5.202,5.766,0.001,0.001,0.939,0.939,6.149,1.20,25.20,23.1962,0.6149,2.767
7157,20.000,0.006,0.006,3.512,3.512,5.695,0.001,0.001,0.627,0.627,4.146,1.21,25.80,23.7956,0.4146,1.866
7158,25.000,0.006,0.006,4.409,4.409,5.670,0.001,0.001,0.784,0.784,5.200,1.21,26.00,24.0000,0.5200,2.340
7159,35.000,0.006,0.006,6.146,6.146,5.695,0.002,0.002,1.097,1.097,7.252,1.21,25.80,23.7956,0.7252,3.263
7160,50.000,0.006,0.006,8.671,8.671,5.766,0.006,0.006,1.565,1.565,10.248,1.20,25.20,23.1962,1.0248,4.611
7161,45.000,0.006,0.006,7.652,7.652,5.881,0.005,0.005,1.404,1.404,9.067,1.20,24.24,22.2426,0.9067,4.080
7162,30.000,0.006,0.006,4.975,4.975,6.030,0.001,0.001,0.933,0.933,5.915,1.20,23.00,21.0000,0.5915,2.662
7163,20.000,0.006,0.006,3.224,3.224,6.204,0.001,0.001,0.619,0.619,3.850,1.19,21.55,19.5529,0.3850,1.732
7164,25.000,0.006,0.006,3.912,3.912,6.390,0.001,0.001,0.771,0.771,4.690,1.19,20.00,18.0000,0.4690,2.111
7165,35.000,0.006,0.006,5.322,5.322,6.576,0.002,0.002,1.075,1.075,6.406,1.18,18.45,16.4471,0.6406,2.882
7166,50.000,0.006,0.006,7.407,7.407,6.750,0.006,0.006,1.531,1.531,8.951,1.18,17.00,15.0000,0.8951,4.028
7167,45.000,0.006,0.006,6.523,6.523,6.899,0.005,0.005,1.374,1.374,7.907,1.18,15.76,13.7574,0.7907,3.558
7168,30.000,0.006,0.006,4.277,4.277,7.014,0.001,0.001,0.914,0.914,5.199,1.17,14.80,12.8038,0.5199,2.339
7169,20.000,0.006,0.006,2.823,2.823,7.085,0.001,0.001,0.609,0.609,3.438,1.17,14.20,12.2044,0.3438,1.547
7170,25.000,0.006,0.006,3.516,3.516,7.110,0.001,0.001,0.760,0.760,4.283,1.17,14.00,12.0000,0.4283,1.928
7171,35.000,0.006,0.006,4.940,4.940,7.085,0.002,0.002,1.065,1.065,6.013,1.17,14.20,12.2044,0.6013,2.706
7172,50.000,0.006,0.006,7.129,7.129,7.014,0.006,0.006,1.523,1.523,8.665,1.17,14.80,12.8038,0.8665,3.899
7173,45.000,0.006,0.006,6.523,6.523,6.899,0.005,0.005,1.374,1.374,7.907,1.18,15.76,13.7574,0.7907,3.558
7174,30.000,0.006,0.006,4.444,4.444,6.750,0.001,0.001,0.919,0.919,5.370,1.18,17.00,15.0000,0.5370,2.417
7175,20.000,0.006,0.006,3.041,3.041,6.576,0.001,0.001,0.614,0.614,3.662,1.18,18.45,16.4471,0.3662,1.648
7176,25.000,0.006,0.006,3.912,3.912,6.390,0.001,0.001,0.771,0.771,4.690,1.19,20.00,18.0000,0.4690,2.111
7177,35.000,0.006,0.006,5.642,5.642,6.204,0.002,0.002,1.084,1.084,6.734,1.19,21.55,19.5529,0.6734,3.030
7178,50.000,0.006,0.006,8.292,8.292,6.030,0.006,0.006,1.554,1.554,9.859,1.20,23.00,21.0000,0.9859,4.436
7179,45.000,0.006,0.006,7.652,7.652,5.881,0.005,0.005,1.404,1.404,9.067,1.20,24.24,22.2426,0.9067,4.080
7180,30.000,0.006,0.006,5.202,5.202,5.766,0.001,0.001,0.939,0.939,6.149,1.20,25.20,23.1962,0.6149,2.767
7181,20.000,0.006,0.006,3.512,3.512,5.695,0.001,0.001,0.627,0.627,4.146,1.21,25.80,23.7956,0.4146,1.866
7182,25.000,0.006,0.006,4.409,4.409,5.670,0.001,0.001,0.784,0.784,5.200,1.21,26.00,24.0000,0.5200,2.340
7183,35.000,0.006,0.006,6.146,6.146,5.695,0.002,0.002,1.097,1.097,7.252,1.21,25.80,23.7956,0.7252,3.263
7184,50.000,0.006,0.006,8.671,8.671,5.766,0.006,0.006,1.565,1.565,10.248,1.20,25.20,23.1962,1.0248,4.611
7185,45.000,0.006,0.006,7.652,7.652,5.881,0.005,0.005,1.404,1.404,9.067,1.20,24.24,22.2426,0.9067,4.080
7186,30.000,0.006,0.006,4.975,4.975,6.030,0.001,0.001,0.933,0.933,5.915,1.20,23.00,21.0000,0.5915,2.662
7187,20.000,0.006,0.006,3.224,3.224,6.204,0.001,0.001,0.619,0.619,3.850,1.19,21.55,19.5529,0.3850,1.732
7188,25.000,0.006,0.006,3.912,3.912,6.390,0.001,0.001,0.771,0.771,4.690,1.19,20.00,18.0000,0.4690,2.111
7189,35.000,0.006,0.006,5.322,5.322,6.576,0.002,0.002,1.075,1.075,6.406,1.18,18.45,16.4471,0.6406,2.882
7190,50.000,0.006,0.006,7.407,7.407,6.750,0.006,0.006,1.531,1.531,8.951,1.18,17.00,15.0000,0.8951,4.028
7191,45.000,0.006,0.006,6.523,6.523,6.899,0.005,0.005,1.374,1.374,7.907,1.18,15.76,13.7574,0.7907,3.558
7192,30.000,0.006,0.006,4.277,4.277,7.014,0.001,0.001,0.914,0.914,5.199,1.17,14.80,12.8038,0.5199,2.339
7193,20.000,0.006,0.006,2.823,2.823,7.085,0.001,0.001,0.609,0.609,3.438,1.17,14.20,12.2044,0.3438,1.547
7194,25.000,0.006,0.006,3.516,3.516,7.110,0.001,0.001,0.760,0.760,4.283,1.17,14.00,12.0000,0.4283,1.928
7195,35.000,0.006,0.006,4.940,4.940,7.085,0.002,0.002,1.065,1.065,6.013,1.17,14.20,12.2044,0.6013,2.706
7196,50.000,0.006,0.006,7.129,7.129,7.014,0.006,0.006,1.523,1.523,8.665,1.17,14.80,12.8038,0.8665,3.899
7197,45.000,0.006,0.006,6.523,6.523,6.899,0.005,0.005,1.374,1.374,7.907,1.18,15.76,13.7574,0.7907,3.558
7198,30.000,0.006,0.006,4.444,4.444,6.750,0.001,0.001,0.919,0.919,5.370,1.18,17.00,15.0000,0.5370,2.417
7199,20.000,0.006,0.006,3.041,3.041,6.576,0.001,0.001,0.614,0.614,3.662,1.18,18.45,16.4471,0.3662,1.648
7200,25.000,0.006,0.006,3.912,3.912,6.390,0.001,0.001,0.771,0.771,4.690,1.19,20.00,18.0000,0.4690,2.111
7201,35.000,0.006,0.006,5.642,5.642,6.204,0.002,0.002,1.084,1.084,6.734,1.19,21.55,19.5529,0.6734,3.030
7202,50.000,0.006,0.006,8.292,8.292,6.030,0.006,0.006,1.554,1.554,9.859,1.20,23.00,21.0000,0.9859,4.436
7203,45.000,0.006,0.006,7.652,7.652,5.881,0.005,0.005,1.404,1.404,9.067,1.20,24.24,22.2426,0.9067,4.080
7204,30.000,0.006,0.006,5.202,5.202,5.766,0.001,0.001,0.939,0.939,6.149,1.20,25.20,23.1962,0.6149,2.767
7205,20.000,0.006,0.006,3.512,3.512,5.695,0.001,0.001,0.627,0.627,4.146,1.21,25.80,23.7956,0.4146,1.866
7206,25.000,0.006,0.006,4.409,4.409,5.670,0.001,0.001,0.784,0.784,5.200,1.21,26.00,24.0000,0.5200,2.340
7207,35.000,0.006,0.006,6.146,6.146,5.695,0.002,0.002,1.097,1.097,7.252,1.21,25.80,23.7956,0.7252,3.263
7208,50.000,0.006,0.006,8.671,8.671,5.766,0.006,0.006,1.565,1.565,10.248,1.20,25.20,23.1962,1.0248,4.611
7209,45.000,0.006,0.006,7.652,7.652,5.881,0.005,0.005,1.404,1.404,9.067,1.20,24.24,22.2426,0.9067,4.080
7210,30.000,0.006,0.006,4.975,4.975,6.030,0.001,0.001,0.933,0.933,5.915,1.20,23.00,21.0000,0.5915,2.662
7211,20.000,0.006,0.006,3.224,3.224,6.204,0.001,0.001,0.619,0.619,3.850,1.19,21.55,19.5529,0.3850,1.732
7212,25.000,0.006,0.006,3.912,3.912,6.390,0.001,0.001,0.771,0.771,4.690,1.19,20.00,18.0000,0.4690,2.111
7213,35.000,0.006,0.006,5.322,5.322,6.576,0.002,0.002,1.075,1.075,6.406,1.18,18.45,16.4471,0.6406,2.882
7214,50.000,0.006,0.006,7.407,7.407,6.750,0.006,0.006,1.531,1.531,8.951,1.18,17.00,15.0000,0.8951,4.028
7215,45.000,0.006,0.006,6.523,6.523,6.899,0.005,0.005,1.374,1.374,7.907,1.18,15.76,13.7574,0.7907,3.558
7216,30.000,0.006,0.006,4.277,4.277,7.014,0.001,0.001,0.914,0.914,5.199,1.17,14.80,12.8038,0.5199,2.339
7217,20.000,0.006,0.006,2.823,2.823,7.085,0.001,0.001,0.609,0.609,3.438,1.17,14.20,12.2044,0.3438,1.547
7218,25.000,0.006,0.006,3.516,3.516,7.110,0.001,0.001,0.760,0.760,4.283,1.17,14.00,12.0000,0.4283,1.928
7219,35.000,0.006,0.006,4.940,4.940,7.085,0.002,0.002,1.065,1.065,6.013,1.17,14.20,12.2044,0.6013,2.706
7220,50.000,0.006,0.006,7.129,7.129,7.014,0.006,0.006,1.523,1.523,8.665,1.17,14.80,12.8038,0.8665,3.899
7221,45.000,0.006,0.006,6.523,6.523,6.899,0.005,0.005,1.374,1.374,7.907,1.18,15.76,13.7574,0.7907,3.558
7222,30.000,0.006,0.006,4.444,4.444,6.750,0.001,0.001,0.919,0.919,5.370,1.18,17.00,15.0000,0.5370,2.417
7223,20.000,0.006,0.006,3.041,3.041,6.576,0.001,0.001,0.614,0.614,3.662,1.18,18.45,16.4471,0.3662,1.648
7224,25.000,0.006,0.006,3.912,3.912,6.390,0.001,0.001,0.771,0.771,4.690,1.19,20.00,18.0000,0.4690,2.111
7225,35.000,0.006,0.006,5.642,5.642,6.204,0.002,0.002,1.084,1.084,6.734,1.19,21.55,19.5529,0.6734,3.030
7226,50.000,0.006,0.006,8.292,8.292,6.030,0.006,0.006,1.554,1.554,9.859,1.20,23.00,21.0000,0.9859,4.436
7227,45.000,0.006,0.006,7.652,7.652,5.881,0.005,0.005,1.404,1.404,9.067,1.20,24.24,22.2426,0.9067,4.080
7228,30.000,0.006,0.006,5.202,5.202,5.766,0.001,0.001,0.939,0.939,6.149,1.20,25.20,23.1962,0.6149,2.767
7229,20.000,0.006,0.006,3.512,3.512,5.695,0.001,0.001,0.627,0.627,4.146,1.21,25.80,23.7956,0.4146,1.866
7230,25.000,0.006,0.006,4.409,4.409,5.670,0.001,0.001,0.784,0.784,5.200,1.21,26.00,24.0000,0.5200,2.340
7231,35.000,0.006,0.006,6.146,6.146,5.695,0.002,0.002,1.097,1.097,7.252,1.21,25.80,23.7956,0.7252,3.263
7232,50.000,0.006,0.006,8.671,8.671,5.766,0.006,0.006,1.565,1.565,10.248,1.20,25.20,23.1962,1.0248,4.611
7233,45.000,0.006,0.006,7.652,7.652,5.881,0.005,0.005,1.404,1.404,9.067,1.20,24.24,22.2426,0.9067,4.080
7234,30.000,0.006,0.006,4.975,4.975,6.030,0.001,0.001,0.933,0.933,5.915,1.20,23.00,21.0000,0.5915,2.662
7235,20.000,0.006,0.006,3.224,3.224,6.204,0.001,0.001,0.619,0.619,3.850,1.19,21.55,19.5529,0.3850,1.732
7236,25.000,0.006,0.006,3.912,3.912,6.390,0.001,0.001,0.771,0.771,4.690,1.19,20.00,18.0000,0.4690,2.111
7237,35.000,0.006,0.006,5.322,5.322,6.576,0.002,0.002,1.075,1.075,6.406,1.18,18.45,16.4471,0.6406,2.882
7238,50.000,0.006,0.006,7.407,7.407,6.750,0.006,0.006,1.531,1.531,8.951,1.18,17.00,15.0000,0.8951,4.028
7239,45.000,0.006,0.006,6.523,6.523,6.899,0.005,0.005,1.374,1.374,7.907,1.18,15.76,13.7574,0.7907,3.558
7240,30.000,0.006,0.006,4.277,4.277,7.014,0.001,0.001,0.914,0.914,5.199,1.17,14.80,12.8038,0.5199,2.339
7241,20.000,0.006,0.006,2.823,2.823,7.085,0.001,0.001,0.609,0.609,3.438,1.17,14.20,12.2044,0.3438,1.547
7242,25.000,0.006,0.006,3.516,3.516,7.110,0.001,0.001,0.760,0.760,4.283,1.17,14.00,12.0000,0.4283,1.928
7243,35.000,0.006,0.006,4.940,4.940,7.085,0.002,0.002,1.065,1.065,6.013,1.17,14.20,12.2044,0.6013,2.706
7244,50.000,0.006,0.006,7.129,7.129,7.014,0.006,0.006,1.523,1.523,8.665,1.17,14.80,12.8038,0.8665,3.899
7245,45.000,0.006,0.006,6.523,6.523,6.899,0.005,0.005,1.374,1.374,7.907,1.18,15.76,13.7574,0.7907,3.558
7246,30.000,0.006,0.006,4.444,4.444,6.750,0.001,0.001,0.919,0.919,5.370,1.18,17.00,15.0000,0.5370,2.417
7247,20.000,0.006,0.006,3.041,3.041,6.576,0.001,0.001,0.614,0.614,3.662,1.18,18.45,16.4471,0.3662,1.648
7248,25.000,0.006,0.006,3.912,3.912,6.390,0.001,0.001,0.771,0.771,4.690,1.19,20.00,18.0000,0.4690,2.111
7249,35.000,0.006,0.006,5.642,5.642,6.204,0.002,0.002,1.084,1.084,6.734,1.19,21.55,19.5529,0.6734,3.030
7250,50.000,0.006,0.006,8.292,8.292,6.030,0.006,0.006,1.554,1.554,9.859,1.20,23.00,21.0000,0.9859,4.436
7251,45.000,0.006,0.006,7.652,7.652,5.881,0.005,0.005,1.404,1.404,9.067,1.20,24.24,22.2426,0.9067,4.080
7252,30.000,0.006,0.006,5.202,5.202,5.766,0.001,0.001,0.939,0.939,6.149,1.20,25.20,23.1962,0.6149,2.767
7253,20.000,0.006,0.006,3.512,3.512,5.695,0.001,0.001,0.627,0.627,4.146,1.21,25.80,23.7956,0.4146,1.866
7254,25.000,0.006,0.006,4.409,4.409,5.670,0.001,0.001,0.784,0.784,5.200,1.21,26.00,24.0000,0.5200,2.340
7255,35.000,0.006,0.006,6.146,6.146,5.695,0.002,0.002,1.097,1.097,7.252,1.21,25.80,23.7956,0.7252,3.263
7256,50.000,0.006,0.006,8.671,8.671,5.766,0.006,0.006,1.565,1.565,10.248,1.20,25.20,23.1962,1.0248,4.611
7257,45.000,0.006,0.006,7.652,7.652,5.881,0.005,0.005,1.404,1.404,9.067,1.20,24.24,22.2426,0.9067,4.080
7258,30.000,0.006,0.006,4.975,4.975,6.030,0.001,0.001,0.933,0.933,5.915,1.20,23.00,21.0000,0.5915,2.662
7259,20.000,0.006,0.006,3.224,3.224,6.204,0.001,0.001,0.619,0.619,3.850,1.19,21.55,19.5529,0.3850,1.732
7260,25.000,0.006,0.006,3.912,3.912,6.390,0.001,0.001,0.771,0.771,4.690,1.19,20.00,18.0000,0.4690,2.111
7261,35.000,0.006,0.006,5.322,5.322,6.576,0.002,0.002,1.075,1.075,6.406,1.18,18.45,16.4471,0.6406,2.882
7262,50.000,0.006,0.006,7.407,7.407,6.750,0.006,0.006,1.531,1.531,8.951,1.18,17.00,15.0000,0.8951,4.028
7263,45.000,0.006,0.006,6.523,6.523,6.899,0.005,0.005,1.374,1.374,7.907,1.18,15.76,13.7574,0.7907,3.558
7264,30.000,0.006,0.006,4.277,4.277,7.014,0.001,0.001,0.914,0.914,5.199,1.17,14.80,12.8038,0.5199,2.339
7265,20.000,0.006,0.006,2.823,2.823,7.085,0.001,0.001,0.609,0.609,3.438,1.17,14.20,12.2044,0.3438,1.547
7266,25.000,0.006,0.006,3.516,3.516,7.110,0.001,0.001,0.760,0.760,4.283,1.17,14.00,12.0000,0.4283,1.928
7267,35.000,0.006,0.006,4.940,4.940,7.085,0.002,0.002,1.065,1.065,6.013,1.17,14.20,12.2044,0.6013,2.706
7268,50.000,0.006,0.006,7.129,7.129,7.014,0.006,0.006,1.523,1.523,8.665,1.17,14.80,12.8038,0.8665,3.899
7269,45.000,0.006,0.006,6.523,6.523,6.899,0.005,0.005,1.374,1.374,7.907,1.18,15.76,13.7574,0.7907,3.558
7270,30.000,0.006,0.006,4.444,4.444,6.750,0.001,0.001,0.919,0.919,5.370,1.18,17.00,15.0000,0.5370,2.417
7271,20.000,0.006,0.006,3.041,3.041,6.576,0.001,0.001,0.614,0.614,3.662,1.18,18.45,16.4471,0.3662,1.648
7272,25.000,0.006,0.006,3.912,3.912,6.390,0.001,0.001,0.771,0.771,4.690,1.19,20.00,18.0000,0.4690,2.111
7273,35.000,0.006,0.006,5.642,5.642,6.204,0.002,0.002,1.084,1.084,6.734,1.19,21.55,19.5529,0.6734,3.030
7274,50.000,0.006,0.006,8.292,8.292,6.030,0.006,0.006,1.554,1.554,9.859,1.20,23.00,21.0000,0.9859,4.436
7275,45.000,0.006,0.006,7.652,7.652,5.881,0.005,0.005,1.404,1.404,9.067,1.20,24.24,22.2426,0.9067,4.080
7276,30.000,0.006,0.006,5.202,5.202,5.766,0.001,0.001,0.939,0.939,6.149,1.20,25.20,23.1962,0.6149,2.767
7277,20.000,0.006,0.006,3.512,3.512,5.695,0.001,0.001,0.627,0.627,4.146,1.21,25.80,23.7956,0.4146,1.866
7278,25.000,0.006,0.006,4.409,4.409,5.670,0.001,0.001,0.784,0.784,5.200,1.21,26.00,24.0000,0.5200,2.340
7279,35.000,0.006,0.006,6.146,6.146,5.695,0.002,0.002,1.097,1.097,7.252,1.21,25.80,23.7956,0.7252,3.263
7280,50.000,0.006,0.006,8.671,8.671,5.766,0.006,0.006,1.565,1.565,10.248,1.20,25.20,23.1962,1.0248,4.611
7281,45.000,0.006,0.006,7.652,7.652,5.881,0.005,0.005,1.404,1.404,9.067,1.20,24.24,22.2426,0.9067,4.080
7282,30.000,0.006,0.006,4.975,4.975,6.030,0.001,0.001,0.933,0.933,5.915,1.20,23.00,21.0000,0.5915,2.662
7283,20.000,0.006,0.006,3.224,3.224,6.204,0.001,0.001,0.619,0.619,3.850,1.19,21.55,19.5529,0.3850,1.732
7284,25.000,0.006,0.006,3.912,3.912,6.390,0.001,0.001,0.771,0.771,4.690,1.19,20.00,18.0000,0.4690,2.111
7285,35.000,0.006,0.006,5.322,5.322,6.576,0.002,0.002,1.075,1.075,6.406,1.18,18.45,16.4471,0.6406,2.882
7286,50.000,0.006,0.006,7.407,7.407,6.750,0.006,0.006,1.531,1.531,8.951,1.18,17.00,15.0000,0.8951,4.028
7287,45.000,0.006,0.006,6.523,6.523,6.899,0.005,0.005,1.374,1.374,7.907,1.18,15.76,13.7574,0.7907,3.558
7288,30.000,0.006,0.006,4.277,4.277,7.014,0.001,0.001,0.914,0.914,5.199,1.17,14.80,12.8038,0.5199,2.339
7289,20.000,0.006,0.006,2.823,2.823,7.085,0.001,0.001,0.609,0.609,3.438,1.17,14.20,12.2044,0.3438,1.547
7290,25.000,0.006,0.006,3.516,3.516,7.110,0.001,0.001,0.760,0.760,4.283,1.17,14.00,12.0000,0.4283,1.928
7291,35.000,0.006,0.006,4.940,4.940,7.085,0.002,0.002,1.065,1.065,6.013,1.17,14.20,12.2044,0.6013,2.706
7292,50.000,0.006,0.006,7.129,7.129,7.014,0.006,0.006,1.523,1.523,8.665,1.17,14.80,12.8038,0.8665,3.899
7293,45.000,0.006,0.006,6.523,6.523,6.899,0.005,0.005,1.374,1.374,7.907,1.18,15.76,13.7574,0.7907,3.558
7294,30.000,0.006,0.006,4.444,4.444,6.750,0.001,0.001,0.919,0.919,5.370,1.18,17.00,15.0000,0.5370,2.417
7295,20.000,0.006,0.006,3.041,3.041,6.576,0.001,0.001,0.614,0.614,3.662,1.18,18.45,16.4471,0.3662,1.648
7296,25.000,0.006,0.006,3.912,3.912,6.390,0.001,0.001,0.771,0.771,4.690,1.19,20.00,18.0000,0.4690,2.111
7297,35.000,0.006,0.006,5.642,5.642,6.204,0.002,0.002,1.084,1.084,6.734,1.19,21.55,19.5529,0.6734,3.030
7298,50.000,0.006,0.006,8.292,8.292,6.030,0.006,0.006,1.554,1.554,9.859,1.20,23.00,21.0000,0.9859,4.436
7299,45.000,0.006,0.006,7.652,7.652,5.881,0.005,0.005,1.404,1.404,9.067,1.20,24.24,22.2426,0.9067,4.080
7300,30.000,0.006,0.006,5.202,5.202,5.766,0.001,0.001,0.939,0.939,6.149,1.20,25.20,23.1962,0.6149,2.767
7301,20.000,0.006,0.006,3.512,3.512,5.695,0.001,0.001,0.627,0.627,4.146,1.21,25.80,23.7956,0.4146,1.866
7302,25.000,0.006,0.006,4.409,4.409,5.670,0.001,0.001,0.784,0.784,5.200,1.21,26.00,24.0000,0.5200,2.340
7303,35.000,0.006,0.006,6.146,6.146,5.695,0.002,0.002,1.097,1.097,7.252,1.21,25.80,23.7956,0.7252,3.263
7304,50.000,0.006,0.006,8.671,8.671,5.766,0.006,0.006,1.565,1.565,10.248,1.20,25.20,23.1962,1.0248,4.611
7305,45.000,0.006,0.006,7.652,7.652,5.881,0.005,0.005,1.404,1.404,9.067,1.20,24.24,22.2426,0.9067,4.080
7306,30.000,0.006,0.006,4.975,4.975,6.030,0.001,0.001,0.933,0.933,5.915,1.20,23.00,21.0000,0.5915,2.662
7307,20.000,0.006,0.006,3.224,3.224,6.204,0.001,0.001,0.619,0.619,3.850,1.19,21.55,19.5529,0.3850,1.732
7308,25.000,0.006,0.006,3.912,3.912,6.390,0.001,0.001,0.771,0.771,4.690,1.19,20.00,18.0000,0.4690,2.111
7309,35.000,0.006,0.006,5.322,5.322,6.576,0.002,0.002,1.075,1.075,6.406,1.18,18.45,16.4471,0.6406,2.882
7310,50.000,0.006,0.006,7.407,7.407,6.750,0.006,0.006,1.531,1.531,8.951,1.18,17.00,15.0000,0.8951,4.028
7311,45.000,0.006,0.006,6.523,6.523,6.899,0.005,0.005,1.374,1.374,7.907,1.18,15.76,13.7574,0.7907,3.558
7312,30.000,0.006,0.006,4.277,4.277,7.014,0.001,0.001,0.914,0.914,5.199,1.17,14.80,12.8038,0.5199,2.339
7313,20.000,0.006,0.006,2.823,2.823,7.085,0.001,0.001,0.609,0.609,3.438,1.17,14.20,12.2044,0.3438,1.547
7314,25.000,0.006,0.006,3.516,3.516,7.110,0.001,0.001,0.760,0.760,4.283,1.17,14.00,12.0000,0.4283,1.928
7315,35.000,0.006,0.006,4.940,4.940,7.085,0.002,0.002,1.065,1.065,6.013,1.17,14.20,12.2044,0.6013,2.706
7316,50.000,0.006,0.006,7.129,7.129,7.014,0.006,0.006,1.523,1.523,8.665,1.17,14.80,12.8038,0.8665,3.899
7317,45.000,0.006,0.006,6.523,6.523,6.899,0.005,0.005,1.374,1.374,7.907,1.18,15.76,13.7574,0.7907,3.558
7318,30.000,0.006,0.006,4.444,4.444,6.750,0.001,0.001,0.919,0.919,5.370,1.18,17.00,15.0000,0.5370,2.417
7319,20.000,0.006,0.006,3.041,3.041,6.576,0.001,0.001,0.614,0.614,3.662,1.18,18.45,16.4471,0.3662,1.648
7320,25.000,0.006,0.006,3.912,3.912,6.390,0.001,0.001,0.771,0.771,4.690,1.19,20.00,18.0000,0.4690,2.111
7321,35.000,0.006,0.006,5.642,5.642,6.204,0.002,0.002,1.084,1.084,6.734,1.19,21.55,19.5529,0.6734,3.030
7322,50.000,0.006,0.006,8.292,8.292,6.030,0.006,0.006,1.554,1.554,9.859,1.20,23.00,21.0000,0.9859,4.436
7323,45.000,0.006,0.006,7.652,7.652,5.881,0.005,0.005,1.404,1.404,9.067,1.20,24.24,22.2426,0.9067,4.080
7324,30.000,0.006,0.006,5.202,5.202,5.766,0.001,0.001,0.939,0.939,6.149,1.20,25.20,23.1962,0.6149,2.767
7325,20.000,0.006,0.006,3.512,3.512,5.695,0.001,0.001,0.627,0.627,4.146,1.21,25.80,23.7956,0.4146,1.866
7326,25.000,0.006,0.006,4.409,4.409,5.670,0.001,0.001,0.784,0.784,5.200,1.21,26.00,24.0000,0.5200,2.340
7327,35.000,0.006,0.006,6.146,6.146,5.695,0.002,0.002,1.097,1.097,7.252,1.21,25.80,23.7956,0.7252,3.263
7328,50.000,0.006,0.006,8.671,8.671,5.766,0.006,0.006,1.565,1.565,10.248,1.20,25.20,23.1962,1.0248,4.611
7329,45.000,0.006,0.006,7.652,7.652,5.881,0.005,0.005,1.404,1.404,9.067,1.20,24.24,22.2426,0.9067,4.080
7330,30.000,0.006,0.006,4.975,4.975,6.030,0.001,0.001,0.933,0.933,5.915,1.20,23.00,21.0000,0.5915,2.662
7331,20.000,0.006,0.006,3.224,3.224,6.204,0.001,0.001,0.619,0.619,3.850,1.19,21.55,19.5529,0.3850,1.732
7332,25.000,0.006,0.006,3.912,3.912,6.390,0.001,0.001,0.771,0.771,4.690,1.19,20.00,18.0000,0.4690,2.111
7333,35.000,0.006,0.006,5.322,5.322,6.576,0.002,0.002,1.075,1.075,6.406,1.18,18.45,16.4471,0.6406,2.882
7334,50.000,0.006,0.006,7.407,7.407,6.750,0.006,0.006,1.531,1.531,8.951,1.18,17.00,15.0000,0.8951,4.028
7335,45.000,0.006,0.006,6.523,6.523,6.899,0.005,0.005,1.374,1.374,7.907,1.18,15.76,13.7574,0.7907,3.558
7336,30.000,0.006,0.006,4.277,4.277,7.014,0.001,0.001,0.914,0.914,5.199,1.17,14.80,12.8038,0.5199,2.339
7337,20.000,0.006,0.006,2.823,2.823,7.085,0.001,0.001,0.609,0.609,3.438,1.17,14.20,12.2044,0.3438,1.547
7338,25.000,0.006,0.006,3.516,3.516,7.110,0.001,0.001,0.760,0.760,4.283,1.17,14.00,12.0000,0.4283,1.928
7339,35.000,0.006,0.006,4.940,4.940,7.085,0.002,0.002,1.065,1.065,6.013,1.17,14.20,12.2044,0.6013,2.706
7340,50.000,0.006,0.006,7.129,7.129,7.014,0.006,0.006,1.523,1.523,8.665,1.17,14.80,12.8038,0.8665,3.899
7341,45.000,0.006,0.006,6.523,6.523,6.899,0.005,0.005,1.374,1.374,7.907,1.18,15.76,13.7574,0.7907,3.558
7342,30.000,0.006,0.006,4.444,4.444,6.750,0.001,0.001,0.919,0.919,5.370,1.18,17.00,15.0000,0.5370,2.417
7343,20.000,0.006,0.006,3.041,3.041,6.576,0.001,0.001,0.614,0.614,3.662,1.18,18.45,16.4471,0.3662,1.648
7344,25.000,0.006,0.006,3.912,3.912,6.390,0.001,0.001,0.771,0.771,4.690,1.19,20.00,18.0000,0.4690,2.111
7345,35.000,0.006,0.006,5.642,5.642,6.204,0.002,0.002,1.084,1.084,6.734,1.19,21.55,19.5529,0.6734,3.030
7346,50.000,0.006,0.006,8.292,8.292,6.030,0.006,0.006,1.554,1.554,9.859,1.20,23.00,21.0000,0.9859,4.436
7347,45.000,0.006,0.006,7.652,7.652,5.881,0.005,0.005,1.404,1.404,9.067,1.20,24.24,22.2426,0.9067,4.080
7348,30.000,0.006,0.006,5.202,5.202,5.766,0.001,0.001,0.939,0.939,6.149,1.20,25.20,23.1962,0.6149,2.767
7349,20.000,0.006,0.006,3.512,3.512,5.695,0.001,0.001,0.627,0.627,4.146,1.21,25.80,23.7956,0.4146,1.866
7350,25.000,0.006,0.006,4.409,4.409,5.670,0.001,0.001,0.784,0.784,5.200,1.21,26.00,24.0000,0.5200,2.340
7351,35.000,0.006,0.006,6.146,6.146,5.695,0.002,0.002,1.097,1.097,7.252,1.21,25.80,23.7956,0.7252,3.263
7352,50.000,0.006,0.006,8.671,8.671,5.766,0.006,0.006,1.565,1.565,10.248,1.20,25.20,23.1962,1.0248,4.611
7353,45.000,0.006,0.006,7.652,7.652,5.881,0.005,0.005,1.404,1.404,9.067,1.20,24.24,22.2426,0.9067,4.080
7354,30.000,0.006,0.006,4.975,4.975,6.030,0.001,0.001,0.933,0.933,5.915,1.20,23.00,21.0000,0.5915,2.662
7355,20.000,0.006,0.006,3.224,3.224,6.204,0.001,0.001,0.619,0.619,3.850,1.19,21.55,19.5529,0.3850,1.732
7356,25.000,0.006,0.006,3.912,3.912,6.390,0.001,0.001,0.771,0.771,4.690,1.19,20.00,18.0000,0.4690,2.111
7357,35.000,0.006,0.006,5.322,5.322,6.576,0.002,0.002,1.075,1.075,6.406,1.18,18.45,16.4471,0.6406,2.882
7358,50.000,0.006,0.006,7.407,7.407,6.750,0.006,0.006,1.531,1.531,8.951,1.18,17.00,15.0000,0.8951,4.028
7359,45.000,0.006,0.006,6.523,6.523,6.899,0.005,0.005,1.374,1.374,7.907,1.18,15.76,13.7574,0.7907,3.558
7360,30.000,0.006,0.006,4.277,4.277,7.014,0.001,0.001,0.914,0.914,5.199,1.17,14.80,12.8038,0.5199,2.339
7361,20.000,0.006,0.006,2.823,2.823,7.085,0.001,0.001,0.609,0.609,3.438,1.17,14.20,12.2044,0.3438,1.547
7362,25.000,0.006,0.006,3.516,3.516,7.110,0.001,0.001,0.760,0.760,4.283,1.17,14.00,12.0000,0.4283,1.928
7363,35.000,0.006,0.006,4.940,4.940,7.085,0.002,0.002,1.065,1.065,6.013,1.17,14.20,12.2044,0.6013,2.706
7364,50.000,0.006,0.006,7.129,7.129,7.014,0.006,0.006,1.523,1.523,8.665,1.17,14.80,12.8038,0.8665,3.899
7365,45.000,0.006,0.006,6.523,6.523,6.899,0.005,0.005,1.374,1.374,7.907,1.18,15.76,13.7574,0.7907,3.558
7366,30.000,0.006,0.006,4.444,4.444,6.750,0.001,0.001,0.919,0.919,5.370,1.18,17.00,15.0000,0.5370,2.417
7367,20.000,0.006,0.006,3.041,3.041,6.576,0.001,0.001,0.614,0.614,3.662,1.18,18.45,16.4471,0.3662,1.648
7368,25.000,0.006,0.006,3.912,3.912,6.390,0.001,0.001,0.771,0.771,4.690,1.19,20.00,18.0000,0.4690,2.111
7369,35.000,0.006,0.006,5.642,5.642,6.204,0.002,0.002,1.084,1.084,6.734,1.19,21.55,19.5529,0.6734,3.030
7370,50.000,0.006,0.006,8.292,8.292,6.030,0.006,0.006,1.554,1.554,9.859,1.20,23.00,21.0000,0.9859,4.436
7371,45.000,0.006,0.006,7.652,7.652,5.881,0.005,0.005,1.404,1.404,9.067,1.20,24.24,22.2426,0.9067,4.080
7372,30.000,0.006,0.006,5.202,5.202,5.766,0.001,0.001,0.939,0.939,6.149,1.20,25.20,23.1962,0.6149,2.767
7373,20.000,0.006,0.006,3.512,3.512,5.695,0.001,0.001,0.627,0.627,4.146,1.21,25.80,23.7956,0.4146,1.866
7374,25.000,0.006,0.006,4.409,4.409,5.670,0.001,0.001,0.784,0.784,5.200,1.21,26.00,24.0000,0.5200,2.340
7375,35.000,0.006,0.006,6.146,6.146,5.695,0.002,0.002,1.097,1.097,7.252,1.21,25.80,23.7956,0.7252,3.263
7376,50.000,0.006,0.006,8.671,8.671,5.766,0.006,0.006,1.565,1.565,10.248,1.20,25.20,23.1962,1.0248,4.611
7377,45.000,0.006,0.006,7.652,7.652,5.881,0.005,0.005,1.404,1.404,9.067,1.20,24.24,22.2426,0.9067,4.080
7378,30.000,0.006,0.006,4.975,4.975,6.030,0.001,0.001,0.933,0.933,5.915,1.20,23.00,21.0000,0.5915,2.662
7379,20.000,0.006,0.006,3.224,3.224,6.204,0.001,0.001,0.619,0.619,3.850,1.19,21.55,19.5529,0.3850,1.732
7380,25.000,0.006,0.006,3.912,3.912,6.390,0.001,0.001,0.771,0.771,4.690,1.19,20.00,18.0000,0.4690,2.111
7381,35.000,0.006,0.006,5.322,5.322,6.576,0.002,0.002,1.075,1.075,6.406,1.18,18.45,16.4471,0.6406,2.882
7382,50.000,0.006,0.006,7.407,7.407,6.750,0.006,0.006,1.531,1.531,8.951,1.18,17.00,15.0000,0.8951,4.028
7383,45.000,0.006,0.006,6.523,6.523,6.899,0.005,0.005,1.374,1.374,7.907,1.18,15.76,13.7574,0.7907,3.558
7384,30.000,0.006,0.006,4.277,4.277,7.014,0.001,0.001,0.914,0.914,5.199,1.17,14.80,12.8038,0.5199,2.339
7385,20.000,0.006,0.006,2.823,2.823,7.085,0.001,0.001,0.609,0.609,3.438,1.17,14.20,12.2044,0.3438,1.547
7386,25.000,0.006,0.006,3.516,3.516,7.110,0.001,0.001,0.760,0.760,4.283,1.17,14.00,12.0000,0.4283,1.928
7387,35.000,0.006,0.006,4.940,4.940,7.085,0.002,0.002,1.065,1.065,6.013,1.17,14.20,12.2044,0.6013,2.706
7388,50.000,0.006,0.006,7.129,7.129,7.014,0.006,0.006,1.523,1.523,8.665,1.17,14.80,12.8038,0.8665,3.899
7389,45.000,0.006,0.006,6.523,6.523,6.899,0.005,0.005,1.374,1.374,7.907,1.18,15.76,13.7574,0.7907,3.558
7390,30.000,0.006,0.006,4.444,4.444,6.750,0.001,0.001,0.919,0.919,5.370,1.18,17.00,15.0000,0.5370,2.417
7391,20.000,0.006,0.006,3.041,3.041,6.576,0.001,0.001,0.614,0.614,3.662,1.18,18.45,16.4471,0.3662,1.648
7392,25.000,0.006,0.006,3.912,3.912,6.390,0.001,0.001,0.771,0.771,4.690,1.19,20.00,18.0000,0.4690,2.111
7393,35.000,0.006,0.006,5.642,5.642,6.204,0.002,0.002,1.084,1.084,6.734,1.19,21.55,19.5529,0.6734,3.030
7394,50.000,0.006,0.006,8.292,8.292,6.030,0.006,0.006,1.554,1.554,9.859,1.20,23.00,21.0000,0.9859,4.436
7395,45.000,0.006,0.006,7.652,7.652,5.881,0.005,0.005,1.404,1.404,9.067,1.20,24.24,22.2426,0.9067,4.080
7396,30.000,0.006,0.006,5.202,5.202,5.766,0.001,0.001,0.939,0.939,6.149,1.20,25.20,23.1962,0.6149,2.767
7397,20.000,0.006,0.006,3.512,3.512,5.695,0.001,0.001,0.627,0.627,4.146,1.21,25.80,23.7956,0.4146,1.866
7398,25.000,0.006,0.006,4.409,4.409,5.670,0.001,0.001,0.784,0.784,5.200,1.21,26.00,24.0000,0.5200,2.340
7399,35.000,0.006,0.006,6.146,6.146,5.695,0.002,0.002,1.097,1.097,7.252,1.21,25.80,23.7956,0.7252,3.263
7400,50.000,0.006,0.006,8.671,8.671,5.766,0.006,0.006,1.565,1.565,10.248,1.20,25.20,23.1962,1.0248,4.611
7401,45.000,0.006,0.006,7.652,7.652,5.881,0.005,0.005,1.404,1.404,9.067,1.20,24.24,22.2426,0.9067,4.080
7402,30.000,0.006,0.006,4.975,4.975,6.030,0.001,0.001,0.933,0.933,5.915,1.20,23.00,21.0000,0.5915,2.662
7403,20.000,0.006,0.006,3.224,3.224,6.204,0.001,0.001,0.619,0.619,3.850,1.19,21.55,19.5529,0.3850,1.732
7404,25.000,0.006,0.006,3.912,3.912,6.390,0.001,0.001,0.771,0.771,4.690,1.19,20.00,18.0000,0.4690,2.111
7405,35.000,0.006,0.006,5.322,5.322,6.576,0.002,0.002,1.075,1.075,6.406,1.18,18.45,16.4471,0.6406,2.882
7406,50.000,0.006,0.006,7.407,7.407,6.750,0.006,0.006,1.531,1.531,8.951,1.18,17.00,15.0000,0.8951,4.028
7407,45.000,0.006,0.006,6.523,6.523,6.899,0.005,0.005,1.374,1.374,7.907,1.18,15.76,13.7574,0.7907,3.558
7408,30.000,0.006,0.006,4.277,4.277,7.014,0.001,0.001,0.914,0.914,5.199,1.17,14.80,12.8038,0.5199,2.339
7409,20.000,0.006,0.006,2.823,2.823,7.085,0.001,0.001,0.609,0.609,3.438,1.17,14.20,12.2044,0.3438,1.547
7410,25.000,0.006,0.006,3.516,3.516,7.110,0.001,0.001,0.760,0.760,4.283,1.17,14.00,12.0000,0.4283,1.928
7411,35.000,0.006,0.006,4.940,4.940,7.085,0.002,0.002,1.065,1.065,6.013,1.17,14.20,12.2044,0.6013,2.706
7412,50.000,0.006,0.006,7.129,7.129,7.014,0.006,0.006,1.523,1.523,8.665,1.17,14.80,12.8038,0.8665,3.899
7413,45.000,0.006,0.006,6.523,6.523,6.899,0.005,0.005,1.374,1.374,7.907,1.18,15.76,13.7574,0.7907,3.558
7414,30.000,0.006,0.006,4.444,4.444,6.750,0.001,0.001,0.919,0.919,5.370,1.18,17.00,15.0000,0.5370,2.417
7415,20.000,0.006,0.006,3.041,3.041,6.576,0.001,0.001,0.614,0.614,3.662,1.18,18.45,16.4471,0.3662,1.648
7416,25.000,0.006,0.006,3.912,3.912,6.390,0.001,0.001,0.771,0.771,4.690,1.19,20.00,18.0000,0.4690,2.111
7417,35.000,0.006,0.006,5.642,5.642,6.204,0.002,0.002,1.084,1.084,6.734,1.19,21.55,19.5529,0.6734,3.030
7418,50.000,0.006,0.006,8.292,8.292,6.030,0.006,0.006,1.554,1.554,9.859,1.20,23.00,21.0000,0.9859,4.436
7419,45.000,0.006,0.006,7.652,7.652,5.881,0.005,0.005,1.404,1.404,9.067,1.20,24.24,22.2426,0.9067,4.080
7420,30.000,0.006,0.006,5.202,5.202,5.766,0.001,0.001,0.939,0.939,6.149,1.20,25.20,23.1962,0.6149,2.767
7421,20.000,0.006,0.006,3.512,3.512,5.695,0.001,0.001,0.627,0.627,4.146,1.21,25.80,23.7956,0.4146,1.866
7422,25.000,0.006,0.006,4.409,4.409,5.670,0.001,0.001,0.784,0.784,5.200,1.21,26.00,24.0000,0.5200,2.340
7423,35.000,0.006,0.006,6.146,6.146,5.695,0.002,0.002,1.097,1.097,7.252,1.21,25.80,23.7956,0.7252,3.263
7424,50.000,0.006,0.006,8.671,8.671,5.766,0.006,0.006,1.565,1.565,10.248,1.20,25.20,23.1962,1.0248,4.611
7425,45.000,0.006,0.006,7.652,7.652,5.881,0.005,0.005,1.404,1.404,9.067,1.20,24.24,22.2426,0.9067,4.080
7426,30.000,0.006,0.006,4.975,4.975,6.030,0.001,0.001,0.933,0.933,5.915,1.20,23.00,21.0000,0.5915,2.662
7427,20.000,0.006,0.006,3.224,3.224,6.204,0.001,0.001,0.619,0.619,3.850,1.19,21.55,19.5529,0.3850,1.732
7428,25.000,0.006,0.006,3.912,3.912,6.390,0.001,0.001,0.771,0.771,4.690,1.19,20.00,18.0000,0.4690,2.111
7429,35.000,0.006,0.006,5.322,5.322,6.576,0.002,0.002,1.075,1.075,6.406,1.18,18.45,16.4471,0.6406,2.882
7430,50.000,0.006,0.006,7.407,7.407,6.750,0.006,0.006,1.531,1.531,8.951,1.18,17.00,15.0000,0.8951,4.028
7431,45.000,0.006,0.006,6.523,6.523,6.899,0.005,0.005,1.374,1.374,7.907,1.18,15.76,13.7574,0.7907,3.558
7432,30.000,0.006,0.006,4.277,4.277,7.014,0.001,0.001,0.914,0.914,5.199,1.17,14.80,12.8038,0.5199,2.339
7433,20.000,0.006,0.006,2.823,2.823,7.085,0.001,0.001,0.609,0.609,3.438,1.17,14.20,12.2044,0.3438,1.547
7434,25.000,0.006,0.006,3.516,3.516,7.110,0.001,0.001,0.760,0.760,4.283,1.17,14.00,12.0000,0.4283,1.928
7435,35.000,0.006,0.006,4.940,4.940,7.085,0.002,0.002,1.065,1.065,6.013,1.17,14.20,12.2044,0.6013,2.706
7436,50.000,0.006,0.006,7.129,7.129,7.014,0.006,0.006,1.523,1.523,8.665,1.17,14.80,12.8038,0.8665,3.899
7437,45.000,0.006,0.006,6.523,6.523,6.899,0.005,0.005,1.374,1.374,7.907,1.18,15.76,13.7574,0.7907,3.558
7438,30.000,0.006,0.006,4.444,4.444,6.750,0.001,0.001,0.919,0.919,5.370,1.18,17.00,15.0000,0.5370,2.417
7439,20.000,0.006,0.006,3.041,3.041,6.576,0.001,0.001,0.614,0.614,3.662,1.18,18.45,16.4471,0.3662,1.648
7440,25.000,0.006,0.006,3.912,3.912,6.390,0.001,0.001,0.771,0.771,4.690,1.19,20.00,18.0000,0.4690,2.111
7441,35.000,0.006,0.006,5.642,5.642,6.204,0.002,0.002,1.084,1.084,6.734,1.19,21.55,19.5529,0.6734,3.030
7442,50.000,0.006,0.006,8.292,8.292,6.030,0.006,0.006,1.554,1.554,9.859,1.20,23.00,21.0000,0.9859,4.436
7443,45.000,0.006,0.006,7.652,7.652,5.881,0.005,0.005,1.404,1.404,9.067,1.20,24.24,22.2426,0.9067,4.080
7444,30.000,0.006,0.006,5.202,5.202,5.766,0.001,0.001,0.939,0.939,6.149,1.20,25.20,23.1962,0.6149,2.767
7445,20.000,0.006,0.006,3.512,3.512,5.695,0.001,0.001,0.627,0.627,4.146,1.21,25.80,23.7956,0.4146,1.866
7446,25.000,0.006,0.006,4.409,4.409,5.670,0.001,0.001,0.784,0.784,5.200,1.21,26.00,24.0000,0.5200,2.340
7447,35.000,0.006,0.006,6.146,6.146,5.695,0.002,0.002,1.097,1.097,7.252,1.21,25.80,23.7956,0.7252,3.263
7448,50.000,0.006,0.006,8.671,8.671,5.766,0.006,0.006,1.565,1.565,10.248,1.20,25.20,23.1962,1.0248,4.611
7449,45.000,0.006,0.006,7.652,7.652,5.881,0.005,0.005,1.404,1.404,9.067,1.20,24.24,22.2426,0.9067,4.080
7450,30.000,0.006,0.006,4.975,4.975,6.030,0.001,0.001,0.933,0.933,5.915,1.20,23.00,21.0000,0.5915,2.662
7451,20.000,0.006,0.006,3.224,3.224,6.204,0.001,0.001,0.619,0.619,3.850,1.19,21.55,19.5529,0.3850,1.732
7452,25.000,0.006,0.006,3.912,3.912,6.390,0.001,0.001,0.771,0.771,4.690,1.19,20.00,18.0000,0.4690,2.111
7453,35.000,0.006,0.006,5.322,5.322,6.576,0.002,0.002,1.075,1.075,6.406,1.18,18.45,16.4471,0.6406,2.882
7454,50.000,0.006,0.006,7.407,7.407,6.750,0.006,0.006,1.531,1.531,8.951,1.18,17.00,15.0000,0.8951,4.028
7455,45.000,0.006,0.006,6.523,6.523,6.899,0.005,0.005,1.374,1.374,7.907,1.18,15.76,13.7574,0.7907,3.558
7456,30.000,0.006,0.006,4.277,4.277,7.014,0.001,0.001,0.914,0.914,5.199,1.17,14.80,12.8038,0.5199,2.339
7457,20.000,0.006,0.006,2.823,2.823,7.085,0.001,0.001,0.609,0.609,3.438,1.17,14.20,12.2044,0.3438,1.547
7458,25.000,0.006,0.006,3.516,3.516,7.110,0.001,0.001,0.760,0.760,4.283,1.17,14.00,12.0000,0.4283,1.928
7459,35.000,0.006,0.006,4.940,4.940,7.085,0.002,0.002,1.065,1.065,6.013,1.17,14.20,12.2044,0.6013,2.706
7460,50.000,0.006,0.006,7.129,7.129,7.014,0.006,0.006,1.523,1.523,8.665,1.17,14.80,12.8038,0.8665,3.899
7461,45.000,0.006,0.006,6.523,6.523,6.899,0.005,0.005,1.374,1.374,7.907,1.18,15.76,13.7574,0.7907,3.558
7462,30.000,0.006,0.006,4.444,4.444,6.750,0.001,0.001,0.919,0.919,5.370,1.18,17.00,15.0000,0.5370,2.417
7463,20.000,0.006,0.006,3.041,3.041,6.576,0.001,0.001,0.614,0.614,3.662,1.18,18.45,16.4471,0.3662,1.648
7464,25.000,0.006,0.006,3.912,3.912,6.390,0.001,0.001,0.771,0.771,4.690,1.19,20.00,18.0000,0.4690,2.111
7465,35.000,0.006,0.006,5.642,5.642,6.204,0.002,0.002,1.084,1.084,6.734,1.19,21.55,19.5529,0.6734,3.030
7466,50.000,0.006,0.006,8.292,8.292,6.030,0.006,0.006,1.554,1.554,9.859,1.20,23.00,21.0000,0.9859,4.436
7467,45.000,0.006,0.006,7.652,7.652,5.881,0.005,0.005,1.404,1.404,9.067,1.20,24.24,22.2426,0.9067,4.080
7468,30.000,0.006,0.006,5.202,5.202,5.766,0.001,0.001,0.939,0.939,6.149,1.20,25.20,23.1962,0.6149,2.767
7469,20.000,0.006,0.006,3.512,3.512,5.695,0.001,0.001,0.627,0.627,4.146,1.21,25.80,23.7956,0.4146,1.866
7470,25.000,0.006,0.006,4.409,4.409,5.670,0.001,0.001,0.784,0.784,5.200,1.21,26.00,24.0000,0.5200,2.340
7471,35.000,0.006,0.006,6.146,6.146,5.695,0.002,0.002,1.097,1.097,7.252,1.21,25.80,23.7956,0.7252,3.263
7472,50.000,0.006,0.006,8.671,8.671,5.766,0.006,0.006,1.565,1.565,10.248,1.20,25.20,23.1962,1.0248,4.611
7473,45.000,0.006,0.006,7.652,7.652,5.881,0.005,0.005,1.404,1.404,9.067,1.20,24.24,22.2426,0.9067,4.080
7474,30.000,0.006,0.006,4.975,4.975,6.030,0.001,0.001,0.933,0.933,5.915,1.20,23.00,21.0000,0.5915,2.662
7475,20.000,0.006,0.006,3.224,3.224,6.204,0.001,0.001,0.619,0.619,3.850,1.19,21.55,19.5529,0.3850,1.732
7476,25.000,0.006,0.006,3.912,3.912,6.390,0.001,0.001,0.771,0.771,4.690,1.19,20.00,18.0000,0.4690,2.111
7477,35.000,0.006,0.006,5.322,5.322,6.576,0.002,0.002,1.075,1.075,6.406,1.18,18.45,16.4471,0.6406,2.882
7478,50.000,0.006,0.006,7.407,7.407,6.750,0.006,0.006,1.531,1.531,8.951,1.18,17.00,15.0000,0.8951,4.028
7479,45.000,0.006,0.006,6.523,6.523,6.899,0.005,0.005,1.374,1.374,7.907,1.18,15.76,13.7574,0.7907,3.558
7480,30.000,0.006,0.006,4.277,4.277,7.014,0.001,0.001,0.914,0.914,5.199,1.17,14.80,12.8038,0.5199,2.339
7481,20.000,0.006,0.006,2.823,2.823,7.085,0.001,0.001,0.609,0.609,3.438,1.17,14.20,12.2044,0.3438,1.547
7482,25.000,0.006,0.006,3.516,3.516,7.110,0.001,0.001,0.760,0.760,4.283,1.17,14.00,12.0000,0.4283,1.928
7483,35.000,0.006,0.006,4.940,4.940,7.085,0.002,0.002,1.065,1.065,6.013,1.17,14.20,12.2044,0.6013,2.706
7484,50.000,0.006,0.006,7.129,7.129,7.014,0.006,0.006,1.523,1.523,8.665,1.17,14.80,12.8038,0.8665,3.899
7485,45.000,0.006,0.006,6.523,6.523,6.899,0.005,0.005,1.374,1.374,7.907,1.18,15.76,13.7574,0.7907,3.558
7486,30.000,0.006,0.006,4.444,4.444,6.750,0.001,0.001,0.919,0.919,5.370,1.18,17.00,15.0000,0.5370,2.417
7487,20.000,0.006,0.006,3.041,3.041,6.576,0.001,0.001,0.614,0.614,3.662,1.18,18.45,16.4471,0.3662,1.648
7488,25.000,0.006,0.006,3.912,3.912,6.390,0.001,0.001,0.771,0.771,4.690,1.19,20.00,18.0000,0.4690,2.111
7489,35.000,0.006,0.006,5.642,5.642,6.204,0.002,0.002,1.084,1.084,6.734,1.19,21.55,19.5529,0.6734,3.030
7490,50.000,0.006,0.006,8.292,8.292,6.030,0.006,0.006,1.554,1.554,9.859,1.20,23.00,21.0000,0.9859,4.436
7491,45.000,0.006,0.006,7.652,7.652,5.881,0.005,0.005,1.404,1.404,9.067,1.20,24.24,22.2426,0.9067,4.080
7492,30.000,0.006,0.006,5.202,5.202,5.766,0.001,0.001,0.939,0.939,6.149,1.20,25.20,23.1962,0.6149,2.767
7493,20.000,0.006,0.006,3.512,3.512,5.695,0.001,0.001,0.627,0.627,4.146,1.21,25.80,23.7956,0.4146,1.866
7494,25.000,0.006,0.006,4.409,4.409,5.670,0.001,0.001,0.784,0.784,5.200,1.21,26.00,24.0000,0.5200,2.340
7495,35.000,0.006,0.006,6.146,6.146,5.695,0.002,0.002,1.097,1.097,7.252,1.21,25.80,23.7956,0.7252,3.263
7496,50.000,0.006,0.006,8.671,8.671,5.766,0.006,0.006,1.565,1.565,10.248,1.20,25.20,23.1962,1.0248,4.611
7497,45.000,0.006,0.006,7.652,7.652,5.881,0.005,0.005,1.404,1.404,9.067,1.20,24.24,22.2426,0.9067,4.080
7498,30.000,0.006,0.006,4.975,4.975,6.030,0.001,0.001,0.933,0.933,5.915,1.20,23.00,21.0000,0.5915,2.662
7499,20.000,0.006,0.006,3.224,3.224,6.204,0.001,0.001,0.619,0.619,3.850,1.19,21.55,19.5529,0.3850,1.732
7500,25.000,0.006,0.006,3.912,3.912,6.390,0.001,0.001,0.771,0.771,4.690,1.19,20.00,18.0000,0.4690,2.111
7501,35.000,0.006,0.006,5.322,5.322,6.576,0.002,0.002,1.075,1.075,6.406,1.18,18.45,16.4471,0.6406,2.882
7502,50.000,0.006,0.006,7.407,7.407,6.750,0.006,0.006,1.531,1.531,8.951,1.18,17.00,15.0000,0.8951,4.028
7503,45.000,0.006,0.006,6.523,6.523,6.899,0.005,0.005,1.374,1.374,7.907,1.18,15.76,13.7574,0.7907,3.558
7504,30.000,0.006,0.006,4.277,4.277,7.014,0.001,0.001,0.914,0.914,5.199,1.17,14.80,12.8038,0.5199,2.339
7505,20.000,0.006,0.006,2.823,2.823,7.085,0.001,0.001,0.609,0.609,3.438,1.17,14.20,12.2044,0.3438,1.547
7506,25.000,0.006,0.006,3.516,3.516,7.110,0.001,0.001,0.760,0.760,4.283,1.17,14.00,12.0000,0.4283,1.928
7507,35.000,0.006,0.006,4.940,4.940,7.085,0.002,0.002,1.065,1.065,6.013,1.17,14.20,12.2044,0.6013,2.706
7508,50.000,0.006,0.006,7.129,7.129,7.014,0.006,0.006,1.523,1.523,8.665,1.17,14.80,12.8038,0.8665,3.899
7509,45.000,0.006,0.006,6.523,6.523,6.899,0.005,0.005,1.374,1.374,7.907,1.18,15.76,13.7574,0.7907,3.558
7510,30.000,0.006,0.006,4.444,4.444,6.750,0.001,0.001,0.919,0.919,5.370,1.18,17.00,15.0000,0.5370,2.417
7511,20.000,0.006,0.006,3.041,3.041,6.576,0.001,0.001,0.614,0.614,3.662,1.18,18.45,16.4471,0.3662,1.648
7512,25.000,0.006,0.006,3.912,3.912,6.390,0.001,0.001,0.771,0.771,4.690,1.19,20.00,18.0000,0.4690,2.111
7513,35.000,0.006,0.006,5.642,5.642,6.204,0.002,0.002,1.084,1.084,6.734,1.19,21.55,19.5529,0.6734,3.030
7514,50.000,0.006,0.006,8.292,8.292,6.030,0.006,0.006,1.554,1.554,9.859,1.20,23.00,21.0000,0.9859,4.436
7515,45.000,0.006,0.006,7.652,7.652,5.881,0.005,0.005,1.404,1.404,9.067,1.20,24.24,22.2426,0.9067,4.080
7516,30.000,0.006,0.006,5.202,5.202,5.766,0.001,0.001,0.939,0.939,6.149,1.20,25.20,23.1962,0.6149,2.767
7517,20.000,0.006,0.006,3.512,3.512,5.695,0.001,0.001,0.627,0.627,4.146,1.21,25.80,23.7956,0.4146,1.866
7518,25.000,0.006,0.006,4.409,4.409,5.670,0.001,0.001,0.784,0.784,5.200,1.21,26.00,24.0000,0.5200,2.340
7519,35.000,0.006,0.006,6.146,6.146,5.695,0.002,0.002,1.097,1.097,7.252,1.21,25.80,23.7956,0.7252,3.263
7520,50.000,0.006,0.006,8.671,8.671,5.766,0.006,0.006,1.565,1.565,10.248,1.20,25.20,23.1962,1.0248,4.611
7521,45.000,0.006,0.006,7.652,7.652,5.881,0.005,0.005,1.404,1.404,9.067,1.20,24.24,22.2426,0.9067,4.080
7522,30.000,0.006,0.006,4.975,4.975,6.030,0.001,0.001,0.933,0.933,5.915,1.20,23.00,21.0000,0.5915,2.662
7523,20.000,0.006,0.006,3.224,3.224,6.204,0.001,0.001,0.619,0.619,3.850,1.19,21.55,19.5529,0.3850,1.732
7524,25.000,0.006,0.006,3.912,3.912,6.390,0.001,0.001,0.771,0.771,4.690,1.19,20.00,18.0000,0.4690,2.111
7525,35.000,0.006,0.006,5.322,5.322,6.576,0.002,0.002,1.075,1.075,6.406,1.18,18.45,16.4471,0.6406,2.882
7526,50.000,0.006,0.006,7.407,7.407,6.750,0.006,0.006,1.531,1.531,8.951,1.18,17.00,15.0000,0.8951,4.028
7527,45.000,0.006,0.006,6.523,6.523,6.899,0.005,0.005,1.374,1.374,7.907,1.18,15.76,13.7574,0.7907,3.558
7528,30.000,0.006,0.006,4.277,4.277,7.014,0.001,0.001,0.914,0.914,5.199,1.17,14.80,12.8038,0.5199,2.339
7529,20.000,0.006,0.006,2.823,2.823,7.085,0.001,0.001,0.609,0.609,3.438,1.17,14.20,12.2044,0.3438,1.547
7530,25.000,0.006,0.006,3.516,3.516,7.110,0.001,0.001,0.760,0.760,4.283,1.17,14.00,12.0000,0.4283,1.928
7531,35.000,0.006,0.006,4.940,4.940,7.085,0.002,0.002,1.065,1.065,6.013,1.17,14.20,12.2044,0.6013,2.706
7532,50.000,0.006,0.006,7.129,7.129,7.014,0.006,0.006,1.523,1.523,8.665,1.17,14.80,12.8038,0.8665,3.899
7533,45.000,0.006,0.006,6.523,6.523,6.899,0.005,0.005,1.374,1.374,7.907,1.18,15.76,13.7574,0.7907,3.558
7534,30.000,0.006,0.006,4.444,4.444,6.750,0.001,0.001,0.919,0.919,5.370,1.18,17.00,15.0000,0.5370,2.417
7535,20.000,0.006,0.006,3.041,3.041,6.576,0.001,0.001,0.614,0.614,3.662,1.18,18.45,16.4471,0.3662,1.648
7536,25.000,0.006,0.006,3.912,3.912,6.390,0.001,0.001,0.771,0.771,4.690,1.19,20.00,18.0000,0.4690,2.111
7537,35.000,0.006,0.006,5.642,5.642,6.204,0.002,0.002,1.084,1.084,6.734,1.19,21.55,19.5529,0.6734,3.030
7538,50.000,0.006,0.006,8.292,8.292,6.030,0.006,0.006,1.554,1.554,9.859,1.20,23.00,21.0000,0.9859,4.436
7539,45.000,0.006,0.006,7.652,7.652,5.881,0.005,0.005,1.404,1.404,9.067,1.20,24.24,22.2426,0.9067,4.080
7540,30.000,0.006,0.006,5.202,5.202,5.766,0.001,0.001,0.939,0.939,6.149,1.20,25.20,23.1962,0.6149,2.767
7541,20.000,0.006,0.006,3.512,3.512,5.695,0.001,0.001,0.627,0.627,4.146,1.21,25.80,23.7956,0.4146,1.866
7542,25.000,0.006,0.006,4.409,4.409,5.670,0.001,0.001,0.784,0.784,5.200,1.21,26.00,24.0000,0.5200,2.340
7543,35.000,0.006,0.006,6.146,6.146,5.695,0.002,0.002,1.097,1.097,7.252,1.21,25.80,23.7956,0.7252,3.263
7544,50.000,0.006,0.006,8.671,8.671,5.766,0.006,0.006,1.565,1.565,10.248,1.20,25.20,23.1962,1.0248,4.611
7545,45.000,0.006,0.006,7.652,7.652,5.881,0.005,0.005,1.404,1.404,9.067,1.20,24.24,22.2426,0.9067,4.080
7546,30.000,0.006,0.006,4.975,4.975,6.030,0.001,0.001,0.933,0.933,5.915,1.20,23.00,21.0000,0.5915,2.662
7547,20.000,0.006,0.006,3.224,3.224,6.204,0.001,0.001,0.619,0.619,3.850,1.19,21.55,19.5529,0.3850,1.732
7548,25.000,0.006,0.006,3.912,3.912,6.390,0.001,0.001,0.771,0.771,4.690,1.19,20.00,18.0000,0.4690,2.111
7549,35.000,0.006,0.006,5.322,5.322,6.576,0.002,0.002,1.075,1.075,6.406,1.18,18.45,16.4471,0.6406,2.882
7550,50.000,0.006,0.006,7.407,7.407,6.750,0.006,0.006,1.531,1.531,8.951,1.18,17.00,15.0000,0.8951,4.028
7551,45.000,0.006,0.006,6.523,6.523,6.899,0.005,0.005,1.374,1.374,7.907,1.18,15.76,13.7574,0.7907,3.558
7552,30.000,0.006,0.006,4.277,4.277,7.014,0.001,0.001,0.914,0.914,5.199,1.17,14.80,12.8038,0.5199,2.339
7553,20.000,0.006,0.006,2.823,2.823,7.085,0.001,0.001,0.609,0.609,3.438,1.17,14.20,12.2044,0.3438,1.547
7554,25.000,0.006,0.006,3.516,3.516,7.110,0.001,0.001,0.760,0.760,4.283,1.17,14.00,12.0000,0.4283,1.928
7555,35.000,0.006,0.006,4.940,4.940,7.085,0.002,0.002,1.065,1.065,6.013,1.17,14.20,12.2044,0.6013,2.706
7556,50.000,0.006,0.006,7.129,7.129,7.014,0.006,0.006,1.523,1.523,8.665,1.17,14.80,12.8038,0.8665,3.899
7557,45.000,0.006,0.006,6.523,6.523,6.899,0.005,0.005,1.374,1.374,7.907,1.18,15.76,13.7574,0.7907,3.558
7558,30.000,0.006,0.006,4.444,4.444,6.750,0.001,0.001,0.919,0.919,5.370,1.18,17.00,15.0000,0.5370,2.417
7559,20.000,0.006,0.006,3.041,3.041,6.576,0.001,0.001,0.614,0.614,3.662,1.18,18.45,16.4471,0.3662,1.648
7560,25.000,0.006,0.006,3.912,3.912,6.390,0.001,0.001,0.771,0.771,4.690,1.19,20.00,18.0000,0.4690,2.111
7561,35.000,0.006,0.006,5.642,5.642,6.204,0.002,0.002,1.084,1.084,6.734,1.19,21.55,19.5529,0.6734,3.030
7562,50.000,0.006,0.006,8.292,8.292,6.030,0.006,0.006,1.554,1.554,9.859,1.20,23.00,21.0000,0.9859,4.436
7563,45.000,0.006,0.006,7.652,7.652,5.881,0.005,0.005,1.404,1.404,9.067,1.20,24.24,22.2426,0.9067,4.080
7564,30.000,0.006,0.006,5.202,5.202,5.766,0.001,0.001,0.939,0.939,6.149,1.20,25.20,23.1962,0.6149,2.767
7565,20.000,0.006,0.006,3.512,3.512,5.695,0.001,0.001,0.627,0.627,4.146,1.21,25.80,23.7956,0.4146,1.866
7566,25.000,0.006,0.006,4.409,4.409,5.670,0.001,0.001,0.784,0.784,5.200,1.21,26.00,24.0000,0.5200,2.340
7567,35.000,0.006,0.006,6.146,6.146,5.695,0.002,0.002,1.097,1.097,7.252,1.21,25.80,23.7956,0.7252,3.263
7568,50.000,0.006,0.006,8.671,8.671,5.766,0.006,0.006,1.565,1.565,10.248,1.20,25.20,23.1962,1.0248,4.611
7569,45.000,0.006,0.006,7.652,7.652,5.881,0.005,0.005,1.404,1.404,9.067,1.20,24.24,22.2426,0.9067,4.080
7570,30.000,0.006,0.006,4.975,4.975,6.030,0.001,0.001,0.933,0.933,5.915,1.20,23.00,21.0000,0.5915,2.662
7571,20.000,0.006,0.006,3.224,3.224,6.204,0.001,0.001,0.619,0.619,3.850,1.19,21.55,19.5529,0.3850,1.732
7572,25.000,0.006,0.006,3.912,3.912,6.390,0.001,0.001,0.771,0.771,4.690,1.19,20.00,18.0000,0.4690,2.111
7573,35.000,0.006,0.006,5.322,5.322,6.576,0.002,0.002,1.075,1.075,6.406,1.18,18.45,16.4471,0.6406,2.882
7574,50.000,0.006,0.006,7.407,7.407,6.750,0.006,0.006,1.531,1.531,8.951,1.18,17.00,15.0000,0.8951,4.028
7575,45.000,0.006,0.006,6.523,6.523,6.899,0.005,0.005,1.374,1.374,7.907,1.18,15.76,13.7574,0.7907,3.558
7576,30.000,0.006,0.006,4.277,4.277,7.014,0.001,0.001,0.914,0.914,5.199,1.17,14.80,12.8038,0.5199,2.339
7577,20.000,0.006,0.006,2.823,2.823,7.085,0.001,0.001,0.609,0.609,3.438,1.17,14.20,12.2044,0.3438,1.547
7578,25.000,0.006,0.006,3.516,3.516,7.110,0.001,0.001,0.760,0.760,4.283,1.17,14.00,12.0000,0.4283,1.928
7579,35.000,0.006,0.006,4.940,4.940,7.085,0.002,0.002,1.065,1.065,6.013,1.17,14.20,12.2044,0.6013,2.706
7580,50.000,0.006,0.006,7.129,7.129,7.014,0.006,0.006,1.523,1.523,8.665,1.17,14.80,12.8038,0.8665,3.899
7581,45.000,0.006,0.006,6.523,6.523,6.899,0.005,0.005,1.374,1.374,7.907,1.18,15.76,13.7574,0.7907,3.558
7582,30.000,0.006,0.006,4.444,4.444,6.750,0.001,0.001,0.919,0.919,5.370,1.18,17.00,15.0000,0.5370,2.417
7583,20.000,0.006,0.006,3.041,3.041,6.576,0.001,0.001,0.614,0.614,3.662,1.18,18.45,16.4471,0.3662,1.648
7584,25.000,0.006,0.006,3.912,3.912,6.390,0.001,0.001,0.771,0.771,4.690,1.19,20.00,18.0000,0.4690,2.111
7585,35.000,0.006,0.006,5.642,5.642,6.204,0.002,0.002,1.084,1.084,6.734,1.19,21.55,19.5529,0.6734,3.030
7586,50.000,0.006,0.006,8.292,8.292,6.030,0.006,0.006,1.554,1.554,9.859,1.20,23.00,21.0000,0.9859,4.436
7587,45.000,0.006,0.006,7.652,7.652,5.881,0.005,0.005,1.404,1.404,9.067,1.20,24.24,22.2426,0.9067,4.080
7588,30.000,0.006,0.006,5.202,5.202,5.766,0.001,0.001,0.939,0.939,6.149,1.20,25.20,23.1962,0.6149,2.767
7589,20.000,0.006,0.006,3.512,3.512,5.695,0.001,0.001,0.627,0.627,4.146,1.21,25.80,23.7956,0.4146,1.866
7590,25.000,0.006,0.006,4.409,4.409,5.670,0.001,0.001,0.784,0.784,5.200,1.21,26.00,24.0000,0.5200,2.340
7591,35.000,0.006,0.006,6.146,6.146,5.695,0.002,0.002,1.097,1.097,7.252,1.21,25.80,23.7956,0.7252,3.263
7592,50.000,0.006,0.006,8.671,8.671,5.766,0.006,0.006,1.565,1.565,10.248,1.20,25.20,23.1962,1.0248,4.611
7593,45.000,0.006,0.006,7.652,7.652,5.881,0.005,0.005,1.404,1.404,9.067,1.20,24.24,22.2426,0.9067,4.080
7594,30.000,0.006,0.006,4.975,4.975,6.030,0.001,0.001,0.933,0.933,5.915,1.20,23.00,21.0000,0.5915,2.662
7595,20.000,0.006,0.006,3.224,3.224,6.204,0.001,0.001,0.619,0.619,3.850,1.19,21.55,19.5529,0.3850,1.732
7596,25.000,0.006,0.006,3.912,3.912,6.390,0.001,0.001,0.771,0.771,4.690,1.19,20.00,18.0000,0.4690,2.111
7597,35.000,0.006,0.006,5.322,5.322,6.576,0.002,0.002,1.075,1.075,6.406,1.18,18.45,16.4471,0.6406,2.882
7598,50.000,0.006,0.006,7.407,7.407,6.750,0.006,0.006,1.531,1.531,8.951,1.18,17.00,15.0000,0.8951,4.028
7599,45.000,0.006,0.006,6.523,6.523,6.899,0.005,0.005,1.374,1.374,7.907,1.18,15.76,13.7574,0.7907,3.558
7600,30.000,0.006,0.006,4.277,4.277,7.014,0.001,0.001,0.914,0.914,5.199,1.17,14.80,12.8038,0.5199,2.339
7601,20.000,0.006,0.006,2.823,2.823,7.085,0.001,0.001,0.609,0.609,3.438,1.17,14.20,12.2044,0.3438,1.547
7602,25.000,0.006,0.006,3.516,3.516,7.110,0.001,0.001,0.760,0.760,4.283,1.17,14.00,12.0000,0.4283,1.928
7603,35.000,0.006,0.006,4.940,4.940,7.085,0.002,0.002,1.065,1.065,6.013,1.17,14.20,12.2044,0.6013,2.706
7604,50.000,0.006,0.006,7.129,7.129,7.014,0.006,0.006,1.523,1.523,8.665,1.17,14.80,12.8038,0.8665,3.899
7605,45.000,0.006,0.006,6.523,6.523,6.899,0.005,0.005,1.374,1.374,7.907,1.18,15.76,13.7574,0.7907,3.558
7606,30.000,0.006,0.006,4.444,4.444,6.750,0.001,0.001,0.919,0.919,5.370,1.18,17.00,15.0000,0.5370,2.417
7607,20.000,0.006,0.006,3.041,3.041,6.576,0.001,0.001,0.614,0.614,3.662,1.18,18.45,16.4471,0.3662,1.648
7608,25.000,0.006,0.006,3.912,3.912,6.390,0.001,0.001,0.771,0.771,4.690,1.19,20.00,18.0000,0.4690,2.111
7609,35.000,0.006,0.006,5.642,5.642,6.204,0.002,0.002,1.084,1.084,6.734,1.19,21.55,19.5529,0.6734,3.030
7610,50.000,0.006,0.006,8.292,8.292,6.030,0.006,0.006,1.554,1.554,9.859,1.20,23.00,21.0000,0.9859,4.436
7611,45.000,0.006,0.006,7.652,7.652,5.881,0.005,0.005,1.404,1.404,9.067,1.20,24.24,22.2426,0.9067,4.080
7612,30.000,0.006,0.006,5.202,5.202,5.766,0.001,0.001,0.939,0.939,6.149,1.20,25.20,23.1962,0.6149,2.767
7613,20.000,0.006,0.006,3.512,3.512,5.695,0.001,0.001,0.627,0.627,4.146,1.21,25.80,23.7956,0.4146,1.866
7614,25.000,0.006,0.006,4.409,4.409,5.670,0.001,0.001,0.784,0.784,5.200,1.21,26.00,24.0000,0.5200,2.340
7615,35.000,0.006,0.006,6.146,6.146,5.695,0.002,0.002,1.097,1.097,7.252,1.21,25.80,23.7956,0.7252,3.263
7616,50.000,0.006,0.006,8.671,8.671,5.766,0.006,0.006,1.565,1.565,10.248,1.20,25.20,23.1962,1.0248,4.611
7617,45.000,0.006,0.006,7.652,7.652,5.881,0.005,0.005,1.404,1.404,9.067,1.20,24.24,22.2426,0.9067,4.080
7618,30.000,0.006,0.006,4.975,4.975,6.030,0.001,0.001,0.933,0.933,5.915,1.20,23.00,21.0000,0.5915,2.662
7619,20.000,0.006,0.006,3.224,3.224,6.204,0.001,0.001,0.619,0.619,3.850,1.19,21.55,19.5529,0.3850,1.732
7620,25.000,0.006,0.006,3.912,3.912,6.390,0.001,0.001,0.771,0.771,4.690,1.19,20.00,18.0000,0.4690,2.111
7621,35.000,0.006,0.006,5.322,5.322,6.576,0.002,0.002,1.075,1.075,6.406,1.18,18.45,16.4471,0.6406,2.882
7622,50.000,0.006,0.006,7.407,7.407,6.750,0.006,0.006,1.531,1.531,8.951,1.18,17.00,15.0000,0.8951,4.028
7623,45.000,0.006,0.006,6.523,6.523,6.899,0.005,0.005,1.374,1.374,7.907,1.18,15.76,13.7574,0.7907,3.558
7624,30.000,0.006,0.006,4.277,4.277,7.014,0.001,0.001,0.914,0.914,5.199,1.17,14.80,12.8038,0.5199,2.339
7625,20.000,0.006,0.006,2.823,2.823,7.085,0.001,0.001,0.609,0.609,3.438,1.17,14.20,12.2044,0.3438,1.547
7626,25.000,0.006,0.006,3.516,3.516,7.110,0.001,0.001,0.760,0.760,4.283,1.17,14.00,12.0000,0.4283,1.928
7627,35.000,0.006,0.006,4.940,4.940,7.085,0.002,0.002,1.065,1.065,6.013,1.17,14.20,12.2044,0.6013,2.706
7628,50.000,0.006,0.006,7.129,7.129,7.014,0.006,0.006,1.523,1.523,8.665,1.17,14.80,12.8038,0.8665,3.899
7629,45.000,0.006,0.006,6.523,6.523,6.899,0.005,0.005,1.374,1.374,7.907,1.18,15.76,13.7574,0.7907,3.558
7630,30.000,0.006,0.006,4.444,4.444,6.750,0.001,0.001,0.919,0.919,5.370,1.18,17.00,15.0000,0.5370,2.417
7631,20.000,0.006,0.006,3.041,3.041,6.576,0.001,0.001,0.614,0.614,3.662,1.18,18.45,16.4471,0.3662,1.648
7632,25.000,0.006,0.006,3.912,3.912,6.390,0.001,0.001,0.771,0.771,4.690,1.19,20.00,18.0000,0.4690,2.111
7633,35.000,0.006,0.006,5.642,5.642,6.204,0.002,0.002,1.084,1.084,6.734,1.19,21.55,19.5529,0.6734,3.030
7634,50.000,0.006,0.006,8.292,8.292,6.030,0.006,0.006,1.554,1.554,9.859,1.20,23.00,21.0000,0.9859,4.436
7635,45.000,0.006,0.006,7.652,7.652,5.881,0.005,0.005,1.404,1.404,9.067,1.20,24.24,22.2426,0.9067,4.080
7636,30.000,0.006,0.006,5.202,5.202,5.766,0.001,0.001,0.939,0.939,6.149,1.20,25.20,23.1962,0.6149,2.767
7637,20.000,0.006,0.006,3.512,3.512,5.695,0.001,0.001,0.627,0.627,4.146,1.21,25.80,23.7956,0.4146,1.866
7638,25.000,0.006,0.006,4.409,4.409,5.670,0.001,0.001,0.784,0.784,5.200,1.21,26.00,24.0000,0.5200,2.340
7639,35.000,0.006,0.006,6.146,6.146,5.695,0.002,0.002,1.097,1.097,7.252,1.21,25.80,23.7956,0.7252,3.263
7640,50.000,0.006,0.006,8.671,8.671,5.766,0.006,0.006,1.565,1.565,10.248,1.20,25.20,23.1962,1.0248,4.611
7641,45.000,0.006,0.006,7.652,7.652,5.881,0.005,0.005,1.404,1.404,9.067,1.20,24.24,22.2426,0.9067,4.080
7642,30.000,0.006,0.006,4.975,4.975,6.030,0.001,0.001,0.933,0.933,5.915,1.20,23.00,21.0000,0.5915,2.662
7643,20.000,0.006,0.006,3.224,3.224,6.204,0.001,0.001,0.619,0.619,3.850,1.19,21.55,19.5529,0.3850,1.732
7644,25.000,0.006,0.006,3.912,3.912,6.390,0.001,0.001,0.771,0.771,4.690,1.19,20.00,18.0000,0.4690,2.111
7645,35.000,0.006,0.006,5.322,5.322,6.576,0.002,0.002,1.075,1.075,6.406,1.18,18.45,16.4471,0.6406,2.882
7646,50.000,0.006,0.006,7.407,7.407,6.750,0.006,0.006,1.531,1.531,8.951,1.18,17.00,15.0000,0.8951,4.028
7647,45.000,0.006,0.006,6.523,6.523,6.899,0.005,0.005,1.374,1.374,7.907,1.18,15.76,13.7574,0.7907,3.558
7648,30.000,0.006,0.006,4.277,4.277,7.014,0.001,0.001,0.914,0.914,5.199,1.17,14.80,12.8038,0.5199,2.339
7649,20.000,0.006,0.006,2.823,2.823,7.085,0.001,0.001,0.609,0.609,3.438,1.17,14.20,12.2044,0.3438,1.547
7650,25.000,0.006,0.006,3.516,3.516,7.110,0.001,0.001,0.760,0.760,4.283,1.17,14.00,12.0000,0.4283,1.928
7651,35.000,0.006,0.006,4.940,4.940,7.085,0.002,0.002,1.065,1.065,6.013,1.17,14.20,12.2044,0.6013,2.706
7652,50.000,0.006,0.006,7.129,7.129,7.014,0.006,0.006,1.523,1.523,8.665,1.17,14.80,12.8038,0.8665,3.899
7653,45.000,0.006,0.006,6.523,6.523,6.899,0.005,0.005,1.374,1.374,7.907,1.18,15.76,13.7574,0.7907,3.558
7654,30.000,0.006,0.006,4.444,4.444,6.750,0.001,0.001,0.919,0.919,5.370,1.18,17.00,15.0000,0.5370,2.417
7655,20.000,0.006,0.006,3.041,3.041,6.576,0.001,0.001,0.614,0.614,3.662,1.18,18.45,16.4471,0.3662,1.648
7656,25.000,0.006,0.006,3.912,3.912,6.390,0.001,0.001,0.771,0.771,4.690,1.19,20.00,18.0000,0.4690,2.111
7657,35.000,0.006,0.006,5.642,5.642,6.204,0.002,0.002,1.084,1.084,6.734,1.19,21.55,19.5529,0.6734,3.030
7658,50.000,0.006,0.006,8.292,8.292,6.030,0.006,0.006,1.554,1.554,9.859,1.20,23.00,21.0000,0.9859,4.436
7659,45.000,0.006,0.006,7.652,7.652,5.881,0.005,0.005,1.404,1.404,9.067,1.20,24.24,22.2426,0.9067,4.080
7660,30.000,0.006,0.006,5.202,5.202,5.766,0.001,0.001,0.939,0.939,6.149,1.20,25.20,23.1962,0.6149,2.767
7661,20.000,0.006,0.006,3.512,3.512,5.695,0.001,0.001,0.627,0.627,4.146,1.21,25.80,23.7956,0.4146,1.866
7662,25.000,0.006,0.006,4.409,4.409,5.670,0.001,0.001,0.784,0.784,5.200,1.21,26.00,24.0000,0.5200,2.340
7663,35.000,0.006,0.006,6.146,6.146,5.695,0.002,0.002,1.097,1.097,7.252,1.21,25.80,23.7956,0.7252,3.263
7664,50.000,0.006,0.006,8.671,8.671,5.766,0.006,0.006,1.565,1.565,10.248,1.20,25.20,23.1962,1.0248,4.611
7665,45.000,0.006,0.006,7.652,7.652,5.881,0.005,0.005,1.404,1.404,9.067,1.20,24.24,22.2426,0.9067,4.080
7666,30.000,0.006,0.006,4.975,4.975,6.030,0.001,0.001,0.933,0.933,5.915,1.20,23.00,21.0000,0.5915,2.662
7667,20.000,0.006,0.006,3.224,3.224,6.204,0.001,0.001,0.619,0.619,3.850,1.19,21.55,19.5529,0.3850,1.732
7668,25.000,0.006,0.006,3.912,3.912,6.390,0.001,0.001,0.771,0.771,4.690,1.19,20.00,18.0000,0.4690,2.111
7669,35.000,0.006,0.006,5.322,5.322,6.576,0.002,0.002,1.075,1.075,6.406,1.18,18.45,16.4471,0.6406,2.882
7670,50.000,0.006,0.006,7.407,7.407,6.750,0.006,0.006,1.531,1.531,8.951,1.18,17.00,15.0000,0.8951,4.028
7671,45.000,0.006,0.006,6.523,6.523,6.899,0.005,0.005,1.374,1.374,7.907,1.18,15.76,13.7574,0.7907,3.558
7672,30.000,0.006,0.006,4.277,4.277,7.014,0.001,0.001,0.914,0.914,5.199,1.17,14.80,12.8038,0.5199,2.339
7673,20.000,0.006,0.006,2.823,2.823,7.085,0.001,0.001,0.609,0.609,3.438,1.17,14.20,12.2044,0.3438,1.547
7674,25.000,0.006,0.006,3.516,3.516,7.110,0.001,0.001,0.760,0.760,4.283,1.17,14.00,12.0000,0.4283,1.928
7675,35.000,0.006,0.006,4.940,4.940,7.085,0.002,0.002,1.065,1.065,6.013,1.17,14.20,12.2044,0.6013,2.706
7676,50.000,0.006,0.006,7.129,7.129,7.014,0.006,0.006,1.523,1.523,8.665,1.17,14.80,12.8038,0.8665,3.899
7677,45.000,0.006,0.006,6.523,6.523,6.899,0.005,0.005,1.374,1.374,7.907,1.18,15.76,13.7574,0.7907,3.558
7678,30.000,0.006,0.006,4.444,4.444,6.750,0.001,0.001,0.919,0.919,5.370,1.18,17.00,15.0000,0.5370,2.417
7679,20.000,0.006,0.006,3.041,3.041,6.576,0.001,0.001,0.614,0.614,3.662,1.18,18.45,16.4471,0.3662,1.648
7680,25.000,0.006,0.006,3.912,3.912,6.390,0.001,0.001,0.771,0.771,4.690,1.19,20.00,18.0000,0.4690,2.111
7681,35.000,0.006,0.006,5.642,5.642,6.204,0.002,0.002,1.084,1.084,6.734,1.19,21.55,19.5529,0.6734,3.030
7682,50.000,0.006,0.006,8.292,8.292,6.030,0.006,0.006,1.554,1.554,9.859,1.20,23.00,21.0000,0.9859,4.436
7683,45.000,0.006,0.006,7.652,7.652,5.881,0.005,0.005,1.404,1.404,9.067,1.20,24.24,22.2426,0.9067,4.080
7684,30.000,0.006,0.006,5.202,5.202,5.766,0.001,0.001,0.939,0.939,6.149,1.20,25.20,23.1962,0.6149,2.767
7685,20.000,0.006,0.006,3.512,3.512,5.695,0.001,0.001,0.627,0.627,4.146,1.21,25.80,23.7956,0.4146,1.866
7686,25.000,0.006,0.006,4.409,4.409,5.670,0.001,0.001,0.784,0.784,5.200,1.21,26.00,24.0000,0.5200,2.340
7687,35.000,0.006,0.006,6.146,6.146,5.695,0.002,0.002,1.097,1.097,7.252,1.21,25.80,23.7956,0.7252,3.263
7688,50.000,0.006,0.006,8.671,8.671,5.766,0.006,0.006,1.565,1.565,10.248,1.20,25.20,23.1962,1.0248,4.611
7689,45.000,0.006,0.006,7.652,7.652,5.881,0.005,0.005,1.404,1.404,9.067,1.20,24.24,22.2426,0.9067,4.080
7690,30.000,0.006,0.006,4.975,4.975,6.030,0.001,0.001,0.933,0.933,5.915,1.20,23.00,21.0000,0.5915,2.662
7691,20.000,0.006,0.006,3.224,3.224,6.204,0.001,0.001,0.619,0.619,3.850,1.19,21.55,19.5529,0.3850,1.732
7692,25.000,0.006,0.006,3.912,3.912,6.390,0.001,0.001,0.771,0.771,4.690,1.19,20.00,18.0000,0.4690,2.111
7693,35.000,0.006,0.006,5.322,5.322,6.576,0.002,0.002,1.075,1.075,6.406,1.18,18.45,16.4471,0.6406,2.882
7694,50.000,0.006,0.006,7.407,7.407,6.750,0.006,0.006,1.531,1.531,8.951,1.18,17.00,15.0000,0.8951,4.028
7695,45.000,0.006,0.006,6.523,6.523,6.899,0.005,0.005,1.374,1.374,7.907,1.18,15.76,13.7574,0.7907,3.558
7696,30.000,0.006,0.006,4.277,4.277,7.014,0.001,0.001,0.914,0.914,5.199,1.17,14.80,12.8038,0.5199,2.339
7697,20.000,0.006,0.006,2.823,2.823,7.085,0.001,0.001,0.609,0.609,3.438,1.17,14.20,12.2044,0.3438,1.547
7698,25.000,0.006,0.006,3.516,3.516,7.110,0.001,0.001,0.760,0.760,4.283,1.17,14.00,12.0000,0.4283,1.928
7699,35.000,0.006,0.006,4.940,4.940,7.085,0.002,0.002,1.065,1.065,6.013,1.17,14.20,12.2044,0.6013,2.706
7700,50.000,0.006,0.006,7.129,7.129,7.014,0.006,0.006,1.523,1.523,8.665,1.17,14.80,12.8038,0.8665,3.899
7701,45.000,0.006,0.006,6.523,6.523,6.899,0.005,0.005,1.374,1.374,7.907,1.18,15.76,13.7574,0.7907,3.558
7702,30.000,0.006,0.006,4.444,4.444,6.750,0.001,0.001,0.919,0.919,5.370,1.18,17.00,15.0000,0.5370,2.417
7703,20.000,0.006,0.006,3.041,3.041,6.576,0.001,0.001,0.614,0.614,3.662,1.18,18.45,16.4471,0.3662,1.648
7704,25.000,0.006,0.006,3.912,3.912,6.390,0.001,0.001,0.771,0.771,4.690,1.19,20.00,18.0000,0.4690,2.111
7705,35.000,0.006,0.006,5.642,5.642,6.204,0.002,0.002,1.084,1.084,6.734,1.19,21.55,19.5529,0.6734,3.030
7706,50.000,0.006,0.006,8.292,8.292,6.030,0.006,0.006,1.554,1.554,9.859,1.20,23.00,21.0000,0.9859,4.436
7707,45.000,0.006,0.006,7.652,7.652,5.881,0.005,0.005,1.404,1.404,9.067,1.20,24.24,22.2426,0.9067,4.080
7708,30.000,0.006,0.006,5.202,5.202,5.766,0.001,0.001,0.939,0.939,6.149,1.20,25.20,23.1962,0.6149,2.767
7709,20.000,0.006,0.006,3.512,3.512,5.695,0.001,0.001,0.627,0.627,4.146,1.21,25.80,23.7956,0.4146,1.866
7710,25.000,0.006,0.006,4.409,4.409,5.670,0.001,0.001,0.784,0.784,5.200,1.21,26.00,24.0000,0.5200,2.340
7711,35.000,0.006,0.006,6.146,6.146,5.695,0.002,0.002,1.097,1.097,7.252,1.21,25.80,23.7956,0.7252,3.263
7712,50.000,0.006,0.006,8.671,8.671,5.766,0.006,0.006,1.565,1.565,10.248,1.20,25.20,23.1962,1.0248,4.611
7713,45.000,0.006,0.006,7.652,7.652,5.881,0.005,0.005,1.404,1.404,9.067,1.20,24.24,22.2426,0.9067,4.080
7714,30.000,0.006,0.006,4.975,4.975,6.030,0.001,0.001,0.933,0.933,5.915,1.20,23.00,21.0000,0.5915,2.662
7715,20.000,0.006,0.006,3.224,3.224,6.204,0.001,0.001,0.619,0.619,3.850,1.19,21.55,19.5529,0.3850,1.732
7716,25.000,0.006,0.006,3.912,3.912,6.390,0.001,0.001,0.771,0.771,4.690,1.19,20.00,18.0000,0.4690,2.111
7717,35.000,0.006,0.006,5.322,5.322,6.576,0.002,0.002,1.075,1.075,6.406,1.18,18.45,16.4471,0.6406,2.882
7718,50.000,0.006,0.006,7.407,7.407,6.750,0.006,0.006,1.531,1.531,8.951,1.18,17.00,15.0000,0.8951,4.028
7719,45.000,0.006,0.006,6.523,6.523,6.899,0.005,0.005,1.374,1.374,7.907,1.18,15.76,13.7574,0.7907,3.558
7720,30.000,0.006,0.006,4.277,4.277,7.014,0.001,0.001,0.914,0.914,5.199,1.17,14.80,12.8038,0.5199,2.339
7721,20.000,0.006,0.006,2.823,2.823,7.085,0.001,0.001,0.609,0.609,3.438,1.17,14.20,12.2044,0.3438,1.547
7722,25.000,0.006,0.006,3.516,3.516,7.110,0.001,0.001,0.760,0.760,4.283,1.17,14.00,12.0000,0.4283,1.928
7723,35.000,0.006,0.006,4.940,4.940,7.085,0.002,0.002,1.065,1.065,6.013,1.17,14.20,12.2044,0.6013,2.706
7724,50.000,0.006,0.006,7.129,7.129,7.014,0.006,0.006,1.523,1.523,8.665,1.17,14.80,12.8038,0.8665,3.899
7725,45.000,0.006,0.006,6.523,6.523,6.899,0.005,0.005,1.374,1.374,7.907,1.18,15.76,13.7574,0.7907,3.558
7726,30.000,0.006,0.006,4.444,4.444,6.750,0.001,0.001,0.919,0.919,5.370,1.18,17.00,15.0000,0.5370,2.417
7727,20.000,0.006,0.006,3.041,3.041,6.576,0.001,0.001,0.614,0.614,3.662,1.18,18.45,16.4471,0.3662,1.648
7728,25.000,0.006,0.006,3.912,3.912,6.390,0.001,0.001,0.771,0.771,4.690,1.19,20.00,18.0000,0.4690,2.111
7729,35.000,0.006,0.006,5.642,5.642,6.204,0.002,0.002,1.084,1.084,6.734,1.19,21.55,19.5529,0.6734,3.030
7730,50.000,0.006,0.006,8.292,8.292,6.030,0.006,0.006,1.554,1.554,9.859,1.20,23.00,21.0000,0.9859,4.436
7731,45.000,0.006,0.006,7.652,7.652,5.881,0.005,0.005,1.404,1.404,9.067,1.20,24.24,22.2426,0.9067,4.080
7732,30.000,0.006,0.006,5.202,5.202,5.766,0.001,0.001,0.939,0.939,6.149,1.20,25.20,23.1962,0.6149,2.767
7733,20.000,0.006,0.006,3.512,3.512,5.695,0.001,0.001,0.627,0.627,4.146,1.21,25.80,23.7956,0.4146,1.866
7734,25.000,0.006,0.006,4.409,4.409,5.670,0.001,0.001,0.784,0.784,5.200,1.21,26.00,24.0000,0.5200,2.340
7735,35.000,0.006,0.006,6.146,6.146,5.695,0.002,0.002,1.097,1.097,7.252,1.21,25.80,23.7956,0.7252,3.263
7736,50.000,0.006,0.006,8.671,8.671,5.766,0.006,0.006,1.565,1.565,10.248,1.20,25.20,23.1962,1.0248,4.611
7737,45.000,0.006,0.006,7.652,7.652,5.881,0.005,0.005,1.404,1.404,9.067,1.20,24.24,22.2426,0.9067,4.080
7738,30.000,0.006,0.006,4.975,4.975,6.030,0.001,0.001,0.933,0.933,5.915,1.20,23.00,21.0000,0.5915,2.662
7739,20.000,0.006,0.006,3.224,3.224,6.204,0.001,0.001,0.619,0.619,3.850,1.19,21.55,19.5529,0.3850,1.732
7740,25.000,0.006,0.006,3.912,3.912,6.390,0.001,0.001,0.771,0.771,4.690,1.19,20.00,18.0000,0.4690,2.111
7741,35.000,0.006,0.006,5.322,5.322,6.576,0.002,0.002,1.075,1.075,6.406,1.18,18.45,16.4471,0.6406,2.882
7742,50.000,0.006,0.006,7.407,7.407,6.750,0.006,0.006,1.531,1.531,8.951,1.18,17.00,15.0000,0.8951,4.028
7743,45.000,0.006,0.006,6.523,6.523,6.899,0.005,0.005,1.374,1.374,7.907,1.18,15.76,13.7574,0.7907,3.558
7744,30.000,0.006,0.006,4.277,4.277,7.014,0.001,0.001,0.914,0.914,5.199,1.17,14.80,12.8038,0.5199,2.339
7745,20.000,0.006,0.006,2.823,2.823,7.085,0.001,0.001,0.609,0.609,3.438,1.17,14.20,12.2044,0.3438,1.547
7746,25.000,0.006,0.006,3.516,3.516,7.110,0.001,0.001,0.760,0.760,4.283,1.17,14.00,12.0000,0.4283,1.928
7747,35.000,0.006,0.006,4.940,4.940,7.085,0.002,0.002,1.065,1.065,6.013,1.17,14.20,12.2044,0.6013,2.706
7748,50.000,0.006,0.006,7.129,7.129,7.014,0.006,0.006,1.523,1.523,8.665,1.17,14.80,12.8038,0.8665,3.899
7749,45.000,0.006,0.006,6.523,6.523,6.899,0.005,0.005,1.374,1.374,7.907,1.18,15.76,13.7574,0.7907,3.558
7750,30.000,0.006,0.006,4.444,4.444,6.750,0.001,0.001,0.919,0.919,5.370,1.18,17.00,15.0000,0.5370,2.417
7751,20.000,0.006,0.006,3.041,3.041,6.576,0.001,0.001,0.614,0.614,3.662,1.18,18.45,16.4471,0.3662,1.648
7752,25.000,0.006,0.006,3.912,3.912,6.390,0.001,0.001,0.771,0.771,4.690,1.19,20.00,18.0000,0.4690,2.111
7753,35.000,0.006,0.006,5.642,5.642,6.204,0.002,0.002,1.084,1.084,6.734,1.19,21.55,19.5529,0.6734,3.030
7754,50.000,0.006,0.006,8.292,8.292,6.030,0.006,0.006,1.554,1.554,9.859,1.20,23.00,21.0000,0.9859,4.436
7755,45.000,0.006,0.006,7.652,7.652,5.881,0.005,0.005,1.404,1.404,9.067,1.20,24.24,22.2426,0.9067,4.080
7756,30.000,0.006,0.006,5.202,5.202,5.766,0.001,0.001,0.939,0.939,6.149,1.20,25.20,23.1962,0.6149,2.767
7757,20.000,0.006,0.006,3.512,3.512,5.695,0.001,0.001,0.627,0.627,4.146,1.21,25.80,23.7956,0.4146,1.866
7758,25.000,0.006,0.006,4.409,4.409,5.670,0.001,0.001,0.784,0.784,5.200,1.21,26.00,24.0000,0.5200,2.340
7759,35.000,0.006,0.006,6.146,6.146,5.695,0.002,0.002,1.097,1.097,7.252,1.21,25.80,23.7956,0.7252,3.263
7760,50.000,0.006,0.006,8.671,8.671,5.766,0.006,0.006,1.565,1.565,10.248,1.20,25.20,23.1962,1.0248,4.611
7761,45.000,0.006,0.006,7.652,7.652,5.881,0.005,0.005,1.404,1.404,9.067,1.20,24.24,22.2426,0.9067,4.080
7762,30.000,0.006,0.006,4.975,4.975,6.030,0.001,0.001,0.933,0.933,5.915,1.20,23.00,21.0000,0.5915,2.662
7763,20.000,0.006,0.006,3.224,3.224,6.204,0.001,0.001,0.619,0.619,3.850,1.19,21.55,19.5529,0.3850,1.732
7764,25.000,0.006,0.006,3.912,3.912,6.390,0.001,0.001,0.771,0.771,4.690,1.19,20.00,18.0000,0.4690,2.111
7765,35.000,0.006,0.006,5.322,5.322,6.576,0.002,0.002,1.075,1.075,6.406,1.18,18.45,16.4471,0.6406,2.882
7766,50.000,0.006,0.006,7.407,7.407,6.750,0.006,0.006,1.531,1.531,8.951,1.18,17.00,15.0000,0.8951,4.028
7767,45.000,0.006,0.006,6.523,6.523,6.899,0.005,0.005,1.374,1.374,7.907,1.18,15.76,13.7574,0.7907,3.558
7768,30.000,0.006,0.006,4.277,4.277,7.014,0.001,0.001,0.914,0.914,5.199,1.17,14.80,12.8038,0.5199,2.339
7769,20.000,0.006,0.006,2.823,2.823,7.085,0.001,0.001,0.609,0.609,3.438,1.17,14.20,12.2044,0.3438,1.547
7770,25.000,0.006,0.006,3.516,3.516,7.110,0.001,0.001,0.760,0.760,4.283,1.17,14.00,12.0000,0.4283,1.928
7771,35.000,0.006,0.006,4.940,4.940,7.085,0.002,0.002,1.065,1.065,6.013,1.17,14.20,12.2044,0.6013,2.706
7772,50.000,0.006,0.006,7.129,7.129,7.014,0.006,0.006,1.523,1.523,8.665,1.17,14.80,12.8038,0.8665,3.899
7773,45.000,0.006,0.006,6.523,6.523,6.899,0.005,0.005,1.374,1.374,7.907,1.18,15.76,13.7574,0.7907,3.558
7774,30.000,0.006,0.006,4.444,4.444,6.750,0.001,0.001,0.919,0.919,5.370,1.18,17.00,15.0000,0.5370,2.417
7775,20.000,0.006,0.006,3.041,3.041,6.576,0.001,0.001,0.614,0.614,3.662,1.18,18.45,16.4471,0.3662,1.648
7776,25.000,0.006,0.006,3.912,3.912,6.390,0.001,0.001,0.771,0.771,4.690,1.19,20.00,18.0000,0.4690,2.111
7777,35.000,0.006,0.006,5.642,5.642,6.204,0.002,0.002,1.084,1.084,6.734,1.19,21.55,19.5529,0.6734,3.030
7778,50.000,0.006,0.006,8.292,8.292,6.030,0.006,0.006,1.554,1.554,9.859,1.20,23.00,21.0000,0.9859,4.436
7779,45.000,0.006,0.006,7.652,7.652,5.881,0.005,0.005,1.404,1.404,9.067,1.20,24.24,22.2426,0.9067,4.080
7780,30.000,0.006,0.006,5.202,5.202,5.766,0.001,0.001,0.939,0.939,6.149,1.20,25.20,23.1962,0.6149,2.767
7781,20.000,0.006,0.006,3.512,3.512,5.695,0.001,0.001,0.627,0.627,4.146,1.21,25.80,23.7956,0.4146,1.866
7782,25.000,0.006,0.006,4.409,4.409,5.670,0.001,0.001,0.784,0.784,5.200,1.21,26.00,24.0000,0.5200,2.340
7783,35.000,0.006,0.006,6.146,6.146,5.695,0.002,0.002,1.097,1.097,7.252,1.21,25.80,23.7956,0.7252,3.263
7784,50.000,0.006,0.006,8.671,8.671,5.766,0.006,0.006,1.565,1.565,10.248,1.20,25.20,23.1962,1.0248,4.611
7785,45.000,0.006,0.006,7.652,7.652,5.881,0.005,0.005,1.404,1.404,9.067,1.20,24.24,22.2426,0.9067,4.080
7786,30.000,0.006,0.006,4.975,4.975,6.030,0.001,0.001,0.933,0.933,5.915,1.20,23.00,21.0000,0.5915,2.662
7787,20.000,0.006,0.006,3.224,3.224,6.204,0.001,0.001,0.619,0.619,3.850,1.19,21.55,19.5529,0.3850,1.732
7788,25.000,0.006,0.006,3.912,3.912,6.390,0.001,0.001,0.771,0.771,4.690,1.19,20.00,18.0000,0.4690,2.111
7789,35.000,0.006,0.006,5.322,5.322,6.576,0.002,0.002,1.075,1.075,6.406,1.18,18.45,16.4471,0.6406,2.882
7790,50.000,0.006,0.006,7.407,7.407,6.750,0.006,0.006,1.531,1.531,8.951,1.18,17.00,15.0000,0.8951,4.028
7791,45.000,0.006,0.006,6.523,6.523,6.899,0.005,0.005,1.374,1.374,7.907,1.18,15.76,13.7574,0.7907,3.558
7792,30.000,0.006,0.006,4.277,4.277,7.014,0.001,0.001,0.914,0.914,5.199,1.17,14.80,12.8038,0.5199,2.339
7793,20.000,0.006,0.006,2.823,2.823,7.085,0.001,0.001,0.609,0.609,3.438,1.17,14.20,12.2044,0.3438,1.547
7794,25.000,0.006,0.006,3.516,3.516,7.110,0.001,0.001,0.760,0.760,4.283,1.17,14.00,12.0000,0.4283,1.928
7795,35.000,0.006,0.006,4.940,4.940,7.085,0.002,0.002,1.065,1.065,6.013,1.17,14.20,12.2044,0.6013,2.706
7796,50.000,0.006,0.006,7.129,7.129,7.014,0.006,0.006,1.523,1.523,8.665,1.17,14.80,12.8038,0.8665,3.899
7797,45.000,0.006,0.006,6.523,6.523,6.899,0.005,0.005,1.374,1.374,7.907,1.18,15.76,13.7574,0.7907,3.558
7798,30.000,0.006,0.006,4.444,4.444,6.750,0.001,0.001,0.919,0.919,5.370,1.18,17.00,15.0000,0.5370,2.417
7799,20.000,0.006,0.006,3.041,3.041,6.576,0.001,0.001,0.614,0.614,3.662,1.18,18.45,16.4471,0.3662,1.648
7800,25.000,0.006,0.006,3.912,3.912,6.390,0.001,0.001,0.771,0.771,4.690,1.19,20.00,18.0000,0.4690,2.111
7801,35.000,0.006,0.006,5.642,5.642,6.204,0.002,0.002,1.084,1.084,6.734,1.19,21.55,19.5529,0.6734,3.030
7802,50.000,0.006,0.006,8.292,8.292,6.030,0.006,0.006,1.554,1.554,9.859,1.20,23.00,21.0000,0.9859,4.436
7803,45.000,0.006,0.006,7.652,7.652,5.881,0.005,0.005,1.404,1.404,9.067,1.20,24.24,22.2426,0.9067,4.080
7804,30.000,0.006,0.006,5.202,5.202,5.766,0.001,0.001,0.939,0.939,6.149,1.20,25.20,23.1962,0.6149,2.767
7805,20.000,0.006,0.006,3.512,3.512,5.695,0.001,0.001,0.627,0.627,4.146,1.21,25.80,23.7956,0.4146,1.866
7806,25.000,0.006,0.006,4.409,4.409,5.670,0.001,0.001,0.784,0.784,5.200,1.21,26.00,24.0000,0.5200,2.340
7807,35.000,0.006,0.006,6.146,6.146,5.695,0.002,0.002,1.097,1.097,7.252,1.21,25.80,23.7956,0.7252,3.263
7808,50.000,0.006,0.006,8.671,8.671,5.766,0.006,0.006,1.565,1.565,10.248,1.20,25.20,23.1962,1.0248,4.611
7809,45.000,0.006,0.006,7.652,7.652,5.881,0.005,0.005,1.404,1.404,9.067,1.20,24.24,22.2426,0.9067,4.080
7810,30.000,0.006,0.006,4.975,4.975,6.030,0.001,0.001,0.933,0.933,5.915,1.20,23.00,21.0000,0.5915,2.662
7811,20.000,0.006,0.006,3.224,3.224,6.204,0.001,0.001,0.619,0.619,3.850,1.19,21.55,19.5529,0.3850,1.732
7812,25.000,0.006,0.006,3.912,3.912,6.390,0.001,0.001,0.771,0.771,4.690,1.19,20.00,18.0000,0.4690,2.111
7813,35.000,0.006,0.006,5.322,5.322,6.576,0.002,0.002,1.075,1.075,6.406,1.18,18.45,16.4471,0.6406,2.882
7814,50.000,0.006,0.006,7.407,7.407,6.750,0.006,0.006,1.531,1.531,8.951,1.18,17.00,15.0000,0.8951,4.028
7815,45.000,0.006,0.006,6.523,6.523,6.899,0.005,0.005,1.374,1.374,7.907,1.18,15.76,13.7574,0.7907,3.558
7816,30.000,0.006,0.006,4.277,4.277,7.014,0.001,0.001,0.914,0.914,5.199,1.17,14.80,12.8038,0.5199,2.339
7817,20.000,0.006,0.006,2.823,2.823,7.085,0.001,0.001,0.609,0.609,3.438,1.17,14.20,12.2044,0.3438,1.547
7818,25.000,0.006,0.006,3.516,3.516,7.110,0.001,0.001,0.760,0.760,4.283,1.17,14.00,12.0000,0.4283,1.928
7819,35.000,0.006,0.006,4.940,4.940,7.085,0.002,0.002,1.065,1.065,6.013,1.17,14.20,12.2044,0.6013,2.706
7820,50.000,0.006,0.006,7.129,7.129,7.014,0.006,0.006,1.523,1.523,8.665,1.17,14.80,12.8038,0.8665,3.899
7821,45.000,0.006,0.006,6.523,6.523,6.899,0.005,0.005,1.374,1.374,7.907,1.18,15.76,13.7574,0.7907,3.558
7822,30.000,0.006,0.006,4.444,4.444,6.750,0.001,0.001,0.919,0.919,5.370,1.18,17.00,15.0000,0.5370,2.417
7823,20.000,0.006,0.006,3.041,3.041,6.576,0.001,0.001,0.614,0.614,3.662,1.18,18.45,16.4471,0.3662,1.648
7824,25.000,0.006,0.006,3.912,3.912,6.390,0.001,0.001,0.771,0.771,4.690,1.19,20.00,18.0000,0.4690,2.111
7825,35.000,0.006,0.006,5.642,5.642,6.204,0.002,0.002,1.084,1.084,6.734,1.19,21.55,19.5529,0.6734,3.030
7826,50.000,0.006,0.006,8.292,8.292,6.030,0.006,0.006,1.554,1.554,9.859,1.20,23.00,21.0000,0.9859,4.436
7827,45.000,0.006,0.006,7.652,7.652,5.881,0.005,0.005,1.404,1.404,9.067,1.20,24.24,22.2426,0.9067,4.080
7828,30.000,0.006,0.006,5.202,5.202,5.766,0.001,0.001,0.939,0.939,6.149,1.20,25.20,23.1962,0.6149,2.767
7829,20.000,0.006,0.006,3.512,3.512,5.695,0.001,0.001,0.627,0.627,4.146,1.21,25.80,23.7956,0.4146,1.866
7830,25.000,0.006,0.006,4.409,4.409,5.670,0.001,0.001,0.784,0.784,5.200,1.21,26.00,24.0000,0.5200,2.340
7831,35.000,0.006,0.006,6.146,6.146,5.695,0.002,0.002,1.097,1.097,7.252,1.21,25.80,23.7956,0.7252,3.263
7832,50.000,0.006,0.006,8.671,8.671,5.766,0.006,0.006,1.565,1.565,10.248,1.20,25.20,23.1962,1.0248,4.611
7833,45.000,0.006,0.006,7.652,7.652,5.881,0.005,0.005,1.404,1.404,9.067,1.20,24.24,22.2426,0.9067,4.080
7834,30.000,0.006,0.006,4.975,4.975,6.030,0.001,0.001,0.933,0.933,5.915,1.20,23.00,21.0000,0.5915,2.662
7835,20.000,0.006,0.006,3.224,3.224,6.204,0.001,0.001,0.619,0.619,3.850,1.19,21.55,19.5529,0.3850,1.732
7836,25.000,0.006,0.006,3.912,3.912,6.390,0.001,0.001,0.771,0.771,4.690,1.19,20.00,18.0000,0.4690,2.111
7837,35.000,0.006,0.006,5.322,5.322,6.576,0.002,0.002,1.075,1.075,6.406,1.18,18.45,16.4471,0.6406,2.882
7838,50.000,0.006,0.006,7.407,7.407,6.750,0.006,0.006,1.531,1.531,8.951,1.18,17.00,15.0000,0.8951,4.028
7839,45.000,0.006,0.006,6.523,6.523,6.899,0.005,0.005,1.374,1.374,7.907,1.18,15.76,13.7574,0.7907,3.558
7840,30.000,0.006,0.006,4.277,4.277,7.014,0.001,0.001,0.914,0.914,5.199,1.17,14.80,12.8038,0.5199,2.339
7841,20.000,0.006,0.006,2.823,2.823,7.085,0.001,0.001,0.609,0.609,3.438,1.17,14.20,12.2044,0.3438,1.547
7842,25.000,0.006,0.006,3.516,3.516,7.110,0.001,0.001,0.760,0.760,4.283,1.17,14.00,12.0000,0.4283,1.928
7843,35.000,0.006,0.006,4.940,4.940,7.085,0.002,0.002,1.065,1.065,6.013,1.17,14.20,12.2044,0.6013,2.706
7844,50.000,0.006,0.006,7.129,7.129,7.014,0.006,0.006,1.523,1.523,8.665,1.17,14.80,12.8038,0.8665,3.899
7845,45.000,0.006,0.006,6.523,6.523,6.899,0.005,0.005,1.374,1.374,7.907,1.18,15.76,13.7574,0.7907,3.558
7846,30.000,0.006,0.006,4.444,4.444,6.750,0.001,0.001,0.919,0.919,5.370,1.18,17.00,15.0000,0.5370,2.417
7847,20.000,0.006,0.006,3.041,3.041,6.576,0.001,0.001,0.614,0.614,3.662,1.18,18.45,16.4471,0.3662,1.648
7848,25.000,0.006,0.006,3.912,3.912,6.390,0.001,0.001,0.771,0.771,4.690,1.19,20.00,18.0000,0.4690,2.111
7849,35.000,0.006,0.006,5.642,5.642,6.204,0.002,0.002,1.084,1.084,6.734,1.19,21.55,19.5529,0.6734,3.030
7850,50.000,0.006,0.006,8.292,8.292,6.030,0.006,0.006,1.554,1.554,9.859,1.20,23.00,21.0000,0.9859,4.436
7851,45.000,0.006,0.006,7.652,7.652,5.881,0.005,0.005,1.404,1.404,9.067,1.20,24.24,22.2426,0.9067,4.080
7852,30.000,0.006,0.006,5.202,5.202,5.766,0.001,0.001,0.939,0.939,6.149,1.20,25.20,23.1962,0.6149,2.767
7853,20.000,0.006,0.006,3.512,3.512,5.695,0.001,0.001,0.627,0.627,4.146,1.21,25.80,23.7956,0.4146,1.866
7854,25.000,0.006,0.006,4.409,4.409,5.670,0.001,0.001,0.784,0.784,5.200,1.21,26.00,24.0000,0.5200,2.340
7855,35.000,0.006,0.006,6.146,6.146,5.695,0.002,0.002,1.097,1.097,7.252,1.21,25.80,23.7956,0.7252,3.263
7856,50.000,0.006,0.006,8.671,8.671,5.766,0.006,0.006,1.565,1.565,10.248,1.20,25.20,23.1962,1.0248,4.611
7857,45.000,0.006,0.006,7.652,7.652,5.881,0.005,0.005,1.404,1.404,9.067,1.20,24.24,22.2426,0.9067,4.080
7858,30.000,0.006,0.006,4.975,4.975,6.030,0.001,0.001,0.933,0.933,5.915,1.20,23.00,21.0000,0.5915,2.662
7859,20.000,0.006,0.006,3.224,3.224,6.204,0.001,0.001,0.619,0.619,3.850,1.19,21.55,19.5529,0.3850,1.732
7860,25.000,0.006,0.006,3.912,3.912,6.390,0.001,0.001,0.771,0.771,4.690,1.19,20.00,18.0000,0.4690,2.111
7861,35.000,0.006,0.006,5.322,5.322,6.576,0.002,0.002,1.075,1.075,6.406,1.18,18.45,16.4471,0.6406,2.882
7862,50.000,0.006,0.006,7.407,7.407,6.750,0.006,0.006,1.531,1.531,8.951,1.18,17.00,15.0000,0.8951,4.028
7863,45.000,0.006,0.006,6.523,6.523,6.899,0.005,0.005,1.374,1.374,7.907,1.18,15.76,13.7574,0.7907,3.558
7864,30.000,0.006,0.006,4.277,4.277,7.014,0.001,0.001,0.914,0.914,5.199,1.17,14.80,12.8038,0.5199,2.339
7865,20.000,0.006,0.006,2.823,2.823,7.085,0.001,0.001,0.609,0.609,3.438,1.17,14.20,12.2044,0.3438,1.547
7866,25.000,0.006,0.006,3.516,3.516,7.110,0.001,0.001,0.760,0.760,4.283,1.17,14.00,12.0000,0.4283,1.928
7867,35.000,0.006,0.006,4.940,4.940,7.085,0.002,0.002,1.065,1.065,6.013,1.17,14.20,12.2044,0.6013,2.706
7868,50.000,0.006,0.006,7.129,7.129,7.014,0.006,0.006,1.523,1.523,8.665,1.17,14.80,12.8038,0.8665,3.899
7869,45.000,0.006,0.006,6.523,6.523,6.899,0.005,0.005,1.374,1.374,7.907,1.18,15.76,13.7574,0.7907,3.558
7870,30.000,0.006,0.006,4.444,4.444,6.750,0.001,0.001,0.919,0.919,5.370,1.18,17.00,15.0000,0.5370,2.417
7871,20.000,0.006,0.006,3.041,3.041,6.576,0.001,0.001,0.614,0.614,3.662,1.18,18.45,16.4471,0.3662,1.648
7872,25.000,0.006,0.006,3.912,3.912,6.390,0.001,0.001,0.771,0.771,4.690,1.19,20.00,18.0000,0.4690,2.111
7873,35.000,0.006,0.006,5.642,5.642,6.204,0.002,0.002,1.084,1.084,6.734,1.19,21.55,19.5529,0.6734,3.030
7874,50.000,0.006,0.006,8.292,8.292,6.030,0.006,0.006,1.554,1.554,9.859,1.20,23.00,21.0000,0.9859,4.436
7875,45.000,0.006,0.006,7.652,7.652,5.881,0.005,0.005,1.404,1.404,9.067,1.20,24.24,22.2426,0.9067,4.080
7876,30.000,0.006,0.006,5.202,5.202,5.766,0.001,0.001,0.939,0.939,6.149,1.20,25.20,23.1962,0.6149,2.767
7877,20.000,0.006,0.006,3.512,3.512,5.695,0.001,0.001,0.627,0.627,4.146,1.21,25.80,23.7956,0.4146,1.866
7878,25.000,0.006,0.006,4.409,4.409,5.670,0.001,0.001,0.784,0.784,5.200,1.21,26.00,24.0000,0.5200,2.340
7879,35.000,0.006,0.006,6.146,6.146,5.695,0.002,0.002,1.097,1.097,7.252,1.21,25.80,23.7956,0.7252,3.263
7880,50.000,0.006,0.006,8.671,8.671,5.766,0.006,0.006,1.565,1.565,10.248,1.20,25.20,23.1962,1.0248,4.611
7881,45.000,0.006,0.006,7.652,7.652,5.881,0.005,0.005,1.404,1.404,9.067,1.20,24.24,22.2426,0.9067,4.080
7882,30.000,0.006,0.006,4.975,4.975,6.030,0.001,0.001,0.933,0.933,5.915,1.20,23.00,21.0000,0.5915,2.662
7883,20.000,0.006,0.006,3.224,3.224,6.204,0.001,0.001,0.619,0.619,3.850,1.19,21.55,19.5529,0.3850,1.732
7884,25.000,0.006,0.006,3.912,3.912,6.390,0.001,0.001,0.771,0.771,4.690,1.19,20.00,18.0000,0.4690,2.111
7885,35.000,0.006,0.006,5.322,5.322,6.576,0.002,0.002,1.075,1.075,6.406,1.18,18.45,16.4471,0.6406,2.882
7886,50.000,0.006,0.006,7.407,7.407,6.750,0.006,0.006,1.531,1.531,8.951,1.18,17.00,15.0000,0.8951,4.028
7887,45.000,0.006,0.006,6.523,6.523,6.899,0.005,0.005,1.374,1.374,7.907,1.18,15.76,13.7574,0.7907,3.558
7888,30.000,0.006,0.006,4.277,4.277,7.014,0.001,0.001,0.914,0.914,5.199,1.17,14.80,12.8038,0.5199,2.339
7889,20.000,0.006,0.006,2.823,2.823,7.085,0.001,0.001,0.609,0.609,3.438,1.17,14.20,12.2044,0.3438,1.547
7890,25.000,0.006,0.006,3.516,3.516,7.110,0.001,0.001,0.760,0.760,4.283,1.17,14.00,12.0000,0.4283,1.928
7891,35.000,0.006,0.006,4.940,4.940,7.085,0.002,0.002,1.065,1.065,6.013,1.17,14.20,12.2044,0.6013,2.706
7892,50.000,0.006,0.006,7.129,7.129,7.014,0.006,0.006,1.523,1.523,8.665,1.17,14.80,12.8038,0.8665,3.899
7893,45.000,0.006,0.006,6.523,6.523,6.899,0.005,0.005,1.374,1.374,7.907,1.18,15.76,13.7574,0.7907,3.558
7894,30.000,0.006,0.006,4.444,4.444,6.750,0.001,0.001,0.919,0.919,5.370,1.18,17.00,15.0000,0.5370,2.417
7895,20.000,0.006,0.006,3.041,3.041,6.576,0.001,0.001,0.614,0.614,3.662,1.18,18.45,16.4471,0.3662,1.648
7896,25.000,0.006,0.006,3.912,3.912,6.390,0.001,0.001,0.771,0.771,4.690,1.19,20.00,18.0000,0.4690,2.111
7897,35.000,0.006,0.006,5.642,5.642,6.204,0.002,0.002,1.084,1.084,6.734,1.19,21.55,19.5529,0.6734,3.030
7898,50.000,0.006,0.006,8.292,8.292,6.030,0.006,0.006,1.554,1.554,9.859,1.20,23.00,21.0000,0.9859,4.436
7899,45.000,0.006,0.006,7.652,7.652,5.881,0.005,0.005,1.404,1.404,9.067,1.20,24.24,22.2426,0.9067,4.080
7900,30.000,0.006,0.006,5.202,5.202,5.766,0.001,0.001,0.939,0.939,6.149,1.20,25.20,23.1962,0.6149,2.767
7901,20.000,0.006,0.006,3.512,3.512,5.695,0.001,0.001,0.627,0.627,4.146,1.21,25.80,23.7956,0.4146,1.866
7902,25.000,0.006,0.006,4.409,4.409,5.670,0.001,0.001,0.784,0.784,5.200,1.21,26.00,24.0000,0.5200,2.340
7903,35.000,0.006,0.006,6.146,6.146,5.695,0.002,0.002,1.097,1.097,7.252,1.21,25.80,23.7956,0.7252,3.263
7904,50.000,0.006,0.006,8.671,8.671,5.766,0.006,0.006,1.565,1.565,10.248,1.20,25.20,23.1962,1.0248,4.611
7905,45.000,0.006,0.006,7.652,7.652,5.881,0.005,0.005,1.404,1.404,9.067,1.20,24.24,22.2426,0.9067,4.080
7906,30.000,0.006,0.006,4.975,4.975,6.030,0.001,0.001,0.933,0.933,5.915,1.20,23.00,21.0000,0.5915,2.662
7907,20.000,0.006,0.006,3.224,3.224,6.204,0.001,0.001,0.619,0.619,3.850,1.19,21.55,19.5529,0.3850,1.732
7908,25.000,0.006,0.006,3.912,3.912,6.390,0.001,0.001,0.771,0.771,4.690,1.19,20.00,18.0000,0.4690,2.111
7909,35.000,0.006,0.006,5.322,5.322,6.576,0.002,0.002,1.075,1.075,6.406,1.18,18.45,16.4471,0.6406,2.882
7910,50.000,0.006,0.006,7.407,7.407,6.750,0.006,0.006,1.531,1.531,8.951,1.18,17.00,15.0000,0.8951,4.028
7911,45.000,0.006,0.006,6.523,6.523,6.899,0.005,0.005,1.374,1.374,7.907,1.18,15.76,13.7574,0.7907,3.558
7912,30.000,0.006,0.006,4.277,4.277,7.014,0.001,0.001,0.914,0.914,5.199,1.17,14.80,12.8038,0.5199,2.339
7913,20.000,0.006,0.006,2.823,2.823,7.085,0.001,0.001,0.609,0.609,3.438,1.17,14.20,12.2044,0.3438,1.547
7914,25.000,0.006,0.006,3.516,3.516,7.110,0.001,0.001,0.760,0.760,4.283,1.17,14.00,12.0000,0.4283,1.928
7915,35.000,0.006,0.006,4.940,4.940,7.085,0.002,0.002,1.065,1.065,6.013,1.17,14.20,12.2044,0.6013,2.706
7916,50.000,0.006,0.006,7.129,7.129,7.014,0.006,0.006,1.523,1.523,8.665,1.17,14.80,12.8038,0.8665,3.899
7917,45.000,0.006,0.006,6.523,6.523,6.899,0.005,0.005,1.374,1.374,7.907,1.18,15.76,13.7574,0.7907,3.558
7918,30.000,0.006,0.006,4.444,4.444,6.750,0.001,0.001,0.919,0.919,5.370,1.18,17.00,15.0000,0.5370,2.417
7919,20.000,0.006,0.006,3.041,3.041,6.576,0.001,0.001,0.614,0.614,3.662,1.18,18.45,16.4471,0.3662,1.648
7920,25.000,0.006,0.006,3.912,3.912,6.390,0.001,0.001,0.771,0.771,4.690,1.19,20.00,18.0000,0.4690,2.111
7921,35.000,0.006,0.006,5.642,5.642,6.204,0.002,0.002,1.084,1.084,6.734,1.19,21.55,19.5529,0.6734,3.030
7922,50.000,0.006,0.006,8.292,8.292,6.030,0.006,0.006,1.554,1.554,9.859,1.20,23.00,21.0000,0.9859,4.436
7923,45.000,0.006,0.006,7.652,7.652,5.881,0.005,0.005,1.404,1.404,9.067,1.20,24.24,22.2426,0.9067,4.080
7924,30.000,0.006,0.006,5.202,5.202,5.766,0.001,0.001,0.939,0.939,6.149,1.20,25.20,23.1962,0.6149,2.767
7925,20.000,0.006,0.006,3.512,3.512,5.695,0.001,0.001,0.627,0.627,4.146,1.21,25.80,23.7956,0.4146,1.866
7926,25.000,0.006,0.006,4.409,4.409,5.670,0.001,0.001,0.784,0.784,5.200,1.21,26.00,24.0000,0.5200,2.340
7927,35.000,0.006,0.006,6.146,6.146,5.695,0.002,0.002,1.097,1.097,7.252,1.21,25.80,23.7956,0.7252,3.263
7928,50.000,0.006,0.006,8.671,8.671,5.766,0.006,0.006,1.565,1.565,10.248,1.20,25.20,23.1962,1.0248,4.611
7929,45.000,0.006,0.006,7.652,7.652,5.881,0.005,0.005,1.404,1.404,9.067,1.20,24.24,22.2426,0.9067,4.080
7930,30.000,0.006,0.006,4.975,4.975,6.030,0.001,0.001,0.933,0.933,5.915,1.20,23.00,21.0000,0.5915,2.662
7931,20.000,0.006,0.006,3.224,3.224,6.204,0.001,0.001,0.619,0.619,3.850,1.19,21.55,19.5529,0.3850,1.732
7932,25.000,0.006,0.006,3.912,3.912,6.390,0.001,0.001,0.771,0.771,4.690,1.19,20.00,18.0000,0.4690,2.111
7933,35.000,0.006,0.006,5.322,5.322,6.576,0.002,0.002,1.075,1.075,6.406,1.18,18.45,16.4471,0.6406,2.882
7934,50.000,0.006,0.006,7.407,7.407,6.750,0.006,0.006,1.531,1.531,8.951,1.18,17.00,15.0000,0.8951,4.028
7935,45.000,0.006,0.006,6.523,6.523,6.899,0.005,0.005,1.374,1.374,7.907,1.18,15.76,13.7574,0.7907,3.558
7936,30.000,0.006,0.006,4.277,4.277,7.014,0.001,0.001,0.914,0.914,5.199,1.17,14.80,12.8038,0.5199,2.339
7937,20.000,0.006,0.006,2.823,2.823,7.085,0.001,0.001,0.609,0.609,3.438,1.17,14.20,12.2044,0.3438,1.547
7938,25.000,0.006,0.006,3.516,3.516,7.110,0.001,0.001,0.760,0.760,4.283,1.17,14.00,12.0000,0.4283,1.928
7939,35.000,0.006,0.006,4.940,4.940,7.085,0.002,0.002,1.065,1.065,6.013,1.17,14.20,12.2044,0.6013,2.706
7940,50.000,0.006,0.006,7.129,7.129,7.014,0.006,0.006,1.523,1.523,8.665,1.17,14.80,12.8038,0.8665,3.899
7941,45.000,0.006,0.006,6.523,6.523,6.899,0.005,0.005,1.374,1.374,7.907,1.18,15.76,13.7574,0.7907,3.558
7942,30.000,0.006,0.006,4.444,4.444,6.750,0.001,0.001,0.919,0.919,5.370,1.18,17.00,15.0000,0.5370,2.417
7943,20.000,0.006,0.006,3.041,3.041,6.576,0.001,0.001,0.614,0.614,3.662,1.18,18.45,16.4471,0.3662,1.648
7944,25.000,0.006,0.006,3.912,3.912,6.390,0.001,0.001,0.771,0.771,4.690,1.19,20.00,18.0000,0.4690,2.111
7945,35.000,0.006,0.006,5.642,5.642,6.204,0.002,0.002,1.084,1.084,6.734,1.19,21.55,19.5529,0.6734,3.030
7946,50.000,0.006,0.006,8.292,8.292,6.030,0.006,0.006,1.554,1.554,9.859,1.20,23.00,21.0000,0.9859,4.436
7947,45.000,0.006,0.006,7.652,7.652,5.881,0.005,0.005,1.404,1.404,9.067,1.20,24.24,22.2426,0.9067,4.080
7948,30.000,0.006,0.006,5.202,5.202,5.766,0.001,0.001,0.939,0.939,6.149,1.20,25.20,23.1962,0.6149,2.767
7949,20.000,0.006,0.006,3.512,3.512,5.695,0.001,0.001,0.627,0.627,4.146,1.21,25.80,23.7956,0.4146,1.866
7950,25.000,0.006,0.006,4.409,4.409,5.670,0.001,0.001,0.784,0.784,5.200,1.21,26.00,24.0000,0.5200,2.340
7951,35.000,0.006,0.006,6.146,6.146,5.695,0.002,0.002,1.097,1.097,7.252,1.21,25.80,23.7956,0.7252,3.263
7952,50.000,0.006,0.006,8.671,8.671,5.766,0.006,0.006,1.565,1.565,10.248,1.20,25.20,23.1962,1.0248,4.611
7953,45.000,0.006,0.006,7.652,7.652,5.881,0.005,0.005,1.404,1.404,9.067,1.20,24.24,22.2426,0.9067,4.080
7954,30.000,0.006,0.006,4.975,4.975,6.030,0.001,0.001,0.933,0.933,5.915,1.20,23.00,21.0000,0.5915,2.662
7955,20.000,0.006,0.006,3.224,3.224,6.204,0.001,0.001,0.619,0.619,3.850,1.19,21.55,19.5529,0.3850,1.732
7956,25.000,0.006,0.006,3.912,3.912,6.390,0.001,0.001,0.771,0.771,4.690,1.19,20.00,18.0000,0.4690,2.111
7957,35.000,0.006,0.006,5.322,5.322,6.576,0.002,0.002,1.075,1.075,6.406,1.18,18.45,16.4471,0.6406,2.882
7958,50.000,0.006,0.006,7.407,7.407,6.750,0.006,0.006,1.531,1.531,8.951,1.18,17.00,15.0000,0.8951,4.028
7959,45.000,0.006,0.006,6.523,6.523,6.899,0.005,0.005,1.374,1.374,7.907,1.18,15.76,13.7574,0.7907,3.558
7960,30.000,0.006,0.006,4.277,4.277,7.014,0.001,0.001,0.914,0.914,5.199,1.17,14.80,12.8038,0.5199,2.339
7961,20.000,0.006,0.006,2.823,2.823,7.085,0.001,0.001,0.609,0.609,3.438,1.17,14.20,12.2044,0.3438,1.547
7962,25.000,0.006,0.006,3.516,3.516,7.110,0.001,0.001,0.760,0.760,4.283,1.17,14.00,12.0000,0.4283,1.928
7963,35.000,0.006,0.006,4.940,4.940,7.085,0.002,0.002,1.065,1.065,6.013,1.17,14.20,12.2044,0.6013,2.706
7964,50.000,0.006,0.006,7.129,7.129,7.014,0.006,0.006,1.523,1.523,8.665,1.17,14.80,12.8038,0.8665,3.899
7965,45.000,0.006,0.006,6.523,6.523,6.899,0.005,0.005,1.374,1.374,7.907,1.18,15.76,13.7574,0.7907,3.558
7966,30.000,0.006,0.006,4.444,4.444,6.750,0.001,0.001,0.919,0.919,5.370,1.18,17.00,15.0000,0.5370,2.417
7967,20.000,0.006,0.006,3.041,3.041,6.576,0.001,0.001,0.614,0.614,3.662,1.18,18.45,16.4471,0.3662,1.648
7968,25.000,0.006,0.006,3.912,3.912,6.390,0.001,0.001,0.771,0.771,4.690,1.19,20.00,18.0000,0.4690,2.111
7969,35.000,0.006,0.006,5.642,5.642,6.204,0.002,0.002,1.084,1.084,6.734,1.19,21.55,19.5529,0.6734,3.030
7970,50.000,0.006,0.006,8.292,8.292,6.030,0.006,0.006,1.554,1.554,9.859,1.20,23.00,21.0000,0.9859,4.436
7971,45.000,0.006,0.006,7.652,7.652,5.881,0.005,0.005,1.404,1.404,9.067,1.20,24.24,22.2426,0.9067,4.080
7972,30.000,0.006,0.006,5.202,5.202,5.766,0.001,0.001,0.939,0.939,6.149,1.20,25.20,23.1962,0.6149,2.767
7973,20.000,0.006,0.006,3.512,3.512,5.695,0.001,0.001,0.627,0.627,4.146,1.21,25.80,23.7956,0.4146,1.866
7974,25.000,0.006,0.006,4.409,4.409,5.670,0.001,0.001,0.784,0.784,5.200,1.21,26.00,24.0000,0.5200,2.340
7975,35.000,0.006,0.006,6.146,6.146,5.695,0.002,0.002,1.097,1.097,7.252,1.21,25.80,23.7956,0.7252,3.263
7976,50.000,0.006,0.006,8.671,8.671,5.766,0.006,0.006,1.565,1.565,10.248,1.20,25.20,23.1962,1.0248,4.611
7977,45.000,0.006,0.006,7.652,7.652,5.881,0.005,0.005,1.404,1.404,9.067,1.20,24.24,22.2426,0.9067,4.080
7978,30.000,0.006,0.006,4.975,4.975,6.030,0.001,0.001,0.933,0.933,5.915,1.20,23.00,21.0000,0.5915,2.662
7979,20.000,0.006,0.006,3.224,3.224,6.204,0.001,0.001,0.619,0.619,3.850,1.19,21.55,19.5529,0.3850,1.732
7980,25.000,0.006,0.006,3.912,3.912,6.390,0.001,0.001,0.771,0.771,4.690,1.19,20.00,18.0000,0.4690,2.111
7981,35.000,0.006,0.006,5.322,5.322,6.576,0.002,0.002,1.075,1.075,6.406,1.18,18.45,16.4471,0.6406,2.882
7982,50.000,0.006,0.006,7.407,7.407,6.750,0.006,0.006,1.531,1.531,8.951,1.18,17.00,15.0000,0.8951,4.028
7983,45.000,0.006,0.006,6.523,6.523,6.899,0.005,0.005,1.374,1.374,7.907,1.18,15.76,13.7574,0.7907,3.558
7984,30.000,0.006,0.006,4.277,4.277,7.014,0.001,0.001,0.914,0.914,5.199,1.17,14.80,12.8038,0.5199,2.339
7985,20.000,0.006,0.006,2.823,2.823,7.085,0.001,0.001,0.609,0.609,3.438,1.17,14.20,12.2044,0.3438,1.547
7986,25.000,0.006,0.006,3.516,3.516,7.110,0.001,0.001,0.760,0.760,4.283,1.17,14.00,12.0000,0.4283,1.928
7987,35.000,0.006,0.006,4.940,4.940,7.085,0.002,0.002,1.065,1.065,6.013,1.17,14.20,12.2044,0.6013,2.706
7988,50.000,0.006,0.006,7.129,7.129,7.014,0.006,0.006,1.523,1.523,8.665,1.17,14.80,12.8038,0.8665,3.899
7989,45.000,0.006,0.006,6.523,6.523,6.899,0.005,0.005,1.374,1.374,7.907,1.18,15.76,13.7574,0.7907,3.558
7990,30.000,0.006,0.006,4.444,4.444,6.750,0.001,0.001,0.919,0.919,5.370,1.18,17.00,15.0000,0.5370,2.417
7991,20.000,0.006,0.006,3.041,3.041,6.576,0.001,0.001,0.614,0.614,3.662,1.18,18.45,16.4471,0.3662,1.648
7992,25.000,0.006,0.006,3.912,3.912,6.390,0.001,0.001,0.771,0.771,4.690,1.19,20.00,18.0000,0.4690,2.111
7993,35.000,0.006,0.006,5.642,5.642,6.204,0.002,0.002,1.084,1.084,6.734,1.19,21.55,19.5529,0.6734,3.030
7994,50.000,0.006,0.006,8.292,8.292,6.030,0.006,0.006,1.554,1.554,9.859,1.20,23.00,21.0000,0.9859,4.436
7995,45.000,0.006,0.006,7.652,7.652,5.881,0.005,0.005,1.404,1.404,9.067,1.20,24.24,22.2426,0.9067,4.080
7996,30.000,0.006,0.006,5.202,5.202,5.766,0.001,0.001,0.939,0.939,6.149,1.20,25.20,23.1962,0.6149,2.767
7997,20.000,0.006,0.006,3.512,3.512,5.695,0.001,0.001,0.627,0.627,4.146,1.21,25.80,23.7956,0.4146,1.866
7998,25.000,0.006,0.006,4.409,4.409,5.670,0.001,0.001,0.784,0.784,5.200,1.21,26.00,24.0000,0.5200,2.340
7999,35.000,0.006,0.006,6.146,6.146,5.695,0.002,0.002,1.097,1.097,7.252,1.21,25.80,23.7956,0.7252,3.263
8000,50.000,0.006,0.006,8.671,8.671,5.766,0.006,0.006,1.565,1.565,10.248,1.20,25.20,23.1962,1.0248,4.611
8001,45.000,0.006,0.006,7.652,7.652,5.881,0.005,0.005,1.404,1.404,9.067,1.20,24.24,22.2426,0.9067,4.080
8002,30.000,0.006,0.006,4.975,4.975,6.030,0.001,0.001,0.933,0.933,5.915,1.20,23.00,21.0000,0.5915,2.662
8003,20.000,0.006,0.006,3.224,3.224,6.204,0.001,0.001,0.619,0.619,3.850,1.19,21.55,19.5529,0.3850,1.732
8004,25.000,0.006,0.006,3.912,3.912,6.390,0.001,0.001,0.771,0.771,4.690,1.19,20.00,18.0000,0.4690,2.111
8005,35.000,0.006,0.006,5.322,5.322,6.576,0.002,0.002,1.075,1.075,6.406,1.18,18.45,16.4471,0.6406,2.882
8006,50.000,0.006,0.006,7.407,7.407,6.750,0.006,0.006,1.531,1.531,8.951,1.18,17.00,15.0000,0.8951,4.028
8007,45.000,0.006,0.006,6.523,6.523,6.899,0.005,0.005,1.374,1.374,7.907,1.18,15.76,13.7574,0.7907,3.558
8008,30.000,0.006,0.006,4.277,4.277,7.014,0.001,0.001,0.914,0.914,5.199,1.17,14.80,12.8038,0.5199,2.339
8009,20.000,0.006,0.006,2.823,2.823,7.085,0.001,0.001,0.609,0.609,3.438,1.17,14.20,12.2044,0.3438,1.547
8010,25.000,0.006,0.006,3.516,3.516,7.110,0.001,0.001,0.760,0.760,4.283,1.17,14.00,12.0000,0.4283,1.928
8011,35.000,0.006,0.006,4.940,4.940,7.085,0.002,0.002,1.065,1.065,6.013,1.17,14.20,12.2044,0.6013,2.706
8012,50.000,0.006,0.006,7.129,7.129,7.014,0.006,0.006,1.523,1.523,8.665,1.17,14.80,12.8038,0.8665,3.899
8013,45.000,0.006,0.006,6.523,6.523,6.899,0.005,0.005,1.374,1.374,7.907,1.18,15.76,13.7574,0.7907,3.558
8014,30.000,0.006,0.006,4.444,4.444,6.750,0.001,0.001,0.919,0.919,5.370,1.18,17.00,15.0000,0.5370,2.417
8015,20.000,0.006,0.006,3.041,3.041,6.576,0.001,0.001,0.614,0.614,3.662,1.18,18.45,16.4471,0.3662,1.648
8016,25.000,0.006,0.006,3.912,3.912,6.390,0.001,0.001,0.771,0.771,4.690,1.19,20.00,18.0000,0.4690,2.111
8017,35.000,0.006,0.006,5.642,5.642,6.204,0.002,0.002,1.084,1.084,6.734,1.19,21.55,19.5529,0.6734,3.030
8018,50.000,0.006,0.006,8.292,8.292,6.030,0.006,0.006,1.554,1.554,9.859,1.20,23.00,21.0000,0.9859,4.436
8019,45.000,0.006,0.006,7.652,7.652,5.881,0.005,0.005,1.404,1.404,9.067,1.20,24.24,22.2426,0.9067,4.080
8020,30.000,0.006,0.006,5.202,5.202,5.766,0.001,0.001,0.939,0.939,6.149,1.20,25.20,23.1962,0.6149,2.767
8021,20.000,0.006,0.006,3.512,3.512,5.695,0.001,0.001,0.627,0.627,4.146,1.21,25.80,23.7956,0.4146,1.866
8022,25.000,0.006,0.006,4.409,4.409,5.670,0.001,0.001,0.784,0.784,5.200,1.21,26.00,24.0000,0.5200,2.340
8023,35.000,0.006,0.006,6.146,6.146,5.695,0.002,0.002,1.097,1.097,7.252,1.21,25.80,23.7956,0.7252,3.263
8024,50.000,0.006,0.006,8.671,8.671,5.766,0.006,0.006,1.565,1.565,10.248,1.20,25.20,23.1962,1.0248,4.611
8025,45.000,0.006,0.006,7.652,7.652,5.881,0.005,0.005,1.404,1.404,9.067,1.20,24.24,22.2426,0.9067,4.080
8026,30.000,0.006,0.006,4.975,4.975,6.030,0.001,0.001,0.933,0.933,5.915,1.20,23.00,21.0000,0.5915,2.662
8027,20.000,0.006,0.006,3.224,3.224,6.204,0.001,0.001,0.619,0.619,3.850,1.19,21.55,19.5529,0.3850,1.732
8028,25.000,0.006,0.006,3.912,3.912,6.390,0.001,0.001,0.771,0.771,4.690,1.19,20.00,18.0000,0.4690,2.111
8029,35.000,0.006,0.006,5.322,5.322,6.576,0.002,0.002,1.075,1.075,6.406,1.18,18.45,16.4471,0.6406,2.882
8030,50.000,0.006,0.006,7.407,7.407,6.750,0.006,0.006,1.531,1.531,8.951,1.18,17.00,15.0000,0.8951,4.028
8031,45.000,0.006,0.006,6.523,6.523,6.899,0.005,0.005,1.374,1.374,7.907,1.18,15.76,13.7574,0.7907,3.558
8032,30.000,0.006,0.006,4.277,4.277,7.014,0.001,0.001,0.914,0.914,5.199,1.17,14.80,12.8038,0.5199,2.339
8033,20.000,0.006,0.006,2.823,2.823,7.085,0.001,0.001,0.609,0.609,3.438,1.17,14.20,12.2044,0.3438,1.547
8034,25.000,0.006,0.006,3.516,3.516,7.110,0.001,0.001,0.760,0.760,4.283,1.17,14.00,12.0000,0.4283,1.928
8035,35.000,0.006,0.006,4.940,4.940,7.085,0.002,0.002,1.065,1.065,6.013,1.17,14.20,12.2044,0.6013,2.706
8036,50.000,0.006,0.006,7.129,7.129,7.014,0.006,0.006,1.523,1.523,8.665,1.17,14.80,12.8038,0.8665,3.899
8037,45.000,0.006,0.006,6.523,6.523,6.899,0.005,0.005,1.374,1.374,7.907,1.18,15.76,13.7574,0.7907,3.558
8038,30.000,0.006,0.006,4.444,4.444,6.750,0.001,0.001,0.919,0.919,5.370,1.18,17.00,15.0000,0.5370,2.417
8039,20.000,0.006,0.006,3.041,3.041,6.576,0.001,0.001,0.614,0.614,3.662,1.18,18.45,16.4471,0.3662,1.648
8040,25.000,0.006,0.006,3.912,3.912,6.390,0.001,0.001,0.771,0.771,4.690,1.19,20.00,18.0000,0.4690,2.111
8041,35.000,0.006,0.006,5.642,5.642,6.204,0.002,0.002,1.084,1.084,6.734,1.19,21.55,19.5529,0.6734,3.030
8042,50.000,0.006,0.006,8.292,8.292,6.030,0.006,0.006,1.554,1.554,9.859,1.20,23.00,21.0000,0.9859,4.436
8043,45.000,0.006,0.006,7.652,7.652,5.881,0.005,0.005,1.404,1.404,9.067,1.20,24.24,22.2426,0.9067,4.080
8044,30.000,0.006,0.006,5.202,5.202,5.766,0.001,0.001,0.939,0.939,6.149,1.20,25.20,23.1962,0.6149,2.767
8045,20.000,0.006,0.006,3.512,3.512,5.695,0.001,0.001,0.627,0.627,4.146,1.21,25.80,23.7956,0.4146,1.866
8046,25.000,0.006,0.006,4.409,4.409,5.670,0.001,0.001,0.784,0.784,5.200,1.21,26.00,24.0000,0.5200,2.340
8047,35.000,0.006,0.006,6.146,6.146,5.695,0.002,0.002,1.097,1.097,7.252,1.21,25.80,23.7956,0.7252,3.263
8048,50.000,0.006,0.006,8.671,8.671,5.766,0.006,0.006,1.565,1.565,10.248,1.20,25.20,23.1962,1.0248,4.611
8049,45.000,0.006,0.006,7.652,7.652,5.881,0.005,0.005,1.404,1.404,9.067,1.20,24.24,22.2426,0.9067,4.080
8050,30.000,0.006,0.006,4.975,4.975,6.030,0.001,0.001,0.933,0.933,5.915,1.20,23.00,21.0000,0.5915,2.662
8051,20.000,0.006,0.006,3.224,3.224,6.204,0.001,0.001,0.619,0.619,3.850,1.19,21.55,19.5529,0.3850,1.732
8052,25.000,0.006,0.006,3.912,3.912,6.390,0.001,0.001,0.771,0.771,4.690,1.19,20.00,18.0000,0.4690,2.111
8053,35.000,0.006,0.006,5.322,5.322,6.576,0.002,0.002,1.075,1.075,6.406,1.18,18.45,16.4471,0.6406,2.882
8054,50.000,0.006,0.006,7.407,7.407,6.750,0.006,0.006,1.531,1.531,8.951,1.18,17.00,15.0000,0.8951,4.028
8055,45.000,0.006,0.006,6.523,6.523,6.899,0.005,0.005,1.374,1.374,7.907,1.18,15.76,13.7574,0.7907,3.558
8056,30.000,0.006,0.006,4.277,4.277,7.014,0.001,0.001,0.914,0.914,5.199,1.17,14.80,12.8038,0.5199,2.339
8057,20.000,0.006,0.006,2.823,2.823,7.085,0.001,0.001,0.609,0.609,3.438,1.17,14.20,12.2044,0.3438,1.547
8058,25.000,0.006,0.006,3.516,3.516,7.110,0.001,0.001,0.760,0.760,4.283,1.17,14.00,12.0000,0.4283,1.928
8059,35.000,0.006,0.006,4.940,4.940,7.085,0.002,0.002,1.065,1.065,6.013,1.17,14.20,12.2044,0.6013,2.706
8060,50.000,0.006,0.006,7.129,7.129,7.014,0.006,0.006,1.523,1.523,8.665,1.17,14.80,12.8038,0.8665,3.899
8061,45.000,0.006,0.006,6.523,6.523,6.899,0.005,0.005,1.374,1.374,7.907,1.18,15.76,13.7574,0.7907,3.558
8062,30.000,0.006,0.006,4.444,4.444,6.750,0.001,0.001,0.919,0.919,5.370,1.18,17.00,15.0000,0.5370,2.417
8063,20.000,0.006,0.006,3.041,3.041,6.576,0.001,0.001,0.614,0.614,3.662,1.18,18.45,16.4471,0.3662,1.648
8064,25.000,0.006,0.006,3.912,3.912,6.390,0.001,0.001,0.771,0.771,4.690,1.19,20.00,18.0000,0.4690,2.111
8065,35.000,0.006,0.006,5.642,5.642,6.204,0.002,0.002,1.084,1.084,6.734,1.19,21.55,19.5529,0.6734,3.030
8066,50.000,0.006,0.006,8.292,8.292,6.030,0.006,0.006,1.554,1.554,9.859,1.20,23.00,21.0000,0.9859,4.436
8067,45.000,0.006,0.006,7.652,7.652,5.881,0.005,0.005,1.404,1.404,9.067,1.20,24.24,22.2426,0.9067,4.080
8068,30.000,0.006,0.006,5.202,5.202,5.766,0.001,0.001,0.939,0.939,6.149,1.20,25.20,23.1962,0.6149,2.767
8069,20.000,0.006,0.006,3.512,3.512,5.695,0.001,0.001,0.627,0.627,4.146,1.21,25.80,23.7956,0.4146,1.866
8070,25.000,0.006,0.006,4.409,4.409,5.670,0.001,0.001,0.784,0.784,5.200,1.21,26.00,24.0000,0.5200,2.340
8071,35.000,0.006,0.006,6.146,6.146,5.695,0.002,0.002,1.097,1.097,7.252,1.21,25.80,23.7956,0.7252,3.263
8072,50.000,0.006,0.006,8.671,8.671,5.766,0.006,0.006,1.565,1.565,10.248,1.20,25.20,23.1962,1.0248,4.611
8073,45.000,0.006,0.006,7.652,7.652,5.881,0.005,0.005,1.404,1.404,9.067,1.20,24.24,22.2426,0.9067,4.080
8074,30.000,0.006,0.006,4.975,4.975,6.030,0.001,0.001,0.933,0.933,5.915,1.20,23.00,21.0000,0.5915,2.662
8075,20.000,0.006,0.006,3.224,3.224,6.204,0.001,0.001,0.619,0.619,3.850,1.19,21.55,19.5529,0.3850,1.732
8076,25.000,0.006,0.006,3.912,3.912,6.390,0.001,0.001,0.771,0.771,4.690,1.19,20.00,18.0000,0.4690,2.111
8077,35.000,0.006,0.006,5.322,5.322,6.576,0.002,0.002,1.075,1.075,6.406,1.18,18.45,16.4471,0.6406,2.882
8078,50.000,0.006,0.006,7.407,7.407,6.750,0.006,0.006,1.531,1.531,8.951,1.18,17.00,15.0000,0.8951,4.028
8079,45.000,0.006,0.006,6.523,6.523,6.899,0.005,0.005,1.374,1.374,7.907,1.18,15.76,13.7574,0.7907,3.558
8080,30.000,0.006,0.006,4.277,4.277,7.014,0.001,0.001,0.914,0.914,5.199,1.17,14.80,12.8038,0.5199,2.339
8081,20.000,0.006,0.006,2.823,2.823,7.085,0.001,0.001,0.609,0.609,3.438,1.17,14.20,12.2044,0.3438,1.547
8082,25.000,0.006,0.006,3.516,3.516,7.110,0.001,0.001,0.760,0.760,4.283,1.17,14.00,12.0000,0.4283,1.928
8083,35.000,0.006,0.006,4.940,4.940,7.085,0.002,0.002,1.065,1.065,6.013,1.17,14.20,12.2044,0.6013,2.706
8084,50.000,0.006,0.006,7.129,7.129,7.014,0.006,0.006,1.523,1.523,8.665,1.17,14.80,12.8038,0.8665,3.899
8085,45.000,0.006,0.006,6.523,6.523,6.899,0.005,0.005,1.374,1.374,7.907,1.18,15.76,13.7574,0.7907,3.558
8086,30.000,0.006,0.006,4.444,4.444,6.750,0.001,0.001,0.919,0.919,5.370,1.18,17.00,15.0000,0.5370,2.417
8087,20.000,0.006,0.006,3.041,3.041,6.576,0.001,0.001,0.614,0.614,3.662,1.18,18.45,16.4471,0.3662,1.648
8088,25.000,0.006,0.006,3.912,3.912,6.390,0.001,0.001,0.771,0.771,4.690,1.19,20.00,18.0000,0.4690,2.111
8089,35.000,0.006,0.006,5.642,5.642,6.204,0.002,0.002,1.084,1.084,6.734,1.19,21.55,19.5529,0.6734,3.030
8090,50.000,0.006,0.006,8.292,8.292,6.030,0.006,0.006,1.554,1.554,9.859,1.20,23.00,21.0000,0.9859,4.436
8091,45.000,0.006,0.006,7.652,7.652,5.881,0.005,0.005,1.404,1.404,9.067,1.20,24.24,22.2426,0.9067,4.080
8092,30.000,0.006,0.006,5.202,5.202,5.766,0.001,0.001,0.939,0.939,6.149,1.20,25.20,23.1962,0.6149,2.767
8093,20.000,0.006,0.006,3.512,3.512,5.695,0.001,0.001,0.627,0.627,4.146,1.21,25.80,23.7956,0.4146,1.866
8094,25.000,0.006,0.006,4.409,4.409,5.670,0.001,0.001,0.784,0.784,5.200,1.21,26.00,24.0000,0.5200,2.340
8095,35.000,0.006,0.006,6.146,6.146,5.695,0.002,0.002,1.097,1.097,7.252,1.21,25.80,23.7956,0.7252,3.263
8096,50.000,0.006,0.006,8.671,8.671,5.766,0.006,0.006,1.565,1.565,10.248,1.20,25.20,23.1962,1.0248,4.611
8097,45.000,0.006,0.006,7.652,7.652,5.881,0.005,0.005,1.404,1.404,9.067,1.20,24.24,22.2426,0.9067,4.080
8098,30.000,0.006,0.006,4.975,4.975,6.030,0.001,0.001,0.933,0.933,5.915,1.20,23.00,21.0000,0.5915,2.662
8099,20.000,0.006,0.006,3.224,3.224,6.204,0.001,0.001,0.619,0.619,3.850,1.19,21.55,19.5529,0.3850,1.732
8100,25.000,0.006,0.006,3.912,3.912,6.390,0.001,0.001,0.771,0.771,4.690,1.19,20.00,18.0000,0.4690,2.111
8101,35.000,0.006,0.006,5.322,5.322,6.576,0.002,0.002,1.075,1.075,6.406,1.18,18.45,16.4471,0.6406,2.882
8102,50.000,0.006,0.006,7.407,7.407,6.750,0.006,0.006,1.531,1.531,8.951,1.18,17.00,15.0000,0.8951,4.028
8103,45.000,0.006,0.006,6.523,6.523,6.899,0.005,0.005,1.374,1.374,7.907,1.18,15.76,13.7574,0.7907,3.558
8104,30.000,0.006,0.006,4.277,4.277,7.014,0.001,0.001,0.914,0.914,5.199,1.17,14.80,12.8038,0.5199,2.339
8105,20.000,0.006,0.006,2.823,2.823,7.085,0.001,0.001,0.609,0.609,3.438,1.17,14.20,12.2044,0.3438,1.547
8106,25.000,0.006,0.006,3.516,3.516,7.110,0.001,0.001,0.760,0.760,4.283,1.17,14.00,12.0000,0.4283,1.928
8107,35.000,0.006,0.006,4.940,4.940,7.085,0.002,0.002,1.065,1.065,6.013,1.17,14.20,12.2044,0.6013,2.706
8108,50.000,0.006,0.006,7.129,7.129,7.014,0.006,0.006,1.523,1.523,8.665,1.17,14.80,12.8038,0.8665,3.899
8109,45.000,0.006,0.006,6.523,6.523,6.899,0.005,0.005,1.374,1.374,7.907,1.18,15.76,13.7574,0.7907,3.558
8110,30.000,0.006,0.006,4.444,4.444,6.750,0.001,0.001,0.919,0.919,5.370,1.18,17.00,15.0000,0.5370,2.417
8111,20.000,0.006,0.006,3.041,3.041,6.576,0.001,0.001,0.614,0.614,3.662,1.18,18.45,16.4471,0.3662,1.648
8112,25.000,0.006,0.006,3.912,3.912,6.390,0.001,0.001,0.771,0.771,4.690,1.19,20.00,18.0000,0.4690,2.111
8113,35.000,0.006,0.006,5.642,5.642,6.204,0.002,0.002,1.084,1.084,6.734,1.19,21.55,19.5529,0.6734,3.030
8114,50.000,0.006,0.006,8.292,8.292,6.030,0.006,0.006,1.554,1.554,9.859,1.20,23.00,21.0000,0.9859,4.436
8115,45.000,0.006,0.006,7.652,7.652,5.881,0.005,0.005,1.404,1.404,9.067,1.20,24.24,22.2426,0.9067,4.080
8116,30.000,0.006,0.006,5.202,5.202,5.766,0.001,0.001,0.939,0.939,6.149,1.20,25.20,23.1962,0.6149,2.767
8117,20.000,0.006,0.006,3.512,3.512,5.695,0.001,0.001,0.627,0.627,4.146,1.21,25.80,23.7956,0.4146,1.866
8118,25.000,0.006,0.006,4.409,4.409,5.670,0.001,0.001,0.784,0.784,5.200,1.21,26.00,24.0000,0.5200,2.340
8119,35.000,0.006,0.006,6.146,6.146,5.695,0.002,0.002,1.097,1.097,7.252,1.21,25.80,23.7956,0.7252,3.263
8120,50.000,0.006,0.006,8.671,8.671,5.766,0.006,0.006,1.565,1.565,10.248,1.20,25.20,23.1962,1.0248,4.611
8121,45.000,0.006,0.006,7.652,7.652,5.881,0.005,0.005,1.404,1.404,9.067,1.20,24.24,22.2426,0.9067,4.080
8122,30.000,0.006,0.006,4.975,4.975,6.030,0.001,0.001,0.933,0.933,5.915,1.20,23.00,21.0000,0.5915,2.662
8123,20.000,0.006,0.006,3.224,3.224,6.204,0.001,0.001,0.619,0.619,3.850,1.19,21.55,19.5529,0.3850,1.732
8124,25.000,0.006,0.006,3.912,3.912,6.390,0.001,0.001,0.771,0.771,4.690,1.19,20.00,18.0000,0.4690,2.111
8125,35.000,0.006,0.006,5.322,5.322,6.576,0.002,0.002,1.075,1.075,6.406,1.18,18.45,16.4471,0.6406,2.882
8126,50.000,0.006,0.006,7.407,7.407,6.750,0.006,0.006,1.531,1.531,8.951,1.18,17.00,15.0000,0.8951,4.028
8127,45.000,0.006,0.006,6.523,6.523,6.899,0.005,0.005,1.374,1.374,7.907,1.18,15.76,13.7574,0.7907,3.558
8128,30.000,0.006,0.006,4.277,4.277,7.014,0.001,0.001,0.914,0.914,5.199,1.17,14.80,12.8038,0.5199,2.339
8129,20.000,0.006,0.006,2.823,2.823,7.085,0.001,0.001,0.609,0.609,3.438,1.17,14.20,12.2044,0.3438,1.547
8130,25.000,0.006,0.006,3.516,3.516,7.110,0.001,0.001,0.760,0.760,4.283,1.17,14.00,12.0000,0.4283,1.928
8131,35.000,0.006,0.006,4.940,4.940,7.085,0.002,0.002,1.065,1.065,6.013,1.17,14.20,12.2044,0.6013,2.706
8132,50.000,0.006,0.006,7.129,7.129,7.014,0.006,0.006,1.523,1.523,8.665,1.17,14.80,12.8038,0.8665,3.899
8133,45.000,0.006,0.006,6.523,6.523,6.899,0.005,0.005,1.374,1.374,7.907,1.18,15.76,13.7574,0.7907,3.558
8134,30.000,0.006,0.006,4.444,4.444,6.750,0.001,0.001,0.919,0.919,5.370,1.18,17.00,15.0000,0.5370,2.417
8135,20.000,0.006,0.006,3.041,3.041,6.576,0.001,0.001,0.614,0.614,3.662,1.18,18.45,16.4471,0.3662,1.648
8136,25.000,0.006,0.006,3.912,3.912,6.390,0.001,0.001,0.771,0.771,4.690,1.19,20.00,18.0000,0.4690,2.111
8137,35.000,0.006,0.006,5.642,5.642,6.204,0.002,0.002,1.084,1.084,6.734,1.19,21.55,19.5529,0.6734,3.030
8138,50.000,0.006,0.006,8.292,8.292,6.030,0.006,0.006,1.554,1.554,9.859,1.20,23.00,21.0000,0.9859,4.436
8139,45.000,0.006,0.006,7.652,7.652,5.881,0.005,0.005,1.404,1.404,9.067,1.20,24.24,22.2426,0.9067,4.080
8140,30.000,0.006,0.006,5.202,5.202,5.766,0.001,0.001,0.939,0.939,6.149,1.20,25.20,23.1962,0.6149,2.767
8141,20.000,0.006,0.006,3.512,3.512,5.695,0.001,0.001,0.627,0.627,4.146,1.21,25.80,23.7956,0.4146,1.866
8142,25.000,0.006,0.006,4.409,4.409,5.670,0.001,0.001,0.784,0.784,5.200,1.21,26.00,24.0000,0.5200,2.340
8143,35.000,0.006,0.006,6.146,6.146,5.695,0.002,0.002,1.097,1.097,7.252,1.21,25.80,23.7956,0.7252,3.263
8144,50.000,0.006,0.006,8.671,8.671,5.766,0.006,0.006,1.565,1.565,10.248,1.20,25.20,23.1962,1.0248,4.611
8145,45.000,0.006,0.006,7.652,7.652,5.881,0.005,0.005,1.404,1.404,9.067,1.20,24.24,22.2426,0.9067,4.080
8146,30.000,0.006,0.006,4.975,4.975,6.030,0.001,0.001,0.933,0.933,5.915,1.20,23.00,21.0000,0.5915,2.662
8147,20.000,0.006,0.006,3.224,3.224,6.204,0.001,0.001,0.619,0.619,3.850,1.19,21.55,19.5529,0.3850,1.732
8148,25.000,0.006,0.006,3.912,3.912,6.390,0.001,0.001,0.771,0.771,4.690,1.19,20.00,18.0000,0.4690,2.111
8149,35.000,0.006,0.006,5.322,5.322,6.576,0.002,0.002,1.075,1.075,6.406,1.18,18.45,16.4471,0.6406,2.882
8150,50.000,0.006,0.006,7.407,7.407,6.750,0.006,0.006,1.531,1.531,8.951,1.18,17.00,15.0000,0.8951,4.028
8151,45.000,0.006,0.006,6.523,6.523,6.899,0.005,0.005,1.374,1.374,7.907,1.18,15.76,13.7574,0.7907,3.558
8152,30.000,0.006,0.006,4.277,4.277,7.014,0.001,0.001,0.914,0.914,5.199,1.17,14.80,12.8038,0.5199,2.339
8153,20.000,0.006,0.006,2.823,2.823,7.085,0.001,0.001,0.609,0.609,3.438,1.17,14.20,12.2044,0.3438,1.547
8154,25.000,0.006,0.006,3.516,3.516,7.110,0.001,0.001,0.760,0.760,4.283,1.17,14.00,12.0000,0.4283,1.928
8155,35.000,0.006,0.006,4.940,4.940,7.085,0.002,0.002,1.065,1.065,6.013,1.17,14.20,12.2044,0.6013,2.706
8156,50.000,0.006,0.006,7.129,7.129,7.014,0.006,0.006,1.523,1.523,8.665,1.17,14.80,12.8038,0.8665,3.899
8157,45.000,0.006,0.006,6.523,6.523,6.899,0.005,0.005,1.374,1.374,7.907,1.18,15.76,13.7574,0.7907,3.558
8158,30.000,0.006,0.006,4.444,4.444,6.750,0.001,0.001,0.919,0.919,5.370,1.18,17.00,15.0000,0.5370,2.417
8159,20.000,0.006,0.006,3.041,3.041,6.576,0.001,0.001,0.614,0.614,3.662,1.18,18.45,16.4471,0.3662,1.648
8160,25.000,0.006,0.006,3.912,3.912,6.390,0.001,0.001,0.771,0.771,4.690,1.19,20.00,18.0000,0.4690,2.111
8161,35.000,0.006,0.006,5.642,5.642,6.204,0.002,0.002,1.084,1.084,6.734,1.19,21.55,19.5529,0.6734,3.030
8162,50.000,0.006,0.006,8.292,8.292,6.030,0.006,0.006,1.554,1.554,9.859,1.20,23.00,21.0000,0.9859,4.436
8163,45.000,0.006,0.006,7.652,7.652,5.881,0.005,0.005,1.404,1.404,9.067,1.20,24.24,22.2426,0.9067,4.080
8164,30.000,0.006,0.006,5.202,5.202,5.766,0.001,0.001,0.939,0.939,6.149,1.20,25.20,23.1962,0.6149,2.767
8165,20.000,0.006,0.006,3.512,3.512,5.695,0.001,0.001,0.627,0.627,4.146,1.21,25.80,23.7956,0.4146,1.866
8166,25.000,0.006,0.006,4.409,4.409,5.670,0.001,0.001,0.784,0.784,5.200,1.21,26.00,24.0000,0.5200,2.340
8167,35.000,0.006,0.006,6.146,6.146,5.695,0.002,0.002,1.097,1.097,7.252,1.21,25.80,23.7956,0.7252,3.263
8168,50.000,0.006,0.006,8.671,8.671,5.766,0.006,0.006,1.565,1.565,10.248,1.20,25.20,23.1962,1.0248,4.611
8169,45.000,0.006,0.006,7.652,7.652,5.881,0.005,0.005,1.404,1.404,9.067,1.20,24.24,22.2426,0.9067,4.080
8170,30.000,0.006,0.006,4.975,4.975,6.030,0.001,0.001,0.933,0.933,5.915,1.20,23.00,21.0000,0.5915,2.662
8171,20.000,0.006,0.006,3.224,3.224,6.204,0.001,0.001,0.619,0.619,3.850,1.19,21.55,19.5529,0.3850,1.732
8172,25.000,0.006,0.006,3.912,3.912,6.390,0.001,0.001,0.771,0.771,4.690,1.19,20.00,18.0000,0.4690,2.111
8173,35.000,0.006,0.006,5.322,5.322,6.576,0.002,0.002,1.075,1.075,6.406,1.18,18.45,16.4471,0.6406,2.882
8174,50.000,0.006,0.006,7.407,7.407,6.750,0.006,0.006,1.531,1.531,8.951,1.18,17.00,15.0000,0.8951,4.028
8175,45.000,0.006,0.006,6.523,6.523,6.899,0.005,0.005,1.374,1.374,7.907,1.18,15.76,13.7574,0.7907,3.558
8176,30.000,0.006,0.006,4.277,4.277,7.014,0.001,0.001,0.914,0.914,5.199,1.17,14.80,12.8038,0.5199,2.339
8177,20.000,0.006,0.006,2.823,2.823,7.085,0.001,0.001,0.609,0.609,3.438,1.17,14.20,12.2044,0.3438,1.547
8178,25.000,0.006,0.006,3.516,3.516,7.110,0.001,0.001,0.760,0.760,4.283,1.17,14.00,12.0000,0.4283,1.928
8179,35.000,0.006,0.006,4.940,4.940,7.085,0.002,0.002,1.065,1.065,6.013,1.17,14.20,12.2044,0.6013,2.706
8180,50.000,0.006,0.006,7.129,7.129,7.014,0.006,0.006,1.523,1.523,8.665,1.17,14.80,12.8038,0.8665,3.899
8181,45.000,0.006,0.006,6.523,6.523,6.899,0.005,0.005,1.374,1.374,7.907,1.18,15.76,13.7574,0.7907,3.558
8182,30.000,0.006,0.006,4.444,4.444,6.750,0.001,0.001,0.919,0.919,5.370,1.18,17.00,15.0000,0.5370,2.417
8183,20.000,0.006,0.006,3.041,3.041,6.576,0.001,0.001,0.614,0.614,3.662,1.18,18.45,16.4471,0.3662,1.648
8184,25.000,0.006,0.006,3.912,3.912,6.390,0.001,0.001,0.771,0.771,4.690,1.19,20.00,18.0000,0.4690,2.111
8185,35.000,0.006,0.006,5.642,5.642,6.204,0.002,0.002,1.084,1.084,6.734,1.19,21.55,19.5529,0.6734,3.030
8186,50.000,0.006,0.006,8.292,8.292,6.030,0.006,0.006,1.554,1.554,9.859,1.20,23.00,21.0000,0.9859,4.436
8187,45.000,0.006,0.006,7.652,7.652,5.881,0.005,0.005,1.404,1.404,9.067,1.20,24.24,22.2426,0.9067,4.080
8188,30.000,0.006,0.006,5.202,5.202,5.766,0.001,0.001,0.939,0.939,6.149,1.20,25.20,23.1962,0.6149,2.767
8189,20.000,0.006,0.006,3.512,3.512,5.695,0.001,0.001,0.627,0.627,4.146,1.21,25.80,23.7956,0.4146,1.866
8190,25.000,0.006,0.006,4.409,4.409,5.670,0.001,0.001,0.784,0.784,5.200,1.21,26.00,24.0000,0.5200,2.340
8191,35.000,0.006,0.006,6.146,6.146,5.695,0.002,0.002,1.097,1.097,7.252,1.21,25.80,23.7956,0.7252,3.263
8192,50.000,0.006,0.006,8.671,8.671,5.766,0.006,0.006,1.565,1.565,10.248,1.20,25.20,23.1962,1.0248,4.611
8193,45.000,0.006,0.006,7.652,7.652,5.881,0.005,0.005,1.404,1.404,9.067,1.20,24.24,22.2426,0.9067,4.080
8194,30.000,0.006,0.006,4.975,4.975,6.030,0.001,0.001,0.933,0.933,5.915,1.20,23.00,21.0000,0.5915,2.662
8195,20.000,0.006,0.006,3.224,3.224,6.204,0.001,0.001,0.619,0.619,3.850,1.19,21.55,19.5529,0.3850,1.732
8196,25.000,0.006,0.006,3.912,3.912,6.390,0.001,0.001,0.771,0.771,4.690,1.19,20.00,18.0000,0.4690,2.111
8197,35.000,0.006,0.006,5.322,5.322,6.576,0.002,0.002,1.075,1.075,6.406,1.18,18.45,16.4471,0.6406,2.882
8198,50.000,0.006,0.006,7.407,7.407,6.750,0.006,0.006,1.531,1.531,8.951,1.18,17.00,15.0000,0.8951,4.028
8199,45.000,0.006,0.006,6.523,6.523,6.899,0.005,0.005,1.374,1.374,7.907,1.18,15.76,13.7574,0.7907,3.558
8200,30.000,0.006,0.006,4.277,4.277,7.014,0.001,0.001,0.914,0.914,5.199,1.17,14.80,12.8038,0.5199,2.339
8201,20.000,0.006,0.006,2.823,2.823,7.085,0.001,0.001,0.609,0.609,3.438,1.17,14.20,12.2044,0.3438,1.547
8202,25.000,0.006,0.006,3.516,3.516,7.110,0.001,0.001,0.760,0.760,4.283,1.17,14.00,12.0000,0.4283,1.928
8203,35.000,0.006,0.006,4.940,4.940,7.085,0.002,0.002,1.065,1.065,6.013,1.17,14.20,12.2044,0.6013,2.706
8204,50.000,0.006,0.006,7.129,7.129,7.014,0.006,0.006,1.523,1.523,8.665,1.17,14.80,12.8038,0.8665,3.899
8205,45.000,0.006,0.006,6.523,6.523,6.899,0.005,0.005,1.374,1.374,7.907,1.18,15.76,13.7574,0.7907,3.558
8206,30.000,0.006,0.006,4.444,4.444,6.750,0.001,0.001,0.919,0.919,5.370,1.18,17.00,15.0000,0.5370,2.417
8207,20.000,0.006,0.006,3.041,3.041,6.576,0.001,0.001,0.614,0.614,3.662,1.18,18.45,16.4471,0.3662,1.648
8208,25.000,0.006,0.006,3.912,3.912,6.390,0.001,0.001,0.771,0.771,4.690,1.19,20.00,18.0000,0.4690,2.111
8209,35.000,0.006,0.006,5.642,5.642,6.204,0.002,0.002,1.084,1.084,6.734,1.19,21.55,19.5529,0.6734,3.030
8210,50.000,0.006,0.006,8.292,8.292,6.030,0.006,0.006,1.554,1.554,9.859,1.20,23.00,21.0000,0.9859,4.436
8211,45.000,0.006,0.006,7.652,7.652,5.881,0.005,0.005,1.404,1.404,9.067,1.20,24.24,22.2426,0.9067,4.080
8212,30.000,0.006,0.006,5.202,5.202,5.766,0.001,0.001,0.939,0.939,6.149,1.20,25.20,23.1962,0.6149,2.767
8213,20.000,0.006,0.006,3.512,3.512,5.695,0.001,0.001,0.627,0.627,4.146,1.21,25.80,23.7956,0.4146,1.866
8214,25.000,0.006,0.006,4.409,4.409,5.670,0.001,0.001,0.784,0.784,5.200,1.21,26.00,24.0000,0.5200,2.340
8215,35.000,0.006,0.006,6.146,6.146,5.695,0.002,0.002,1.097,1.097,7.252,1.21,25.80,23.7956,0.7252,3.263
8216,50.000,0.006,0.006,8.671,8.671,5.766,0.006,0.006,1.565,1.565,10.248,1.20,25.20,23.1962,1.0248,4.611
8217,45.000,0.006,0.006,7.652,7.652,5.881,0.005,0.005,1.404,1.404,9.067,1.20,24.24,22.2426,0.9067,4.080
8218,30.000,0.006,0.006,4.975,4.975,6.030,0.001,0.001,0.933,0.933,5.915,1.20,23.00,21.0000,0.5915,2.662
8219,20.000,0.006,0.006,3.224,3.224,6.204,0.001,0.001,0.619,0.619,3.850,1.19,21.55,19.5529,0.3850,1.732
8220,25.000,0.006,0.006,3.912,3.912,6.390,0.001,0.001,0.771,0.771,4.690,1.19,20.00,18.0000,0.4690,2.111
8221,35.000,0.006,0.006,5.322,5.322,6.576,0.002,0.002,1.075,1.075,6.406,1.18,18.45,16.4471,0.6406,2.882
8222,50.000,0.006,0.006,7.407,7.407,6.750,0.006,0.006,1.531,1.531,8.951,1.18,17.00,15.0000,0.8951,4.028
8223,45.000,0.006,0.006,6.523,6.523,6.899,0.005,0.005,1.374,1.374,7.907,1.18,15.76,13.7574,0.7907,3.558
8224,30.000,0.006,0.006,4.277,4.277,7.014,0.001,0.001,0.914,0.914,5.199,1.17,14.80,12.8038,0.5199,2.339
8225,20.000,0.006,0.006,2.823,2.823,7.085,0.001,0.001,0.609,0.609,3.438,1.17,14.20,12.2044,0.3438,1.547
8226,25.000,0.006,0.006,3.516,3.516,7.110,0.001,0.001,0.760,0.760,4.283,1.17,14.00,12.0000,0.4283,1.928
8227,35.000,0.006,0.006,4.940,4.940,7.085,0.002,0.002,1.065,1.065,6.013,1.17,14.20,12.2044,0.6013,2.706
8228,50.000,0.006,0.006,7.129,7.129,7.014,0.006,0.006,1.523,1.523,8.665,1.17,14.80,12.8038,0.8665,3.899
8229,45.000,0.006,0.006,6.523,6.523,6.899,0.005,0.005,1.374,1.374,7.907,1.18,15.76,13.7574,0.7907,3.558
8230,30.000,0.006,0.006,4.444,4.444,6.750,0.001,0.001,0.919,0.919,5.370,1.18,17.00,15.0000,0.5370,2.417
8231,20.000,0.006,0.006,3.041,3.041,6.576,0.001,0.001,0.614,0.614,3.662,1.18,18.45,16.4471,0.3662,1.648
8232,25.000,0.006,0.006,3.912,3.912,6.390,0.001,0.001,0.771,0.771,4.690,1.19,20.00,18.0000,0.4690,2.111
8233,35.000,0.006,0.006,5.642,5.642,6.204,0.002,0.002,1.084,1.084,6.734,1.19,21.55,19.5529,0.6734,3.030
8234,50.000,0.006,0.006,8.292,8.292,6.030,0.006,0.006,1.554,1.554,9.859,1.20,23.00,21.0000,0.9859,4.436
8235,45.000,0.006,0.006,7.652,7.652,5.881,0.005,0.005,1.404,1.404,9.067,1.20,24.24,22.2426,0.9067,4.080
8236,30.000,0.006,0.006,5.202,5.202,5.766,0.001,0.001,0.939,0.939,6.149,1.20,25.20,23.1962,0.6149,2.767
8237,20.000,0.006,0.006,3.512,3.512,5.695,0.001,0.001,0.627,0.627,4.146,1.21,25.80,23.7956,0.4146,1.866
8238,25.000,0.006,0.006,4.409,4.409,5.670,0.001,0.001,0.784,0.784,5.200,1.21,26.00,24.0000,0.5200,2.340
8239,35.000,0.006,0.006,6.146,6.146,5.695,0.002,0.002,1.097,1.097,7.252,1.21,25.80,23.7956,0.7252,3.263
8240,50.000,0.006,0.006,8.671,8.671,5.766,0.006,0.006,1.565,1.565,10.248,1.20,25.20,23.1962,1.0248,4.611
8241,45.000,0.006,0.006,7.652,7.652,5.881,0.005,0.005,1.404,1.404,9.067,1.20,24.24,22.2426,0.9067,4.080
8242,30.000,0.006,0.006,4.975,4.975,6.030,0.001,0.001,0.933,0.933,5.915,1.20,23.00,21.0000,0.5915,2.662
8243,20.000,0.006,0.006,3.224,3.224,6.204,0.001,0.001,0.619,0.619,3.850,1.19,21.55,19.5529,0.3850,1.732
8244,25.000,0.006,0.006,3.912,3.912,6.390,0.001,0.001,0.771,0.771,4.690,1.19,20.00,18.0000,0.4690,2.111
8245,35.000,0.006,0.006,5.322,5.322,6.576,0.002,0.002,1.075,1.075,6.406,1.18,18.45,16.4471,0.6406,2.882
8246,50.000,0.006,0.006,7.407,7.407,6.750,0.006,0.006,1.531,1.531,8.951,1.18,17.00,15.0000,0.8951,4.028
8247,45.000,0.006,0.006,6.523,6.523,6.899,0.005,0.005,1.374,1.374,7.907,1.18,15.76,13.7574,0.7907,3.558
8248,30.000,0.006,0.006,4.277,4.277,7.014,0.001,0.001,0.914,0.914,5.199,1.17,14.80,12.8038,0.5199,2.339
8249,20.000,0.006,0.006,2.823,2.823,7.085,0.001,0.001,0.609,0.609,3.438,1.17,14.20,12.2044,0.3438,1.547
8250,25.000,0.006,0.006,3.516,3.516,7.110,0.001,0.001,0.760,0.760,4.283,1.17,14.00,12.0000,0.4283,1.928
8251,35.000,0.006,0.006,4.940,4.940,7.085,0.002,0.002,1.065,1.065,6.013,1.17,14.20,12.2044,0.6013,2.706
8252,50.000,0.006,0.006,7.129,7.129,7.014,0.006,0.006,1.523,1.523,8.665,1.17,14.80,12.8038,0.8665,3.899
8253,45.000,0.006,0.006,6.523,6.523,6.899,0.005,0.005,1.374,1.374,7.907,1.18,15.76,13.7574,0.7907,3.558
8254,30.000,0.006,0.006,4.444,4.444,6.750,0.001,0.001,0.919,0.919,5.370,1.18,17.00,15.0000,0.5370,2.417
8255,20.000,0.006,0.006,3.041,3.041,6.576,0.001,0.001,0.614,0.614,3.662,1.18,18.45,16.4471,0.3662,1.648
8256,25.000,0.006,0.006,3.912,3.912,6.390,0.001,0.001,0.771,0.771,4.690,1.19,20.00,18.0000,0.4690,2.111
8257,35.000,0.006,0.006,5.642,5.642,6.204,0.002,0.002,1.084,1.084,6.734,1.19,21.55,19.5529,0.6734,3.030
8258,50.000,0.006,0.006,8.292,8.292,6.030,0.006,0.006,1.554,1.554,9.859,1.20,23.00,21.0000,0.9859,4.436
8259,45.000,0.006,0.006,7.652,7.652,5.881,0.005,0.005,1.404,1.404,9.067,1.20,24.24,22.2426,0.9067,4.080
8260,30.000,0.006,0.006,5.202,5.202,5.766,0.001,0.001,0.939,0.939,6.149,1.20,25.20,23.1962,0.6149,2.767
8261,20.000,0.006,0.006,3.512,3.512,5.695,0.001,0.001,0.627,0.627,4.146,1.21,25.80,23.7956,0.4146,1.866
8262,25.000,0.006,0.006,4.409,4.409,5.670,0.001,0.001,0.784,0.784,5.200,1.21,26.00,24.0000,0.5200,2.340
8263,35.000,0.006,0.006,6.146,6.146,5.695,0.002,0.002,1.097,1.097,7.252,1.21,25.80,23.7956,0.7252,3.263
8264,50.000,0.006,0.006,8.671,8.671,5.766,0.006,0.006,1.565,1.565,10.248,1.20,25.20,23.1962,1.0248,4.611
8265,45.000,0.006,0.006,7.652,7.652,5.881,0.005,0.005,1.404,1.404,9.067,1.20,24.24,22.2426,0.9067,4.080
8266,30.000,0.006,0.006,4.975,4.975,6.030,0.001,0.001,0.933,0.933,5.915,1.20,23.00,21.0000,0.5915,2.662
8267,20.000,0.006,0.006,3.224,3.224,6.204,0.001,0.001,0.619,0.619,3.850,1.19,21.55,19.5529,0.3850,1.732
8268,25.000,0.006,0.006,3.912,3.912,6.390,0.001,0.001,0.771,0.771,4.690,1.19,20.00,18.0000,0.4690,2.111
8269,35.000,0.006,0.006,5.322,5.322,6.576,0.002,0.002,1.075,1.075,6.406,1.18,18.45,16.4471,0.6406,2.882
8270,50.000,0.006,0.006,7.407,7.407,6.750,0.006,0.006,1.531,1.531,8.951,1.18,17.00,15.0000,0.8951,4.028
8271,45.000,0.006,0.006,6.523,6.523,6.899,0.005,0.005,1.374,1.374,7.907,1.18,15.76,13.7574,0.7907,3.558
8272,30.000,0.006,0.006,4.277,4.277,7.014,0.001,0.001,0.914,0.914,5.199,1.17,14.80,12.8038,0.5199,2.339
8273,20.000,0.006,0.006,2.823,2.823,7.085,0.001,0.001,0.609,0.609,3.438,1.17,14.20,12.2044,0.3438,1.547
8274,25.000,0.006,0.006,3.516,3.516,7.110,0.001,0.001,0.760,0.760,4.283,1.17,14.00,12.0000,0.4283,1.928
8275,35.000,0.006,0.006,4.940,4.940,7.085,0.002,0.002,1.065,1.065,6.013,1.17,14.20,12.2044,0.6013,2.706
8276,50.000,0.006,0.006,7.129,7.129,7.014,0.006,0.006,1.523,1.523,8.665,1.17,14.80,12.8038,0.8665,3.899
8277,45.000,0.006,0.006,6.523,6.523,6.899,0.005,0.005,1.374,1.374,7.907,1.18,15.76,13.7574,0.7907,3.558
8278,30.000,0.006,0.006,4.444,4.444,6.750,0.001,0.001,0.919,0.919,5.370,1.18,17.00,15.0000,0.5370,2.417
8279,20.000,0.006,0.006,3.041,3.041,6.576,0.001,0.001,0.614,0.614,3.662,1.18,18.45,16.4471,0.3662,1.648
8280,25.000,0.006,0.006,3.912,3.912,6.390,0.001,0.001,0.771,0.771,4.690,1.19,20.00,18.0000,0.4690,2.111
8281,35.000,0.006,0.006,5.642,5.642,6.204,0.002,0.002,1.084,1.084,6.734,1.19,21.55,19.5529,0.6734,3.030
8282,50.000,0.006,0.006,8.292,8.292,6.030,0.006,0.006,1.554,1.554,9.859,1.20,23.00,21.0000,0.9859,4.436
8283,45.000,0.006,0.006,7.652,7.652,5.881,0.005,0.005,1.404,1.404,9.067,1.20,24.24,22.2426,0.9067,4.080
8284,30.000,0.006,0.006,5.202,5.202,5.766,0.001,0.001,0.939,0.939,6.149,1.20,25.20,23.1962,0.6149,2.767
8285,20.000,0.006,0.006,3.512,3.512,5.695,0.001,0.001,0.627,0.627,4.146,1.21,25.80,23.7956,0.4146,1.866
8286,25.000,0.006,0.006,4.409,4.409,5.670,0.001,0.001,0.784,0.784,5.200,1.21,26.00,24.0000,0.5200,2.340
8287,35.000,0.006,0.006,6.146,6.146,5.695,0.002,0.002,1.097,1.097,7.252,1.21,25.80,23.7956,0.7252,3.263
8288,50.000,0.006,0.006,8.671,8.671,5.766,0.006,0.006,1.565,1.565,10.248,1.20,25.20,23.1962,1.0248,4.611
8289,45.000,0.006,0.006,7.652,7.652,5.881,0.005,0.005,1.404,1.404,9.067,1.20,24.24,22.2426,0.9067,4.080
8290,30.000,0.006,0.006,4.975,4.975,6.030,0.001,0.001,0.933,0.933,5.915,1.20,23.00,21.0000,0.5915,2.662
8291,20.000,0.006,0.006,3.224,3.224,6.204,0.001,0.001,0.619,0.619,3.850,1.19,21.55,19.5529,0.3850,1.732
8292,25.000,0.006,0.006,3.912,3.912,6.390,0.001,0.001,0.771,0.771,4.690,1.19,20.00,18.0000,0.4690,2.111
8293,35.000,0.006,0.006,5.322,5.322,6.576,0.002,0.002,1.075,1.075,6.406,1.18,18.45,16.4471,0.6406,2.882
8294,50.000,0.006,0.006,7.407,7.407,6.750,0.006,0.006,1.531,1.531,8.951,1.18,17.00,15.0000,0.8951,4.028
8295,45.000,0.006,0.006,6.523,6.523,6.899,0.005,0.005,1.374,1.374,7.907,1.18,15.76,13.7574,0.7907,3.558
8296,30.000,0.006,0.006,4.277,4.277,7.014,0.001,0.001,0.914,0.914,5.199,1.17,14.80,12.8038,0.5199,2.339
8297,20.000,0.006,0.006,2.823,2.823,7.085,0.001,0.001,0.609,0.609,3.438,1.17,14.20,12.2044,0.3438,1.547
8298,25.000,0.006,0.006,3.516,3.516,7.110,0.001,0.001,0.760,0.760,4.283,1.17,14.00,12.0000,0.4283,1.928
8299,35.000,0.006,0.006,4.940,4.940,7.085,0.002,0.002,1.065,1.065,6.013,1.17,14.20,12.2044,0.6013,2.706
8300,50.000,0.006,0.006,7.129,7.129,7.014,0.006,0.006,1.523,1.523,8.665,1.17,14.80,12.8038,0.8665,3.899
8301,45.000,0.006,0.006,6.523,6.523,6.899,0.005,0.005,1.374,1.374,7.907,1.18,15.76,13.7574,0.7907,3.558
8302,30.000,0.006,0.006,4.444,4.444,6.750,0.001,0.001,0.919,0.919,5.370,1.18,17.00,15.0000,0.5370,2.417
8303,20.000,0.006,0.006,3.041,3.041,6.576,0.001,0.001,0.614,0.614,3.662,1.18,18.45,16.4471,0.3662,1.648
8304,25.000,0.006,0.006,3.912,3.912,6.390,0.001,0.001,0.771,0.771,4.690,1.19,20.00,18.0000,0.4690,2.111
8305,35.000,0.006,0.006,5.642,5.642,6.204,0.002,0.002,1.084,1.084,6.734,1.19,21.55,19.5529,0.6734,3.030
8306,50.000,0.006,0.006,8.292,8.292,6.030,0.006,0.006,1.554,1.554,9.859,1.20,23.00,21.0000,0.9859,4.436
8307,45.000,0.006,0.006,7.652,7.652,5.881,0.005,0.005,1.404,1.404,9.067,1.20,24.24,22.2426,0.9067,4.080
8308,30.000,0.006,0.006,5.202,5.202,5.766,0.001,0.001,0.939,0.939,6.149,1.20,25.20,23.1962,0.6149,2.767
8309,20.000,0.006,0.006,3.512,3.512,5.695,0.001,0.001,0.627,0.627,4.146,1.21,25.80,23.7956,0.4146,1.866
8310,25.000,0.006,0.006,4.409,4.409,5.670,0.001,0.001,0.784,0.784,5.200,1.21,26.00,24.0000,0.5200,2.340
8311,35.000,0.006,0.006,6.146,6.146,5.695,0.002,0.002,1.097,1.097,7.252,1.21,25.80,23.7956,0.7252,3.263
8312,50.000,0.006,0.006,8.671,8.671,5.766,0.006,0.006,1.565,1.565,10.248,1.20,25.20,23.1962,1.0248,4.611
8313,45.000,0.006,0.006,7.652,7.652,5.881,0.005,0.005,1.404,1.404,9.067,1.20,24.24,22.2426,0.9067,4.080
8314,30.000,0.006,0.006,4.975,4.975,6.030,0.001,0.001,0.933,0.933,5.915,1.20,23.00,21.0000,0.5915,2.662
8315,20.000,0.006,0.006,3.224,3.224,6.204,0.001,0.001,0.619,0.619,3.850,1.19,21.55,19.5529,0.3850,1.732
8316,25.000,0.006,0.006,3.912,3.912,6.390,0.001,0.001,0.771,0.771,4.690,1.19,20.00,18.0000,0.4690,2.111
8317,35.000,0.006,0.006,5.322,5.322,6.576,0.002,0.002,1.075,1.075,6.406,1.18,18.45,16.4471,0.6406,2.882
8318,50.000,0.006,0.006,7.407,7.407,6.750,0.006,0.006,1.531,1.531,8.951,1.18,17.00,15.0000,0.8951,4.028
8319,45.000,0.006,0.006,6.523,6.523,6.899,0.005,0.005,1.374,1.374,7.907,1.18,15.76,13.7574,0.7907,3.558
8320,30.000,0.006,0.006,4.277,4.277,7.014,0.001,0.001,0.914,0.914,5.199,1.17,14.80,12.8038,0.5199,2.339
8321,20.000,0.006,0.006,2.823,2.823,7.085,0.001,0.001,0.609,0.609,3.438,1.17,14.20,12.2044,0.3438,1.547
8322,25.000,0.006,0.006,3.516,3.516,7.110,0.001,0.001,0.760,0.760,4.283,1.17,14.00,12.0000,0.4283,1.928
8323,35.000,0.006,0.006,4.940,4.940,7.085,0.002,0.002,1.065,1.065,6.013,1.17,14.20,12.2044,0.6013,2.706
8324,50.000,0.006,0.006,7.129,7.129,7.014,0.006,0.006,1.523,1.523,8.665,1.17,14.80,12.8038,0.8665,3.899
8325,45.000,0.006,0.006,6.523,6.523,6.899,0.005,0.005,1.374,1.374,7.907,1.18,15.76,13.7574,0.7907,3.558
8326,30.000,0.006,0.006,4.444,4.444,6.750,0.001,0.001,0.919,0.919,5.370,1.18,17.00,15.0000,0.5370,2.417
8327,20.000,0.006,0.006,3.041,3.041,6.576,0.001,0.001,0.614,0.614,3.662,1.18,18.45,16.4471,0.3662,1.648
8328,25.000,0.006,0.006,3.912,3.912,6.390,0.001,0.001,0.771,0.771,4.690,1.19,20.00,18.0000,0.4690,2.111
8329,35.000,0.006,0.006,5.642,5.642,6.204,0.002,0.002,1.084,1.084,6.734,1.19,21.55,19.5529,0.6734,3.030
8330,50.000,0.006,0.006,8.292,8.292,6.030,0.006,0.006,1.554,1.554,9.859,1.20,23.00,21.0000,0.9859,4.436
8331,45.000,0.006,0.006,7.652,7.652,5.881,0.005,0.005,1.404,1.404,9.067,1.20,24.24,22.2426,0.9067,4.080
8332,30.000,0.006,0.006,5.202,5.202,5.766,0.001,0.001,0.939,0.939,6.149,1.20,25.20,23.1962,0.6149,2.767
8333,20.000,0.006,0.006,3.512,3.512,5.695,0.001,0.001,0.627,0.627,4.146,1.21,25.80,23.7956,0.4146,1.866
8334,25.000,0.006,0.006,4.409,4.409,5.670,0.001,0.001,0.784,0.784,5.200,1.21,26.00,24.0000,0.5200,2.340
8335,35.000,0.006,0.006,6.146,6.146,5.695,0.002,0.002,1.097,1.097,7.252,1.21,25.80,23.7956,0.7252,3.263
8336,50.000,0.006,0.006,8.671,8.671,5.766,0.006,0.006,1.565,1.565,10.248,1.20,25.20,23.1962,1.0248,4.611
8337,45.000,0.006,0.006,7.652,7.652,5.881,0.005,0.005,1.404,1.404,9.067,1.20,24.24,22.2426,0.9067,4.080
8338,30.000,0.006,0.006,4.975,4.975,6.030,0.001,0.001,0.933,0.933,5.915,1.20,23.00,21.0000,0.5915,2.662
8339,20.000,0.006,0.006,3.224,3.224,6.204,0.001,0.001,0.619,0.619,3.850,1.19,21.55,19.5529,0.3850,1.732
8340,25.000,0.006,0.006,3.912,3.912,6.390,0.001,0.001,0.771,0.771,4.690,1.19,20.00,18.0000,0.4690,2.111
8341,35.000,0.006,0.006,5.322,5.322,6.576,0.002,0.002,1.075,1.075,6.406,1.18,18.45,16.4471,0.6406,2.882
8342,50.000,0.006,0.006,7.407,7.407,6.750,0.006,0.006,1.531,1.531,8.951,1.18,17.00,15.0000,0.8951,4.028
8343,45.000,0.006,0.006,6.523,6.523,6.899,0.005,0.005,1.374,1.374,7.907,1.18,15.76,13.7574,0.7907,3.558
8344,30.000,0.006,0.006,4.277,4.277,7.014,0.001,0.001,0.914,0.914,5.199,1.17,14.80,12.8038,0.5199,2.339
8345,20.000,0.006,0.006,2.823,2.823,7.085,0.001,0.001,0.609,0.609,3.438,1.17,14.20,12.2044,0.3438,1.547
8346,25.000,0.006,0.006,3.516,3.516,7.110,0.001,0.001,0.760,0.760,4.283,1.17,14.00,12.0000,0.4283,1.928
8347,35.000,0.006,0.006,4.940,4.940,7.085,0.002,0.002,1.065,1.065,6.013,1.17,14.20,12.2044,0.6013,2.706
8348,50.000,0.006,0.006,7.129,7.129,7.014,0.006,0.006,1.523,1.523,8.665,1.17,14.80,12.8038,0.8665,3.899
8349,45.000,0.006,0.006,6.523,6.523,6.899,0.005,0.005,1.374,1.374,7.907,1.18,15.76,13.7574,0.7907,3.558
8350,30.000,0.006,0.006,4.444,4.444,6.750,0.001,0.001,0.919,0.919,5.370,1.18,17.00,15.0000,0.5370,2.417
8351,20.000,0.006,0.006,3.041,3.041,6.576,0.001,0.001,0.614,0.614,3.662,1.18,18.45,16.4471,0.3662,1.648
8352,25.000,0.006,0.006,3.912,3.912,6.390,0.001,0.001,0.771,0.771,4.690,1.19,20.00,18.0000,0.4690,2.111
8353,35.000,0.006,0.006,5.642,5.642,6.204,0.002,0.002,1.084,1.084,6.734,1.19,21.55,19.5529,0.6734,3.030
8354,50.000,0.006,0.006,8.292,8.292,6.030,0.006,0.006,1.554,1.554,9.859,1.20,23.00,21.0000,0.9859,4.436
8355,45.000,0.006,0.006,7.652,7.652,5.881,0.005,0.005,1.404,1.404,9.067,1.20,24.24,22.2426,0.9067,4.080
8356,30.000,0.006,0.006,5.202,5.202,5.766,0.001,0.001,0.939,0.939,6.149,1.20,25.20,23.1962,0.6149,2.767
8357,20.000,0.006,0.006,3.512,3.512,5.695,0.001,0.001,0.627,0.627,4.146,1.21,25.80,23.7956,0.4146,1.866
8358,25.000,0.006,0.006,4.409,4.409,5.670,0.001,0.001,0.784,0.784,5.200,1.21,26.00,24.0000,0.5200,2.340
8359,35.000,0.006,0.006,6.146,6.146,5.695,0.002,0.002,1.097,1.097,7.252,1.21,25.80,23.7956,0.7252,3.263
8360,50.000,0.006,0.006,8.671,8.671,5.766,0.006,0.006,1.565,1.565,10.248,1.20,25.20,23.1962,1.0248,4.611
8361,45.000,0.006,0.006,7.652,7.652,5.881,0.005,0.005,1.404,1.404,9.067,1.20,24.24,22.2426,0.9067,4.080
8362,30.000,0.006,0.006,4.975,4.975,6.030,0.001,0.001,0.933,0.933,5.915,1.20,23.00,21.0000,0.5915,2.662
8363,20.000,0.006,0.006,3.224,3.224,6.204,0.001,0.001,0.619,0.619,3.850,1.19,21.55,19.5529,0.3850,1.732
8364,25.000,0.006,0.006,3.912,3.912,6.390,0.001,0.001,0.771,0.771,4.690,1.19,20.00,18.0000,0.4690,2.111
8365,35.000,0.006,0.006,5.322,5.322,6.576,0.002,0.002,1.075,1.075,6.406,1.18,18.45,16.4471,0.6406,2.882
8366,50.000,0.006,0.006,7.407,7.407,6.750,0.006,0.006,1.531,1.531,8.951,1.18,17.00,15.0000,0.8951,4.028
8367,45.000,0.006,0.006,6.523,6.523,6.899,0.005,0.005,1.374,1.374,7.907,1.18,15.76,13.7574,0.7907,3.558
8368,30.000,0.006,0.006,4.277,4.277,7.014,0.001,0.001,0.914,0.914,5.199,1.17,14.80,12.8038,0.5199,2.339
8369,20.000,0.006,0.006,2.823,2.823,7.085,0.001,0.001,0.609,0.609,3.438,1.17,14.20,12.2044,0.3438,1.547
8370,25.000,0.006,0.006,3.516,3.516,7.110,0.001,0.001,0.760,0.760,4.283,1.17,14.00,12.0000,0.4283,1.928
8371,35.000,0.006,0.006,4.940,4.940,7.085,0.002,0.002,1.065,1.065,6.013,1.17,14.20,12.2044,0.6013,2.706
8372,50.000,0.006,0.006,7.129,7.129,7.014,0.006,0.006,1.523,1.523,8.665,1.17,14.80,12.8038,0.8665,3.899
8373,45.000,0.006,0.006,6.523,6.523,6.899,0.005,0.005,1.374,1.374,7.907,1.18,15.76,13.7574,0.7907,3.558
8374,30.000,0.006,0.006,4.444,4.444,6.750,0.001,0.001,0.919,0.919,5.370,1.18,17.00,15.0000,0.5370,2.417
8375,20.000,0.006,0.006,3.041,3.041,6.576,0.001,0.001,0.614,0.614,3.662,1.18,18.45,16.4471,0.3662,1.648
8376,25.000,0.006,0.006,3.912,3.912,6.390,0.001,0.001,0.771,0.771,4.690,1.19,20.00,18.0000,0.4690,2.111
8377,35.000,0.006,0.006,5.642,5.642,6.204,0.002,0.002,1.084,1.084,6.734,1.19,21.55,19.5529,0.6734,3.030
8378,50.000,0.006,0.006,8.292,8.292,6.030,0.006,0.006,1.554,1.554,9.859,1.20,23.00,21.0000,0.9859,4.436
8379,45.000,0.006,0.006,7.652,7.652,5.881,0.005,0.005,1.404,1.404,9.067,1.20,24.24,22.2426,0.9067,4.080
8380,30.000,0.006,0.006,5.202,5.202,5.766,0.001,0.001,0.939,0.939,6.149,1.20,25.20,23.1962,0.6149,2.767
8381,20.000,0.006,0.006,3.512,3.512,5.695,0.001,0.001,0.627,0.627,4.146,1.21,25.80,23.7956,0.4146,1.866
8382,25.000,0.006,0.006,4.409,4.409,5.670,0.001,0.001,0.784,0.784,5.200,1.21,26.00,24.0000,0.5200,2.340
8383,35.000,0.006,0.006,6.146,6.146,5.695,0.002,0.002,1.097,1.097,7.252,1.21,25.80,23.7956,0.7252,3.263
8384,50.000,0.006,0.006,8.671,8.671,5.766,0.006,0.006,1.565,1.565,10.248,1.20,25.20,23.1962,1.0248,4.611
8385,45.000,0.006,0.006,7.652,7.652,5.881,0.005,0.005,1.404,1.404,9.067,1.20,24.24,22.2426,0.9067,4.080
8386,30.000,0.006,0.006,4.975,4.975,6.030,0.001,0.001,0.933,0.933,5.915,1.20,23.00,21.0000,0.5915,2.662
8387,20.000,0.006,0.006,3.224,3.224,6.204,0.001,0.001,0.619,0.619,3.850,1.19,21.55,19.5529,0.3850,1.732
8388,25.000,0.006,0.006,3.912,3.912,6.390,0.001,0.001,0.771,0.771,4.690,1.19,20.00,18.0000,0.4690,2.111
8389,35.000,0.006,0.006,5.322,5.322,6.576,0.002,0.002,1.075,1.075,6.406,1.18,18.45,16.4471,0.6406,2.882
8390,50.000,0.006,0.006,7.407,7.407,6.750,0.006,0.006,1.531,1.531,8.951,1.18,17.00,15.0000,0.8951,4.028
8391,45.000,0.006,0.006,6.523,6.523,6.899,0.005,0.005,1.374,1.374,7.907,1.18,15.76,13.7574,0.7907,3.558
8392,30.000,0.006,0.006,4.277,4.277,7.014,0.001,0.001,0.914,0.914,5.199,1.17,14.80,12.8038,0.5199,2.339
8393,20.000,0.006,0.006,2.823,2.823,7.085,0.001,0.001,0.609,0.609,3.438,1.17,14.20,12.2044,0.3438,1.547
8394,25.000,0.006,0.006,3.516,3.516,7.110,0.001,0.001,0.760,0.760,4.283,1.17,14.00,12.0000,0.4283,1.928
8395,35.000,0.006,0.006,4.940,4.940,7.085,0.002,0.002,1.065,1.065,6.013,1.17,14.20,12.2044,0.6013,2.706
8396,50.000,0.006,0.006,7.129,7.129,7.014,0.006,0.006,1.523,1.523,8.665,1.17,14.80,12.8038,0.8665,3.899
8397,45.000,0.006,0.006,6.523,6.523,6.899,0.005,0.005,1.374,1.374,7.907,1.18,15.76,13.7574,0.7907,3.558
8398,30.000,0.006,0.006,4.444,4.444,6.750,0.001,0.001,0.919,0.919,5.370,1.18,17.00,15.0000,0.5370,2.417
8399,20.000,0.006,0.006,3.041,3.041,6.576,0.001,0.001,0.614,0.614,3.662,1.18,18.45,16.4471,0.3662,1.648
8400,25.000,0.006,0.006,3.912,3.912,6.390,0.001,0.001,0.771,0.771,4.690,1.19,20.00,18.0000,0.4690,2.111
8401,35.000,0.006,0.006,5.642,5.642,6.204,0.002,0.002,1.084,1.084,6.734,1.19,21.55,19.5529,0.6734,3.030
8402,50.000,0.006,0.006,8.292,8.292,6.030,0.006,0.006,1.554,1.554,9.859,1.20,23.00,21.0000,0.9859,4.436
8403,45.000,0.006,0.006,7.652,7.652,5.881,0.005,0.005,1.404,1.404,9.067,1.20,24.24,22.2426,0.9067,4.080
8404,30.000,0.006,0.006,5.202,5.202,5.766,0.001,0.001,0.939,0.939,6.149,1.20,25.20,23.1962,0.6149,2.767
8405,20.000,0.006,0.006,3.512,3.512,5.695,0.001,0.001,0.627,0.627,4.146,1.21,25.80,23.7956,0.4146,1.866
8406,25.000,0.006,0.006,4.409,4.409,5.670,0.001,0.001,0.784,0.784,5.200,1.21,26.00,24.0000,0.5200,2.340
8407,35.000,0.006,0.006,6.146,6.146,5.695,0.002,0.002,1.097,1.097,7.252,1.21,25.80,23.7956,0.7252,3.263
8408,50.000,0.006,0.006,8.671,8.671,5.766,0.006,0.006,1.565,1.565,10.248,1.20,25.20,23.1962,1.0248,4.611
8409,45.000,0.006,0.006,7.652,7.652,5.881,0.005,0.005,1.404,1.404,9.067,1.20,24.24,22.2426,0.9067,4.080
8410,30.000,0.006,0.006,4.975,4.975,6.030,0.001,0.001,0.933,0.933,5.915,1.20,23.00,21.0000,0.5915,2.662
8411,20.000,0.006,0.006,3.224,3.224,6.204,0.001,0.001,0.619,0.619,3.850,1.19,21.55,19.5529,0.3850,1.732
8412,25.000,0.006,0.006,3.912,3.912,6.390,0.001,0.001,0.771,0.771,4.690,1.19,20.00,18.0000,0.4690,2.111
8413,35.000,0.006,0.006,5.322,5.322,6.576,0.002,0.002,1.075,1.075,6.406,1.18,18.45,16.4471,0.6406,2.882
8414,50.000,0.006,0.006,7.407,7.407,6.750,0.006,0.006,1.531,1.531,8.951,1.18,17.00,15.0000,0.8951,4.028
8415,45.000,0.006,0.006,6.523,6.523,6.899,0.005,0.005,1.374,1.374,7.907,1.18,15.76,13.7574,0.7907,3.558
8416,30.000,0.006,0.006,4.277,4.277,7.014,0.001,0.001,0.914,0.914,5.199,1.17,14.80,12.8038,0.5199,2.339
8417,20.000,0.006,0.006,2.823,2.823,7.085,0.001,0.001,0.609,0.609,3.438,1.17,14.20,12.2044,0.3438,1.547
8418,25.000,0.006,0.006,3.516,3.516,7.110,0.001,0.001,0.760,0.760,4.283,1.17,14.00,12.0000,0.4283,1.928
8419,35.000,0.006,0.006,4.940,4.940,7.085,0.002,0.002,1.065,1.065,6.013,1.17,14.20,12.2044,0.6013,2.706
8420,50.000,0.006,0.006,7.129,7.129,7.014,0.006,0.006,1.523,1.523,8.665,1.17,14.80,12.8038,0.8665,3.899
8421,45.000,0.006,0.006,6.523,6.523,6.899,0.005,0.005,1.374,1.374,7.907,1.18,15.76,13.7574,0.7907,3.558
8422,30.000,0.006,0.006,4.444,4.444,6.750,0.001,0.001,0.919,0.919,5.370,1.18,17.00,15.0000,0.5370,2.417
8423,20.000,0.006,0.006,3.041,3.041,6.576,0.001,0.001,0.614,0.614,3.662,1.18,18.45,16.4471,0.3662,1.648
8424,25.000,0.006,0.006,3.912,3.912,6.390,0.001,0.001,0.771,0.771,4.690,1.19,20.00,18.0000,0.4690,2.111
8425,35.000,0.006,0.006,5.642,5.642,6.204,0.002,0.002,1.084,1.084,6.734,1.19,21.55,19.5529,0.6734,3.030
8426,50.000,0.006,0.006,8.292,8.292,6.030,0.006,0.006,1.554,1.554,9.859,1.20,23.00,21.0000,0.9859,4.436
8427,45.000,0.006,0.006,7.652,7.652,5.881,0.005,0.005,1.404,1.404,9.067,1.20,24.24,22.2426,0.9067,4.080
8428,30.000,0.006,0.006,5.202,5.202,5.766,0.001,0.001,0.939,0.939,6.149,1.20,25.20,23.1962,0.6149,2.767
8429,20.000,0.006,0.006,3.512,3.512,5.695,0.001,0.001,0.627,0.627,4.146,1.21,25.80,23.7956,0.4146,1.866
8430,25.000,0.006,0.006,4.409,4.409,5.670,0.001,0.001,0.784,0.784,5.200,1.21,26.00,24.0000,0.5200,2.340
8431,35.000,0.006,0.006,6.146,6.146,5.695,0.002,0.002,1.097,1.097,7.252,1.21,25.80,23.7956,0.7252,3.263
8432,50.000,0.006,0.006,8.671,8.671,5.766,0.006,0.006,1.565,1.565,10.248,1.20,25.20,23.1962,1.0248,4.611
8433,45.000,0.006,0.006,7.652,7.652,5.881,0.005,0.005,1.404,1.404,9.067,1.20,24.24,22.2426,0.9067,4.080
8434,30.000,0.006,0.006,4.975,4.975,6.030,0.001,0.001,0.933,0.933,5.915,1.20,23.00,21.0000,0.5915,2.662
8435,20.000,0.006,0.006,3.224,3.224,6.204,0.001,0.001,0.619,0.619,3.850,1.19,21.55,19.5529,0.3850,1.732
8436,25.000,0.006,0.006,3.912,3.912,6.390,0.001,0.001,0.771,0.771,4.690,1.19,20.00,18.0000,0.4690,2.111
8437,35.000,0.006,0.006,5.322,5.322,6.576,0.002,0.002,1.075,1.075,6.406,1.18,18.45,16.4471,0.6406,2.882
8438,50.000,0.006,0.006,7.407,7.407,6.750,0.006,0.006,1.531,1.531,8.951,1.18,17.00,15.0000,0.8951,4.028
8439,45.000,0.006,0.006,6.523,6.523,6.899,0.005,0.005,1.374,1.374,7.907,1.18,15.76,13.7574,0.7907,3.558
8440,30.000,0.006,0.006,4.277,4.277,7.014,0.001,0.001,0.914,0.914,5.199,1.17,14.80,12.8038,0.5199,2.339
8441,20.000,0.006,0.006,2.823,2.823,7.085,0.001,0.001,0.609,0.609,3.438,1.17,14.20,12.2044,0.3438,1.547
8442,25.000,0.006,0.006,3.516,3.516,7.110,0.001,0.001,0.760,0.760,4.283,1.17,14.00,12.0000,0.4283,1.928
8443,35.000,0.006,0.006,4.940,4.940,7.085,0.002,0.002,1.065,1.065,6.013,1.17,14.20,12.2044,0.6013,2.706
8444,50.000,0.006,0.006,7.129,7.129,7.014,0.006,0.006,1.523,1.523,8.665,1.17,14.80,12.8038,0.8665,3.899
8445,45.000,0.006,0.006,6.523,6.523,6.899,0.005,0.005,1.374,1.374,7.907,1.18,15.76,13.7574,0.7907,3.558
8446,30.000,0.006,0.006,4.444,4.444,6.750,0.001,0.001,0.919,0.919,5.370,1.18,17.00,15.0000,0.5370,2.417
8447,20.000,0.006,0.006,3.041,3.041,6.576,0.001,0.001,0.614,0.614,3.662,1.18,18.45,16.4471,0.3662,1.648
8448,25.000,0.006,0.006,3.912,3.912,6.390,0.001,0.001,0.771,0.771,4.690,1.19,20.00,18.0000,0.4690,2.111
8449,35.000,0.006,0.006,5.642,5.642,6.204,0.002,0.002,1.084,1.084,6.734,1.19,21.55,19.5529,0.6734,3.030
8450,50.000,0.006,0.006,8.292,8.292,6.030,0.006,0.006,1.554,1.554,9.859,1.20,23.00,21.0000,0.9859,4.436
8451,45.000,0.006,0.006,7.652,7.652,5.881,0.005,0.005,1.404,1.404,9.067,1.20,24.24,22.2426,0.9067,4.080
8452,30.000,0.006,0.006,5.202,5.202,5.766,0.001,0.001,0.939,0.939,6.149,1.20,25.20,23.1962,0.6149,2.767
8453,20.000,0.006,0.006,3.512,3.512,5.695,0.001,0.001,0.627,0.627,4.146,1.21,25.80,23.7956,0.4146,1.866
8454,25.000,0.006,0.006,4.409,4.409,5.670,0.001,0.001,0.784,0.784,5.200,1.21,26.00,24.0000,0.5200,2.340
8455,35.000,0.006,0.006,6.146,6.146,5.695,0.002,0.002,1.097,1.097,7.252,1.21,25.80,23.7956,0.7252,3.263
8456,50.000,0.006,0.006,8.671,8.671,5.766,0.006,0.006,1.565,1.565,10.248,1.20,25.20,23.1962,1.0248,4.611
8457,45.000,0.006,0.006,7.652,7.652,5.881,0.005,0.005,1.404,1.404,9.067,1.20,24.24,22.2426,0.9067,4.080
8458,30.000,0.006,0.006,4.975,4.975,6.030,0.001,0.001,0.933,0.933,5.915,1.20,23.00,21.0000,0.5915,2.662
8459,20.000,0.006,0.006,3.224,3.224,6.204,0.001,0.001,0.619,0.619,3.850,1.19,21.55,19.5529,0.3850,1.732
8460,25.000,0.006,0.006,3.912,3.912,6.390,0.001,0.001,0.771,0.771,4.690,1.19,20.00,18.0000,0.4690,2.111
8461,35.000,0.006,0.006,5.322,5.322,6.576,0.002,0.002,1.075,1.075,6.406,1.18,18.45,16.4471,0.6406,2.882
8462,50.000,0.006,0.006,7.407,7.407,6.750,0.006,0.006,1.531,1.531,8.951,1.18,17.00,15.0000,0.8951,4.028
8463,45.000,0.006,0.006,6.523,6.523,6.899,0.005,0.005,1.374,1.374,7.907,1.18,15.76,13.7574,0.7907,3.558
8464,30.000,0.006,0.006,4.277,4.277,7.014,0.001,0.001,0.914,0.914,5.199,1.17,14.80,12.8038,0.5199,2.339
8465,20.000,0.006,0.006,2.823,2.823,7.085,0.001,0.001,0.609,0.609,3.438,1.17,14.20,12.2044,0.3438,1.547
8466,25.000,0.006,0.006,3.516,3.516,7.110,0.001,0.001,0.760,0.760,4.283,1.17,14.00,12.0000,0.4283,1.928
8467,35.000,0.006,0.006,4.940,4.940,7.085,0.002,0.002,1.065,1.065,6.013,1.17,14.20,12.2044,0.6013,2.706
8468,50.000,0.006,0.006,7.129,7.129,7.014,0.006,0.006,1.523,1.523,8.665,1.17,14.80,12.8038,0.8665,3.899
8469,45.000,0.006,0.006,6.523,6.523,6.899,0.005,0.005,1.374,1.374,7.907,1.18,15.76,13.7574,0.7907,3.558
8470,30.000,0.006,0.006,4.444,4.444,6.750,0.001,0.001,0.919,0.919,5.370,1.18,17.00,15.0000,0.5370,2.417
8471,20.000,0.006,0.006,3.041,3.041,6.576,0.001,0.001,0.614,0.614,3.662,1.18,18.45,16.4471,0.3662,1.648
8472,25.000,0.006,0.006,3.912,3.912,6.390,0.001,0.001,0.771,0.771,4.690,1.19,20.00,18.0000,0.4690,2.111
8473,35.000,0.006,0.006,5.642,5.642,6.204,0.002,0.002,1.084,1.084,6.734,1.19,21.55,19.5529,0.6734,3.030
8474,50.000,0.006,0.006,8.292,8.292,6.030,0.006,0.006,1.554,1.554,9.859,1.20,23.00,21.0000,0.9859,4.436
8475,45.000,0.006,0.006,7.652,7.652,5.881,0.005,0.005,1.404,1.404,9.067,1.20,24.24,22.2426,0.9067,4.080
8476,30.000,0.006,0.006,5.202,5.202,5.766,0.001,0.001,0.939,0.939,6.149,1.20,25.20,23.1962,0.6149,2.767
8477,20.000,0.006,0.006,3.512,3.512,5.695,0.001,0.001,0.627,0.627,4.146,1.21,25.80,23.7956,0.4146,1.866
8478,25.000,0.006,0.006,4.409,4.409,5.670,0.001,0.001,0.784,0.784,5.200,1.21,26.00,24.0000,0.5200,2.340
8479,35.000,0.006,0.006,6.146,6.146,5.695,0.002,0.002,1.097,1.097,7.252,1.21,25.80,23.7956,0.7252,3.263
8480,50.000,0.006,0.006,8.671,8.671,5.766,0.006,0.006,1.565,1.565,10.248,1.20,25.20,23.1962,1.0248,4.611
8481,45.000,0.006,0.006,7.652,7.652,5.881,0.005,0.005,1.404,1.404,9.067,1.20,24.24,22.2426,0.9067,4.080
8482,30.000,0.006,0.006,4.975,4.975,6.030,0.001,0.001,0.933,0.933,5.915,1.20,23.00,21.0000,0.5915,2.662
8483,20.000,0.006,0.006,3.224,3.224,6.204,0.001,0.001,0.619,0.619,3.850,1.19,21.55,19.5529,0.3850,1.732
8484,25.000,0.006,0.006,3.912,3.912,6.390,0.001,0.001,0.771,0.771,4.690,1.19,20.00,18.0000,0.4690,2.111
8485,35.000,0.006,0.006,5.322,5.322,6.576,0.002,0.002,1.075,1.075,6.406,1.18,18.45,16.4471,0.6406,2.882
8486,50.000,0.006,0.006,7.407,7.407,6.750,0.006,0.006,1.531,1.531,8.951,1.18,17.00,15.0000,0.8951,4.028
8487,45.000,0.006,0.006,6.523,6.523,6.899,0.005,0.005,1.374,1.374,7.907,1.18,15.76,13.7574,0.7907,3.558
8488,30.000,0.006,0.006,4.277,4.277,7.014,0.001,0.001,0.914,0.914,5.199,1.17,14.80,12.8038,0.5199,2.339
8489,20.000,0.006,0.006,2.823,2.823,7.085,0.001,0.001,0.609,0.609,3.438,1.17,14.20,12.2044,0.3438,1.547
8490,25.000,0.006,0.006,3.516,3.516,7.110,0.001,0.001,0.760,0.760,4.283,1.17,14.00,12.0000,0.4283,1.928
8491,35.000,0.006,0.006,4.940,4.940,7.085,0.002,0.002,1.065,1.065,6.013,1.17,14.20,12.2044,0.6013,2.706
8492,50.000,0.006,0.006,7.129,7.129,7.014,0.006,0.006,1.523,1.523,8.665,1.17,14.80,12.8038,0.8665,3.899
8493,45.000,0.006,0.006,6.523,6.523,6.899,0.005,0.005,1.374,1.374,7.907,1.18,15.76,13.7574,0.7907,3.558
8494,30.000,0.006,0.006,4.444,4.444,6.750,0.001,0.001,0.919,0.919,5.370,1.18,17.00,15.0000,0.5370,2.417
8495,20.000,0.006,0.006,3.041,3.041,6.576,0.001,0.001,0.614,0.614,3.662,1.18,18.45,16.4471,0.3662,1.648
8496,25.000,0.006,0.006,3.912,3.912,6.390,0.001,0.001,0.771,0.771,4.690,1.19,20.00,18.0000,0.4690,2.111
8497,35.000,0.006,0.006,5.642,5.642,6.204,0.002,0.002,1.084,1.084,6.734,1.19,21.55,19.5529,0.6734,3.030
8498,50.000,0.006,0.006,8.292,8.292,6.030,0.006,0.006,1.554,1.554,9.859,1.20,23.00,21.0000,0.9859,4.436
8499,45.000,0.006,0.006,7.652,7.652,5.881,0.005,0.005,1.404,1.404,9.067,1.20,24.24,22.2426,0.9067,4.080
8500,30.000,0.006,0.006,5.202,5.202,5.766,0.001,0.001,0.939,0.939,6.149,1.20,25.20,23.1962,0.6149,2.767
8501,20.000,0.006,0.006,3.512,3.512,5.695,0.001,0.001,0.627,0.627,4.146,1.21,25.80,23.7956,0.4146,1.866
8502,25.000,0.006,0.006,4.409,4.409,5.670,0.001,0.001,0.784,0.784,5.200,1.21,26.00,24.0000,0.5200,2.340
8503,35.000,0.006,0.006,6.146,6.146,5.695,0.002,0.002,1.097,1.097,7.252,1.21,25.80,23.7956,0.7252,3.263
8504,50.000,0.006,0.006,8.671,8.671,5.766,0.006,0.006,1.565,1.565,10.248,1.20,25.20,23.1962,1.0248,4.611
8505,45.000,0.006,0.006,7.652,7.652,5.881,0.005,0.005,1.404,1.404,9.067,1.20,24.24,22.2426,0.9067,4.080
8506,30.000,0.006,0.006,4.975,4.975,6.030,0.001,0.001,0.933,0.933,5.915,1.20,23.00,21.0000,0.5915,2.662
8507,20.000,0.006,0.006,3.224,3.224,6.204,0.001,0.001,0.619,0.619,3.850,1.19,21.55,19.5529,0.3850,1.732
8508,25.000,0.006,0.006,3.912,3.912,6.390,0.001,0.001,0.771,0.771,4.690,1.19,20.00,18.0000,0.4690,2.111
8509,35.000,0.006,0.006,5.322,5.322,6.576,0.002,0.002,1.075,1.075,6.406,1.18,18.45,16.4471,0.6406,2.882
8510,50.000,0.006,0.006,7.407,7.407,6.750,0.006,0.006,1.531,1.531,8.951,1.18,17.00,15.0000,0.8951,4.028
8511,45.000,0.006,0.006,6.523,6.523,6.899,0.005,0.005,1.374,1.374,7.907,1.18,15.76,13.7574,0.7907,3.558
8512,30.000,0.006,0.006,4.277,4.277,7.014,0.001,0.001,0.914,0.914,5.199,1.17,14.80,12.8038,0.5199,2.339
8513,20.000,0.006,0.006,2.823,2.823,7.085,0.001,0.001,0.609,0.609,3.438,1.17,14.20,12.2044,0.3438,1.547
8514,25.000,0.006,0.006,3.516,3.516,7.110,0.001,0.001,0.760,0.760,4.283,1.17,14.00,12.0000,0.4283,1.928
8515,35.000,0.006,0.006,4.940,4.940,7.085,0.002,0.002,1.065,1.065,6.013,1.17,14.20,12.2044,0.6013,2.706
8516,50.000,0.006,0.006,7.129,7.129,7.014,0.006,0.006,1.523,1.523,8.665,1.17,14.80,12.8038,0.8665,3.899
8517,45.000,0.006,0.006,6.523,6.523,6.899,0.005,0.005,1.374,1.374,7.907,1.18,15.76,13.7574,0.7907,3.558
8518,30.000,0.006,0.006,4.444,4.444,6.750,0.001,0.001,0.919,0.919,5.370,1.18,17.00,15.0000,0.5370,2.417
8519,20.000,0.006,0.006,3.041,3.041,6.576,0.001,0.001,0.614,0.614,3.662,1.18,18.45,16.4471,0.3662,1.648
8520,25.000,0.006,0.006,3.912,3.912,6.390,0.001,0.001,0.771,0.771,4.690,1.19,20.00,18.0000,0.4690,2.111
8521,35.000,0.006,0.006,5.642,5.642,6.204,0.002,0.002,1.084,1.084,6.734,1.19,21.55,19.5529,0.6734,3.030
8522,50.000,0.006,0.006,8.292,8.292,6.030,0.006,0.006,1.554,1.554,9.859,1.20,23.00,21.0000,0.9859,4.436
8523,45.000,0.006,0.006,7.652,7.652,5.881,0.005,0.005,1.404,1.404,9.067,1.20,24.24,22.2426,0.9067,4.080
8524,30.000,0.006,0.006,5.202,5.202,5.766,0.001,0.001,0.939,0.939,6.149,1.20,25.20,23.1962,0.6149,2.767
8525,20.000,0.006,0.006,3.512,3.512,5.695,0.001,0.001,0.627,0.627,4.146,1.21,25.80,23.7956,0.4146,1.866
8526,25.000,0.006,0.006,4.409,4.409,5.670,0.001,0.001,0.784,0.784,5.200,1.21,26.00,24.0000,0.5200,2.340
8527,35.000,0.006,0.006,6.146,6.146,5.695,0.002,0.002,1.097,1.097,7.252,1.21,25.80,23.7956,0.7252,3.263
8528,50.000,0.006,0.006,8.671,8.671,5.766,0.006,0.006,1.565,1.565,10.248,1.20,25.20,23.1962,1.0248,4.611
8529,45.000,0.006,0.006,7.652,7.652,5.881,0.005,0.005,1.404,1.404,9.067,1.20,24.24,22.2426,0.9067,4.080
8530,30.000,0.006,0.006,4.975,4.975,6.030,0.001,0.001,0.933,0.933,5.915,1.20,23.00,21.0000,0.5915,2.662
8531,20.000,0.006,0.006,3.224,3.224,6.204,0.001,0.001,0.619,0.619,3.850,1.19,21.55,19.5529,0.3850,1.732
8532,25.000,0.006,0.006,3.912,3.912,6.390,0.001,0.001,0.771,0.771,4.690,1.19,20.00,18.0000,0.4690,2.111
8533,35.000,0.006,0.006,5.322,5.322,6.576,0.002,0.002,1.075,1.075,6.406,1.18,18.45,16.4471,0.6406,2.882
8534,50.000,0.006,0.006,7.407,7.407,6.750,0.006,0.006,1.531,1.531,8.951,1.18,17.00,15.0000,0.8951,4.028
8535,45.000,0.006,0.006,6.523,6.523,6.899,0.005,0.005,1.374,1.374,7.907,1.18,15.76,13.7574,0.7907,3.558
8536,30.000,0.006,0.006,4.277,4.277,7.014,0.001,0.001,0.914,0.914,5.199,1.17,14.80,12.8038,0.5199,2.339
8537,20.000,0.006,0.006,2.823,2.823,7.085,0.001,0.001,0.609,0.609,3.438,1.17,14.20,12.2044,0.3438,1.547
8538,25.000,0.006,0.006,3.516,3.516,7.110,0.001,0.001,0.760,0.760,4.283,1.17,14.00,12.0000,0.4283,1.928
8539,35.000,0.006,0.006,4.940,4.940,7.085,0.002,0.002,1.065,1.065,6.013,1.17,14.20,12.2044,0.6013,2.706
8540,50.000,0.006,0.006,7.129,7.129,7.014,0.006,0.006,1.523,1.523,8.665,1.17,14.80,12.8038,0.8665,3.899
8541,45.000,0.006,0.006,6.523,6.523,6.899,0.005,0.005,1.374,1.374,7.907,1.18,15.76,13.7574,0.7907,3.558
8542,30.000,0.006,0.006,4.444,4.444,6.750,0.001,0.001,0.919,0.919,5.370,1.18,17.00,15.0000,0.5370,2.417
8543,20.000,0.006,0.006,3.041,3.041,6.576,0.001,0.001,0.614,0.614,3.662,1.18,18.45,16.4471,0.3662,1.648
8544,25.000,0.006,0.006,3.912,3.912,6.390,0.001,0.001,0.771,0.771,4.690,1.19,20.00,18.0000,0.4690,2.111
8545,35.000,0.006,0.006,5.642,5.642,6.204,0.002,0.002,1.084,1.084,6.734,1.19,21.55,19.5529,0.6734,3.030
8546,50.000,0.006,0.006,8.292,8.292,6.030,0.006,0.006,1.554,1.554,9.859,1.20,23.00,21.0000,0.9859,4.436
8547,45.000,0.006,0.006,7.652,7.652,5.881,0.005,0.005,1.404,1.404,9.067,1.20,24.24,22.2426,0.9067,4.080
8548,30.000,0.006,0.006,5.202,5.202,5.766,0.001,0.001,0.939,0.939,6.149,1.20,25.20,23.1962,0.6149,2.767
8549,20.000,0.006,0.006,3.512,3.512,5.695,0.001,0.001,0.627,0.627,4.146,1.21,25.80,23.7956,0.4146,1.866
8550,25.000,0.006,0.006,4.409,4.409,5.670,0.001,0.001,0.784,0.784,5.200,1.21,26.00,24.0000,0.5200,2.340
8551,35.000,0.006,0.006,6.146,6.146,5.695,0.002,0.002,1.097,1.097,7.252,1.21,25.80,23.7956,0.7252,3.263
8552,50.000,0.006,0.006,8.671,8.671,5.766,0.006,0.006,1.565,1.565,10.248,1.20,25.20,23.1962,1.0248,4.611
8553,45.000,0.006,0.006,7.652,7.652,5.881,0.005,0.005,1.404,1.404,9.067,1.20,24.24,22.2426,0.9067,4.080
8554,30.000,0.006,0.006,4.975,4.975,6.030,0.001,0.001,0.933,0.933,5.915,1.20,23.00,21.0000,0.5915,2.662
8555,20.000,0.006,0.006,3.224,3.224,6.204,0.001,0.001,0.619,0.619,3.850,1.19,21.55,19.5529,0.3850,1.732
8556,25.000,0.006,0.006,3.912,3.912,6.390,0.001,0.001,0.771,0.771,4.690,1.19,20.00,18.0000,0.4690,2.111
8557,35.000,0.006,0.006,5.322,5.322,6.576,0.002,0.002,1.075,1.075,6.406,1.18,18.45,16.4471,0.6406,2.882
8558,50.000,0.006,0.006,7.407,7.407,6.750,0.006,0.006,1.531,1.531,8.951,1.18,17.00,15.0000,0.8951,4.028
8559,45.000,0.006,0.006,6.523,6.523,6.899,0.005,0.005,1.374,1.374,7.907,1.18,15.76,13.7574,0.7907,3.558
8560,30.000,0.006,0.006,4.277,4.277,7.014,0.001,0.001,0.914,0.914,5.199,1.17,14.80,12.8038,0.5199,2.339
8561,20.000,0.006,0.006,2.823,2.823,7.085,0.001,0.001,0.609,0.609,3.438,1.17,14.20,12.2044,0.3438,1.547
8562,25.000,0.006,0.006,3.516,3.516,7.110,0.001,0.001,0.760,0.760,4.283,1.17,14.00,12.0000,0.4283,1.928
8563,35.000,0.006,0.006,4.940,4.940,7.085,0.002,0.002,1.065,1.065,6.013,1.17,14.20,12.2044,0.6013,2.706
8564,50.000,0.006,0.006,7.129,7.129,7.014,0.006,0.006,1.523,1.523,8.665,1.17,14.80,12.8038,0.8665,3.899
8565,45.000,0.006,0.006,6.523,6.523,6.899,0.005,0.005,1.374,1.374,7.907,1.18,15.76,13.7574,0.7907,3.558
8566,30.000,0.006,0.006,4.444,4.444,6.750,0.001,0.001,0.919,0.919,5.370,1.18,17.00,15.0000,0.5370,2.417
8567,20.000,0.006,0.006,3.041,3.041,6.576,0.001,0.001,0.614,0.614,3.662,1.18,18.45,16.4471,0.3662,1.648
8568,25.000,0.006,0.006,3.912,3.912,6.390,0.001,0.001,0.771,0.771,4.690,1.19,20.00,18.0000,0.4690,2.111
8569,35.000,0.006,0.006,5.642,5.642,6.204,0.002,0.002,1.084,1.084,6.734,1.19,21.55,19.5529,0.6734,3.030
8570,50.000,0.006,0.006,8.292,8.292,6.030,0.006,0.006,1.554,1.554,9.859,1.20,23.00,21.0000,0.9859,4.436
8571,45.000,0.006,0.006,7.652,7.652,5.881,0.005,0.005,1.404,1.404,9.067,1.20,24.24,22.2426,0.9067,4.080
8572,30.000,0.006,0.006,5.202,5.202,5.766,0.001,0.001,0.939,0.939,6.149,1.20,25.20,23.1962,0.6149,2.767
8573,20.000,0.006,0.006,3.512,3.512,5.695,0.001,0.001,0.627,0.627,4.146,1.21,25.80,23.7956,0.4146,1.866
8574,25.000,0.006,0.006,4.409,4.409,5.670,0.001,0.001,0.784,0.784,5.200,1.21,26.00,24.0000,0.5200,2.340
8575,35.000,0.006,0.006,6.146,6.146,5.695,0.002,0.002,1.097,1.097,7.252,1.21,25.80,23.7956,0.7252,3.263
8576,50.000,0.006,0.006,8.671,8.671,5.766,0.006,0.006,1.565,1.565,10.248,1.20,25.20,23.1962,1.0248,4.611
8577,45.000,0.006,0.006,7.652,7.652,5.881,0.005,0.005,1.404,1.404,9.067,1.20,24.24,22.2426,0.9067,4.080
8578,30.000,0.006,0.006,4.975,4.975,6.030,0.001,0.001,0.933,0.933,5.915,1.20,23.00,21.0000,0.5915,2.662
8579,20.000,0.006,0.006,3.224,3.224,6.204,0.001,0.001,0.619,0.619,3.850,1.19,21.55,19.5529,0.3850,1.732
8580,25.000,0.006,0.006,3.912,3.912,6.390,0.001,0.001,0.771,0.771,4.690,1.19,20.00,18.0000,0.4690,2.111
8581,35.000,0.006,0.006,5.322,5.322,6.576,0.002,0.002,1.075,1.075,6.406,1.18,18.45,16.4471,0.6406,2.882
8582,50.000,0.006,0.006,7.407,7.407,6.750,0.006,0.006,1.531,1.531,8.951,1.18,17.00,15.0000,0.8951,4.028
8583,45.000,0.006,0.006,6.523,6.523,6.899,0.005,0.005,1.374,1.374,7.907,1.18,15.76,13.7574,0.7907,3.558
8584,30.000,0.006,0.006,4.277,4.277,7.014,0.001,0.001,0.914,0.914,5.199,1.17,14.80,12.8038,0.5199,2.339
8585,20.000,0.006,0.006,2.823,2.823,7.085,0.001,0.001,0.609,0.609,3.438,1.17,14.20,12.2044,0.3438,1.547
8586,25.000,0.006,0.006,3.516,3.516,7.110,0.001,0.001,0.760,0.760,4.283,1.17,14.00,12.0000,0.4283,1.928
8587,35.000,0.006,0.006,4.940,4.940,7.085,0.002,0.002,1.065,1.065,6.013,1.17,14.20,12.2044,0.6013,2.706
8588,50.000,0.006,0.006,7.129,7.129,7.014,0.006,0.006,1.523,1.523,8.665,1.17,14.80,12.8038,0.8665,3.899
8589,45.000,0.006,0.006,6.523,6.523,6.899,0.005,0.005,1.374,1.374,7.907,1.18,15.76,13.7574,0.7907,3.558
8590,30.000,0.006,0.006,4.444,4.444,6.750,0.001,0.001,0.919,0.919,5.370,1.18,17.00,15.0000,0.5370,2.417
8591,20.000,0.006,0.006,3.041,3.041,6.576,0.001,0.001,0.614,0.614,3.662,1.18,18.45,16.4471,0.3662,1.648
8592,25.000,0.006,0.006,3.912,3.912,6.390,0.001,0.001,0.771,0.771,4.690,1.19,20.00,18.0000,0.4690,2.111
8593,35.000,0.006,0.006,5.642,5.642,6.204,0.002,0.002,1.084,1.084,6.734,1.19,21.55,19.5529,0.6734,3.030
8594,50.000,0.006,0.006,8.292,8.292,6.030,0.006,0.006,1.554,1.554,9.859,1.20,23.00,21.0000,0.9859,4.436
8595,45.000,0.006,0.006,7.652,7.652,5.881,0.005,0.005,1.404,1.404,9.067,1.20,24.24,22.2426,0.9067,4.080
8596,30.000,0.006,0.006,5.202,5.202,5.766,0.001,0.001,0.939,0.939,6.149,1.20,25.20,23.1962,0.6149,2.767
8597,20.000,0.006,0.006,3.512,3.512,5.695,0.001,0.001,0.627,0.627,4.146,1.21,25.80,23.7956,0.4146,1.866
8598,25.000,0.006,0.006,4.409,4.409,5.670,0.001,0.001,0.784,0.784,5.200,1.21,26.00,24.0000,0.5200,2.340
8599,35.000,0.006,0.006,6.146,6.146,5.695,0.002,0.002,1.097,1.097,7.252,1.21,25.80,23.7956,0.7252,3.263
8600,50.000,0.006,0.006,8.671,8.671,5.766,0.006,0.006,1.565,1.565,10.248,1.20,25.20,23.1962,1.0248,4.611
8601,45.000,0.006,0.006,7.652,7.652,5.881,0.005,0.005,1.404,1.404,9.067,1.20,24.24,22.2426,0.9067,4.080
8602,30.000,0.006,0.006,4.975,4.975,6.030,0.001,0.001,0.933,0.933,5.915,1.20,23.00,21.0000,0.5915,2.662
8603,20.000,0.006,0.006,3.224,3.224,6.204,0.001,0.001,0.619,0.619,3.850,1.19,21.55,19.5529,0.3850,1.732
8604,25.000,0.006,0.006,3.912,3.912,6.390,0.001,0.001,0.771,0.771,4.690,1.19,20.00,18.0000,0.4690,2.111
8605,35.000,0.006,0.006,5.322,5.322,6.576,0.002,0.002,1.075,1.075,6.406,1.18,18.45,16.4471,0.6406,2.882
8606,50.000,0.006,0.006,7.407,7.407,6.750,0.006,0.006,1.531,1.531,8.951,1.18,17.00,15.0000,0.8951,4.028
8607,45.000,0.006,0.006,6.523,6.523,6.899,0.005,0.005,1.374,1.374,7.907,1.18,15.76,13.7574,0.7907,3.558
8608,30.000,0.006,0.006,4.277,4.277,7.014,0.001,0.001,0.914,0.914,5.199,1.17,14.80,12.8038,0.5199,2.339
8609,20.000,0.006,0.006,2.823,2.823,7.085,0.001,0.001,0.609,0.609,3.438,1.17,14.20,12.2044,0.3438,1.547
8610,25.000,0.006,0.006,3.516,3.516,7.110,0.001,0.001,0.760,0.760,4.283,1.17,14.00,12.0000,0.4283,1.928
8611,35.000,0.006,0.006,4.940,4.940,7.085,0.002,0.002,1.065,1.065,6.013,1.17,14.20,12.2044,0.6013,2.706
8612,50.000,0.006,0.006,7.129,7.129,7.014,0.006,0.006,1.523,1.523,8.665,1.17,14.80,12.8038,0.8665,3.899
8613,45.000,0.006,0.006,6.523,6.523,6.899,0.005,0.005,1.374,1.374,7.907,1.18,15.76,13.7574,0.7907,3.558
8614,30.000,0.006,0.006,4.444,4.444,6.750,0.001,0.001,0.919,0.919,5.370,1.18,17.00,15.0000,0.5370,2.417
8615,20.000,0.006,0.006,3.041,3.041,6.576,0.001,0.001,0.614,0.614,3.662,1.18,18.45,16.4471,0.3662,1.648
8616,25.000,0.006,0.006,3.912,3.912,6.390,0.001,0.001,0.771,0.771,4.690,1.19,20.00,18.0000,0.4690,2.111
8617,35.000,0.006,0.006,5.642,5.642,6.204,0.002,0.002,1.084,1.084,6.734,1.19,21.55,19.5529,0.6734,3.030
8618,50.000,0.006,0.006,8.292,8.292,6.030,0.006,0.006,1.554,1.554,9.859,1.20,23.00,21.0000,0.9859,4.436
8619,45.000,0.006,0.006,7.652,7.652,5.881,0.005,0.005,1.404,1.404,9.067,1.20,24.24,22.2426,0.9067,4.080
8620,30.000,0.006,0.006,5.202,5.202,5.766,0.001,0.001,0.939,0.939,6.149,1.20,25.20,23.1962,0.6149,2.767
8621,20.000,0.006,0.006,3.512,3.512,5.695,0.001,0.001,0.627,0.627,4.146,1.21,25.80,23.7956,0.4146,1.866
8622,25.000,0.006,0.006,4.409,4.409,5.670,0.001,0.001,0.784,0.784,5.200,1.21,26.00,24.0000,0.5200,2.340
8623,35.000,0.006,0.006,6.146,6.146,5.695,0.002,0.002,1.097,1.097,7.252,1.21,25.80,23.7956,0.7252,3.263
8624,50.000,0.006,0.006,8.671,8.671,5.766,0.006,0.006,1.565,1.565,10.248,1.20,25.20,23.1962,1.0248,4.611
8625,45.000,0.006,0.006,7.652,7.652,5.881,0.005,0.005,1.404,1.404,9.067,1.20,24.24,22.2426,0.9067,4.080
8626,30.000,0.006,0.006,4.975,4.975,6.030,0.001,0.001,0.933,0.933,5.915,1.20,23.00,21.0000,0.5915,2.662
8627,20.000,0.006,0.006,3.224,3.224,6.204,0.001,0.001,0.619,0.619,3.850,1.19,21.55,19.5529,0.3850,1.732
8628,25.000,0.006,0.006,3.912,3.912,6.390,0.001,0.001,0.771,0.771,4.690,1.19,20.00,18.0000,0.4690,2.111
8629,35.000,0.006,0.006,5.322,5.322,6.576,0.002,0.002,1.075,1.075,6.406,1.18,18.45,16.4471,0.6406,2.882
8630,50.000,0.006,0.006,7.407,7.407,6.750,0.006,0.006,1.531,1.531,8.951,1.18,17.00,15.0000,0.8951,4.028
8631,45.000,0.006,0.006,6.523,6.523,6.899,0.005,0.005,1.374,1.374,7.907,1.18,15.76,13.7574,0.7907,3.558
8632,30.000,0.006,0.006,4.277,4.277,7.014,0.001,0.001,0.914,0.914,5.199,1.17,14.80,12.8038,0.5199,2.339
8633,20.000,0.006,0.006,2.823,2.823,7.085,0.001,0.001,0.609,0.609,3.438,1.17,14.20,12.2044,0.3438,1.547
8634,25.000,0.006,0.006,3.516,3.516,7.110,0.001,0.001,0.760,0.760,4.283,1.17,14.00,12.0000,0.4283,1.928
8635,35.000,0.006,0.006,4.940,4.940,7.085,0.002,0.002,1.065,1.065,6.013,1.17,14.20,12.2044,0.6013,2.706
8636,50.000,0.006,0.006,7.129,7.129,7.014,0.006,0.006,1.523,1.523,8.665,1.17,14.80,12.8038,0.8665,3.899
8637,45.000,0.006,0.006,6.523,6.523,6.899,0.005,0.005,1.374,1.374,7.907,1.18,15.76,13.7574,0.7907,3.558
8638,30.000,0.006,0.006,4.444,4.444,6.750,0.001,0.001,0.919,0.919,5.370,1.18,17.00,15.0000,0.5370,2.417
8639,20.000,0.006,0.006,3.041,3.041,6.576,0.001,0.001,0.614,0.614,3.662,1.18,18.45,16.4471,0.3662,1.648
8640,25.000,0.006,0.006,3.912,3.912,6.390,0.001,0.001,0.771,0.771,4.690,1.19,20.00,18.0000,0.4690,2.111
8641,35.000,0.006,0.006,5.642,5.642,6.204,0.002,0.002,1.084,1.084,6.734,1.19,21.55,19.5529,0.6734,3.030
8642,50.000,0.006,0.006,8.292,8.292,6.030,0.006,0.006,1.554,1.554,9.859,1.20,23.00,21.0000,0.9859,4.436
8643,45.000,0.006,0.006,7.652,7.652,5.881,0.005,0.005,1.404,1.404,9.067,1.20,24.24,22.2426,0.9067,4.080
8644,30.000,0.006,0.006,5.202,5.202,5.766,0.001,0.001,0.939,0.939,6.149,1.20,25.20,23.1962,0.6149,2.767
8645,20.000,0.006,0.006,3.512,3.512,5.695,0.001,0.001,0.627,0.627,4.146,1.21,25.80,23.7956,0.4146,1.866
8646,25.000,0.006,0.006,4.409,4.409,5.670,0.001,0.001,0.784,0.784,5.200,1.21,26.00,24.0000,0.5200,2.340
8647,35.000,0.006,0.006,6.146,6.146,5.695,0.002,0.002,1.097,1.097,7.252,1.21,25.80,23.7956,0.7252,3.263
8648,50.000,0.006,0.006,8.671,8.671,5.766,0.006,0.006,1.565,1.565,10.248,1.20,25.20,23.1962,1.0248,4.611
8649,45.000,0.006,0.006,7.652,7.652,5.881,0.005,0.005,1.404,1.404,9.067,1.20,24.24,22.2426,0.9067,4.080
8650,30.000,0.006,0.006,4.975,4.975,6.030,0.001,0.001,0.933,0.933,5.915,1.20,23.00,21.0000,0.5915,2.662
8651,20.000,0.006,0.006,3.224,3.224,6.204,0.001,0.001,0.619,0.619,3.850,1.19,21.55,19.5529,0.3850,1.732
8652,25.000,0.006,0.006,3.912,3.912,6.390,0.001,0.001,0.771,0.771,4.690,1.19,20.00,18.0000,0.4690,2.111
8653,35.000,0.006,0.006,5.322,5.322,6.576,0.002,0.002,1.075,1.075,6.406,1.18,18.45,16.4471,0.6406,2.882
8654,50.000,0.006,0.006,7.407,7.407,6.750,0.006,0.006,1.531,1.531,8.951,1.18,17.00,15.0000,0.8951,4.028
8655,45.000,0.006,0.006,6.523,6.523,6.899,0.005,0.005,1.374,1.374,7.907,1.18,15.76,13.7574,0.7907,3.558
8656,30.000,0.006,0.006,4.277,4.277,7.014,0.001,0.001,0.914,0.914,5.199,1.17,14.80,12.8038,0.5199,2.339
8657,20.000,0.006,0.006,2.823,2.823,7.085,0.001,0.001,0.609,0.609,3.438,1.17,14.20,12.2044,0.3438,1.547
8658,25.000,0.006,0.006,3.516,3.516,7.110,0.001,0.001,0.760,0.760,4.283,1.17,14.00,12.0000,0.4283,1.928
8659,35.000,0.006,0.006,4.940,4.940,7.085,0.002,0.002,1.065,1.065,6.013,1.17,14.20,12.2044,0.6013,2.706
8660,50.000,0.006,0.006,7.129,7.129,7.014,0.006,0.006,1.523,1.523,8.665,1.17,14.80,12.8038,0.8665,3.899
8661,45.000,0.006,0.006,6.523,6.523,6.899,0.005,0.005,1.374,1.374,7.907,1.18,15.76,13.7574,0.7907,3.558
8662,30.000,0.006,0.006,4.444,4.444,6.750,0.001,0.001,0.919,0.919,5.370,1.18,17.00,15.0000,0.5370,2.417
8663,20.000,0.006,0.006,3.041,3.041,6.576,0.001,0.001,0.614,0.614,3.662,1.18,18.45,16.4471,0.3662,1.648
8664,25.000,0.006,0.006,3.912,3.912,6.390,0.001,0.001,0.771,0.771,4.690,1.19,20.00,18.0000,0.4690,2.111
8665,35.000,0.006,0.006,5.642,5.642,6.204,0.002,0.002,1.084,1.084,6.734,1.19,21.55,19.5529,0.6734,3.030
8666,50.000,0.006,0.006,8.292,8.292,6.030,0.006,0.006,1.554,1.554,9.859,1.20,23.00,21.0000,0.9859,4.436
8667,45.000,0.006,0.006,7.652,7.652,5.881,0.005,0.005,1.404,1.404,9.067,1.20,24.24,22.2426,0.9067,4.080
8668,30.000,0.006,0.006,5.202,5.202,5.766,0.001,0.001,0.939,0.939,6.149,1.20,25.20,23.1962,0.6149,2.767
8669,20.000,0.006,0.006,3.512,3.512,5.695,0.001,0.001,0.627,0.627,4.146,1.21,25.80,23.7956,0.4146,1.866
8670,25.000,0.006,0.006,4.409,4.409,5.670,0.001,0.001,0.784,0.784,5.200,1.21,26.00,24.0000,0.5200,2.340
8671,35.000,0.006,0.006,6.146,6.146,5.695,0.002,0.002,1.097,1.097,7.252,1.21,25.80,23.7956,0.7252,3.263
8672,50.000,0.006,0.006,8.671,8.671,5.766,0.006,0.006,1.565,1.565,10.248,1.20,25.20,23.1962,1.0248,4.611
8673,45.000,0.006,0.006,7.652,7.652,5.881,0.005,0.005,1.404,1.404,9.067,1.20,24.24,22.2426,0.9067,4.080
8674,30.000,0.006,0.006,4.975,4.975,6.030,0.001,0.001,0.933,0.933,5.915,1.20,23.00,21.0000,0.5915,2.662
8675,20.000,0.006,0.006,3.224,3.224,6.204,0.001,0.001,0.619,0.619,3.850,1.19,21.55,19.5529,0.3850,1.732
8676,25.000,0.006,0.006,3.912,3.912,6.390,0.001,0.001,0.771,0.771,4.690,1.19,20.00,18.0000,0.4690,2.111
8677,35.000,0.006,0.006,5.322,5.322,6.576,0.002,0.002,1.075,1.075,6.406,1.18,18.45,16.4471,0.6406,2.882
8678,50.000,0.006,0.006,7.407,7.407,6.750,0.006,0.006,1.531,1.531,8.951,1.18,17.00,15.0000,0.8951,4.028
8679,45.000,0.006,0.006,6.523,6.523,6.899,0.005,0.005,1.374,1.374,7.907,1.18,15.76,13.7574,0.7907,3.558
8680,30.000,0.006,0.006,4.277,4.277,7.014,0.001,0.001,0.914,0.914,5.199,1.17,14.80,12.8038,0.5199,2.339
8681,20.000,0.006,0.006,2.823,2.823,7.085,0.001,0.001,0.609,0.609,3.438,1.17,14.20,12.2044,0.3438,1.547
8682,25.000,0.006,0.006,3.516,3.516,7.110,0.001,0.001,0.760,0.760,4.283,1.17,14.00,12.0000,0.4283,1.928
8683,35.000,0.006,0.006,4.940,4.940,7.085,0.002,0.002,1.065,1.065,6.013,1.17,14.20,12.2044,0.6013,2.706
8684,50.000,0.006,0.006,7.129,7.129,7.014,0.006,0.006,1.523,1.523,8.665,1.17,14.80,12.8038,0.8665,3.899
8685,45.000,0.006,0.006,6.523,6.523,6.899,0.005,0.005,1.374,1.374,7.907,1.18,15.76,13.7574,0.7907,3.558
8686,30.000,0.006,0.006,4.444,4.444,6.750,0.001,0.001,0.919,0.919,5.370,1.18,17.00,15.0000,0.5370,2.417
8687,20.000,0.006,0.006,3.041,3.041,6.576,0.001,0.001,0.614,0.614,3.662,1.18,18.45,16.4471,0.3662,1.648
8688,25.000,0.006,0.006,3.912,3.912,6.390,0.001,0.001,0.771,0.771,4.690,1.19,20.00,18.0000,0.4690,2.111
8689,35.000,0.006,0.006,5.642,5.642,6.204,0.002,0.002,1.084,1.084,6.734,1.19,21.55,19.5529,0.6734,3.030
8690,50.000,0.006,0.006,8.292,8.292,6.030,0.006,0.006,1.554,1.554,9.859,1.20,23.00,21.0000,0.9859,4.436
8691,45.000,0.006,0.006,7.652,7.652,5.881,0.005,0.005,1.404,1.404,9.067,1.20,24.24,22.2426,0.9067,4.080
8692,30.000,0.006,0.006,5.202,5.202,5.766,0.001,0.001,0.939,0.939,6.149,1.20,25.20,23.1962,0.6149,2.767
8693,20.000,0.006,0.006,3.512,3.512,5.695,0.001,0.001,0.627,0.627,4.146,1.21,25.80,23.7956,0.4146,1.866
8694,25.000,0.006,0.006,4.409,4.409,5.670,0.001,0.001,0.784,0.784,5.200,1.21,26.00,24.0000,0.5200,2.340
8695,35.000,0.006,0.006,6.146,6.146,5.695,0.002,0.002,1.097,1.097,7.252,1.21,25.80,23.7956,0.7252,3.263
8696,50.000,0.006,0.006,8.671,8.671,5.766,0.006,0.006,1.565,1.565,10.248,1.20,25.20,23.1962,1.0248,4.611
8697,45.000,0.006,0.006,7.652,7.652,5.881,0.005,0.005,1.404,1.404,9.067,1.20,24.24,22.2426,0.9067,4.080
8698,30.000,0.006,0.006,4.975,4.975,6.030,0.001,0.001,0.933,0.933,5.915,1.20,23.00,21.0000,0.5915,2.662
8699,20.000,0.006,0.006,3.224,3.224,6.204,0.001,0.001,0.619,0.619,3.850,1.19,21.55,19.5529,0.3850,1.732
8700,25.000,0.006,0.006,3.912,3.912,6.390,0.001,0.001,0.771,0.771,4.690,1.19,20.00,18.0000,0.4690,2.111
8701,35.000,0.006,0.006,5.322,5.322,6.576,0.002,0.002,1.075,1.075,6.406,1.18,18.45,16.4471,0.6406,2.882
8702,50.000,0.006,0.006,7.407,7.407,6.750,0.006,0.006,1.531,1.531,8.951,1.18,17.00,15.0000,0.8951,4.028
8703,45.000,0.006,0.006,6.523,6.523,6.899,0.005,0.005,1.374,1.374,7.907,1.18,15.76,13.7574,0.7907,3.558
8704,30.000,0.006,0.006,4.277,4.277,7.014,0.001,0.001,0.914,0.914,5.199,1.17,14.80,12.8038,0.5199,2.339
8705,20.000,0.006,0.006,2.823,2.823,7.085,0.001,0.001,0.609,0.609,3.438,1.17,14.20,12.2044,0.3438,1.547
8706,25.000,0.006,0.006,3.516,3.516,7.110,0.001,0.001,0.760,0.760,4.283,1.17,14.00,12.0000,0.4283,1.928
8707,35.000,0.006,0.006,4.940,4.940,7.085,0.002,0.002,1.065,1.065,6.013,1.17,14.20,12.2044,0.6013,2.706
8708,50.000,0.006,0.006,7.129,7.129,7.014,0.006,0.006,1.523,1.523,8.665,1.17,14.80,12.8038,0.8665,3.899
8709,45.000,0.006,0.006,6.523,6.523,6.899,0.005,0.005,1.374,1.374,7.907,1.18,15.76,13.7574,0.7907,3.558
8710,30.000,0.006,0.006,4.444,4.444,6.750,0.001,0.001,0.919,0.919,5.370,1.18,17.00,15.0000,0.5370,2.417
8711,20.000,0.006,0.006,3.041,3.041,6.576,0.001,0.001,0.614,0.614,3.662,1.18,18.45,16.4471,0.3662,1.648
8712,25.000,0.006,0.006,3.912,3.912,6.390,0.001,0.001,0.771,0.771,4.690,1.19,20.00,18.0000,0.4690,2.111
8713,35.000,0.006,0.006,5.642,5.642,6.204,0.002,0.002,1.084,1.084,6.734,1.19,21.55,19.5529,0.6734,3.030
8714,50.000,0.006,0.006,8.292,8.292,6.030,0.006,0.006,1.554,1.554,9.859,1.20,23.00,21.0000,0.9859,4.436
8715,45.000,0.006,0.006,7.652,7.652,5.881,0.005,0.005,1.404,1.404,9.067,1.20,24.24,22.2426,0.9067,4.080
8716,30.000,0.006,0.006,5.202,5.202,5.766,0.001,0.001,0.939,0.939,6.149,1.20,25.20,23.1962,0.6149,2.767
8717,20.000,0.006,0.006,3.512,3.512,5.695,0.001,0.001,0.627,0.627,4.146,1.21,25.80,23.7956,0.4146,1.866
8718,25.000,0.006,0.006,4.409,4.409,5.670,0.001,0.001,0.784,0.784,5.200,1.21,26.00,24.0000,0.5200,2.340
8719,35.000,0.006,0.006,6.146,6.146,5.695,0.002,0.002,1.097,1.097,7.252,1.21,25.80,23.7956,0.7252,3.263
8720,50.000,0.006,0.006,8.671,8.671,5.766,0.006,0.006,1.565,1.565,10.248,1.20,25.20,23.1962,1.0248,4.611
8721,45.000,0.006,0.006,7.652,7.652,5.881,0.005,0.005,1.404,1.404,9.067,1.20,24.24,22.2426,0.9067,4.080
8722,30.000,0.006,0.006,4.975,4.975,6.030,0.001,0.001,0.933,0.933,5.915,1.20,23.00,21.0000,0.5915,2.662
8723,20.000,0.006,0.006,3.224,3.224,6.204,0.001,0.001,0.619,0.619,3.850,1.19,21.55,19.5529,0.3850,1.732
8724,25.000,0.006,0.006,3.912,3.912,6.390,0.001,0.001,0.771,0.771,4.690,1.19,20.00,18.0000,0.4690,2.111
8725,35.000,0.006,0.006,5.322,5.322,6.576,0.002,0.002,1.075,1.075,6.406,1.18,18.45,16.4471,0.6406,2.882
8726,50.000,0.006,0.006,7.407,7.407,6.750,0.006,0.006,1.531,1.531,8.951,1.18,17.00,15.0000,0.8951,4.028
8727,45.000,0.006,0.006,6.523,6.523,6.899,0.005,0.005,1.374,1.374,7.907,1.18,15.76,13.7574,0.7907,3.558
8728,30.000,0.006,0.006,4.277,4.277,7.014,0.001,0.001,0.914,0.914,5.199,1.17,14.80,12.8038,0.5199,2.339
8729,20.000,0.006,0.006,2.823,2.823,7.085,0.001,0.001,0.609,0.609,3.438,1.17,14.20,12.2044,0.3438,1.547
8730,25.000,0.006,0.006,3.516,3.516,7.110,0.001,0.001,0.760,0.760,4.283,1.17,14.00,12.0000,0.4283,1.928
8731,35.000,0.006,0.006,4.940,4.940,7.085,0.002,0.002,1.065,1.065,6.013,1.17,14.20,12.2044,0.6013,2.706
8732,50.000,0.006,0.006,7.129,7.129,7.014,0.006,0.006,1.523,1.523,8.665,1.17,14.80,12.8038,0.8665,3.899
8733,45.000,0.006,0.006,6.523,6.523,6.899,0.005,0.005,1.374,1.374,7.907,1.18,15.76,13.7574,0.7907,3.558
8734,30.000,0.006,0.006,4.444,4.444,6.750,0.001,0.001,0.919,0.919,5.370,1.18,17.00,15.0000,0.5370,2.417
8735,20.000,0.006,0.006,3.041,3.041,6.576,0.001,0.001,0.614,0.614,3.662,1.18,18.45,16.4471,0.3662,1.648
8736,25.000,0.006,0.006,3.912,3.912,6.390,0.001,0.001,0.771,0.771,4.690,1.19,20.00,18.0000,0.4690,2.111
8737,35.000,0.006,0.006,5.642,5.642,6.204,0.002,0.002,1.084,1.084,6.734,1.19,21.55,19.5529,0.6734,3.030
8738,50.000,0.006,0.006,8.292,8.292,6.030,0.006,0.006,1.554,1.554,9.859,1.20,23.00,21.0000,0.9859,4.436
8739,45.000,0.006,0.006,7.652,7.652,5.881,0.005,0.005,1.404,1.404,9.067,1.20,24.24,22.2426,0.9067,4.080
8740,30.000,0.006,0.006,5.202,5.202,5.766,0.001,0.001,0.939,0.939,6.149,1.20,25.20,23.1962,0.6149,2.767
8741,20.000,0.006,0.006,3.512,3.512,5.695,0.001,0.001,0.627,0.627,4.146,1.21,25.80,23.7956,0.4146,1.866
8742,25.000,0.006,0.006,4.409,4.409,5.670,0.001,0.001,0.784,0.784,5.200,1.21,26.00,24.0000,0.5200,2.340
8743,35.000,0.006,0.006,6.146,6.146,5.695,0.002,0.002,1.097,1.097,7.252,1.21,25.80,23.7956,0.7252,3.263
8744,50.000,0.006,0.006,8.671,8.671,5.766,0.006,0.006,1.565,1.565,10.248,1.20,25.20,23.1962,1.0248,4.611
8745,45.000,0.006,0.006,7.652,7.652,5.881,0.005,0.005,1.404,1.404,9.067,1.20,24.24,22.2426,0.9067,4.080
8746,30.000,0.006,0.006,4.975,4.975,6.030,0.001,0.001,0.933,0.933,5.915,1.20,23.00,21.0000,0.5915,2.662
8747,20.000,0.006,0.006,3.224,3.224,6.204,0.001,0.001,0.619,0.619,3.850,1.19,21.55,19.5529,0.3850,1.732
8748,25.000,0.006,0.006,3.912,3.912,6.390,0.001,0.001,0.771,0.771,4.690,1.19,20.00,18.0000,0.4690,2.111
8749,35.000,0.006,0.006,5.322,5.322,6.576,0.002,0.002,1.075,1.075,6.406,1.18,18.45,16.4471,0.6406,2.882
8750,50.000,0.006,0.006,7.407,7.407,6.750,0.006,0.006,1.531,1.531,8.951,1.18,17.00,15.0000,0.8951,4.028
8751,45.000,0.006,0.006,6.523,6.523,6.899,0.005,0.005,1.374,1.374,7.907,1.18,15.76,13.7574,0.7907,3.558
8752,30.000,0.006,0.006,4.277,4.277,7.014,0.001,0.001,0.914,0.914,5.199,1.17,14.80,12.8038,0.5199,2.339
8753,20.000,0.006,0.006,2.823,2.823,7.085,0.001,0.001,0.609,0.609,3.438,1.17,14.20,12.2044,0.3438,1.547
8754,25.000,0.006,0.006,3.516,3.516,7.110,0.001,0.001,0.760,0.760,4.283,1.17,14.00,12.0000,0.4283,1.928
8755,35.000,0.006,0.006,4.940,4.940,7.085,0.002,0.002,1.065,1.065,6.013,1.17,14.20,12.2044,0.6013,2.706
8756,50.000,0.006,0.006,7.129,7.129,7.014,0.006,0.006,1.523,1.523,8.665,1.17,14.80,12.8038,0.8665,3.899
8757,45.000,0.006,0.006,6.523,6.523,6.899,0.005,0.005,1.374,1.374,7.907,1.18,15.76,13.7574,0.7907,3.558
8758,30.000,0.006,0.006,4.444,4.444,6.750,0.001,0.001,0.919,0.919,5.370,1.18,17.00,15.0000,0.5370,2.417
8759,20.000,0.006,0.006,3.041,3.041,6.576,0.001,0.001,0.614,0.614,3.662,1.18,18.45,16.4471,0.3662,1.648
