hour,it_kW,chiller_kW,pump_kW,tower_kW,total_cooling_kW,chiller_COP,rack_inlet_C,ambient_C,wetbulb_C,dewpoint_C,cost_USD,carbon_kg,pue,thermal_compliant
1,7.880,3.940,0.003,0.005,3.948,2.000,10.20,4.00,1.00,-3.00,1.5984,8.5628,2.415,NO
2,7.496,3.749,0.003,0.005,3.757,2.000,10.20,4.20,1.20,-2.80,1.5500,8.3038,2.462,NO
3,8.066,4.034,0.003,0.005,4.042,2.000,10.20,4.80,1.80,-2.20,1.6218,8.6884,2.394,NO
4,7.958,3.980,0.003,0.005,3.988,2.000,10.20,5.76,2.76,-1.24,1.6082,8.6154,2.406,NO
5,8.636,4.319,0.003,0.005,4.327,1.999,10.20,7.00,4.00,0.00,1.6937,9.0732,2.335,NO
6,8.428,4.216,0.003,0.005,4.224,1.999,10.20,8.45,5.45,1.45,1.6676,8.9334,2.355,NO
7,9.142,4.573,0.003,0.005,4.581,1.999,10.20,10.00,7.00,3.00,2.5108,9.4156,2.289,NO
8,9.149,4.577,0.003,0.005,4.585,1.999,10.20,11.55,8.55,4.55,2.5120,9.4201,2.288,NO
9,9.396,4.701,0.003,0.005,4.709,1.999,10.20,13.00,10.00,6.00,2.5566,9.5871,2.267,NO
10,10.207,5.107,0.003,0.005,5.116,1.999,10.20,14.24,11.24,7.24,2.7027,10.1353,2.207,NO
11,10.103,5.056,0.003,0.005,5.064,1.998,10.20,15.20,12.20,8.20,2.6841,10.0652,2.214,NO
12,10.600,5.305,0.004,0.006,5.314,1.998,10.21,15.80,12.80,8.80,2.7737,10.4015,2.181,NO
13,10.289,5.149,0.003,0.005,5.158,1.998,10.21,16.00,13.00,9.00,4.0765,10.1912,2.201,NO
14,10.488,5.250,0.003,0.006,5.259,1.998,10.21,15.80,12.80,8.80,4.1305,10.3261,2.188,NO
15,10.250,5.131,0.003,0.005,5.139,1.998,10.20,15.20,12.20,8.20,4.0661,10.1652,2.204,NO
16,10.071,5.042,0.003,0.005,5.050,1.998,10.20,14.24,11.24,7.24,4.0178,10.0446,2.216,NO
17,9.786,4.899,0.003,0.005,4.907,1.997,10.20,13.00,10.00,6.00,3.9407,9.8517,2.237,NO
18,9.254,4.634,0.003,0.005,4.642,1.997,10.20,11.55,8.55,4.55,3.7973,9.4932,2.280,NO
19,9.139,4.576,0.003,0.005,4.584,1.997,10.20,10.00,7.00,3.00,2.5108,9.4156,2.289,NO
20,8.793,4.403,0.003,0.005,4.411,1.997,10.20,8.45,5.45,1.45,2.4485,9.1818,2.321,NO
21,8.146,4.080,0.003,0.005,4.088,1.997,10.20,7.00,4.00,-0.00,2.3320,8.7451,2.386,NO
22,8.060,4.037,0.003,0.005,4.045,1.997,10.20,5.76,2.76,-1.24,2.3165,8.6869,2.395,NO
23,7.914,3.964,0.003,0.005,3.972,1.996,10.20,4.80,1.80,-2.20,1.6032,8.5886,2.412,NO
24,7.700,3.857,0.003,0.005,3.865,1.996,10.20,4.20,1.20,-2.80,1.5763,8.4443,2.437,NO
25,7.799,3.907,0.003,0.005,3.915,1.996,10.20,4.00,1.00,-3.00,1.5888,8.5116,2.425,NO
26,7.481,3.748,0.003,0.005,3.756,1.996,10.20,4.21,1.21,-2.79,1.5487,8.2967,2.464,NO
27,7.719,3.867,0.003,0.005,3.875,1.996,10.20,4.81,1.81,-2.19,1.5787,8.4574,2.435,NO
28,8.321,4.169,0.003,0.005,4.177,1.996,10.20,5.76,2.76,-1.24,1.6547,8.8643,2.367,NO
29,8.015,4.016,0.003,0.005,4.024,1.996,10.20,7.00,4.00,0.00,1.6161,8.6577,2.400,NO
30,8.415,4.217,0.003,0.005,4.225,1.995,10.20,8.45,5.45,1.45,1.6666,8.9280,2.358,NO
31,8.944,4.483,0.003,0.005,4.491,1.995,10.20,10.00,7.00,3.00,2.4762,9.2859,2.307,NO
32,9.298,4.661,0.003,0.005,4.669,1.995,10.20,11.55,8.55,4.55,2.5401,9.5253,2.276,NO
33,9.878,4.952,0.003,0.005,4.960,1.995,10.20,13.00,10.00,6.00,2.6445,9.9170,2.231,NO
34,10.265,5.146,0.003,0.005,5.155,1.995,10.21,14.24,11.24,7.24,2.7143,10.1786,2.204,NO
35,10.216,5.122,0.003,0.005,5.131,1.995,10.20,15.20,12.20,8.20,2.7056,10.1461,2.207,NO
36,10.486,5.258,0.003,0.006,5.267,1.994,10.21,15.80,12.80,8.80,2.7544,10.3290,2.189,NO
37,10.147,5.088,0.003,0.005,5.096,1.994,10.20,16.00,13.00,9.00,4.0397,10.0993,2.212,NO
38,10.553,5.292,0.004,0.006,5.301,1.994,10.21,15.80,12.80,8.80,4.1497,10.3743,2.185,NO
39,10.259,5.145,0.003,0.005,5.154,1.994,10.21,15.20,12.20,8.20,4.0703,10.1758,2.204,NO
40,9.652,4.841,0.003,0.005,4.849,1.994,10.20,14.24,11.24,7.24,3.9061,9.7654,2.248,NO
41,9.545,4.788,0.003,0.005,4.796,1.994,10.20,13.00,10.00,6.00,3.8774,9.6934,2.257,NO
42,9.630,4.831,0.003,0.005,4.839,1.993,10.20,11.55,8.55,4.55,3.9003,9.7507,2.250,NO
43,8.834,4.432,0.003,0.005,4.440,1.993,10.20,10.00,7.00,3.00,2.4569,9.2135,2.318,NO
44,8.545,4.287,0.003,0.005,4.295,1.993,10.20,8.45,5.45,1.45,2.4048,9.0179,2.345,NO
45,8.023,4.026,0.003,0.005,4.034,1.993,10.20,7.00,4.00,0.00,2.3108,8.6655,2.400,NO
46,8.300,4.165,0.003,0.005,4.173,1.993,10.20,5.76,2.76,-1.24,2.3608,8.8530,2.370,NO
47,8.020,4.025,0.003,0.005,4.033,1.993,10.20,4.81,1.81,-2.19,1.6172,8.6637,2.401,NO
48,7.864,3.947,0.003,0.005,3.955,1.993,10.20,4.21,1.21,-2.79,1.5976,8.5585,2.418,NO
49,7.521,3.775,0.003,0.005,3.783,1.992,10.20,4.01,1.01,-2.99,1.5543,8.3265,2.460,NO
50,7.585,3.808,0.003,0.005,3.816,1.992,10.20,4.21,1.21,-2.79,1.5625,8.3704,2.452,NO
51,7.522,3.776,0.003,0.005,3.784,1.992,10.20,4.81,1.81,-2.19,1.5545,8.3276,2.460,NO
52,7.988,4.010,0.003,0.005,4.018,1.992,10.20,5.76,2.76,-1.24,1.6133,8.6429,2.404,NO
53,8.105,4.069,0.003,0.005,4.078,1.992,10.20,7.01,4.01,0.01,1.6282,8.7222,2.391,NO
54,8.314,4.175,0.003,0.005,4.183,1.992,10.20,8.45,5.45,1.45,1.6546,8.8638,2.369,NO
55,8.959,4.499,0.003,0.005,4.507,1.991,10.20,10.01,7.01,3.01,2.4798,9.2994,2.307,NO
56,9.060,4.550,0.003,0.005,4.558,1.991,10.20,11.56,8.56,4.56,2.4982,9.3683,2.298,NO
57,9.768,4.906,0.003,0.005,4.914,1.991,10.20,13.01,10.01,6.01,2.6258,9.8467,2.240,NO
58,9.779,4.912,0.003,0.005,4.920,1.991,10.20,14.25,11.25,7.25,2.6279,9.8546,2.239,NO
59,10.393,5.221,0.003,0.006,5.230,1.991,10.21,15.20,12.20,8.20,2.7388,10.2705,2.196,NO
60,10.464,5.257,0.003,0.006,5.266,1.991,10.21,15.80,12.80,8.80,2.7515,10.3183,2.191,NO
61,10.503,5.276,0.003,0.006,5.286,1.990,10.21,16.01,13.01,9.01,4.1379,10.3448,2.189,NO
62,10.279,5.164,0.003,0.005,5.173,1.990,10.21,15.80,12.80,8.80,4.0773,10.1933,2.204,NO
63,10.356,5.204,0.003,0.006,5.213,1.990,10.21,15.20,12.20,8.20,4.0983,10.2457,2.199,NO
64,10.233,5.142,0.003,0.005,5.151,1.990,10.20,14.25,11.25,7.25,4.0650,10.1626,2.207,NO
65,9.449,4.749,0.003,0.005,4.757,1.990,10.20,13.01,10.01,6.01,3.8530,9.6324,2.265,NO
66,9.006,4.526,0.003,0.005,4.535,1.990,10.20,11.56,8.56,4.56,3.7333,9.3333,2.303,NO
67,8.813,4.430,0.003,0.005,4.438,1.989,10.20,10.01,7.01,3.01,2.4542,9.2031,2.321,NO
68,8.835,4.441,0.003,0.005,4.449,1.989,10.20,8.45,5.45,1.45,2.4581,9.2178,2.319,NO
69,8.568,4.307,0.003,0.005,4.315,1.989,10.20,7.01,4.01,0.01,2.4100,9.0377,2.344,NO
70,8.303,4.174,0.003,0.005,4.182,1.989,10.20,5.76,2.76,-1.24,2.3623,8.8585,2.371,NO
71,8.073,4.059,0.003,0.005,4.067,1.989,10.20,4.81,1.81,-2.19,1.6246,8.7030,2.396,NO
72,7.965,4.005,0.003,0.005,4.013,1.989,10.20,4.21,1.21,-2.79,1.6110,8.6301,2.408,NO
73,7.548,3.796,0.003,0.005,3.804,1.989,10.20,4.01,1.01,-2.99,1.5584,8.3485,2.458,NO
74,7.534,3.789,0.003,0.005,3.797,1.988,10.20,4.22,1.22,-2.78,1.5567,8.3392,2.460,NO
75,8.138,4.093,0.003,0.005,4.101,1.988,10.20,4.82,1.82,-2.18,1.6329,8.7474,2.389,NO
76,7.801,3.924,0.003,0.005,3.932,1.988,10.20,5.77,2.77,-1.23,1.5903,8.5197,2.427,NO
77,8.320,4.185,0.003,0.005,4.194,1.988,10.20,7.01,4.01,0.01,1.6560,8.8712,2.369,NO
78,8.396,4.224,0.003,0.005,4.232,1.988,10.20,8.46,5.46,1.46,1.6656,8.9228,2.362,NO
79,8.759,4.407,0.003,0.005,4.415,1.988,10.20,10.01,7.01,3.01,2.4449,9.1684,2.326,NO
80,9.010,4.533,0.003,0.005,4.541,1.987,10.20,11.57,8.57,4.57,2.4901,9.3380,2.303,NO
81,9.878,4.971,0.003,0.005,4.979,1.987,10.20,13.01,10.01,6.01,2.6468,9.9256,2.233,NO
82,9.839,4.951,0.003,0.005,4.959,1.987,10.20,14.26,11.26,7.26,2.6397,9.8990,2.236,NO
83,9.869,4.967,0.003,0.005,4.975,1.987,10.20,15.21,12.21,8.21,2.6453,9.9200,2.234,NO
84,10.368,5.218,0.003,0.006,5.227,1.987,10.21,15.81,12.81,8.81,2.7354,10.2579,2.199,NO
85,10.142,5.105,0.003,0.005,5.114,1.987,10.20,16.01,13.01,9.01,4.0421,10.1052,2.214,NO
86,10.473,5.272,0.003,0.006,5.281,1.986,10.21,15.81,12.81,8.81,4.1318,10.3296,2.192,NO
87,9.866,4.967,0.003,0.005,4.975,1.986,10.20,15.21,12.21,8.21,3.9673,9.9183,2.234,NO
88,10.157,5.114,0.003,0.005,5.122,1.986,10.20,14.26,11.26,7.26,4.0463,10.1158,2.213,NO
89,9.601,4.834,0.003,0.005,4.842,1.986,10.20,13.01,10.01,6.01,3.8958,9.7394,2.254,NO
90,9.110,4.587,0.003,0.005,4.595,1.986,10.20,11.57,8.57,4.57,3.7629,9.4072,2.295,NO
91,9.197,4.632,0.003,0.005,4.640,1.986,10.20,10.01,7.01,3.01,2.5244,9.4664,2.287,NO
92,8.852,4.458,0.003,0.005,4.466,1.986,10.20,8.46,5.46,1.46,2.4623,9.2335,2.318,NO
93,8.608,4.336,0.003,0.005,4.344,1.985,10.20,7.01,4.01,0.01,2.4182,9.0683,2.341,NO
94,7.742,3.900,0.003,0.005,3.908,1.985,10.20,5.77,2.77,-1.23,2.2620,8.4824,2.435,NO
95,8.033,4.046,0.003,0.005,4.055,1.985,10.20,4.82,1.82,-2.18,1.6201,8.6792,2.401,NO
96,7.608,3.833,0.003,0.005,3.841,1.985,10.20,4.22,1.22,-2.78,1.5665,8.3918,2.451,NO
97,7.867,3.964,0.003,0.005,3.972,1.985,10.20,4.02,1.02,-2.98,1.5993,8.5675,2.420,NO
98,7.675,3.867,0.003,0.005,3.876,1.985,10.20,4.23,1.23,-2.77,1.5751,8.4379,2.443,NO
99,8.122,4.093,0.003,0.005,4.101,1.984,10.20,4.83,1.83,-2.17,1.6315,8.7401,2.391,NO
100,7.983,4.023,0.003,0.005,4.031,1.984,10.20,5.78,2.78,-1.22,1.6140,8.6467,2.407,NO
101,8.496,4.282,0.003,0.005,4.290,1.984,10.20,7.02,4.02,0.02,1.6788,8.9936,2.352,NO
102,8.833,4.452,0.003,0.005,4.460,1.984,10.20,8.47,5.47,1.47,1.7214,9.2218,2.320,NO
103,9.141,4.608,0.003,0.005,4.616,1.984,10.20,10.02,7.02,3.02,2.5147,9.4303,2.293,NO
104,9.329,4.703,0.003,0.005,4.711,1.984,10.20,11.58,8.58,4.58,2.5488,9.5580,2.277,NO
105,9.447,4.763,0.003,0.005,4.771,1.983,10.20,13.02,10.02,6.02,2.5702,9.6381,2.267,NO
106,10.087,5.086,0.003,0.005,5.094,1.983,10.20,14.27,11.27,7.27,2.6858,10.0716,2.219,NO
107,10.372,5.230,0.003,0.006,5.239,1.983,10.21,15.22,12.22,8.22,2.7373,10.2648,2.199,NO
108,10.246,5.167,0.003,0.005,5.176,1.983,10.20,15.82,12.82,8.82,2.7147,10.1800,2.208,NO
109,10.605,5.348,0.004,0.006,5.358,1.983,10.21,16.02,13.02,9.02,4.1693,10.4232,2.184,NO
110,10.316,5.203,0.003,0.006,5.212,1.983,10.21,15.82,12.82,8.82,4.0910,10.2275,2.203,NO
111,10.153,5.121,0.003,0.005,5.130,1.983,10.20,15.22,12.22,8.22,4.0468,10.1171,2.214,NO
112,10.013,5.051,0.003,0.005,5.059,1.982,10.20,14.27,11.27,7.27,4.0089,10.0222,2.224,NO
113,9.655,4.871,0.003,0.005,4.879,1.982,10.20,13.02,10.02,6.02,3.9120,9.7799,2.251,NO
114,9.404,4.745,0.003,0.005,4.753,1.982,10.20,11.58,8.58,4.58,3.8443,9.6107,2.271,NO
115,9.297,4.691,0.003,0.005,4.699,1.982,10.20,10.02,7.02,3.02,2.5435,9.5380,2.280,NO
116,8.635,4.357,0.003,0.005,4.365,1.982,10.20,8.47,5.47,1.47,2.4240,9.0900,2.339,NO
117,8.397,4.238,0.003,0.005,4.246,1.982,10.20,7.02,4.02,0.02,2.3811,8.9293,2.363,NO
118,8.254,4.166,0.003,0.005,4.174,1.981,10.20,5.78,2.78,-1.22,2.3553,8.8324,2.378,NO
119,7.819,3.946,0.003,0.005,3.954,1.981,10.20,4.83,1.83,-2.17,1.5937,8.5378,2.427,NO
120,7.986,4.031,0.003,0.005,4.039,1.981,10.20,4.23,1.23,-2.77,1.6149,8.6513,2.407,NO
121,6.343,3.202,0.003,0.005,3.210,1.981,10.20,4.04,1.04,-2.96,1.4072,7.5387,2.641,NO
122,6.652,3.358,0.003,0.005,3.367,1.981,10.20,4.24,1.24,-2.76,1.4464,7.7485,2.588,NO
123,6.734,3.400,0.003,0.005,3.408,1.981,10.20,4.84,1.84,-2.16,1.4567,7.8037,2.575,NO
124,6.893,3.480,0.003,0.005,3.488,1.981,10.20,5.79,2.79,-1.21,1.4768,7.9114,2.551,NO
125,6.686,3.376,0.003,0.005,3.384,1.980,10.20,7.04,4.04,0.04,1.4507,7.7718,2.583,NO
126,7.360,3.717,0.003,0.005,3.725,1.980,10.20,8.48,5.48,1.48,1.5359,8.2279,2.484,NO
127,7.363,3.718,0.003,0.005,3.727,1.980,10.20,10.04,7.04,3.04,2.1947,8.2302,2.484,NO
128,8.094,4.088,0.003,0.005,4.096,1.980,10.20,11.59,8.59,4.59,2.3268,8.7257,2.396,NO
129,8.318,4.202,0.003,0.005,4.210,1.980,10.20,13.04,10.04,6.04,2.3673,8.8774,2.372,NO
130,8.695,4.392,0.003,0.005,4.400,1.980,10.20,14.28,11.28,7.28,2.4354,9.1327,2.334,NO
131,8.908,4.500,0.003,0.005,4.508,1.979,10.20,15.23,12.23,8.23,2.4739,9.2772,2.314,NO
132,9.204,4.650,0.003,0.005,4.658,1.979,10.20,15.83,12.83,8.83,2.5274,9.4779,2.288,NO
133,9.157,4.627,0.003,0.005,4.635,1.979,10.20,16.04,13.04,9.04,2.5190,9.4464,2.292,NO
134,9.191,4.644,0.003,0.005,4.653,1.979,10.20,15.83,12.83,8.83,2.5252,9.4696,2.290,NO
135,9.113,4.605,0.003,0.005,4.614,1.979,10.20,15.23,12.23,8.23,2.5112,9.4171,2.296,NO
136,8.623,4.358,0.003,0.005,4.366,1.979,10.20,14.28,11.28,7.28,2.4227,9.0851,2.341,NO
137,8.350,4.221,0.003,0.005,4.229,1.978,10.20,13.04,10.04,6.04,2.3735,8.9005,2.369,NO
138,8.241,4.166,0.003,0.005,4.174,1.978,10.20,11.59,8.59,4.59,2.3538,8.8269,2.380,NO
139,7.718,3.902,0.003,0.005,3.910,1.978,10.20,10.04,7.04,3.04,2.2594,8.4728,2.439,NO
140,7.018,3.548,0.003,0.005,3.556,1.978,10.20,8.48,5.48,1.48,2.1329,7.9983,2.533,NO
141,6.916,3.497,0.003,0.005,3.505,1.978,10.20,7.04,4.04,0.04,2.1145,7.9292,2.548,NO
142,6.587,3.331,0.003,0.005,3.339,1.978,10.20,5.79,2.79,-1.21,2.0551,7.7066,2.600,NO
143,6.660,3.368,0.003,0.005,3.376,1.978,10.20,4.84,1.84,-2.16,1.4478,7.7561,2.588,NO
144,6.327,3.200,0.003,0.005,3.208,1.977,10.20,4.24,1.24,-2.76,1.4057,7.5307,2.645,NO
145,6.345,3.209,0.003,0.005,3.217,1.977,10.20,4.05,1.05,-2.95,1.4080,7.5430,2.642,NO
146,6.445,3.260,0.003,0.005,3.268,1.977,10.20,4.26,1.26,-2.74,1.4207,7.6107,2.624,NO
147,6.560,3.318,0.003,0.005,3.327,1.977,10.20,4.86,1.86,-2.14,1.4353,7.6891,2.605,NO
148,6.902,3.492,0.003,0.005,3.500,1.977,10.20,5.81,2.81,-1.19,1.4786,7.9209,2.550,NO
149,7.098,3.591,0.003,0.005,3.599,1.977,10.20,7.05,4.05,0.05,1.5034,8.0540,2.521,NO
150,7.351,3.719,0.003,0.005,3.728,1.976,10.20,8.50,5.50,1.50,1.5354,8.2254,2.486,NO
151,7.462,3.776,0.003,0.005,3.784,1.976,10.20,10.05,7.05,3.05,2.2136,8.3010,2.472,NO
152,8.269,4.184,0.003,0.005,4.193,1.976,10.20,11.61,8.61,4.61,2.3594,8.8477,2.378,NO
153,8.563,4.334,0.003,0.005,4.342,1.976,10.20,13.05,10.05,6.05,2.4126,9.0474,2.348,NO
154,8.506,4.305,0.003,0.005,4.313,1.976,10.20,14.30,11.30,7.30,2.4023,9.0085,2.354,NO
155,8.590,4.348,0.003,0.005,4.356,1.976,10.20,15.25,12.25,8.25,2.4176,9.0660,2.345,NO
156,9.241,4.678,0.003,0.005,4.686,1.976,10.20,15.85,12.85,8.85,2.5353,9.5073,2.286,NO
157,8.860,4.485,0.003,0.005,4.493,1.975,10.20,16.05,13.05,9.05,2.4664,9.2488,2.320,NO
158,9.176,4.645,0.003,0.005,4.654,1.975,10.20,15.85,12.85,8.85,2.5235,9.4631,2.292,NO
159,9.074,4.594,0.003,0.005,4.602,1.975,10.20,15.25,12.25,8.25,2.5051,9.3943,2.301,NO
160,8.355,4.231,0.003,0.005,4.239,1.975,10.20,14.30,11.30,7.30,2.3753,8.9074,2.369,NO
161,8.201,4.153,0.003,0.005,4.161,1.975,10.20,13.05,10.05,6.05,2.3475,8.8030,2.385,NO
162,7.836,3.968,0.003,0.005,3.976,1.975,10.20,11.61,8.61,4.61,2.2814,8.5554,2.426,NO
163,7.606,3.852,0.003,0.005,3.861,1.974,10.20,10.05,7.05,3.05,2.2400,8.4002,2.454,NO
164,7.267,3.681,0.003,0.005,3.689,1.974,10.20,8.50,5.50,1.50,2.1787,8.1701,2.498,NO
165,6.728,3.408,0.003,0.005,3.416,1.974,10.20,7.05,4.05,0.05,2.0814,7.8052,2.578,NO
166,6.786,3.438,0.003,0.005,3.446,1.974,10.20,5.81,2.81,-1.19,2.0919,7.8447,2.569,NO
167,6.361,3.223,0.003,0.005,3.231,1.974,10.20,4.86,1.86,-2.14,1.4105,7.5561,2.640,NO
168,6.327,3.206,0.003,0.005,3.214,1.974,10.20,4.26,1.26,-2.74,1.4062,7.5334,2.646,NO
169,7.416,3.758,0.003,0.005,3.766,1.973,10.20,4.07,1.07,-2.93,1.5441,8.2718,2.479,NO
170,7.733,3.919,0.003,0.005,3.927,1.973,10.20,4.28,1.28,-2.72,1.5842,8.4867,2.439,NO
171,7.875,3.991,0.003,0.005,3.999,1.973,10.20,4.88,1.88,-2.12,1.6022,8.5831,2.422,NO
172,8.182,4.147,0.003,0.005,4.155,1.973,10.20,5.83,2.83,-1.17,1.6411,8.7916,2.388,NO
173,8.241,4.177,0.003,0.005,4.185,1.973,10.20,7.07,4.07,0.07,1.6486,8.8320,2.382,NO
174,8.867,4.495,0.003,0.005,4.503,1.973,10.20,8.52,5.52,1.52,1.7278,9.2562,2.320,NO
175,9.174,4.651,0.003,0.005,4.659,1.973,10.20,10.07,7.07,3.07,2.5240,9.4650,2.293,NO
176,9.088,4.608,0.003,0.005,4.616,1.972,10.20,11.63,8.63,4.63,2.5084,9.4066,2.300,NO
177,9.855,4.997,0.003,0.005,5.005,1.972,10.20,13.07,10.07,6.07,2.6473,9.9273,2.238,NO
178,10.168,5.156,0.003,0.005,5.165,1.972,10.20,14.32,11.32,7.32,2.7040,10.1399,2.216,NO
179,9.973,5.057,0.003,0.005,5.066,1.972,10.20,15.27,12.27,8.27,2.6686,10.0073,2.230,NO
180,10.010,5.077,0.003,0.005,5.085,1.972,10.20,15.87,12.87,8.87,2.6754,10.0328,2.227,NO
181,10.309,5.229,0.003,0.006,5.238,1.972,10.21,16.07,13.07,9.07,4.0944,10.2360,2.206,NO
182,10.553,5.353,0.004,0.006,5.362,1.971,10.21,15.87,12.87,8.87,4.1607,10.4017,2.190,NO
183,10.127,5.137,0.003,0.005,5.146,1.971,10.20,15.27,12.27,8.27,4.0451,10.1128,2.219,NO
184,9.915,5.030,0.003,0.005,5.038,1.971,10.20,14.32,11.32,7.32,3.9877,9.9693,2.234,NO
185,9.474,4.807,0.003,0.005,4.815,1.971,10.20,13.07,10.07,6.07,3.8679,9.6697,2.268,NO
186,9.037,4.585,0.003,0.005,4.593,1.971,10.20,11.63,8.63,4.63,3.7494,9.3736,2.305,NO
187,9.306,4.722,0.003,0.005,4.730,1.971,10.20,10.07,7.07,3.07,2.5483,9.5561,2.282,NO
188,8.816,4.474,0.003,0.005,4.482,1.971,10.20,8.52,5.52,1.52,2.4597,9.2240,2.325,NO
189,8.139,4.131,0.003,0.005,4.139,1.970,10.20,7.07,4.07,0.07,2.3373,8.7648,2.393,NO
190,8.320,4.223,0.003,0.005,4.231,1.970,10.20,5.83,2.83,-1.17,2.3702,8.8882,2.374,NO
191,7.664,3.890,0.003,0.005,3.899,1.970,10.20,4.88,1.88,-2.12,1.5761,8.4432,2.448,NO
192,7.960,4.041,0.003,0.005,4.049,1.970,10.20,4.28,1.28,-2.72,1.6135,8.6439,2.413,NO
193,7.587,3.852,0.003,0.005,3.860,1.970,10.20,4.09,1.09,-2.91,1.5664,8.3912,2.458,NO
194,8.023,4.073,0.003,0.005,4.082,1.970,10.20,4.30,1.30,-2.70,1.6216,8.6869,2.406,NO
195,8.151,4.139,0.003,0.005,4.147,1.969,10.20,4.90,1.90,-2.10,1.6379,8.7744,2.392,NO
196,7.920,4.022,0.003,0.005,4.030,1.969,10.20,5.85,2.85,-1.15,1.6086,8.6173,2.418,NO
197,8.139,4.134,0.003,0.005,4.142,1.969,10.20,7.09,4.09,0.09,1.6364,8.7665,2.393,NO
198,8.669,4.403,0.003,0.005,4.411,1.969,10.20,8.54,5.54,1.54,1.7035,9.1257,2.339,NO
199,9.101,4.622,0.003,0.005,4.631,1.969,10.20,10.09,7.09,3.09,2.5118,9.4192,2.300,NO
200,9.616,4.884,0.003,0.005,4.893,1.969,10.20,11.65,8.65,4.65,2.6050,9.7688,2.258,NO
201,9.701,4.928,0.003,0.005,4.936,1.969,10.20,13.09,10.09,6.09,2.6205,9.8269,2.251,NO
202,9.834,4.996,0.003,0.005,5.004,1.968,10.20,14.34,11.34,7.34,2.6446,9.9173,2.241,NO
203,10.117,5.140,0.003,0.005,5.149,1.968,10.20,15.29,12.29,8.29,2.6959,10.1095,2.221,NO
204,10.530,5.351,0.004,0.006,5.360,1.968,10.21,15.89,12.89,8.89,2.7709,10.3907,2.193,NO
205,10.413,5.291,0.003,0.006,5.300,1.968,10.21,16.09,13.09,9.09,4.1244,10.3109,2.201,NO
206,10.204,5.186,0.003,0.005,5.194,1.968,10.20,15.89,12.89,8.89,4.0677,10.1693,2.215,NO
207,10.394,5.283,0.003,0.006,5.292,1.968,10.21,15.29,12.29,8.29,4.1195,10.2988,2.202,NO
208,9.606,4.883,0.003,0.005,4.891,1.967,10.20,14.34,11.34,7.34,3.9055,9.7637,2.259,NO
209,9.746,4.954,0.003,0.005,4.962,1.967,10.20,13.09,10.09,6.09,3.9435,9.8587,2.248,NO
210,9.320,4.738,0.003,0.005,4.746,1.967,10.20,11.65,8.65,4.65,3.8280,9.5700,2.282,NO
211,8.847,4.498,0.003,0.005,4.506,1.967,10.20,10.09,7.09,3.09,2.4663,9.2487,2.323,NO
212,8.328,4.234,0.003,0.005,4.242,1.967,10.20,8.54,5.54,1.54,2.3724,8.8964,2.374,NO
213,8.508,4.326,0.003,0.005,4.334,1.967,10.20,7.09,4.09,0.09,2.4050,9.0189,2.356,NO
214,7.806,3.969,0.003,0.005,3.977,1.966,10.20,5.85,2.85,-1.15,2.2780,8.5423,2.432,NO
215,7.720,3.926,0.003,0.005,3.934,1.966,10.20,4.90,1.90,-2.10,1.5837,8.4843,2.442,NO
216,7.738,3.935,0.003,0.005,3.943,1.966,10.20,4.30,1.30,-2.70,1.5860,8.4965,2.440,NO
217,7.493,3.811,0.003,0.005,3.819,1.966,10.20,4.12,1.12,-2.88,1.5550,8.3305,2.471,NO
218,7.806,3.971,0.003,0.005,3.979,1.966,10.20,4.32,1.32,-2.68,1.5948,8.5436,2.432,NO
219,7.657,3.895,0.003,0.005,3.904,1.966,10.20,4.92,1.92,-2.08,1.5759,8.4423,2.450,NO
220,8.058,4.099,0.003,0.005,4.108,1.966,10.20,5.88,2.88,-1.12,1.6267,8.7143,2.403,NO
221,8.343,4.245,0.003,0.005,4.253,1.965,10.20,7.12,4.12,0.12,1.6629,8.9085,2.373,NO
222,8.746,4.450,0.003,0.005,4.459,1.965,10.20,8.57,5.57,1.57,1.7140,9.1823,2.333,NO
223,9.315,4.740,0.003,0.005,4.748,1.965,10.20,10.12,7.12,3.12,2.5516,9.5683,2.283,NO
224,9.158,4.661,0.003,0.005,4.669,1.965,10.20,11.67,8.67,4.67,2.5233,9.4624,2.296,NO
225,9.848,5.012,0.003,0.005,5.020,1.965,10.20,13.12,10.12,6.12,2.6481,9.9305,2.241,NO
226,9.870,5.024,0.003,0.005,5.032,1.965,10.20,14.36,11.36,7.36,2.6522,9.9458,2.239,NO
227,10.153,5.168,0.003,0.005,5.177,1.964,10.20,15.32,12.32,8.32,2.7036,10.1386,2.219,NO
228,10.123,5.153,0.003,0.005,5.162,1.964,10.20,15.92,12.92,8.92,2.6981,10.1179,2.221,NO
229,10.412,5.301,0.003,0.006,5.310,1.964,10.21,16.12,13.12,9.12,4.1261,10.3152,2.201,NO
230,10.235,5.211,0.003,0.006,5.220,1.964,10.20,15.92,12.92,8.92,4.0778,10.1945,2.214,NO
231,10.221,5.204,0.003,0.005,5.213,1.964,10.20,15.32,12.32,8.32,4.0741,10.1854,2.214,NO
232,10.190,5.189,0.003,0.005,5.198,1.964,10.20,14.36,11.36,7.36,4.0657,10.1643,2.217,NO
233,9.510,4.843,0.003,0.005,4.851,1.964,10.20,13.12,10.12,6.12,3.8811,9.7027,2.267,NO
234,9.610,4.894,0.003,0.005,4.903,1.963,10.20,11.67,8.67,4.67,3.9082,9.7706,2.259,NO
235,8.840,4.503,0.003,0.005,4.511,1.963,10.20,10.12,7.12,3.12,2.4660,9.2476,2.325,NO
236,8.815,4.490,0.003,0.005,4.498,1.963,10.20,8.57,5.57,1.57,2.4616,9.2310,2.327,NO
237,8.117,4.135,0.003,0.005,4.143,1.963,10.20,7.12,4.12,0.12,2.3352,8.7571,2.397,NO
238,8.201,4.178,0.003,0.005,4.186,1.963,10.20,5.88,2.88,-1.12,2.3505,8.8144,2.388,NO
239,8.146,4.151,0.003,0.005,4.159,1.963,10.20,4.92,1.92,-2.08,1.6384,8.7772,2.394,NO
240,7.628,3.887,0.003,0.005,3.895,1.962,10.20,4.32,1.32,-2.68,1.5728,8.4255,2.455,NO
241,7.914,4.033,0.003,0.005,4.041,1.962,10.20,4.15,1.15,-2.85,1.6090,8.6199,2.420,NO
242,7.547,3.846,0.003,0.005,3.854,1.962,10.20,4.35,1.35,-2.65,1.5625,8.3704,2.465,NO
243,7.551,3.849,0.003,0.005,3.857,1.962,10.20,4.95,1.95,-2.05,1.5631,8.3738,2.464,NO
244,8.132,4.145,0.003,0.005,4.153,1.962,10.20,5.91,2.91,-1.09,1.6368,8.7686,2.396,NO
245,8.628,4.398,0.003,0.005,4.406,1.962,10.20,7.15,4.15,0.15,1.6996,9.1052,2.345,NO
246,8.393,4.279,0.003,0.005,4.287,1.962,10.20,8.59,5.59,1.59,1.6699,8.9459,2.369,NO
247,8.754,4.463,0.003,0.005,4.471,1.961,10.20,10.15,7.15,3.15,2.4511,9.1916,2.333,NO
248,9.334,4.759,0.003,0.005,4.768,1.961,10.20,11.70,8.70,4.70,2.5562,9.5858,2.282,NO
249,9.669,4.930,0.003,0.005,4.939,1.961,10.20,13.15,10.15,6.15,2.6169,9.8134,2.255,NO
250,9.889,5.043,0.003,0.005,5.051,1.961,10.20,14.39,11.39,7.39,2.6568,9.9631,2.239,NO
251,10.281,5.243,0.003,0.006,5.252,1.961,10.21,15.34,12.34,8.34,2.7280,10.2300,2.211,NO
252,10.286,5.246,0.003,0.006,5.255,1.961,10.21,15.94,12.94,8.94,2.7290,10.2338,2.211,NO
253,10.228,5.217,0.003,0.006,5.226,1.960,10.20,16.15,13.15,9.15,4.0776,10.1941,2.215,NO
254,10.385,5.297,0.003,0.006,5.307,1.960,10.21,15.94,12.94,8.94,4.1204,10.3011,2.204,NO
255,10.162,5.184,0.003,0.005,5.193,1.960,10.20,15.34,12.34,8.34,4.0600,10.1500,2.219,NO
256,10.044,5.124,0.003,0.005,5.133,1.960,10.20,14.39,11.39,7.39,4.0278,10.0696,2.228,NO
257,9.798,4.999,0.003,0.005,5.007,1.960,10.20,13.15,10.15,6.15,3.9609,9.9023,2.246,NO
258,9.059,4.623,0.003,0.005,4.631,1.960,10.20,11.70,8.70,4.70,3.7602,9.4005,2.306,NO
259,9.231,4.711,0.003,0.005,4.719,1.960,10.20,10.15,7.15,3.15,2.5379,9.5172,2.291,NO
260,8.418,4.296,0.003,0.005,4.305,1.959,10.20,8.59,5.59,1.59,2.3908,8.9653,2.367,NO
261,8.139,4.154,0.003,0.005,4.162,1.959,10.20,7.15,4.15,0.15,2.3401,8.7754,2.396,NO
262,8.190,4.180,0.003,0.005,4.189,1.959,10.20,5.91,2.91,-1.09,2.3494,8.8103,2.391,NO
263,8.059,4.114,0.003,0.005,4.122,1.959,10.20,4.95,1.95,-2.05,1.6281,8.7219,2.405,NO
264,7.439,3.798,0.003,0.005,3.806,1.959,10.20,4.35,1.35,-2.65,1.5494,8.3002,2.479,NO
265,7.884,4.025,0.003,0.005,4.033,1.959,10.20,4.18,1.18,-2.82,1.6058,8.6027,2.425,NO
266,7.761,3.963,0.003,0.005,3.971,1.958,10.20,4.38,1.38,-2.62,1.5902,8.5191,2.439,NO
267,7.756,3.961,0.003,0.005,3.969,1.958,10.20,4.98,1.98,-2.02,1.5897,8.5165,2.440,NO
268,7.937,4.053,0.003,0.005,4.061,1.958,10.20,5.94,2.94,-1.06,1.6126,8.6391,2.419,NO
269,8.410,4.295,0.003,0.005,4.304,1.958,10.20,7.18,4.18,0.18,1.6728,8.9612,2.368,NO
270,8.340,4.260,0.003,0.005,4.268,1.958,10.20,8.63,5.63,1.63,1.6639,8.9138,2.375,NO
271,8.892,4.542,0.003,0.005,4.550,1.958,10.20,10.18,7.18,3.18,2.4771,9.2893,2.321,NO
272,9.474,4.840,0.003,0.005,4.848,1.958,10.20,11.73,8.73,4.73,2.5827,9.6850,2.272,NO
273,9.483,4.845,0.003,0.005,4.853,1.957,10.20,13.18,10.18,6.18,2.5844,9.6913,2.271,NO
274,10.185,5.204,0.003,0.005,5.212,1.957,10.20,14.42,11.42,7.42,2.7117,10.1688,2.219,NO
275,9.945,5.082,0.003,0.005,5.090,1.957,10.20,15.37,12.37,8.37,2.6682,10.0058,2.236,NO
276,10.104,5.163,0.003,0.005,5.172,1.957,10.20,15.97,12.97,8.97,2.6970,10.1139,2.224,NO
277,10.315,5.271,0.003,0.006,5.280,1.957,10.21,16.18,13.18,9.18,4.1031,10.2577,2.210,NO
278,10.565,5.400,0.004,0.006,5.409,1.957,10.21,15.97,12.97,8.97,4.1714,10.4286,2.193,NO
279,10.089,5.157,0.003,0.005,5.165,1.956,10.20,15.37,12.37,8.37,4.0418,10.1045,2.226,NO
280,10.062,5.143,0.003,0.005,5.152,1.956,10.20,14.42,11.42,7.42,4.0344,10.0861,2.228,NO
281,9.956,5.089,0.003,0.005,5.098,1.956,10.20,13.18,10.18,6.18,4.0056,10.0140,2.235,NO
282,9.056,4.630,0.003,0.005,4.638,1.956,10.20,11.73,8.73,4.73,3.7609,9.4023,2.307,NO
283,8.820,4.509,0.003,0.005,4.518,1.956,10.20,10.18,7.18,3.18,2.4645,9.2417,2.329,NO
284,8.542,4.367,0.003,0.005,4.376,1.956,10.20,8.63,5.63,1.63,2.4141,9.0528,2.355,NO
285,8.426,4.308,0.003,0.005,4.317,1.956,10.20,7.18,4.18,0.18,2.3931,8.9740,2.367,NO
286,7.911,4.046,0.003,0.005,4.054,1.955,10.20,5.94,2.94,-1.06,2.2998,8.6241,2.423,NO
287,7.886,4.033,0.003,0.005,4.041,1.955,10.20,4.98,1.98,-2.02,1.6067,8.6071,2.426,NO
288,7.975,4.079,0.003,0.005,4.087,1.955,10.20,4.38,1.38,-2.62,1.6181,8.6683,2.415,NO
289,6.648,3.401,0.003,0.005,3.409,1.955,10.20,4.21,1.21,-2.79,1.4496,7.7655,2.596,NO
290,6.648,3.401,0.003,0.005,3.409,1.955,10.20,4.42,1.42,-2.58,1.4496,7.7657,2.596,NO
291,6.677,3.416,0.003,0.005,3.424,1.955,10.20,5.02,2.02,-1.98,1.4533,7.7854,2.591,NO
292,6.912,3.537,0.003,0.005,3.545,1.954,10.20,5.97,2.97,-1.03,1.4832,7.9457,2.554,NO
293,7.118,3.642,0.003,0.005,3.651,1.954,10.20,7.21,4.21,0.21,1.5094,8.0861,2.524,NO
294,6.999,3.581,0.003,0.005,3.590,1.954,10.20,8.66,5.66,1.66,1.4942,8.0049,2.542,NO
295,7.377,3.775,0.003,0.005,3.784,1.954,10.20,10.21,7.21,3.21,2.2033,8.2625,2.489,NO
296,7.820,4.002,0.003,0.005,4.010,1.954,10.20,11.77,8.77,4.77,2.2836,8.5636,2.434,NO
297,8.277,4.237,0.003,0.005,4.245,1.954,10.20,13.21,10.21,6.21,2.3667,8.8750,2.383,NO
298,8.529,4.366,0.003,0.005,4.374,1.954,10.20,14.46,11.46,7.46,2.4124,9.0466,2.357,NO
299,9.120,4.669,0.003,0.005,4.677,1.953,10.20,15.41,12.41,8.41,2.5197,9.4487,2.302,NO
300,9.223,4.722,0.003,0.005,4.730,1.953,10.20,16.01,13.01,9.01,2.5383,9.5186,2.294,NO
301,9.099,4.659,0.003,0.005,4.667,1.953,10.20,16.21,13.21,9.21,2.5160,9.4349,2.304,NO
302,8.728,4.469,0.003,0.005,4.477,1.953,10.20,16.01,13.01,9.01,2.4486,9.1824,2.338,NO
303,8.921,4.568,0.003,0.005,4.577,1.953,10.20,15.41,12.41,8.41,2.4837,9.3139,2.320,NO
304,8.639,4.424,0.003,0.005,4.433,1.953,10.20,14.46,11.46,7.46,2.4326,9.1223,2.346,NO
305,8.532,4.370,0.003,0.005,4.378,1.953,10.20,13.21,10.21,6.21,2.4133,9.0497,2.357,NO
306,7.907,4.050,0.003,0.005,4.058,1.952,10.20,11.77,8.77,4.77,2.2999,8.6244,2.424,NO
307,7.969,4.082,0.003,0.005,4.090,1.952,10.20,10.21,7.21,3.21,2.3111,8.6668,2.417,NO
308,7.278,3.728,0.003,0.005,3.737,1.952,10.20,8.66,5.66,1.66,2.1858,8.1967,2.503,NO
309,6.995,3.584,0.003,0.005,3.592,1.952,10.20,7.21,4.21,0.21,2.1345,8.0044,2.543,NO
310,6.759,3.463,0.003,0.005,3.471,1.952,10.20,5.97,2.97,-1.03,2.0916,7.8437,2.579,NO
311,6.640,3.402,0.003,0.005,3.411,1.952,10.20,5.02,2.02,-1.98,1.4491,7.7629,2.598,NO
312,6.327,3.242,0.003,0.005,3.250,1.951,10.20,4.42,1.42,-2.58,1.4093,7.5499,2.652,NO
313,6.327,3.242,0.003,0.005,3.251,1.951,10.20,4.25,1.25,-2.75,1.4093,7.5500,2.652,NO
314,6.534,3.349,0.003,0.005,3.357,1.951,10.20,4.45,1.45,-2.55,1.4356,7.6907,2.616,NO
315,6.361,3.261,0.003,0.005,3.269,1.951,10.20,5.05,2.05,-1.95,1.4137,7.5736,2.646,NO
316,6.679,3.423,0.003,0.005,3.432,1.951,10.20,6.01,3.01,-0.99,1.4541,7.7896,2.592,NO
317,7.211,3.697,0.003,0.005,3.705,1.951,10.20,7.25,4.25,0.25,1.5218,8.1524,2.512,NO
318,7.645,3.919,0.003,0.005,3.928,1.951,10.20,8.70,5.70,1.70,1.5769,8.4478,2.456,NO
319,7.460,3.825,0.003,0.005,3.833,1.950,10.20,10.25,7.25,3.25,2.2192,8.3221,2.479,NO
320,7.844,4.022,0.003,0.005,4.030,1.950,10.20,11.80,8.80,4.80,2.2889,8.5834,2.432,NO
321,8.463,4.340,0.003,0.005,4.348,1.950,10.20,13.25,10.25,6.25,2.4013,9.0048,2.365,NO
322,8.763,4.494,0.003,0.005,4.502,1.950,10.20,14.49,11.49,7.49,2.4558,9.2093,2.335,NO
323,8.793,4.510,0.003,0.005,4.518,1.950,10.20,15.45,12.45,8.45,2.4613,9.2299,2.333,NO
324,8.669,4.447,0.003,0.005,4.455,1.950,10.20,16.04,13.04,9.04,2.4389,9.1459,2.344,NO
325,8.859,4.544,0.003,0.005,4.553,1.949,10.20,16.25,13.25,9.25,2.4735,9.2754,2.327,NO
326,8.748,4.488,0.003,0.005,4.496,1.949,10.20,16.04,13.04,9.04,2.4533,9.2000,2.337,NO
327,8.662,4.444,0.003,0.005,4.452,1.949,10.20,15.45,12.45,8.45,2.4378,9.1416,2.345,NO
328,8.553,4.389,0.003,0.005,4.397,1.949,10.20,14.49,11.49,7.49,2.4180,9.0675,2.356,NO
329,8.407,4.314,0.003,0.005,4.322,1.949,10.20,13.25,10.25,6.25,2.3915,8.9682,2.371,NO
330,7.798,4.001,0.003,0.005,4.010,1.949,10.20,11.80,8.80,4.80,2.2809,8.5533,2.438,NO
331,7.768,3.986,0.003,0.005,3.995,1.949,10.20,10.25,7.25,3.25,2.2755,8.5332,2.441,NO
332,7.508,3.853,0.003,0.005,3.861,1.948,10.20,8.70,5.70,1.70,2.2283,8.3560,2.473,NO
333,7.260,3.726,0.003,0.005,3.734,1.948,10.20,7.25,4.25,0.25,2.1833,8.1873,2.506,NO
334,6.436,3.304,0.003,0.005,3.312,1.948,10.20,6.01,3.01,-0.99,2.0337,7.6265,2.633,NO
335,6.327,3.248,0.003,0.005,3.256,1.948,10.20,5.05,2.05,-1.95,1.4098,7.5525,2.653,NO
336,6.327,3.248,0.003,0.005,3.257,1.948,10.20,4.45,1.45,-2.55,1.4098,7.5526,2.653,NO
337,7.956,4.085,0.003,0.005,4.093,1.948,10.20,4.29,1.29,-2.71,1.6169,8.6620,2.419,NO
338,7.922,4.068,0.003,0.005,4.076,1.947,10.20,4.49,1.49,-2.51,1.6126,8.6392,2.423,NO
339,7.546,3.875,0.003,0.005,3.883,1.947,10.20,5.09,2.09,-1.91,1.5649,8.3833,2.469,NO
340,7.937,4.076,0.003,0.005,4.084,1.947,10.20,6.05,3.05,-0.95,1.6146,8.6497,2.422,NO
341,8.422,4.326,0.003,0.005,4.334,1.947,10.20,7.29,4.29,0.29,1.6763,8.9802,2.369,NO
342,8.946,4.595,0.003,0.005,4.603,1.947,10.20,8.74,5.74,1.74,1.7430,9.3374,2.319,NO
343,9.249,4.751,0.003,0.005,4.759,1.947,10.20,10.29,7.29,3.29,2.5450,9.5439,2.293,NO
344,9.199,4.726,0.003,0.005,4.734,1.947,10.20,11.84,8.84,4.84,2.5360,9.5100,2.297,NO
345,9.811,5.041,0.003,0.005,5.049,1.946,10.20,13.29,10.29,6.29,2.6472,9.9272,2.248,NO
346,9.822,5.046,0.003,0.005,5.055,1.946,10.20,14.53,11.53,7.53,2.6492,9.9344,2.248,NO
347,10.239,5.261,0.003,0.006,5.270,1.946,10.20,15.49,12.49,8.49,2.7252,10.2194,2.218,NO
348,10.557,5.425,0.004,0.006,5.435,1.946,10.21,16.08,13.08,9.08,2.7831,10.4365,2.197,NO
349,10.454,5.373,0.004,0.006,5.382,1.946,10.21,16.29,13.29,9.29,4.1465,10.3663,2.204,NO
350,10.545,5.420,0.004,0.006,5.429,1.946,10.21,16.08,13.08,9.08,4.1714,10.4286,2.198,NO
351,9.924,5.101,0.003,0.005,5.109,1.946,10.20,15.49,12.49,8.49,4.0020,10.0051,2.240,NO
352,9.740,5.007,0.003,0.005,5.015,1.945,10.20,14.53,11.53,7.53,3.9520,9.8801,2.254,NO
353,9.482,4.874,0.003,0.005,4.883,1.945,10.20,13.29,10.29,6.29,3.8816,9.7041,2.274,NO
354,9.161,4.710,0.003,0.005,4.718,1.945,10.20,11.84,8.84,4.84,3.7942,9.4855,2.301,NO
355,9.071,4.664,0.003,0.005,4.672,1.945,10.20,10.29,7.29,3.29,2.5133,9.4247,2.309,NO
356,8.593,4.418,0.003,0.005,4.427,1.945,10.20,8.74,5.74,1.74,2.4263,9.0988,2.353,NO
357,8.565,4.404,0.003,0.005,4.413,1.945,10.20,7.29,4.29,0.29,2.4213,9.0800,2.356,NO
358,7.957,4.092,0.003,0.005,4.101,1.944,10.20,6.05,3.05,-0.95,2.3110,8.6661,2.420,NO
359,8.100,4.166,0.003,0.005,4.174,1.944,10.20,5.09,2.09,-1.91,1.6358,8.7635,2.404,NO
360,7.751,3.987,0.003,0.005,3.995,1.944,10.20,4.49,1.49,-2.51,1.5915,8.5260,2.444,NO
361,7.583,3.901,0.003,0.005,3.909,1.944,10.20,4.33,1.33,-2.67,1.5701,8.4115,2.465,NO
362,7.429,3.822,0.003,0.005,3.830,1.944,10.20,4.54,1.54,-2.46,1.5506,8.3069,2.485,NO
363,7.823,4.025,0.003,0.005,4.033,1.944,10.20,5.14,2.14,-1.86,1.6007,8.5752,2.436,NO
364,7.819,4.023,0.003,0.005,4.032,1.944,10.20,6.09,3.09,-0.91,1.6003,8.5729,2.436,NO
365,8.586,4.418,0.003,0.005,4.426,1.943,10.20,7.33,4.33,0.33,1.6978,9.0955,2.354,NO
366,8.656,4.455,0.003,0.005,4.463,1.943,10.20,8.78,5.78,1.78,1.7068,9.1437,2.347,NO
367,8.941,4.602,0.003,0.005,4.610,1.943,10.20,10.33,7.33,3.33,2.4902,9.3381,2.321,NO
368,9.590,4.936,0.003,0.005,4.944,1.943,10.20,11.88,8.88,4.88,2.6081,9.7805,2.266,NO
369,9.522,4.901,0.003,0.005,4.909,1.943,10.20,13.33,10.33,6.33,2.5957,9.7339,2.272,NO
370,9.943,5.118,0.003,0.005,5.127,1.943,10.20,14.57,11.57,7.57,2.6724,10.0215,2.240,NO
371,10.183,5.242,0.003,0.006,5.251,1.943,10.20,15.53,12.53,8.53,2.7161,10.1853,2.223,NO
372,10.603,5.459,0.004,0.006,5.469,1.942,10.21,16.13,13.13,9.13,2.7925,10.4721,2.195,NO
373,10.106,5.203,0.003,0.005,5.212,1.942,10.20,16.33,13.33,9.33,4.0532,10.1330,2.228,NO
374,10.107,5.205,0.003,0.005,5.213,1.942,10.20,16.13,13.13,9.13,4.0537,10.1342,2.228,NO
375,10.264,5.285,0.003,0.006,5.294,1.942,10.21,15.53,12.53,8.53,4.0965,10.2412,2.217,NO
376,10.107,5.205,0.003,0.005,5.214,1.942,10.20,14.57,11.57,7.57,4.0537,10.1342,2.228,NO
377,9.708,5.000,0.003,0.005,5.008,1.942,10.20,13.33,10.33,6.33,3.9449,9.8621,2.258,NO
378,9.054,4.664,0.003,0.005,4.672,1.941,10.20,11.88,8.88,4.88,3.7667,9.4167,2.311,NO
379,9.012,4.642,0.003,0.005,4.651,1.941,10.20,10.33,7.33,3.33,2.5035,9.3882,2.315,NO
380,8.724,4.494,0.003,0.005,4.503,1.941,10.20,8.78,5.78,1.78,2.4512,9.1920,2.341,NO
381,8.407,4.331,0.003,0.005,4.340,1.941,10.20,7.33,4.33,0.33,2.3936,8.9762,2.373,NO
382,8.143,4.195,0.003,0.005,4.204,1.941,10.20,6.09,3.09,-0.91,2.3456,8.7959,2.400,NO
383,7.811,4.025,0.003,0.005,4.033,1.941,10.20,5.14,2.14,-1.86,1.5997,8.5699,2.438,NO
384,7.550,3.890,0.003,0.005,3.899,1.941,10.20,4.54,1.54,-2.46,1.5665,8.3918,2.470,NO
385,7.567,3.900,0.003,0.005,3.908,1.940,10.20,4.38,1.38,-2.62,1.5687,8.4038,2.468,NO
386,8.026,4.137,0.003,0.005,4.145,1.940,10.20,4.58,1.58,-2.42,1.6272,8.7172,2.413,NO
387,7.685,3.961,0.003,0.005,3.970,1.940,10.20,5.18,2.18,-1.82,1.5838,8.4846,2.453,NO
388,7.903,4.074,0.003,0.005,4.082,1.940,10.20,6.13,3.13,-0.87,1.6116,8.6336,2.428,NO
389,8.606,4.437,0.003,0.005,4.445,1.940,10.20,7.38,4.38,0.38,1.7011,9.1129,2.353,NO
390,8.521,4.393,0.003,0.005,4.401,1.940,10.20,8.82,5.82,1.82,1.6903,9.0550,2.362,NO
391,9.034,4.658,0.003,0.005,4.666,1.939,10.20,10.38,7.38,3.38,2.5080,9.4051,2.314,NO
392,9.395,4.845,0.003,0.005,4.853,1.939,10.20,11.93,8.93,4.93,2.5738,9.6518,2.283,NO
393,9.544,4.922,0.003,0.005,4.930,1.939,10.20,13.38,10.38,6.38,2.6010,9.7536,2.271,NO
394,9.680,4.992,0.003,0.005,5.000,1.939,10.20,14.62,11.62,7.62,2.6256,9.8459,2.260,NO
395,10.414,5.371,0.003,0.006,5.381,1.939,10.21,15.57,12.57,8.57,2.7594,10.3476,2.208,NO
396,10.157,5.239,0.003,0.005,5.248,1.939,10.20,16.17,13.17,9.17,2.7125,10.1720,2.226,NO
397,10.270,5.298,0.003,0.006,5.307,1.939,10.21,16.38,13.38,9.38,4.0999,10.2496,2.218,NO
398,9.952,5.134,0.003,0.005,5.142,1.938,10.20,16.17,13.17,9.17,4.0129,10.0323,2.240,NO
399,10.177,5.251,0.003,0.006,5.259,1.938,10.20,15.57,12.57,8.57,4.0746,10.1866,2.224,NO
400,10.030,5.175,0.003,0.005,5.183,1.938,10.20,14.62,11.62,7.62,4.0343,10.0858,2.235,NO
401,9.423,4.863,0.003,0.005,4.871,1.938,10.20,13.38,10.38,6.38,3.8690,9.6724,2.281,NO
402,9.645,4.977,0.003,0.005,4.986,1.938,10.20,11.93,8.93,4.93,3.9296,9.8241,2.263,NO
403,8.722,4.501,0.003,0.005,4.510,1.938,10.20,10.38,7.38,3.38,2.4519,9.1945,2.343,NO
404,8.487,4.380,0.003,0.005,4.389,1.938,10.20,8.82,5.82,1.82,2.4091,9.0343,2.365,NO
405,8.203,4.234,0.003,0.005,4.242,1.937,10.20,7.38,4.38,0.38,2.3574,8.8402,2.395,NO
406,7.932,4.094,0.003,0.005,4.103,1.937,10.20,6.13,3.13,-0.87,2.3081,8.6555,2.425,NO
407,7.733,3.992,0.003,0.005,4.000,1.937,10.20,5.18,2.18,-1.82,1.5904,8.5200,2.448,NO
408,7.646,3.947,0.003,0.005,3.956,1.937,10.20,4.58,1.58,-2.42,1.5793,8.4605,2.459,NO
409,7.382,3.812,0.003,0.005,3.820,1.937,10.20,4.43,1.43,-2.57,1.5458,8.2810,2.493,NO
410,7.574,3.911,0.003,0.005,3.919,1.937,10.20,4.63,1.63,-2.37,1.5703,8.4122,2.468,NO
411,8.061,4.163,0.003,0.005,4.171,1.936,10.20,5.23,2.23,-1.77,1.6323,8.7444,2.411,NO
412,7.995,4.129,0.003,0.005,4.137,1.936,10.20,6.18,3.18,-0.82,1.6239,8.6994,2.418,NO
413,8.620,4.452,0.003,0.005,4.461,1.936,10.20,7.43,4.43,0.43,1.7036,9.1265,2.353,NO
414,8.600,4.442,0.003,0.005,4.451,1.936,10.20,8.87,5.87,1.87,1.7011,9.1129,2.355,NO
415,8.723,4.506,0.003,0.005,4.514,1.936,10.20,10.43,7.43,3.43,2.4524,9.1964,2.343,NO
416,9.039,4.670,0.003,0.005,4.678,1.936,10.20,11.98,8.98,4.98,2.5100,9.4126,2.314,NO
417,9.826,5.077,0.003,0.005,5.085,1.936,10.20,13.43,10.43,6.43,2.6533,9.9500,2.250,NO
418,10.168,5.254,0.003,0.006,5.263,1.935,10.20,14.67,11.67,7.67,2.7157,10.1839,2.226,NO
419,9.988,5.161,0.003,0.005,5.170,1.935,10.20,15.62,12.62,8.62,2.6829,10.0611,2.238,NO
420,10.031,5.183,0.003,0.005,5.192,1.935,10.20,16.22,13.22,9.22,2.6907,10.0900,2.235,NO
421,10.180,5.261,0.003,0.006,5.270,1.935,10.20,16.43,13.43,9.43,4.0769,10.1922,2.225,NO
422,10.073,5.206,0.003,0.005,5.214,1.935,10.20,16.22,13.22,9.22,4.0477,10.1192,2.232,NO
423,10.437,5.395,0.004,0.006,5.404,1.935,10.21,15.62,12.62,8.62,4.1475,10.3688,2.208,NO
424,9.712,5.020,0.003,0.005,5.029,1.935,10.20,14.67,11.67,7.67,3.9494,9.8734,2.259,NO
425,9.479,4.900,0.003,0.005,4.908,1.934,10.20,13.43,10.43,6.43,3.8857,9.7142,2.277,NO
426,9.120,4.715,0.003,0.005,4.723,1.934,10.20,11.98,8.98,4.98,3.7877,9.4692,2.307,NO
427,8.887,4.595,0.003,0.005,4.603,1.934,10.20,10.43,7.43,3.43,2.4829,9.3109,2.328,NO
428,8.403,4.345,0.003,0.005,4.353,1.934,10.20,8.87,5.87,1.87,2.3947,8.9802,2.375,NO
429,8.020,4.147,0.003,0.005,4.156,1.934,10.20,7.43,4.43,0.43,2.3251,8.7191,2.416,NO
430,7.755,4.010,0.003,0.005,4.019,1.934,10.20,6.18,3.18,-0.82,2.2768,8.5380,2.447,NO
431,7.871,4.071,0.003,0.005,4.079,1.933,10.20,5.23,2.23,-1.77,1.6086,8.6176,2.433,NO
432,7.839,4.055,0.003,0.005,4.063,1.933,10.20,4.63,1.63,-2.37,1.6046,8.5960,2.437,NO
433,7.985,4.130,0.003,0.005,4.139,1.933,10.20,4.48,1.48,-2.52,1.6232,8.6955,2.420,NO
434,7.722,3.995,0.003,0.005,4.003,1.933,10.20,4.68,1.68,-2.32,1.5898,8.5166,2.451,NO
435,7.749,4.009,0.003,0.005,4.017,1.933,10.20,5.28,2.28,-1.72,1.5932,8.5348,2.448,NO
436,8.219,4.253,0.003,0.005,4.261,1.933,10.20,6.23,3.23,-0.77,1.6531,8.8560,2.394,NO
437,8.573,4.436,0.003,0.005,4.444,1.933,10.20,7.48,4.48,0.48,1.6983,9.0979,2.358,NO
438,8.688,4.496,0.003,0.005,4.504,1.932,10.20,8.92,5.92,1.92,1.7129,9.1764,2.347,NO
439,9.125,4.723,0.003,0.005,4.731,1.932,10.20,10.48,7.48,3.48,2.5268,9.4754,2.307,NO
440,9.252,4.789,0.003,0.005,4.797,1.932,10.20,12.03,9.03,5.03,2.5499,9.5622,2.297,NO
441,9.577,4.957,0.003,0.005,4.965,1.932,10.20,13.48,10.48,6.48,2.6091,9.7842,2.270,NO
442,9.935,5.143,0.003,0.005,5.151,1.932,10.20,14.72,11.72,7.72,2.6744,10.0288,2.243,NO
443,10.235,5.298,0.003,0.006,5.307,1.932,10.20,15.67,12.67,8.67,2.7290,10.2339,2.222,NO
444,10.490,5.431,0.004,0.006,5.440,1.932,10.21,16.27,13.27,9.27,2.7756,10.4084,2.205,NO
445,10.409,5.390,0.004,0.006,5.399,1.931,10.21,16.48,13.48,9.48,4.1415,10.3537,2.210,NO
446,10.214,5.289,0.003,0.006,5.298,1.931,10.20,16.27,13.27,9.27,4.0882,10.2206,2.224,NO
447,9.940,5.147,0.003,0.005,5.156,1.931,10.20,15.67,12.67,8.67,4.0131,10.0328,2.243,NO
448,10.038,5.199,0.003,0.005,5.207,1.931,10.20,14.72,11.72,7.72,4.0402,10.1004,2.236,NO
449,9.768,5.059,0.003,0.005,5.067,1.931,10.20,13.48,10.48,6.48,3.9664,9.9160,2.256,NO
450,9.411,4.874,0.003,0.005,4.883,1.931,10.20,12.03,9.03,5.03,3.8689,9.6722,2.284,NO
451,9.200,4.766,0.003,0.005,4.774,1.931,10.20,10.48,7.48,3.48,2.5408,9.5282,2.302,NO
452,8.662,4.487,0.003,0.005,4.495,1.930,10.20,8.92,5.92,1.92,2.4429,9.1607,2.350,NO
453,8.467,4.387,0.003,0.005,4.395,1.930,10.20,7.48,4.48,0.48,2.4075,9.0280,2.369,NO
454,7.960,4.124,0.003,0.005,4.133,1.930,10.20,6.23,3.23,-0.77,2.3151,8.6818,2.424,NO
455,8.050,4.171,0.003,0.005,4.180,1.930,10.20,5.28,2.28,-1.72,1.6321,8.7436,2.414,NO
456,7.798,4.041,0.003,0.005,4.049,1.930,10.20,4.68,1.68,-2.32,1.5999,8.5710,2.443,NO
457,6.515,3.377,0.003,0.005,3.385,1.930,10.20,4.53,1.53,-2.47,1.4364,7.6952,2.625,NO
458,6.327,3.279,0.003,0.005,3.288,1.929,10.20,4.73,1.73,-2.27,1.4124,7.5665,2.658,NO
459,6.673,3.459,0.003,0.005,3.467,1.929,10.20,5.33,2.33,-1.67,1.4565,7.8029,2.599,NO
460,6.844,3.548,0.003,0.005,3.556,1.929,10.20,6.29,3.29,-0.71,1.4784,7.9198,2.572,NO
461,7.242,3.754,0.003,0.005,3.763,1.929,10.20,7.53,4.53,0.53,1.5292,8.1921,2.514,NO
462,7.362,3.817,0.003,0.005,3.825,1.929,10.20,8.98,5.98,1.98,1.5445,8.2739,2.498,NO
463,7.534,3.906,0.003,0.005,3.915,1.929,10.20,10.53,7.53,3.53,2.2379,8.3920,2.475,NO
464,7.890,4.091,0.003,0.005,4.099,1.929,10.20,12.08,9.08,5.08,2.3027,8.6352,2.432,NO
465,8.207,4.256,0.003,0.005,4.264,1.928,10.20,13.53,10.53,6.53,2.3606,8.8523,2.397,NO
466,8.332,4.321,0.003,0.005,4.330,1.928,10.20,14.77,11.77,7.77,2.3834,8.9378,2.384,NO
467,9.019,4.678,0.003,0.005,4.686,1.928,10.20,15.73,12.73,8.73,2.5086,9.4074,2.318,NO
468,8.666,4.495,0.003,0.005,4.503,1.928,10.20,16.33,13.33,9.33,2.4444,9.1663,2.350,NO
469,8.702,4.514,0.003,0.005,4.522,1.928,10.20,16.53,13.53,9.53,2.4509,9.1909,2.347,NO
470,9.177,4.761,0.003,0.005,4.769,1.928,10.20,16.33,13.33,9.33,2.5375,9.5158,2.304,NO
471,8.729,4.529,0.003,0.005,4.537,1.928,10.20,15.73,12.73,8.73,2.4560,9.2100,2.345,NO
472,8.419,4.368,0.003,0.005,4.376,1.927,10.20,14.77,11.77,7.77,2.3994,8.9977,2.375,NO
473,8.310,4.312,0.003,0.005,4.320,1.927,10.20,13.53,10.53,6.53,2.3796,8.9237,2.386,NO
474,8.079,4.193,0.003,0.005,4.201,1.927,10.20,12.08,9.08,5.08,2.3376,8.7662,2.411,NO
475,7.980,4.141,0.003,0.005,4.150,1.927,10.20,10.53,7.53,3.53,2.3196,8.6986,2.422,NO
476,7.469,3.876,0.003,0.005,3.885,1.927,10.20,8.98,5.98,1.98,2.2265,8.3493,2.484,NO
477,6.796,3.527,0.003,0.005,3.536,1.927,10.20,7.53,4.53,0.53,2.1039,7.8894,2.580,NO
478,6.509,3.379,0.003,0.005,3.387,1.926,10.20,6.29,3.29,-0.71,2.0515,7.6932,2.627,NO
479,6.345,3.294,0.003,0.005,3.302,1.926,10.20,5.33,2.33,-1.67,1.4151,7.5810,2.655,NO
480,6.327,3.285,0.003,0.005,3.293,1.926,10.20,4.73,1.73,-2.27,1.4129,7.5691,2.658,NO
481,6.581,3.417,0.003,0.005,3.425,1.926,10.20,4.59,1.59,-2.41,1.4453,7.7425,2.615,NO
482,6.561,3.406,0.003,0.005,3.415,1.926,10.20,4.79,1.79,-2.21,1.4427,7.7289,2.618,NO
483,6.392,3.319,0.003,0.005,3.327,1.926,10.20,5.39,2.39,-1.61,1.4212,7.6135,2.647,NO
484,6.718,3.489,0.003,0.005,3.497,1.926,10.20,6.34,3.34,-0.66,1.4629,7.8367,2.592,NO
485,7.270,3.776,0.003,0.005,3.784,1.925,10.20,7.59,4.59,0.59,1.5334,8.2145,2.511,NO
486,7.355,3.820,0.003,0.005,3.829,1.925,10.20,9.03,6.03,2.03,1.5442,8.2726,2.499,NO
487,7.671,3.985,0.003,0.005,3.993,1.925,10.20,10.59,7.59,3.59,2.2637,8.4888,2.459,NO
488,7.766,4.034,0.003,0.005,4.043,1.925,10.20,12.14,9.14,5.14,2.2810,8.5539,2.448,NO
489,8.394,4.361,0.003,0.005,4.369,1.925,10.20,13.59,10.59,6.59,2.3956,8.9834,2.378,NO
490,8.566,4.450,0.003,0.005,4.459,1.925,10.20,14.83,11.83,7.83,2.4269,9.1009,2.361,NO
491,8.833,4.590,0.003,0.005,4.598,1.925,10.20,15.78,12.78,8.78,2.4757,9.2840,2.336,NO
492,8.776,4.561,0.003,0.005,4.569,1.924,10.20,16.38,13.38,9.38,2.4654,9.2454,2.341,NO
493,9.082,4.719,0.003,0.005,4.728,1.924,10.20,16.59,13.59,9.59,2.5211,9.4542,2.313,NO
494,9.007,4.681,0.003,0.005,4.690,1.924,10.20,16.38,13.38,9.38,2.5076,9.4034,2.320,NO
495,9.055,4.707,0.003,0.005,4.715,1.924,10.20,15.78,12.78,8.78,2.5164,9.4366,2.316,NO
496,8.600,4.470,0.003,0.005,4.479,1.924,10.20,14.83,11.83,7.83,2.4334,9.1252,2.358,NO
497,8.494,4.416,0.003,0.005,4.424,1.924,10.20,13.59,10.59,6.59,2.4142,9.0533,2.368,NO
498,7.736,4.022,0.003,0.005,4.030,1.924,10.20,12.14,9.14,5.14,2.2759,8.5347,2.452,NO
499,7.715,4.011,0.003,0.005,4.020,1.923,10.20,10.59,7.59,3.59,2.2722,8.5206,2.454,NO
500,7.219,3.754,0.003,0.005,3.762,1.923,10.20,9.03,6.03,2.03,2.1818,8.1816,2.518,NO
501,7.091,3.687,0.003,0.005,3.696,1.923,10.20,7.59,4.59,0.59,2.1583,8.0938,2.537,NO
502,6.946,3.612,0.003,0.005,3.621,1.923,10.20,6.34,3.34,-0.66,2.1320,7.9951,2.558,NO
503,6.355,3.305,0.003,0.005,3.313,1.923,10.20,5.39,2.39,-1.61,1.4169,7.5907,2.654,NO
504,6.327,3.291,0.003,0.005,3.299,1.923,10.20,4.79,1.79,-2.21,1.4134,7.5718,2.659,NO
505,7.604,3.955,0.003,0.005,3.964,1.922,10.20,4.65,1.65,-2.35,1.5765,8.4455,2.468,NO
506,7.756,4.035,0.003,0.005,4.043,1.922,10.20,4.85,1.85,-2.15,1.5959,8.5496,2.450,NO
507,8.120,4.224,0.003,0.005,4.233,1.922,10.20,5.45,2.45,-1.55,1.6425,8.7988,2.408,NO
508,8.091,4.209,0.003,0.005,4.218,1.922,10.20,6.40,3.40,-0.60,1.6387,8.7789,2.411,NO
509,8.596,4.473,0.003,0.005,4.481,1.922,10.20,7.65,4.65,0.65,1.7033,9.1250,2.359,NO
510,8.796,4.577,0.003,0.005,4.585,1.922,10.20,9.09,6.09,2.09,1.7288,9.2614,2.340,NO
511,9.164,4.769,0.003,0.005,4.778,1.922,10.20,10.65,7.65,3.65,2.5370,9.5139,2.307,NO
512,9.532,4.961,0.003,0.005,4.969,1.921,10.20,12.20,9.20,5.20,2.6041,9.7653,2.277,NO
513,9.923,5.164,0.003,0.005,5.173,1.921,10.20,13.65,10.65,6.65,2.6755,10.0330,2.247,NO
514,10.098,5.256,0.003,0.005,5.265,1.921,10.20,14.89,11.89,7.89,2.7075,10.1533,2.234,NO
515,10.155,5.286,0.003,0.006,5.295,1.921,10.20,15.84,12.84,8.84,2.7180,10.1926,2.230,NO
516,10.080,5.247,0.003,0.005,5.256,1.921,10.20,16.44,13.44,9.44,2.7043,10.1411,2.236,NO
517,10.504,5.469,0.004,0.006,5.479,1.921,10.21,16.65,13.65,9.65,4.1730,10.4324,2.207,NO
518,10.117,5.268,0.003,0.006,5.277,1.921,10.20,16.44,13.44,9.44,4.0669,10.1672,2.233,NO
519,10.130,5.275,0.003,0.006,5.284,1.920,10.20,15.84,12.84,8.84,4.0705,10.1763,2.232,NO
520,9.621,5.010,0.003,0.005,5.019,1.920,10.20,14.89,11.89,7.89,3.9311,9.8279,2.270,NO
521,9.657,5.029,0.003,0.005,5.038,1.920,10.20,13.65,10.65,6.65,3.9410,9.8526,2.267,NO
522,9.334,4.861,0.003,0.005,4.870,1.920,10.20,12.20,9.20,5.20,3.8526,9.6315,2.293,NO
523,9.118,4.749,0.003,0.005,4.758,1.920,10.20,10.65,7.65,3.65,2.5291,9.4840,2.311,NO
524,8.595,4.477,0.003,0.005,4.486,1.920,10.20,9.09,6.09,2.09,2.4336,9.1261,2.360,NO
525,8.618,4.490,0.003,0.005,4.498,1.920,10.20,7.65,4.65,0.65,2.4380,9.1424,2.357,NO
526,7.877,4.104,0.003,0.005,4.113,1.919,10.20,6.40,3.40,-0.60,2.3028,8.6355,2.436,NO
527,7.544,3.931,0.003,0.005,3.939,1.919,10.20,5.45,2.45,-1.55,1.5693,8.4072,2.477,NO
528,7.938,4.136,0.003,0.005,4.145,1.919,10.20,4.85,1.85,-2.15,1.6198,8.6774,2.429,NO
529,7.524,3.921,0.003,0.005,3.930,1.919,10.20,4.71,1.71,-2.29,1.5669,8.3943,2.479,NO
530,7.849,4.091,0.003,0.005,4.099,1.919,10.20,4.91,1.91,-2.09,1.6085,8.6168,2.440,NO
531,8.019,4.180,0.003,0.005,4.188,1.919,10.20,5.51,2.51,-1.49,1.6302,8.7335,2.420,NO
532,8.359,4.357,0.003,0.005,4.365,1.919,10.20,6.47,3.47,-0.53,1.6736,8.9658,2.384,NO
533,8.154,4.250,0.003,0.005,4.259,1.918,10.20,7.71,4.71,0.71,1.6475,8.8257,2.405,NO
534,8.654,4.512,0.003,0.005,4.520,1.918,10.20,9.16,6.16,2.16,1.7115,9.1686,2.354,NO
535,8.886,4.633,0.003,0.005,4.641,1.918,10.20,10.71,7.71,3.71,2.4873,9.3275,2.333,NO
536,9.054,4.721,0.003,0.005,4.729,1.918,10.20,12.26,9.26,5.26,2.5181,9.4427,2.318,NO
537,9.757,5.087,0.003,0.005,5.096,1.918,10.20,13.71,10.71,6.71,2.6463,9.9236,2.260,NO
538,9.691,5.054,0.003,0.005,5.062,1.918,10.20,14.95,11.95,7.95,2.6344,9.8789,2.265,NO
539,10.330,5.387,0.003,0.006,5.396,1.917,10.21,15.90,12.90,8.90,2.7511,10.3167,2.219,NO
540,10.283,5.363,0.003,0.006,5.373,1.917,10.21,16.50,13.50,9.50,2.7427,10.2852,2.223,NO
541,10.063,5.249,0.003,0.005,5.257,1.917,10.20,16.71,13.71,9.71,4.0536,10.1340,2.238,NO
542,10.187,5.314,0.003,0.006,5.323,1.917,10.20,16.50,13.50,9.50,4.0877,10.2192,2.229,NO
543,10.425,5.439,0.004,0.006,5.448,1.917,10.21,15.90,12.90,8.90,4.1533,10.3832,2.213,NO
544,9.875,5.152,0.003,0.005,5.160,1.917,10.20,14.95,11.95,7.95,4.0024,10.0060,2.252,NO
545,9.586,5.002,0.003,0.005,5.010,1.917,10.20,13.71,10.71,6.71,3.9233,9.8082,2.274,NO
546,9.083,4.739,0.003,0.005,4.748,1.916,10.20,12.26,9.26,5.26,3.7855,9.4637,2.315,NO
547,9.128,4.763,0.003,0.005,4.772,1.916,10.20,10.71,7.71,3.71,2.5319,9.4948,2.312,NO
548,8.811,4.598,0.003,0.005,4.607,1.916,10.20,9.16,6.16,2.16,2.4741,9.2779,2.340,NO
549,8.532,4.453,0.003,0.005,4.461,1.916,10.20,7.71,4.71,0.71,2.4232,9.0870,2.367,NO
550,7.943,4.146,0.003,0.005,4.154,1.916,10.20,6.47,3.47,-0.53,2.3157,8.6838,2.429,NO
551,7.601,3.968,0.003,0.005,3.976,1.916,10.20,5.51,2.51,-1.49,1.5773,8.4499,2.470,NO
552,7.726,4.033,0.003,0.005,4.042,1.916,10.20,4.91,1.91,-2.09,1.5932,8.5352,2.455,NO
553,7.974,4.163,0.003,0.005,4.172,1.915,10.20,4.77,1.77,-2.23,1.6251,8.7058,2.426,NO
554,7.926,4.138,0.003,0.005,4.147,1.915,10.20,4.98,1.98,-2.02,1.6189,8.6729,2.432,NO
555,7.663,4.001,0.003,0.005,4.010,1.915,10.20,5.58,2.58,-1.42,1.5853,8.4925,2.463,NO
556,8.143,4.252,0.003,0.005,4.261,1.915,10.20,6.53,3.53,-0.47,1.6467,8.8217,2.407,NO
557,8.546,4.463,0.003,0.005,4.472,1.915,10.20,7.77,4.77,0.77,1.6983,9.0980,2.366,NO
558,8.931,4.664,0.003,0.005,4.673,1.915,10.20,9.22,6.22,2.22,1.7475,9.3617,2.329,NO
559,8.994,4.698,0.003,0.005,4.706,1.915,10.20,10.77,7.77,3.77,2.5081,9.4053,2.324,NO
560,9.613,5.021,0.003,0.005,5.030,1.914,10.20,12.33,9.33,5.33,2.6212,9.8294,2.272,NO
561,9.961,5.204,0.003,0.005,5.212,1.914,10.20,13.77,10.77,6.77,2.6848,10.0682,2.246,NO
562,9.862,5.152,0.003,0.005,5.161,1.914,10.20,15.02,12.02,8.02,2.6667,10.0001,2.253,NO
563,10.379,5.423,0.004,0.006,5.432,1.914,10.21,15.97,12.97,8.97,2.7614,10.3553,2.217,NO
564,10.306,5.385,0.003,0.006,5.394,1.914,10.21,16.57,13.57,9.57,2.7481,10.3053,2.222,NO
565,10.633,5.556,0.004,0.006,5.567,1.914,10.21,16.77,13.77,9.77,4.2119,10.5298,2.201,NO
566,10.527,5.502,0.004,0.006,5.511,1.914,10.21,16.57,13.57,9.57,4.1830,10.4575,2.207,NO
567,10.181,5.321,0.003,0.006,5.330,1.913,10.20,15.97,12.97,8.97,4.0880,10.2200,2.231,NO
568,9.770,5.106,0.003,0.005,5.115,1.913,10.20,15.02,12.02,8.02,3.9752,9.9380,2.261,NO
569,9.768,5.106,0.003,0.005,5.114,1.913,10.20,13.77,10.77,6.77,3.9748,9.9370,2.261,NO
570,9.589,5.013,0.003,0.005,5.021,1.913,10.20,12.33,9.33,5.33,3.9259,9.8146,2.275,NO
571,9.093,4.754,0.003,0.005,4.762,1.913,10.20,10.77,7.77,3.77,2.5267,9.4751,2.316,NO
572,8.402,4.393,0.003,0.005,4.401,1.913,10.20,9.22,6.22,2.22,2.4004,9.0016,2.381,NO
573,8.642,4.519,0.003,0.005,4.527,1.912,10.20,7.77,4.77,0.77,2.4443,9.1661,2.357,NO
574,7.837,4.098,0.003,0.005,4.107,1.912,10.20,6.53,3.53,-0.47,2.2973,8.6149,2.443,NO
575,8.025,4.197,0.003,0.005,4.205,1.912,10.20,5.58,2.58,-1.42,1.6322,8.7437,2.421,NO
576,7.680,4.016,0.003,0.005,4.025,1.912,10.20,4.98,1.98,-2.02,1.5880,8.5071,2.462,NO
577,7.927,4.146,0.003,0.005,4.155,1.912,10.20,4.84,1.84,-2.16,1.6197,8.6770,2.432,NO
578,7.601,3.976,0.003,0.005,3.985,1.912,10.20,5.05,2.05,-1.95,1.5780,8.4537,2.471,NO
579,7.800,4.080,0.003,0.005,4.089,1.912,10.20,5.65,2.65,-1.35,1.6035,8.5899,2.447,NO
580,7.954,4.161,0.003,0.005,4.170,1.911,10.20,6.60,3.60,-0.40,1.6233,8.6960,2.429,NO
581,8.616,4.508,0.003,0.005,4.516,1.911,10.20,7.84,4.84,0.84,1.7079,9.1492,2.360,NO
582,8.962,4.689,0.003,0.005,4.698,1.911,10.20,9.29,6.29,2.29,1.7522,9.3870,2.328,NO
583,8.712,4.559,0.003,0.005,4.567,1.911,10.20,10.84,7.84,3.84,2.4575,9.2155,2.351,NO
584,9.434,4.937,0.003,0.005,4.945,1.911,10.20,12.39,9.39,5.39,2.5895,9.7108,2.287,NO
585,9.977,5.221,0.003,0.005,5.230,1.911,10.20,13.84,10.84,6.84,2.6888,10.0830,2.246,NO
586,9.726,5.091,0.003,0.005,5.099,1.911,10.20,15.08,12.08,8.08,2.6430,9.9114,2.265,NO
587,10.364,5.425,0.003,0.006,5.435,1.910,10.21,16.04,13.04,9.04,2.7599,10.3496,2.219,NO
588,10.483,5.488,0.004,0.006,5.498,1.910,10.21,16.64,13.64,9.64,2.7817,10.4315,2.211,NO
589,10.375,5.432,0.004,0.006,5.441,1.910,10.21,16.84,13.84,9.84,4.1429,10.3572,2.218,NO
590,10.472,5.483,0.004,0.006,5.492,1.910,10.21,16.64,13.64,9.64,4.1696,10.4239,2.212,NO
591,10.309,5.398,0.003,0.006,5.407,1.910,10.21,16.04,13.04,9.04,4.1250,10.3125,2.223,NO
592,9.986,5.229,0.003,0.005,5.237,1.910,10.20,15.08,12.08,8.08,4.0362,10.0905,2.246,NO
593,9.685,5.072,0.003,0.005,5.080,1.910,10.20,13.84,10.84,6.84,3.9537,9.8843,2.268,NO
594,9.367,4.905,0.003,0.005,4.914,1.909,10.20,12.39,9.39,5.39,3.8665,9.6662,2.293,NO
595,8.923,4.673,0.003,0.005,4.682,1.909,10.20,10.84,7.84,3.84,2.4966,9.3622,2.332,NO
596,8.475,4.439,0.003,0.005,4.448,1.909,10.20,9.29,6.29,2.29,2.4148,9.0554,2.374,NO
597,8.164,4.277,0.003,0.005,4.285,1.909,10.20,7.84,4.84,0.84,2.3579,8.8421,2.407,NO
598,7.738,4.054,0.003,0.005,4.062,1.909,10.20,6.60,3.60,-0.40,2.2801,8.5502,2.455,NO
599,7.606,3.985,0.003,0.005,3.994,1.909,10.20,5.65,2.65,-1.35,1.5792,8.4600,2.472,NO
600,7.698,4.034,0.003,0.005,4.042,1.909,10.20,5.05,2.05,-1.95,1.5910,8.5231,2.460,NO
601,7.917,4.149,0.003,0.005,4.157,1.908,10.20,4.91,1.91,-2.09,1.6190,8.6735,2.434,NO
602,7.732,4.052,0.003,0.005,4.060,1.908,10.20,5.12,2.12,-1.88,1.5954,8.5467,2.456,NO
603,7.659,4.014,0.003,0.005,4.022,1.908,10.20,5.72,2.72,-1.28,1.5860,8.4964,2.465,NO
604,7.833,4.105,0.003,0.005,4.114,1.908,10.20,6.67,3.67,-0.33,1.6083,8.6161,2.444,NO
605,8.249,4.324,0.003,0.005,4.332,1.908,10.20,7.91,4.91,0.91,1.6616,8.9014,2.398,NO
606,8.691,4.556,0.003,0.005,4.564,1.908,10.20,9.36,6.36,2.36,1.7183,9.2050,2.354,NO
607,8.991,4.713,0.003,0.005,4.722,1.908,10.20,10.91,7.91,3.91,2.5095,9.4107,2.326,NO
608,9.177,4.811,0.003,0.005,4.820,1.907,10.20,12.46,9.46,5.46,2.5436,9.5386,2.310,NO
609,9.842,5.160,0.003,0.005,5.169,1.907,10.20,13.91,10.91,6.91,2.6652,9.9946,2.257,NO
610,9.978,5.232,0.003,0.005,5.240,1.907,10.20,15.15,12.15,8.15,2.6901,10.0880,2.247,NO
611,10.030,5.260,0.003,0.005,5.268,1.907,10.20,16.11,13.11,9.11,2.6997,10.1240,2.243,NO
612,10.437,5.474,0.004,0.006,5.483,1.907,10.21,16.71,13.71,9.71,2.7745,10.4043,2.215,NO
613,10.262,5.382,0.003,0.006,5.391,1.907,10.21,16.91,13.91,9.91,4.1135,10.2838,2.227,NO
614,10.451,5.482,0.004,0.006,5.491,1.907,10.21,16.71,13.71,9.71,4.1656,10.4141,2.214,NO
615,10.032,5.263,0.003,0.005,5.271,1.906,10.20,16.11,13.11,9.11,4.0507,10.1267,2.243,NO
616,9.812,5.148,0.003,0.005,5.156,1.906,10.20,15.15,12.15,8.15,3.9903,9.9758,2.259,NO
617,9.948,5.219,0.003,0.005,5.228,1.906,10.20,13.91,10.91,6.91,4.0276,10.0690,2.249,NO
618,9.627,5.051,0.003,0.005,5.060,1.906,10.20,12.46,9.46,5.46,3.9396,9.8490,2.273,NO
619,9.108,4.779,0.003,0.005,4.788,1.906,10.20,10.91,7.91,3.91,2.5315,9.4930,2.316,NO
620,8.487,4.454,0.003,0.005,4.462,1.906,10.20,9.36,6.36,2.36,2.4180,9.0674,2.374,NO
621,8.464,4.442,0.003,0.005,4.450,1.905,10.20,7.91,4.91,0.91,2.4136,9.0512,2.377,NO
622,7.997,4.197,0.003,0.005,4.206,1.905,10.20,6.67,3.67,-0.33,2.3284,8.7313,2.426,NO
623,7.970,4.183,0.003,0.005,4.192,1.905,10.20,5.72,2.72,-1.28,1.6264,8.7130,2.429,NO
624,7.906,4.150,0.003,0.005,4.159,1.905,10.20,5.12,2.12,-1.88,1.6183,8.6692,2.437,NO
625,6.488,3.406,0.003,0.005,3.414,1.905,10.20,4.98,1.98,-2.02,1.4366,7.6959,2.636,NO
626,6.418,3.369,0.003,0.005,3.378,1.905,10.20,5.19,2.19,-1.81,1.4276,7.6481,2.648,NO
627,6.327,3.322,0.003,0.005,3.330,1.905,10.20,5.79,2.79,-1.21,1.4160,7.5859,2.664,NO
628,6.537,3.433,0.003,0.005,3.441,1.904,10.20,6.74,3.74,-0.26,1.4430,7.7303,2.628,NO
629,6.661,3.498,0.003,0.005,3.507,1.904,10.20,7.98,4.98,0.98,1.4589,7.8156,2.607,NO
630,7.269,3.818,0.003,0.005,3.826,1.904,10.20,9.43,6.43,2.43,1.5368,8.2330,2.517,NO
631,7.422,3.898,0.003,0.005,3.906,1.904,10.20,10.98,7.98,3.98,2.2234,8.3378,2.496,NO
632,8.224,4.319,0.003,0.005,4.328,1.904,10.20,12.54,9.54,5.54,2.3702,8.8882,2.402,NO
633,8.521,4.476,0.003,0.005,4.484,1.904,10.20,13.98,10.98,6.98,2.4246,9.0923,2.371,NO
634,8.633,4.535,0.003,0.005,4.543,1.904,10.20,15.23,12.23,8.23,2.4451,9.1692,2.360,NO
635,9.001,4.729,0.003,0.005,4.738,1.903,10.20,16.18,13.18,9.18,2.5127,9.4225,2.326,NO
636,9.021,4.739,0.003,0.005,4.748,1.903,10.20,16.78,13.78,9.78,2.5163,9.4359,2.325,NO
637,8.719,4.581,0.003,0.005,4.590,1.903,10.20,16.98,13.98,9.98,2.4611,9.2289,2.352,NO
638,8.642,4.541,0.003,0.005,4.550,1.903,10.20,16.78,13.78,9.78,2.4471,9.1766,2.360,NO
639,9.086,4.775,0.003,0.005,4.783,1.903,10.20,16.18,13.18,9.18,2.5283,9.4813,2.319,NO
640,8.873,4.663,0.003,0.005,4.672,1.903,10.20,15.23,12.23,8.23,2.4894,9.3353,2.338,NO
641,8.241,4.332,0.003,0.005,4.340,1.903,10.20,13.98,10.98,6.98,2.3738,8.9018,2.400,NO
642,8.160,4.289,0.003,0.005,4.298,1.902,10.20,12.54,9.54,5.54,2.3589,8.8458,2.409,NO
643,7.387,3.883,0.003,0.005,3.892,1.902,10.20,10.98,7.98,3.98,2.2175,8.3156,2.501,NO
644,7.450,3.917,0.003,0.005,3.925,1.902,10.20,9.43,6.43,2.43,2.2290,8.3589,2.493,NO
645,6.704,3.525,0.003,0.005,3.533,1.902,10.20,7.98,4.98,0.98,2.0925,7.8468,2.601,NO
646,6.464,3.399,0.003,0.005,3.407,1.902,10.20,6.74,3.74,-0.26,2.0485,7.6821,2.641,NO
647,6.327,3.327,0.003,0.005,3.336,1.902,10.20,5.79,2.79,-1.21,1.4165,7.5881,2.665,NO
648,6.592,3.467,0.003,0.005,3.475,1.902,10.20,5.19,2.19,-1.81,1.4504,7.7702,2.619,NO
649,6.648,3.497,0.003,0.005,3.505,1.901,10.20,5.06,2.06,-1.94,1.4577,7.8091,2.610,NO
650,6.544,3.442,0.003,0.005,3.451,1.901,10.20,5.27,2.27,-1.73,1.4444,7.7377,2.627,NO
651,6.625,3.485,0.003,0.005,3.494,1.901,10.20,5.86,2.86,-1.14,1.4548,7.7935,2.614,NO
652,7.016,3.690,0.003,0.005,3.699,1.901,10.20,6.82,3.82,-0.18,1.5048,8.0616,2.554,NO
653,6.862,3.610,0.003,0.005,3.619,1.901,10.20,8.06,5.06,1.06,1.4852,7.9565,2.577,NO
654,7.515,3.954,0.003,0.005,3.962,1.901,10.20,9.51,6.51,2.51,1.5689,8.4050,2.485,NO
655,7.539,3.967,0.003,0.005,3.975,1.901,10.20,11.06,8.06,4.06,2.2457,8.4215,2.482,NO
656,8.068,4.245,0.003,0.005,4.254,1.900,10.20,12.61,9.61,5.61,2.3426,8.7847,2.420,NO
657,8.288,4.362,0.003,0.005,4.370,1.900,10.20,14.06,11.06,7.06,2.3830,8.9361,2.396,NO
658,8.305,4.371,0.003,0.005,4.379,1.900,10.20,15.30,12.30,8.30,2.3862,8.9481,2.394,NO
659,8.959,4.715,0.003,0.005,4.724,1.900,10.20,16.26,13.26,9.26,2.5059,9.3973,2.331,NO
660,8.900,4.684,0.003,0.005,4.693,1.900,10.20,16.86,13.86,9.86,2.4951,9.3566,2.336,NO
661,9.235,4.861,0.003,0.005,4.870,1.900,10.20,17.06,14.06,10.06,2.5566,9.5873,2.307,NO
662,8.867,4.668,0.003,0.005,4.676,1.900,10.20,16.86,13.86,9.86,2.4892,9.3344,2.339,NO
663,8.507,4.479,0.003,0.005,4.487,1.899,10.20,16.26,13.26,9.26,2.4234,9.0876,2.374,NO
664,8.407,4.427,0.003,0.005,4.435,1.899,10.20,15.30,12.30,8.30,2.4051,9.0192,2.384,NO
665,8.198,4.317,0.003,0.005,4.325,1.899,10.20,14.06,11.06,7.06,2.3669,8.8757,2.406,NO
666,8.214,4.325,0.003,0.005,4.334,1.899,10.20,12.61,9.61,5.61,2.3697,8.8866,2.404,NO
667,7.626,4.016,0.003,0.005,4.025,1.899,10.20,11.06,8.06,4.06,2.2620,8.4826,2.472,NO
668,7.631,4.019,0.003,0.005,4.028,1.899,10.20,9.51,6.51,2.51,2.2631,8.4866,2.471,NO
669,6.753,3.557,0.003,0.005,3.565,1.899,10.20,8.06,5.06,1.06,2.1022,7.8833,2.594,NO
670,6.622,3.488,0.003,0.005,3.497,1.898,10.20,6.82,3.82,-0.18,2.0782,7.7932,2.615,NO
671,6.394,3.368,0.003,0.005,3.377,1.898,10.20,5.86,2.86,-1.14,1.4255,7.6367,2.654,NO
672,6.327,3.333,0.003,0.005,3.342,1.898,10.20,5.27,2.27,-1.73,1.4170,7.5910,2.666,NO
673,7.664,4.038,0.003,0.005,4.047,1.898,10.20,5.14,2.14,-1.86,1.5885,8.5098,2.467,NO
674,8.012,4.222,0.003,0.005,4.230,1.898,10.20,5.34,2.34,-1.66,1.6332,8.7493,2.427,NO
675,8.135,4.287,0.003,0.005,4.295,1.898,10.20,5.94,2.94,-1.06,1.6490,8.8338,2.413,NO
676,7.746,4.082,0.003,0.005,4.091,1.898,10.20,6.90,3.90,-0.10,1.5991,8.5664,2.458,NO
677,8.532,4.497,0.003,0.005,4.505,1.897,10.20,8.14,5.14,1.14,1.6999,9.1067,2.372,NO
678,8.938,4.711,0.003,0.005,4.720,1.897,10.20,9.59,6.59,2.59,1.7521,9.3863,2.334,NO
679,8.898,4.691,0.003,0.005,4.699,1.897,10.20,11.14,8.14,4.14,2.4957,9.3589,2.337,NO
680,9.312,4.909,0.003,0.005,4.917,1.897,10.20,12.69,9.69,5.69,2.5715,9.6430,2.301,NO
681,9.648,5.086,0.003,0.005,5.095,1.897,10.20,14.14,11.14,7.14,2.6332,9.8744,2.274,NO
682,9.978,5.261,0.003,0.005,5.269,1.897,10.20,15.38,12.38,8.38,2.6936,10.1010,2.250,NO
683,10.376,5.471,0.004,0.006,5.481,1.897,10.21,16.34,13.34,9.34,2.7669,10.3758,2.222,NO
684,10.525,5.550,0.004,0.006,5.560,1.896,10.21,16.93,13.93,9.93,2.7942,10.4783,2.212,NO
685,10.350,5.458,0.004,0.006,5.468,1.896,10.21,17.14,14.14,10.14,4.1431,10.3577,2.224,NO
686,10.288,5.426,0.003,0.006,5.435,1.896,10.21,16.93,13.93,9.93,4.1261,10.3153,2.228,NO
687,10.176,5.367,0.003,0.006,5.376,1.896,10.20,16.34,13.34,9.34,4.0955,10.2388,2.236,NO
688,9.756,5.146,0.003,0.005,5.155,1.896,10.20,15.38,12.38,8.38,3.9799,9.9497,2.266,NO
689,9.532,5.028,0.003,0.005,5.037,1.896,10.20,14.14,11.14,7.14,3.9183,9.7957,2.284,NO
690,9.201,4.854,0.003,0.005,4.863,1.896,10.20,12.69,9.69,5.69,3.8274,9.5686,2.311,NO
691,8.700,4.590,0.003,0.005,4.599,1.895,10.20,11.14,8.14,4.14,2.4599,9.2247,2.356,NO
692,8.671,4.575,0.003,0.005,4.584,1.895,10.20,9.59,6.59,2.59,2.4546,9.2048,2.359,NO
693,8.600,4.538,0.003,0.005,4.547,1.895,10.20,8.14,5.14,1.14,2.4416,9.1561,2.366,NO
694,8.260,4.359,0.003,0.005,4.367,1.895,10.20,6.90,3.90,-0.10,2.3792,8.9222,2.400,NO
695,8.077,4.263,0.003,0.005,4.271,1.895,10.20,5.94,2.94,-1.06,1.6421,8.7967,2.420,NO
696,7.530,3.974,0.003,0.005,3.983,1.895,10.20,5.34,2.34,-1.66,1.5718,8.4205,2.485,NO
697,7.618,4.021,0.003,0.005,4.030,1.895,10.20,5.22,2.22,-1.78,1.5832,8.4814,2.474,NO
698,7.905,4.173,0.003,0.005,4.182,1.894,10.20,5.42,2.42,-1.58,1.6201,8.6791,2.440,NO
699,8.012,4.230,0.003,0.005,4.238,1.894,10.20,6.02,3.02,-0.98,1.6339,8.7528,2.428,NO
700,8.324,4.395,0.003,0.005,4.403,1.894,10.20,6.98,3.98,-0.02,1.6739,8.9671,2.394,NO
701,8.345,4.406,0.003,0.005,4.415,1.894,10.20,8.22,5.22,1.22,1.6767,8.9822,2.392,NO
702,8.841,4.668,0.003,0.005,4.677,1.894,10.20,9.67,6.67,2.67,1.7403,9.3231,2.343,NO
703,9.070,4.790,0.003,0.005,4.798,1.894,10.20,11.22,8.22,4.22,2.5282,9.4806,2.323,NO
704,9.578,5.058,0.003,0.005,5.067,1.894,10.20,12.77,9.77,5.77,2.6214,9.8304,2.281,NO
705,9.417,4.974,0.003,0.005,4.982,1.893,10.20,14.22,11.22,7.22,2.5919,9.7197,2.294,NO
706,9.697,5.122,0.003,0.005,5.130,1.893,10.20,15.46,12.46,8.46,2.6433,9.9123,2.272,NO
707,9.921,5.241,0.003,0.005,5.249,1.893,10.20,16.42,13.42,9.42,2.6845,10.0669,2.255,NO
708,10.387,5.487,0.004,0.006,5.497,1.893,10.21,17.02,14.02,10.02,2.7701,10.3879,2.222,NO
709,10.208,5.393,0.003,0.006,5.402,1.893,10.20,17.22,14.22,10.22,4.1060,10.2649,2.235,NO
710,10.250,5.416,0.003,0.006,5.425,1.893,10.20,17.02,14.02,10.02,4.1174,10.2935,2.232,NO
711,10.130,5.352,0.003,0.006,5.361,1.893,10.20,16.42,13.42,9.42,4.0844,10.2110,2.240,NO
712,9.875,5.218,0.003,0.005,5.227,1.892,10.20,15.46,12.46,8.46,4.0143,10.0357,2.258,NO
713,9.861,5.212,0.003,0.005,5.220,1.892,10.20,14.22,11.22,7.22,4.0107,10.0267,2.259,NO
714,9.459,4.999,0.003,0.005,5.008,1.892,10.20,12.77,9.77,5.77,3.9001,9.7504,2.291,NO
715,9.279,4.904,0.003,0.005,4.913,1.892,10.20,11.22,8.22,4.22,2.5670,9.6262,2.305,NO
716,8.830,4.668,0.003,0.005,4.676,1.892,10.20,9.67,6.67,2.67,2.4848,9.3180,2.345,NO
717,8.308,4.392,0.003,0.005,4.400,1.892,10.20,8.22,5.22,1.22,2.3890,8.9586,2.396,NO
718,7.850,4.150,0.003,0.005,4.159,1.892,10.20,6.98,3.98,-0.02,2.3051,8.6441,2.447,NO
719,7.824,4.137,0.003,0.005,4.145,1.891,10.20,6.02,3.02,-0.98,1.6102,8.6263,2.450,NO
720,7.857,4.154,0.003,0.005,4.163,1.891,10.20,5.42,2.42,-1.58,1.6145,8.6488,2.446,NO
721,7.723,4.084,0.003,0.005,4.092,1.891,10.20,5.30,2.30,-1.70,1.5973,8.5569,2.462,NO
722,7.375,3.900,0.003,0.005,3.909,1.891,10.20,5.51,2.51,-1.49,1.5527,8.3180,2.506,NO
723,7.625,4.033,0.003,0.005,4.041,1.891,10.20,6.11,3.11,-0.89,1.5848,8.4900,2.474,NO
724,7.888,4.172,0.003,0.005,4.181,1.891,10.20,7.06,4.06,0.06,1.6186,8.6708,2.443,NO
725,8.290,4.385,0.003,0.005,4.394,1.891,10.20,8.30,5.30,1.30,1.6702,8.9477,2.399,NO
726,8.525,4.509,0.003,0.005,4.518,1.890,10.20,9.75,6.75,2.75,1.7004,9.1092,2.375,NO
727,8.895,4.706,0.003,0.005,4.714,1.890,10.20,11.30,8.30,4.30,2.4970,9.3639,2.339,NO
728,9.155,4.843,0.003,0.005,4.852,1.890,10.20,12.86,9.86,5.86,2.5448,9.5430,2.317,NO
729,9.420,4.984,0.003,0.005,4.993,1.890,10.20,14.30,11.30,7.30,2.5936,9.7261,2.294,NO
730,10.132,5.361,0.003,0.006,5.370,1.890,10.20,15.55,12.55,8.55,2.7242,10.2158,2.241,NO
731,10.090,5.340,0.003,0.006,5.349,1.890,10.20,16.50,13.50,9.50,2.7167,10.1875,2.244,NO
732,10.610,5.615,0.004,0.007,5.625,1.890,10.21,17.10,14.10,10.10,2.8122,10.5457,2.209,NO
733,10.082,5.336,0.003,0.006,5.345,1.889,10.20,17.30,14.30,10.30,4.0729,10.1822,2.244,NO
734,10.455,5.534,0.004,0.006,5.544,1.889,10.21,17.10,14.10,10.10,4.1759,10.4396,2.219,NO
735,10.123,5.358,0.003,0.006,5.367,1.889,10.20,16.50,13.50,9.50,4.0842,10.2105,2.242,NO
736,9.850,5.214,0.003,0.005,5.223,1.889,10.20,15.55,12.55,8.55,4.0091,10.0228,2.261,NO
737,9.545,5.053,0.003,0.005,5.062,1.889,10.20,14.30,11.30,7.30,3.9252,9.8131,2.285,NO
738,9.545,5.054,0.003,0.005,5.062,1.889,10.20,12.86,9.86,5.86,3.9253,9.8131,2.285,NO
739,9.268,4.908,0.003,0.005,4.916,1.889,10.20,11.30,8.30,4.30,2.5662,9.6232,2.307,NO
740,8.947,4.738,0.003,0.005,4.747,1.888,10.20,9.75,6.75,2.75,2.5072,9.4021,2.335,NO
741,8.037,4.257,0.003,0.005,4.265,1.888,10.20,8.30,5.30,1.30,2.3403,8.7762,2.426,NO
742,7.993,4.233,0.003,0.005,4.242,1.888,10.20,7.06,4.06,0.06,2.3322,8.7457,2.432,NO
743,7.553,4.001,0.003,0.005,4.009,1.888,10.20,6.11,3.11,-0.89,1.5761,8.4431,2.484,NO
744,7.993,4.234,0.003,0.005,4.243,1.888,10.20,5.51,2.51,-1.49,1.6326,8.7460,2.432,NO
745,7.525,3.987,0.003,0.005,3.995,1.888,10.20,5.39,2.39,-1.61,1.5725,8.4242,2.488,NO
746,7.547,3.999,0.003,0.005,4.007,1.888,10.20,5.59,2.59,-1.41,1.5754,8.4396,2.485,NO
747,7.725,4.093,0.003,0.005,4.102,1.887,10.20,6.19,3.19,-0.81,1.5982,8.5620,2.463,NO
748,7.775,4.120,0.003,0.005,4.128,1.887,10.20,7.15,4.15,0.15,1.6046,8.5963,2.457,NO
749,8.049,4.265,0.003,0.005,4.274,1.887,10.20,8.39,5.39,1.39,1.6399,8.7851,2.426,NO
750,8.485,4.497,0.003,0.005,4.505,1.887,10.20,9.84,6.84,2.84,1.6960,9.0858,2.380,NO
751,9.193,4.872,0.003,0.005,4.881,1.887,10.20,11.39,8.39,4.39,2.5529,9.5734,2.314,NO
752,9.367,4.965,0.003,0.005,4.974,1.887,10.20,12.94,9.94,5.94,2.5849,9.6933,2.300,NO
753,9.467,5.018,0.003,0.005,5.027,1.887,10.20,14.39,11.39,7.39,2.6032,9.7620,2.292,NO
754,9.804,5.197,0.003,0.005,5.206,1.886,10.20,15.63,12.63,8.63,2.6653,9.9947,2.265,NO
755,10.201,5.408,0.003,0.006,5.418,1.886,10.20,16.59,13.59,9.59,2.7383,10.2685,2.237,NO
756,10.488,5.561,0.004,0.006,5.571,1.886,10.21,17.19,14.19,10.19,2.7910,10.4664,2.218,NO
757,10.071,5.340,0.003,0.006,5.349,1.886,10.20,17.39,14.39,10.39,4.0716,10.1790,2.246,NO
758,10.196,5.407,0.003,0.006,5.416,1.886,10.20,17.19,14.19,10.19,4.1062,10.2654,2.237,NO
759,10.159,5.387,0.003,0.006,5.397,1.886,10.20,16.59,13.59,9.59,4.0960,10.2399,2.240,NO
760,9.921,5.262,0.003,0.005,5.270,1.886,10.20,15.63,12.63,8.63,4.0304,10.0759,2.257,NO
761,9.650,5.118,0.003,0.005,5.127,1.885,10.20,14.39,11.39,7.39,3.9559,9.8897,2.277,NO
762,9.324,4.946,0.003,0.005,4.955,1.885,10.20,12.94,9.94,5.94,3.8662,9.6655,2.304,NO
763,8.862,4.701,0.003,0.005,4.710,1.885,10.20,11.39,8.39,4.39,2.4927,9.3475,2.344,NO
764,8.849,4.695,0.003,0.005,4.703,1.885,10.20,9.84,6.84,2.84,2.4903,9.3386,2.345,NO
765,8.572,4.548,0.003,0.005,4.557,1.885,10.20,8.39,5.39,1.39,2.4394,9.1479,2.372,NO
766,8.148,4.324,0.003,0.005,4.332,1.885,10.20,7.15,4.15,0.15,2.3617,8.8563,2.415,NO
767,8.154,4.327,0.003,0.005,4.335,1.885,10.20,6.19,3.19,-0.81,1.6539,8.8600,2.415,NO
768,7.758,4.117,0.003,0.005,4.125,1.884,10.20,5.59,2.59,-1.41,1.6030,8.5873,2.460,NO
769,7.617,4.042,0.003,0.005,4.051,1.884,10.20,5.48,2.48,-1.52,1.5849,8.4906,2.477,NO
770,7.535,3.999,0.003,0.005,4.008,1.884,10.20,5.68,2.68,-1.32,1.5744,8.4342,2.487,NO
771,7.743,4.110,0.003,0.005,4.119,1.884,10.20,6.28,3.28,-0.72,1.6012,8.5779,2.462,NO
772,7.985,4.239,0.003,0.005,4.247,1.884,10.20,7.24,4.24,0.24,1.6323,8.7445,2.434,NO
773,8.307,4.410,0.003,0.005,4.419,1.884,10.20,8.48,5.48,1.48,1.6738,8.9668,2.399,NO
774,8.605,4.568,0.003,0.005,4.577,1.884,10.20,9.93,6.93,2.93,1.7121,9.1718,2.369,NO
775,9.256,4.914,0.003,0.005,4.923,1.883,10.20,11.48,8.48,4.48,2.5654,9.6204,2.310,NO
776,9.505,5.047,0.003,0.005,5.056,1.883,10.20,13.03,10.03,6.03,2.6113,9.7923,2.289,NO
777,9.707,5.155,0.003,0.005,5.164,1.883,10.20,14.48,11.48,7.48,2.6485,9.9318,2.274,NO
778,10.236,5.436,0.003,0.006,5.446,1.883,10.20,15.72,12.72,8.72,2.7459,10.2969,2.235,NO
779,9.973,5.297,0.003,0.005,5.305,1.883,10.20,16.68,13.68,9.68,2.6974,10.1151,2.254,NO
780,10.011,5.317,0.003,0.005,5.326,1.883,10.20,17.27,14.27,10.27,2.7044,10.1415,2.251,NO
781,10.367,5.507,0.004,0.006,5.517,1.883,10.21,17.48,14.48,10.48,4.1551,10.3876,2.227,NO
782,10.475,5.565,0.004,0.006,5.575,1.882,10.21,17.27,14.27,10.27,4.1850,10.4624,2.220,NO
783,10.128,5.381,0.003,0.006,5.390,1.882,10.20,16.68,13.68,9.68,4.0893,10.2233,2.243,NO
784,9.987,5.306,0.003,0.005,5.315,1.882,10.20,15.72,12.72,8.72,4.0505,10.1261,2.253,NO
785,9.370,4.979,0.003,0.005,4.987,1.882,10.20,14.48,11.48,7.48,3.8803,9.7008,2.301,NO
786,9.650,5.128,0.003,0.005,5.137,1.882,10.20,13.03,10.03,6.03,3.9577,9.8942,2.278,NO
787,8.931,4.747,0.003,0.005,4.755,1.882,10.20,11.48,8.48,4.48,2.5064,9.3990,2.339,NO
788,8.781,4.667,0.003,0.005,4.676,1.882,10.20,9.93,6.93,2.93,2.4789,9.2958,2.352,NO
789,8.183,4.350,0.003,0.005,4.358,1.881,10.20,8.48,5.48,1.48,2.3690,8.8837,2.412,NO
790,8.328,4.427,0.003,0.005,4.435,1.881,10.20,7.24,4.24,0.24,2.3955,8.9833,2.397,NO
791,7.725,4.107,0.003,0.005,4.115,1.881,10.20,6.28,3.28,-0.72,1.5994,8.5684,2.465,NO
792,7.917,4.209,0.003,0.005,4.218,1.881,10.20,5.68,2.68,-1.32,1.6241,8.7008,2.442,NO
793,6.327,3.364,0.003,0.005,3.373,1.881,10.20,5.57,2.57,-1.43,1.4196,7.6048,2.671,NO
794,6.515,3.464,0.003,0.005,3.473,1.881,10.20,5.78,2.78,-1.22,1.4437,7.7343,2.638,NO
795,6.692,3.559,0.003,0.005,3.567,1.881,10.20,6.37,3.37,-0.63,1.4666,7.8569,2.609,NO
796,6.522,3.469,0.003,0.005,3.477,1.880,10.20,7.33,4.33,0.33,1.4448,7.7399,2.637,NO
797,6.720,3.574,0.003,0.005,3.583,1.880,10.20,8.57,5.57,1.57,1.4702,7.8760,2.605,NO
798,7.543,4.012,0.003,0.005,4.021,1.880,10.20,10.02,7.02,3.02,1.5761,8.4436,2.488,NO
799,7.620,4.053,0.003,0.005,4.062,1.880,10.20,11.57,8.57,4.57,2.2659,8.4970,2.478,NO
800,8.270,4.399,0.003,0.005,4.408,1.880,10.20,13.12,10.12,6.12,2.3854,8.9453,2.404,NO
801,8.358,4.446,0.003,0.005,4.455,1.880,10.20,14.57,11.57,7.57,2.4015,9.0056,2.395,NO
802,8.819,4.692,0.003,0.005,4.701,1.880,10.20,15.81,12.81,8.81,2.4863,9.3238,2.349,NO
803,9.126,4.856,0.003,0.005,4.864,1.879,10.20,16.77,13.77,9.77,2.5428,9.5356,2.322,NO
804,8.949,4.762,0.003,0.005,4.771,1.879,10.20,17.37,14.37,10.37,2.5104,9.4140,2.338,NO
805,8.961,4.769,0.003,0.005,4.778,1.879,10.20,17.57,14.57,10.57,2.5127,9.4225,2.337,NO
806,9.066,4.825,0.003,0.005,4.834,1.879,10.20,17.37,14.37,10.37,2.5320,9.4951,2.327,NO
807,8.909,4.742,0.003,0.005,4.750,1.879,10.20,16.77,13.77,9.77,2.5031,9.3868,2.341,NO
808,8.756,4.661,0.003,0.005,4.669,1.879,10.20,15.81,12.81,8.81,2.4750,9.2814,2.356,NO
809,8.000,4.259,0.003,0.005,4.268,1.879,10.20,14.57,11.57,7.57,2.3362,8.7606,2.433,NO
810,8.228,4.381,0.003,0.005,4.389,1.878,10.20,13.12,10.12,6.12,2.3781,8.9180,2.408,NO
811,7.363,3.920,0.003,0.005,3.929,1.878,10.20,11.57,8.57,4.57,2.2190,8.3214,2.511,NO
812,7.255,3.863,0.003,0.005,3.872,1.878,10.20,10.02,7.02,3.02,2.1992,8.2471,2.526,NO
813,7.234,3.852,0.003,0.005,3.861,1.878,10.20,8.57,5.57,1.57,2.1954,8.2327,2.529,NO
814,6.947,3.699,0.003,0.005,3.708,1.878,10.20,7.33,4.33,0.33,2.1426,8.0346,2.570,NO
815,6.608,3.519,0.003,0.005,3.528,1.878,10.20,6.37,3.37,-0.63,1.4563,7.8014,2.623,NO
816,6.327,3.370,0.003,0.005,3.378,1.878,10.20,5.78,2.78,-1.22,1.4201,7.6075,2.672,NO
817,6.406,3.412,0.003,0.005,3.421,1.877,10.20,5.66,2.66,-1.34,1.4302,7.6620,2.658,NO
818,6.643,3.538,0.003,0.005,3.547,1.877,10.20,5.87,2.87,-1.13,1.4607,7.8253,2.618,NO
819,6.757,3.600,0.003,0.005,3.608,1.877,10.20,6.47,3.47,-0.53,1.4755,7.9043,2.600,NO
820,6.836,3.642,0.003,0.005,3.651,1.877,10.20,7.42,4.42,0.42,1.4857,7.9593,2.587,NO
821,7.058,3.760,0.003,0.005,3.769,1.877,10.20,8.66,5.66,1.66,1.5143,8.1121,2.554,NO
822,7.017,3.739,0.003,0.006,3.748,1.877,10.20,10.11,7.11,3.11,1.5091,8.0843,2.560,NO
823,7.813,4.164,0.003,0.006,4.172,1.877,10.20,11.66,8.66,4.66,2.3022,8.6334,2.456,NO
824,7.913,4.217,0.003,0.006,4.226,1.876,10.20,13.22,10.22,6.22,2.3207,8.7026,2.444,NO
825,8.239,4.391,0.003,0.006,4.400,1.876,10.20,14.66,11.66,7.66,2.3807,8.9276,2.408,NO
826,8.654,4.613,0.003,0.006,4.621,1.876,10.20,15.91,12.91,8.91,2.4571,9.2140,2.366,NO
827,8.602,4.585,0.003,0.006,4.594,1.876,10.20,16.86,13.86,9.86,2.4474,9.1779,2.371,NO
828,9.248,4.930,0.003,0.006,4.939,1.876,10.20,17.46,14.46,10.46,2.5664,9.6242,2.313,NO
829,8.839,4.712,0.003,0.006,4.721,1.876,10.20,17.66,14.66,10.66,2.4912,9.3419,2.349,NO
830,8.690,4.633,0.003,0.006,4.642,1.876,10.20,17.46,14.46,10.46,2.4638,9.2391,2.363,NO
831,8.766,4.674,0.003,0.006,4.683,1.875,10.20,16.86,13.86,9.86,2.4778,9.2916,2.356,NO
832,8.839,4.713,0.003,0.006,4.722,1.875,10.20,15.91,12.91,8.91,2.4913,9.3425,2.349,NO
833,8.123,4.332,0.003,0.006,4.341,1.875,10.20,14.66,11.66,7.66,2.3597,8.8489,2.421,NO
834,8.113,4.327,0.003,0.006,4.336,1.875,10.20,13.22,10.22,6.22,2.3579,8.8421,2.422,NO
835,7.420,3.958,0.003,0.006,3.966,1.875,10.20,11.66,8.66,4.66,2.2304,8.3638,2.505,NO
836,7.551,4.028,0.003,0.006,4.036,1.875,10.20,10.11,7.11,3.11,2.2545,8.4542,2.488,NO
837,6.741,3.596,0.003,0.006,3.605,1.875,10.20,8.66,5.66,1.66,2.1055,7.8958,2.603,NO
838,6.867,3.663,0.003,0.006,3.672,1.874,10.20,7.42,4.42,0.42,2.1287,7.9826,2.583,NO
839,6.327,3.376,0.003,0.006,3.384,1.874,10.20,6.47,3.47,-0.53,1.4205,7.6101,2.673,NO
840,6.549,3.494,0.003,0.006,3.503,1.874,10.20,5.87,2.87,-1.13,1.4491,7.7633,2.634,NO
841,7.668,4.091,0.003,0.006,4.100,1.874,10.20,5.76,2.76,-1.24,1.5933,8.5355,2.474,NO
842,7.761,4.141,0.003,0.006,4.150,1.874,10.20,5.97,2.97,-1.03,1.6053,8.5998,2.463,NO
843,7.512,4.009,0.003,0.006,4.018,1.874,10.20,6.56,3.56,-0.44,1.5732,8.4281,2.493,NO
844,8.130,4.339,0.003,0.006,4.348,1.874,10.20,7.52,4.52,0.52,1.6529,8.8550,2.420,NO
845,8.299,4.430,0.003,0.006,4.438,1.874,10.20,8.76,5.76,1.76,1.6747,8.9716,2.402,NO
846,8.848,4.723,0.003,0.006,4.732,1.873,10.20,10.21,7.21,3.21,1.7454,9.3506,2.349,NO
847,9.244,4.935,0.003,0.006,4.944,1.873,10.20,11.76,8.76,4.76,2.5666,9.6246,2.314,NO
848,9.381,5.008,0.003,0.006,5.017,1.873,10.20,13.31,10.31,6.31,2.5918,9.7193,2.302,NO
849,9.790,5.227,0.003,0.006,5.236,1.873,10.20,14.76,11.76,7.76,2.6671,10.0017,2.270,NO
850,10.185,5.438,0.003,0.006,5.448,1.873,10.20,16.00,13.00,9.00,2.7399,10.2747,2.242,NO
851,9.814,5.241,0.003,0.006,5.249,1.873,10.20,16.96,13.96,9.96,2.6716,10.0184,2.269,NO
852,9.960,5.319,0.003,0.006,5.328,1.873,10.20,17.56,14.56,10.56,2.6986,10.1197,2.258,NO
853,10.562,5.641,0.004,0.007,5.651,1.872,10.21,17.76,14.76,10.76,4.2145,10.5362,2.217,NO
854,10.020,5.352,0.003,0.006,5.360,1.872,10.20,17.56,14.56,10.56,4.0644,10.1611,2.254,NO
855,10.399,5.555,0.004,0.006,5.565,1.872,10.21,16.96,13.96,9.96,4.1695,10.4238,2.227,NO
856,9.980,5.331,0.003,0.006,5.340,1.872,10.20,16.00,13.00,9.00,4.0537,10.1342,2.256,NO
857,9.466,5.057,0.003,0.006,5.066,1.872,10.20,14.76,11.76,7.76,3.9116,9.7791,2.296,NO
858,9.468,5.059,0.003,0.006,5.067,1.872,10.20,13.31,10.31,6.31,3.9124,9.7810,2.296,NO
859,9.072,4.847,0.003,0.006,4.856,1.872,10.20,11.76,8.76,4.76,2.5353,9.5074,2.329,NO
860,8.630,4.612,0.003,0.006,4.620,1.871,10.20,10.21,7.21,3.21,2.4541,9.2027,2.370,NO
861,8.608,4.600,0.003,0.006,4.609,1.871,10.20,8.76,5.76,1.76,2.4500,9.1876,2.372,NO
862,7.832,4.186,0.003,0.006,4.195,1.871,10.20,7.52,4.52,0.52,2.3073,8.6522,2.455,NO
863,7.547,4.034,0.003,0.006,4.043,1.871,10.20,6.56,3.56,-0.44,1.5783,8.4554,2.490,NO
864,7.815,4.177,0.003,0.006,4.186,1.871,10.20,5.97,2.97,-1.03,1.6129,8.6407,2.457,NO
865,7.521,4.021,0.003,0.006,4.029,1.871,10.20,5.86,2.86,-1.14,1.5751,8.4379,2.493,NO
866,7.665,4.098,0.003,0.006,4.107,1.871,10.20,6.06,3.06,-0.94,1.5936,8.5374,2.475,NO
867,7.509,4.014,0.003,0.006,4.023,1.870,10.20,6.66,3.66,-0.34,1.5735,8.4294,2.495,NO
868,8.075,4.318,0.003,0.006,4.326,1.870,10.20,7.62,4.62,0.62,1.6465,8.8205,2.427,NO
869,8.495,4.543,0.003,0.006,4.551,1.870,10.20,8.86,5.86,1.86,1.7007,9.1111,2.383,NO
870,8.786,4.699,0.003,0.006,4.707,1.870,10.20,10.31,7.31,3.31,1.7383,9.3121,2.355,NO
871,8.905,4.763,0.003,0.006,4.771,1.870,10.20,11.86,8.86,4.86,2.5052,9.3946,2.344,NO
872,9.628,5.149,0.003,0.006,5.158,1.870,10.20,13.41,10.41,6.41,2.6383,9.8936,2.284,NO
873,9.664,5.169,0.003,0.006,5.178,1.870,10.20,14.86,11.86,7.86,2.6450,9.9188,2.281,NO
874,10.194,5.453,0.003,0.006,5.462,1.869,10.20,16.10,13.10,9.10,2.7427,10.2853,2.242,NO
875,9.871,5.280,0.003,0.006,5.289,1.869,10.20,17.06,14.06,10.06,2.6832,10.0619,2.265,NO
876,10.117,5.413,0.003,0.006,5.422,1.869,10.20,17.66,14.66,10.66,2.7287,10.2327,2.248,NO
877,10.278,5.499,0.003,0.006,5.509,1.869,10.21,17.86,14.86,10.86,4.1376,10.3440,2.236,NO
878,10.040,5.372,0.003,0.006,5.381,1.869,10.20,17.66,14.66,10.66,4.0719,10.1797,2.253,NO
879,10.148,5.430,0.003,0.006,5.439,1.869,10.20,17.06,14.06,10.06,4.1017,10.2542,2.246,NO
880,10.040,5.373,0.003,0.006,5.382,1.869,10.20,16.10,13.10,9.10,4.0719,10.1798,2.253,NO
881,9.722,5.203,0.003,0.006,5.212,1.868,10.20,14.86,11.86,7.86,3.9842,9.9606,2.277,NO
882,9.346,5.002,0.003,0.006,5.011,1.868,10.20,13.41,10.41,6.41,3.8803,9.7008,2.307,NO
883,9.033,4.835,0.003,0.006,4.844,1.868,10.20,11.86,8.86,4.86,2.5293,9.4849,2.333,NO
884,8.337,4.463,0.003,0.006,4.472,1.868,10.20,10.31,7.31,3.31,2.4011,9.0040,2.400,NO
885,8.084,4.328,0.003,0.006,4.336,1.868,10.20,8.86,5.86,1.86,2.3544,8.8291,2.427,NO
886,8.315,4.452,0.003,0.006,4.460,1.868,10.20,7.62,4.62,0.62,2.3970,8.9887,2.402,NO
887,7.941,4.252,0.003,0.006,4.261,1.868,10.20,6.66,3.66,-0.34,1.6297,8.7306,2.443,NO
888,7.714,4.130,0.003,0.006,4.139,1.867,10.20,6.06,3.06,-0.94,1.6004,8.5737,2.470,NO
889,7.540,4.038,0.003,0.006,4.046,1.867,10.20,5.96,2.96,-1.04,1.5780,8.4537,2.492,NO
890,7.879,4.220,0.003,0.006,4.229,1.867,10.20,6.17,3.17,-0.83,1.6219,8.6886,2.450,NO
891,8.163,4.372,0.003,0.006,4.381,1.867,10.20,6.76,3.76,-0.24,1.6585,8.8851,2.419,NO
892,8.349,4.472,0.003,0.006,4.481,1.867,10.20,7.72,4.72,0.72,1.6825,9.0132,2.399,NO
893,8.495,4.551,0.003,0.006,4.559,1.867,10.20,8.96,5.96,1.96,1.7014,9.1145,2.384,NO
894,8.646,4.632,0.003,0.006,4.641,1.867,10.20,10.41,7.41,3.41,1.7209,9.2190,2.369,NO
895,9.054,4.851,0.003,0.006,4.859,1.867,10.20,11.96,8.96,4.96,2.5336,9.5008,2.332,NO
896,9.056,4.852,0.003,0.006,4.861,1.866,10.20,13.51,10.51,6.51,2.5341,9.5029,2.332,NO
897,9.542,5.113,0.003,0.006,5.122,1.866,10.20,14.96,11.96,7.96,2.6237,9.8388,2.291,NO
898,9.953,5.334,0.003,0.006,5.343,1.866,10.20,16.20,13.20,9.20,2.6995,10.1232,2.260,NO
899,10.168,5.449,0.003,0.006,5.458,1.866,10.20,17.16,14.16,10.16,2.7392,10.2718,2.245,NO
900,10.449,5.600,0.004,0.006,5.610,1.866,10.21,17.76,14.76,10.76,2.7911,10.4665,2.226,NO
901,10.017,5.369,0.003,0.006,5.378,1.866,10.20,17.96,14.96,10.96,4.0672,10.1680,2.256,NO
902,10.434,5.593,0.004,0.006,5.603,1.866,10.21,17.76,14.76,10.76,4.1826,10.4564,2.227,NO
903,10.329,5.537,0.004,0.006,5.547,1.865,10.21,17.16,14.16,10.16,4.1538,10.3844,2.234,NO
904,10.228,5.483,0.003,0.006,5.493,1.865,10.20,16.20,13.20,9.20,4.1257,10.3142,2.241,NO
905,9.478,5.082,0.003,0.006,5.090,1.865,10.20,14.96,11.96,7.96,3.9183,9.7956,2.297,NO
906,9.103,4.881,0.003,0.006,4.890,1.865,10.20,13.51,10.51,6.51,3.8146,9.5364,2.328,NO
907,8.769,4.702,0.003,0.006,4.711,1.865,10.20,11.96,8.96,4.96,2.4816,9.3058,2.358,NO
908,8.965,4.808,0.003,0.006,4.817,1.865,10.20,10.41,7.41,3.41,2.5179,9.4420,2.340,NO
909,8.472,4.544,0.003,0.006,4.553,1.865,10.20,8.96,5.96,1.96,2.4270,9.1011,2.387,NO
910,7.965,4.272,0.003,0.006,4.281,1.864,10.20,7.72,4.72,0.72,2.3335,8.7505,2.441,NO
911,7.753,4.159,0.003,0.006,4.168,1.864,10.20,6.76,3.76,-0.24,1.6061,8.6043,2.466,NO
912,7.998,4.290,0.003,0.006,4.299,1.864,10.20,6.17,3.17,-0.83,1.6377,8.7735,2.438,NO
913,7.573,4.063,0.003,0.006,4.071,1.864,10.20,6.06,3.06,-0.94,1.5829,8.4797,2.488,NO
914,7.724,4.144,0.003,0.006,4.153,1.864,10.20,6.27,3.27,-0.73,1.6024,8.5843,2.470,NO
915,7.708,4.136,0.003,0.006,4.144,1.864,10.20,6.87,3.87,-0.13,1.6004,8.5734,2.472,NO
916,8.240,4.422,0.003,0.006,4.430,1.864,10.20,7.82,4.82,0.82,1.6691,8.9418,2.411,NO
917,8.063,4.327,0.003,0.006,4.336,1.863,10.20,9.06,6.06,2.06,1.6463,8.8193,2.431,NO
918,8.454,4.537,0.003,0.006,4.546,1.863,10.20,10.51,7.51,3.51,1.6967,9.0897,2.389,NO
919,8.906,4.780,0.003,0.006,4.789,1.863,10.20,12.06,9.06,5.06,2.5074,9.4026,2.346,NO
920,9.277,4.980,0.003,0.006,4.988,1.863,10.20,13.62,10.62,6.62,2.5759,9.6596,2.314,NO
921,9.985,5.360,0.003,0.006,5.369,1.863,10.20,15.06,12.06,8.06,2.7064,10.1489,2.259,NO
922,9.825,5.274,0.003,0.006,5.283,1.863,10.20,16.31,13.31,9.31,2.6770,10.0387,2.271,NO
923,9.975,5.356,0.003,0.006,5.364,1.863,10.20,17.26,14.26,10.26,2.7048,10.1429,2.260,NO
924,10.354,5.559,0.004,0.006,5.569,1.862,10.21,17.86,14.86,10.86,2.7747,10.4053,2.233,NO
925,10.043,5.392,0.003,0.006,5.401,1.862,10.20,18.06,15.06,11.06,4.0759,10.1898,2.255,NO
926,10.225,5.491,0.003,0.006,5.500,1.862,10.20,17.86,14.86,10.86,4.1265,10.3162,2.242,NO
927,9.941,5.339,0.003,0.006,5.347,1.862,10.20,17.26,14.26,10.26,4.0479,10.1197,2.262,NO
928,9.923,5.330,0.003,0.006,5.338,1.862,10.20,16.31,13.31,9.31,4.0431,10.1076,2.264,NO
929,9.866,5.299,0.003,0.006,5.308,1.862,10.20,15.06,12.06,8.06,4.0274,10.0686,2.268,NO
930,9.240,4.963,0.003,0.006,4.972,1.862,10.20,13.62,10.62,6.62,3.8541,9.6354,2.317,NO
931,9.235,4.961,0.003,0.006,4.970,1.862,10.20,12.06,9.06,5.06,2.5686,9.6322,2.318,NO
932,8.780,4.717,0.003,0.006,4.726,1.861,10.20,10.51,7.51,3.51,2.4847,9.3177,2.358,NO
933,8.353,4.488,0.003,0.006,4.497,1.861,10.20,9.06,6.06,2.06,2.4059,9.0221,2.400,NO
934,8.043,4.322,0.003,0.006,4.330,1.861,10.20,7.82,4.82,0.82,2.3488,8.8079,2.434,NO
935,7.802,4.193,0.003,0.006,4.202,1.861,10.20,6.87,3.87,-0.13,1.6131,8.6418,2.461,NO
936,7.855,4.221,0.003,0.006,4.230,1.861,10.20,6.27,3.27,-0.73,1.6199,8.6783,2.455,NO
937,7.460,4.009,0.003,0.006,4.018,1.861,10.20,6.17,3.17,-0.83,1.5689,8.4049,2.504,NO
938,7.613,4.092,0.003,0.006,4.101,1.861,10.20,6.37,3.37,-0.63,1.5887,8.5111,2.484,NO
939,7.780,4.182,0.003,0.006,4.191,1.860,10.20,6.97,3.97,-0.03,1.6103,8.6267,2.464,NO
940,8.379,4.504,0.003,0.006,4.513,1.860,10.20,7.93,4.93,0.93,1.6877,9.0414,2.398,NO
941,8.447,4.541,0.003,0.006,4.550,1.860,10.20,9.17,6.17,2.17,1.6965,9.0883,2.391,NO
942,8.466,4.552,0.003,0.006,4.560,1.860,10.20,10.62,7.62,3.62,1.6990,9.1018,2.389,NO
943,9.161,4.926,0.003,0.006,4.934,1.860,10.20,12.17,9.17,5.17,2.5554,9.5829,2.325,NO
944,9.485,5.100,0.003,0.006,5.109,1.860,10.20,13.72,10.72,6.72,2.6153,9.8072,2.298,NO
945,9.599,5.162,0.003,0.006,5.171,1.860,10.20,15.17,12.17,8.17,2.6364,9.8865,2.289,NO
946,9.736,5.236,0.003,0.006,5.245,1.859,10.20,16.41,13.41,9.41,2.6617,9.9814,2.278,NO
947,10.082,5.423,0.003,0.006,5.432,1.859,10.20,17.37,14.37,10.37,2.7257,10.2212,2.253,NO
948,10.025,5.392,0.003,0.006,5.401,1.859,10.20,17.97,14.97,10.97,2.7151,10.1815,2.257,NO
949,10.423,5.607,0.004,0.006,5.617,1.859,10.21,18.17,15.17,11.17,4.1832,10.4581,2.230,NO
950,10.351,5.568,0.004,0.006,5.578,1.859,10.21,17.97,14.97,10.97,4.1633,10.4081,2.234,NO
951,10.346,5.566,0.004,0.006,5.576,1.859,10.21,17.37,14.37,10.37,4.1619,10.4048,2.235,NO
952,9.879,5.315,0.003,0.006,5.324,1.859,10.20,16.41,13.41,9.41,4.0325,10.0812,2.268,NO
953,9.772,5.258,0.003,0.006,5.267,1.858,10.20,15.17,12.17,8.17,4.0029,10.0072,2.276,NO
954,9.610,5.171,0.003,0.006,5.180,1.858,10.20,13.72,10.72,6.72,3.9583,9.8956,2.288,NO
955,9.281,4.995,0.003,0.006,5.004,1.858,10.20,12.17,9.17,5.17,2.5782,9.6682,2.315,NO
956,8.535,4.594,0.003,0.006,4.602,1.858,10.20,10.62,7.62,3.62,2.4405,9.1519,2.383,NO
957,8.318,4.477,0.003,0.006,4.486,1.858,10.20,9.17,6.17,2.17,2.4004,9.0017,2.405,NO
958,8.014,4.314,0.003,0.006,4.323,1.858,10.20,7.93,4.93,0.93,2.3444,8.7914,2.438,NO
959,7.519,4.048,0.003,0.006,4.056,1.858,10.20,6.97,3.97,-0.03,1.5771,8.4490,2.497,NO
960,7.534,4.056,0.003,0.006,4.065,1.857,10.20,6.37,3.37,-0.63,1.5792,8.4598,2.495,NO
961,6.653,3.582,0.003,0.006,3.591,1.857,10.20,6.28,3.28,-0.72,1.4653,7.8499,2.622,NO
962,6.705,3.610,0.003,0.006,3.619,1.857,10.20,6.48,3.48,-0.52,1.4720,7.8860,2.614,NO
963,6.770,3.646,0.003,0.006,3.654,1.857,10.20,7.08,4.08,0.08,1.4804,7.9309,2.603,NO
964,6.836,3.681,0.003,0.006,3.690,1.857,10.20,8.04,5.04,1.04,1.4890,7.9770,2.593,NO
965,6.945,3.740,0.003,0.006,3.749,1.857,10.20,9.28,6.28,2.28,1.5031,8.0524,2.577,NO
966,7.088,3.818,0.003,0.006,3.826,1.857,10.20,10.73,7.73,3.73,1.5216,8.1515,2.556,NO
967,7.707,4.151,0.003,0.006,4.160,1.857,10.20,12.28,9.28,5.28,2.2881,8.5803,2.474,NO
968,7.938,4.276,0.003,0.006,4.285,1.856,10.20,13.83,10.83,6.83,2.3308,8.7404,2.447,NO
969,7.995,4.307,0.003,0.006,4.316,1.856,10.20,15.28,12.28,8.28,2.3414,8.7802,2.440,NO
970,8.484,4.571,0.003,0.006,4.580,1.856,10.20,16.52,13.52,9.52,2.4317,9.1190,2.388,NO
971,9.108,4.907,0.003,0.006,4.916,1.856,10.20,17.47,14.47,10.47,2.5469,9.5509,2.330,NO
972,9.127,4.918,0.003,0.006,4.927,1.856,10.20,18.07,15.07,11.07,2.5504,9.5640,2.329,NO
973,9.241,4.980,0.003,0.006,4.989,1.856,10.20,18.28,15.28,11.28,2.5716,9.6437,2.319,NO
974,8.703,4.690,0.003,0.006,4.699,1.856,10.20,18.07,15.07,11.07,2.4723,9.2712,2.367,NO
975,8.828,4.758,0.003,0.006,4.767,1.855,10.20,17.47,14.47,10.47,2.4953,9.3574,2.356,NO
976,8.815,4.751,0.003,0.006,4.760,1.855,10.20,16.52,13.52,9.52,2.4929,9.3485,2.357,NO
977,8.184,4.411,0.003,0.006,4.420,1.855,10.20,15.28,12.28,8.28,2.3764,8.9117,2.420,NO
978,7.762,4.184,0.003,0.006,4.193,1.855,10.20,13.83,10.83,6.83,2.2986,8.6199,2.468,NO
979,7.453,4.018,0.003,0.006,4.027,1.855,10.20,12.28,9.28,5.28,2.2416,8.4061,2.506,NO
980,7.582,4.088,0.003,0.006,4.097,1.855,10.20,10.73,7.73,3.73,2.2654,8.4954,2.490,NO
981,7.140,3.850,0.003,0.006,3.859,1.855,10.20,9.28,6.28,2.28,2.1838,8.1894,2.549,NO
982,6.674,3.599,0.003,0.006,3.608,1.854,10.20,8.04,5.04,1.04,2.0978,7.8666,2.619,NO
983,6.440,3.473,0.003,0.006,3.482,1.854,10.20,7.08,4.08,0.08,1.4383,7.7049,2.659,NO
984,6.470,3.490,0.003,0.006,3.498,1.854,10.20,6.48,3.48,-0.52,1.4422,7.7260,2.653,NO
985,6.553,3.534,0.003,0.006,3.543,1.854,10.20,6.39,3.39,-0.61,1.4528,7.7830,2.640,NO
986,6.327,3.413,0.003,0.006,3.422,1.854,10.20,6.59,3.59,-0.41,1.4237,7.6269,2.679,NO
987,6.815,3.676,0.003,0.006,3.685,1.854,10.20,7.19,4.19,0.19,1.4868,7.9650,2.597,NO
988,6.654,3.590,0.003,0.006,3.599,1.854,10.20,8.15,5.15,1.15,1.4661,7.8539,2.623,NO
989,7.174,3.870,0.003,0.006,3.879,1.853,10.20,9.39,6.39,2.39,1.5333,8.2138,2.544,NO
990,7.545,4.071,0.003,0.006,4.080,1.853,10.20,10.84,7.84,3.84,1.5813,8.4711,2.495,NO
991,7.675,4.141,0.003,0.006,4.150,1.853,10.20,12.39,9.39,5.39,2.2830,8.5613,2.479,NO
992,7.867,4.246,0.003,0.006,4.254,1.853,10.20,13.94,10.94,6.94,2.3186,8.6949,2.456,NO
993,8.496,4.585,0.003,0.006,4.594,1.853,10.20,15.39,12.39,8.39,2.4349,9.1308,2.388,NO
994,8.311,4.486,0.003,0.006,4.495,1.853,10.20,16.63,13.63,9.63,2.4007,9.0026,2.407,NO
995,8.558,4.619,0.003,0.006,4.628,1.853,10.20,17.59,14.59,10.59,2.4464,9.1739,2.382,NO
996,8.940,4.826,0.003,0.006,4.835,1.853,10.20,18.18,15.18,11.18,2.5169,9.4384,2.346,NO
997,8.961,4.838,0.003,0.006,4.846,1.852,10.20,18.39,15.39,11.39,2.5209,9.4535,2.344,NO
998,8.983,4.849,0.003,0.006,4.858,1.852,10.20,18.18,15.18,11.18,2.5249,9.4684,2.342,NO
999,8.978,4.847,0.003,0.006,4.856,1.852,10.20,17.59,14.59,10.59,2.5240,9.4651,2.343,NO
1000,8.538,4.610,0.003,0.006,4.619,1.852,10.20,16.63,13.63,9.63,2.4428,9.1605,2.384,NO
1001,8.191,4.423,0.003,0.006,4.432,1.852,10.20,15.39,12.39,8.39,2.3787,8.9200,2.420,NO
1002,7.700,4.158,0.003,0.006,4.167,1.852,10.20,13.94,10.94,6.94,2.2880,8.5801,2.476,NO
1003,7.800,4.213,0.003,0.006,4.222,1.852,10.20,12.39,9.39,5.39,2.3066,8.6499,2.464,NO
1004,7.621,4.116,0.003,0.006,4.125,1.851,10.20,10.84,7.84,3.84,2.2736,8.5259,2.486,NO
1005,6.729,3.635,0.003,0.006,3.644,1.851,10.20,9.39,6.39,2.39,2.1087,7.9078,2.611,NO
1006,6.992,3.777,0.003,0.006,3.786,1.851,10.20,8.15,5.15,1.15,2.1573,8.0898,2.571,NO
1007,6.562,3.545,0.003,0.006,3.554,1.851,10.20,7.19,4.19,0.19,1.4545,7.7921,2.639,NO
1008,6.327,3.418,0.003,0.006,3.427,1.851,10.20,6.59,3.59,-0.41,1.4242,7.6294,2.680,NO
1009,7.851,4.242,0.003,0.006,4.251,1.851,10.20,6.50,3.50,-0.50,1.6214,8.6862,2.458,NO
1010,7.515,4.061,0.003,0.006,4.070,1.851,10.20,6.71,3.71,-0.29,1.5780,8.4533,2.500,NO
1011,7.564,4.087,0.003,0.006,4.096,1.850,10.20,7.31,4.31,0.31,1.5842,8.4870,2.493,NO
1012,8.065,4.358,0.003,0.006,4.367,1.850,10.20,8.26,5.26,1.26,1.6491,8.8344,2.434,NO
1013,8.281,4.476,0.003,0.006,4.484,1.850,10.20,9.50,6.50,2.50,1.6771,8.9843,2.411,NO
1014,8.358,4.518,0.003,0.006,4.527,1.850,10.20,10.95,7.95,3.95,1.6871,9.0381,2.403,NO
1015,9.197,4.972,0.003,0.006,4.981,1.850,10.20,12.50,9.50,5.50,2.5653,9.6200,2.324,NO
1016,9.307,5.031,0.003,0.006,5.040,1.850,10.20,14.05,11.05,7.05,2.5857,9.6964,2.315,NO
1017,9.414,5.090,0.003,0.006,5.099,1.850,10.20,15.50,12.50,8.50,2.6056,9.7709,2.306,NO
1018,10.033,5.425,0.003,0.006,5.434,1.850,10.20,16.74,13.74,9.74,2.7201,10.2003,2.259,NO
1019,10.228,5.531,0.003,0.006,5.540,1.849,10.20,17.70,14.70,10.70,2.7562,10.3357,2.246,NO
1020,10.367,5.606,0.004,0.006,5.616,1.849,10.21,18.30,15.30,11.30,2.7819,10.4320,2.236,NO
1021,10.035,5.427,0.003,0.006,5.436,1.849,10.20,18.50,15.50,11.50,4.0806,10.2016,2.259,NO
1022,10.260,5.549,0.004,0.006,5.559,1.849,10.21,18.30,15.30,11.30,4.1434,10.3585,2.244,NO
1023,10.471,5.664,0.004,0.006,5.674,1.849,10.21,17.70,14.70,10.70,4.2021,10.5052,2.229,NO
1024,10.260,5.550,0.004,0.006,5.559,1.849,10.21,16.74,13.74,9.74,4.1434,10.3584,2.244,NO
1025,9.913,5.362,0.003,0.006,5.371,1.849,10.20,15.50,12.50,8.50,4.0471,10.1177,2.268,NO
1026,9.526,5.154,0.003,0.006,5.163,1.848,10.20,14.05,11.05,7.05,3.9400,9.8500,2.298,NO
1027,9.125,4.937,0.003,0.006,4.946,1.848,10.20,12.50,9.50,5.50,2.5525,9.5718,2.331,NO
1028,8.351,4.519,0.003,0.006,4.527,1.848,10.20,10.95,7.95,3.95,2.4094,9.0353,2.404,NO
1029,8.119,4.393,0.003,0.006,4.402,1.848,10.20,9.50,6.50,2.50,2.3666,8.8747,2.429,NO
1030,8.055,4.359,0.003,0.006,4.368,1.848,10.20,8.26,5.26,1.26,2.3547,8.8302,2.436,NO
1031,7.898,4.274,0.003,0.006,4.283,1.848,10.20,7.31,4.31,0.31,1.6280,8.7217,2.454,NO
1032,7.973,4.315,0.003,0.006,4.324,1.848,10.20,6.71,3.71,-0.29,1.6377,8.7736,2.445,NO
1033,7.366,3.987,0.003,0.006,3.996,1.847,10.20,6.62,3.62,-0.38,1.5592,8.3528,2.520,NO
1034,7.644,4.138,0.003,0.006,4.147,1.847,10.20,6.82,3.82,-0.18,1.5952,8.5458,2.484,NO
1035,7.949,4.303,0.003,0.006,4.312,1.847,10.20,7.42,4.42,0.42,1.6347,8.7572,2.448,NO
1036,8.110,4.391,0.003,0.006,4.400,1.847,10.20,8.37,5.37,1.37,1.6556,8.8693,2.430,NO
1037,8.459,4.580,0.003,0.006,4.589,1.847,10.20,9.62,6.62,2.62,1.7008,9.1113,2.394,NO
1038,8.793,4.761,0.003,0.006,4.770,1.847,10.20,11.06,8.06,4.06,1.7440,9.3431,2.361,NO
1039,9.034,4.892,0.003,0.006,4.901,1.847,10.20,12.62,9.62,5.62,2.5362,9.5108,2.339,NO
1040,9.159,4.960,0.003,0.006,4.969,1.847,10.20,14.17,11.17,7.17,2.5594,9.5976,2.329,NO
1041,9.502,5.146,0.003,0.006,5.155,1.846,10.20,15.62,12.62,8.62,2.6229,9.8358,2.300,NO
1042,10.173,5.510,0.003,0.006,5.519,1.846,10.20,16.86,13.86,9.86,2.7470,10.3013,2.250,NO
1043,10.377,5.621,0.004,0.006,5.631,1.846,10.21,17.81,14.81,10.81,2.7849,10.4433,2.237,NO
1044,10.378,5.622,0.004,0.006,5.632,1.846,10.21,18.41,15.41,11.41,2.7851,10.4441,2.236,NO
1045,10.274,5.566,0.004,0.006,5.575,1.846,10.21,18.62,15.62,11.62,4.1488,10.3721,2.244,NO
1046,10.245,5.551,0.003,0.006,5.560,1.846,10.20,18.41,15.41,11.41,4.1410,10.3524,2.246,NO
1047,10.204,5.529,0.003,0.006,5.538,1.846,10.20,17.81,14.81,10.81,4.1295,10.3238,2.248,NO
1048,10.256,5.558,0.004,0.006,5.567,1.845,10.21,16.86,13.86,9.86,4.1442,10.3606,2.245,NO
1049,9.828,5.326,0.003,0.006,5.335,1.845,10.20,15.62,12.62,8.62,4.0254,10.0635,2.275,NO
1050,9.222,4.998,0.003,0.006,5.007,1.845,10.20,14.17,11.17,7.17,3.8572,9.6429,2.324,NO
1051,9.238,5.007,0.003,0.006,5.016,1.845,10.20,12.62,9.62,5.62,2.5744,9.6541,2.322,NO
1052,8.735,4.735,0.003,0.006,4.743,1.845,10.20,11.06,8.06,4.06,2.4814,9.3051,2.367,NO
1053,8.185,4.437,0.003,0.006,4.446,1.845,10.20,9.62,6.62,2.62,2.3796,8.9236,2.423,NO
1054,8.283,4.490,0.003,0.006,4.499,1.845,10.20,8.37,5.37,1.37,2.3979,8.9921,2.412,NO
1055,7.745,4.199,0.003,0.006,4.208,1.844,10.20,7.42,4.42,0.42,1.6088,8.6188,2.473,NO
1056,7.502,4.067,0.003,0.006,4.076,1.844,10.20,6.82,3.82,-0.18,1.5774,8.4501,2.503,NO
1057,7.623,4.133,0.003,0.006,4.142,1.844,10.20,6.73,3.73,-0.27,1.5931,8.5344,2.488,NO
1058,7.629,4.137,0.003,0.006,4.146,1.844,10.20,6.94,3.94,-0.06,1.5939,8.5389,2.487,NO
1059,8.061,4.372,0.003,0.006,4.381,1.844,10.20,7.54,4.54,0.54,1.6499,8.8389,2.437,NO
1060,7.909,4.289,0.003,0.006,4.298,1.844,10.20,8.49,5.49,1.49,1.6302,8.7330,2.454,NO
1061,8.319,4.512,0.003,0.006,4.521,1.844,10.20,9.73,6.73,2.73,1.6834,9.0183,2.409,NO
1062,8.657,4.696,0.003,0.006,4.705,1.844,10.20,11.18,8.18,4.18,1.7271,9.2526,2.375,NO
1063,9.064,4.917,0.003,0.006,4.926,1.843,10.20,12.73,9.73,5.73,2.5428,9.5356,2.338,NO
1064,9.301,5.046,0.003,0.006,5.055,1.843,10.20,14.29,11.29,7.29,2.5868,9.7004,2.318,NO
1065,9.395,5.097,0.003,0.006,5.106,1.843,10.20,15.73,12.73,8.73,2.6041,9.7653,2.310,NO
1066,9.680,5.252,0.003,0.006,5.261,1.843,10.20,16.98,13.98,9.98,2.6570,9.9637,2.287,NO
1067,9.909,5.377,0.003,0.006,5.386,1.843,10.20,17.93,14.93,10.93,2.6994,10.1227,2.270,NO
1068,10.282,5.580,0.004,0.006,5.590,1.843,10.21,18.53,15.53,11.53,2.7687,10.3825,2.244,NO
1069,10.040,5.449,0.003,0.006,5.458,1.843,10.20,18.73,15.73,11.73,4.0855,10.2139,2.261,NO
1070,10.126,5.496,0.003,0.006,5.505,1.842,10.20,18.53,15.53,11.53,4.1095,10.2738,2.255,NO
1071,10.300,5.591,0.004,0.006,5.600,1.842,10.21,17.93,14.93,10.93,4.1580,10.3949,2.243,NO
1072,9.845,5.344,0.003,0.006,5.353,1.842,10.20,16.98,13.98,9.98,4.0317,10.0793,2.275,NO
1073,9.457,5.134,0.003,0.006,5.143,1.842,10.20,15.73,12.73,8.73,3.9241,9.8103,2.305,NO
1074,9.337,5.069,0.003,0.006,5.078,1.842,10.20,14.29,11.29,7.29,3.8908,9.7270,2.315,NO
1075,9.322,5.062,0.003,0.006,5.071,1.842,10.20,12.73,9.73,5.73,2.5912,9.7169,2.316,NO
1076,8.463,4.595,0.003,0.006,4.604,1.842,10.20,11.18,8.18,4.18,2.4320,9.1202,2.395,NO
1077,8.296,4.505,0.003,0.006,4.514,1.841,10.20,9.73,6.73,2.73,2.4012,9.0045,2.412,NO
1078,8.287,4.501,0.003,0.006,4.510,1.841,10.20,8.49,5.49,1.49,2.3996,8.9985,2.413,NO
1079,7.651,4.156,0.003,0.006,4.165,1.841,10.20,7.54,4.54,0.54,1.5973,8.5571,2.485,NO
1080,7.990,4.340,0.003,0.006,4.349,1.841,10.20,6.94,3.94,-0.06,1.6413,8.7925,2.445,NO
1081,7.380,4.009,0.003,0.006,4.018,1.841,10.20,6.85,3.85,-0.15,1.5622,8.3688,2.520,NO
1082,7.956,4.322,0.003,0.006,4.331,1.841,10.20,7.06,4.06,0.06,1.6369,8.7690,2.449,NO
1083,8.062,4.380,0.003,0.006,4.389,1.841,10.20,7.66,4.66,0.66,1.6507,8.8429,2.437,NO
1084,7.980,4.336,0.003,0.006,4.345,1.841,10.20,8.61,5.61,1.61,1.6401,8.7863,2.447,NO
1085,8.517,4.628,0.003,0.006,4.637,1.840,10.20,9.85,6.85,2.85,1.7097,9.1592,2.390,NO
1086,8.644,4.697,0.003,0.006,4.706,1.840,10.20,11.30,8.30,4.30,1.7262,9.2474,2.377,NO
1087,8.845,4.807,0.003,0.006,4.816,1.840,10.20,12.85,9.85,5.85,2.5034,9.3876,2.358,NO
1088,9.424,5.122,0.003,0.006,5.131,1.840,10.20,14.41,11.41,7.41,2.6106,9.7899,2.308,NO
1089,9.675,5.258,0.003,0.006,5.267,1.840,10.20,15.85,12.85,8.85,2.6571,9.9640,2.289,NO
1090,10.063,5.470,0.003,0.006,5.479,1.840,10.20,17.10,14.10,10.10,2.7290,10.2336,2.260,NO
1091,10.023,5.449,0.003,0.006,5.458,1.840,10.20,18.05,15.05,11.05,2.7217,10.2063,2.263,NO
1092,10.092,5.487,0.003,0.006,5.496,1.839,10.20,18.65,15.65,11.65,2.7345,10.2546,2.258,NO
1093,10.144,5.515,0.003,0.006,5.524,1.839,10.20,18.85,15.85,11.85,4.1162,10.2906,2.254,NO
1094,10.362,5.634,0.004,0.006,5.644,1.839,10.21,18.65,15.65,11.65,4.1771,10.4428,2.240,NO
1095,10.025,5.451,0.003,0.006,5.460,1.839,10.20,18.05,15.05,11.05,4.0833,10.2082,2.263,NO
1096,10.192,5.542,0.003,0.006,5.552,1.839,10.20,17.10,14.10,10.10,4.1298,10.3244,2.251,NO
1097,9.888,5.378,0.003,0.006,5.387,1.839,10.20,15.85,12.85,8.85,4.0455,10.1137,2.273,NO
1098,9.574,5.207,0.003,0.006,5.216,1.839,10.20,14.41,11.41,7.41,3.9581,9.8952,2.297,NO
1099,9.011,4.901,0.003,0.006,4.910,1.839,10.20,12.85,9.85,5.85,2.5346,9.5047,2.344,NO
1100,8.350,4.542,0.003,0.006,4.551,1.838,10.20,11.30,8.30,4.30,2.4122,9.0456,2.407,NO
1101,8.323,4.528,0.003,0.006,4.537,1.838,10.20,9.85,6.85,2.85,2.4071,9.0268,2.410,NO
1102,7.906,4.301,0.003,0.006,4.310,1.838,10.20,8.61,5.61,1.61,2.3300,8.7376,2.456,NO
1103,7.628,4.150,0.003,0.006,4.159,1.838,10.20,7.66,4.66,0.66,1.5950,8.5444,2.489,NO
1104,7.464,4.061,0.003,0.006,4.070,1.838,10.20,7.06,4.06,0.06,1.5737,8.4306,2.510,NO
1105,7.335,3.991,0.003,0.006,4.000,1.838,10.20,6.97,3.97,-0.03,1.5570,8.3409,2.527,NO
1106,7.589,4.130,0.003,0.006,4.139,1.838,10.20,7.18,4.18,0.18,1.5899,8.5175,2.494,NO
1107,7.875,4.286,0.003,0.006,4.295,1.837,10.20,7.78,4.78,0.78,1.6271,8.7167,2.460,NO
1108,8.193,4.459,0.003,0.006,4.468,1.837,10.20,8.73,5.73,1.73,1.6684,8.9377,2.424,NO
1109,8.164,4.444,0.003,0.006,4.453,1.837,10.20,9.97,6.97,2.97,1.6646,8.9177,2.427,NO
1110,8.914,4.852,0.003,0.006,4.861,1.837,10.20,11.42,8.42,4.42,1.7619,9.4386,2.353,NO
1111,8.890,4.839,0.003,0.006,4.848,1.837,10.20,12.97,9.97,5.97,2.5126,9.4221,2.355,NO
1112,9.386,5.110,0.003,0.006,5.119,1.837,10.20,14.53,11.53,7.53,2.6046,9.7671,2.313,NO
1113,9.691,5.277,0.003,0.006,5.286,1.837,10.20,15.97,12.97,8.97,2.6612,9.9795,2.288,NO
1114,10.172,5.539,0.003,0.006,5.548,1.836,10.20,17.22,14.22,10.22,2.7504,10.3141,2.253,NO
1115,10.226,5.569,0.003,0.006,5.578,1.836,10.20,18.17,15.17,11.17,2.7605,10.3519,2.250,NO
1116,10.019,5.456,0.003,0.006,5.465,1.836,10.20,18.77,15.77,11.77,2.7221,10.2078,2.264,NO
1117,10.167,5.538,0.003,0.006,5.547,1.836,10.20,18.97,15.97,11.97,4.1246,10.3115,2.254,NO
1118,10.279,5.599,0.004,0.006,5.608,1.836,10.21,18.77,15.77,11.77,4.1557,10.3892,2.246,NO
1119,10.083,5.493,0.003,0.006,5.502,1.836,10.20,18.17,15.17,11.17,4.1013,10.2532,2.260,NO
1120,9.917,5.402,0.003,0.006,5.411,1.836,10.20,17.22,14.22,10.22,4.0551,10.1377,2.272,NO
1121,9.432,5.139,0.003,0.006,5.148,1.836,10.20,15.97,12.97,8.97,3.9203,9.8008,2.309,NO
1122,9.667,5.267,0.003,0.006,5.276,1.835,10.20,14.53,11.53,7.53,3.9856,9.9640,2.291,NO
1123,8.913,4.856,0.003,0.006,4.865,1.835,10.20,12.97,9.97,5.97,2.5174,9.4403,2.354,NO
1124,8.570,4.670,0.003,0.006,4.679,1.835,10.20,11.42,8.42,4.42,2.4538,9.2019,2.386,NO
1125,8.177,4.456,0.003,0.006,4.465,1.835,10.20,9.97,6.97,2.97,2.3810,8.9287,2.427,NO
1126,8.109,4.419,0.003,0.006,4.428,1.835,10.20,8.73,5.73,1.73,2.3684,8.8816,2.434,NO
1127,7.914,4.313,0.003,0.006,4.322,1.835,10.20,7.78,4.78,0.78,1.6326,8.7461,2.456,NO
1128,7.720,4.208,0.003,0.006,4.217,1.835,10.20,7.18,4.18,0.18,1.6074,8.6113,2.479,NO
1129,6.327,3.449,0.003,0.006,3.458,1.834,10.20,7.10,4.10,0.10,1.4267,7.6432,2.685,NO
1130,6.506,3.547,0.003,0.006,3.556,1.834,10.20,7.30,4.30,0.30,1.4501,7.7681,2.653,NO
1131,6.327,3.449,0.003,0.006,3.458,1.834,10.20,7.90,4.90,0.90,1.4268,7.6435,2.685,NO
1132,6.401,3.490,0.003,0.006,3.499,1.834,10.20,8.86,5.86,1.86,1.4365,7.6953,2.671,NO
1133,6.754,3.683,0.003,0.006,3.692,1.834,10.20,10.10,7.10,3.10,1.4823,7.9407,2.613,NO
1134,7.106,3.875,0.003,0.006,3.884,1.834,10.20,11.55,8.55,4.55,1.5279,8.1852,2.560,NO
1135,7.512,4.097,0.003,0.006,4.106,1.834,10.20,13.10,10.10,6.10,2.2581,8.4678,2.505,NO
1136,8.086,4.410,0.003,0.006,4.419,1.834,10.20,14.65,11.65,7.65,2.3646,8.8673,2.437,NO
1137,8.093,4.414,0.003,0.006,4.423,1.833,10.20,16.10,13.10,9.10,2.3659,8.8721,2.436,NO
1138,8.436,4.602,0.003,0.006,4.611,1.833,10.20,17.34,14.34,10.34,2.4296,9.1112,2.400,NO
1139,8.480,4.626,0.003,0.006,4.635,1.833,10.20,18.29,15.29,11.29,2.4379,9.1421,2.396,NO
1140,9.028,4.925,0.003,0.006,4.934,1.833,10.20,18.89,15.89,11.89,2.5394,9.5227,2.344,NO
1141,9.086,4.957,0.003,0.006,4.966,1.833,10.20,19.10,16.10,12.10,2.5503,9.5636,2.339,NO
1142,9.151,4.993,0.003,0.006,5.002,1.833,10.20,18.89,15.89,11.89,2.5624,9.6091,2.333,NO
1143,8.657,4.724,0.003,0.006,4.733,1.833,10.20,18.29,15.29,11.29,2.4709,9.2657,2.378,NO
1144,8.325,4.543,0.003,0.006,4.552,1.832,10.20,17.34,14.34,10.34,2.4093,9.0349,2.412,NO
1145,8.535,4.658,0.003,0.006,4.667,1.832,10.20,16.10,13.10,9.10,2.4483,9.1809,2.390,NO
1146,7.867,4.294,0.003,0.006,4.303,1.832,10.20,14.65,11.65,7.65,2.3243,8.7163,2.462,NO
1147,7.530,4.110,0.003,0.006,4.119,1.832,10.20,13.10,10.10,6.10,2.2618,8.4819,2.503,NO
1148,7.126,3.890,0.003,0.006,3.899,1.832,10.20,11.55,8.55,4.55,2.1869,8.2010,2.558,NO
1149,7.287,3.978,0.003,0.006,3.987,1.832,10.20,10.10,7.10,3.10,2.2170,8.3136,2.535,NO
1150,6.626,3.618,0.003,0.006,3.627,1.832,10.20,8.86,5.86,1.86,2.0944,7.8540,2.634,NO
1151,6.814,3.721,0.003,0.006,3.730,1.832,10.20,7.90,4.90,0.90,1.4905,7.9847,2.604,NO
1152,6.327,3.455,0.003,0.006,3.464,1.831,10.20,7.30,4.30,0.30,1.4272,7.6458,2.685,NO
1153,6.351,3.468,0.003,0.006,3.477,1.831,10.20,7.22,4.22,0.22,1.4304,7.6630,2.681,NO
1154,6.327,3.455,0.003,0.006,3.464,1.831,10.20,7.43,4.43,0.43,1.4273,7.6461,2.686,NO
1155,6.703,3.661,0.003,0.006,3.670,1.831,10.20,8.03,5.03,1.03,1.4761,7.9078,2.622,NO
1156,6.672,3.644,0.003,0.006,3.653,1.831,10.20,8.98,5.98,1.98,1.4721,7.8864,2.627,NO
1157,7.141,3.900,0.003,0.006,3.909,1.831,10.20,10.22,7.22,3.22,1.5330,8.2125,2.556,NO
1158,7.139,3.900,0.003,0.006,3.909,1.831,10.20,11.67,8.67,4.67,1.5328,8.2117,2.556,NO
1159,7.579,4.140,0.003,0.006,4.149,1.830,10.20,13.22,10.22,6.22,2.2714,8.5177,2.498,NO
1160,8.010,4.376,0.003,0.006,4.385,1.830,10.20,14.78,11.78,7.78,2.3514,8.8179,2.446,NO
1161,8.212,4.487,0.003,0.006,4.496,1.830,10.20,16.22,13.22,9.22,2.3889,8.9583,2.424,NO
1162,8.809,4.813,0.003,0.006,4.822,1.830,10.20,17.47,14.47,10.47,2.4997,9.3740,2.365,NO
1163,8.733,4.772,0.003,0.006,4.781,1.830,10.20,18.42,15.42,11.42,2.4856,9.3212,2.372,NO
1164,9.171,5.012,0.003,0.006,5.021,1.830,10.20,19.02,16.02,12.02,2.5670,9.6263,2.333,NO
1165,8.908,4.869,0.003,0.006,4.878,1.830,10.20,19.22,16.22,12.22,2.5183,9.4437,2.356,NO
1166,8.654,4.730,0.003,0.006,4.739,1.829,10.20,19.02,16.02,12.02,2.4712,9.2670,2.380,NO
1167,8.683,4.746,0.003,0.006,4.755,1.829,10.20,18.42,15.42,11.42,2.4765,9.2870,2.377,NO
1168,8.573,4.687,0.003,0.006,4.696,1.829,10.20,17.47,14.47,10.47,2.4562,9.2108,2.388,NO
1169,8.258,4.515,0.003,0.006,4.524,1.829,10.20,16.22,13.22,9.22,2.3978,8.9918,2.420,NO
1170,7.785,4.256,0.003,0.006,4.265,1.829,10.20,14.78,11.78,7.78,2.3100,8.6626,2.473,NO
1171,7.640,4.177,0.003,0.006,4.186,1.829,10.20,13.22,10.22,6.22,2.2831,8.5617,2.490,NO
1172,7.129,3.898,0.003,0.006,3.907,1.829,10.20,11.67,8.67,4.67,2.1883,8.2062,2.558,NO
1173,7.225,3.951,0.003,0.006,3.960,1.829,10.20,10.22,7.22,3.22,2.2063,8.2736,2.545,NO
1174,7.006,3.832,0.003,0.006,3.841,1.828,10.20,8.98,5.98,1.98,2.1656,8.1208,2.576,NO
1175,6.621,3.621,0.003,0.006,3.630,1.828,10.20,8.03,5.03,1.03,1.4659,7.8530,2.636,NO
1176,6.327,3.461,0.003,0.006,3.470,1.828,10.20,7.43,4.43,0.43,1.4277,7.6486,2.686,NO
1177,7.396,4.046,0.003,0.006,4.055,1.828,10.20,7.35,4.35,0.35,1.5666,8.3926,2.522,NO
1178,7.679,4.201,0.003,0.006,4.210,1.828,10.20,7.56,4.56,0.56,1.6034,8.5897,2.486,NO
1179,7.655,4.188,0.003,0.006,4.197,1.828,10.20,8.16,5.16,1.16,1.6004,8.5734,2.489,NO
1180,8.197,4.485,0.003,0.006,4.494,1.828,10.20,9.11,6.11,2.11,1.6708,8.9510,2.427,NO
1181,8.636,4.725,0.003,0.006,4.734,1.827,10.20,10.35,7.35,3.35,1.7279,9.2564,2.382,NO
1182,8.355,4.572,0.003,0.006,4.581,1.827,10.20,11.80,8.80,4.80,1.6914,9.0611,2.410,NO
1183,9.020,4.937,0.003,0.006,4.946,1.827,10.20,13.35,10.35,6.35,2.5399,9.5248,2.346,NO
1184,9.435,5.164,0.003,0.006,5.173,1.827,10.20,14.90,11.90,7.90,2.6169,9.8135,2.311,NO
1185,9.610,5.260,0.003,0.006,5.269,1.827,10.20,16.35,13.35,9.35,2.6495,9.9357,2.298,NO
1186,10.236,5.603,0.004,0.006,5.613,1.827,10.20,17.59,14.59,10.59,2.7659,10.3721,2.252,NO
1187,9.938,5.441,0.003,0.006,5.450,1.827,10.20,18.55,15.55,11.55,2.7106,10.1646,2.273,NO
1188,9.954,5.450,0.003,0.006,5.459,1.827,10.20,19.15,16.15,12.15,2.7135,10.1757,2.272,NO
1189,10.226,5.599,0.004,0.006,5.608,1.826,10.20,19.35,16.35,12.35,4.1461,10.3653,2.253,NO
1190,10.034,5.494,0.003,0.006,5.503,1.826,10.20,19.15,16.15,12.15,4.0927,10.2318,2.266,NO
1191,10.055,5.506,0.003,0.006,5.515,1.826,10.20,18.55,15.55,11.55,4.0987,10.2468,2.265,NO
1192,9.948,5.448,0.003,0.006,5.457,1.826,10.20,17.59,14.59,10.59,4.0688,10.1721,2.272,NO
1193,9.452,5.177,0.003,0.006,5.186,1.826,10.20,16.35,13.35,9.35,3.9308,9.8270,2.310,NO
1194,9.234,5.058,0.003,0.006,5.067,1.826,10.20,14.90,11.90,7.90,3.8702,9.6754,2.328,NO
1195,8.760,4.798,0.003,0.006,4.807,1.826,10.20,13.35,10.35,6.35,2.4921,9.3452,2.371,NO
1196,8.966,4.912,0.003,0.006,4.921,1.825,10.20,11.80,8.80,4.80,2.5305,9.4892,2.352,NO
1197,8.192,4.488,0.003,0.006,4.497,1.825,10.20,10.35,7.35,3.35,2.3866,8.9498,2.428,NO
1198,8.293,4.544,0.003,0.006,4.553,1.825,10.20,9.11,6.11,2.11,2.4055,9.0204,2.417,NO
1199,7.788,4.267,0.003,0.006,4.276,1.825,10.20,8.16,5.16,1.16,1.6182,8.6687,2.474,NO
1200,7.413,4.062,0.003,0.006,4.071,1.825,10.20,7.56,4.56,0.56,1.5695,8.4078,2.520,NO
1201,7.629,4.181,0.003,0.006,4.190,1.825,10.20,7.48,4.48,0.48,1.5976,8.5587,2.493,NO
1202,7.657,4.196,0.003,0.006,4.205,1.825,10.20,7.69,4.69,0.69,1.6012,8.5779,2.490,NO
1203,7.660,4.199,0.003,0.006,4.208,1.825,10.20,8.28,5.28,1.28,1.6017,8.5806,2.489,NO
1204,8.095,4.437,0.003,0.006,4.446,1.824,10.20,9.24,6.24,2.24,1.6582,8.8833,2.439,NO
1205,8.092,4.436,0.003,0.006,4.445,1.824,10.20,10.48,7.48,3.48,1.6578,8.8813,2.439,NO
1206,8.661,4.748,0.003,0.006,4.757,1.824,10.20,11.93,8.93,4.93,1.7319,9.2780,2.381,NO
1207,9.092,4.984,0.003,0.006,4.993,1.824,10.20,13.48,10.48,6.48,2.5542,9.5782,2.341,NO
1208,9.113,4.996,0.003,0.006,5.005,1.824,10.20,15.03,12.03,8.03,2.5582,9.5932,2.339,NO
1209,9.903,5.430,0.003,0.006,5.439,1.824,10.20,16.48,13.48,9.48,2.7050,10.1437,2.276,NO
1210,10.226,5.608,0.004,0.006,5.617,1.824,10.20,17.72,14.72,10.72,2.7653,10.3698,2.253,NO
1211,10.147,5.564,0.003,0.006,5.574,1.823,10.20,18.68,15.68,11.68,2.7505,10.3142,2.259,NO
1212,10.456,5.734,0.004,0.007,5.745,1.823,10.21,19.28,16.28,12.28,2.8081,10.5302,2.238,NO
1213,10.048,5.511,0.003,0.006,5.520,1.823,10.20,19.48,16.48,12.48,4.0982,10.2454,2.266,NO
1214,10.203,5.597,0.003,0.006,5.606,1.823,10.20,19.28,16.28,12.28,4.1418,10.3544,2.255,NO
1215,9.927,5.445,0.003,0.006,5.454,1.823,10.20,18.68,15.68,11.68,4.0646,10.1615,2.275,NO
1216,9.890,5.425,0.003,0.006,5.434,1.823,10.20,17.72,14.72,10.72,4.0543,10.1358,2.278,NO
1217,9.931,5.449,0.003,0.006,5.458,1.823,10.20,16.48,13.48,9.48,4.0660,10.1651,2.275,NO
1218,9.495,5.210,0.003,0.006,5.219,1.823,10.20,15.03,12.03,8.03,3.9446,9.8614,2.308,NO
1219,9.089,4.988,0.003,0.006,4.997,1.822,10.20,13.48,10.48,6.48,2.5543,9.5787,2.342,NO
1220,8.917,4.893,0.003,0.006,4.902,1.822,10.20,11.93,8.93,4.93,2.5223,9.4585,2.357,NO
1221,8.253,4.529,0.003,0.006,4.538,1.822,10.20,10.48,7.48,3.48,2.3990,8.9961,2.422,NO
1222,8.026,4.405,0.003,0.006,4.414,1.822,10.20,9.24,6.24,2.24,2.3568,8.8380,2.447,NO
1223,7.707,4.230,0.003,0.006,4.239,1.822,10.20,8.28,5.28,1.28,1.6083,8.6159,2.484,NO
1224,7.810,4.287,0.003,0.006,4.296,1.822,10.20,7.69,4.69,0.69,1.6218,8.6881,2.472,NO
1225,7.499,4.117,0.003,0.006,4.126,1.822,10.20,7.61,4.61,0.61,1.5813,8.4714,2.510,NO
1226,7.796,4.280,0.003,0.006,4.289,1.821,10.20,7.82,4.82,0.82,1.6199,8.6781,2.474,NO
1227,7.833,4.301,0.003,0.006,4.310,1.821,10.20,8.42,5.42,1.42,1.6248,8.7045,2.469,NO
1228,8.182,4.493,0.003,0.006,4.502,1.821,10.20,9.37,6.37,2.37,1.6703,8.9478,2.430,NO
1229,8.350,4.585,0.003,0.006,4.594,1.821,10.20,10.61,7.61,3.61,1.6921,9.0650,2.412,NO
1230,8.894,4.884,0.003,0.006,4.893,1.821,10.20,12.06,9.06,5.06,1.7630,9.4446,2.360,NO
1231,9.226,5.067,0.003,0.006,5.076,1.821,10.20,13.61,10.61,6.61,2.5802,9.6756,2.331,NO
1232,9.075,4.984,0.003,0.006,4.993,1.821,10.20,15.17,12.17,8.17,2.5522,9.5706,2.344,NO
1233,9.824,5.396,0.003,0.006,5.405,1.821,10.20,16.61,13.61,9.61,2.6915,10.0930,2.283,NO
1234,9.975,5.479,0.003,0.006,5.488,1.820,10.20,17.86,14.86,10.86,2.7196,10.1985,2.272,NO
1235,10.078,5.536,0.003,0.006,5.545,1.820,10.20,18.81,15.81,11.81,2.7388,10.2704,2.265,NO
1236,10.445,5.739,0.004,0.007,5.749,1.820,10.21,19.41,16.41,12.41,2.8073,10.5275,2.240,NO
1237,10.458,5.746,0.004,0.007,5.756,1.820,10.21,19.61,16.61,12.61,4.2145,10.5362,2.239,NO
1238,10.433,5.732,0.004,0.007,5.743,1.820,10.21,19.41,16.41,12.41,4.2075,10.5189,2.241,NO
1239,10.424,5.728,0.004,0.007,5.739,1.820,10.21,18.81,15.81,11.81,4.2053,10.5132,2.241,NO
1240,9.911,5.447,0.003,0.006,5.456,1.820,10.20,17.86,14.86,10.86,4.0621,10.1553,2.277,NO
1241,9.765,5.367,0.003,0.006,5.376,1.820,10.20,16.61,13.61,9.61,4.0213,10.0533,2.288,NO
1242,9.614,5.284,0.003,0.006,5.293,1.819,10.20,15.17,12.17,8.17,3.9792,9.9480,2.300,NO
1243,9.201,5.057,0.003,0.006,5.066,1.819,10.20,13.61,10.61,6.61,2.5761,9.6602,2.333,NO
1244,8.606,4.731,0.003,0.006,4.740,1.819,10.20,12.06,9.06,5.06,2.4656,9.2458,2.387,NO
1245,8.366,4.600,0.003,0.006,4.609,1.819,10.20,10.61,7.61,3.61,2.4210,9.0788,2.411,NO
1246,8.066,4.435,0.003,0.006,4.444,1.819,10.20,9.37,6.37,2.37,2.3652,8.8696,2.444,NO
1247,7.909,4.349,0.003,0.006,4.358,1.819,10.20,8.42,5.42,1.42,1.6352,8.7600,2.461,NO
1248,7.691,4.229,0.003,0.006,4.238,1.819,10.20,7.82,4.82,0.82,1.6068,8.6079,2.487,NO
1249,7.521,4.136,0.003,0.006,4.145,1.818,10.20,7.75,4.75,0.75,1.5847,8.4894,2.508,NO
1250,7.534,4.143,0.003,0.006,4.152,1.818,10.20,7.95,4.95,0.95,1.5864,8.4987,2.507,NO
1251,7.865,4.326,0.003,0.006,4.335,1.818,10.20,8.55,5.55,1.55,1.6296,8.7301,2.467,NO
1252,7.972,4.385,0.003,0.006,4.394,1.818,10.20,9.50,6.50,2.50,1.6435,8.8046,2.454,NO
1253,8.297,4.564,0.003,0.006,4.573,1.818,10.20,10.75,7.75,3.75,1.6859,9.0316,2.419,NO
1254,8.432,4.639,0.003,0.006,4.648,1.818,10.20,12.19,9.19,5.19,1.7035,9.1257,2.405,NO
1255,8.841,4.864,0.003,0.006,4.873,1.818,10.20,13.75,10.75,6.75,2.5097,9.4115,2.366,NO
1256,9.401,5.172,0.003,0.006,5.182,1.818,10.20,15.30,12.30,8.30,2.6139,9.8022,2.317,NO
1257,9.356,5.148,0.003,0.006,5.157,1.817,10.20,16.75,13.75,9.75,2.6055,9.7707,2.321,NO
1258,10.003,5.505,0.003,0.006,5.514,1.817,10.20,17.99,14.99,10.99,2.7260,10.2226,2.271,NO
1259,10.129,5.574,0.003,0.006,5.584,1.817,10.20,18.94,15.94,11.94,2.7496,10.3110,2.262,NO
1260,10.569,5.817,0.004,0.007,5.828,1.817,10.21,19.54,16.54,12.54,2.8316,10.6185,2.233,NO
1261,10.174,5.600,0.003,0.006,5.609,1.817,10.20,19.75,16.75,12.75,4.1370,10.3424,2.259,NO
1262,10.198,5.614,0.004,0.006,5.623,1.817,10.20,19.54,16.54,12.54,4.1438,10.3596,2.257,NO
1263,9.996,5.503,0.003,0.006,5.512,1.817,10.20,18.94,15.94,11.94,4.0875,10.2187,2.272,NO
1264,9.758,5.372,0.003,0.006,5.381,1.816,10.20,17.99,14.99,10.99,4.0211,10.0526,2.289,NO
1265,9.670,5.324,0.003,0.006,5.333,1.816,10.20,16.75,13.75,9.75,3.9966,9.9915,2.296,NO
1266,9.196,5.063,0.003,0.006,5.073,1.816,10.20,15.30,12.30,8.30,3.8644,9.6610,2.335,NO
1267,9.242,5.089,0.003,0.006,5.098,1.816,10.20,13.75,10.75,6.75,2.5847,9.6928,2.331,NO
1268,8.575,4.722,0.003,0.006,4.731,1.816,10.20,12.19,9.19,5.19,2.4606,9.2274,2.391,NO
1269,8.425,4.640,0.003,0.006,4.649,1.816,10.20,10.75,7.75,3.75,2.4329,9.1235,2.406,NO
1270,8.316,4.580,0.003,0.006,4.589,1.816,10.20,9.50,6.50,2.50,2.4126,9.0472,2.418,NO
1271,7.721,4.253,0.003,0.006,4.262,1.816,10.20,8.55,5.55,1.55,1.6114,8.6324,2.484,NO
1272,7.650,4.214,0.003,0.006,4.223,1.815,10.20,7.95,4.95,0.95,1.6021,8.5827,2.493,NO
1273,7.508,4.136,0.003,0.006,4.145,1.815,10.20,7.88,4.88,0.88,1.5836,8.4836,2.511,NO
1274,7.854,4.327,0.003,0.006,4.336,1.815,10.20,8.09,5.09,1.09,1.6287,8.7252,2.469,NO
1275,7.784,4.289,0.003,0.006,4.298,1.815,10.20,8.68,5.68,1.68,1.6197,8.6768,2.477,NO
1276,8.272,4.558,0.003,0.006,4.567,1.815,10.20,9.64,6.64,2.64,1.6832,9.0172,2.423,NO
1277,8.212,4.525,0.003,0.006,4.534,1.815,10.20,10.88,7.88,3.88,1.6755,8.9758,2.429,NO
1278,8.898,4.903,0.003,0.006,4.912,1.815,10.20,12.33,9.33,5.33,1.7648,9.4545,2.361,NO
1279,9.253,5.100,0.003,0.006,5.109,1.814,10.20,13.88,10.88,6.88,2.5874,9.7029,2.330,NO
1280,9.591,5.286,0.003,0.006,5.295,1.814,10.20,15.43,12.43,8.43,2.6504,9.9388,2.303,NO
1281,9.532,5.254,0.003,0.006,5.263,1.814,10.20,16.88,13.88,9.88,2.6395,9.8981,2.307,NO
1282,10.079,5.556,0.003,0.006,5.565,1.814,10.20,18.12,15.12,11.12,2.7413,10.2798,2.267,NO
1283,10.226,5.637,0.004,0.006,5.647,1.814,10.20,19.08,16.08,12.08,2.7688,10.3828,2.256,NO
1284,10.511,5.795,0.004,0.007,5.805,1.814,10.21,19.68,16.68,12.68,2.8219,10.5822,2.237,NO
1285,10.527,5.804,0.004,0.007,5.815,1.814,10.21,19.88,16.88,12.88,4.2376,10.5941,2.236,NO
1286,10.194,5.621,0.004,0.006,5.630,1.814,10.20,19.68,16.68,12.68,4.1443,10.3609,2.259,NO
1287,10.029,5.530,0.003,0.006,5.539,1.813,10.20,19.08,16.08,12.08,4.0983,10.2456,2.270,NO
1288,9.603,5.296,0.003,0.006,5.305,1.813,10.20,18.12,15.12,11.12,3.9794,9.9485,2.302,NO
1289,9.634,5.313,0.003,0.006,5.322,1.813,10.20,16.88,13.88,9.88,3.9881,9.9703,2.300,NO
1290,9.299,5.129,0.003,0.006,5.138,1.813,10.20,15.43,12.43,8.43,3.8947,9.7368,2.327,NO
1291,8.901,4.910,0.003,0.006,4.919,1.813,10.20,13.88,10.88,6.88,2.5224,9.4589,2.362,NO
1292,8.660,4.777,0.003,0.006,4.786,1.813,10.20,12.33,9.33,5.33,2.4776,9.2910,2.384,NO
1293,8.362,4.613,0.003,0.006,4.622,1.813,10.20,10.88,7.88,3.88,2.4221,9.0827,2.414,NO
1294,8.161,4.503,0.003,0.006,4.512,1.813,10.20,9.64,6.64,2.64,2.3848,8.9428,2.435,NO
1295,7.873,4.344,0.003,0.006,4.353,1.812,10.20,8.68,5.68,1.68,1.6318,8.7418,2.467,NO
1296,7.394,4.080,0.003,0.006,4.089,1.812,10.20,8.09,5.09,1.09,1.5694,8.4077,2.527,NO
1297,6.327,3.491,0.003,0.006,3.501,1.812,10.20,8.02,5.02,1.02,1.4303,7.6624,2.691,NO
1298,6.532,3.605,0.003,0.006,3.614,1.812,10.20,8.22,5.22,1.22,1.4570,7.8054,2.656,NO
1299,6.564,3.623,0.003,0.006,3.632,1.812,10.20,8.82,5.82,1.82,1.4613,7.8284,2.650,NO
1300,6.645,3.668,0.003,0.006,3.677,1.812,10.20,9.78,6.78,2.78,1.4719,7.8852,2.637,NO
1301,6.979,3.853,0.003,0.006,3.862,1.812,10.20,11.02,8.02,4.02,1.5155,8.1186,2.585,NO
1302,7.017,3.874,0.003,0.006,3.883,1.811,10.20,12.47,9.47,5.47,1.5204,8.1449,2.579,NO
1303,7.715,4.259,0.003,0.006,4.268,1.811,10.20,14.02,11.02,7.02,2.3020,8.6326,2.487,NO
1304,8.025,4.431,0.003,0.006,4.440,1.811,10.20,15.57,12.57,8.57,2.3598,8.8491,2.450,NO
1305,8.066,4.454,0.003,0.006,4.463,1.811,10.20,17.02,14.02,10.02,2.3675,8.8780,2.446,NO
1306,8.696,4.802,0.003,0.006,4.811,1.811,10.20,18.26,15.26,11.26,2.4848,9.3180,2.381,NO
1307,8.767,4.842,0.003,0.006,4.851,1.811,10.20,19.21,16.21,12.21,2.4982,9.3681,2.375,NO
1308,8.857,4.892,0.003,0.006,4.901,1.811,10.20,19.81,16.81,12.81,2.5149,9.4310,2.366,NO
1309,8.937,4.936,0.003,0.006,4.945,1.811,10.20,20.02,17.02,13.02,2.5299,9.4872,2.359,NO
1310,8.710,4.811,0.003,0.006,4.820,1.810,10.20,19.81,16.81,12.81,2.4876,9.3286,2.380,NO
1311,8.595,4.748,0.003,0.006,4.757,1.810,10.20,19.21,16.21,12.21,2.4663,9.2487,2.391,NO
1312,8.280,4.574,0.003,0.006,4.583,1.810,10.20,18.26,15.26,11.26,2.4076,9.0284,2.423,NO
1313,8.390,4.635,0.003,0.006,4.644,1.810,10.20,17.02,14.02,10.02,2.4281,9.1053,2.412,NO
1314,7.865,4.346,0.003,0.006,4.355,1.810,10.20,15.57,12.57,8.57,2.3304,8.7388,2.469,NO
1315,7.560,4.177,0.003,0.006,4.187,1.810,10.20,14.02,11.02,7.02,2.2736,8.5260,2.506,NO
1316,7.453,4.119,0.003,0.006,4.128,1.810,10.20,12.47,9.47,5.47,2.2537,8.4513,2.520,NO
1317,7.195,3.976,0.003,0.006,3.985,1.809,10.20,11.02,8.02,4.02,2.2056,8.2711,2.555,NO
1318,7.017,3.878,0.003,0.006,3.887,1.809,10.20,9.78,6.78,2.78,2.1726,8.1472,2.580,NO
1319,6.399,3.537,0.003,0.006,3.546,1.809,10.20,8.82,5.82,1.82,1.4402,7.7151,2.679,NO
1320,6.327,3.497,0.003,0.006,3.506,1.809,10.20,8.22,5.22,1.22,1.4308,7.6650,2.692,NO
1321,6.327,3.498,0.003,0.006,3.507,1.809,10.20,8.16,5.16,1.16,1.4308,7.6652,2.692,NO
1322,6.398,3.537,0.003,0.006,3.546,1.809,10.20,8.36,5.36,1.36,1.4401,7.7149,2.680,NO
1323,6.327,3.498,0.003,0.006,3.507,1.809,10.20,8.96,5.96,1.96,1.4309,7.6654,2.692,NO
1324,6.783,3.750,0.003,0.006,3.759,1.809,10.20,9.91,6.91,2.91,1.4903,7.9840,2.616,NO
1325,7.198,3.980,0.003,0.006,3.989,1.808,10.20,11.16,8.16,4.16,1.5446,8.2745,2.554,NO
1326,7.111,3.933,0.003,0.006,3.942,1.808,10.20,12.60,9.60,5.60,1.5332,8.2138,2.567,NO
1327,7.742,4.282,0.003,0.006,4.291,1.808,10.20,14.16,11.16,7.16,2.3080,8.6549,2.484,NO
1328,7.833,4.332,0.003,0.006,4.342,1.808,10.20,15.71,12.71,8.71,2.3250,8.7187,2.473,NO
1329,8.407,4.650,0.003,0.006,4.659,1.808,10.20,17.16,14.16,10.16,2.4319,9.1198,2.411,NO
1330,8.890,4.917,0.003,0.006,4.927,1.808,10.20,18.40,15.40,11.40,2.5220,9.4574,2.364,NO
1331,9.102,5.035,0.003,0.006,5.044,1.808,10.20,19.35,16.35,12.35,2.5616,9.6059,2.345,NO
1332,9.238,5.111,0.003,0.006,5.120,1.808,10.20,19.95,16.95,12.95,2.5870,9.7014,2.334,NO
1333,9.068,5.017,0.003,0.006,5.026,1.807,10.20,20.16,17.16,13.16,2.5553,9.5825,2.348,NO
1334,9.067,5.017,0.003,0.006,5.026,1.807,10.20,19.95,16.95,12.95,2.5552,9.5818,2.348,NO
1335,8.663,4.794,0.003,0.006,4.803,1.807,10.20,19.35,16.35,12.35,2.4799,9.2997,2.386,NO
1336,8.362,4.628,0.003,0.006,4.637,1.807,10.20,18.40,15.40,11.40,2.4239,9.0896,2.415,NO
1337,8.552,4.733,0.003,0.006,4.742,1.807,10.20,17.16,14.16,10.16,2.4593,9.2224,2.396,NO
1338,8.303,4.596,0.003,0.006,4.605,1.807,10.20,15.71,12.71,8.71,2.4130,9.0487,2.422,NO
1339,7.557,4.183,0.003,0.006,4.192,1.807,10.20,14.16,11.16,7.16,2.2738,8.5268,2.508,NO
1340,7.209,3.991,0.003,0.006,4.000,1.806,10.20,12.60,9.60,5.60,2.2091,8.2842,2.554,NO
1341,7.070,3.914,0.003,0.006,3.923,1.806,10.20,11.16,8.16,4.16,2.1831,8.1866,2.573,NO
1342,6.826,3.779,0.003,0.006,3.788,1.806,10.20,9.91,6.91,2.91,2.1377,8.0165,2.610,NO
1343,6.666,3.691,0.003,0.006,3.700,1.806,10.20,8.96,5.96,1.96,1.4755,7.9044,2.635,NO
1344,6.618,3.665,0.003,0.006,3.674,1.806,10.20,8.36,5.36,1.36,1.4693,7.8714,2.643,NO
1345,7.555,4.184,0.003,0.006,4.193,1.806,10.20,8.30,5.30,1.30,1.5916,8.5266,2.508,NO
1346,7.751,4.293,0.003,0.006,4.302,1.806,10.20,8.50,5.50,1.50,1.6173,8.6640,2.484,NO
1347,7.833,4.338,0.003,0.006,4.347,1.806,10.20,9.10,6.10,2.10,1.6279,8.7211,2.474,NO
1348,8.044,4.455,0.003,0.006,4.464,1.805,10.20,10.05,7.05,3.05,1.6555,8.8687,2.450,NO
1349,8.424,4.666,0.003,0.006,4.675,1.805,10.20,11.30,8.30,4.30,1.7052,9.1347,2.410,NO
1350,8.642,4.787,0.003,0.006,4.796,1.805,10.20,12.74,9.74,5.74,1.7336,9.2871,2.388,NO
1351,8.760,4.853,0.003,0.006,4.862,1.805,10.20,14.30,11.30,7.30,2.4987,9.3703,2.377,NO
1352,9.013,4.994,0.003,0.006,5.003,1.805,10.20,15.85,12.85,8.85,2.5460,9.5474,2.354,NO
1353,9.406,5.212,0.003,0.006,5.221,1.805,10.20,17.30,14.30,10.30,2.6192,9.8221,2.321,NO
1354,10.020,5.552,0.003,0.006,5.562,1.805,10.20,18.54,15.54,11.54,2.7338,10.2519,2.274,NO
1355,10.131,5.614,0.003,0.006,5.624,1.805,10.20,19.49,16.49,12.49,2.7546,10.3297,2.266,NO
1356,10.165,5.633,0.003,0.006,5.643,1.804,10.20,20.09,17.09,13.09,2.7610,10.3537,2.263,NO
1357,10.424,5.778,0.004,0.007,5.788,1.804,10.21,20.30,17.30,13.30,4.2142,10.5355,2.246,NO
1358,9.984,5.534,0.003,0.006,5.543,1.804,10.20,20.09,17.09,13.09,4.0909,10.2272,2.276,NO
1359,10.284,5.700,0.004,0.006,5.710,1.804,10.21,19.49,16.49,12.49,4.1749,10.4372,2.255,NO
1360,9.760,5.411,0.003,0.006,5.420,1.804,10.20,18.54,15.54,11.54,4.0284,10.0711,2.293,NO
1361,9.719,5.388,0.003,0.006,5.397,1.804,10.20,17.30,14.30,10.30,4.0168,10.0421,2.296,NO
1362,9.358,5.189,0.003,0.006,5.198,1.804,10.20,15.85,12.85,8.85,3.9161,9.7902,2.325,NO
1363,8.992,4.986,0.003,0.006,4.995,1.803,10.20,14.30,11.30,7.30,2.5425,9.5342,2.356,NO
1364,8.817,4.889,0.003,0.006,4.898,1.803,10.20,12.74,9.74,5.74,2.5098,9.4118,2.372,NO
1365,8.179,4.536,0.003,0.006,4.545,1.803,10.20,11.30,8.30,4.30,2.3909,8.9657,2.436,NO
1366,8.217,4.557,0.003,0.006,4.566,1.803,10.20,10.05,7.05,3.05,2.3979,8.9922,2.432,NO
1367,7.561,4.194,0.003,0.006,4.203,1.803,10.20,9.10,6.10,2.10,1.5930,8.5340,2.508,NO
1368,7.658,4.248,0.003,0.006,4.257,1.803,10.20,8.50,5.50,1.50,1.6057,8.6019,2.496,NO
1369,7.502,4.161,0.003,0.006,4.171,1.803,10.20,8.44,5.44,1.44,1.5853,8.4925,2.516,NO
1370,7.516,4.169,0.003,0.006,4.179,1.803,10.20,8.64,5.64,1.64,1.5871,8.5023,2.514,NO
1371,8.045,4.463,0.003,0.006,4.472,1.802,10.20,9.24,6.24,2.24,1.6562,8.8726,2.451,NO
1372,8.224,4.563,0.003,0.006,4.572,1.802,10.20,10.20,7.20,3.20,1.6797,8.9985,2.431,NO
1373,8.242,4.573,0.003,0.006,4.582,1.802,10.20,11.44,8.44,4.44,1.6820,9.0110,2.430,NO
1374,8.958,4.971,0.003,0.006,4.980,1.802,10.20,12.89,9.89,5.89,1.7756,9.5123,2.360,NO
1375,8.886,4.931,0.003,0.006,4.940,1.802,10.20,14.44,11.44,7.44,2.5231,9.4617,2.366,NO
1376,9.423,5.230,0.003,0.006,5.239,1.802,10.20,15.99,12.99,8.99,2.6235,9.8379,2.320,NO
1377,9.508,5.277,0.003,0.006,5.286,1.802,10.20,17.44,14.44,10.44,2.6393,9.8972,2.313,NO
1378,9.940,5.517,0.003,0.006,5.526,1.802,10.20,18.68,15.68,11.68,2.7199,10.1998,2.280,NO
1379,10.442,5.797,0.004,0.007,5.807,1.801,10.21,19.64,16.64,12.64,2.8140,10.5523,2.246,NO
1380,10.103,5.609,0.003,0.006,5.618,1.801,10.20,20.24,17.24,13.24,2.7505,10.3145,2.269,NO
1381,10.230,5.680,0.004,0.006,5.690,1.801,10.20,20.44,17.44,13.44,4.1615,10.4038,2.260,NO
1382,10.221,5.675,0.004,0.006,5.685,1.801,10.20,20.24,17.24,13.24,4.1591,10.3977,2.261,NO
1383,10.428,5.791,0.004,0.007,5.801,1.801,10.21,19.64,16.64,12.64,4.2173,10.5432,2.247,NO
1384,9.638,5.352,0.003,0.006,5.361,1.801,10.20,18.68,15.68,11.68,3.9958,9.9894,2.303,NO
1385,9.324,5.178,0.003,0.006,5.187,1.801,10.20,17.44,14.44,10.44,3.9081,9.7702,2.329,NO
1386,9.173,5.095,0.003,0.006,5.104,1.801,10.20,15.99,12.99,8.99,3.8659,9.6648,2.341,NO
1387,8.666,4.813,0.003,0.006,4.822,1.800,10.20,14.44,11.44,7.44,2.4826,9.3096,2.387,NO
1388,8.865,4.925,0.003,0.006,4.934,1.800,10.20,12.89,9.89,5.89,2.5199,9.4496,2.369,NO
1389,8.609,4.783,0.003,0.006,4.792,1.800,10.20,11.44,8.44,4.44,2.4722,9.2706,2.393,NO
1390,8.181,4.545,0.003,0.006,4.554,1.800,10.20,10.20,7.20,3.20,2.3922,8.9708,2.437,NO
1391,7.987,4.437,0.003,0.006,4.447,1.800,10.20,9.24,6.24,2.24,1.6492,8.8350,2.458,NO
1392,7.871,4.374,0.003,0.006,4.383,1.800,10.20,8.64,5.64,1.64,1.6342,8.7545,2.472,NO
1393,7.459,4.145,0.003,0.006,4.154,1.800,10.20,8.58,5.58,1.58,1.5803,8.4656,2.522,NO
1394,7.915,4.398,0.003,0.006,4.408,1.799,10.20,8.79,5.79,1.79,1.6399,8.7851,2.467,NO
1395,7.521,4.180,0.003,0.006,4.189,1.799,10.20,9.39,6.39,2.39,1.5885,8.5096,2.514,NO
1396,8.116,4.511,0.003,0.006,4.520,1.799,10.20,10.34,7.34,3.34,1.6662,8.9260,2.444,NO
1397,8.387,4.662,0.003,0.006,4.671,1.799,10.20,11.58,8.58,4.58,1.7017,9.1163,2.415,NO
1398,8.960,4.981,0.003,0.006,4.990,1.799,10.20,13.03,10.03,6.03,1.7766,9.5176,2.360,NO
1399,8.858,4.924,0.003,0.006,4.933,1.799,10.20,14.58,11.58,7.58,2.5189,9.4460,2.370,NO
1400,9.477,5.269,0.003,0.006,5.278,1.799,10.20,16.14,13.14,9.14,2.6347,9.8801,2.317,NO
1401,9.626,5.352,0.003,0.006,5.361,1.799,10.20,17.58,14.58,10.58,2.6624,9.9840,2.305,NO
1402,10.169,5.654,0.004,0.006,5.664,1.798,10.20,18.83,15.83,11.83,2.7640,10.3648,2.265,NO
1403,10.247,5.698,0.004,0.006,5.708,1.798,10.20,19.78,16.78,12.78,2.7787,10.4200,2.260,NO
1404,10.207,5.676,0.004,0.006,5.686,1.798,10.20,20.38,17.38,13.38,2.7712,10.3919,2.262,NO
1405,10.653,5.925,0.004,0.007,5.936,1.798,10.21,20.58,17.58,13.58,4.2819,10.7047,2.233,NO
1406,10.369,5.767,0.004,0.007,5.777,1.798,10.21,20.38,17.38,13.38,4.2023,10.5058,2.252,NO
1407,10.304,5.731,0.004,0.006,5.741,1.798,10.21,19.78,16.78,12.78,4.1841,10.4602,2.256,NO
1408,9.968,5.545,0.003,0.006,5.554,1.798,10.20,18.83,15.83,11.83,4.0901,10.2252,2.279,NO
1409,9.879,5.496,0.003,0.006,5.505,1.798,10.20,17.58,14.58,10.58,4.0652,10.1629,2.286,NO
1410,9.349,5.201,0.003,0.006,5.211,1.797,10.20,16.14,13.14,9.14,3.9167,9.7917,2.327,NO
1411,9.216,5.128,0.003,0.006,5.137,1.797,10.20,14.58,11.58,7.58,2.5864,9.6990,2.339,NO
1412,8.388,4.668,0.003,0.006,4.677,1.797,10.20,13.03,10.03,6.03,2.4318,9.1193,2.416,NO
1413,8.656,4.817,0.003,0.006,4.826,1.797,10.20,11.58,8.58,4.58,2.4819,9.3073,2.389,NO
1414,7.950,4.424,0.003,0.006,4.433,1.797,10.20,10.34,7.34,3.34,2.3500,8.8125,2.463,NO
1415,8.008,4.457,0.003,0.006,4.466,1.797,10.20,9.39,6.39,2.39,1.6526,8.8530,2.457,NO
1416,8.037,4.474,0.003,0.006,4.483,1.797,10.20,8.79,5.79,1.79,1.6565,8.8741,2.454,NO
1417,7.358,4.096,0.003,0.006,4.105,1.796,10.20,8.73,5.73,1.73,1.5677,8.3985,2.536,NO
1418,7.640,4.253,0.003,0.006,4.262,1.796,10.20,8.93,5.93,1.93,1.6046,8.5962,2.500,NO
1419,7.573,4.216,0.003,0.006,4.225,1.796,10.20,9.53,6.53,2.53,1.5959,8.5494,2.509,NO
1420,7.943,4.423,0.003,0.006,4.432,1.796,10.20,10.49,7.49,3.49,1.6443,8.8089,2.464,NO
1421,8.649,4.816,0.003,0.006,4.825,1.796,10.20,11.73,8.73,4.73,1.7366,9.3034,2.390,NO
1422,8.876,4.943,0.003,0.006,4.952,1.796,10.20,13.18,10.18,6.18,1.7663,9.4625,2.369,NO
1423,9.307,5.183,0.003,0.006,5.192,1.796,10.20,14.73,11.73,7.73,2.6039,9.7646,2.331,NO
1424,9.548,5.318,0.003,0.006,5.327,1.796,10.20,16.28,13.28,9.28,2.6491,9.9340,2.312,NO
1425,9.671,5.386,0.003,0.006,5.396,1.795,10.20,17.73,14.73,10.73,2.6720,10.0199,2.302,NO
1426,10.207,5.685,0.004,0.006,5.695,1.795,10.20,18.97,15.97,11.97,2.7722,10.3959,2.263,NO
1427,10.212,5.689,0.004,0.006,5.699,1.795,10.20,19.93,16.93,12.93,2.7733,10.3999,2.263,NO
1428,9.955,5.546,0.003,0.006,5.555,1.795,10.20,20.52,17.52,13.52,2.7253,10.2198,2.281,NO
1429,10.605,5.908,0.004,0.007,5.919,1.795,10.21,20.73,17.73,13.73,4.2703,10.6758,2.237,NO
1430,10.152,5.656,0.003,0.006,5.666,1.795,10.20,20.52,17.52,13.52,4.1433,10.3582,2.267,NO
1431,10.176,5.670,0.004,0.006,5.680,1.795,10.20,19.93,16.93,12.93,4.1500,10.3751,2.266,NO
1432,10.243,5.708,0.004,0.006,5.718,1.795,10.20,18.97,15.97,11.97,4.1690,10.4226,2.261,NO
1433,9.415,5.247,0.003,0.006,5.256,1.794,10.20,17.73,14.73,10.73,3.9368,9.8419,2.323,NO
1434,9.612,5.357,0.003,0.006,5.366,1.794,10.20,16.28,13.28,9.28,3.9921,9.9802,2.307,NO
1435,8.762,4.884,0.003,0.006,4.893,1.794,10.20,14.73,11.73,7.73,2.5027,9.3850,2.380,NO
1436,8.364,4.662,0.003,0.006,4.672,1.794,10.20,13.18,10.18,6.18,2.4283,9.1062,2.419,NO
1437,8.006,4.463,0.003,0.006,4.472,1.794,10.20,11.73,8.73,4.73,2.3614,8.8553,2.458,NO
1438,7.956,4.435,0.003,0.006,4.445,1.794,10.20,10.49,7.49,3.49,2.3521,8.8205,2.464,NO
1439,7.844,4.373,0.003,0.006,4.382,1.794,10.20,9.53,6.53,2.53,1.6318,8.7419,2.477,NO
1440,7.393,4.122,0.003,0.006,4.131,1.794,10.20,8.93,5.93,1.93,1.5728,8.4258,2.533,NO
1441,7.742,4.317,0.003,0.006,4.326,1.793,10.20,8.88,5.88,1.88,1.6185,8.6705,2.489,NO
1442,7.919,4.416,0.003,0.006,4.425,1.793,10.20,9.08,6.08,2.08,1.6418,8.7952,2.468,NO
1443,8.071,4.501,0.003,0.006,4.510,1.793,10.20,9.68,6.68,2.68,1.6617,8.9018,2.451,NO
1444,7.910,4.411,0.003,0.006,4.421,1.793,10.20,10.63,7.63,3.63,1.6405,8.7886,2.469,NO
1445,8.085,4.510,0.003,0.006,4.519,1.793,10.20,11.88,8.88,4.88,1.6635,8.9118,2.449,NO
1446,8.845,4.933,0.003,0.006,4.943,1.793,10.20,13.32,10.32,6.32,1.7629,9.4443,2.373,NO
1447,9.023,5.034,0.003,0.006,5.043,1.793,10.20,14.88,11.88,7.88,2.5520,9.5698,2.357,NO
1448,9.209,5.137,0.003,0.006,5.147,1.793,10.20,16.43,13.43,9.43,2.5867,9.7000,2.341,NO
1449,9.854,5.498,0.003,0.006,5.507,1.792,10.20,17.88,14.88,10.88,2.7073,10.1525,2.290,NO
1450,9.898,5.523,0.003,0.006,5.532,1.792,10.20,19.12,16.12,12.12,2.7156,10.1833,2.286,NO
1451,10.440,5.826,0.004,0.007,5.836,1.792,10.21,20.07,17.07,13.07,2.8172,10.5646,2.249,NO
1452,10.406,5.807,0.004,0.007,5.817,1.792,10.21,20.67,17.67,13.67,2.8108,10.5407,2.251,NO
1453,10.148,5.664,0.003,0.006,5.673,1.792,10.20,20.88,17.88,13.88,4.1439,10.3598,2.268,NO
1454,10.433,5.823,0.004,0.007,5.833,1.792,10.21,20.67,17.67,13.67,4.2239,10.5597,2.249,NO
1455,9.863,5.505,0.003,0.006,5.515,1.792,10.20,20.07,17.07,13.07,4.0640,10.1600,2.289,NO
1456,9.621,5.371,0.003,0.006,5.380,1.791,10.20,19.12,16.12,12.12,3.9962,9.9904,2.308,NO
1457,9.402,5.249,0.003,0.006,5.258,1.791,10.20,17.88,14.88,10.88,3.9348,9.8371,2.325,NO
1458,9.196,5.134,0.003,0.006,5.143,1.791,10.20,16.43,13.43,9.43,3.8771,9.6928,2.342,NO
1459,8.760,4.891,0.003,0.006,4.900,1.791,10.20,14.88,11.88,7.88,2.5031,9.3868,2.381,NO
1460,8.538,4.768,0.003,0.006,4.777,1.791,10.20,13.32,10.32,6.32,2.4618,9.2319,2.403,NO
1461,8.319,4.645,0.003,0.006,4.655,1.791,10.20,11.88,8.88,4.88,2.4209,9.0783,2.425,NO
1462,8.228,4.595,0.003,0.006,4.604,1.791,10.20,10.63,7.63,3.63,2.4039,9.0147,2.435,NO
1463,8.032,4.486,0.003,0.006,4.495,1.791,10.20,9.68,6.68,2.68,1.6571,8.8772,2.456,NO
1464,7.781,4.346,0.003,0.006,4.355,1.790,10.20,9.08,6.08,2.08,1.6243,8.7014,2.485,NO
1465,6.327,3.534,0.003,0.006,3.543,1.790,10.20,9.02,6.02,2.02,1.4339,7.6816,2.698,NO
1466,6.327,3.534,0.003,0.006,3.544,1.790,10.20,9.23,6.23,2.23,1.4339,7.6817,2.698,NO
1467,6.557,3.663,0.003,0.006,3.672,1.790,10.20,9.83,6.83,2.83,1.4641,7.8433,2.658,NO
1468,6.579,3.676,0.003,0.006,3.685,1.790,10.20,10.78,7.78,3.78,1.4670,7.8589,2.654,NO
1469,7.272,4.063,0.003,0.006,4.072,1.790,10.20,12.02,9.02,5.02,1.5577,8.3450,2.550,NO
1470,7.165,4.004,0.003,0.006,4.013,1.790,10.20,13.47,10.47,6.47,1.5438,8.2702,2.565,NO
1471,7.397,4.134,0.003,0.006,4.143,1.790,10.20,15.02,12.02,8.02,2.2488,8.4330,2.533,NO
1472,8.310,4.644,0.003,0.006,4.653,1.789,10.20,16.58,13.58,9.58,2.4195,9.0732,2.426,NO
1473,8.069,4.510,0.003,0.006,4.519,1.789,10.20,18.02,15.02,11.02,2.3746,8.9049,2.452,NO
1474,8.315,4.647,0.003,0.006,4.656,1.789,10.20,19.27,16.27,12.27,2.4205,9.0769,2.426,NO
1475,9.025,5.045,0.003,0.006,5.054,1.789,10.20,20.22,17.22,13.22,2.5535,9.5758,2.358,NO
1476,8.663,4.843,0.003,0.006,4.852,1.789,10.20,20.82,17.82,13.82,2.4859,9.3220,2.391,NO
1477,9.067,5.069,0.003,0.006,5.078,1.789,10.20,21.02,18.02,14.02,2.5614,9.6054,2.354,NO
1478,8.616,4.817,0.003,0.006,4.827,1.789,10.20,20.82,17.82,13.82,2.4772,9.2894,2.396,NO
1479,8.572,4.793,0.003,0.006,4.802,1.789,10.20,20.22,17.22,13.22,2.4689,9.2584,2.400,NO
1480,8.354,4.671,0.003,0.006,4.680,1.788,10.20,19.27,16.27,12.27,2.4281,9.1055,2.422,NO
1481,8.639,4.831,0.003,0.006,4.840,1.788,10.20,18.02,15.02,11.02,2.4815,9.3055,2.394,NO
1482,7.880,4.407,0.003,0.006,4.416,1.788,10.20,16.58,13.58,9.58,2.3396,8.7735,2.474,NO
1483,7.364,4.118,0.003,0.006,4.128,1.788,10.20,15.02,12.02,8.02,2.2430,8.4112,2.538,NO
1484,7.631,4.268,0.003,0.006,4.277,1.788,10.20,13.47,10.47,6.47,2.2930,8.5986,2.504,NO
1485,7.280,4.072,0.003,0.006,4.082,1.788,10.20,12.02,9.02,5.02,2.2275,8.3530,2.550,NO
1486,6.749,3.775,0.003,0.006,3.784,1.788,10.20,10.78,7.78,3.78,2.1280,7.9799,2.628,NO
1487,6.327,3.540,0.003,0.006,3.549,1.788,10.20,9.83,6.83,2.83,1.4344,7.6841,2.699,NO
1488,6.694,3.745,0.003,0.006,3.755,1.787,10.20,9.23,6.23,2.23,1.4825,7.9420,2.636,NO
1489,6.562,3.671,0.003,0.006,3.681,1.787,10.20,9.17,6.17,2.17,1.4651,7.8490,2.658,NO
1490,6.371,3.565,0.003,0.006,3.574,1.787,10.20,9.38,6.38,2.38,1.4402,7.7151,2.691,NO
1491,6.327,3.541,0.003,0.006,3.550,1.787,10.20,9.98,6.98,2.98,1.4345,7.6846,2.699,NO
1492,7.009,3.922,0.003,0.006,3.932,1.787,10.20,10.93,7.93,3.93,1.5238,8.1631,2.588,NO
1493,6.810,3.811,0.003,0.006,3.821,1.787,10.20,12.17,9.17,5.17,1.4978,8.0237,2.618,NO
1494,7.237,4.050,0.003,0.006,4.060,1.787,10.20,13.62,10.62,6.62,1.5537,8.3233,2.556,NO
1495,7.711,4.316,0.003,0.006,4.326,1.786,10.20,15.17,12.17,8.17,2.3084,8.6566,2.495,NO
1496,8.046,4.504,0.003,0.006,4.513,1.786,10.20,16.73,13.73,9.73,2.3712,8.8918,2.456,NO
1497,8.147,4.561,0.003,0.006,4.570,1.786,10.20,18.17,15.17,11.17,2.3901,8.9627,2.445,NO
1498,8.428,4.719,0.003,0.006,4.728,1.786,10.20,19.42,16.42,12.42,2.4427,9.1602,2.415,NO
1499,9.097,5.094,0.003,0.006,5.103,1.786,10.20,20.37,17.37,13.37,2.5681,9.6302,2.352,NO
1500,9.263,5.187,0.003,0.006,5.196,1.786,10.20,20.97,17.97,13.97,2.5992,9.7470,2.338,NO
1501,9.314,5.216,0.003,0.006,5.225,1.786,10.20,21.17,18.17,14.17,2.6087,9.7824,2.334,NO
1502,8.975,5.027,0.003,0.006,5.036,1.786,10.20,20.97,17.97,13.97,2.5454,9.5451,2.363,NO
1503,8.587,4.809,0.003,0.006,4.818,1.785,10.20,20.37,17.37,13.37,2.4726,9.2723,2.400,NO
1504,8.477,4.748,0.003,0.006,4.757,1.785,10.20,19.42,16.42,12.42,2.4521,9.1952,2.411,NO
1505,8.382,4.695,0.003,0.006,4.705,1.785,10.20,18.17,15.17,11.17,2.4344,9.1292,2.420,NO
1506,7.802,4.371,0.003,0.006,4.380,1.785,10.20,16.73,13.73,9.73,2.3258,8.7217,2.484,NO
1507,7.700,4.314,0.003,0.006,4.323,1.785,10.20,15.17,12.17,8.17,2.3067,8.6503,2.497,NO
1508,7.170,4.017,0.003,0.006,4.027,1.785,10.20,13.62,10.62,6.62,2.2076,8.2786,2.566,NO
1509,6.975,3.908,0.003,0.006,3.917,1.785,10.20,12.17,9.17,5.17,2.1711,8.1415,2.594,NO
1510,6.465,3.623,0.003,0.006,3.632,1.785,10.20,10.93,7.93,3.93,2.0756,7.7836,2.676,NO
1511,6.608,3.703,0.003,0.006,3.712,1.784,10.20,9.98,6.98,2.98,1.4717,7.8842,2.651,NO
1512,6.333,3.550,0.003,0.006,3.559,1.784,10.20,9.38,6.38,2.38,1.4358,7.6915,2.699,NO
1513,7.666,4.297,0.003,0.006,4.306,1.784,10.20,9.33,6.33,2.33,1.6104,8.6274,2.501,NO
1514,7.978,4.472,0.003,0.006,4.481,1.784,10.20,9.53,6.53,2.53,1.6514,8.8467,2.464,NO
1515,7.635,4.280,0.003,0.006,4.289,1.784,10.20,10.13,7.13,3.13,1.6065,8.6060,2.505,NO
1516,8.037,4.506,0.003,0.006,4.515,1.784,10.20,11.08,8.08,4.08,1.6592,8.8884,2.458,NO
1517,8.126,4.556,0.003,0.006,4.565,1.784,10.20,12.33,9.33,5.33,1.6709,8.9513,2.448,NO
1518,8.401,4.710,0.003,0.006,4.719,1.784,10.20,13.77,10.77,6.77,1.7069,9.1441,2.419,NO
1519,8.803,4.936,0.003,0.006,4.945,1.783,10.20,15.33,12.33,8.33,2.5137,9.4264,2.380,NO
1520,9.667,5.421,0.003,0.006,5.430,1.783,10.20,16.88,13.88,9.88,2.6757,10.0338,2.307,NO
1521,9.966,5.589,0.003,0.006,5.598,1.783,10.20,18.33,15.33,11.33,2.7317,10.2438,2.284,NO
1522,9.691,5.435,0.003,0.006,5.444,1.783,10.20,19.57,16.57,12.57,2.6802,10.0509,2.305,NO
1523,10.140,5.688,0.004,0.006,5.697,1.783,10.20,20.52,17.52,13.52,2.7645,10.3669,2.272,NO
1524,10.429,5.850,0.004,0.007,5.860,1.783,10.21,21.12,18.12,14.12,2.8186,10.5699,2.252,NO
1525,10.562,5.925,0.004,0.007,5.936,1.783,10.21,21.33,18.33,14.33,4.2655,10.6637,2.244,NO
1526,10.281,5.767,0.004,0.006,5.778,1.783,10.21,21.12,18.12,14.12,4.1865,10.4662,2.262,NO
1527,10.159,5.700,0.004,0.006,5.709,1.782,10.20,20.52,17.52,13.52,4.1523,10.3808,2.271,NO
1528,9.916,5.564,0.003,0.006,5.573,1.782,10.20,19.57,16.57,12.57,4.0840,10.2099,2.288,NO
1529,9.546,5.356,0.003,0.006,5.366,1.782,10.20,18.33,15.33,11.33,3.9801,9.9502,2.316,NO
1530,9.325,5.233,0.003,0.006,5.242,1.782,10.20,16.88,13.88,9.88,3.9182,9.7954,2.334,NO
1531,9.320,5.230,0.003,0.006,5.240,1.782,10.20,15.33,12.33,8.33,2.6112,9.7920,2.335,NO
1532,8.700,4.883,0.003,0.006,4.892,1.782,10.20,13.77,10.77,6.77,2.4950,9.3564,2.390,NO
1533,8.333,4.677,0.003,0.006,4.687,1.782,10.20,12.33,9.33,5.33,2.4264,9.0989,2.426,NO
1534,7.836,4.398,0.003,0.006,4.408,1.782,10.20,11.08,8.08,4.08,2.3333,8.7497,2.481,NO
1535,7.529,4.226,0.003,0.006,4.236,1.781,10.20,10.13,7.13,3.13,1.5930,8.5341,2.519,NO
1536,7.375,4.140,0.003,0.006,4.150,1.781,10.20,9.53,6.53,2.53,1.5729,8.4263,2.539,NO
1537,7.535,4.231,0.003,0.006,4.240,1.781,10.20,9.48,6.48,2.48,1.5939,8.5388,2.518,NO
1538,7.728,4.339,0.003,0.006,4.348,1.781,10.20,9.68,6.68,2.68,1.6192,8.6741,2.494,NO
1539,8.148,4.575,0.003,0.006,4.584,1.781,10.20,10.28,7.28,3.28,1.6743,8.9695,2.446,NO
1540,8.290,4.655,0.003,0.006,4.664,1.781,10.20,11.24,8.24,4.24,1.6929,9.0693,2.431,NO
1541,8.138,4.571,0.003,0.006,4.580,1.781,10.20,12.48,9.48,5.48,1.6731,8.9632,2.447,NO
1542,8.698,4.885,0.003,0.006,4.894,1.780,10.20,13.93,10.93,6.93,1.7465,9.3563,2.391,NO
1543,8.747,4.913,0.003,0.006,4.923,1.780,10.20,15.48,12.48,8.48,2.5044,9.3914,2.386,NO
1544,9.319,5.235,0.003,0.006,5.244,1.780,10.20,17.03,14.03,10.03,2.6115,9.7933,2.335,NO
1545,9.869,5.544,0.003,0.006,5.553,1.780,10.20,18.48,15.48,11.48,2.7147,10.1802,2.292,NO
1546,10.127,5.690,0.004,0.006,5.699,1.780,10.20,19.72,16.72,12.72,2.7632,10.3621,2.274,NO
1547,10.145,5.700,0.004,0.006,5.710,1.780,10.20,20.68,17.68,13.68,2.7666,10.3746,2.273,NO
1548,10.544,5.924,0.004,0.007,5.935,1.780,10.21,21.27,18.27,14.27,2.8415,10.6556,2.246,NO
1549,10.227,5.747,0.004,0.006,5.757,1.780,10.20,21.48,18.48,14.48,4.1731,10.4329,2.267,NO
1550,10.571,5.940,0.004,0.007,5.951,1.779,10.21,21.27,18.27,14.27,4.2699,10.6748,2.244,NO
1551,10.435,5.864,0.004,0.007,5.875,1.779,10.21,20.68,17.68,13.68,4.2318,10.5794,2.253,NO
1552,9.665,5.432,0.003,0.006,5.441,1.779,10.20,19.72,16.72,12.72,4.0152,10.0379,2.308,NO
1553,9.581,5.386,0.003,0.006,5.395,1.779,10.20,18.48,15.48,11.48,3.9917,9.9793,2.315,NO
1554,9.075,5.101,0.003,0.006,5.110,1.779,10.20,17.03,14.03,10.03,3.8493,9.6233,2.357,NO
1555,9.256,5.203,0.003,0.006,5.213,1.779,10.20,15.48,12.48,8.48,2.6002,9.7509,2.341,NO
1556,8.918,5.014,0.003,0.006,5.023,1.779,10.20,13.93,10.93,6.93,2.5369,9.5134,2.371,NO
1557,8.182,4.600,0.003,0.006,4.610,1.779,10.20,12.48,9.48,5.48,2.3990,8.9963,2.443,NO
1558,7.922,4.454,0.003,0.006,4.464,1.778,10.20,11.24,8.24,4.24,2.3503,8.8135,2.472,NO
1559,7.541,4.240,0.003,0.006,4.250,1.778,10.20,10.28,7.28,3.28,1.5952,8.5456,2.518,NO
1560,7.574,4.259,0.003,0.006,4.269,1.778,10.20,9.68,6.68,2.68,1.5996,8.5694,2.514,NO
1561,7.874,4.428,0.003,0.006,4.438,1.778,10.20,9.63,6.63,2.63,1.6390,8.7801,2.478,NO
1562,7.674,4.316,0.003,0.006,4.325,1.778,10.20,9.84,6.84,2.84,1.6127,8.6396,2.502,NO
1563,7.915,4.452,0.003,0.006,4.461,1.778,10.20,10.44,7.44,3.44,1.6444,8.8091,2.473,NO
1564,7.972,4.485,0.003,0.006,4.494,1.778,10.20,11.39,8.39,4.39,1.6520,8.8499,2.467,NO
1565,8.131,4.574,0.003,0.006,4.583,1.778,10.20,12.63,9.63,5.63,1.6728,8.9614,2.449,NO
1566,8.399,4.725,0.003,0.006,4.734,1.777,10.20,14.08,11.08,7.08,1.7080,9.1498,2.421,NO
1567,9.085,5.111,0.003,0.006,5.121,1.777,10.20,15.63,12.63,8.63,2.5687,9.6325,2.356,NO
1568,9.653,5.431,0.003,0.006,5.441,1.777,10.20,17.19,14.19,10.19,2.6752,10.0322,2.310,NO
1569,9.345,5.259,0.003,0.006,5.268,1.777,10.20,18.63,15.63,11.63,2.6176,9.8159,2.334,NO
1570,9.715,5.467,0.003,0.006,5.477,1.777,10.20,19.88,16.88,12.88,2.6870,10.0763,2.305,NO
1571,10.033,5.646,0.003,0.006,5.656,1.777,10.20,20.83,17.83,13.83,2.7466,10.2998,2.281,NO
1572,10.455,5.884,0.004,0.007,5.895,1.777,10.21,21.43,18.43,14.43,2.8260,10.5974,2.253,NO
1573,10.184,5.732,0.004,0.006,5.742,1.777,10.20,21.63,18.63,14.63,4.1626,10.4065,2.271,NO
1574,10.434,5.874,0.004,0.007,5.884,1.776,10.21,21.43,18.43,14.43,4.2333,10.5832,2.254,NO
1575,10.078,5.674,0.003,0.006,5.683,1.776,10.20,20.83,17.83,13.83,4.1330,10.3325,2.278,NO
1576,9.839,5.540,0.003,0.006,5.549,1.776,10.20,19.88,16.88,12.88,4.0659,10.1647,2.296,NO
1577,9.508,5.353,0.003,0.006,5.363,1.776,10.20,18.63,15.63,11.63,3.9726,9.9316,2.321,NO
1578,9.061,5.102,0.003,0.006,5.111,1.776,10.20,17.19,14.19,10.19,3.8470,9.6174,2.359,NO
1579,9.251,5.209,0.003,0.006,5.219,1.776,10.20,15.63,12.63,8.63,2.6003,9.7513,2.342,NO
1580,8.810,4.962,0.003,0.006,4.971,1.776,10.20,14.08,11.08,7.08,2.5177,9.4415,2.381,NO
1581,8.269,4.657,0.003,0.006,4.667,1.776,10.20,12.63,9.63,5.63,2.4163,9.0611,2.435,NO
1582,7.878,4.437,0.003,0.006,4.446,1.775,10.20,11.39,8.39,4.39,2.3429,8.7858,2.478,NO
1583,7.826,4.408,0.003,0.006,4.418,1.775,10.20,10.44,7.44,3.44,1.6333,8.7499,2.484,NO
1584,7.522,4.237,0.003,0.006,4.246,1.775,10.20,9.84,6.84,2.84,1.5933,8.5356,2.522,NO
1585,7.541,4.248,0.003,0.006,4.258,1.775,10.20,9.79,6.79,2.79,1.5959,8.5493,2.519,NO
1586,7.433,4.187,0.003,0.006,4.197,1.775,10.20,9.99,6.99,2.99,1.5817,8.4732,2.533,NO
1587,7.622,4.295,0.003,0.006,4.304,1.775,10.20,10.59,7.59,3.59,1.6066,8.6068,2.509,NO
1588,8.366,4.714,0.003,0.006,4.723,1.775,10.20,11.55,8.55,4.55,1.7043,9.1302,2.425,NO
1589,8.101,4.565,0.003,0.006,4.575,1.775,10.20,12.79,9.79,5.79,1.6696,8.9441,2.453,NO
1590,8.690,4.898,0.003,0.006,4.907,1.774,10.20,14.24,11.24,7.24,1.7470,9.3588,2.393,NO
1591,8.935,5.036,0.003,0.006,5.045,1.774,10.20,15.79,12.79,8.79,2.5416,9.5310,2.370,NO
1592,9.060,5.107,0.003,0.006,5.116,1.774,10.20,17.34,14.34,10.34,2.5651,9.6193,2.359,NO
1593,9.466,5.336,0.003,0.006,5.345,1.774,10.20,18.79,15.79,11.79,2.6414,9.9051,2.325,NO
1594,9.676,5.455,0.003,0.006,5.464,1.774,10.20,20.03,17.03,13.03,2.6808,10.0530,2.309,NO
1595,9.949,5.609,0.003,0.006,5.618,1.774,10.20,20.99,17.99,13.99,2.7321,10.2452,2.288,NO
1596,9.988,5.631,0.003,0.006,5.640,1.774,10.20,21.58,18.58,14.58,2.7394,10.2727,2.286,NO
1597,10.561,5.954,0.004,0.007,5.965,1.774,10.21,21.79,18.79,14.79,4.2707,10.6767,2.247,NO
1598,10.342,5.832,0.004,0.007,5.842,1.773,10.21,21.58,18.58,14.58,4.2092,10.5230,2.261,NO
1599,10.128,5.711,0.004,0.006,5.721,1.773,10.20,20.99,17.99,13.99,4.1488,10.3719,2.276,NO
1600,9.957,5.615,0.003,0.006,5.625,1.773,10.20,20.03,17.03,13.03,4.1006,10.2516,2.288,NO
1601,9.735,5.491,0.003,0.006,5.500,1.773,10.20,18.79,15.79,11.79,4.0383,10.0957,2.305,NO
1602,9.380,5.291,0.003,0.006,5.300,1.773,10.20,17.34,14.34,10.34,3.9385,9.8463,2.333,NO
1603,9.293,5.242,0.003,0.006,5.251,1.773,10.20,15.79,12.79,8.79,2.6093,9.7849,2.340,NO
1604,8.375,4.724,0.003,0.006,4.734,1.773,10.20,14.24,11.24,7.24,2.4370,9.1388,2.425,NO
1605,8.510,4.801,0.003,0.006,4.810,1.773,10.20,12.79,9.79,5.79,2.4625,9.2342,2.411,NO
1606,8.233,4.645,0.003,0.006,4.655,1.772,10.20,11.55,8.55,4.55,2.4105,9.0395,2.440,NO
1607,7.619,4.299,0.003,0.006,4.309,1.772,10.20,10.59,7.59,3.59,1.6067,8.6075,2.510,NO
1608,7.396,4.173,0.003,0.006,4.183,1.772,10.20,9.99,6.99,2.99,1.5774,8.4504,2.539,NO
1609,7.990,4.509,0.003,0.006,4.518,1.772,10.20,9.95,6.95,2.95,1.6555,8.8688,2.467,NO
1610,7.818,4.412,0.003,0.006,4.422,1.772,10.20,10.15,7.15,3.15,1.6330,8.7480,2.486,NO
1611,7.981,4.505,0.003,0.006,4.514,1.772,10.20,10.75,7.75,3.75,1.6544,8.8629,2.468,NO
1612,7.754,4.377,0.003,0.006,4.386,1.772,10.20,11.70,8.70,4.70,1.6246,8.7033,2.494,NO
1613,8.596,4.852,0.003,0.006,4.862,1.772,10.20,12.95,9.95,5.95,1.7352,9.2959,2.403,NO
1614,8.699,4.911,0.003,0.006,4.920,1.771,10.20,14.39,11.39,7.39,1.7489,9.3689,2.393,NO
1615,9.163,5.173,0.003,0.006,5.183,1.771,10.20,15.95,12.95,8.95,2.5855,9.6956,2.351,NO
1616,9.476,5.350,0.003,0.006,5.360,1.771,10.20,17.50,14.50,10.50,2.6443,9.9162,2.325,NO
1617,9.366,5.288,0.003,0.006,5.298,1.771,10.20,18.95,15.95,11.95,2.6236,9.8385,2.334,NO
1618,9.789,5.528,0.003,0.006,5.537,1.771,10.20,20.19,17.19,13.19,2.7031,10.1367,2.301,NO
1619,9.842,5.558,0.003,0.006,5.567,1.771,10.20,21.14,18.14,14.14,2.7131,10.1742,2.297,NO
1620,10.589,5.980,0.004,0.007,5.991,1.771,10.21,21.74,18.74,14.74,2.8537,10.7013,2.246,NO
1621,10.500,5.931,0.004,0.007,5.941,1.771,10.21,21.95,18.95,14.95,4.2555,10.6388,2.252,NO
1622,10.382,5.864,0.004,0.007,5.875,1.770,10.21,21.74,18.74,14.74,4.2221,10.5553,2.259,NO
1623,10.410,5.880,0.004,0.007,5.891,1.770,10.21,21.14,18.14,14.14,4.2302,10.5754,2.258,NO
1624,10.238,5.784,0.004,0.006,5.794,1.770,10.20,20.19,17.19,13.19,4.1817,10.4543,2.269,NO
1625,9.475,5.353,0.003,0.006,5.362,1.770,10.20,18.95,15.95,11.95,3.9666,9.9166,2.326,NO
1626,9.074,5.127,0.003,0.006,5.136,1.770,10.20,17.50,14.50,10.50,3.8538,9.6344,2.360,NO
1627,9.011,5.091,0.003,0.006,5.101,1.770,10.20,15.95,12.95,8.95,2.5573,9.5900,2.365,NO
1628,8.648,4.887,0.003,0.006,4.896,1.770,10.20,14.39,11.39,7.39,2.4893,9.3350,2.399,NO
1629,8.147,4.604,0.003,0.006,4.614,1.770,10.20,12.95,9.95,5.95,2.3953,8.9825,2.450,NO
1630,8.139,4.600,0.003,0.006,4.609,1.769,10.20,11.70,8.70,4.70,2.3938,8.9766,2.451,NO
1631,8.132,4.596,0.003,0.006,4.606,1.769,10.20,10.75,7.75,3.75,1.6748,8.9719,2.452,NO
1632,8.013,4.529,0.003,0.006,4.539,1.769,10.20,10.15,7.15,3.15,1.6591,8.8883,2.465,NO
1633,6.327,3.577,0.003,0.006,3.586,1.769,10.20,10.10,7.10,3.10,1.4375,7.7008,2.705,NO
1634,6.327,3.577,0.003,0.006,3.586,1.769,10.20,10.31,7.31,3.31,1.4375,7.7009,2.705,NO
1635,6.809,3.850,0.003,0.006,3.859,1.769,10.20,10.91,7.91,3.91,1.5010,8.0408,2.624,NO
1636,6.681,3.778,0.003,0.006,3.787,1.769,10.20,11.86,8.86,4.86,1.4841,7.9507,2.644,NO
1637,6.933,3.920,0.003,0.006,3.929,1.769,10.20,13.10,10.10,6.10,1.5172,8.1279,2.605,NO
1638,7.544,4.266,0.003,0.006,4.276,1.768,10.20,14.55,11.55,7.55,1.5977,8.5590,2.521,NO
1639,7.618,4.308,0.003,0.006,4.317,1.768,10.20,16.10,13.10,9.10,2.2962,8.6109,2.512,NO
1640,7.947,4.495,0.003,0.006,4.504,1.768,10.20,17.66,14.66,10.66,2.3581,8.8429,2.473,NO
1641,8.553,4.837,0.003,0.006,4.847,1.768,10.20,19.10,16.10,12.10,2.4720,9.2699,2.409,NO
1642,8.659,4.898,0.003,0.006,4.907,1.768,10.20,20.35,17.35,13.35,2.4920,9.3451,2.398,NO
1643,8.919,5.045,0.003,0.006,5.055,1.768,10.20,21.30,18.30,14.30,2.5409,9.5282,2.374,NO
1644,8.831,4.996,0.003,0.006,5.005,1.768,10.20,21.90,18.90,14.90,2.5243,9.4661,2.382,NO
1645,9.255,5.236,0.003,0.006,5.246,1.768,10.20,22.10,19.10,15.10,2.6041,9.7654,2.345,NO
1646,8.922,5.048,0.003,0.006,5.058,1.767,10.20,21.90,18.90,14.90,2.5416,9.5309,2.374,NO
1647,9.018,5.103,0.003,0.006,5.112,1.767,10.20,21.30,18.30,14.30,2.5596,9.5985,2.365,NO
1648,8.929,5.053,0.003,0.006,5.062,1.767,10.20,20.35,17.35,13.35,2.5429,9.5359,2.373,NO
1649,8.030,4.544,0.003,0.006,4.554,1.767,10.20,19.10,16.10,12.10,2.3741,8.9028,2.464,NO
1650,7.925,4.485,0.003,0.006,4.495,1.767,10.20,17.66,14.66,10.66,2.3543,8.8288,2.476,NO
1651,7.369,4.171,0.003,0.006,4.180,1.767,10.20,16.10,13.10,9.10,2.2498,8.4369,2.544,NO
1652,7.624,4.316,0.003,0.006,4.325,1.767,10.20,14.55,11.55,7.55,2.2979,8.6171,2.512,NO
1653,6.715,3.801,0.003,0.006,3.811,1.767,10.20,13.10,10.10,6.10,2.1271,7.9766,2.640,NO
1654,6.940,3.929,0.003,0.006,3.938,1.766,10.20,11.86,8.86,4.86,2.1694,8.1351,2.605,NO
1655,6.399,3.623,0.003,0.006,3.632,1.766,10.20,10.91,7.91,3.91,1.4474,7.7537,2.693,NO
1656,6.339,3.589,0.003,0.006,3.598,1.766,10.20,10.31,7.31,3.31,1.4395,7.7117,2.704,NO
1657,6.609,3.742,0.003,0.006,3.752,1.766,10.20,10.26,7.26,3.26,1.4751,7.9023,2.657,NO
1658,6.327,3.583,0.003,0.006,3.592,1.766,10.20,10.47,7.47,3.47,1.4380,7.7037,2.706,NO
1659,6.654,3.768,0.003,0.006,3.778,1.766,10.20,11.07,8.07,4.07,1.4810,7.9340,2.650,NO
1660,6.951,3.937,0.003,0.006,3.946,1.766,10.20,12.02,9.02,5.02,1.5202,8.1440,2.603,NO
1661,6.841,3.875,0.003,0.006,3.884,1.766,10.20,13.26,10.26,6.26,1.5058,8.0666,2.620,NO
1662,7.620,4.316,0.003,0.006,4.326,1.765,10.20,14.71,11.71,7.71,1.6082,8.6155,2.513,NO
1663,7.928,4.491,0.003,0.006,4.501,1.765,10.20,16.26,13.26,9.26,2.3554,8.8329,2.476,NO
1664,7.903,4.477,0.003,0.006,4.487,1.765,10.20,17.82,14.82,10.82,2.3508,8.8156,2.479,NO
1665,8.368,4.741,0.003,0.006,4.751,1.765,10.20,19.26,16.26,12.26,2.4383,9.1436,2.428,NO
1666,8.729,4.946,0.003,0.006,4.955,1.765,10.20,20.51,17.51,13.51,2.5060,9.3976,2.393,NO
1667,8.737,4.951,0.003,0.006,4.960,1.765,10.20,21.46,18.46,14.46,2.5077,9.4038,2.392,NO
1668,8.993,5.096,0.003,0.006,5.106,1.765,10.20,22.06,19.06,15.06,2.5559,9.5846,2.368,NO
1669,9.175,5.199,0.003,0.006,5.209,1.765,10.20,22.26,19.26,15.26,2.5900,9.7125,2.353,NO
1670,8.905,5.047,0.003,0.006,5.056,1.764,10.20,22.06,19.06,15.06,2.5394,9.5227,2.376,NO
1671,8.526,4.833,0.003,0.006,4.842,1.764,10.20,21.46,18.46,14.46,2.4682,9.2558,2.412,NO
1672,8.785,4.980,0.003,0.006,4.989,1.764,10.20,20.51,17.51,13.51,2.5169,9.4383,2.388,NO
1673,8.440,4.784,0.003,0.006,4.794,1.764,10.20,19.26,16.26,12.26,2.4520,9.1951,2.421,NO
1674,8.153,4.622,0.003,0.006,4.631,1.764,10.20,17.82,14.82,10.82,2.3981,8.9928,2.451,NO
1675,7.915,4.488,0.003,0.006,4.497,1.764,10.20,16.26,13.26,9.26,2.3535,8.8255,2.478,NO
1676,7.445,4.221,0.003,0.006,4.231,1.764,10.20,14.71,11.71,7.71,2.2651,8.4941,2.535,NO
1677,6.852,3.885,0.003,0.006,3.895,1.764,10.20,13.26,10.26,6.26,2.1536,8.0762,2.619,NO
1678,6.610,3.749,0.003,0.006,3.758,1.763,10.20,12.02,9.02,5.02,2.1082,7.9058,2.658,NO
1679,6.512,3.693,0.003,0.006,3.702,1.763,10.20,11.07,8.07,4.07,1.4628,7.8362,2.674,NO
1680,6.430,3.647,0.003,0.006,3.656,1.763,10.20,10.47,7.47,3.47,1.4520,7.7785,2.688,NO
1681,7.485,4.246,0.003,0.006,4.255,1.763,10.20,10.42,7.42,3.42,1.5910,8.5231,2.530,NO
1682,7.917,4.491,0.003,0.006,4.500,1.763,10.20,10.63,7.63,3.63,1.6478,8.8278,2.478,NO
1683,8.069,4.577,0.003,0.006,4.587,1.763,10.20,11.23,8.23,4.23,1.6679,8.9352,2.461,NO
1684,8.278,4.696,0.003,0.006,4.706,1.763,10.20,12.18,9.18,5.18,1.6955,9.0829,2.438,NO
1685,8.108,4.600,0.003,0.006,4.609,1.763,10.20,13.42,10.42,6.42,1.6730,8.9626,2.457,NO
1686,8.812,5.000,0.003,0.006,5.010,1.762,10.20,14.87,11.87,7.87,1.7659,9.4599,2.385,NO
1687,9.233,5.239,0.003,0.006,5.249,1.762,10.20,16.42,13.42,9.42,2.6018,9.7569,2.348,NO
1688,9.010,5.113,0.003,0.006,5.122,1.762,10.20,17.98,14.98,10.98,2.5599,9.5996,2.368,NO
1689,9.386,5.327,0.003,0.006,5.336,1.762,10.20,19.42,16.42,12.42,2.6307,9.8650,2.336,NO
1690,9.979,5.664,0.003,0.006,5.673,1.762,10.20,20.67,17.67,13.67,2.7423,10.2836,2.290,NO
1691,10.193,5.785,0.004,0.006,5.795,1.762,10.20,21.62,18.62,14.62,2.7826,10.4347,2.275,NO
1692,10.510,5.966,0.004,0.007,5.977,1.762,10.21,22.22,19.22,15.22,2.8424,10.6590,2.254,NO
1693,10.310,5.853,0.004,0.007,5.863,1.762,10.21,22.42,19.42,15.42,4.2071,10.5176,2.267,NO
1694,9.969,5.659,0.003,0.006,5.669,1.761,10.20,22.22,19.22,15.22,4.1108,10.2769,2.291,NO
1695,10.134,5.754,0.004,0.006,5.764,1.761,10.20,21.62,18.62,14.62,4.1575,10.3939,2.279,NO
1696,10.059,5.712,0.003,0.006,5.721,1.761,10.20,20.67,17.67,13.67,4.1366,10.3414,2.285,NO
1697,9.447,5.364,0.003,0.006,5.374,1.761,10.20,19.42,16.42,12.42,3.9638,9.9095,2.331,NO
1698,9.110,5.174,0.003,0.006,5.183,1.761,10.20,17.98,14.98,10.98,3.8688,9.6720,2.359,NO
1699,9.022,5.124,0.003,0.006,5.133,1.761,10.20,16.42,13.42,9.42,2.5626,9.6099,2.367,NO
1700,8.465,4.808,0.003,0.006,4.817,1.761,10.20,14.87,11.87,7.87,2.4578,9.2167,2.420,NO
1701,8.530,4.845,0.003,0.006,4.854,1.761,10.20,13.42,10.42,6.42,2.4701,9.2630,2.413,NO
1702,7.749,4.402,0.003,0.006,4.411,1.760,10.20,12.18,9.18,5.18,2.3232,8.7122,2.498,NO
1703,7.967,4.526,0.003,0.006,4.535,1.760,10.20,11.23,8.23,4.23,1.6550,8.8658,2.473,NO
1704,7.661,4.353,0.003,0.006,4.362,1.760,10.20,10.63,7.63,3.63,1.6148,8.6505,2.509,NO
1705,7.899,4.488,0.003,0.006,4.498,1.760,10.20,10.58,7.58,3.58,1.6461,8.8186,2.481,NO
1706,7.857,4.464,0.003,0.006,4.474,1.760,10.20,10.79,7.79,3.79,1.6406,8.7889,2.486,NO
1707,7.792,4.428,0.003,0.006,4.437,1.760,10.20,11.39,8.39,4.39,1.6320,8.7430,2.494,NO
1708,7.975,4.532,0.003,0.006,4.542,1.760,10.20,12.34,9.34,5.34,1.6562,8.8725,2.472,NO
1709,8.231,4.678,0.003,0.006,4.687,1.760,10.20,13.58,10.58,6.58,1.6899,9.0530,2.444,NO
1710,8.831,5.019,0.003,0.006,5.029,1.759,10.20,15.03,12.03,8.03,1.7690,9.4770,2.385,NO
1711,8.989,5.109,0.003,0.006,5.119,1.759,10.20,16.58,13.58,9.58,2.5569,9.5882,2.370,NO
1712,9.206,5.233,0.003,0.006,5.242,1.759,10.20,18.14,15.14,11.14,2.5978,9.7417,2.352,NO
1713,9.719,5.525,0.003,0.006,5.534,1.759,10.20,19.58,16.58,12.58,2.6943,10.1038,2.310,NO
1714,9.768,5.553,0.003,0.006,5.563,1.759,10.20,20.83,17.83,13.83,2.7037,10.1388,2.307,NO
1715,10.166,5.780,0.004,0.006,5.790,1.759,10.20,21.78,18.78,14.78,2.7787,10.4200,2.278,NO
1716,10.128,5.759,0.004,0.006,5.769,1.759,10.20,22.38,19.38,15.38,2.7717,10.3938,2.280,NO
1717,10.504,5.973,0.004,0.007,5.984,1.759,10.21,22.58,19.58,15.58,4.2639,10.6597,2.255,NO
1718,10.085,5.735,0.003,0.006,5.745,1.758,10.20,22.38,19.38,15.38,4.1452,10.3631,2.284,NO
1719,10.396,5.913,0.004,0.007,5.923,1.758,10.21,21.78,18.78,14.78,4.2335,10.5838,2.262,NO
1720,10.131,5.762,0.004,0.006,5.772,1.758,10.20,20.83,17.83,13.83,4.1585,10.3963,2.280,NO
1721,9.912,5.638,0.003,0.006,5.648,1.758,10.20,19.58,16.58,12.58,4.0967,10.2419,2.296,NO
1722,9.592,5.456,0.003,0.006,5.466,1.758,10.20,18.14,15.14,11.14,4.0064,10.0160,2.320,NO
1723,8.684,4.940,0.003,0.006,4.950,1.758,10.20,16.58,13.58,9.58,2.5000,9.3750,2.399,NO
1724,8.565,4.873,0.003,0.006,4.882,1.758,10.20,15.03,12.03,8.03,2.4777,9.2912,2.411,NO
1725,8.391,4.774,0.003,0.006,4.784,1.758,10.20,13.58,10.58,6.58,2.4450,9.1688,2.428,NO
1726,7.990,4.546,0.003,0.006,4.556,1.757,10.20,12.34,9.34,5.34,2.3694,8.8854,2.471,NO
1727,7.588,4.318,0.003,0.006,4.327,1.757,10.20,11.39,8.39,4.39,1.6057,8.6017,2.519,NO
1728,7.527,4.284,0.003,0.006,4.293,1.757,10.20,10.79,7.79,3.79,1.5977,8.5591,2.527,NO
1729,7.545,4.294,0.003,0.006,4.304,1.757,10.20,10.75,7.75,3.75,1.6001,8.5719,2.525,NO
1730,7.929,4.513,0.003,0.006,4.522,1.757,10.20,10.95,7.95,3.95,1.6507,8.8428,2.478,NO
1731,7.891,4.492,0.003,0.006,4.501,1.757,10.20,11.55,8.55,4.55,1.6458,8.8167,2.483,NO
1732,7.923,4.510,0.003,0.006,4.520,1.757,10.20,12.50,9.50,5.50,1.6500,8.8391,2.479,NO
1733,8.328,4.741,0.003,0.006,4.751,1.757,10.20,13.75,10.75,6.75,1.7034,9.1254,2.435,NO
1734,8.350,4.754,0.003,0.006,4.763,1.756,10.20,15.19,12.19,8.19,1.7063,9.1411,2.433,NO
1735,9.196,5.236,0.003,0.006,5.245,1.756,10.20,16.75,13.75,9.75,2.5970,9.7386,2.353,NO
1736,9.433,5.371,0.003,0.006,5.380,1.756,10.20,18.30,15.30,11.30,2.6416,9.9059,2.334,NO
1737,9.358,5.329,0.003,0.006,5.338,1.756,10.20,19.75,16.75,12.75,2.6276,9.8534,2.340,NO
1738,9.728,5.540,0.003,0.006,5.549,1.756,10.20,20.99,17.99,13.99,2.6973,10.1148,2.311,NO
1739,10.392,5.918,0.004,0.007,5.929,1.756,10.21,21.94,18.94,14.94,2.8225,10.5845,2.263,NO
1740,10.213,5.817,0.004,0.006,5.827,1.756,10.20,22.54,19.54,15.54,2.7888,10.4579,2.276,NO
1741,10.354,5.898,0.004,0.007,5.908,1.756,10.21,22.75,19.75,15.75,4.2232,10.5579,2.266,NO
1742,10.570,6.021,0.004,0.007,6.032,1.755,10.21,22.54,19.54,15.54,4.2843,10.7108,2.252,NO
1743,10.042,5.721,0.003,0.006,5.730,1.755,10.20,21.94,18.94,14.94,4.1350,10.3375,2.288,NO
1744,10.086,5.746,0.004,0.006,5.756,1.755,10.20,20.99,17.99,13.99,4.1477,10.3692,2.285,NO
1745,9.974,5.683,0.003,0.006,5.692,1.755,10.20,19.75,16.75,12.75,4.1159,10.2898,2.293,NO
1746,9.199,5.241,0.003,0.006,5.251,1.755,10.20,18.30,15.30,11.30,3.8970,9.7424,2.354,NO
1747,8.978,5.116,0.003,0.006,5.126,1.755,10.20,16.75,13.75,9.75,2.5565,9.5869,2.373,NO
1748,8.966,5.109,0.003,0.006,5.119,1.755,10.20,15.19,12.19,8.19,2.5541,9.5780,2.374,NO
1749,8.084,4.607,0.003,0.006,4.616,1.755,10.20,13.75,10.75,6.75,2.3880,8.9550,2.462,NO
1750,7.850,4.474,0.003,0.006,4.484,1.755,10.20,12.50,9.50,5.50,2.3440,8.7900,2.488,NO
1751,7.713,4.396,0.003,0.006,4.406,1.754,10.20,11.55,8.55,4.55,1.6228,8.6934,2.505,NO
1752,7.837,4.468,0.003,0.006,4.477,1.754,10.20,10.95,7.95,3.95,1.6392,8.7816,2.490,NO
1753,7.782,4.436,0.003,0.006,4.446,1.754,10.20,10.91,7.91,3.91,1.6319,8.7425,2.497,NO
1754,7.749,4.418,0.003,0.006,4.427,1.754,10.20,11.11,8.11,4.11,1.6276,8.7191,2.501,NO
1755,7.523,4.289,0.003,0.006,4.299,1.754,10.20,11.71,8.71,4.71,1.5979,8.5600,2.528,NO
1756,7.906,4.508,0.003,0.006,4.517,1.754,10.20,12.67,9.67,5.67,1.6484,8.8305,2.482,NO
1757,8.344,4.758,0.003,0.006,4.767,1.754,10.20,13.91,10.91,6.91,1.7061,9.1399,2.434,NO
1758,8.502,4.849,0.003,0.006,4.858,1.754,10.20,15.36,12.36,8.36,1.7270,9.2520,2.418,NO
1759,9.253,5.277,0.003,0.006,5.287,1.753,10.20,16.91,13.91,9.91,2.6088,9.7830,2.349,NO
1760,9.052,5.163,0.003,0.006,5.173,1.753,10.20,18.46,15.46,11.46,2.5710,9.6413,2.367,NO
1761,9.860,5.624,0.003,0.006,5.633,1.753,10.20,19.91,16.91,12.91,2.7232,10.2119,2.302,NO
1762,10.207,5.823,0.004,0.006,5.833,1.753,10.20,21.15,18.15,14.15,2.7888,10.4581,2.277,NO
1763,10.022,5.717,0.003,0.006,5.727,1.753,10.20,22.11,19.11,15.11,2.7538,10.3268,2.290,NO
1764,10.102,5.763,0.004,0.006,5.773,1.753,10.20,22.71,19.71,15.71,2.7689,10.3835,2.284,NO
1765,10.597,6.046,0.004,0.007,6.057,1.753,10.21,22.91,19.91,15.91,4.2937,10.7342,2.251,NO
1766,10.520,6.003,0.004,0.007,6.014,1.753,10.21,22.71,19.71,15.71,4.2720,10.6801,2.256,NO
1767,9.911,5.655,0.003,0.006,5.665,1.752,10.20,22.11,19.11,15.11,4.0996,10.2491,2.298,NO
1768,10.103,5.766,0.004,0.006,5.776,1.752,10.20,21.15,18.15,14.15,4.1543,10.3856,2.284,NO
1769,9.434,5.384,0.003,0.006,5.394,1.752,10.20,19.91,16.91,12.91,3.9650,9.9125,2.335,NO
1770,9.044,5.162,0.003,0.006,5.172,1.752,10.20,18.46,15.46,11.46,3.8548,9.6370,2.368,NO
1771,8.794,5.019,0.003,0.006,5.029,1.752,10.20,16.91,13.91,9.91,2.5227,9.4602,2.391,NO
1772,8.611,4.915,0.003,0.006,4.925,1.752,10.20,15.36,12.36,8.36,2.4883,9.3311,2.408,NO
1773,8.323,4.751,0.003,0.006,4.761,1.752,10.20,13.91,10.91,6.91,2.4340,9.1275,2.437,NO
1774,7.897,4.509,0.003,0.006,4.518,1.752,10.20,12.67,9.67,5.67,2.3539,8.8270,2.484,NO
1775,7.507,4.286,0.003,0.006,4.296,1.751,10.20,11.71,8.71,4.71,1.5963,8.5515,2.531,NO
1776,7.991,4.563,0.003,0.006,4.573,1.751,10.20,11.11,8.11,4.11,1.6602,8.8938,2.473,NO
1777,7.455,4.257,0.003,0.006,4.267,1.751,10.20,11.07,8.07,4.07,1.5894,8.5147,2.538,NO
1778,7.705,4.400,0.003,0.006,4.410,1.751,10.20,11.28,8.28,4.28,1.6225,8.6917,2.507,NO
1779,7.673,4.382,0.003,0.006,4.392,1.751,10.20,11.88,8.88,4.88,1.6182,8.6691,2.511,NO
1780,7.863,4.491,0.003,0.006,4.501,1.751,10.20,12.83,9.83,5.83,1.6433,8.8036,2.488,NO
1781,8.096,4.624,0.003,0.006,4.634,1.751,10.20,14.07,11.07,7.07,1.6741,8.9684,2.462,NO
1782,8.412,4.805,0.003,0.006,4.815,1.751,10.20,15.52,12.52,8.52,1.7159,9.1922,2.428,NO
1783,8.736,4.991,0.003,0.006,5.000,1.750,10.20,17.07,14.07,10.07,2.5124,9.4215,2.397,NO
1784,9.421,5.382,0.003,0.006,5.392,1.750,10.20,18.63,15.63,11.63,2.6415,9.9057,2.337,NO
1785,9.501,5.428,0.003,0.006,5.438,1.750,10.20,20.07,17.07,13.07,2.6566,9.9623,2.330,NO
1786,10.169,5.811,0.004,0.006,5.821,1.750,10.20,21.32,18.32,14.32,2.7828,10.4356,2.280,NO
1787,10.091,5.766,0.004,0.006,5.776,1.750,10.20,22.27,19.27,15.27,2.7681,10.3802,2.286,NO
1788,10.237,5.851,0.004,0.007,5.861,1.750,10.20,22.87,19.87,15.87,2.7958,10.4842,2.276,NO
1789,10.309,5.892,0.004,0.007,5.902,1.750,10.21,23.07,20.07,16.07,4.2140,10.5350,2.271,NO
1790,10.172,5.814,0.004,0.006,5.824,1.750,10.20,22.87,19.87,15.87,4.1753,10.4383,2.280,NO
1791,9.836,5.622,0.003,0.006,5.632,1.749,10.20,22.27,19.27,15.27,4.0802,10.2005,2.305,NO
1792,10.264,5.867,0.004,0.007,5.877,1.749,10.21,21.32,18.32,14.32,4.2014,10.5034,2.274,NO
1793,9.985,5.708,0.003,0.006,5.718,1.749,10.20,20.07,17.07,13.07,4.1224,10.3060,2.294,NO
1794,9.578,5.476,0.003,0.006,5.485,1.749,10.20,18.63,15.63,11.63,4.0074,10.0185,2.324,NO
1795,8.886,5.081,0.003,0.006,5.090,1.749,10.20,17.07,14.07,10.07,2.5412,9.5293,2.383,NO
1796,8.685,4.966,0.003,0.006,4.976,1.749,10.20,15.52,12.52,8.52,2.5034,9.3876,2.402,NO
1797,8.221,4.701,0.003,0.006,4.710,1.749,10.20,14.07,11.07,7.07,2.4157,9.0589,2.449,NO
1798,7.917,4.527,0.003,0.006,4.537,1.749,10.20,12.83,9.83,5.83,2.3585,8.8443,2.483,NO
1799,7.713,4.411,0.003,0.006,4.421,1.748,10.20,11.88,8.88,4.88,1.6240,8.7002,2.507,NO
1800,7.784,4.452,0.003,0.006,4.462,1.748,10.20,11.28,8.28,4.28,1.6335,8.7509,2.498,NO
1801,6.436,3.681,0.003,0.006,3.691,1.748,10.20,11.24,8.24,4.24,1.4554,7.7969,2.692,NO
1802,6.327,3.619,0.003,0.006,3.629,1.748,10.20,11.44,8.44,4.44,1.4411,7.7201,2.712,NO
1803,6.327,3.620,0.003,0.006,3.629,1.748,10.20,12.04,9.04,5.04,1.4411,7.7202,2.712,NO
1804,6.471,3.702,0.003,0.006,3.712,1.748,10.20,13.00,10.00,6.00,1.4602,7.8224,2.686,NO
1805,6.891,3.943,0.003,0.006,3.952,1.748,10.20,14.24,11.24,7.24,1.5156,8.1193,2.618,NO
1806,7.296,4.175,0.003,0.006,4.184,1.748,10.20,15.69,12.69,8.69,1.5691,8.4060,2.560,NO
1807,7.639,4.372,0.003,0.006,4.381,1.748,10.20,17.24,14.24,10.24,2.3065,8.6493,2.516,NO
1808,7.957,4.554,0.003,0.006,4.563,1.747,10.20,18.79,15.79,11.79,2.3665,8.8744,2.478,NO
1809,8.202,4.694,0.003,0.006,4.704,1.747,10.20,20.24,17.24,13.24,2.4127,9.0478,2.451,NO
1810,8.672,4.963,0.003,0.006,4.973,1.747,10.20,21.48,18.48,14.48,2.5014,9.3802,2.404,NO
1811,9.019,5.162,0.003,0.006,5.172,1.747,10.20,22.44,19.44,15.44,2.5668,9.6256,2.372,NO
1812,8.988,5.145,0.003,0.006,5.155,1.747,10.20,23.03,20.03,16.03,2.5612,9.6044,2.375,NO
1813,9.121,5.222,0.003,0.006,5.231,1.747,10.20,23.24,20.24,16.24,2.5863,9.6985,2.363,NO
1814,8.906,5.099,0.003,0.006,5.108,1.747,10.20,23.03,20.03,16.03,2.5457,9.5464,2.382,NO
1815,8.480,4.855,0.003,0.006,4.865,1.747,10.20,22.44,19.44,15.44,2.4654,9.2453,2.423,NO
1816,8.296,4.750,0.003,0.006,4.760,1.746,10.20,21.48,18.48,14.48,2.4307,9.1150,2.442,NO
1817,8.095,4.635,0.003,0.006,4.645,1.746,10.20,20.24,17.24,13.24,2.3928,8.9728,2.463,NO
1818,8.140,4.662,0.003,0.006,4.671,1.746,10.20,18.79,15.79,11.79,2.4013,9.0050,2.458,NO
1819,7.551,4.325,0.003,0.006,4.334,1.746,10.20,17.24,14.24,10.24,2.2902,8.5884,2.527,NO
1820,7.015,4.018,0.003,0.006,4.027,1.746,10.20,15.69,12.69,8.69,2.1891,8.2091,2.601,NO
1821,6.926,3.967,0.003,0.006,3.977,1.746,10.20,14.24,11.24,7.24,2.1723,8.1462,2.614,NO
1822,6.942,3.977,0.003,0.006,3.986,1.746,10.20,13.00,10.00,6.00,2.1754,8.1577,2.611,NO
1823,6.697,3.836,0.003,0.006,3.846,1.746,10.20,12.04,9.04,5.04,1.4904,7.9841,2.649,NO
1824,6.419,3.678,0.003,0.006,3.687,1.745,10.20,11.44,8.44,4.44,1.4537,7.7877,2.696,NO
1825,6.327,3.625,0.003,0.006,3.635,1.745,10.20,11.40,8.40,4.40,1.4416,7.7228,2.712,NO
1826,6.575,3.768,0.003,0.006,3.777,1.745,10.20,11.61,8.61,4.61,1.4744,7.8987,2.669,NO
1827,6.411,3.674,0.003,0.006,3.683,1.745,10.20,12.21,9.21,5.21,1.4527,7.7824,2.698,NO
1828,6.953,3.984,0.003,0.006,3.994,1.745,10.20,13.16,10.16,6.16,1.5243,8.1661,2.610,NO
1829,7.239,4.149,0.003,0.006,4.158,1.745,10.20,14.40,11.40,7.40,1.5622,8.3690,2.569,NO
1830,7.152,4.099,0.003,0.006,4.109,1.745,10.20,15.85,12.85,8.85,1.5507,8.3075,2.581,NO
1831,7.740,4.437,0.003,0.006,4.446,1.745,10.20,17.40,14.40,10.40,2.3263,8.7237,2.505,NO
1832,7.838,4.493,0.003,0.006,4.503,1.744,10.20,18.96,15.96,11.96,2.3449,8.7932,2.493,NO
1833,8.026,4.601,0.003,0.006,4.611,1.744,10.20,20.40,17.40,13.40,2.3804,8.9265,2.472,NO
1834,8.870,5.085,0.003,0.006,5.095,1.744,10.20,21.65,18.65,14.65,2.5397,9.5241,2.386,NO
1835,9.033,5.179,0.003,0.006,5.189,1.744,10.20,22.60,19.60,15.60,2.5706,9.6397,2.372,NO
1836,8.880,5.092,0.003,0.006,5.102,1.744,10.20,23.20,20.20,16.20,2.5418,9.5318,2.385,NO
1837,8.837,5.067,0.003,0.006,5.077,1.744,10.20,23.40,20.40,16.40,2.5336,9.5011,2.389,NO
1838,9.067,5.200,0.003,0.006,5.209,1.744,10.20,23.20,20.20,16.20,2.5771,9.6642,2.369,NO
1839,8.962,5.140,0.003,0.006,5.150,1.744,10.20,22.60,19.60,15.60,2.5574,9.5904,2.378,NO
1840,8.555,4.907,0.003,0.006,4.916,1.743,10.20,21.65,18.65,14.65,2.4805,9.3020,2.416,NO
1841,8.159,4.680,0.003,0.006,4.689,1.743,10.20,20.40,17.40,13.40,2.4058,9.0217,2.457,NO
1842,7.676,4.403,0.003,0.006,4.413,1.743,10.20,18.96,15.96,11.96,2.3147,8.6801,2.513,NO
1843,7.977,4.576,0.003,0.006,4.586,1.743,10.20,17.40,14.40,10.40,2.3715,8.8933,2.477,NO
1844,7.564,4.339,0.003,0.006,4.349,1.743,10.20,15.85,12.85,8.85,2.2935,8.6008,2.527,NO
1845,6.797,3.900,0.003,0.006,3.909,1.743,10.20,14.40,11.40,7.40,2.1487,8.0576,2.635,NO
1846,6.510,3.735,0.003,0.006,3.745,1.743,10.20,13.16,10.16,6.16,2.0946,7.8547,2.681,NO
1847,6.456,3.705,0.003,0.006,3.715,1.743,10.20,12.21,9.21,5.21,1.4592,7.8170,2.690,NO
1848,6.529,3.747,0.003,0.006,3.757,1.743,10.20,11.61,8.61,4.61,1.4688,7.8686,2.678,NO
1849,7.509,4.310,0.003,0.006,4.319,1.742,10.20,11.57,8.57,4.57,1.5984,8.5628,2.534,NO
1850,7.924,4.548,0.003,0.006,4.558,1.742,10.20,11.78,8.78,4.78,1.6533,8.8568,2.484,NO
1851,7.957,4.567,0.003,0.006,4.577,1.742,10.20,12.38,9.38,5.38,1.6576,8.8802,2.480,NO
1852,7.867,4.516,0.003,0.006,4.526,1.742,10.20,13.33,10.33,6.33,1.6458,8.8168,2.490,NO
1853,8.414,4.830,0.003,0.006,4.840,1.742,10.20,14.57,11.57,7.57,1.7181,9.2041,2.431,NO
1854,8.924,5.124,0.003,0.006,5.133,1.742,10.20,16.02,13.02,9.02,1.7856,9.5659,2.382,NO
1855,8.937,5.131,0.003,0.006,5.141,1.742,10.20,17.57,14.57,10.57,2.5533,9.5747,2.381,NO
1856,9.332,5.359,0.003,0.006,5.368,1.742,10.20,19.12,16.12,12.12,2.6280,9.8551,2.347,NO
1857,9.877,5.672,0.003,0.006,5.681,1.741,10.20,20.57,17.57,13.57,2.7309,10.2411,2.304,NO
1858,9.666,5.551,0.003,0.006,5.561,1.741,10.20,21.81,18.81,14.81,2.6913,10.0923,2.320,NO
1859,10.311,5.922,0.004,0.007,5.932,1.741,10.21,22.77,19.77,15.77,2.8132,10.5494,2.274,NO
1860,10.503,6.032,0.004,0.007,6.044,1.741,10.21,23.37,20.37,16.37,2.8496,10.6860,2.261,NO
1861,10.014,5.752,0.003,0.006,5.762,1.741,10.20,23.57,20.57,16.57,4.1356,10.3390,2.294,NO
1862,10.325,5.931,0.004,0.007,5.942,1.741,10.21,23.37,20.37,16.37,4.2239,10.5598,2.273,NO
1863,9.972,5.729,0.003,0.006,5.738,1.741,10.20,22.77,19.77,15.77,4.1238,10.3095,2.297,NO
1864,10.086,5.795,0.004,0.006,5.804,1.741,10.20,21.81,18.81,14.81,4.1563,10.3907,2.289,NO
1865,9.751,5.602,0.003,0.006,5.612,1.740,10.20,20.57,17.57,13.57,4.0613,10.1533,2.314,NO
1866,9.589,5.510,0.003,0.006,5.520,1.740,10.20,19.12,16.12,12.12,4.0156,10.0389,2.326,NO
1867,9.231,5.305,0.003,0.006,5.314,1.740,10.20,17.57,14.57,10.57,2.6094,9.7854,2.356,NO
1868,8.470,4.867,0.003,0.006,4.877,1.740,10.20,16.02,13.02,9.02,2.4656,9.2461,2.426,NO
1869,8.163,4.692,0.003,0.006,4.701,1.740,10.20,14.57,11.57,7.57,2.4078,9.0292,2.458,NO
1870,8.346,4.797,0.003,0.006,4.807,1.740,10.20,13.33,10.33,6.33,2.4423,9.1587,2.439,NO
1871,8.111,4.662,0.003,0.006,4.672,1.740,10.20,12.38,9.38,5.38,1.6786,8.9923,2.464,NO
1872,7.557,4.344,0.003,0.006,4.354,1.740,10.20,11.78,8.78,4.78,1.6053,8.6000,2.529,NO
1873,7.702,4.428,0.003,0.006,4.437,1.739,10.20,11.74,8.74,4.74,1.6245,8.7028,2.511,NO
1874,7.705,4.430,0.003,0.006,4.440,1.739,10.20,11.94,8.94,4.94,1.6250,8.7052,2.511,NO
1875,7.613,4.377,0.003,0.006,4.387,1.739,10.20,12.54,9.54,5.54,1.6128,8.6402,2.522,NO
1876,8.094,4.654,0.003,0.006,4.664,1.739,10.20,13.50,10.50,6.50,1.6764,8.9809,2.466,NO
1877,8.373,4.815,0.003,0.006,4.824,1.739,10.20,14.74,11.74,7.74,1.7133,9.1786,2.436,NO
1878,8.479,4.876,0.003,0.006,4.886,1.739,10.20,16.19,13.19,9.19,1.7275,9.2545,2.425,NO
1879,9.227,5.307,0.003,0.006,5.316,1.739,10.20,17.74,14.74,10.74,2.6093,9.7848,2.356,NO
1880,9.580,5.510,0.003,0.006,5.520,1.739,10.20,19.29,16.29,12.29,2.6760,10.0350,2.328,NO
1881,9.877,5.681,0.003,0.006,5.691,1.739,10.20,20.74,17.74,13.74,2.7321,10.2454,2.305,NO
1882,9.603,5.524,0.003,0.006,5.534,1.738,10.20,21.98,18.98,14.98,2.6805,10.0517,2.326,NO
1883,10.401,5.983,0.004,0.007,5.994,1.738,10.21,22.93,19.93,15.93,2.8314,10.6176,2.269,NO
1884,10.473,6.025,0.004,0.007,6.036,1.738,10.21,23.53,20.53,16.53,2.8450,10.6689,2.264,NO
1885,10.548,6.069,0.004,0.007,6.080,1.738,10.21,23.74,20.74,16.74,4.2891,10.7228,2.259,NO
1886,10.079,5.799,0.004,0.006,5.809,1.738,10.20,23.53,20.53,16.53,4.1558,10.3895,2.291,NO
1887,10.179,5.857,0.004,0.007,5.867,1.738,10.20,22.93,19.93,15.93,4.1843,10.4607,2.284,NO
1888,9.730,5.599,0.003,0.006,5.609,1.738,10.20,21.98,18.98,14.98,4.0570,10.1426,2.316,NO
1889,9.579,5.513,0.003,0.006,5.522,1.738,10.20,20.74,17.74,13.74,4.0142,10.0355,2.328,NO
1890,9.152,5.267,0.003,0.006,5.277,1.737,10.20,19.29,16.29,12.29,3.8931,9.7328,2.363,NO
1891,8.946,5.149,0.003,0.006,5.159,1.737,10.20,17.74,14.74,10.74,2.5565,9.5871,2.382,NO
1892,8.813,5.073,0.003,0.006,5.083,1.737,10.20,16.19,13.19,9.19,2.5315,9.4931,2.394,NO
1893,8.554,4.924,0.003,0.006,4.934,1.737,10.20,14.74,11.74,7.74,2.4825,9.3095,2.419,NO
1894,7.836,4.511,0.003,0.006,4.521,1.737,10.20,13.50,10.50,6.50,2.3468,8.8005,2.496,NO
1895,7.870,4.531,0.003,0.006,4.541,1.737,10.20,12.54,9.54,5.54,1.6473,8.8247,2.492,NO
1896,7.613,4.384,0.003,0.006,4.393,1.737,10.20,11.94,8.94,4.94,1.6134,8.6431,2.523,NO
1897,7.698,4.433,0.003,0.006,4.442,1.737,10.20,11.91,8.91,4.91,1.6246,8.7031,2.512,NO
1898,7.950,4.578,0.003,0.006,4.588,1.736,10.20,12.11,9.11,5.11,1.6580,8.8820,2.483,NO
1899,8.038,4.630,0.003,0.006,4.639,1.736,10.20,12.71,9.71,5.71,1.6697,8.9449,2.473,NO
1900,8.096,4.663,0.003,0.006,4.673,1.736,10.20,13.66,10.66,6.66,1.6774,8.9858,2.466,NO
1901,8.108,4.670,0.003,0.006,4.680,1.736,10.20,14.91,11.91,7.91,1.6790,8.9944,2.465,NO
1902,8.923,5.140,0.003,0.006,5.150,1.736,10.20,16.35,13.35,9.35,1.7869,9.5729,2.384,NO
1903,9.168,5.281,0.003,0.006,5.291,1.736,10.20,17.91,14.91,10.91,2.5991,9.7465,2.362,NO
1904,9.129,5.259,0.003,0.006,5.269,1.736,10.20,19.46,16.46,12.46,2.5917,9.7188,2.366,NO
1905,9.694,5.586,0.003,0.006,5.595,1.736,10.20,20.91,17.91,13.91,2.6987,10.1203,2.320,NO
1906,9.778,5.634,0.003,0.006,5.643,1.736,10.20,22.15,19.15,15.15,2.7145,10.1795,2.314,NO
1907,10.020,5.774,0.003,0.006,5.784,1.735,10.20,23.10,20.10,16.10,2.7605,10.3518,2.296,NO
1908,10.017,5.773,0.003,0.006,5.782,1.735,10.20,23.70,20.70,16.70,2.7599,10.3497,2.296,NO
1909,10.135,5.841,0.004,0.006,5.851,1.735,10.20,23.91,20.91,16.91,4.1736,10.4340,2.288,NO
1910,10.269,5.919,0.004,0.007,5.929,1.735,10.21,23.70,20.70,16.70,4.2116,10.5290,2.279,NO
1911,9.969,5.746,0.003,0.006,5.756,1.735,10.20,23.10,20.10,16.10,4.1266,10.3165,2.300,NO
1912,9.761,5.627,0.003,0.006,5.637,1.735,10.20,22.15,19.15,15.15,4.0676,10.1691,2.315,NO
1913,9.612,5.541,0.003,0.006,5.551,1.735,10.20,20.91,17.91,13.91,4.0254,10.0635,2.327,NO
1914,9.410,5.425,0.003,0.006,5.435,1.735,10.20,19.46,16.46,12.46,3.9681,9.9203,2.343,NO
1915,9.300,5.362,0.003,0.006,5.372,1.734,10.20,17.91,14.91,10.91,2.6246,9.8422,2.352,NO
1916,8.547,4.928,0.003,0.006,4.938,1.734,10.20,16.35,13.35,9.35,2.4822,9.3083,2.420,NO
1917,8.091,4.666,0.003,0.006,4.675,1.734,10.20,14.91,11.91,7.91,2.3960,8.9849,2.468,NO
1918,8.123,4.684,0.003,0.006,4.694,1.734,10.20,13.66,10.66,6.66,2.4020,9.0076,2.464,NO
1919,7.977,4.601,0.003,0.006,4.610,1.734,10.20,12.71,9.71,5.71,1.6621,8.9043,2.481,NO
1920,7.815,4.508,0.003,0.006,4.517,1.734,10.20,12.11,9.11,5.11,1.6407,8.7897,2.499,NO
1921,7.722,4.454,0.003,0.006,4.464,1.734,10.20,12.08,9.08,5.08,1.6284,8.7234,2.510,NO
1922,7.951,4.586,0.003,0.006,4.596,1.734,10.20,12.28,9.28,5.28,1.6587,8.8860,2.484,NO
1923,8.127,4.688,0.003,0.006,4.698,1.733,10.20,12.88,9.88,5.88,1.6821,9.0114,2.464,NO
1924,8.364,4.825,0.003,0.006,4.835,1.733,10.20,13.83,10.83,6.83,1.7135,9.1797,2.439,NO
1925,8.643,4.986,0.003,0.006,4.996,1.733,10.20,15.08,12.08,8.08,1.7504,9.3774,2.411,NO
1926,8.650,4.991,0.003,0.006,5.001,1.733,10.20,16.52,13.52,9.52,1.7515,9.3828,2.410,NO
1927,9.160,5.286,0.003,0.006,5.295,1.733,10.20,18.08,15.08,11.08,2.5987,9.7451,2.364,NO
1928,9.063,5.230,0.003,0.006,5.240,1.733,10.20,19.63,16.63,12.63,2.5803,9.6761,2.373,NO
1929,9.325,5.382,0.003,0.006,5.392,1.733,10.20,21.08,18.08,14.08,2.6300,9.8626,2.350,NO
1930,10.074,5.814,0.004,0.006,5.824,1.733,10.20,22.32,19.32,15.32,2.7717,10.3940,2.293,NO
1931,9.836,5.677,0.003,0.006,5.687,1.733,10.20,23.27,20.27,16.27,2.7268,10.2255,2.310,NO
1932,10.279,5.933,0.004,0.007,5.944,1.732,10.21,23.87,20.87,16.87,2.8107,10.5400,2.279,NO
1933,10.011,5.779,0.003,0.006,5.789,1.732,10.20,24.08,21.08,17.08,4.1400,10.3499,2.297,NO
1934,10.480,6.051,0.004,0.007,6.062,1.732,10.21,23.87,20.87,16.87,4.2736,10.6840,2.265,NO
1935,10.012,5.780,0.003,0.006,5.790,1.732,10.20,23.27,20.27,16.27,4.1403,10.3507,2.297,NO
1936,9.739,5.623,0.003,0.006,5.633,1.732,10.20,22.32,19.32,15.32,4.0630,10.1575,2.318,NO
1937,9.706,5.605,0.003,0.006,5.614,1.732,10.20,21.08,18.08,14.08,4.0537,10.1342,2.320,NO
1938,9.072,5.239,0.003,0.006,5.248,1.732,10.20,19.63,16.63,12.63,3.8736,9.6841,2.372,NO
1939,8.741,5.048,0.003,0.006,5.058,1.732,10.20,18.08,15.08,11.08,2.5198,9.4494,2.402,NO
1940,8.825,5.097,0.003,0.006,5.107,1.731,10.20,16.52,13.52,9.52,2.5358,9.5093,2.395,NO
1941,8.298,4.793,0.003,0.006,4.803,1.731,10.20,15.08,12.08,8.08,2.4361,9.1354,2.446,NO
1942,7.910,4.569,0.003,0.006,4.579,1.731,10.20,13.83,10.83,6.83,2.3626,8.8598,2.489,NO
1943,8.009,4.626,0.003,0.006,4.636,1.731,10.20,12.88,9.88,5.88,1.6670,8.9302,2.478,NO
1944,7.936,4.585,0.003,0.006,4.594,1.731,10.20,12.28,9.28,5.28,1.6574,8.8787,2.486,NO
1945,7.655,4.423,0.003,0.006,4.433,1.731,10.20,12.24,9.24,5.24,1.6202,8.6796,2.520,NO
1946,7.662,4.427,0.003,0.006,4.437,1.731,10.20,12.45,9.45,5.45,1.6211,8.6843,2.519,NO
1947,8.018,4.633,0.003,0.006,4.643,1.731,10.20,13.05,10.05,6.05,1.6684,8.9376,2.477,NO
1948,8.114,4.689,0.003,0.006,4.699,1.730,10.20,14.00,11.00,7.00,1.6810,9.0056,2.466,NO
1949,8.387,4.847,0.003,0.006,4.857,1.730,10.20,15.24,12.24,8.24,1.7173,9.1996,2.438,NO
1950,8.613,4.978,0.003,0.006,4.988,1.730,10.20,16.69,13.69,9.69,1.7472,9.3602,2.415,NO
1951,8.741,5.053,0.003,0.006,5.062,1.730,10.20,18.24,15.24,11.24,2.5204,9.4517,2.403,NO
1952,9.381,5.422,0.003,0.006,5.432,1.730,10.20,19.80,16.80,12.80,2.6415,9.9056,2.347,NO
1953,9.600,5.549,0.003,0.006,5.559,1.730,10.20,21.24,18.24,14.24,2.6830,10.0613,2.329,NO
1954,9.810,5.671,0.003,0.006,5.681,1.730,10.20,22.49,19.49,15.49,2.7228,10.2107,2.313,NO
1955,10.304,5.958,0.004,0.007,5.968,1.730,10.21,23.44,20.44,16.44,2.8167,10.5626,2.278,NO
1956,10.552,6.101,0.004,0.007,6.113,1.730,10.21,24.04,21.04,17.04,2.8638,10.7391,2.262,NO
1957,10.177,5.885,0.004,0.007,5.895,1.729,10.20,24.24,21.24,17.24,4.1889,10.4724,2.287,NO
1958,10.010,5.789,0.003,0.006,5.798,1.729,10.20,24.04,21.04,17.04,4.1416,10.3539,2.299,NO
1959,10.321,5.969,0.004,0.007,5.980,1.729,10.21,23.44,20.44,16.44,4.2302,10.5755,2.277,NO
1960,9.692,5.606,0.003,0.006,5.615,1.729,10.20,22.49,19.49,15.49,4.0513,10.1283,2.322,NO
1961,9.825,5.683,0.003,0.006,5.693,1.729,10.20,21.24,18.24,14.24,4.0892,10.2230,2.312,NO
1962,9.269,5.362,0.003,0.006,5.371,1.729,10.20,19.80,16.80,12.80,3.9313,9.8282,2.356,NO
1963,8.674,5.018,0.003,0.006,5.027,1.729,10.20,18.24,15.24,11.24,2.5081,9.4054,2.410,NO
1964,8.789,5.085,0.003,0.006,5.095,1.729,10.20,16.69,13.69,9.69,2.5301,9.4878,2.399,NO
1965,8.350,4.831,0.003,0.006,4.841,1.728,10.20,15.24,12.24,8.24,2.4470,9.1761,2.442,NO
1966,8.108,4.691,0.003,0.006,4.701,1.728,10.20,14.00,11.00,7.00,2.4011,9.0042,2.468,NO
1967,7.992,4.624,0.003,0.006,4.634,1.728,10.20,13.05,10.05,6.05,1.6654,8.9216,2.481,NO
1968,7.667,4.437,0.003,0.006,4.447,1.728,10.20,12.45,9.45,5.45,1.6224,8.6913,2.519,NO
1969,6.387,3.696,0.003,0.006,3.706,1.728,10.20,12.41,9.41,5.41,1.4526,7.7817,2.708,NO
1970,6.650,3.849,0.003,0.006,3.858,1.728,10.20,12.62,9.62,5.62,1.4875,7.9685,2.663,NO
1971,6.511,3.769,0.003,0.006,3.778,1.728,10.20,13.22,10.22,6.22,1.4691,7.8703,2.686,NO
1972,6.796,3.934,0.003,0.006,3.944,1.728,10.20,14.17,11.17,7.17,1.5070,8.0731,2.640,NO
1973,6.729,3.895,0.003,0.006,3.905,1.727,10.20,15.41,12.41,8.41,1.4981,8.0254,2.650,NO
1974,7.210,4.174,0.003,0.006,4.184,1.727,10.20,16.86,13.86,9.86,1.5619,8.3674,2.579,NO
1975,7.876,4.560,0.003,0.006,4.570,1.727,10.20,18.41,15.41,11.41,2.3575,8.8407,2.494,NO
1976,8.090,4.684,0.003,0.006,4.694,1.727,10.20,19.97,16.97,12.97,2.3981,8.9930,2.470,NO
1977,8.561,4.957,0.003,0.006,4.967,1.727,10.20,21.41,18.41,14.41,2.4874,9.3276,2.421,NO
1978,8.745,5.064,0.003,0.006,5.074,1.727,10.20,22.66,19.66,15.66,2.5222,9.4584,2.404,NO
1979,8.833,5.115,0.003,0.006,5.125,1.727,10.20,23.61,20.61,16.61,2.5390,9.5211,2.395,NO
1980,9.199,5.328,0.003,0.006,5.337,1.727,10.20,24.21,21.21,17.21,2.6084,9.7814,2.363,NO
1981,9.162,5.306,0.003,0.006,5.316,1.727,10.20,24.41,21.41,17.41,2.6013,9.7550,2.366,NO
1982,9.101,5.271,0.003,0.006,5.281,1.726,10.20,24.21,21.21,17.21,2.5898,9.7117,2.371,NO
1983,9.008,5.218,0.003,0.006,5.228,1.726,10.20,23.61,20.61,16.61,2.5724,9.6463,2.380,NO
1984,8.644,5.008,0.003,0.006,5.017,1.726,10.20,22.66,19.66,15.66,2.5034,9.3876,2.413,NO
1985,8.519,4.936,0.003,0.006,4.945,1.726,10.20,21.41,18.41,14.41,2.4798,9.2992,2.426,NO
1986,7.687,4.454,0.003,0.006,4.464,1.726,10.20,19.97,16.97,12.97,2.3222,8.7081,2.517,NO
1987,7.903,4.579,0.003,0.006,4.589,1.726,10.20,18.41,15.41,11.41,2.3630,8.8614,2.492,NO
1988,7.061,4.092,0.003,0.006,4.102,1.726,10.20,16.86,13.86,9.86,2.2036,8.2634,2.600,NO
1989,6.986,4.048,0.003,0.006,4.058,1.726,10.20,15.41,12.41,8.41,2.1892,8.2096,2.612,NO
1990,6.736,3.904,0.003,0.006,3.914,1.725,10.20,14.17,11.17,7.17,2.1419,8.0322,2.650,NO
1991,6.377,3.696,0.003,0.006,3.706,1.725,10.20,13.22,10.22,6.22,1.4518,7.7775,2.710,NO
1992,6.661,3.861,0.003,0.006,3.871,1.725,10.20,12.62,9.62,5.62,1.4894,7.9791,2.662,NO
1993,6.614,3.834,0.003,0.006,3.844,1.725,10.20,12.58,9.58,5.58,1.4832,7.9457,2.670,NO
1994,6.327,3.668,0.003,0.006,3.678,1.725,10.20,12.79,9.79,5.79,1.4452,7.7421,2.719,NO
1995,6.800,3.943,0.003,0.006,3.952,1.725,10.20,13.39,10.39,6.39,1.5080,8.0788,2.640,NO
1996,6.503,3.770,0.003,0.006,3.780,1.725,10.20,14.34,11.34,7.34,1.4686,7.8673,2.689,NO
1997,7.250,4.204,0.003,0.006,4.214,1.725,10.20,15.58,12.58,8.58,1.5677,8.3986,2.574,NO
1998,7.291,4.228,0.003,0.006,4.237,1.724,10.20,17.03,14.03,10.03,1.5731,8.4276,2.569,NO
1999,7.766,4.504,0.003,0.006,4.513,1.724,10.20,18.58,15.58,11.58,2.3375,8.7658,2.508,NO
2000,8.020,4.651,0.003,0.006,4.661,1.724,10.20,20.14,17.14,13.14,2.3857,8.9464,2.479,NO
2001,8.006,4.003,0.003,0.005,4.011,2.000,10.20,21.58,18.58,14.58,2.3060,8.6475,2.400,NO
2002,8.567,4.969,0.003,0.006,4.979,1.724,10.20,22.83,19.83,15.83,2.4895,9.3356,2.422,NO
2003,8.681,5.036,0.003,0.006,5.046,1.724,10.20,23.78,20.78,16.78,2.5112,9.4171,2.411,NO
2004,9.138,5.301,0.003,0.006,5.311,1.724,10.20,24.38,21.38,17.38,2.5978,9.7417,2.369,NO
2005,8.860,5.140,0.003,0.006,5.150,1.724,10.20,24.58,21.58,17.58,2.5452,9.5445,2.394,NO
2006,9.038,5.244,0.003,0.006,5.254,1.724,10.20,24.38,21.38,17.38,2.5790,9.6711,2.378,NO
2007,8.696,5.046,0.003,0.006,5.055,1.723,10.20,23.78,20.78,16.78,2.5141,9.4280,2.409,NO
2008,8.622,5.003,0.003,0.006,5.013,1.723,10.20,22.83,19.83,15.83,2.5002,9.3756,2.416,NO
2009,8.436,4.896,0.003,0.006,4.905,1.723,10.20,21.58,18.58,14.58,2.4650,9.2437,2.435,NO
2010,7.965,4.623,0.003,0.006,4.632,1.723,10.20,20.14,17.14,13.14,2.3757,8.9087,2.486,NO
2011,7.730,4.486,0.003,0.006,4.496,1.723,10.20,18.58,15.58,11.58,2.3311,8.7417,2.513,NO
2012,6.995,4.060,0.003,0.006,4.070,1.723,10.20,17.03,14.03,10.03,2.1917,8.2190,2.611,NO
2013,7.124,4.136,0.003,0.006,4.145,1.723,10.20,15.58,12.58,8.58,2.2164,8.3114,2.592,NO
2014,6.892,4.001,0.003,0.006,4.011,1.723,10.20,14.34,11.34,7.34,2.1724,8.1464,2.627,NO
2015,6.692,3.885,0.003,0.006,3.895,1.722,10.20,13.39,10.39,6.39,1.4942,8.0044,2.658,NO
2016,6.659,3.866,0.003,0.006,3.876,1.722,10.20,12.79,9.79,5.79,1.4897,7.9807,2.663,NO
2017,7.744,4.497,0.003,0.006,4.506,1.722,10.20,12.76,9.76,5.76,1.6339,8.7528,2.512,NO
2018,7.717,4.481,0.003,0.006,4.491,1.722,10.20,12.96,9.96,5.96,1.6303,8.7335,2.515,NO
2019,7.977,4.632,0.003,0.006,4.642,1.722,10.20,13.56,10.56,6.56,1.6648,8.9186,2.485,NO
2020,8.166,4.742,0.003,0.006,4.752,1.722,10.20,14.51,11.51,7.51,1.6899,9.0529,2.464,NO
2021,8.125,4.719,0.003,0.006,4.729,1.722,10.20,15.76,12.76,8.76,1.6845,9.0243,2.468,NO
2022,8.663,5.032,0.003,0.006,5.041,1.722,10.20,17.20,14.20,10.20,1.7559,9.4067,2.413,NO
2023,8.851,5.141,0.003,0.006,5.151,1.722,10.20,18.76,15.76,11.76,2.5443,9.5411,2.395,NO
2024,9.171,5.328,0.003,0.006,5.337,1.721,10.20,20.31,17.31,13.31,2.6050,9.7689,2.367,NO
2025,9.328,5.419,0.003,0.006,5.429,1.721,10.20,21.76,18.76,14.76,2.6348,9.8806,2.354,NO
2026,9.800,5.694,0.003,0.006,5.704,1.721,10.20,23.00,20.00,16.00,2.7245,10.2168,2.317,NO
2027,10.212,5.933,0.004,0.007,5.944,1.721,10.20,23.95,20.95,16.95,2.8027,10.5099,2.287,NO
2028,9.996,5.809,0.003,0.006,5.818,1.721,10.20,24.55,21.55,17.55,2.7617,10.3565,2.302,NO
2029,10.517,6.112,0.004,0.007,6.123,1.721,10.21,24.76,21.76,17.76,4.2911,10.7278,2.267,NO
2030,10.311,5.993,0.004,0.007,6.003,1.721,10.21,24.55,21.55,17.55,4.2327,10.5817,2.280,NO
2031,10.149,5.898,0.004,0.007,5.909,1.721,10.20,23.95,20.95,16.95,4.1863,10.4658,2.292,NO
2032,9.815,5.705,0.003,0.006,5.715,1.720,10.20,23.00,20.00,16.00,4.0914,10.2284,2.316,NO
2033,9.855,5.729,0.003,0.006,5.738,1.720,10.20,21.76,18.76,14.76,4.1029,10.2572,2.313,NO
2034,9.184,5.339,0.003,0.006,5.348,1.720,10.20,20.31,17.31,13.31,3.9117,9.7794,2.366,NO
2035,8.813,5.123,0.003,0.006,5.133,1.720,10.20,18.76,15.76,11.76,2.5375,9.5156,2.399,NO
2036,8.952,5.205,0.003,0.006,5.214,1.720,10.20,17.20,14.20,10.20,2.5639,9.6147,2.387,NO
2037,8.432,4.903,0.003,0.006,4.912,1.720,10.20,15.76,12.76,8.76,2.4653,9.2449,2.437,NO
2038,8.210,4.774,0.003,0.006,4.784,1.720,10.20,14.51,11.51,7.51,2.4232,9.0871,2.460,NO
2039,7.569,4.401,0.003,0.006,4.411,1.720,10.20,13.56,10.56,6.56,1.6111,8.6309,2.534,NO
2040,7.884,4.585,0.003,0.006,4.595,1.720,10.20,12.96,9.96,5.96,1.6530,8.8555,2.496,NO
2041,7.681,4.467,0.003,0.006,4.477,1.719,10.20,12.93,9.93,5.93,1.6261,8.7110,2.520,NO
2042,7.971,4.636,0.003,0.006,4.646,1.719,10.20,13.13,10.13,6.13,1.6646,8.9175,2.486,NO
2043,7.858,4.571,0.003,0.006,4.581,1.719,10.20,13.73,10.73,6.73,1.6497,8.8377,2.499,NO
2044,7.961,4.631,0.003,0.006,4.641,1.719,10.20,14.68,11.68,7.68,1.6633,8.9108,2.487,NO
2045,8.067,4.693,0.003,0.006,4.703,1.719,10.20,15.93,12.93,8.93,1.6774,8.9863,2.476,NO
2046,8.955,5.210,0.003,0.006,5.220,1.719,10.20,17.37,14.37,10.37,1.7955,9.6188,2.387,NO
2047,9.175,5.339,0.003,0.006,5.348,1.719,10.20,18.93,15.93,11.93,2.6069,9.7758,2.368,NO
2048,9.259,5.387,0.003,0.006,5.397,1.719,10.20,20.48,17.48,13.48,2.6227,9.8351,2.361,NO
2049,9.968,5.801,0.003,0.006,5.810,1.718,10.20,21.93,18.93,14.93,2.7574,10.3402,2.305,NO
2050,9.917,5.771,0.003,0.006,5.781,1.718,10.20,23.17,20.17,16.17,2.7478,10.3043,2.309,NO
2051,9.896,5.760,0.003,0.006,5.769,1.718,10.20,24.12,21.12,17.12,2.7439,10.2895,2.311,NO
2052,10.479,6.099,0.004,0.007,6.110,1.718,10.21,24.72,21.72,17.72,2.8547,10.7053,2.270,NO
2053,10.061,5.856,0.004,0.006,5.866,1.718,10.20,24.93,21.93,17.93,4.1629,10.4072,2.299,NO
2054,10.192,5.933,0.004,0.007,5.943,1.718,10.20,24.72,21.72,17.72,4.2003,10.5007,2.290,NO
2055,10.095,5.877,0.004,0.006,5.887,1.718,10.20,24.12,21.12,17.12,4.1729,10.4322,2.296,NO
2056,10.025,5.837,0.004,0.006,5.846,1.718,10.20,23.17,20.17,16.17,4.1529,10.3822,2.301,NO
2057,9.362,5.451,0.003,0.006,5.461,1.718,10.20,21.93,18.93,14.93,3.9641,9.9103,2.352,NO
2058,9.028,5.257,0.003,0.006,5.267,1.717,10.20,20.48,17.48,13.48,3.8691,9.6727,2.381,NO
2059,9.041,5.265,0.003,0.006,5.275,1.717,10.20,18.93,15.93,11.93,2.5819,9.6822,2.380,NO
2060,8.318,4.844,0.003,0.006,4.854,1.717,10.20,17.37,14.37,10.37,2.4446,9.1673,2.449,NO
2061,8.514,4.959,0.003,0.006,4.968,1.717,10.20,15.93,12.93,8.93,2.4819,9.3070,2.429,NO
2062,8.278,4.822,0.003,0.006,4.831,1.717,10.20,14.68,11.68,7.68,2.4372,9.1394,2.453,NO
2063,7.626,4.442,0.003,0.006,4.452,1.717,10.20,13.73,10.73,6.73,1.6194,8.6751,2.528,NO
2064,7.991,4.655,0.003,0.006,4.665,1.717,10.20,13.13,10.13,6.13,1.6678,8.9349,2.485,NO
2065,7.786,4.536,0.003,0.006,4.545,1.717,10.20,13.10,10.10,6.10,1.6406,8.7889,2.509,NO
2066,7.381,4.300,0.003,0.006,4.310,1.716,10.20,13.30,10.30,6.30,1.5869,8.5011,2.559,NO
2067,7.585,4.419,0.003,0.006,4.429,1.716,10.20,13.90,10.90,6.90,1.6140,8.6465,2.533,NO
2068,7.796,4.543,0.003,0.006,4.552,1.716,10.20,14.85,11.85,7.85,1.6421,8.7968,2.507,NO
2069,8.376,4.881,0.003,0.006,4.891,1.716,10.20,16.10,13.10,9.10,1.7192,9.2102,2.443,NO
2070,8.521,4.966,0.003,0.006,4.976,1.716,10.20,17.54,14.54,10.54,1.7385,9.3136,2.429,NO
2071,9.118,5.314,0.003,0.006,5.324,1.716,10.20,19.10,16.10,12.10,2.5971,9.7390,2.373,NO
2072,9.250,5.391,0.003,0.006,5.401,1.716,10.20,20.65,17.65,13.65,2.6222,9.8332,2.362,NO
2073,9.913,5.778,0.003,0.006,5.788,1.716,10.20,22.10,19.10,15.10,2.7481,10.3054,2.310,NO
2074,9.916,5.780,0.003,0.006,5.790,1.716,10.20,23.34,20.34,16.34,2.7488,10.3079,2.310,NO
2075,9.998,5.829,0.003,0.006,5.838,1.715,10.20,24.29,21.29,17.29,2.7644,10.3664,2.304,NO
2076,10.024,5.844,0.004,0.006,5.854,1.715,10.20,24.89,21.89,17.89,2.7694,10.3852,2.302,NO
2077,10.490,6.116,0.004,0.007,6.128,1.715,10.21,25.10,22.10,18.10,4.2872,10.7180,2.270,NO
2078,10.581,6.170,0.004,0.007,6.181,1.715,10.21,24.89,21.89,17.89,4.3132,10.7831,2.265,NO
2079,10.414,6.072,0.004,0.007,6.083,1.715,10.21,24.29,21.29,17.29,4.2655,10.6637,2.276,NO
2080,9.726,5.672,0.003,0.006,5.682,1.715,10.20,23.34,20.34,16.34,4.0694,10.1734,2.324,NO
2081,9.620,5.610,0.003,0.006,5.620,1.715,10.20,22.10,19.10,15.10,4.0391,10.0978,2.333,NO
2082,9.070,5.290,0.003,0.006,5.300,1.715,10.20,20.65,17.65,13.65,3.8825,9.7062,2.378,NO
2083,9.175,5.351,0.003,0.006,5.361,1.714,10.20,19.10,16.10,12.10,2.6083,9.7812,2.369,NO
2084,8.816,5.143,0.003,0.006,5.152,1.714,10.20,17.54,14.54,10.54,2.5402,9.5259,2.401,NO
2085,8.306,4.845,0.004,0.006,4.855,1.714,10.20,16.10,13.10,9.10,2.4433,9.1625,2.451,NO
2086,8.079,4.713,0.004,0.006,4.723,1.714,10.20,14.85,11.85,7.85,2.4003,9.0012,2.476,NO
2087,7.571,4.417,0.004,0.006,4.427,1.714,10.20,13.90,10.90,6.90,1.6127,8.6394,2.536,NO
2088,7.403,4.320,0.004,0.006,4.329,1.714,10.20,13.30,10.30,6.30,1.5903,8.5197,2.557,NO
2089,7.512,4.383,0.004,0.006,4.393,1.714,10.20,13.27,10.27,6.27,1.6048,8.5972,2.543,NO
2090,7.548,4.405,0.004,0.006,4.415,1.714,10.20,13.47,10.47,6.47,1.6097,8.6235,2.539,NO
2091,7.916,4.620,0.004,0.006,4.630,1.714,10.20,14.07,11.07,7.07,1.6586,8.8855,2.494,NO
2092,7.988,4.662,0.004,0.006,4.672,1.713,10.20,15.03,12.03,8.03,1.6682,8.9367,2.486,NO
2093,8.491,4.956,0.004,0.006,4.966,1.713,10.20,16.27,13.27,9.27,1.7352,9.2955,2.433,NO
2094,8.594,5.017,0.004,0.006,5.026,1.713,10.20,17.72,14.72,10.72,1.7489,9.3693,2.423,NO
2095,8.680,5.067,0.004,0.006,5.077,1.713,10.20,19.27,16.27,12.27,2.5148,9.4304,2.414,NO
2096,9.581,5.593,0.004,0.006,5.603,1.713,10.20,20.82,17.82,13.82,2.6861,10.0728,2.336,NO
2097,9.906,5.784,0.004,0.006,5.793,1.713,10.20,22.27,19.27,15.27,2.7479,10.3047,2.312,NO
2098,10.170,5.938,0.004,0.007,5.948,1.713,10.20,23.51,20.51,16.51,2.7981,10.4929,2.293,NO
2099,10.048,5.867,0.004,0.006,5.877,1.713,10.20,24.47,21.47,17.47,2.7751,10.4066,2.301,NO
2100,10.324,6.029,0.004,0.007,6.039,1.712,10.21,25.06,22.06,18.06,2.8275,10.6033,2.282,NO
2101,10.562,6.168,0.004,0.007,6.180,1.712,10.21,25.27,22.27,18.27,4.3096,10.7739,2.267,NO
2102,10.523,6.146,0.004,0.007,6.158,1.712,10.21,25.06,22.06,18.06,4.2986,10.7465,2.269,NO
2103,10.050,5.870,0.004,0.006,5.880,1.712,10.20,24.47,21.47,17.47,4.1634,10.4085,2.301,NO
2104,10.235,5.979,0.004,0.007,5.989,1.712,10.20,23.51,20.51,16.51,4.2164,10.5411,2.289,NO
2105,9.736,5.687,0.004,0.006,5.697,1.712,10.20,22.27,19.27,15.27,4.0740,10.1850,2.325,NO
2106,9.465,5.530,0.004,0.006,5.540,1.712,10.20,20.82,17.82,13.82,3.9969,9.9922,2.346,NO
2107,9.186,5.367,0.004,0.006,5.377,1.712,10.20,19.27,16.27,12.27,2.6115,9.7932,2.369,NO
2108,8.901,5.201,0.004,0.006,5.211,1.712,10.20,17.72,14.72,10.72,2.5574,9.5902,2.394,NO
2109,8.046,4.701,0.004,0.006,4.711,1.711,10.20,16.27,13.27,9.27,2.3948,8.9807,2.480,NO
2110,8.306,4.854,0.004,0.006,4.864,1.711,10.20,15.03,12.03,8.03,2.4444,9.1665,2.452,NO
2111,8.018,4.685,0.004,0.006,4.695,1.711,10.20,14.07,11.07,7.07,1.6727,8.9608,2.484,NO
2112,7.702,4.501,0.004,0.006,4.511,1.711,10.20,13.47,10.47,6.47,1.6307,8.7360,2.521,NO
2113,7.980,4.664,0.004,0.006,4.674,1.711,10.20,13.44,10.44,6.44,1.6677,8.9343,2.488,NO
2114,7.855,4.591,0.004,0.006,4.601,1.711,10.20,13.65,10.65,6.65,1.6511,8.8452,2.502,NO
2115,7.970,4.659,0.004,0.006,4.669,1.711,10.20,14.24,11.24,7.24,1.6664,8.9274,2.489,NO
2116,8.341,4.876,0.004,0.006,4.886,1.711,10.20,15.20,12.20,8.20,1.7158,9.1918,2.449,NO
2117,8.562,5.006,0.004,0.006,5.016,1.710,10.20,16.44,13.44,9.44,1.7454,9.3501,2.427,NO
2118,8.720,5.098,0.004,0.006,5.108,1.710,10.20,17.89,14.89,10.89,1.7663,9.4625,2.412,NO
2119,8.983,5.252,0.004,0.006,5.262,1.710,10.20,19.44,16.44,12.44,2.5734,9.6503,2.387,NO
2120,9.513,5.563,0.004,0.006,5.572,1.710,10.20,20.99,17.99,13.99,2.6742,10.0283,2.343,NO
2121,9.818,5.742,0.004,0.006,5.751,1.710,10.20,22.44,19.44,15.44,2.7323,10.2463,2.319,NO
2122,9.803,5.733,0.004,0.006,5.743,1.710,10.20,23.68,20.68,16.68,2.7295,10.2357,2.320,NO
2123,10.012,5.856,0.004,0.006,5.866,1.710,10.20,24.64,21.64,17.64,2.7694,10.3852,2.305,NO
2124,10.114,5.916,0.004,0.007,5.926,1.710,10.20,25.24,22.24,18.24,2.7889,10.4583,2.298,NO
2125,10.467,6.123,0.004,0.007,6.134,1.710,10.21,25.44,22.44,18.44,4.2841,10.7103,2.274,NO
2126,10.542,6.167,0.004,0.007,6.178,1.709,10.21,25.24,22.24,18.24,4.3056,10.7640,2.269,NO
2127,9.816,5.743,0.004,0.006,5.753,1.709,10.20,24.64,21.64,17.64,4.0984,10.2460,2.320,NO
2128,9.976,5.837,0.004,0.006,5.847,1.709,10.20,23.68,20.68,16.68,4.1441,10.3602,2.308,NO
2129,9.827,5.750,0.004,0.006,5.760,1.709,10.20,22.44,19.44,15.44,4.1017,10.2542,2.319,NO
2130,9.170,5.366,0.004,0.006,5.376,1.709,10.20,20.99,17.99,13.99,3.9144,9.7859,2.371,NO
2131,9.054,5.298,0.004,0.006,5.308,1.709,10.20,19.44,16.44,12.44,2.5875,9.7031,2.382,NO
2132,8.420,4.928,0.004,0.006,4.938,1.709,10.20,17.89,14.89,10.89,2.4670,9.2512,2.441,NO
2133,8.370,4.899,0.004,0.006,4.909,1.709,10.20,16.44,13.44,9.44,2.4575,9.2157,2.447,NO
2134,8.253,4.831,0.004,0.006,4.840,1.708,10.20,15.20,12.20,8.20,2.4352,9.1319,2.459,NO
2135,7.697,4.505,0.004,0.006,4.515,1.708,10.20,14.24,11.24,7.24,1.6306,8.7353,2.522,NO
2136,7.876,4.611,0.004,0.006,4.621,1.708,10.20,13.65,10.65,6.65,1.6546,8.8637,2.501,NO
2137,6.648,3.892,0.004,0.006,3.902,1.708,10.20,13.61,10.61,6.61,1.4910,7.9876,2.670,NO
2138,6.392,3.742,0.004,0.006,3.752,1.708,10.20,13.82,10.82,6.82,1.4569,7.8046,2.714,NO
2139,6.672,3.906,0.004,0.006,3.916,1.708,10.20,14.42,11.42,7.42,1.4942,8.0047,2.666,NO
2140,6.708,3.928,0.004,0.006,3.938,1.708,10.20,15.37,12.37,8.37,1.4990,8.0303,2.660,NO
2141,6.795,3.979,0.004,0.006,3.989,1.708,10.20,16.61,13.61,9.61,1.5106,8.0926,2.647,NO
2142,6.987,4.092,0.004,0.006,4.102,1.708,10.20,18.06,15.06,11.06,1.5363,8.2302,2.617,NO
2143,7.843,4.594,0.004,0.006,4.604,1.707,10.20,19.61,16.61,12.61,2.3576,8.8411,2.505,NO
2144,8.297,4.859,0.004,0.006,4.869,1.707,10.20,21.17,18.17,14.17,2.4439,9.1647,2.455,NO
2145,8.484,4.969,0.004,0.006,4.979,1.707,10.20,22.61,19.61,15.61,2.4795,9.2982,2.436,NO
2146,8.721,5.109,0.004,0.006,5.119,1.707,10.20,23.86,20.86,16.86,2.5248,9.4679,2.413,NO
2147,8.588,5.031,0.004,0.006,5.041,1.707,10.20,24.81,21.81,17.81,2.4994,9.3727,2.425,NO
2148,8.800,5.156,0.004,0.006,5.166,1.707,10.20,25.41,22.41,18.41,2.5398,9.5244,2.405,NO
2149,8.724,5.111,0.004,0.006,5.121,1.707,10.20,25.61,22.61,18.61,2.5254,9.4701,2.412,NO
2150,8.850,5.186,0.004,0.006,5.196,1.707,10.20,25.41,22.41,18.41,2.5495,9.5608,2.401,NO
2151,9.092,5.328,0.004,0.006,5.338,1.706,10.20,24.81,21.81,17.81,2.5955,9.7333,2.379,NO
2152,8.640,5.063,0.004,0.006,5.073,1.706,10.20,23.86,20.86,16.86,2.5096,9.4110,2.421,NO
2153,8.259,4.840,0.004,0.006,4.850,1.706,10.20,22.61,19.61,15.61,2.4371,9.1391,2.459,NO
2154,7.945,4.657,0.004,0.006,4.666,1.706,10.20,21.17,18.17,14.17,2.3773,8.9150,2.494,NO
2155,7.939,4.654,0.004,0.006,4.663,1.706,10.20,19.61,16.61,12.61,2.3763,8.9111,2.494,NO
2156,7.645,4.482,0.004,0.006,4.492,1.706,10.20,18.06,15.06,11.06,2.3204,8.7017,2.529,NO
2157,7.258,4.255,0.004,0.006,4.265,1.706,10.20,16.61,13.61,9.61,2.2467,8.4250,2.580,NO
2158,6.464,3.790,0.004,0.006,3.800,1.706,10.20,15.37,12.37,8.37,2.0956,7.8587,2.702,NO
2159,6.327,3.710,0.004,0.006,3.720,1.706,10.20,14.42,11.42,7.42,1.4487,7.7609,2.726,NO
2160,6.327,3.710,0.004,0.006,3.720,1.705,10.20,13.82,10.82,6.82,1.4487,7.7610,2.726,NO
2161,6.327,3.710,0.004,0.006,3.720,1.705,10.20,13.78,10.78,6.78,1.4487,7.7612,2.726,NO
2162,6.658,3.905,0.004,0.006,3.915,1.705,10.20,13.99,10.99,6.99,1.4929,7.9978,2.669,NO
2163,6.661,3.906,0.004,0.006,3.916,1.705,10.20,14.59,11.59,7.59,1.4933,7.9997,2.669,NO
2164,6.924,4.061,0.004,0.006,4.071,1.705,10.20,15.54,12.54,8.54,1.5284,8.1877,2.628,NO
2165,6.743,3.955,0.004,0.006,3.965,1.705,10.20,16.78,13.78,9.78,1.5042,8.0584,2.656,NO
2166,7.419,4.352,0.004,0.006,4.362,1.705,10.20,18.23,15.23,11.23,1.5944,8.5416,2.558,NO
2167,7.399,4.341,0.004,0.006,4.351,1.705,10.20,19.78,16.78,12.78,2.2740,8.5274,2.561,NO
2168,8.290,4.863,0.004,0.006,4.873,1.705,10.20,21.34,18.34,14.34,2.4435,9.1632,2.456,NO
2169,8.460,4.964,0.004,0.006,4.974,1.704,10.20,22.78,19.78,15.78,2.4761,9.2854,2.439,NO
2170,8.892,5.217,0.004,0.006,5.227,1.704,10.20,24.03,21.03,17.03,2.5583,9.5935,2.398,NO
2171,8.877,5.209,0.004,0.006,5.219,1.704,10.20,24.98,21.98,17.98,2.5555,9.5832,2.399,NO
2172,8.642,5.072,0.004,0.006,5.081,1.704,10.20,25.58,22.58,18.58,2.5108,9.4156,2.421,NO
2173,8.667,5.087,0.004,0.006,5.096,1.704,10.20,25.78,22.78,18.78,2.5156,9.4337,2.419,NO
2174,8.955,5.256,0.004,0.006,5.266,1.704,10.20,25.58,22.58,18.58,2.5704,9.6391,2.392,NO
2175,8.927,5.240,0.004,0.006,5.250,1.704,10.20,24.98,21.98,17.98,2.5652,9.6194,2.395,NO
2176,8.587,5.041,0.004,0.006,5.051,1.704,10.20,24.03,21.03,17.03,2.5005,9.3770,2.427,NO
2177,8.191,4.809,0.004,0.006,4.818,1.703,10.20,22.78,19.78,15.78,2.4252,9.0944,2.467,NO
2178,7.934,4.658,0.004,0.006,4.668,1.703,10.20,21.34,18.34,14.34,2.3763,8.9111,2.496,NO
2179,7.820,4.591,0.004,0.006,4.601,1.703,10.20,19.78,16.78,12.78,2.3545,8.8294,2.509,NO
2180,7.562,4.440,0.004,0.006,4.450,1.703,10.20,18.23,15.23,11.23,2.3054,8.6451,2.541,NO
2181,7.019,4.121,0.004,0.006,4.131,1.703,10.20,16.78,13.78,9.78,2.2020,8.2574,2.614,NO
2182,6.514,3.825,0.004,0.006,3.835,1.703,10.20,15.54,12.54,8.54,2.1059,7.8970,2.694,NO
2183,6.508,3.822,0.004,0.006,3.832,1.703,10.20,14.59,11.59,7.59,1.4733,7.8929,2.695,NO
2184,6.327,3.716,0.004,0.006,3.726,1.703,10.20,13.99,10.99,6.99,1.4492,7.7638,2.727,NO
2185,7.562,4.441,0.004,0.006,4.451,1.703,10.20,13.96,10.96,6.96,1.6139,8.6459,2.541,NO
2186,7.670,4.505,0.004,0.006,4.515,1.702,10.20,14.16,11.16,7.16,1.6283,8.7231,2.527,NO
2187,7.931,4.659,0.004,0.006,4.669,1.702,10.20,14.76,11.76,7.76,1.6631,8.9097,2.497,NO
2188,8.212,4.825,0.004,0.006,4.834,1.702,10.20,15.71,12.71,8.71,1.7007,9.1111,2.465,NO
2189,8.646,5.080,0.004,0.006,5.089,1.702,10.20,16.96,13.96,9.96,1.7585,9.4208,2.421,NO
2190,8.405,4.939,0.004,0.006,4.949,1.702,10.20,18.40,15.40,11.40,1.7265,9.2493,2.445,NO
2191,8.662,5.090,0.004,0.006,5.100,1.702,10.20,19.96,16.96,12.96,2.5154,9.4327,2.420,NO
2192,9.024,5.303,0.004,0.006,5.313,1.702,10.20,21.51,18.51,14.51,2.5844,9.6914,2.387,NO
2193,9.364,5.503,0.004,0.006,5.513,1.702,10.20,22.96,19.96,15.96,2.6493,9.9349,2.358,NO
2194,9.677,5.687,0.004,0.006,5.697,1.701,10.20,24.20,21.20,17.20,2.7089,10.1582,2.333,NO
2195,9.887,5.811,0.004,0.006,5.821,1.701,10.20,25.15,22.15,18.15,2.7489,10.3084,2.317,NO
2196,10.107,5.941,0.004,0.007,5.951,1.701,10.20,25.75,22.75,18.75,2.7909,10.4659,2.301,NO
2197,10.428,6.130,0.004,0.007,6.141,1.701,10.21,25.96,22.96,18.96,4.2785,10.6963,2.279,NO
2198,10.357,6.089,0.004,0.007,6.100,1.701,10.21,25.75,22.75,18.75,4.2583,10.6457,2.284,NO
2199,10.230,6.014,0.004,0.007,6.025,1.701,10.20,25.15,22.15,18.15,4.2218,10.5545,2.293,NO
2200,9.633,5.664,0.004,0.006,5.674,1.701,10.20,24.20,21.20,17.20,4.0512,10.1281,2.336,NO
2201,9.575,5.630,0.004,0.006,5.640,1.701,10.20,22.96,19.96,15.96,4.0347,10.0867,2.341,NO
2202,9.446,5.555,0.004,0.006,5.565,1.701,10.20,21.51,18.51,14.51,3.9980,9.9950,2.351,NO
2203,9.203,5.412,0.004,0.006,5.422,1.700,10.20,19.96,16.96,12.96,2.6190,9.8214,2.371,NO
2204,8.495,4.996,0.004,0.006,5.006,1.700,10.20,18.40,15.40,11.40,2.4842,9.3156,2.437,NO
2205,8.410,4.946,0.004,0.006,4.956,1.700,10.20,16.96,13.96,9.96,2.4679,9.2547,2.445,NO
2206,8.118,4.775,0.004,0.006,4.785,1.700,10.20,15.71,12.71,8.71,2.4123,9.0461,2.476,NO
2207,7.743,4.554,0.004,0.006,4.564,1.700,10.20,14.76,11.76,7.76,1.6386,8.7781,2.519,NO
2208,7.704,4.532,0.004,0.006,4.542,1.700,10.20,14.16,11.16,7.16,1.6335,8.7506,2.524,NO
2209,7.412,4.360,0.004,0.006,4.370,1.700,10.20,14.13,11.13,7.13,1.5945,8.5418,2.561,NO
2210,7.882,4.638,0.004,0.006,4.647,1.700,10.20,14.33,11.33,7.33,1.6573,8.8783,2.503,NO
2211,7.944,4.674,0.004,0.006,4.684,1.700,10.20,14.93,11.93,7.93,1.6656,8.9229,2.496,NO
2212,8.265,4.863,0.004,0.006,4.873,1.699,10.20,15.89,12.89,8.89,1.7084,9.1520,2.461,NO
2213,8.324,4.898,0.004,0.006,4.908,1.699,10.20,17.13,14.13,10.13,1.7163,9.1944,2.455,NO
2214,8.842,5.204,0.004,0.006,5.214,1.699,10.20,18.58,15.58,11.58,1.7855,9.5653,2.404,NO
2215,9.319,5.485,0.004,0.006,5.495,1.699,10.20,20.13,17.13,13.13,2.6417,9.9063,2.362,NO
2216,9.367,5.514,0.004,0.006,5.524,1.699,10.20,21.68,18.68,14.68,2.6509,9.9410,2.358,NO
2217,9.558,5.626,0.004,0.006,5.636,1.699,10.20,23.13,20.13,16.13,2.6873,10.0773,2.343,NO
2218,10.138,5.968,0.004,0.007,5.978,1.699,10.20,24.37,21.37,17.37,2.7980,10.4923,2.300,NO
2219,10.408,6.127,0.004,0.007,6.139,1.699,10.21,25.33,22.33,18.33,2.8496,10.6859,2.282,NO
2220,10.417,6.133,0.004,0.007,6.144,1.698,10.21,25.92,22.92,18.92,2.8513,10.6924,2.281,NO
2221,10.436,6.145,0.004,0.007,6.156,1.698,10.21,26.13,23.13,19.13,4.2827,10.7066,2.280,NO
2222,10.208,6.011,0.004,0.007,6.021,1.698,10.20,25.92,22.92,18.92,4.2172,10.5430,2.295,NO
2223,9.878,5.817,0.004,0.006,5.827,1.698,10.20,25.33,22.33,18.33,4.1227,10.3069,2.319,NO
2224,10.202,6.008,0.004,0.007,6.019,1.698,10.20,24.37,21.37,17.37,4.2158,10.5394,2.296,NO
2225,9.547,5.623,0.004,0.006,5.633,1.698,10.20,23.13,20.13,16.13,4.0284,10.0709,2.344,NO
2226,9.020,5.312,0.004,0.006,5.322,1.698,10.20,21.68,18.68,14.68,3.8775,9.6939,2.388,NO
2227,9.314,5.486,0.004,0.006,5.496,1.698,10.20,20.13,17.13,13.13,2.6412,9.9044,2.363,NO
2228,8.976,5.288,0.004,0.006,5.298,1.698,10.20,18.58,15.58,11.58,2.5769,9.6632,2.392,NO
2229,8.401,4.949,0.004,0.006,4.959,1.697,10.20,17.13,14.13,10.13,2.4672,9.2520,2.447,NO
2230,7.923,4.668,0.004,0.006,4.678,1.697,10.20,15.89,12.89,8.89,2.3761,8.9103,2.499,NO
2231,8.051,4.743,0.004,0.006,4.753,1.697,10.20,14.93,11.93,7.93,1.6803,9.0018,2.485,NO
2232,7.987,4.706,0.004,0.006,4.716,1.697,10.20,14.33,11.33,7.33,1.6718,8.9561,2.492,NO
2233,7.391,4.355,0.004,0.006,4.365,1.697,10.20,14.30,11.30,7.30,1.5923,8.5304,2.565,NO
2234,7.571,4.462,0.004,0.006,4.472,1.697,10.20,14.51,11.51,7.51,1.6164,8.6591,2.542,NO
2235,7.813,4.605,0.004,0.006,4.615,1.697,10.20,15.11,12.11,8.11,1.6488,8.8326,2.512,NO
2236,7.750,4.568,0.004,0.006,4.578,1.697,10.20,16.06,13.06,9.06,1.6403,8.7874,2.520,NO
2237,8.014,4.724,0.004,0.006,4.734,1.697,10.20,17.30,14.30,10.30,1.6756,8.9764,2.489,NO
2238,8.862,5.224,0.004,0.006,5.234,1.696,10.20,18.75,15.75,11.75,1.7888,9.5830,2.403,NO
2239,9.288,5.475,0.004,0.006,5.485,1.696,10.20,20.30,17.30,13.30,2.6368,9.8879,2.366,NO
2240,9.102,5.366,0.004,0.006,5.376,1.696,10.20,21.85,18.85,14.85,2.6013,9.7550,2.382,NO
2241,9.498,5.600,0.004,0.006,5.610,1.696,10.20,23.30,20.30,16.30,2.6770,10.0389,2.349,NO
2242,10.108,5.960,0.004,0.007,5.970,1.696,10.20,24.54,21.54,17.54,2.7933,10.4750,2.303,NO
2243,10.061,5.933,0.004,0.007,5.943,1.696,10.20,25.50,22.50,18.50,2.7846,10.4421,2.306,NO
2244,10.216,6.025,0.004,0.007,6.035,1.696,10.20,26.10,23.10,19.10,2.8142,10.5533,2.296,NO
2245,9.995,5.895,0.004,0.006,5.905,1.696,10.20,26.30,23.30,19.30,4.1580,10.3949,2.311,NO
2246,10.596,6.250,0.004,0.008,6.261,1.695,10.21,26.10,23.10,19.10,4.3304,10.8260,2.270,NO
2247,10.412,6.141,0.004,0.007,6.152,1.695,10.21,25.50,22.50,18.50,4.2775,10.6937,2.282,NO
2248,10.004,5.901,0.004,0.006,5.911,1.695,10.20,24.54,21.54,17.54,4.1608,10.4019,2.311,NO
2249,9.693,5.718,0.004,0.006,5.728,1.695,10.20,23.30,20.30,16.30,4.0718,10.1794,2.334,NO
2250,9.394,5.542,0.004,0.006,5.552,1.695,10.20,21.85,18.85,14.85,3.9864,9.9660,2.357,NO
2251,8.686,5.125,0.004,0.006,5.135,1.695,10.20,20.30,17.30,13.30,2.5225,9.4592,2.420,NO
2252,8.905,5.254,0.004,0.006,5.264,1.695,10.20,18.75,15.75,11.75,2.5642,9.6159,2.400,NO
2253,8.305,4.901,0.004,0.006,4.911,1.695,10.20,17.30,14.30,10.30,2.4499,9.1870,2.458,NO
2254,7.839,4.626,0.004,0.006,4.636,1.695,10.20,16.06,13.06,9.06,2.3610,8.8536,2.510,NO
2255,7.881,4.651,0.004,0.006,4.661,1.694,10.20,15.11,12.11,8.11,1.6583,8.8836,2.505,NO
2256,7.657,4.519,0.004,0.006,4.529,1.694,10.20,14.51,11.51,7.51,1.6285,8.7241,2.532,NO
2257,7.593,4.482,0.004,0.006,4.492,1.694,10.20,14.47,11.47,7.47,1.6199,8.6780,2.540,NO
2258,7.769,4.586,0.004,0.006,4.596,1.694,10.20,14.68,11.68,7.68,1.6434,8.8039,2.518,NO
2259,7.651,4.517,0.004,0.006,4.527,1.694,10.20,15.28,12.28,8.28,1.6277,8.7199,2.533,NO
2260,8.160,4.817,0.004,0.006,4.827,1.694,10.20,16.23,13.23,9.23,1.6957,9.0840,2.474,NO
2261,8.393,4.955,0.004,0.006,4.965,1.694,10.20,17.47,14.47,10.47,1.7269,9.2514,2.449,NO
2262,8.841,5.220,0.004,0.006,5.230,1.694,10.20,18.92,15.92,11.92,1.7867,9.5717,2.406,NO
2263,8.711,5.144,0.004,0.006,5.154,1.694,10.20,20.47,17.47,13.47,2.5278,9.4793,2.418,NO
2264,9.406,5.554,0.004,0.006,5.564,1.693,10.20,22.03,19.03,15.03,2.6604,9.9764,2.357,NO
2265,9.554,5.642,0.004,0.006,5.652,1.693,10.20,23.47,20.47,16.47,2.6887,10.0826,2.345,NO
2266,9.968,5.887,0.004,0.006,5.897,1.693,10.20,24.72,21.72,17.72,2.7678,10.3793,2.314,NO
2267,10.423,6.156,0.004,0.007,6.168,1.693,10.21,25.67,22.67,18.67,2.8549,10.7059,2.282,NO
2268,10.099,5.965,0.004,0.007,5.976,1.693,10.20,26.27,23.27,19.27,2.7929,10.4735,2.305,NO
2269,9.999,5.907,0.004,0.006,5.917,1.693,10.20,26.47,23.47,19.47,4.1608,10.4019,2.312,NO
2270,10.374,6.129,0.004,0.007,6.140,1.693,10.21,26.27,23.27,19.27,4.2685,10.6713,2.286,NO
2271,9.853,5.821,0.004,0.006,5.831,1.693,10.20,25.67,22.67,18.67,4.1193,10.2982,2.323,NO
2272,10.225,6.042,0.004,0.007,6.052,1.693,10.20,24.72,21.72,17.72,4.2260,10.5649,2.296,NO
2273,9.493,5.609,0.004,0.006,5.619,1.692,10.20,23.47,20.47,16.47,4.0163,10.0407,2.350,NO
2274,9.193,5.433,0.004,0.006,5.443,1.692,10.20,22.03,19.03,15.03,3.9305,9.8261,2.375,NO
2275,8.934,5.279,0.004,0.006,5.289,1.692,10.20,20.47,17.47,13.47,2.5708,9.6404,2.398,NO
2276,8.598,5.081,0.004,0.006,5.091,1.692,10.20,18.92,15.92,11.92,2.5067,9.4002,2.430,NO
2277,8.514,5.032,0.004,0.006,5.042,1.692,10.20,17.47,14.47,10.47,2.4907,9.3400,2.438,NO
2278,8.291,4.901,0.004,0.006,4.911,1.692,10.20,16.23,13.23,9.23,2.4482,9.1808,2.461,NO
2279,8.086,4.780,0.004,0.006,4.790,1.692,10.20,15.28,12.28,8.28,1.6863,9.0340,2.483,NO
2280,7.727,4.568,0.004,0.006,4.578,1.692,10.20,14.68,11.68,7.68,1.6384,8.7770,2.524,NO
2281,7.687,4.545,0.004,0.006,4.555,1.691,10.20,14.65,11.65,7.65,1.6331,8.7488,2.529,NO
2282,7.379,4.363,0.004,0.006,4.373,1.691,10.20,14.85,11.85,7.85,1.5919,8.5280,2.568,NO
2283,7.673,4.537,0.004,0.006,4.547,1.691,10.20,15.45,12.45,8.45,1.6313,8.7391,2.531,NO
2284,7.722,4.566,0.004,0.006,4.576,1.691,10.20,16.40,13.40,9.40,1.6378,8.7740,2.525,NO
2285,8.480,5.014,0.004,0.006,5.024,1.691,10.20,17.65,14.65,10.65,1.7391,9.3168,2.442,NO
2286,8.551,5.057,0.004,0.006,5.067,1.691,10.20,19.09,16.09,12.09,1.7488,9.3683,2.435,NO
2287,9.227,5.457,0.004,0.006,5.467,1.691,10.20,20.65,17.65,13.65,2.6273,9.8525,2.373,NO
2288,9.236,5.463,0.004,0.006,5.473,1.691,10.20,22.20,19.20,15.20,2.6291,9.8593,2.372,NO
2289,9.910,5.862,0.004,0.006,5.872,1.691,10.20,23.65,20.65,16.65,2.7579,10.3419,2.319,NO
2290,9.917,5.866,0.004,0.006,5.876,1.690,10.20,24.89,21.89,17.89,2.7592,10.3469,2.319,NO
2291,9.994,5.913,0.004,0.006,5.923,1.690,10.20,25.84,22.84,18.84,2.7741,10.4027,2.313,NO
2292,10.222,6.048,0.004,0.007,6.059,1.690,10.20,26.44,23.44,19.44,2.8177,10.5663,2.297,NO
2293,10.325,6.109,0.004,0.007,6.120,1.690,10.21,26.65,23.65,19.65,4.2560,10.6401,2.290,NO
2294,10.500,6.213,0.004,0.007,6.224,1.690,10.21,26.44,23.44,19.44,4.3063,10.7658,2.279,NO
2295,10.283,6.085,0.004,0.007,6.096,1.690,10.21,25.84,22.84,18.84,4.2443,10.6108,2.293,NO
2296,10.055,5.950,0.004,0.007,5.960,1.690,10.20,24.89,21.89,17.89,4.1787,10.4468,2.309,NO
2297,9.401,5.564,0.004,0.006,5.574,1.690,10.20,23.65,20.65,16.65,3.9914,9.9785,2.359,NO
2298,9.551,5.653,0.004,0.006,5.663,1.690,10.20,22.20,19.20,15.20,4.0346,10.0864,2.347,NO
2299,9.279,5.492,0.004,0.006,5.502,1.689,10.20,20.65,17.65,13.65,2.6377,9.8913,2.369,NO
2300,8.787,5.202,0.004,0.006,5.212,1.689,10.20,19.09,16.09,12.09,2.5438,9.5393,2.412,NO
2301,8.199,4.854,0.004,0.006,4.864,1.689,10.20,17.65,14.65,10.65,2.4315,9.1181,2.471,NO
2302,7.908,4.682,0.004,0.006,4.692,1.689,10.20,16.40,13.40,9.40,2.3760,8.9099,2.504,NO
2303,7.775,4.603,0.004,0.006,4.613,1.689,10.20,15.45,12.45,8.45,1.6454,8.8148,2.519,NO
2304,7.763,4.597,0.004,0.006,4.607,1.689,10.20,14.85,11.85,7.85,1.6439,8.8066,2.521,NO
2305,6.327,3.747,0.004,0.006,3.757,1.689,10.20,14.82,11.82,7.82,1.4518,7.7776,2.732,NO
2306,6.327,3.747,0.004,0.006,3.757,1.689,10.20,15.02,12.02,8.02,1.4518,7.7777,2.732,NO
2307,6.480,3.838,0.004,0.006,3.848,1.689,10.20,15.62,12.62,8.62,1.4723,7.8873,2.705,NO
2308,6.945,4.113,0.004,0.006,4.123,1.688,10.20,16.57,13.57,9.57,1.5345,8.2206,2.630,NO
2309,6.963,4.124,0.004,0.006,4.134,1.688,10.20,17.82,14.82,10.82,1.5370,8.2337,2.628,NO
2310,7.149,4.234,0.004,0.006,4.244,1.688,10.20,19.26,16.26,12.26,1.5618,8.3669,2.601,NO
2311,7.527,4.459,0.004,0.006,4.469,1.688,10.20,20.82,17.82,13.82,2.3036,8.6385,2.550,NO
2312,8.082,4.788,0.004,0.006,4.798,1.688,10.20,22.37,19.37,15.37,2.4096,9.0360,2.485,NO
2313,8.375,4.962,0.004,0.006,4.972,1.688,10.20,23.82,20.82,16.82,2.4656,9.2461,2.453,NO
2314,8.333,4.937,0.004,0.006,4.947,1.688,10.20,25.06,22.06,18.06,2.4576,9.2162,2.458,NO
2315,8.927,5.290,0.004,0.006,5.300,1.688,10.20,26.01,23.01,19.01,2.5713,9.6424,2.400,NO
2316,9.087,5.385,0.004,0.006,5.395,1.687,10.20,26.61,23.61,19.61,2.6019,9.7571,2.386,NO
2317,9.285,5.503,0.004,0.006,5.513,1.687,10.20,26.82,23.82,19.82,2.6398,9.8991,2.369,NO
2318,8.796,5.213,0.004,0.006,5.223,1.687,10.20,26.61,23.61,19.61,2.5463,9.5484,2.412,NO
2319,8.721,5.169,0.004,0.006,5.179,1.687,10.20,26.01,23.01,19.01,2.5320,9.4950,2.419,NO
2320,8.523,5.052,0.004,0.006,5.062,1.687,10.20,25.06,22.06,18.06,2.4943,9.3536,2.439,NO
2321,8.526,5.054,0.004,0.006,5.064,1.687,10.20,23.82,20.82,16.82,2.4949,9.3559,2.438,NO
2322,7.839,4.647,0.004,0.006,4.657,1.687,10.20,22.37,19.37,15.37,2.3636,8.8635,2.513,NO
2323,7.591,4.500,0.004,0.006,4.511,1.687,10.20,20.82,17.82,13.82,2.3162,8.6856,2.543,NO
2324,7.464,4.426,0.004,0.006,4.436,1.687,10.20,19.26,16.26,12.26,2.2920,8.5948,2.559,NO
2325,7.202,4.271,0.004,0.006,4.281,1.686,10.20,17.82,14.82,10.82,2.2420,8.4074,2.594,NO
2326,6.670,3.955,0.004,0.006,3.965,1.686,10.20,16.57,13.57,9.57,2.1403,8.0260,2.674,NO
2327,6.611,3.921,0.004,0.006,3.931,1.686,10.20,15.62,12.62,8.62,1.4903,7.9837,2.684,NO
2328,6.580,3.903,0.004,0.006,3.913,1.686,10.20,15.02,12.02,8.02,1.4862,7.9619,2.689,NO
2329,6.327,3.753,0.004,0.006,3.763,1.686,10.20,14.99,11.99,7.99,1.4523,7.7804,2.733,NO
2330,6.697,3.972,0.004,0.006,3.983,1.686,10.20,15.19,12.19,8.19,1.5019,8.0459,2.670,NO
2331,6.765,4.013,0.004,0.006,4.023,1.686,10.20,15.79,12.79,8.79,1.5110,8.0946,2.659,NO
2332,6.875,4.079,0.004,0.006,4.089,1.686,10.20,16.75,13.75,9.75,1.5258,8.1740,2.642,NO
2333,6.686,3.967,0.004,0.006,3.977,1.686,10.20,17.99,14.99,10.99,1.5004,8.0380,2.672,NO
2334,7.517,4.460,0.004,0.006,4.470,1.685,10.20,19.44,16.44,12.44,1.6117,8.6341,2.552,NO
2335,7.692,4.564,0.004,0.006,4.574,1.685,10.20,20.99,17.99,13.99,2.3359,8.7595,2.531,NO
2336,7.748,4.597,0.004,0.006,4.607,1.685,10.20,22.54,19.54,15.54,2.3466,8.7998,2.524,NO
2337,8.030,4.765,0.004,0.006,4.775,1.685,10.20,23.99,20.99,16.99,2.4006,9.0023,2.491,NO
2338,8.344,4.952,0.004,0.006,4.962,1.685,10.20,25.23,22.23,18.23,2.4608,9.2280,2.458,NO
2339,8.944,5.309,0.004,0.006,5.319,1.685,10.20,26.18,23.18,19.18,2.5755,9.6582,2.400,NO
2340,9.041,5.367,0.004,0.006,5.377,1.685,10.20,26.78,23.78,19.78,2.5942,9.7282,2.391,NO
2341,8.687,5.156,0.004,0.006,5.166,1.685,10.20,26.99,23.99,19.99,2.5264,9.4739,2.424,NO
2342,8.793,5.220,0.004,0.006,5.230,1.685,10.20,26.78,23.78,19.78,2.5468,9.5503,2.414,NO
2343,8.612,5.113,0.004,0.006,5.123,1.684,10.20,26.18,23.18,19.18,2.5122,9.4209,2.431,NO
2344,8.817,5.235,0.004,0.006,5.245,1.684,10.20,25.23,22.23,18.23,2.5514,9.5678,2.411,NO
2345,8.057,4.784,0.004,0.006,4.794,1.684,10.20,23.99,20.99,16.99,2.4062,9.0231,2.489,NO
2346,8.065,4.789,0.004,0.006,4.799,1.684,10.20,22.54,19.54,15.54,2.4077,9.0287,2.488,NO
2347,7.865,4.671,0.004,0.006,4.681,1.684,10.20,20.99,17.99,13.99,2.3695,8.8856,2.511,NO
2348,7.645,4.540,0.004,0.006,4.550,1.684,10.20,19.44,16.44,12.44,2.3274,8.7278,2.537,NO
2349,6.833,4.058,0.004,0.006,4.068,1.684,10.20,17.99,14.99,10.99,2.1721,8.1454,2.649,NO
2350,6.392,3.797,0.004,0.006,3.807,1.684,10.20,16.75,13.75,9.75,2.0878,7.8293,2.722,NO
2351,6.409,3.807,0.004,0.006,3.817,1.684,10.20,15.79,12.79,8.79,1.4638,7.8418,2.719,NO
2352,6.330,3.760,0.004,0.006,3.770,1.683,10.20,15.19,12.19,8.19,1.4532,7.7852,2.733,NO
2353,7.443,4.422,0.004,0.006,4.432,1.683,10.20,15.16,12.16,8.16,1.6023,8.5837,2.563,NO
2354,8.002,4.754,0.004,0.006,4.764,1.683,10.20,15.36,12.36,8.36,1.6772,8.9848,2.495,NO
2355,7.568,4.497,0.004,0.006,4.507,1.683,10.20,15.96,12.96,8.96,1.6191,8.6739,2.547,NO
2356,7.970,4.736,0.004,0.006,4.746,1.683,10.20,16.92,13.92,9.92,1.6730,8.9624,2.499,NO
2357,8.166,4.853,0.004,0.006,4.863,1.683,10.20,18.16,15.16,11.16,1.6992,9.1029,2.477,NO
2358,8.691,5.165,0.004,0.006,5.175,1.683,10.20,19.61,16.61,12.61,1.7695,9.4795,2.424,NO
2359,9.009,5.354,0.004,0.006,5.364,1.683,10.20,21.16,18.16,14.16,2.5888,9.7079,2.395,NO
2360,9.334,5.548,0.004,0.006,5.558,1.682,10.20,22.71,19.71,15.71,2.6510,9.9414,2.367,NO
2361,9.559,5.682,0.004,0.006,5.692,1.682,10.20,24.16,21.16,17.16,2.6941,10.1029,2.349,NO
2362,9.899,5.884,0.004,0.006,5.894,1.682,10.20,25.40,22.40,18.40,2.7591,10.3468,2.323,NO
2363,10.038,5.967,0.004,0.007,5.977,1.682,10.20,26.36,23.36,19.36,2.7858,10.4467,2.313,NO
2364,10.262,6.101,0.004,0.007,6.112,1.682,10.21,26.95,23.95,19.95,2.8289,10.6085,2.297,NO
2365,10.224,6.079,0.004,0.007,6.089,1.682,10.20,27.16,24.16,20.16,4.2324,10.5810,2.300,NO
2366,10.214,6.073,0.004,0.007,6.084,1.682,10.20,26.95,23.95,19.95,4.2297,10.5744,2.301,NO
2367,10.475,6.229,0.004,0.007,6.241,1.682,10.21,26.36,23.36,19.36,4.3048,10.7621,2.283,NO
2368,9.723,5.782,0.004,0.006,5.792,1.682,10.20,25.40,22.40,18.40,4.0886,10.2216,2.336,NO
2369,9.716,5.778,0.004,0.006,5.788,1.681,10.20,24.16,21.16,17.16,4.0867,10.2168,2.337,NO
2370,9.097,5.411,0.004,0.006,5.421,1.681,10.20,22.71,19.71,15.71,3.9092,9.7730,2.387,NO
2371,8.914,5.302,0.004,0.006,5.312,1.681,10.20,21.16,18.16,14.16,2.5711,9.6415,2.404,NO
2372,8.971,5.336,0.004,0.006,5.346,1.681,10.20,19.61,16.61,12.61,2.5820,9.6826,2.399,NO
2373,8.450,5.027,0.004,0.006,5.037,1.681,10.20,18.16,15.16,11.16,2.4824,9.3091,2.448,NO
2374,7.896,4.698,0.004,0.006,4.708,1.681,10.20,16.92,13.92,9.92,2.3765,8.9117,2.508,NO
2375,7.710,4.587,0.004,0.006,4.597,1.681,10.20,15.96,12.96,8.96,1.6386,8.7785,2.530,NO
2376,7.841,4.665,0.004,0.006,4.675,1.681,10.20,15.36,12.36,8.36,1.6561,8.8721,2.515,NO
2377,7.661,4.559,0.004,0.006,4.569,1.681,10.20,15.33,12.33,8.33,1.6321,8.7434,2.536,NO
2378,7.458,4.438,0.004,0.006,4.448,1.680,10.20,15.53,12.53,8.53,1.6050,8.5980,2.562,NO
2379,7.633,4.542,0.004,0.006,4.552,1.680,10.20,16.13,13.13,9.13,1.6283,8.7232,2.540,NO
2380,8.315,4.949,0.004,0.006,4.959,1.680,10.20,17.09,14.09,10.09,1.7198,9.2130,2.462,NO
2381,8.198,4.880,0.004,0.006,4.890,1.680,10.20,18.33,15.33,11.33,1.7042,9.1295,2.475,NO
2382,8.853,5.270,0.004,0.006,5.280,1.680,10.20,19.78,16.78,12.78,1.7920,9.5998,2.410,NO
2383,8.760,5.215,0.004,0.006,5.225,1.680,10.20,21.33,18.33,14.33,2.5422,9.5333,2.418,NO
2384,9.055,5.391,0.004,0.006,5.401,1.680,10.20,22.88,19.88,15.88,2.5987,9.7450,2.392,NO
2385,9.862,5.871,0.004,0.006,5.881,1.680,10.20,24.33,21.33,17.33,2.7532,10.3243,2.326,NO
2386,10.093,6.009,0.004,0.007,6.020,1.680,10.20,25.57,22.57,18.57,2.7976,10.4909,2.310,NO
2387,10.374,6.177,0.004,0.007,6.189,1.679,10.21,26.53,23.53,19.53,2.8515,10.6933,2.291,NO
2388,10.441,6.217,0.004,0.007,6.229,1.679,10.21,27.13,24.13,20.13,2.8644,10.7416,2.286,NO
2389,10.419,6.205,0.004,0.007,6.216,1.679,10.21,27.33,24.33,20.33,4.2902,10.7256,2.288,NO
2390,10.104,6.018,0.004,0.007,6.028,1.679,10.20,27.13,24.13,20.13,4.1999,10.4997,2.309,NO
2391,10.344,6.161,0.004,0.007,6.172,1.679,10.21,26.53,23.53,19.53,4.2688,10.6719,2.293,NO
2392,9.682,5.767,0.004,0.007,5.777,1.679,10.20,25.57,22.57,18.57,4.0786,10.1964,2.340,NO
2393,9.395,5.596,0.004,0.007,5.606,1.679,10.20,24.33,21.33,17.33,3.9962,9.9904,2.363,NO
2394,9.292,5.535,0.004,0.007,5.545,1.679,10.20,22.88,19.88,15.88,3.9667,9.9168,2.372,NO
2395,9.167,5.461,0.004,0.007,5.471,1.679,10.20,21.33,18.33,14.33,2.6206,9.8271,2.382,NO
2396,8.863,5.281,0.004,0.007,5.291,1.678,10.20,19.78,16.78,12.78,2.5624,9.6091,2.409,NO
2397,8.228,4.903,0.004,0.007,4.913,1.678,10.20,18.33,15.33,11.33,2.4409,9.1533,2.472,NO
2398,7.743,4.614,0.004,0.007,4.624,1.678,10.20,17.09,14.09,10.09,2.3481,8.8054,2.527,NO
2399,7.832,4.667,0.004,0.007,4.677,1.678,10.20,16.13,13.13,9.13,1.6556,8.8693,2.516,NO
2400,7.838,4.671,0.004,0.007,4.681,1.678,10.20,15.53,12.53,8.53,1.6564,8.8734,2.516,NO
2401,7.368,4.391,0.004,0.007,4.401,1.678,10.20,15.50,12.50,8.50,1.5934,8.5360,2.575,NO
2402,7.778,4.636,0.004,0.007,4.646,1.678,10.20,15.70,12.70,8.70,1.6484,8.8308,2.523,NO
2403,7.970,4.751,0.004,0.007,4.761,1.678,10.20,16.30,13.30,9.30,1.6743,8.9692,2.501,NO
2404,8.089,4.822,0.004,0.007,4.832,1.678,10.20,17.26,14.26,10.26,1.6902,9.0545,2.487,NO
2405,8.408,5.013,0.004,0.007,5.023,1.677,10.20,18.50,15.50,11.50,1.7330,9.2838,2.454,NO
2406,8.951,5.337,0.004,0.007,5.347,1.677,10.20,19.95,16.95,12.95,1.8058,9.6739,2.402,NO
2407,8.977,5.353,0.004,0.007,5.363,1.677,10.20,21.50,18.50,14.50,2.5848,9.6931,2.399,NO
2408,9.368,5.586,0.004,0.007,5.596,1.677,10.20,23.05,20.05,16.05,2.6596,9.9735,2.366,NO
2409,9.415,5.615,0.004,0.007,5.625,1.677,10.20,24.50,21.50,17.50,2.6688,10.0080,2.362,NO
2410,10.046,5.991,0.004,0.007,6.001,1.677,10.20,25.74,22.74,18.74,2.7896,10.4610,2.314,NO
2411,9.988,5.957,0.004,0.007,5.967,1.677,10.20,26.70,23.70,19.70,2.7786,10.4197,2.318,NO
2412,10.237,6.106,0.004,0.007,6.117,1.677,10.20,27.30,24.30,20.30,2.8264,10.5991,2.301,NO
2413,10.138,6.047,0.004,0.007,6.057,1.677,10.20,27.50,24.50,20.50,4.2111,10.5278,2.308,NO
2414,10.468,6.245,0.004,0.007,6.256,1.676,10.21,27.30,24.30,20.30,4.3064,10.7661,2.285,NO
2415,10.186,6.076,0.004,0.007,6.087,1.676,10.20,26.70,23.70,19.70,4.2250,10.5626,2.304,NO
2416,9.774,5.831,0.004,0.007,5.841,1.676,10.20,25.74,22.74,18.74,4.1066,10.2666,2.334,NO
2417,9.574,5.712,0.004,0.007,5.722,1.676,10.20,24.50,21.50,17.50,4.0494,10.1234,2.350,NO
2418,9.647,5.756,0.004,0.007,5.766,1.676,10.20,23.05,20.05,16.05,4.0704,10.1761,2.344,NO
2419,8.691,5.186,0.004,0.007,5.196,1.676,10.20,21.50,18.50,14.50,2.5305,9.4895,2.426,NO
2420,8.474,5.057,0.004,0.007,5.067,1.676,10.20,19.95,16.95,12.95,2.4889,9.3336,2.448,NO
2421,8.618,5.143,0.004,0.007,5.153,1.676,10.20,18.50,15.50,11.50,2.5165,9.4369,2.433,NO
2422,8.194,4.891,0.004,0.007,4.901,1.675,10.20,17.26,14.26,10.26,2.4354,9.1328,2.477,NO
2423,7.731,4.615,0.004,0.007,4.625,1.675,10.20,16.30,13.30,9.30,1.6427,8.8001,2.529,NO
2424,7.529,4.494,0.004,0.007,4.504,1.675,10.20,15.70,12.70,8.70,1.6156,8.6550,2.555,NO
2425,7.973,4.760,0.004,0.007,4.770,1.675,10.20,15.67,12.67,8.67,1.6752,8.9743,2.501,NO
2426,7.734,4.617,0.004,0.007,4.628,1.675,10.20,15.87,12.87,8.87,1.6432,8.8029,2.529,NO
2427,7.908,4.721,0.004,0.007,4.732,1.675,10.20,16.47,13.47,9.47,1.6665,8.9279,2.509,NO
2428,8.031,4.795,0.004,0.007,4.805,1.675,10.20,17.43,14.43,10.43,1.6831,9.0164,2.495,NO
2429,8.174,4.881,0.004,0.007,4.891,1.675,10.20,18.67,15.67,11.67,1.7022,9.1191,2.479,NO
2430,8.466,5.056,0.004,0.007,5.066,1.675,10.20,20.12,17.12,13.12,1.7415,9.3295,2.449,NO
2431,9.039,5.398,0.004,0.007,5.408,1.674,10.20,21.67,18.67,14.67,2.5976,9.7411,2.395,NO
2432,9.438,5.636,0.004,0.007,5.647,1.674,10.20,23.22,20.22,16.22,2.6741,10.0279,2.361,NO
2433,9.706,5.797,0.004,0.007,5.807,1.674,10.20,24.67,21.67,17.67,2.7257,10.2212,2.340,NO
2434,10.101,6.033,0.004,0.007,6.044,1.674,10.20,25.91,22.91,18.91,2.8013,10.5049,2.311,NO
2435,10.364,6.191,0.004,0.007,6.203,1.674,10.21,26.87,23.87,19.87,2.8520,10.6952,2.293,NO
2436,10.086,6.025,0.004,0.007,6.036,1.674,10.20,27.47,24.47,20.47,2.7986,10.4946,2.312,NO
2437,10.265,6.133,0.004,0.007,6.144,1.674,10.21,27.67,24.67,20.67,4.2497,10.6242,2.300,NO
2438,10.472,6.257,0.004,0.008,6.268,1.674,10.21,27.47,24.47,20.47,4.3093,10.7733,2.286,NO
2439,9.998,5.974,0.004,0.007,5.984,1.674,10.20,26.87,23.87,19.87,4.1728,10.4321,2.319,NO
2440,10.128,6.052,0.004,0.007,6.063,1.673,10.20,25.91,22.91,18.91,4.2103,10.5257,2.310,NO
2441,9.697,5.795,0.004,0.007,5.805,1.673,10.20,24.67,21.67,17.67,4.0863,10.2159,2.341,NO
2442,9.105,5.441,0.004,0.007,5.452,1.673,10.20,23.22,20.22,16.22,3.9162,9.7905,2.390,NO
2443,9.016,5.389,0.004,0.007,5.399,1.673,10.20,21.67,18.67,14.67,2.5938,9.7269,2.397,NO
2444,8.850,5.290,0.004,0.007,5.300,1.673,10.20,20.12,17.12,13.12,2.5621,9.6077,2.412,NO
2445,8.605,5.143,0.004,0.007,5.154,1.673,10.20,18.67,15.67,11.67,2.5150,9.4312,2.436,NO
2446,8.303,4.963,0.004,0.007,4.974,1.673,10.20,17.43,14.43,10.43,2.4572,9.2144,2.466,NO
2447,7.870,4.705,0.004,0.007,4.715,1.673,10.20,16.47,13.47,9.47,1.6619,8.9033,2.514,NO
2448,7.562,4.521,0.004,0.007,4.531,1.673,10.20,15.87,12.87,8.87,1.6207,8.6821,2.551,NO
2449,7.826,4.679,0.004,0.007,4.690,1.672,10.20,15.84,12.84,8.84,1.6561,8.8721,2.519,NO
2450,7.601,4.545,0.004,0.007,4.555,1.672,10.20,16.04,13.04,9.04,1.6260,8.7106,2.546,NO
2451,7.678,4.591,0.004,0.007,4.601,1.672,10.20,16.64,13.64,9.64,1.6362,8.7655,2.537,NO
2452,7.792,4.660,0.004,0.007,4.670,1.672,10.20,17.60,14.60,10.60,1.6515,8.8476,2.523,NO
2453,8.431,5.042,0.004,0.007,5.053,1.672,10.20,18.84,15.84,11.84,1.7374,9.3076,2.453,NO
2454,8.354,4.997,0.004,0.007,5.007,1.672,10.20,20.29,17.29,13.29,1.7271,9.2526,2.461,NO
2455,8.752,5.235,0.004,0.007,5.245,1.672,10.20,21.84,18.84,14.84,2.5437,9.5388,2.422,NO
2456,9.057,5.418,0.004,0.007,5.428,1.672,10.20,23.39,20.39,16.39,2.6022,9.7583,2.394,NO
2457,9.518,5.694,0.004,0.007,5.704,1.672,10.20,24.84,21.84,17.84,2.6907,10.0902,2.356,NO
2458,9.967,5.963,0.004,0.007,5.973,1.671,10.20,26.08,23.08,19.08,2.7769,10.4134,2.322,NO
2459,10.174,6.087,0.004,0.007,6.098,1.671,10.20,27.04,24.04,20.04,2.8166,10.5623,2.307,NO
2460,10.090,6.037,0.004,0.007,6.048,1.671,10.20,27.64,24.64,20.64,2.8005,10.5018,2.313,NO
2461,10.566,6.323,0.004,0.008,6.335,1.671,10.21,27.84,24.84,20.84,4.3382,10.8456,2.281,NO
2462,10.036,6.006,0.004,0.007,6.016,1.671,10.20,27.64,24.64,20.64,4.1855,10.4637,2.317,NO
2463,10.058,6.020,0.004,0.007,6.030,1.671,10.20,27.04,24.04,20.04,4.1919,10.4798,2.315,NO
2464,9.741,5.830,0.004,0.007,5.841,1.671,10.20,26.08,23.08,19.08,4.1007,10.2518,2.339,NO
2465,9.765,5.845,0.004,0.007,5.855,1.671,10.20,24.84,21.84,17.84,4.1077,10.2693,2.337,NO
2466,9.098,5.446,0.004,0.007,5.456,1.671,10.20,23.39,20.39,16.39,3.9156,9.7891,2.391,NO
2467,8.860,5.304,0.004,0.007,5.314,1.670,10.20,21.84,18.84,14.84,2.5648,9.6180,2.412,NO
2468,8.866,5.308,0.004,0.007,5.318,1.670,10.20,20.29,17.29,13.29,2.5662,9.6231,2.412,NO
2469,8.268,4.950,0.004,0.007,4.960,1.670,10.20,18.84,15.84,11.84,2.4514,9.1929,2.471,NO
2470,8.134,4.870,0.004,0.007,4.880,1.670,10.20,17.60,14.60,10.60,2.4257,9.0965,2.485,NO
2471,8.084,4.841,0.004,0.007,4.851,1.670,10.20,16.64,13.64,9.64,1.6913,9.0607,2.491,NO
2472,7.826,4.687,0.004,0.007,4.697,1.670,10.20,16.04,13.04,9.04,1.6567,8.8753,2.520,NO
2473,6.327,3.789,0.004,0.007,3.799,1.670,10.20,16.01,13.01,9.01,1.4554,7.7968,2.738,NO
2474,6.333,3.793,0.004,0.007,3.803,1.670,10.20,16.21,13.21,9.21,1.4563,7.8015,2.737,NO
2475,6.830,4.091,0.004,0.007,4.101,1.670,10.20,16.81,13.81,9.81,1.5230,8.1591,2.655,NO
2476,6.916,4.143,0.004,0.007,4.153,1.669,10.20,17.77,14.77,10.77,1.5346,8.2209,2.642,NO
2477,7.101,4.254,0.004,0.007,4.264,1.669,10.20,19.01,16.01,12.01,1.5595,8.3545,2.614,NO
2478,7.025,4.209,0.004,0.007,4.219,1.669,10.20,20.46,17.46,13.46,1.5493,8.2998,2.625,NO
2479,7.446,4.461,0.004,0.007,4.471,1.669,10.20,22.01,19.01,15.01,2.2941,8.6028,2.567,NO
2480,7.690,4.607,0.004,0.007,4.618,1.669,10.20,23.56,20.56,16.56,2.3409,8.7784,2.537,NO
2481,8.370,5.016,0.004,0.007,5.026,1.669,10.20,25.01,22.01,18.01,2.4715,9.2683,2.461,NO
2482,8.576,5.139,0.004,0.007,5.149,1.669,10.20,26.25,23.25,19.25,2.5110,9.4163,2.440,NO
2483,8.897,5.332,0.004,0.007,5.342,1.669,10.20,27.21,24.21,20.21,2.5727,9.6477,2.410,NO
2484,8.894,5.331,0.004,0.007,5.341,1.669,10.20,27.80,24.80,20.80,2.5722,9.6459,2.410,NO
2485,8.955,5.367,0.004,0.007,5.377,1.668,10.20,28.01,25.01,21.01,2.5839,9.6896,2.405,NO
2486,9.205,5.518,0.004,0.007,5.528,1.668,10.20,27.80,24.80,20.80,2.6320,9.8698,2.383,NO
2487,8.685,5.206,0.004,0.007,5.217,1.668,10.20,27.21,24.21,20.21,2.5322,9.4959,2.430,NO
2488,8.520,5.107,0.004,0.007,5.118,1.668,10.20,26.25,23.25,19.25,2.5005,9.3767,2.446,NO
2489,8.644,5.182,0.004,0.007,5.192,1.668,10.20,25.01,22.01,18.01,2.5243,9.4662,2.434,NO
2490,7.967,4.776,0.004,0.007,4.787,1.668,10.20,23.56,20.56,16.56,2.3944,8.9789,2.505,NO
2491,7.335,4.398,0.004,0.007,4.408,1.668,10.20,22.01,19.01,15.01,2.2732,8.5246,2.583,NO
2492,7.333,4.397,0.004,0.007,4.407,1.668,10.20,20.46,17.46,13.46,2.2729,8.5232,2.583,NO
2493,6.719,4.029,0.004,0.007,4.039,1.668,10.20,19.01,16.01,12.01,2.1550,8.0813,2.673,NO
2494,6.987,4.191,0.004,0.007,4.201,1.667,10.20,17.77,14.77,10.77,2.2066,8.2747,2.632,NO
2495,6.625,3.973,0.004,0.007,3.983,1.667,10.20,16.81,13.81,9.81,1.4959,8.0135,2.688,NO
2496,6.327,3.795,0.004,0.007,3.805,1.667,10.20,16.21,13.21,9.21,1.4559,7.7994,2.739,NO
2497,6.327,3.795,0.004,0.007,3.805,1.667,10.20,16.18,13.18,9.18,1.4559,7.7996,2.739,NO
2498,6.327,3.795,0.004,0.007,3.806,1.667,10.20,16.38,13.38,9.38,1.4559,7.7997,2.739,NO
2499,6.554,3.932,0.004,0.007,3.942,1.667,10.20,16.98,13.98,9.98,1.4865,7.9634,2.700,NO
2500,6.695,4.017,0.004,0.007,4.027,1.667,10.20,17.93,14.93,10.93,1.5054,8.0648,2.677,NO
2501,7.005,4.203,0.004,0.007,4.213,1.667,10.20,19.18,16.18,12.18,1.5471,8.2881,2.629,NO
2502,7.382,4.430,0.004,0.007,4.440,1.667,10.20,20.62,17.62,13.62,1.5978,8.5598,2.577,NO
2503,7.403,4.442,0.004,0.007,4.453,1.666,10.20,22.18,19.18,15.18,2.2867,8.5750,2.574,NO
2504,7.786,4.673,0.004,0.007,4.683,1.666,10.20,23.73,20.73,16.73,2.3603,8.8511,2.526,NO
2505,8.247,4.949,0.004,0.007,4.960,1.666,10.20,25.18,22.18,18.18,2.4488,9.1829,2.474,NO
2506,8.586,5.153,0.004,0.007,5.163,1.666,10.20,26.42,23.42,19.42,2.5139,9.4273,2.440,NO
2507,8.949,5.371,0.004,0.007,5.381,1.666,10.20,27.37,24.37,20.37,2.5836,9.6885,2.406,NO
2508,8.951,5.373,0.004,0.007,5.384,1.666,10.20,27.97,24.97,20.97,2.5842,9.6908,2.406,NO
2509,9.213,5.531,0.004,0.007,5.541,1.666,10.20,28.18,25.18,21.18,2.6346,9.8796,2.383,NO
2510,9.144,5.490,0.004,0.007,5.500,1.666,10.20,27.97,24.97,20.97,2.6212,9.8297,2.389,NO
2511,9.010,5.410,0.004,0.007,5.420,1.666,10.20,27.37,24.37,20.37,2.5956,9.7337,2.401,NO
2512,8.536,5.125,0.004,0.007,5.135,1.665,10.20,26.42,23.42,19.42,2.5045,9.3918,2.445,NO
2513,8.023,4.818,0.004,0.007,4.828,1.665,10.20,25.18,22.18,18.18,2.4061,9.0227,2.499,NO
2514,8.013,4.812,0.004,0.007,4.822,1.665,10.20,23.73,20.73,16.73,2.4041,9.0155,2.500,NO
2515,7.740,4.648,0.004,0.007,4.658,1.665,10.20,22.18,19.18,15.18,2.3517,8.8191,2.532,NO
2516,7.184,4.315,0.004,0.007,4.325,1.665,10.20,20.62,17.62,13.62,2.2451,8.4190,2.604,NO
2517,7.279,4.372,0.004,0.007,4.382,1.665,10.20,19.18,16.18,12.18,2.2634,8.4878,2.591,NO
2518,6.648,3.993,0.004,0.007,4.003,1.665,10.20,17.93,14.93,10.93,2.1421,8.0330,2.685,NO
2519,6.380,3.832,0.004,0.007,3.843,1.665,10.20,16.98,13.98,9.98,1.4635,7.8401,2.731,NO
2520,6.327,3.801,0.004,0.007,3.811,1.665,10.20,16.38,13.38,9.38,1.4564,7.8022,2.740,NO
2521,7.592,4.561,0.004,0.007,4.571,1.664,10.20,16.34,13.34,9.34,1.6265,8.7134,2.551,NO
2522,7.856,4.720,0.004,0.007,4.730,1.664,10.20,16.55,13.55,9.55,1.6620,8.9036,2.519,NO
2523,8.161,4.904,0.004,0.007,4.914,1.664,10.20,17.15,14.15,10.15,1.7031,9.1237,2.484,NO
2524,7.955,4.780,0.004,0.007,4.790,1.664,10.20,18.10,15.10,11.10,1.6754,8.9752,2.507,NO
2525,8.000,4.808,0.004,0.007,4.818,1.664,10.20,19.34,16.34,12.34,1.6815,9.0082,2.502,NO
2526,8.468,5.089,0.004,0.007,5.099,1.664,10.20,20.79,17.79,13.79,1.7444,9.3451,2.453,NO
2527,8.822,5.302,0.004,0.007,5.313,1.664,10.20,22.34,19.34,15.34,2.5601,9.6005,2.418,NO
2528,9.036,5.431,0.004,0.007,5.442,1.664,10.20,23.90,20.90,16.90,2.6013,9.7548,2.399,NO
2529,9.587,5.763,0.004,0.007,5.773,1.664,10.20,25.34,22.34,18.34,2.7072,10.1520,2.353,NO
2530,10.015,6.021,0.004,0.007,6.031,1.663,10.20,26.59,23.59,19.59,2.7896,10.4609,2.321,NO
2531,10.387,6.245,0.004,0.007,6.256,1.663,10.21,27.54,24.54,20.54,2.8612,10.7296,2.295,NO
2532,10.418,6.264,0.004,0.007,6.275,1.663,10.21,28.14,25.14,21.14,2.8671,10.7518,2.293,NO
2533,10.069,6.055,0.004,0.007,6.065,1.663,10.20,28.34,25.34,21.34,4.2002,10.5005,2.317,NO
2534,10.132,6.092,0.004,0.007,6.103,1.663,10.20,28.14,25.14,21.14,4.2182,10.5455,2.313,NO
2535,10.450,6.284,0.004,0.008,6.296,1.663,10.21,27.54,24.54,20.54,4.3103,10.7758,2.291,NO
2536,9.660,5.810,0.004,0.007,5.820,1.663,10.20,26.59,23.59,19.59,4.0824,10.2059,2.348,NO
2537,9.856,5.928,0.004,0.007,5.938,1.663,10.20,25.34,22.34,18.34,4.1390,10.3476,2.333,NO
2538,9.479,5.702,0.004,0.007,5.712,1.663,10.20,23.90,20.90,16.90,4.0304,10.0760,2.362,NO
2539,9.186,5.526,0.004,0.007,5.536,1.662,10.20,22.34,19.34,15.34,2.6307,9.8651,2.386,NO
2540,8.490,5.107,0.004,0.007,5.118,1.662,10.20,20.79,17.79,13.79,2.4970,9.3637,2.451,NO
2541,8.646,5.201,0.004,0.007,5.212,1.662,10.20,19.34,16.34,12.34,2.5269,9.4759,2.436,NO
2542,8.196,4.931,0.004,0.007,4.942,1.662,10.20,18.10,15.10,11.10,2.4406,9.1521,2.481,NO
2543,7.802,4.694,0.004,0.007,4.705,1.662,10.20,17.15,14.15,10.15,1.6554,8.8680,2.526,NO
2544,7.425,4.468,0.004,0.007,4.478,1.662,10.20,16.55,13.55,9.55,1.6047,8.5965,2.573,NO
2545,7.366,4.433,0.004,0.007,4.443,1.662,10.20,16.51,13.51,9.51,1.5967,8.5539,2.581,NO
2546,7.560,4.549,0.004,0.007,4.560,1.662,10.20,16.72,13.72,9.72,1.6228,8.6937,2.556,NO
2547,8.163,4.913,0.004,0.007,4.923,1.662,10.20,17.32,14.32,10.32,1.7040,9.1288,2.485,NO
2548,8.023,4.829,0.004,0.007,4.839,1.661,10.20,18.27,15.27,11.27,1.6852,9.0280,2.501,NO
2549,8.545,5.143,0.004,0.007,5.153,1.661,10.20,19.51,16.51,12.51,1.7555,9.4042,2.446,NO
2550,8.722,5.251,0.004,0.007,5.261,1.661,10.20,20.96,17.96,13.96,1.7794,9.5324,2.429,NO
2551,8.971,5.400,0.004,0.007,5.411,1.661,10.20,22.51,19.51,15.51,2.5897,9.7115,2.406,NO
2552,9.029,5.436,0.004,0.007,5.446,1.661,10.20,24.06,21.06,17.06,2.6010,9.7539,2.401,NO
2553,9.662,5.817,0.004,0.007,5.828,1.661,10.20,25.51,22.51,18.51,2.7228,10.2104,2.348,NO
2554,10.246,6.169,0.004,0.007,6.180,1.661,10.20,26.75,23.75,19.75,2.8352,10.6319,2.306,NO
2555,10.469,6.304,0.004,0.008,6.316,1.661,10.21,27.71,24.71,20.71,2.8782,10.7934,2.291,NO
2556,10.083,6.072,0.004,0.007,6.083,1.661,10.20,28.31,25.31,21.31,2.8039,10.5147,2.317,NO
2557,10.647,6.412,0.004,0.008,6.424,1.660,10.21,28.51,25.51,21.51,4.3688,10.9219,2.280,NO
2558,10.076,6.068,0.004,0.007,6.079,1.660,10.20,28.31,25.31,21.31,4.2038,10.5095,2.318,NO
2559,10.037,6.046,0.004,0.007,6.056,1.660,10.20,27.71,24.71,20.71,4.1927,10.4819,2.321,NO
2560,10.212,6.152,0.004,0.007,6.162,1.660,10.20,26.75,23.75,19.75,4.2435,10.6086,2.308,NO
2561,9.903,5.965,0.004,0.007,5.976,1.660,10.20,25.51,22.51,18.51,4.1541,10.3852,2.331,NO
2562,9.232,5.562,0.004,0.007,5.572,1.660,10.20,24.06,21.06,17.06,3.9607,9.9017,2.383,NO
2563,8.826,5.317,0.004,0.007,5.328,1.660,10.20,22.51,19.51,15.51,2.5624,9.6090,2.419,NO
2564,8.525,5.136,0.004,0.007,5.146,1.660,10.20,20.96,17.96,13.96,2.5045,9.3919,2.448,NO
2565,8.224,4.956,0.004,0.007,4.966,1.660,10.20,19.51,16.51,12.51,2.4468,9.1755,2.479,NO
2566,7.747,4.669,0.004,0.007,4.679,1.659,10.20,18.27,15.27,11.27,2.3551,8.8318,2.533,NO
2567,7.529,4.537,0.004,0.007,4.547,1.659,10.20,17.32,14.32,10.32,1.6192,8.6742,2.560,NO
2568,7.728,4.658,0.004,0.007,4.668,1.659,10.20,16.72,13.72,9.72,1.6461,8.8182,2.536,NO
2569,7.530,4.538,0.004,0.007,4.549,1.659,10.20,16.68,13.68,9.68,1.6194,8.6753,2.560,NO
2570,7.897,4.760,0.004,0.007,4.770,1.659,10.20,16.88,13.88,9.88,1.6689,8.9405,2.516,NO
2571,7.854,4.734,0.004,0.007,4.744,1.659,10.20,17.48,14.48,10.48,1.6630,8.9091,2.521,NO
2572,8.264,4.982,0.004,0.007,4.992,1.659,10.20,18.44,15.44,11.44,1.7183,9.2051,2.475,NO
2573,8.065,4.862,0.004,0.007,4.872,1.659,10.20,19.68,16.68,12.68,1.6916,9.0619,2.497,NO
2574,8.729,5.263,0.004,0.007,5.273,1.659,10.20,21.13,18.13,14.13,1.7810,9.5410,2.429,NO
2575,9.035,5.448,0.004,0.007,5.458,1.658,10.20,22.68,19.68,15.68,2.6031,9.7617,2.401,NO
2576,9.316,5.618,0.004,0.007,5.628,1.658,10.20,24.23,21.23,17.23,2.6573,9.9647,2.377,NO
2577,9.632,5.808,0.004,0.007,5.819,1.658,10.20,25.68,22.68,18.68,2.7181,10.1928,2.352,NO
2578,9.855,5.943,0.004,0.007,5.953,1.658,10.20,26.92,23.92,19.92,2.7610,10.3536,2.335,NO
2579,10.457,6.307,0.004,0.008,6.318,1.658,10.21,27.87,24.87,20.87,2.8770,10.7887,2.293,NO
2580,10.556,6.367,0.004,0.008,6.379,1.658,10.21,28.47,25.47,21.47,2.8963,10.8610,2.286,NO
2581,10.194,6.149,0.004,0.007,6.160,1.658,10.20,28.68,25.68,21.68,4.2397,10.5992,2.311,NO
2582,10.569,6.376,0.004,0.008,6.388,1.658,10.21,28.47,25.47,21.47,4.3482,10.8706,2.286,NO
2583,10.279,6.201,0.004,0.007,6.212,1.658,10.21,27.87,24.87,20.87,4.2643,10.6607,2.305,NO
2584,10.115,6.103,0.004,0.007,6.113,1.657,10.20,26.92,23.92,19.92,4.2171,10.5427,2.316,NO
2585,9.478,5.719,0.004,0.007,5.729,1.657,10.20,25.68,22.68,18.68,4.0332,10.0830,2.364,NO
2586,9.406,5.675,0.004,0.007,5.686,1.657,10.20,24.23,21.23,17.23,4.0124,10.0310,2.370,NO
2587,8.911,5.377,0.004,0.007,5.387,1.657,10.20,22.68,19.68,15.68,2.5798,9.6742,2.413,NO
2588,8.607,5.194,0.004,0.007,5.205,1.657,10.20,21.13,18.13,14.13,2.5214,9.4554,2.441,NO
2589,8.027,4.844,0.004,0.007,4.854,1.657,10.20,19.68,16.68,12.68,2.4097,9.0365,2.502,NO
2590,7.946,4.796,0.004,0.007,4.806,1.657,10.20,18.44,15.44,11.44,2.3943,8.9788,2.511,NO
2591,7.867,4.748,0.004,0.007,4.759,1.657,10.20,17.48,14.48,10.48,1.6653,8.9215,2.520,NO
2592,7.718,4.659,0.004,0.007,4.669,1.657,10.20,16.88,13.88,9.88,1.6453,8.8139,2.538,NO
2593,7.475,4.513,0.004,0.007,4.523,1.657,10.20,16.84,13.84,9.84,1.6127,8.6394,2.568,NO
2594,7.400,4.468,0.004,0.007,4.478,1.656,10.20,17.05,14.05,10.05,1.6025,8.5850,2.578,NO
2595,7.505,4.531,0.004,0.007,4.541,1.656,10.20,17.65,14.65,10.65,1.6167,8.6608,2.565,NO
2596,7.772,4.693,0.004,0.007,4.703,1.656,10.20,18.60,15.60,11.60,1.6527,8.8539,2.531,NO
2597,8.356,5.046,0.004,0.007,5.056,1.656,10.20,19.84,16.84,12.84,1.7315,9.2756,2.467,NO
2598,8.809,5.319,0.004,0.007,5.330,1.656,10.20,21.29,18.29,14.29,1.7924,9.6023,2.422,NO
2599,9.021,5.448,0.004,0.007,5.459,1.656,10.20,22.84,19.84,15.84,2.6016,9.7560,2.403,NO
2600,9.366,5.657,0.004,0.007,5.667,1.656,10.20,24.40,21.40,17.40,2.6680,10.0049,2.374,NO
2601,9.432,5.697,0.004,0.007,5.707,1.656,10.20,25.84,22.84,18.84,2.6807,10.0527,2.368,NO
2602,9.893,5.976,0.004,0.007,5.986,1.656,10.20,27.09,24.09,20.09,2.7695,10.3856,2.333,NO
2603,10.297,6.220,0.004,0.007,6.231,1.655,10.21,28.04,25.04,21.04,2.8474,10.6777,2.304,NO
2604,10.472,6.326,0.004,0.008,6.338,1.655,10.21,28.64,25.64,21.64,2.8812,10.8045,2.293,NO
2605,10.133,6.122,0.004,0.007,6.133,1.655,10.20,28.84,25.84,21.84,4.2239,10.5598,2.316,NO
2606,10.372,6.267,0.004,0.007,6.278,1.655,10.21,28.64,25.64,21.64,4.2930,10.7325,2.299,NO
2607,10.416,6.293,0.004,0.008,6.305,1.655,10.21,28.04,25.04,21.04,4.3057,10.7643,2.297,NO
2608,10.216,6.174,0.004,0.007,6.184,1.655,10.20,27.09,24.09,20.09,4.2482,10.6204,2.310,NO
2609,9.760,5.898,0.004,0.007,5.908,1.655,10.20,25.84,22.84,18.84,4.1163,10.2907,2.343,NO
2610,9.493,5.737,0.004,0.007,5.748,1.655,10.20,24.40,21.40,17.40,4.0393,10.0983,2.364,NO
2611,9.157,5.535,0.004,0.007,5.545,1.655,10.20,22.84,19.84,15.84,2.6282,9.8558,2.392,NO
2612,8.331,5.036,0.004,0.007,5.046,1.654,10.20,21.29,18.29,14.29,2.4692,9.2597,2.470,NO
2613,8.367,5.058,0.004,0.007,5.068,1.654,10.20,19.84,16.84,12.84,2.4762,9.2857,2.466,NO
2614,8.304,5.020,0.004,0.007,5.030,1.654,10.20,18.60,15.60,11.60,2.4641,9.2405,2.473,NO
2615,7.847,4.744,0.004,0.007,4.754,1.654,10.20,17.65,14.65,10.65,1.6633,8.9107,2.523,NO
2616,7.379,4.461,0.004,0.007,4.471,1.654,10.20,17.05,14.05,10.05,1.6002,8.5725,2.582,NO
2617,7.393,4.470,0.004,0.007,4.481,1.654,10.20,17.01,14.01,10.01,1.6022,8.5833,2.580,NO
2618,8.019,4.849,0.004,0.007,4.859,1.654,10.20,17.21,14.21,10.21,1.6865,9.0349,2.504,NO
2619,8.089,4.892,0.004,0.007,4.902,1.654,10.20,17.81,14.81,10.81,1.6961,9.0861,2.496,NO
2620,8.279,5.007,0.004,0.007,5.017,1.654,10.20,18.77,15.77,11.77,1.7217,9.2234,2.476,NO
2621,8.399,5.080,0.004,0.007,5.090,1.653,10.20,20.01,17.01,13.01,1.7379,9.3100,2.463,NO
2622,8.324,5.035,0.004,0.007,5.045,1.653,10.20,21.46,18.46,14.46,1.7278,9.2562,2.471,NO
2623,9.209,5.570,0.004,0.007,5.581,1.653,10.20,23.01,20.01,16.01,2.6388,9.8953,2.388,NO
2624,9.063,5.482,0.004,0.007,5.493,1.653,10.20,24.56,21.56,17.56,2.6107,9.7901,2.400,NO
2625,9.777,5.914,0.004,0.007,5.925,1.653,10.20,26.01,23.01,19.01,2.7481,10.3055,2.342,NO
2626,9.723,5.882,0.004,0.007,5.893,1.653,10.20,27.25,24.25,20.25,2.7379,10.2671,2.347,NO
2627,9.913,5.998,0.004,0.007,6.008,1.653,10.20,28.20,25.20,21.20,2.7746,10.4046,2.332,NO
2628,10.594,6.410,0.004,0.008,6.423,1.653,10.21,28.80,25.80,21.80,2.9060,10.8976,2.286,NO
2629,10.653,6.446,0.004,0.008,6.459,1.653,10.21,29.01,26.01,22.01,4.3760,10.9401,2.282,NO
2630,10.322,6.246,0.004,0.007,6.258,1.652,10.21,28.80,25.80,21.80,4.2803,10.7007,2.304,NO
2631,10.055,6.085,0.004,0.007,6.096,1.652,10.20,28.20,25.20,21.20,4.2032,10.5080,2.322,NO
2632,10.264,6.212,0.004,0.007,6.224,1.652,10.21,27.25,24.25,20.25,4.2638,10.6596,2.308,NO
2633,9.753,5.903,0.004,0.007,5.913,1.652,10.20,26.01,23.01,19.01,4.1158,10.2896,2.345,NO
2634,9.458,5.725,0.004,0.007,5.735,1.652,10.20,24.56,21.56,17.56,4.0308,10.0769,2.368,NO
2635,8.959,5.423,0.004,0.007,5.434,1.652,10.20,23.01,20.01,16.01,2.5911,9.7167,2.410,NO
2636,8.539,5.169,0.004,0.007,5.180,1.652,10.20,21.46,18.46,14.46,2.5102,9.4133,2.450,NO
2637,8.046,4.872,0.004,0.007,4.882,1.652,10.20,20.01,17.01,13.01,2.4154,9.0577,2.502,NO
2638,8.188,4.958,0.004,0.007,4.968,1.652,10.20,18.77,15.77,11.77,2.4427,9.1601,2.486,NO
2639,7.986,4.836,0.004,0.007,4.846,1.651,10.20,17.81,14.81,10.81,1.6827,9.0143,2.508,NO
2640,7.519,4.553,0.004,0.007,4.563,1.651,10.20,17.21,14.21,10.21,1.6197,8.6769,2.565,NO
2641,6.327,3.832,0.004,0.007,3.842,1.651,10.20,17.17,14.17,10.17,1.4590,7.8160,2.745,NO
2642,6.327,3.832,0.004,0.007,3.842,1.651,10.20,17.38,14.38,10.38,1.4590,7.8161,2.745,NO
2643,6.327,3.832,0.004,0.007,3.842,1.651,10.20,17.98,14.98,10.98,1.4590,7.8162,2.745,NO
2644,6.856,4.153,0.004,0.007,4.163,1.651,10.20,18.93,15.93,11.93,1.5304,8.1987,2.657,NO
2645,7.127,4.317,0.004,0.007,4.327,1.651,10.20,20.17,17.17,13.17,1.5670,8.3944,2.617,NO
2646,7.053,4.273,0.004,0.007,4.283,1.651,10.20,21.62,18.62,14.62,1.5570,8.3412,2.628,NO
2647,7.493,4.540,0.004,0.007,4.550,1.651,10.20,23.17,20.17,16.17,2.3091,8.6593,2.568,NO
2648,7.900,4.786,0.004,0.007,4.796,1.650,10.20,24.72,21.72,17.72,2.3875,8.9532,2.519,NO
2649,8.085,4.899,0.004,0.007,4.909,1.650,10.20,26.17,23.17,19.17,2.4233,9.0874,2.498,NO
2650,8.680,5.260,0.004,0.007,5.270,1.650,10.20,27.41,24.41,20.41,2.5381,9.5178,2.437,NO
2651,8.700,5.272,0.004,0.007,5.283,1.650,10.20,28.37,25.37,21.37,2.5419,9.5322,2.435,NO
2652,8.910,5.400,0.004,0.007,5.410,1.650,10.20,28.97,25.97,21.97,2.5823,9.6837,2.415,NO
2653,8.883,5.384,0.004,0.007,5.394,1.650,10.20,29.17,26.17,22.17,2.5773,9.6650,2.418,NO
2654,9.224,5.591,0.004,0.007,5.601,1.650,10.20,28.97,25.97,21.97,2.6431,9.9115,2.388,NO
2655,9.036,5.477,0.004,0.007,5.488,1.650,10.20,28.37,25.37,21.37,2.6069,9.7759,2.404,NO
2656,8.848,5.364,0.004,0.007,5.374,1.650,10.20,27.41,24.41,20.41,2.5706,9.6398,2.421,NO
2657,8.542,5.179,0.004,0.007,5.189,1.650,10.20,26.17,23.17,19.17,2.5118,9.4191,2.450,NO
2658,8.332,5.052,0.004,0.007,5.062,1.649,10.20,24.72,21.72,17.72,2.4713,9.2675,2.472,NO
2659,7.568,4.589,0.004,0.007,4.599,1.649,10.20,23.17,20.17,16.17,2.3241,8.7153,2.559,NO
2660,7.313,4.434,0.004,0.007,4.445,1.649,10.20,21.62,18.62,14.62,2.2750,8.5311,2.592,NO
2661,7.252,4.398,0.004,0.007,4.408,1.649,10.20,20.17,17.17,13.17,2.2632,8.4871,2.601,NO
2662,6.519,3.953,0.004,0.007,3.963,1.649,10.20,18.93,15.93,11.93,2.1218,7.9569,2.713,NO
2663,6.454,3.914,0.004,0.007,3.925,1.649,10.20,17.98,14.98,10.98,1.4766,7.9106,2.724,NO
2664,6.551,3.973,0.004,0.007,3.984,1.649,10.20,17.38,14.38,10.38,1.4897,7.9806,2.707,NO
2665,6.327,3.838,0.004,0.007,3.848,1.649,10.20,17.33,14.33,10.33,1.4595,7.8188,2.746,NO
2666,6.327,3.838,0.004,0.007,3.848,1.649,10.20,17.54,14.54,10.54,1.4595,7.8189,2.746,NO
2667,6.739,4.088,0.004,0.007,4.098,1.648,10.20,18.14,15.14,11.14,1.5151,8.1166,2.677,NO
2668,6.462,3.920,0.004,0.007,3.930,1.648,10.20,19.09,16.09,12.09,1.4777,7.9165,2.723,NO
2669,6.871,4.169,0.004,0.007,4.179,1.648,10.20,20.33,17.33,13.33,1.5330,8.2125,2.656,NO
2670,7.158,4.343,0.004,0.007,4.354,1.648,10.20,21.78,18.78,14.78,1.5718,8.4202,2.614,NO
2671,7.456,4.525,0.004,0.007,4.535,1.648,10.20,23.33,20.33,16.33,2.3030,8.6361,2.574,NO
2672,7.851,4.764,0.004,0.007,4.775,1.648,10.20,24.89,21.89,17.89,2.3791,8.9215,2.525,NO
2673,8.615,5.228,0.004,0.007,5.239,1.648,10.20,26.33,23.33,19.33,2.5264,9.4741,2.444,NO
2674,8.348,5.067,0.004,0.007,5.077,1.648,10.20,27.58,24.58,20.58,2.4750,9.2813,2.471,NO
2675,8.983,5.452,0.004,0.007,5.463,1.648,10.20,28.53,25.53,21.53,2.5974,9.7404,2.410,NO
2676,9.254,5.617,0.004,0.007,5.627,1.647,10.20,29.13,26.13,22.13,2.6498,9.9366,2.386,NO
2677,9.204,5.587,0.004,0.007,5.597,1.647,10.20,29.33,26.33,22.33,2.6402,9.9006,2.390,NO
2678,9.064,5.503,0.004,0.007,5.513,1.647,10.20,29.13,26.13,22.13,2.6132,9.7995,2.403,NO
2679,8.864,5.381,0.004,0.007,5.392,1.647,10.20,28.53,25.53,21.53,2.5746,9.6549,2.421,NO
2680,8.790,5.337,0.004,0.007,5.347,1.647,10.20,27.58,24.58,20.58,2.5604,9.6017,2.427,NO
2681,8.652,5.253,0.004,0.007,5.264,1.647,10.20,26.33,23.33,19.33,2.5339,9.5021,2.441,NO
2682,8.238,5.003,0.004,0.007,5.013,1.647,10.20,24.89,21.89,17.89,2.4541,9.2030,2.482,NO
2683,7.820,4.749,0.004,0.007,4.759,1.647,10.20,23.33,20.33,16.33,2.3735,8.9007,2.529,NO
2684,7.361,4.471,0.004,0.007,4.481,1.647,10.20,21.78,18.78,14.78,2.2851,8.5690,2.587,NO
2685,6.891,4.186,0.004,0.007,4.196,1.646,10.20,20.33,17.33,13.33,2.1945,8.2293,2.654,NO
2686,7.025,4.267,0.004,0.007,4.277,1.646,10.20,19.09,16.09,12.09,2.2202,8.3258,2.634,NO
2687,6.477,3.934,0.004,0.007,3.945,1.646,10.20,18.14,15.14,11.14,1.4802,7.9295,2.721,NO
2688,6.667,4.050,0.004,0.007,4.060,1.646,10.20,17.54,14.54,10.54,1.5059,8.0671,2.689,NO
2689,7.878,4.786,0.004,0.007,4.796,1.646,10.20,17.50,14.50,10.50,1.6694,8.9432,2.523,NO
2690,7.745,4.705,0.004,0.007,4.716,1.646,10.20,17.70,14.70,10.70,1.6515,8.8471,2.539,NO
2691,8.164,4.961,0.004,0.007,4.971,1.646,10.20,18.30,15.30,11.30,1.7082,9.1508,2.491,NO
2692,7.936,4.822,0.004,0.007,4.833,1.646,10.20,19.25,16.25,12.25,1.6774,8.9859,2.516,NO
2693,8.372,5.087,0.004,0.007,5.098,1.646,10.20,20.50,17.50,13.50,1.7362,9.3013,2.469,NO
2694,8.462,5.142,0.004,0.007,5.153,1.645,10.20,21.94,18.94,14.94,1.7484,9.3665,2.460,NO
2695,8.865,5.388,0.004,0.007,5.398,1.645,10.20,23.50,20.50,16.50,2.5757,9.6587,2.421,NO
2696,9.095,5.528,0.004,0.007,5.538,1.645,10.20,25.05,22.05,18.05,2.6200,9.8250,2.401,NO
2697,9.968,6.059,0.004,0.007,6.070,1.645,10.20,26.50,23.50,19.50,2.7886,10.4571,2.331,NO
2698,9.726,5.912,0.004,0.007,5.923,1.645,10.20,27.74,24.74,20.74,2.7419,10.2822,2.349,NO
2699,10.039,6.103,0.004,0.007,6.114,1.645,10.20,28.69,25.69,21.69,2.8023,10.5087,2.326,NO
2700,10.248,6.230,0.004,0.007,6.242,1.645,10.20,29.29,26.29,22.29,2.8428,10.6603,2.312,NO
2701,10.419,6.335,0.004,0.008,6.346,1.645,10.21,29.50,26.50,22.50,4.3137,10.7842,2.300,NO
2702,10.086,6.133,0.004,0.007,6.143,1.645,10.20,29.29,26.29,22.29,4.2173,10.5432,2.323,NO
2703,9.890,6.014,0.004,0.007,6.024,1.645,10.20,28.69,25.69,21.69,4.1606,10.4015,2.337,NO
2704,9.665,5.877,0.004,0.007,5.888,1.644,10.20,27.74,24.74,20.74,4.0954,10.2385,2.354,NO
2705,9.465,5.756,0.004,0.007,5.767,1.644,10.20,26.50,23.50,19.50,4.0377,10.0942,2.370,NO
2706,9.286,5.648,0.004,0.007,5.658,1.644,10.20,25.05,22.05,18.05,3.9859,9.9648,2.385,NO
2707,9.176,5.581,0.004,0.007,5.592,1.644,10.20,23.50,20.50,16.50,2.6362,9.8856,2.394,NO
2708,8.722,5.305,0.004,0.007,5.316,1.644,10.20,21.94,18.94,14.94,2.5485,9.5568,2.435,NO
2709,8.239,5.012,0.004,0.007,5.022,1.644,10.20,20.50,17.50,13.50,2.4553,9.2074,2.484,NO
2710,8.104,4.930,0.004,0.007,4.941,1.644,10.20,19.25,16.25,12.25,2.4294,9.1101,2.498,NO
2711,7.657,4.659,0.004,0.007,4.669,1.644,10.20,18.30,15.30,11.30,1.6402,8.7868,2.550,NO
2712,7.569,4.605,0.004,0.007,4.616,1.644,10.20,17.70,14.70,10.70,1.6283,8.7233,2.561,NO
2713,7.530,4.582,0.004,0.007,4.592,1.643,10.20,17.66,14.66,10.66,1.6231,8.6952,2.566,NO
2714,7.722,4.699,0.004,0.007,4.709,1.643,10.20,17.86,14.86,10.86,1.6490,8.8341,2.542,NO
2715,7.866,4.787,0.004,0.007,4.797,1.643,10.20,18.46,15.46,11.46,1.6685,8.9386,2.525,NO
2716,7.824,4.762,0.004,0.007,4.772,1.643,10.20,19.41,16.41,12.41,1.6629,8.9085,2.530,NO
2717,8.395,5.110,0.004,0.007,5.120,1.643,10.20,20.66,17.66,13.66,1.7401,9.3218,2.468,NO
2718,8.537,5.197,0.004,0.007,5.207,1.643,10.20,22.10,19.10,15.10,1.7593,9.4250,2.453,NO
2719,9.071,5.522,0.004,0.007,5.532,1.643,10.20,23.66,20.66,16.66,2.6164,9.8113,2.404,NO
2720,9.218,5.612,0.004,0.007,5.622,1.643,10.20,25.21,22.21,18.21,2.6448,9.9181,2.391,NO
2721,9.900,6.027,0.004,0.007,6.038,1.643,10.20,26.66,23.66,19.66,2.7766,10.4121,2.337,NO
2722,9.738,5.929,0.004,0.007,5.939,1.642,10.20,27.90,24.90,20.90,2.7452,10.2944,2.349,NO
2723,10.096,6.147,0.004,0.007,6.158,1.642,10.20,28.85,25.85,21.85,2.8145,10.5542,2.323,NO
2724,10.073,6.134,0.004,0.007,6.144,1.642,10.20,29.45,26.45,22.45,2.8101,10.5378,2.325,NO
2725,9.990,6.084,0.004,0.007,6.094,1.642,10.20,29.66,26.66,22.66,4.1912,10.4781,2.331,NO
2726,10.430,6.352,0.004,0.008,6.363,1.642,10.21,29.45,26.45,22.45,4.3187,10.7969,2.300,NO
2727,9.917,6.040,0.004,0.007,6.050,1.642,10.20,28.85,25.85,21.85,4.1702,10.4254,2.336,NO
2728,9.902,6.031,0.004,0.007,6.042,1.642,10.20,27.90,24.90,20.90,4.1659,10.4147,2.337,NO
2729,9.838,5.993,0.004,0.007,6.003,1.642,10.20,26.66,23.66,19.66,4.1475,10.3687,2.342,NO
2730,9.622,5.861,0.004,0.007,5.872,1.642,10.20,25.21,22.21,18.21,4.0848,10.2121,2.359,NO
2731,8.662,5.277,0.004,0.007,5.287,1.641,10.20,23.66,20.66,16.66,2.5379,9.5172,2.442,NO
2732,8.848,5.390,0.004,0.007,5.401,1.641,10.20,22.10,19.10,15.10,2.5738,9.6519,2.424,NO
2733,8.285,5.048,0.004,0.007,5.058,1.641,10.20,20.66,17.66,13.66,2.4652,9.2445,2.480,NO
2734,7.791,4.747,0.004,0.007,4.758,1.641,10.20,19.41,16.41,12.41,2.3698,8.8868,2.535,NO
2735,8.052,4.907,0.004,0.007,4.917,1.641,10.20,18.46,15.46,11.46,1.6942,9.0760,2.505,NO
2736,7.407,4.514,0.004,0.007,4.524,1.641,10.20,17.86,14.86,10.86,1.6070,8.6087,2.583,NO
2737,7.690,4.686,0.004,0.007,4.697,1.641,10.20,17.82,14.82,10.82,1.6453,8.8139,2.547,NO
2738,7.540,4.595,0.004,0.007,4.606,1.641,10.20,18.02,15.02,11.02,1.6250,8.7055,2.566,NO
2739,8.084,4.927,0.004,0.007,4.938,1.641,10.20,18.62,15.62,11.62,1.6986,9.0996,2.501,NO
2740,7.924,4.830,0.004,0.007,4.840,1.641,10.20,19.57,16.57,12.57,1.6770,8.9838,2.520,NO
2741,8.497,5.180,0.004,0.007,5.190,1.640,10.20,20.82,17.82,13.82,1.7546,9.3995,2.458,NO
2742,8.648,5.272,0.004,0.007,5.283,1.640,10.20,22.26,19.26,15.26,1.7750,9.5088,2.443,NO
2743,8.663,5.282,0.004,0.007,5.292,1.640,10.20,23.82,20.82,16.82,2.5386,9.5198,2.442,NO
2744,9.392,5.726,0.004,0.007,5.737,1.640,10.20,25.37,22.37,18.37,2.6795,10.0480,2.377,NO
2745,9.577,5.839,0.004,0.007,5.850,1.640,10.20,26.82,23.82,19.82,2.7152,10.1819,2.363,NO
2746,9.667,5.895,0.004,0.007,5.905,1.640,10.20,28.06,25.06,21.06,2.7327,10.2476,2.356,NO
2747,9.893,6.033,0.004,0.007,6.044,1.640,10.20,29.01,26.01,22.01,2.7764,10.4114,2.339,NO
2748,10.174,6.205,0.004,0.007,6.216,1.640,10.20,29.61,26.61,22.61,2.8307,10.6152,2.319,NO
2749,10.389,6.336,0.004,0.008,6.348,1.640,10.21,29.82,26.82,22.82,4.3086,10.7714,2.304,NO
2750,10.506,6.408,0.004,0.008,6.420,1.639,10.21,29.61,26.61,22.61,4.3426,10.8565,2.296,NO
2751,10.049,6.130,0.004,0.007,6.140,1.639,10.20,29.01,26.01,22.01,4.2101,10.5252,2.328,NO
2752,9.811,5.985,0.004,0.007,5.995,1.639,10.20,28.06,25.06,21.06,4.1412,10.3529,2.345,NO
2753,9.877,6.026,0.004,0.007,6.036,1.639,10.20,26.82,23.82,19.82,4.1605,10.4012,2.340,NO
2754,9.065,5.531,0.004,0.007,5.541,1.639,10.20,25.37,22.37,18.37,3.9252,9.8129,2.406,NO
2755,9.118,5.564,0.004,0.007,5.574,1.639,10.20,23.82,20.82,16.82,2.6271,9.8516,2.401,NO
2756,8.966,5.471,0.004,0.007,5.481,1.639,10.20,22.26,19.26,15.26,2.5976,9.7410,2.414,NO
2757,8.320,5.077,0.004,0.007,5.087,1.639,10.20,20.82,17.82,13.82,2.4729,9.2732,2.477,NO
2758,7.872,4.804,0.004,0.007,4.815,1.639,10.20,19.57,16.57,12.57,2.3864,8.9491,2.526,NO
2759,8.001,4.883,0.004,0.007,4.894,1.638,10.20,18.62,15.62,11.62,1.6880,9.0427,2.511,NO
2760,7.391,4.511,0.004,0.007,4.521,1.638,10.20,18.02,15.02,11.02,1.6054,8.6005,2.586,NO
2761,7.588,4.632,0.004,0.007,4.642,1.638,10.20,17.98,14.98,10.98,1.6321,8.7434,2.561,NO
2762,7.578,4.626,0.004,0.007,4.636,1.638,10.20,18.18,15.18,11.18,1.6308,8.7366,2.562,NO
2763,7.659,4.676,0.004,0.007,4.686,1.638,10.20,18.78,15.78,11.78,1.6418,8.7953,2.552,NO
2764,7.988,4.877,0.004,0.007,4.887,1.638,10.20,19.73,16.73,12.73,1.6863,9.0340,2.513,NO
2765,8.344,5.095,0.004,0.007,5.105,1.638,10.20,20.98,17.98,13.98,1.7346,9.2922,2.475,NO
2766,8.743,5.338,0.004,0.007,5.349,1.638,10.20,22.42,19.42,15.42,1.7885,9.5813,2.435,NO
2767,8.900,5.435,0.004,0.007,5.445,1.638,10.20,23.98,20.98,16.98,2.5854,9.6951,2.421,NO
2768,9.194,5.615,0.004,0.007,5.625,1.638,10.20,25.53,22.53,18.53,2.6424,9.9088,2.395,NO
2769,9.592,5.858,0.004,0.007,5.869,1.637,10.20,26.98,23.98,19.98,2.7193,10.1975,2.362,NO
2770,9.677,5.910,0.004,0.007,5.921,1.637,10.20,28.22,25.22,21.22,2.7358,10.2591,2.356,NO
2771,10.251,6.261,0.004,0.007,6.272,1.637,10.21,29.17,26.17,22.17,2.8468,10.6755,2.314,NO
2772,10.469,6.395,0.004,0.008,6.407,1.637,10.21,29.77,26.77,22.77,2.8890,10.8339,2.300,NO
2773,10.121,6.183,0.004,0.007,6.193,1.637,10.20,29.98,26.98,22.98,4.2326,10.5815,2.323,NO
2774,10.495,6.412,0.004,0.008,6.424,1.637,10.21,29.77,26.77,22.77,4.3414,10.8534,2.298,NO
2775,9.823,6.001,0.004,0.007,6.012,1.637,10.20,29.17,26.17,22.17,4.1462,10.3654,2.345,NO
2776,9.676,5.912,0.004,0.007,5.922,1.637,10.20,28.22,25.22,21.22,4.1037,10.2592,2.356,NO
2777,9.341,5.708,0.004,0.007,5.718,1.637,10.20,26.98,23.98,19.98,4.0067,10.0166,2.383,NO
2778,9.624,5.881,0.004,0.007,5.891,1.636,10.20,25.53,22.53,18.53,4.0888,10.2220,2.360,NO
2779,9.055,5.533,0.004,0.007,5.544,1.636,10.20,23.98,20.98,16.98,2.6158,9.8093,2.407,NO
2780,8.466,5.174,0.004,0.007,5.184,1.636,10.20,22.42,19.42,15.42,2.5020,9.3825,2.463,NO
2781,8.156,4.985,0.004,0.007,4.995,1.636,10.20,20.98,17.98,13.98,2.4422,9.1582,2.495,NO
2782,8.027,4.906,0.004,0.007,4.917,1.636,10.20,19.73,16.73,12.73,2.4172,9.0644,2.510,NO
2783,7.572,4.629,0.004,0.007,4.639,1.636,10.20,18.78,15.78,11.78,1.6306,8.7353,2.563,NO
2784,7.439,4.548,0.004,0.007,4.558,1.636,10.20,18.18,15.18,11.18,1.6126,8.6387,2.581,NO
2785,7.511,4.592,0.004,0.007,4.602,1.636,10.20,18.13,15.13,11.13,1.6223,8.6911,2.571,NO
2786,7.426,4.540,0.004,0.007,4.551,1.636,10.20,18.34,15.34,11.34,1.6109,8.6297,2.582,NO
2787,7.680,4.696,0.004,0.007,4.706,1.635,10.20,18.94,15.94,11.94,1.6452,8.8137,2.550,NO
2788,7.803,4.771,0.004,0.007,4.782,1.635,10.20,19.89,16.89,12.89,1.6619,8.9033,2.536,NO
2789,8.447,5.165,0.004,0.007,5.176,1.635,10.20,21.13,18.13,14.13,1.7491,9.3700,2.465,NO
2790,8.858,5.417,0.004,0.007,5.427,1.635,10.20,22.58,19.58,15.58,1.8048,9.6683,2.426,NO
2791,9.241,5.652,0.004,0.007,5.662,1.635,10.20,24.13,21.13,17.13,2.6524,9.9464,2.392,NO
2792,9.207,5.631,0.004,0.007,5.642,1.635,10.20,25.69,22.69,18.69,2.6458,9.9218,2.395,NO
2793,9.536,5.833,0.004,0.007,5.844,1.635,10.20,27.13,24.13,20.13,2.7096,10.1608,2.368,NO
2794,9.652,5.905,0.004,0.007,5.915,1.635,10.20,28.38,25.38,21.38,2.7321,10.2454,2.359,NO
2795,10.224,6.254,0.004,0.007,6.266,1.635,10.20,29.33,26.33,22.33,2.8427,10.6601,2.317,NO
2796,10.122,6.193,0.004,0.007,6.203,1.635,10.20,29.93,26.93,22.93,2.8231,10.5865,2.324,NO
2797,10.136,6.201,0.004,0.007,6.212,1.634,10.20,30.13,27.13,23.13,4.2386,10.5966,2.323,NO
2798,10.153,6.212,0.004,0.007,6.223,1.634,10.20,29.93,26.93,22.93,4.2437,10.6094,2.322,NO
2799,10.442,6.390,0.004,0.008,6.402,1.634,10.21,29.33,26.33,22.33,4.3279,10.8198,2.303,NO
2800,9.913,6.067,0.004,0.007,6.077,1.634,10.20,28.38,25.38,21.38,4.1743,10.4357,2.339,NO
2801,9.639,5.899,0.004,0.007,5.909,1.634,10.20,27.13,24.13,20.13,4.0947,10.2368,2.360,NO
2802,9.004,5.511,0.004,0.007,5.521,1.634,10.20,25.69,22.69,18.69,3.9105,9.7763,2.413,NO
2803,9.157,5.605,0.004,0.007,5.616,1.634,10.20,24.13,21.13,17.13,2.6368,9.8879,2.399,NO
2804,8.545,5.230,0.004,0.007,5.241,1.634,10.20,22.58,19.58,15.58,2.5183,9.4435,2.456,NO
2805,8.528,5.221,0.004,0.007,5.231,1.634,10.20,21.13,18.13,14.13,2.5151,9.4317,2.458,NO
2806,8.326,5.097,0.004,0.007,5.108,1.633,10.20,19.89,16.89,12.89,2.4760,9.2851,2.478,NO
2807,7.611,4.660,0.004,0.007,4.670,1.633,10.20,18.94,15.94,11.94,1.6364,8.7665,2.560,NO
2808,7.641,4.678,0.004,0.007,4.689,1.633,10.20,18.34,15.34,11.34,1.6404,8.7881,2.556,NO
2809,6.474,3.964,0.004,0.007,3.975,1.633,10.20,18.29,15.29,11.29,1.4825,7.9419,2.726,NO
2810,6.590,4.035,0.004,0.007,4.046,1.633,10.20,18.49,15.49,11.49,1.4982,8.0259,2.707,NO
2811,6.727,4.119,0.004,0.007,4.130,1.633,10.20,19.09,16.09,12.09,1.5167,8.1254,2.684,NO
2812,7.042,4.313,0.004,0.007,4.323,1.633,10.20,20.05,17.05,13.05,1.5594,8.3541,2.636,NO
2813,6.706,4.107,0.004,0.007,4.117,1.633,10.20,21.29,18.29,14.29,1.5139,8.1104,2.688,NO
2814,7.123,4.363,0.004,0.007,4.373,1.633,10.20,22.74,19.74,15.74,1.5705,8.4134,2.625,NO
2815,7.496,4.591,0.004,0.007,4.602,1.632,10.20,24.29,21.29,17.29,2.3157,8.6838,2.575,NO
2816,8.056,4.935,0.004,0.007,4.946,1.632,10.20,25.84,22.84,18.84,2.4242,9.0906,2.508,NO
2817,8.402,5.147,0.004,0.007,5.158,1.632,10.20,27.29,24.29,20.29,2.4911,9.3417,2.471,NO
2818,8.830,5.410,0.004,0.007,5.420,1.632,10.20,28.53,25.53,21.53,2.5740,9.6527,2.429,NO
2819,8.593,5.265,0.004,0.007,5.276,1.632,10.20,29.49,26.49,22.49,2.5283,9.4812,2.452,NO
2820,8.786,5.384,0.004,0.007,5.394,1.632,10.20,30.08,27.08,23.08,2.5656,9.6210,2.433,NO
2821,9.167,5.618,0.004,0.007,5.628,1.632,10.20,30.29,27.29,23.29,2.6394,9.8978,2.399,NO
2822,8.949,5.484,0.004,0.007,5.495,1.632,10.20,30.08,27.08,23.08,2.5972,9.7395,2.419,NO
2823,9.138,5.600,0.004,0.007,5.611,1.632,10.20,29.49,26.49,22.49,2.6338,9.8768,2.402,NO
2824,8.443,5.175,0.004,0.007,5.185,1.632,10.20,28.53,25.53,21.53,2.4994,9.3726,2.467,NO
2825,8.562,5.248,0.004,0.007,5.259,1.631,10.20,27.29,24.29,20.29,2.5225,9.4595,2.455,NO
2826,8.035,4.925,0.004,0.007,4.936,1.631,10.20,25.84,22.84,18.84,2.4204,9.0766,2.510,NO
2827,7.409,4.542,0.004,0.007,4.552,1.631,10.20,24.29,21.29,17.29,2.2993,8.6224,2.586,NO
2828,7.182,4.403,0.004,0.007,4.413,1.631,10.20,22.74,19.74,15.74,2.2554,8.4579,2.617,NO
2829,7.055,4.325,0.004,0.007,4.336,1.631,10.20,21.29,18.29,14.29,2.2308,8.3657,2.635,NO
2830,6.646,4.075,0.004,0.007,4.085,1.631,10.20,20.05,17.05,13.05,2.1517,8.0690,2.698,NO
2831,6.582,4.036,0.004,0.007,4.046,1.631,10.20,19.09,16.09,12.09,1.4975,8.0225,2.709,NO
2832,6.545,4.013,0.004,0.007,4.024,1.631,10.20,18.49,15.49,11.49,1.4926,7.9959,2.715,NO
2833,6.656,4.082,0.004,0.007,4.093,1.631,10.20,18.44,15.44,11.44,1.5077,8.0769,2.697,NO
2834,6.443,3.951,0.004,0.007,3.962,1.630,10.20,18.65,15.65,11.65,1.4788,7.9221,2.732,NO
2835,6.791,4.165,0.004,0.007,4.176,1.630,10.20,19.25,16.25,12.25,1.5260,8.1750,2.675,NO
2836,6.805,4.174,0.004,0.007,4.185,1.630,10.20,20.20,17.20,13.20,1.5279,8.1852,2.673,NO
2837,7.304,4.481,0.004,0.007,4.491,1.630,10.20,21.44,18.44,14.44,1.5956,8.5480,2.601,NO
2838,7.396,4.537,0.004,0.007,4.548,1.630,10.20,22.89,19.89,15.89,1.6081,8.6148,2.588,NO
2839,7.915,4.856,0.004,0.007,4.866,1.630,10.20,24.44,21.44,17.44,2.3977,8.9914,2.525,NO
2840,8.040,4.933,0.004,0.007,4.944,1.630,10.20,26.00,23.00,19.00,2.4221,9.0828,2.510,NO
2841,8.646,5.305,0.004,0.007,5.316,1.630,10.20,27.44,24.44,20.44,2.5395,9.5230,2.448,NO
2842,8.821,5.413,0.004,0.007,5.423,1.630,10.20,28.69,25.69,21.69,2.5732,9.6497,2.431,NO
2843,8.965,5.501,0.004,0.007,5.512,1.630,10.20,29.64,26.64,22.64,2.6012,9.7545,2.418,NO
2844,8.718,5.350,0.004,0.007,5.361,1.629,10.20,30.24,27.24,23.24,2.5535,9.5755,2.441,NO
2845,9.056,5.558,0.004,0.007,5.568,1.629,10.20,30.44,27.44,23.44,2.6189,9.8208,2.410,NO
2846,8.735,5.361,0.004,0.007,5.372,1.629,10.20,30.24,27.24,23.24,2.5568,9.5879,2.439,NO
2847,9.131,5.605,0.004,0.007,5.615,1.629,10.20,29.64,26.64,22.64,2.6335,9.8758,2.404,NO
2848,8.577,5.265,0.004,0.007,5.276,1.629,10.20,28.69,25.69,21.69,2.5264,9.4739,2.455,NO
2849,8.361,5.133,0.004,0.007,5.143,1.629,10.20,27.44,24.44,20.44,2.4845,9.3167,2.476,NO
2850,7.817,4.800,0.004,0.007,4.810,1.629,10.20,26.00,23.00,19.00,2.3793,8.9224,2.536,NO
2851,7.544,4.632,0.004,0.007,4.643,1.629,10.20,24.44,21.44,17.44,2.3264,8.7242,2.570,NO
2852,7.002,4.299,0.004,0.007,4.310,1.629,10.20,22.89,19.89,15.89,2.2214,8.3303,2.644,NO
2853,7.301,4.483,0.004,0.007,4.494,1.628,10.20,21.44,18.44,14.44,2.2793,8.5473,2.602,NO
2854,6.994,4.295,0.004,0.007,4.306,1.628,10.20,20.20,17.20,13.20,2.2199,8.3248,2.645,NO
2855,6.327,3.886,0.004,0.007,3.896,1.628,10.20,19.25,16.25,12.25,1.4636,7.8405,2.754,NO
2856,6.327,3.886,0.004,0.007,3.897,1.628,10.20,18.65,15.65,11.65,1.4636,7.8406,2.754,NO
2857,7.753,4.762,0.004,0.007,4.773,1.628,10.20,18.60,15.60,11.60,1.6570,8.8769,2.544,NO
2858,7.711,4.737,0.004,0.007,4.747,1.628,10.20,18.80,15.80,11.80,1.6513,8.8465,2.549,NO
2859,7.814,4.800,0.004,0.007,4.811,1.628,10.20,19.40,16.40,12.40,1.6653,8.9211,2.537,NO
2860,8.254,5.071,0.004,0.007,5.081,1.628,10.20,20.35,17.35,13.35,1.7250,9.2408,2.488,NO
2861,8.024,4.930,0.004,0.007,4.941,1.628,10.20,21.60,18.60,14.60,1.6939,9.0743,2.513,NO
2862,8.408,5.166,0.004,0.007,5.177,1.627,10.20,23.04,20.04,16.04,1.7459,9.3529,2.472,NO
2863,8.769,5.389,0.004,0.007,5.399,1.627,10.20,24.60,21.60,17.60,2.5642,9.6158,2.437,NO
2864,9.013,5.539,0.004,0.007,5.549,1.627,10.20,26.15,23.15,19.15,2.6115,9.7933,2.414,NO
2865,9.540,5.863,0.004,0.007,5.873,1.627,10.20,27.60,24.60,20.60,2.7136,10.1761,2.370,NO
2866,10.145,6.235,0.004,0.007,6.246,1.627,10.20,28.84,25.84,21.84,2.8309,10.6159,2.325,NO
2867,10.232,6.289,0.004,0.007,6.300,1.627,10.20,29.79,26.79,22.79,2.8479,10.6795,2.319,NO
2868,10.350,6.362,0.004,0.008,6.374,1.627,10.21,30.39,27.39,23.39,2.8708,10.7655,2.311,NO
2869,10.610,6.522,0.004,0.008,6.535,1.627,10.21,30.60,27.60,23.60,4.3820,10.9550,2.295,NO
2870,9.983,6.137,0.004,0.007,6.148,1.627,10.20,30.39,27.39,23.39,4.1996,10.4991,2.337,NO
2871,9.924,6.101,0.004,0.007,6.112,1.627,10.20,29.79,26.79,22.79,4.1825,10.4561,2.341,NO
2872,9.620,5.915,0.004,0.007,5.925,1.626,10.20,28.84,25.84,21.84,4.0942,10.2355,2.364,NO
2873,9.326,5.735,0.004,0.007,5.745,1.626,10.20,27.60,24.60,20.60,4.0089,10.0221,2.388,NO
2874,9.192,5.653,0.004,0.007,5.663,1.626,10.20,26.15,23.15,19.15,3.9700,9.9250,2.399,NO
2875,9.146,5.625,0.004,0.007,5.635,1.626,10.20,24.60,21.60,17.60,2.6378,9.8917,2.403,NO
2876,8.456,5.200,0.004,0.007,5.211,1.626,10.20,23.04,20.04,16.04,2.5040,9.3899,2.468,NO
2877,8.021,4.933,0.004,0.007,4.944,1.626,10.20,21.60,18.60,14.60,2.4198,9.0742,2.514,NO
2878,8.318,5.116,0.004,0.007,5.127,1.626,10.20,20.35,17.35,13.35,2.4774,9.2901,2.482,NO
2879,7.677,4.722,0.004,0.007,4.733,1.626,10.20,19.40,16.40,12.40,1.6472,8.8245,2.554,NO
2880,7.797,4.796,0.004,0.007,4.807,1.626,10.20,18.80,15.80,11.80,1.6635,8.9117,2.540,NO
2881,7.860,4.836,0.004,0.007,4.846,1.625,10.20,18.75,15.75,11.75,1.6721,8.9578,2.533,NO
2882,7.927,4.877,0.004,0.007,4.888,1.625,10.20,18.95,15.95,11.95,1.6812,9.0065,2.525,NO
2883,7.584,4.666,0.004,0.007,4.677,1.625,10.20,19.55,16.55,12.55,1.6347,8.7572,2.566,NO
2884,7.903,4.863,0.004,0.007,4.874,1.625,10.20,20.51,17.51,13.51,1.6781,8.9897,2.528,NO
2885,8.164,5.024,0.004,0.007,5.034,1.625,10.20,21.75,18.75,14.75,1.7134,9.1792,2.499,NO
2886,8.416,5.179,0.004,0.007,5.190,1.625,10.20,23.20,20.20,16.20,1.7477,9.3627,2.472,NO
2887,9.047,5.568,0.004,0.007,5.579,1.625,10.20,24.75,21.75,17.75,2.6191,9.8216,2.412,NO
2888,9.660,5.946,0.004,0.007,5.956,1.625,10.20,26.30,23.30,19.30,2.7380,10.2675,2.362,NO
2889,9.588,5.902,0.004,0.007,5.912,1.625,10.20,27.75,24.75,20.75,2.7241,10.2154,2.368,NO
2890,9.887,6.086,0.004,0.007,6.096,1.625,10.20,28.99,25.99,21.99,2.7820,10.4323,2.345,NO
2891,10.321,6.354,0.004,0.008,6.365,1.624,10.21,29.95,26.95,22.95,2.8663,10.7487,2.314,NO
2892,10.036,6.179,0.004,0.007,6.189,1.624,10.20,30.55,27.55,23.55,2.8111,10.5415,2.334,NO
2893,10.051,6.188,0.004,0.007,6.199,1.624,10.20,30.75,27.75,23.75,4.2209,10.5522,2.333,NO
2894,10.112,6.226,0.004,0.007,6.237,1.624,10.20,30.55,27.55,23.55,4.2387,10.5967,2.329,NO
2895,10.047,6.186,0.004,0.007,6.197,1.624,10.20,29.95,26.95,22.95,4.2199,10.5497,2.333,NO
2896,9.789,6.028,0.004,0.007,6.039,1.624,10.20,28.99,25.99,21.99,4.1450,10.3626,2.352,NO
2897,9.831,6.054,0.004,0.007,6.065,1.624,10.20,27.75,24.75,20.75,4.1572,10.3931,2.349,NO
2898,9.309,5.734,0.004,0.007,5.744,1.624,10.20,26.30,23.30,19.30,4.0056,10.0141,2.390,NO
2899,9.092,5.600,0.004,0.007,5.611,1.624,10.20,24.75,21.75,17.75,2.6284,9.8563,2.409,NO
2900,8.865,5.461,0.004,0.007,5.471,1.623,10.20,23.20,20.20,16.20,2.5844,9.6914,2.429,NO
2901,8.431,5.193,0.004,0.007,5.204,1.623,10.20,21.75,18.75,14.75,2.5001,9.3755,2.471,NO
2902,8.119,5.002,0.004,0.007,5.012,1.623,10.20,20.51,17.51,13.51,2.4398,9.1493,2.504,NO
2903,8.021,4.941,0.004,0.007,4.952,1.623,10.20,19.55,16.55,12.55,1.6945,9.0776,2.515,NO
2904,7.832,4.826,0.004,0.007,4.836,1.623,10.20,18.95,15.95,11.95,1.6690,8.9409,2.537,NO
2905,7.684,4.734,0.004,0.007,4.745,1.623,10.20,18.90,15.90,11.90,1.6488,8.8329,2.555,NO
2906,7.453,4.593,0.004,0.007,4.603,1.623,10.20,19.10,16.10,12.10,1.6175,8.6654,2.584,NO
2907,7.919,4.880,0.004,0.007,4.890,1.623,10.20,19.70,16.70,12.70,1.6807,9.0040,2.527,NO
2908,7.964,4.908,0.004,0.007,4.919,1.623,10.20,20.66,17.66,13.66,1.6869,9.0371,2.522,NO
2909,8.135,5.014,0.004,0.007,5.024,1.623,10.20,21.90,18.90,14.90,1.7102,9.1615,2.503,NO
2910,8.916,5.496,0.004,0.007,5.506,1.622,10.20,23.35,20.35,16.35,1.8163,9.7301,2.425,NO
2911,8.800,5.424,0.004,0.007,5.435,1.622,10.20,24.90,21.90,17.90,2.5722,9.6458,2.436,NO
2912,9.493,5.852,0.004,0.007,5.863,1.622,10.20,26.45,23.45,19.45,2.7067,10.1501,2.376,NO
2913,9.334,5.754,0.004,0.007,5.765,1.622,10.20,27.90,24.90,20.90,2.6759,10.0344,2.389,NO
2914,10.233,6.309,0.004,0.007,6.320,1.622,10.20,29.14,26.14,22.14,2.8504,10.6888,2.321,NO
2915,9.971,6.148,0.004,0.007,6.158,1.622,10.20,30.10,27.10,23.10,2.7995,10.4980,2.340,NO
2916,10.211,6.296,0.004,0.007,6.307,1.622,10.20,30.70,27.70,23.70,2.8462,10.6732,2.323,NO
2917,10.239,6.314,0.004,0.007,6.325,1.622,10.20,30.90,27.90,23.90,4.2775,10.6937,2.321,NO
2918,10.578,6.523,0.004,0.008,6.536,1.622,10.21,30.70,27.70,23.70,4.3766,10.9414,2.298,NO
2919,9.952,6.137,0.004,0.007,6.148,1.621,10.20,30.10,27.10,23.10,4.1939,10.4847,2.341,NO
2920,9.965,6.146,0.004,0.007,6.156,1.621,10.20,29.14,26.14,22.14,4.1978,10.4946,2.340,NO
2921,9.950,6.137,0.004,0.007,6.148,1.621,10.20,27.90,24.90,20.90,4.1935,10.4837,2.342,NO
2922,9.567,5.902,0.004,0.007,5.912,1.621,10.20,26.45,23.45,19.45,4.0823,10.2057,2.371,NO
2923,8.962,5.528,0.004,0.007,5.539,1.621,10.20,24.90,21.90,17.90,2.6041,9.7653,2.421,NO
2924,8.740,5.392,0.004,0.007,5.403,1.621,10.20,23.35,20.35,16.35,2.5612,9.6044,2.442,NO
2925,8.237,5.082,0.004,0.007,5.093,1.621,10.20,21.90,18.90,14.90,2.4636,9.2386,2.492,NO
2926,8.081,4.986,0.004,0.007,4.996,1.621,10.20,20.66,17.66,13.66,2.4333,9.1248,2.509,NO
2927,7.700,4.751,0.004,0.007,4.762,1.621,10.20,19.70,16.70,12.70,1.6516,8.8480,2.553,NO
2928,7.706,4.755,0.004,0.007,4.766,1.621,10.20,19.10,16.10,12.10,1.6525,8.8526,2.553,NO
2929,7.735,4.773,0.004,0.007,4.784,1.620,10.20,19.05,16.05,12.05,1.6564,8.8735,2.549,NO
2930,7.550,4.659,0.004,0.007,4.670,1.620,10.20,19.25,16.25,12.25,1.6313,8.7389,2.572,NO
2931,7.576,4.676,0.004,0.007,4.686,1.620,10.20,19.85,16.85,12.85,1.6348,8.7580,2.569,NO
2932,8.333,5.144,0.004,0.007,5.154,1.620,10.20,20.81,17.81,13.81,1.7378,9.3094,2.483,NO
2933,8.615,5.318,0.004,0.007,5.328,1.620,10.20,22.05,19.05,15.05,1.7760,9.5142,2.454,NO
2934,8.439,5.209,0.004,0.007,5.220,1.620,10.20,23.50,20.50,16.50,1.7521,9.3864,2.472,NO
2935,9.146,5.647,0.004,0.007,5.657,1.620,10.20,25.05,22.05,18.05,2.6404,9.9015,2.406,NO
2936,9.055,5.591,0.004,0.007,5.601,1.620,10.20,26.60,23.60,19.60,2.6228,9.8356,2.414,NO
2937,9.344,5.769,0.004,0.007,5.780,1.620,10.20,28.05,25.05,21.05,2.6788,10.0455,2.389,NO
2938,9.875,6.098,0.004,0.007,6.108,1.619,10.20,29.29,26.29,22.29,2.7820,10.4326,2.348,NO
2939,10.158,6.272,0.004,0.007,6.284,1.619,10.20,30.25,27.25,23.25,2.8369,10.6385,2.327,NO
2940,10.385,6.413,0.004,0.008,6.425,1.619,10.21,30.85,27.85,23.85,2.8811,10.8042,2.312,NO
2941,10.439,6.447,0.004,0.008,6.459,1.619,10.21,31.05,28.05,24.05,4.3376,10.8440,2.308,NO
2942,10.313,6.370,0.004,0.008,6.381,1.619,10.21,30.85,27.85,23.85,4.3009,10.7523,2.317,NO
2943,10.238,6.324,0.004,0.007,6.335,1.619,10.20,30.25,27.25,23.25,4.2791,10.6976,2.322,NO
2944,10.261,6.339,0.004,0.007,6.350,1.619,10.21,29.29,26.29,22.29,4.2860,10.7151,2.321,NO
2945,9.982,6.166,0.004,0.007,6.177,1.619,10.20,28.05,25.05,21.05,4.2045,10.5113,2.340,NO
2946,9.392,5.803,0.004,0.007,5.813,1.619,10.20,26.60,23.60,19.60,4.0330,10.0825,2.386,NO
2947,9.176,5.669,0.004,0.007,5.680,1.619,10.20,25.05,22.05,18.05,2.6467,9.9253,2.404,NO
2948,8.948,5.529,0.004,0.007,5.539,1.618,10.20,23.50,20.50,16.50,2.6025,9.7594,2.424,NO
2949,8.653,5.347,0.004,0.007,5.358,1.618,10.20,22.05,19.05,15.05,2.5453,9.5449,2.451,NO
2950,7.752,4.790,0.004,0.007,4.801,1.618,10.20,20.81,17.81,13.81,2.3704,8.8889,2.548,NO
2951,7.565,4.675,0.004,0.007,4.685,1.618,10.20,19.85,16.85,12.85,1.6338,8.7525,2.571,NO
2952,7.995,4.941,0.004,0.007,4.952,1.618,10.20,19.25,16.25,12.25,1.6924,9.0663,2.520,NO
2953,7.619,4.709,0.004,0.007,4.720,1.618,10.20,19.20,16.20,12.20,1.6413,8.7927,2.564,NO
2954,7.411,4.581,0.004,0.007,4.592,1.618,10.20,19.40,16.40,12.40,1.6130,8.6412,2.591,NO
2955,7.789,4.815,0.004,0.007,4.825,1.618,10.20,20.00,17.00,13.00,1.6644,8.9165,2.544,NO
2956,8.284,5.121,0.004,0.007,5.132,1.618,10.20,20.95,17.95,13.95,1.7318,9.2773,2.489,NO
2957,8.635,5.339,0.004,0.007,5.349,1.617,10.20,22.20,19.20,15.20,1.7795,9.5329,2.453,NO
2958,8.948,5.532,0.004,0.007,5.543,1.617,10.20,23.64,20.64,16.64,1.8221,9.7611,2.424,NO
2959,8.770,5.422,0.004,0.007,5.433,1.617,10.20,25.20,22.20,18.20,2.5683,9.6312,2.441,NO
2960,9.321,5.764,0.004,0.007,5.774,1.617,10.20,26.75,23.75,19.75,2.6755,10.0330,2.392,NO
2961,9.674,5.982,0.004,0.007,5.993,1.617,10.20,28.20,25.20,21.20,2.7440,10.2899,2.364,NO
2962,9.685,5.989,0.004,0.007,6.000,1.617,10.20,29.44,26.44,22.44,2.7461,10.2980,2.363,NO
2963,10.242,6.334,0.004,0.007,6.346,1.617,10.20,30.39,27.39,23.39,2.8544,10.7042,2.323,NO
2964,10.191,6.303,0.004,0.007,6.314,1.617,10.20,30.99,27.99,23.99,2.8446,10.6674,2.326,NO
2965,10.466,6.474,0.004,0.008,6.486,1.617,10.21,31.20,28.20,24.20,4.3473,10.8682,2.308,NO
2966,10.470,6.477,0.004,0.008,6.489,1.617,10.21,30.99,27.99,23.99,4.3486,10.8714,2.307,NO
2967,9.871,6.106,0.004,0.007,6.117,1.616,10.20,30.39,27.39,23.39,4.1738,10.4345,2.349,NO
2968,10.227,6.327,0.004,0.007,6.339,1.616,10.20,29.44,26.44,22.44,4.2779,10.6947,2.324,NO
2969,9.327,5.771,0.004,0.007,5.781,1.616,10.20,28.20,25.20,21.20,4.0155,10.0388,2.392,NO
2970,9.111,5.638,0.004,0.007,5.648,1.616,10.20,26.75,23.75,19.75,3.9527,9.8818,2.410,NO
2971,8.776,5.431,0.004,0.007,5.441,1.616,10.20,25.20,22.20,18.20,2.5701,9.6379,2.440,NO
2972,8.467,5.240,0.004,0.007,5.250,1.616,10.20,23.64,20.64,16.64,2.5100,9.4126,2.470,NO
2973,8.099,5.012,0.004,0.007,5.023,1.616,10.20,22.20,19.20,15.20,2.4386,9.1449,2.509,NO
2974,7.798,4.826,0.004,0.007,4.837,1.616,10.20,20.95,17.95,13.95,2.3802,8.9259,2.544,NO
2975,8.055,4.986,0.004,0.007,4.996,1.616,10.20,20.00,17.00,13.00,1.7011,9.1131,2.514,NO
2976,7.598,4.703,0.004,0.007,4.714,1.616,10.20,19.40,16.40,12.40,1.6389,8.7801,2.568,NO
2977,6.327,3.917,0.004,0.007,3.927,1.615,10.20,19.34,16.34,12.34,1.4662,7.8544,2.759,NO
2978,6.616,4.096,0.004,0.007,4.107,1.615,10.20,19.55,16.55,12.55,1.5055,8.0652,2.709,NO
2979,6.545,4.052,0.004,0.007,4.063,1.615,10.20,20.15,17.15,13.15,1.4959,8.0135,2.721,NO
2980,6.757,4.184,0.004,0.007,4.195,1.615,10.20,21.10,18.10,14.10,1.5248,8.1684,2.686,NO
2981,6.821,4.224,0.004,0.007,4.234,1.615,10.20,22.34,19.34,15.34,1.5335,8.2151,2.676,NO
2982,7.560,4.681,0.004,0.007,4.692,1.615,10.20,23.79,20.79,16.79,1.6339,8.7532,2.573,NO
2983,7.915,4.902,0.004,0.007,4.912,1.615,10.20,25.34,22.34,18.34,2.4033,9.0123,2.530,NO
2984,8.112,5.024,0.004,0.007,5.034,1.615,10.20,26.90,23.90,19.90,2.4415,9.1558,2.508,NO
2985,8.614,5.335,0.004,0.007,5.346,1.615,10.20,28.34,25.34,21.34,2.5392,9.5221,2.456,NO
2986,8.296,5.139,0.004,0.007,5.149,1.614,10.20,29.59,26.59,22.59,2.4774,9.2904,2.489,NO
2987,8.761,5.427,0.004,0.007,5.438,1.614,10.20,30.54,27.54,23.54,2.5678,9.6294,2.442,NO
2988,9.233,5.719,0.004,0.007,5.730,1.614,10.20,31.14,28.14,24.14,2.6595,9.9732,2.400,NO
2989,9.285,5.752,0.004,0.007,5.763,1.614,10.20,31.34,28.34,24.34,2.6697,10.0115,2.396,NO
2990,9.068,5.618,0.004,0.007,5.629,1.614,10.20,31.14,28.14,24.14,2.6277,9.8539,2.415,NO
2991,8.571,5.311,0.004,0.007,5.321,1.614,10.20,30.54,27.54,23.54,2.5310,9.4914,2.461,NO
2992,8.336,5.165,0.004,0.007,5.176,1.614,10.20,29.59,26.59,22.59,2.4854,9.3203,2.485,NO
2993,8.019,4.969,0.004,0.007,4.980,1.614,10.20,28.34,25.34,21.34,2.4239,9.0894,2.519,NO
2994,8.044,4.985,0.004,0.007,4.996,1.614,10.20,26.90,23.90,19.90,2.4288,9.1079,2.516,NO
2995,7.933,4.917,0.004,0.007,4.927,1.614,10.20,25.34,22.34,18.34,2.4072,9.0270,2.529,NO
2996,7.288,4.517,0.004,0.007,4.528,1.613,10.20,23.79,20.79,16.79,2.2819,8.5569,2.609,NO
2997,7.144,4.428,0.004,0.007,4.439,1.613,10.20,22.34,19.34,15.34,2.2539,8.4523,2.629,NO
2998,6.525,4.044,0.004,0.007,4.055,1.613,10.20,21.10,18.10,14.10,2.1336,8.0009,2.725,NO
2999,6.769,4.196,0.004,0.007,4.207,1.613,10.20,20.15,17.15,13.15,1.5268,8.1793,2.685,NO
3000,6.327,3.922,0.004,0.007,3.933,1.613,10.20,19.55,16.55,12.55,1.4666,7.8570,2.760,NO
3001,6.458,4.004,0.004,0.007,4.015,1.613,10.20,19.49,16.49,12.49,1.4845,7.9528,2.737,NO
3002,6.327,3.923,0.004,0.007,3.934,1.613,10.20,19.69,16.69,12.69,1.4667,7.8573,2.760,NO
3003,6.503,4.032,0.004,0.007,4.043,1.613,10.20,20.29,17.29,13.29,1.4907,7.9857,2.729,NO
3004,6.996,4.338,0.004,0.007,4.349,1.613,10.20,21.25,18.25,14.25,1.5578,8.3454,2.651,NO
3005,6.829,4.235,0.004,0.007,4.245,1.612,10.20,22.49,19.49,15.49,1.5350,8.2233,2.676,NO
3006,7.072,4.386,0.004,0.007,4.397,1.612,10.20,23.94,20.94,16.94,1.5682,8.4009,2.640,NO
3007,7.731,4.795,0.004,0.007,4.806,1.612,10.20,25.49,22.49,18.49,2.3684,8.8815,2.553,NO
3008,8.169,5.067,0.004,0.007,5.078,1.612,10.20,27.04,24.04,20.04,2.4536,9.2011,2.503,NO
3009,8.007,4.967,0.004,0.007,4.978,1.612,10.20,28.49,25.49,21.49,2.4222,9.0832,2.521,NO
3010,8.697,5.395,0.004,0.007,5.406,1.612,10.20,29.73,26.73,22.73,2.5563,9.5863,2.449,NO
3011,8.963,5.561,0.004,0.007,5.571,1.612,10.20,30.68,27.68,23.68,2.6081,9.7805,2.425,NO
3012,8.626,5.352,0.004,0.007,5.363,1.612,10.20,31.28,28.28,24.28,2.5427,9.5350,2.456,NO
3013,8.936,5.545,0.004,0.007,5.555,1.612,10.20,31.49,28.49,24.49,2.6030,9.7613,2.427,NO
3014,8.847,5.490,0.004,0.007,5.501,1.612,10.20,31.28,28.28,24.28,2.5858,9.6966,2.436,NO
3015,9.046,5.614,0.004,0.007,5.624,1.611,10.20,30.68,27.68,23.68,2.6245,9.8418,2.418,NO
3016,8.575,5.322,0.004,0.007,5.332,1.611,10.20,29.73,26.73,22.73,2.5329,9.4982,2.462,NO
3017,8.044,4.992,0.004,0.007,5.003,1.611,10.20,28.49,25.49,21.49,2.4296,9.1109,2.517,NO
3018,8.086,5.019,0.004,0.007,5.030,1.611,10.20,27.04,24.04,20.04,2.4379,9.1422,2.512,NO
3019,7.787,4.834,0.004,0.007,4.844,1.611,10.20,25.49,22.49,18.49,2.3798,8.9243,2.547,NO
3020,7.211,4.476,0.004,0.007,4.487,1.611,10.20,23.94,20.94,16.94,2.2678,8.5041,2.621,NO
3021,6.741,4.185,0.004,0.007,4.195,1.611,10.20,22.49,19.49,15.49,2.1763,8.1613,2.690,NO
3022,6.855,4.256,0.004,0.007,4.267,1.611,10.20,21.25,18.25,14.25,2.1986,8.2449,2.673,NO
3023,6.528,4.053,0.004,0.007,4.064,1.611,10.20,20.29,17.29,13.29,1.4945,8.0060,2.726,NO
3024,6.588,4.091,0.004,0.007,4.101,1.611,10.20,19.69,16.69,12.69,1.5027,8.0503,2.715,NO
3025,7.614,4.728,0.004,0.007,4.739,1.610,10.20,19.63,16.63,12.63,1.6424,8.7987,2.568,NO
3026,7.679,4.769,0.004,0.007,4.779,1.610,10.20,19.84,16.84,12.84,1.6513,8.8464,2.560,NO
3027,7.675,4.766,0.004,0.007,4.777,1.610,10.20,20.44,17.44,13.44,1.6507,8.8431,2.561,NO
3028,8.107,5.035,0.004,0.007,5.046,1.610,10.20,21.39,18.39,14.39,1.7096,9.1587,2.511,NO
3029,8.211,5.100,0.004,0.007,5.111,1.610,10.20,22.63,19.63,15.63,1.7238,9.2348,2.499,NO
3030,8.380,5.205,0.004,0.007,5.216,1.610,10.20,24.08,21.08,17.08,1.7469,9.3583,2.482,NO
3031,8.964,5.568,0.004,0.007,5.579,1.610,10.20,25.63,22.63,18.63,2.6091,9.7842,2.426,NO
3032,9.066,5.632,0.004,0.007,5.643,1.610,10.20,27.18,24.18,20.18,2.6290,9.8589,2.417,NO
3033,9.948,6.180,0.004,0.007,6.191,1.610,10.20,28.63,25.63,21.63,2.8006,10.5023,2.346,NO
3034,9.785,6.080,0.004,0.007,6.091,1.609,10.20,29.87,26.87,22.87,2.7691,10.3841,2.358,NO
3035,10.012,6.221,0.004,0.007,6.232,1.609,10.20,30.83,27.83,23.83,2.8132,10.5495,2.342,NO
3036,9.987,6.206,0.004,0.007,6.217,1.609,10.20,31.43,28.43,24.43,2.8085,10.5319,2.343,NO
3037,10.179,6.325,0.004,0.007,6.337,1.609,10.20,31.63,28.63,24.63,4.2687,10.6718,2.330,NO
3038,10.565,6.566,0.004,0.008,6.579,1.609,10.21,31.43,28.43,24.43,4.3818,10.9546,2.304,NO
3039,10.257,6.375,0.004,0.007,6.386,1.609,10.21,30.83,27.83,23.83,4.2917,10.7293,2.325,NO
3040,10.149,6.308,0.004,0.007,6.320,1.609,10.20,29.87,26.87,22.87,4.2604,10.6510,2.332,NO
3041,9.755,6.064,0.004,0.007,6.074,1.609,10.20,28.63,25.63,21.63,4.1453,10.3633,2.361,NO
3042,9.238,5.743,0.004,0.007,5.753,1.609,10.20,27.18,24.18,20.18,3.9945,9.9861,2.402,NO
3043,9.043,5.622,0.004,0.007,5.632,1.609,10.20,25.63,22.63,18.63,2.6250,9.8437,2.419,NO
3044,8.770,5.453,0.004,0.007,5.463,1.608,10.20,24.08,21.08,17.08,2.5720,9.6451,2.444,NO
3045,8.633,5.368,0.004,0.007,5.378,1.608,10.20,22.63,19.63,15.63,2.5454,9.5452,2.457,NO
3046,7.820,4.862,0.004,0.007,4.873,1.608,10.20,21.39,18.39,14.39,2.3871,8.9517,2.544,NO
3047,7.647,4.755,0.004,0.007,4.766,1.608,10.20,20.44,17.44,13.44,1.6475,8.8259,2.565,NO
3048,7.674,4.773,0.004,0.007,4.783,1.608,10.20,19.84,16.84,12.84,1.6512,8.8459,2.561,NO
3049,7.430,4.621,0.004,0.007,4.632,1.608,10.20,19.77,16.77,12.77,1.6180,8.6677,2.592,NO
3050,7.975,4.960,0.004,0.007,4.971,1.608,10.20,19.98,16.98,12.98,1.6923,9.0657,2.526,NO
3051,8.099,5.037,0.004,0.007,5.048,1.608,10.20,20.58,17.58,13.58,1.7091,9.1560,2.512,NO
3052,8.260,5.138,0.004,0.007,5.149,1.608,10.20,21.53,18.53,14.53,1.7311,9.2738,2.495,NO
3053,8.082,5.028,0.004,0.007,5.039,1.608,10.20,22.77,19.77,15.77,1.7070,9.1445,2.514,NO
3054,8.609,5.356,0.004,0.007,5.366,1.607,10.20,24.22,21.22,17.22,1.7787,9.5287,2.460,NO
3055,8.847,5.504,0.004,0.007,5.515,1.607,10.20,25.77,22.77,18.77,2.5875,9.7029,2.437,NO
3056,9.249,5.755,0.004,0.007,5.765,1.607,10.20,27.33,24.33,20.33,2.6657,9.9962,2.402,NO
3057,9.837,6.121,0.004,0.007,6.131,1.607,10.20,28.77,25.77,21.77,2.7801,10.4255,2.355,NO
3058,9.655,6.008,0.004,0.007,6.019,1.607,10.20,30.02,27.02,23.02,2.7448,10.2931,2.369,NO
3059,10.276,6.395,0.004,0.008,6.407,1.607,10.21,30.97,27.97,23.97,2.8660,10.7474,2.324,NO
3060,10.427,6.489,0.004,0.008,6.501,1.607,10.21,31.57,28.57,24.57,2.8954,10.8578,2.314,NO
3061,10.394,6.469,0.004,0.008,6.481,1.607,10.21,31.77,28.77,24.77,4.3336,10.8339,2.316,NO
3062,10.084,6.277,0.004,0.007,6.287,1.607,10.20,31.57,28.57,24.57,4.2428,10.6071,2.338,NO
3063,10.362,6.450,0.004,0.008,6.462,1.606,10.21,30.97,27.97,23.97,4.3244,10.8110,2.318,NO
3064,9.753,6.072,0.004,0.007,6.082,1.606,10.20,30.02,27.02,23.02,4.1464,10.3660,2.362,NO
3065,9.511,5.921,0.004,0.007,5.932,1.606,10.20,28.77,25.77,21.77,4.0757,10.1894,2.381,NO
3066,9.014,5.612,0.004,0.007,5.623,1.606,10.20,27.33,24.33,20.33,3.9308,9.8269,2.423,NO
3067,8.900,5.541,0.004,0.007,5.552,1.606,10.20,25.77,22.77,18.77,2.5983,9.7435,2.433,NO
3068,8.691,5.412,0.004,0.007,5.422,1.606,10.20,24.22,21.22,17.22,2.5576,9.5909,2.452,NO
3069,8.326,5.185,0.004,0.007,5.196,1.606,10.20,22.77,19.77,15.77,2.4866,9.3249,2.489,NO
3070,8.049,5.013,0.004,0.007,5.023,1.606,10.20,21.53,18.53,14.53,2.4327,9.1225,2.519,NO
3071,7.571,4.715,0.004,0.007,4.726,1.606,10.20,20.58,17.58,13.58,1.6377,8.7733,2.575,NO
3072,7.808,4.863,0.004,0.007,4.874,1.606,10.20,19.98,16.98,12.98,1.6701,8.9470,2.546,NO
3073,7.524,4.686,0.004,0.007,4.697,1.605,10.20,19.91,16.91,12.91,1.6314,8.7395,2.581,NO
3074,7.451,4.641,0.004,0.007,4.652,1.605,10.20,20.12,17.12,13.12,1.6215,8.6864,2.591,NO
3075,7.942,4.948,0.004,0.007,4.958,1.605,10.20,20.72,17.72,13.72,1.6884,9.0451,2.531,NO
3076,7.778,4.845,0.004,0.007,4.856,1.605,10.20,21.67,18.67,14.67,1.6660,8.9252,2.550,NO
3077,8.454,5.267,0.004,0.007,5.278,1.605,10.20,22.91,19.91,15.91,1.7583,9.4194,2.476,NO
3078,8.320,5.184,0.004,0.007,5.195,1.605,10.20,24.36,21.36,17.36,1.7401,9.3220,2.490,NO
3079,9.180,5.720,0.004,0.007,5.731,1.605,10.20,25.91,22.91,18.91,2.6533,9.9498,2.409,NO
3080,9.375,5.842,0.004,0.007,5.853,1.605,10.20,27.47,24.47,20.47,2.6913,10.0922,2.392,NO
3081,9.555,5.954,0.004,0.007,5.965,1.605,10.20,28.91,25.91,21.91,2.7264,10.2239,2.378,NO
3082,10.226,6.373,0.004,0.007,6.384,1.605,10.20,30.16,27.16,23.16,2.8572,10.7146,2.328,NO
3083,9.965,6.211,0.004,0.007,6.222,1.604,10.20,31.11,28.11,24.11,2.8064,10.5241,2.347,NO
3084,10.281,6.408,0.004,0.008,6.420,1.604,10.21,31.71,28.71,24.71,2.8681,10.7554,2.325,NO
3085,10.463,6.522,0.004,0.008,6.535,1.604,10.21,31.91,28.91,24.91,4.3556,10.8890,2.313,NO
3086,10.425,6.499,0.004,0.008,6.511,1.604,10.21,31.71,28.71,24.71,4.3446,10.8614,2.315,NO
3087,10.208,6.364,0.004,0.007,6.375,1.604,10.20,31.11,28.11,24.11,4.2810,10.7025,2.330,NO
3088,10.072,6.280,0.004,0.007,6.290,1.604,10.20,30.16,27.16,23.16,4.2412,10.6030,2.339,NO
3089,9.483,5.913,0.004,0.007,5.923,1.604,10.20,28.91,25.91,21.91,4.0691,10.1728,2.384,NO
3090,9.179,5.724,0.004,0.007,5.734,1.604,10.20,27.47,24.47,20.47,3.9804,9.9509,2.409,NO
3091,8.751,5.457,0.004,0.007,5.468,1.604,10.20,25.91,22.91,18.91,2.5702,9.6383,2.448,NO
3092,8.437,5.261,0.004,0.007,5.272,1.603,10.20,24.36,21.36,17.36,2.5091,9.4090,2.478,NO
3093,8.477,5.287,0.004,0.007,5.298,1.603,10.20,22.91,19.91,15.91,2.5170,9.4387,2.474,NO
3094,8.323,5.192,0.004,0.007,5.202,1.603,10.20,21.67,18.67,14.67,2.4871,9.3266,2.490,NO
3095,7.861,4.904,0.004,0.007,4.914,1.603,10.20,20.72,17.72,13.72,1.6780,8.9891,2.541,NO
3096,7.603,4.742,0.004,0.007,4.753,1.603,10.20,20.12,17.12,13.12,1.6427,8.8001,2.572,NO
3097,7.593,4.737,0.004,0.007,4.748,1.603,10.20,20.05,17.05,13.05,1.6415,8.7935,2.573,NO
3098,7.576,4.726,0.004,0.007,4.737,1.603,10.20,20.26,17.26,13.26,1.6390,8.7806,2.576,NO
3099,7.958,4.965,0.004,0.007,4.976,1.603,10.20,20.85,17.85,13.85,1.6912,9.0599,2.530,NO
3100,7.853,4.900,0.004,0.007,4.911,1.603,10.20,21.81,18.81,14.81,1.6769,8.9836,2.542,NO
3101,8.322,5.193,0.004,0.007,5.203,1.603,10.20,23.05,20.05,16.05,1.7409,9.3263,2.490,NO
3102,8.686,5.421,0.004,0.007,5.431,1.602,10.20,24.50,21.50,17.50,1.7907,9.5929,2.454,NO
3103,8.794,5.488,0.004,0.007,5.499,1.602,10.20,26.05,23.05,19.05,2.5791,9.6717,2.444,NO
3104,9.604,5.994,0.004,0.007,6.005,1.602,10.20,27.60,24.60,20.60,2.7370,10.2636,2.375,NO
3105,9.435,5.889,0.004,0.007,5.900,1.602,10.20,29.05,26.05,22.05,2.7041,10.1404,2.388,NO
3106,9.682,6.043,0.004,0.007,6.054,1.602,10.20,30.29,27.29,23.29,2.7523,10.3212,2.369,NO
3107,9.870,6.161,0.004,0.007,6.172,1.602,10.20,31.25,28.25,24.25,2.7891,10.4591,2.355,NO
3108,10.497,6.553,0.004,0.008,6.566,1.602,10.21,31.85,28.85,24.85,2.9116,10.9184,2.311,NO
3109,10.177,6.354,0.004,0.007,6.365,1.602,10.20,32.05,29.05,25.05,4.2736,10.6839,2.333,NO
3110,10.196,6.366,0.004,0.007,6.377,1.602,10.20,31.85,28.85,24.85,4.2792,10.6981,2.332,NO
3111,10.358,6.467,0.004,0.008,6.479,1.602,10.21,31.25,28.25,24.25,4.3267,10.8167,2.321,NO
3112,9.690,6.051,0.004,0.007,6.061,1.601,10.20,30.29,27.29,23.29,4.1312,10.3280,2.369,NO
3113,9.472,5.915,0.004,0.007,5.926,1.601,10.20,29.05,26.05,22.05,4.0676,10.1689,2.386,NO
3114,9.431,5.890,0.004,0.007,5.901,1.601,10.20,27.60,24.60,20.60,4.0557,10.1393,2.389,NO
3115,9.238,5.770,0.004,0.007,5.781,1.601,10.20,26.05,23.05,19.05,2.6663,9.9986,2.405,NO
3116,8.612,5.379,0.004,0.007,5.390,1.601,10.20,24.50,21.50,17.50,2.5441,9.5405,2.462,NO
3117,8.130,5.078,0.004,0.007,5.089,1.601,10.20,23.05,20.05,16.05,2.4503,9.1885,2.512,NO
3118,8.371,5.229,0.004,0.007,5.240,1.601,10.20,21.81,18.81,14.81,2.4974,9.3652,2.486,NO
3119,8.092,5.055,0.004,0.007,5.066,1.601,10.20,20.85,17.85,13.85,1.7100,9.1608,2.516,NO
3120,7.557,4.721,0.004,0.007,4.732,1.601,10.20,20.26,17.26,13.26,1.6371,8.7699,2.579,NO
3121,7.802,4.875,0.004,0.007,4.886,1.601,10.20,20.19,17.19,13.19,1.6706,8.9495,2.549,NO
3122,7.989,4.992,0.004,0.007,5.003,1.600,10.20,20.39,17.39,13.39,1.6962,9.0866,2.527,NO
3123,8.053,5.032,0.004,0.007,5.043,1.600,10.20,20.99,17.99,13.99,1.7048,9.1330,2.520,NO
3124,8.130,5.081,0.004,0.007,5.091,1.600,10.20,21.94,18.94,14.94,1.7154,9.1898,2.512,NO
3125,8.356,5.222,0.004,0.007,5.233,1.600,10.20,23.19,20.19,16.19,1.7463,9.3550,2.488,NO
3126,8.963,5.602,0.004,0.007,5.612,1.600,10.20,24.63,21.63,17.63,1.8291,9.7987,2.430,NO
3127,9.059,5.663,0.004,0.007,5.673,1.600,10.20,26.19,23.19,19.19,2.6319,9.8697,2.421,NO
3128,9.658,6.037,0.004,0.007,6.048,1.600,10.20,27.74,24.74,20.74,2.7486,10.3074,2.372,NO
3129,9.800,6.126,0.004,0.007,6.137,1.600,10.20,29.19,26.19,22.19,2.7764,10.4117,2.361,NO
3130,9.966,6.230,0.004,0.007,6.241,1.600,10.20,30.43,27.43,23.43,2.8088,10.5330,2.349,NO
3131,10.474,6.548,0.004,0.008,6.561,1.599,10.21,31.38,28.38,24.38,2.9082,10.9056,2.314,NO
3132,10.077,6.300,0.004,0.007,6.311,1.599,10.20,31.98,28.98,24.98,2.8306,10.6147,2.341,NO
3133,10.554,6.599,0.004,0.008,6.612,1.599,10.21,32.19,29.19,25.19,4.3859,10.9648,2.309,NO
3134,10.538,6.589,0.004,0.008,6.602,1.599,10.21,31.98,28.98,24.98,4.3811,10.9528,2.310,NO
3135,10.181,6.367,0.004,0.007,6.378,1.599,10.20,31.38,28.38,24.38,4.2765,10.6913,2.334,NO
3136,9.695,6.063,0.004,0.007,6.074,1.599,10.20,30.43,27.43,23.43,4.1345,10.3362,2.369,NO
3137,9.336,5.839,0.004,0.007,5.850,1.599,10.20,29.19,26.19,22.19,4.0294,10.0736,2.398,NO
3138,9.141,5.718,0.004,0.007,5.729,1.599,10.20,27.74,24.74,20.74,3.9726,9.9315,2.414,NO
3139,8.766,5.483,0.004,0.007,5.494,1.599,10.20,26.19,23.19,19.19,2.5753,9.6572,2.448,NO
3140,8.762,5.481,0.004,0.007,5.492,1.599,10.20,24.63,21.63,17.63,2.5745,9.6543,2.449,NO
3141,8.640,5.405,0.004,0.007,5.416,1.598,10.20,23.19,20.19,16.19,2.5507,9.5651,2.460,NO
3142,7.937,4.966,0.004,0.007,4.977,1.598,10.20,21.94,18.94,14.94,2.4136,9.0512,2.534,NO
3143,7.609,4.761,0.004,0.007,4.772,1.598,10.20,20.99,17.99,13.99,1.6448,8.8113,2.573,NO
3144,7.975,4.990,0.004,0.007,5.001,1.598,10.20,20.39,17.39,13.39,1.6948,9.0790,2.530,NO
3145,6.336,3.965,0.004,0.007,3.976,1.598,10.20,20.32,17.32,13.32,1.4710,7.8804,2.764,NO
3146,6.692,4.188,0.004,0.007,4.199,1.598,10.20,20.53,17.53,13.53,1.5196,8.1407,2.703,NO
3147,6.560,4.105,0.004,0.007,4.116,1.598,10.20,21.12,18.12,14.12,1.5016,8.0440,2.725,NO
3148,6.550,4.100,0.004,0.007,4.110,1.598,10.20,22.08,19.08,15.08,1.5003,8.0371,2.727,NO
3149,6.934,4.340,0.004,0.007,4.351,1.598,10.20,23.32,20.32,16.32,1.5528,8.3185,2.666,NO
3150,7.473,4.678,0.004,0.007,4.689,1.598,10.20,24.77,21.77,17.77,1.6264,8.7127,2.591,NO
3151,7.957,4.981,0.004,0.007,4.992,1.597,10.20,26.32,23.32,19.32,2.4179,9.0671,2.532,NO
3152,7.971,4.990,0.004,0.007,5.001,1.597,10.20,27.87,24.87,20.87,2.4206,9.0773,2.531,NO
3153,8.382,5.248,0.004,0.007,5.259,1.597,10.20,29.32,26.32,22.32,2.5009,9.3785,2.486,NO
3154,8.805,5.513,0.004,0.007,5.524,1.597,10.20,30.56,27.56,23.56,2.5834,9.6878,2.445,NO
3155,8.512,5.330,0.004,0.007,5.340,1.597,10.20,31.52,28.52,24.52,2.5262,9.4733,2.473,NO
3156,8.796,5.508,0.004,0.007,5.519,1.597,10.20,32.12,29.12,25.12,2.5817,9.6813,2.446,NO
3157,8.958,5.610,0.004,0.007,5.621,1.597,10.20,32.32,29.32,25.32,2.6135,9.8006,2.431,NO
3158,8.992,5.632,0.004,0.007,5.642,1.597,10.20,32.12,29.12,25.12,2.6201,9.8256,2.428,NO
3159,8.991,5.631,0.004,0.007,5.642,1.597,10.20,31.52,28.52,24.52,2.6200,9.8249,2.428,NO
3160,8.489,5.317,0.004,0.007,5.328,1.597,10.20,30.56,27.56,23.56,2.5221,9.4577,2.476,NO
3161,8.170,5.118,0.004,0.007,5.129,1.596,10.20,29.32,26.32,22.32,2.4599,9.2247,2.509,NO
3162,7.753,4.857,0.004,0.007,4.867,1.596,10.20,27.87,24.87,20.87,2.3784,8.9191,2.557,NO
3163,7.706,4.828,0.004,0.007,4.839,1.596,10.20,26.32,23.32,19.32,2.3694,8.8852,2.562,NO
3164,6.994,4.382,0.004,0.007,4.393,1.596,10.20,24.77,21.77,17.77,2.2304,8.3639,2.658,NO
3165,6.698,4.197,0.004,0.007,4.208,1.596,10.20,23.32,20.32,16.32,2.1727,8.1477,2.703,NO
3166,6.987,4.378,0.004,0.007,4.389,1.596,10.20,22.08,19.08,15.08,2.2291,8.3592,2.659,NO
3167,6.369,3.991,0.004,0.007,4.002,1.596,10.20,21.12,18.12,14.12,1.4759,7.9066,2.759,NO
3168,6.354,3.982,0.004,0.007,3.993,1.596,10.20,20.53,17.53,13.53,1.4739,7.8961,2.761,NO
3169,6.327,3.965,0.004,0.007,3.976,1.596,10.20,20.45,17.45,13.45,1.4703,7.8764,2.766,NO
3170,6.534,4.095,0.004,0.007,4.106,1.596,10.20,20.66,17.66,13.66,1.4986,8.0281,2.730,NO
3171,6.327,3.966,0.004,0.007,3.977,1.595,10.20,21.26,18.26,14.26,1.4703,7.8766,2.766,NO
3172,7.021,4.401,0.004,0.007,4.412,1.595,10.20,22.21,19.21,15.21,1.5652,8.3851,2.654,NO
3173,7.044,4.415,0.004,0.007,4.426,1.595,10.20,23.45,20.45,16.45,1.5683,8.4014,2.651,NO
3174,7.453,4.672,0.004,0.007,4.683,1.595,10.20,24.90,21.90,17.90,1.6242,8.7013,2.594,NO
3175,7.703,4.829,0.004,0.007,4.840,1.595,10.20,26.45,23.45,19.45,2.3692,8.8843,2.563,NO
3176,7.742,4.854,0.004,0.007,4.865,1.595,10.20,28.01,25.01,21.01,2.3768,8.9129,2.558,NO
3177,8.071,5.061,0.004,0.007,5.072,1.595,10.20,29.45,26.45,22.45,2.4411,9.1542,2.520,NO
3178,8.520,5.342,0.004,0.007,5.353,1.595,10.20,30.70,27.70,23.70,2.5287,9.4828,2.473,NO
3179,8.899,5.580,0.004,0.007,5.591,1.595,10.20,31.65,28.65,24.65,2.6028,9.7604,2.437,NO
3180,8.623,5.408,0.004,0.007,5.419,1.594,10.20,32.25,29.25,25.25,2.5491,9.5590,2.463,NO
3181,9.043,5.672,0.004,0.007,5.683,1.594,10.20,32.45,29.45,25.45,2.6311,9.8666,2.425,NO
3182,8.789,5.513,0.004,0.007,5.523,1.594,10.20,32.25,29.25,25.25,2.5815,9.6804,2.448,NO
3183,8.758,5.494,0.004,0.007,5.505,1.594,10.20,31.65,28.65,24.65,2.5755,9.6581,2.451,NO
3184,8.436,5.292,0.004,0.007,5.303,1.594,10.20,30.70,27.70,23.70,2.5126,9.4223,2.482,NO
3185,8.538,5.357,0.004,0.007,5.367,1.594,10.20,29.45,26.45,22.45,2.5327,9.4975,2.472,NO
3186,7.957,4.992,0.004,0.007,5.003,1.594,10.20,28.01,25.01,21.01,2.4192,9.0721,2.534,NO
3187,7.411,4.650,0.004,0.007,4.661,1.594,10.20,26.45,23.45,19.45,2.3126,8.6724,2.600,NO
3188,7.298,4.579,0.004,0.007,4.590,1.594,10.20,24.90,21.90,17.90,2.2906,8.5897,2.616,NO
3189,6.974,4.376,0.004,0.007,4.387,1.594,10.20,23.45,20.45,16.45,2.2273,8.3524,2.662,NO
3190,6.745,4.233,0.004,0.007,4.244,1.593,10.20,22.21,19.21,15.21,2.1827,8.1851,2.697,NO
3191,6.831,4.287,0.004,0.007,4.298,1.593,10.20,21.26,18.26,14.26,1.5396,8.2480,2.683,NO
3192,6.387,4.009,0.004,0.007,4.020,1.593,10.20,20.66,17.66,13.66,1.4790,7.9232,2.757,NO
3193,7.906,4.963,0.004,0.007,4.974,1.593,10.20,20.58,17.58,13.58,1.6867,9.0360,2.540,NO
3194,7.988,5.014,0.004,0.007,5.025,1.593,10.20,20.79,17.79,13.79,1.6979,9.0961,2.530,NO
3195,7.651,4.803,0.004,0.007,4.814,1.593,10.20,21.39,18.39,14.39,1.6519,8.8494,2.570,NO
3196,8.021,5.035,0.004,0.007,5.046,1.593,10.20,22.34,19.34,15.34,1.7024,9.1200,2.527,NO
3197,8.461,5.312,0.004,0.007,5.323,1.593,10.20,23.58,20.58,16.58,1.7627,9.4429,2.480,NO
3198,8.637,5.423,0.004,0.007,5.434,1.593,10.20,25.03,22.03,18.03,1.7868,9.5722,2.463,NO
3199,9.124,5.729,0.004,0.007,5.740,1.593,10.20,26.58,23.58,19.58,2.6476,9.9285,2.418,NO
3200,9.231,5.797,0.004,0.007,5.808,1.592,10.20,28.14,25.14,21.14,2.6686,10.0074,2.409,NO
3201,9.652,6.061,0.004,0.007,6.072,1.592,10.20,29.58,26.58,22.58,2.7508,10.3156,2.375,NO
3202,10.086,6.334,0.004,0.007,6.345,1.592,10.20,30.83,27.83,23.83,2.8358,10.6342,2.343,NO
3203,10.153,6.377,0.004,0.007,6.388,1.592,10.20,31.78,28.78,24.78,2.8490,10.6839,2.338,NO
3204,10.076,6.329,0.004,0.007,6.340,1.592,10.20,32.38,29.38,25.38,2.8340,10.6273,2.344,NO
3205,10.444,6.560,0.004,0.008,6.573,1.592,10.21,32.58,29.58,25.58,4.3589,10.8973,2.319,NO
3206,10.272,6.453,0.004,0.008,6.465,1.592,10.21,32.38,29.38,25.38,4.3087,10.7718,2.330,NO
3207,10.061,6.321,0.004,0.007,6.332,1.592,10.20,31.78,28.78,24.78,4.2468,10.6170,2.345,NO
3208,10.194,6.405,0.004,0.007,6.416,1.592,10.20,30.83,27.83,23.83,4.2859,10.7147,2.336,NO
3209,9.562,6.008,0.004,0.007,6.019,1.592,10.20,29.58,26.58,22.58,4.1005,10.2512,2.382,NO
3210,9.273,5.826,0.004,0.007,5.837,1.591,10.20,28.14,25.14,21.14,4.0158,10.0394,2.406,NO
3211,9.281,5.832,0.004,0.007,5.843,1.591,10.20,26.58,23.58,19.58,2.6790,10.0461,2.405,NO
3212,8.679,5.455,0.004,0.007,5.465,1.591,10.20,25.03,22.03,18.03,2.5614,9.6052,2.459,NO
3213,8.467,5.322,0.004,0.007,5.332,1.591,10.20,23.58,20.58,16.58,2.5200,9.4499,2.480,NO
3214,8.093,5.086,0.004,0.007,5.097,1.591,10.20,22.34,19.34,15.34,2.4468,9.1755,2.520,NO
3215,7.783,4.892,0.004,0.007,4.903,1.591,10.20,21.39,18.39,14.39,1.6704,8.9485,2.555,NO
3216,7.594,4.774,0.004,0.007,4.784,1.591,10.20,20.79,17.79,13.79,1.6446,8.8102,2.578,NO
3217,7.518,4.726,0.004,0.007,4.737,1.591,10.20,20.71,17.71,13.71,1.6343,8.7551,2.588,NO
3218,7.614,4.787,0.004,0.007,4.797,1.591,10.20,20.92,17.92,13.92,1.6473,8.8250,2.576,NO
3219,7.908,4.972,0.004,0.007,4.983,1.591,10.20,21.52,18.52,14.52,1.6876,9.0409,2.541,NO
3220,7.982,5.019,0.004,0.007,5.029,1.590,10.20,22.47,19.47,15.47,1.6977,9.0950,2.532,NO
3221,8.411,5.289,0.004,0.007,5.300,1.590,10.20,23.71,20.71,16.71,1.7565,9.4096,2.486,NO
3222,8.931,5.616,0.004,0.007,5.627,1.590,10.20,25.16,22.16,18.16,1.8277,9.7910,2.436,NO
3223,8.780,5.521,0.004,0.007,5.532,1.590,10.20,26.71,23.71,19.71,2.5814,9.6803,2.450,NO
3224,9.104,5.726,0.004,0.007,5.736,1.590,10.20,28.27,25.27,21.27,2.6449,9.9182,2.421,NO
3225,9.646,6.067,0.004,0.007,6.078,1.590,10.20,29.71,26.71,22.71,2.7509,10.3159,2.376,NO
3226,9.717,6.112,0.004,0.007,6.123,1.590,10.20,30.96,27.96,23.96,2.7648,10.3678,2.371,NO
3227,10.194,6.412,0.004,0.007,6.424,1.590,10.20,31.91,28.91,24.91,2.8582,10.7181,2.336,NO
3228,10.567,6.647,0.004,0.008,6.660,1.590,10.21,32.51,29.51,25.51,2.9312,10.9920,2.312,NO
3229,10.563,6.646,0.004,0.008,6.658,1.590,10.21,32.71,29.71,25.71,4.3959,10.9898,2.312,NO
3230,9.986,6.283,0.004,0.007,6.293,1.589,10.20,32.51,29.51,25.51,4.2262,10.5656,2.351,NO
3231,10.462,6.583,0.004,0.008,6.595,1.589,10.21,31.91,28.91,24.91,4.3664,10.9160,2.319,NO
3232,10.039,6.317,0.004,0.007,6.328,1.589,10.20,30.96,27.96,23.96,4.2421,10.6053,2.348,NO
3233,9.491,5.972,0.004,0.007,5.983,1.589,10.20,29.71,26.71,22.71,4.0814,10.2034,2.389,NO
3234,9.114,5.736,0.004,0.007,5.746,1.589,10.20,28.27,25.27,21.27,3.9709,9.9271,2.421,NO
3235,9.318,5.865,0.004,0.007,5.875,1.589,10.20,26.71,23.71,19.71,2.6872,10.0772,2.403,NO
3236,8.962,5.641,0.004,0.007,5.652,1.589,10.20,25.16,22.16,18.16,2.6177,9.8164,2.434,NO
3237,8.086,5.090,0.004,0.007,5.101,1.589,10.20,23.71,20.71,16.71,2.4464,9.1740,2.521,NO
3238,8.023,5.050,0.004,0.007,5.061,1.589,10.20,22.47,19.47,15.47,2.4341,9.1277,2.528,NO
3239,7.730,4.866,0.004,0.007,4.877,1.589,10.20,21.52,18.52,14.52,1.6638,8.9134,2.562,NO
3240,8.037,5.060,0.004,0.007,5.070,1.588,10.20,20.92,17.92,13.92,1.7058,9.1383,2.527,NO
3241,7.648,4.815,0.004,0.007,4.826,1.588,10.20,20.84,17.84,13.84,1.6526,8.8532,2.572,NO
3242,7.831,4.931,0.004,0.007,4.942,1.588,10.20,21.04,18.04,14.04,1.6777,8.9876,2.550,NO
3243,7.821,4.925,0.004,0.007,4.935,1.588,10.20,21.64,18.64,14.64,1.6763,8.9803,2.552,NO
3244,8.238,5.187,0.004,0.007,5.198,1.588,10.20,22.60,19.60,15.60,1.7334,9.2861,2.505,NO
3245,8.074,5.084,0.004,0.007,5.095,1.588,10.20,23.84,20.84,16.84,1.7110,9.1659,2.523,NO
3246,8.696,5.477,0.004,0.007,5.487,1.588,10.20,25.29,22.29,18.29,1.7962,9.6224,2.459,NO
3247,8.994,5.664,0.004,0.007,5.675,1.588,10.20,26.84,23.84,19.84,2.6243,9.8410,2.432,NO
3248,9.131,5.752,0.004,0.007,5.762,1.588,10.20,28.39,25.39,21.39,2.6512,9.9421,2.420,NO
3249,9.550,6.016,0.004,0.007,6.026,1.588,10.20,29.84,26.84,22.84,2.7331,10.2492,2.385,NO
3250,10.060,6.338,0.004,0.007,6.349,1.587,10.20,31.08,28.08,24.08,2.8331,10.6239,2.347,NO
3251,10.288,6.482,0.004,0.008,6.493,1.587,10.21,32.04,29.04,25.04,2.8778,10.7918,2.331,NO
3252,9.984,6.291,0.004,0.007,6.301,1.587,10.20,32.63,29.63,25.63,2.8183,10.5686,2.352,NO
3253,10.350,6.521,0.004,0.008,6.533,1.587,10.21,32.84,29.84,25.84,4.3349,10.8373,2.327,NO
3254,10.422,6.567,0.004,0.008,6.579,1.587,10.21,32.63,29.63,25.63,4.3562,10.8905,2.322,NO
3255,9.958,6.275,0.004,0.007,6.286,1.587,10.20,32.04,29.04,25.04,4.2200,10.5499,2.354,NO
3256,9.646,6.079,0.004,0.007,6.090,1.587,10.20,31.08,28.08,24.08,4.1285,10.3213,2.378,NO
3257,9.887,6.231,0.004,0.007,6.242,1.587,10.20,29.84,26.84,22.84,4.1991,10.4978,2.360,NO
3258,9.306,5.865,0.004,0.007,5.876,1.587,10.20,28.39,25.39,21.39,4.0288,10.0720,2.405,NO
3259,9.063,5.713,0.004,0.007,5.724,1.586,10.20,26.84,23.84,19.84,2.6385,9.8942,2.426,NO
3260,8.357,5.268,0.004,0.007,5.279,1.586,10.20,25.29,22.29,18.29,2.5002,9.3759,2.493,NO
3261,8.498,5.357,0.004,0.007,5.368,1.586,10.20,23.84,20.84,16.84,2.5278,9.4793,2.479,NO
3262,8.337,5.256,0.004,0.007,5.267,1.586,10.20,22.60,19.60,15.60,2.4964,9.3614,2.495,NO
3263,7.723,4.869,0.004,0.007,4.880,1.586,10.20,21.64,18.64,14.64,1.6635,8.9114,2.564,NO
3264,7.456,4.701,0.004,0.007,4.712,1.586,10.20,21.04,18.04,14.04,1.6269,8.7154,2.598,NO
3265,7.597,4.790,0.004,0.007,4.801,1.586,10.20,20.96,17.96,13.96,1.6463,8.8193,2.580,NO
3266,7.809,4.924,0.004,0.007,4.935,1.586,10.20,21.17,18.17,14.17,1.6753,8.9747,2.554,NO
3267,7.797,4.917,0.004,0.007,4.928,1.586,10.20,21.77,18.77,14.77,1.6737,8.9664,2.555,NO
3268,7.753,4.889,0.004,0.007,4.900,1.586,10.20,22.72,19.72,15.72,1.6676,8.9337,2.561,NO
3269,8.524,5.376,0.004,0.007,5.387,1.585,10.20,23.96,20.96,16.96,1.7734,9.5003,2.477,NO
3270,8.362,5.275,0.004,0.007,5.285,1.585,10.20,25.41,22.41,18.41,1.7512,9.3814,2.493,NO
3271,9.161,5.779,0.004,0.007,5.790,1.585,10.20,26.96,23.96,19.96,2.6581,9.9681,2.418,NO
3272,9.434,5.951,0.004,0.007,5.962,1.585,10.20,28.52,25.52,21.52,2.7115,10.1681,2.395,NO
3273,9.619,6.069,0.004,0.007,6.080,1.585,10.20,29.96,26.96,22.96,2.7479,10.3045,2.381,NO
3274,9.664,6.097,0.004,0.007,6.108,1.585,10.20,31.21,28.21,24.21,2.7566,10.3373,2.377,NO
3275,10.424,6.577,0.004,0.008,6.589,1.585,10.21,32.16,29.16,25.16,2.9056,10.8959,2.323,NO
3276,10.256,6.471,0.004,0.008,6.483,1.585,10.21,32.76,29.76,25.76,2.8727,10.7726,2.334,NO
3277,10.119,6.385,0.004,0.007,6.397,1.585,10.20,32.96,29.96,25.96,4.2688,10.6720,2.344,NO
3278,10.348,6.531,0.004,0.008,6.543,1.585,10.21,32.76,29.76,25.76,4.3364,10.8410,2.328,NO
3279,10.374,6.547,0.004,0.008,6.559,1.584,10.21,32.16,29.16,25.16,4.3440,10.8601,2.326,NO
3280,10.025,6.327,0.004,0.007,6.338,1.584,10.20,31.21,28.21,24.21,4.2414,10.6036,2.350,NO
3281,9.731,6.142,0.004,0.007,6.153,1.584,10.20,29.96,26.96,22.96,4.1552,10.3881,2.372,NO
3282,9.502,5.998,0.004,0.007,6.009,1.584,10.20,28.52,25.52,21.52,4.0880,10.2199,2.390,NO
3283,8.720,5.505,0.004,0.007,5.516,1.584,10.20,26.96,23.96,19.96,2.5723,9.6462,2.458,NO
3284,8.692,5.487,0.004,0.007,5.498,1.584,10.20,25.41,22.41,18.41,2.5668,9.6254,2.461,NO
3285,8.171,5.159,0.004,0.007,5.170,1.584,10.20,23.96,20.96,16.96,2.4649,9.2434,2.514,NO
3286,8.299,5.240,0.004,0.007,5.251,1.584,10.20,22.72,19.72,15.72,2.4899,9.3373,2.500,NO
3287,7.616,4.809,0.004,0.007,4.820,1.584,10.20,21.77,18.77,14.77,1.6495,8.8364,2.578,NO
3288,7.643,4.826,0.004,0.007,4.837,1.584,10.20,21.17,18.17,14.17,1.6531,8.8560,2.575,NO
3289,7.565,4.777,0.004,0.007,4.788,1.583,10.20,21.09,18.09,14.09,1.6425,8.7990,2.585,NO
3290,7.380,4.661,0.004,0.007,4.672,1.583,10.20,21.29,18.29,14.29,1.6172,8.6636,2.609,NO
3291,7.784,4.916,0.004,0.007,4.927,1.583,10.20,21.89,18.89,14.89,1.6725,8.9599,2.558,NO
3292,8.032,5.073,0.004,0.007,5.084,1.583,10.20,22.84,19.84,15.84,1.7066,9.1425,2.529,NO
3293,8.462,5.345,0.004,0.007,5.356,1.583,10.20,24.09,21.09,17.09,1.7655,9.4581,2.484,NO
3294,8.881,5.610,0.004,0.007,5.621,1.583,10.20,25.53,22.53,18.53,1.8230,9.7659,2.444,NO
3295,8.823,5.574,0.004,0.007,5.585,1.583,10.20,27.09,24.09,20.09,2.5930,9.7237,2.449,NO
3296,9.562,6.042,0.004,0.007,6.052,1.583,10.20,28.64,25.64,21.64,2.7378,10.2667,2.386,NO
3297,9.832,6.212,0.004,0.007,6.223,1.583,10.20,30.09,27.09,23.09,2.7905,10.4646,2.365,NO
3298,9.778,6.179,0.004,0.007,6.190,1.583,10.20,31.33,28.33,24.33,2.7802,10.4256,2.369,NO
3299,10.171,6.427,0.004,0.007,6.439,1.582,10.20,32.28,29.28,25.28,2.8572,10.7145,2.341,NO
3300,10.455,6.607,0.004,0.008,6.619,1.582,10.21,32.88,29.88,25.88,2.9129,10.9233,2.322,NO
3301,10.300,6.510,0.004,0.008,6.522,1.582,10.21,33.09,30.09,26.09,4.3239,10.8097,2.332,NO
3302,10.355,6.545,0.004,0.008,6.557,1.582,10.21,32.88,29.88,25.88,4.3403,10.8507,2.328,NO
3303,10.367,6.553,0.004,0.008,6.565,1.582,10.21,32.28,29.28,25.28,4.3438,10.8595,2.328,NO
3304,10.066,6.363,0.004,0.007,6.374,1.582,10.20,31.33,28.33,24.33,4.2553,10.6383,2.348,NO
3305,9.913,6.267,0.004,0.007,6.278,1.582,10.20,30.09,27.09,23.09,4.2103,10.5258,2.360,NO
3306,9.098,5.752,0.004,0.007,5.763,1.582,10.20,28.64,25.64,21.64,3.9710,9.9275,2.425,NO
3307,9.019,5.702,0.004,0.007,5.713,1.582,10.20,27.09,24.09,20.09,2.6319,9.8697,2.432,NO
3308,8.389,5.304,0.004,0.007,5.315,1.582,10.20,25.53,22.53,18.53,2.5085,9.4070,2.492,NO
3309,8.287,5.240,0.004,0.007,5.251,1.581,10.20,24.09,21.09,17.09,2.4885,9.3318,2.503,NO
3310,7.759,4.907,0.004,0.007,4.917,1.581,10.20,22.84,19.84,15.84,2.3852,8.9444,2.562,NO
3311,7.939,5.020,0.004,0.007,5.031,1.581,10.20,21.89,18.89,14.89,1.6943,9.0766,2.541,NO
3312,7.714,4.879,0.004,0.007,4.890,1.581,10.20,21.29,18.29,14.29,1.6635,8.9118,2.567,NO
3313,6.327,4.002,0.004,0.007,4.013,1.581,10.20,21.21,18.21,14.21,1.4733,7.8928,2.772,NO
3314,6.327,4.002,0.004,0.007,4.013,1.581,10.20,21.41,18.41,14.41,1.4733,7.8929,2.772,NO
3315,6.664,4.216,0.004,0.007,4.226,1.581,10.20,22.01,19.01,15.01,1.5196,8.1408,2.715,NO
3316,6.803,4.304,0.004,0.007,4.314,1.581,10.20,22.96,19.96,15.96,1.5387,8.2429,2.693,NO
3317,6.945,4.394,0.004,0.007,4.405,1.581,10.20,24.21,21.21,17.21,1.5582,8.3477,2.671,NO
3318,7.385,4.672,0.004,0.007,4.683,1.581,10.20,25.65,22.65,18.65,1.6186,8.6709,2.609,NO
3319,7.847,4.965,0.004,0.007,4.976,1.580,10.20,27.21,24.21,20.21,2.4028,9.0105,2.552,NO
3320,8.246,5.218,0.004,0.007,5.228,1.580,10.20,28.76,25.76,21.76,2.4809,9.3033,2.507,NO
3321,8.145,5.154,0.004,0.007,5.165,1.580,10.20,30.21,27.21,23.21,2.4612,9.2296,2.518,NO
3322,8.475,5.363,0.004,0.007,5.374,1.580,10.20,31.45,28.45,24.45,2.5259,9.4722,2.484,NO
3323,8.643,5.470,0.004,0.007,5.481,1.580,10.20,32.40,29.40,25.40,2.5589,9.5959,2.467,NO
3324,9.183,5.812,0.004,0.007,5.823,1.580,10.20,33.00,30.00,26.00,2.6648,9.9928,2.418,NO
3325,8.822,5.584,0.004,0.007,5.595,1.580,10.20,33.21,30.21,26.21,2.5941,9.7279,2.450,NO
3326,9.187,5.815,0.004,0.007,5.826,1.580,10.20,33.00,30.00,26.00,2.6655,9.9957,2.418,NO
3327,8.536,5.403,0.004,0.007,5.414,1.580,10.20,32.40,29.40,25.40,2.5380,9.5175,2.478,NO
3328,8.358,5.291,0.004,0.007,5.302,1.580,10.20,31.45,28.45,24.45,2.5032,9.3869,2.496,NO
3329,8.068,5.108,0.004,0.007,5.119,1.579,10.20,30.21,27.21,23.21,2.4464,9.1738,2.527,NO
3330,8.100,5.129,0.004,0.007,5.140,1.579,10.20,28.76,25.76,21.76,2.4528,9.1980,2.523,NO
3331,7.934,5.024,0.004,0.007,5.035,1.579,10.20,27.21,24.21,20.21,2.4203,9.0761,2.542,NO
3332,7.398,4.685,0.004,0.007,4.696,1.579,10.20,25.65,22.65,18.65,2.3153,8.6822,2.608,NO
3333,6.756,4.279,0.004,0.007,4.290,1.579,10.20,24.21,21.21,17.21,2.1895,8.2106,2.701,NO
3334,6.779,4.293,0.004,0.007,4.304,1.579,10.20,22.96,19.96,15.96,2.1940,8.2275,2.697,NO
3335,6.382,4.042,0.004,0.007,4.053,1.579,10.20,22.01,19.01,15.01,1.4813,7.9354,2.763,NO
3336,6.327,4.008,0.004,0.007,4.018,1.579,10.20,21.41,18.41,14.41,1.4738,7.8955,2.773,NO
3337,6.327,4.008,0.004,0.007,4.019,1.579,10.20,21.32,18.32,14.32,1.4738,7.8956,2.773,NO
3338,6.494,4.114,0.004,0.007,4.125,1.579,10.20,21.53,18.53,14.53,1.4968,8.0187,2.744,NO
3339,6.418,4.066,0.004,0.007,4.077,1.578,10.20,22.13,19.13,15.13,1.4864,7.9626,2.757,NO
3340,6.504,4.121,0.004,0.007,4.132,1.578,10.20,23.08,20.08,16.08,1.4982,8.0262,2.742,NO
3341,7.193,4.557,0.004,0.007,4.568,1.578,10.20,24.32,21.32,17.32,1.5927,8.5325,2.636,NO
3342,7.243,4.589,0.004,0.007,4.600,1.578,10.20,25.77,22.77,18.77,1.5996,8.5692,2.629,NO
3343,7.900,5.006,0.004,0.007,5.017,1.578,10.20,27.32,24.32,20.32,2.4140,9.0524,2.547,NO
3344,8.117,5.144,0.004,0.007,5.155,1.578,10.20,28.88,25.88,21.88,2.4566,9.2122,2.522,NO
3345,8.359,5.298,0.004,0.007,5.308,1.578,10.20,30.32,27.32,23.32,2.5041,9.3903,2.496,NO
3346,8.829,5.596,0.004,0.007,5.607,1.578,10.20,31.57,28.57,24.57,2.5963,9.7361,2.451,NO
3347,8.631,5.470,0.004,0.007,5.481,1.578,10.20,32.52,29.52,25.52,2.5574,9.5904,2.469,NO
3348,8.807,5.582,0.004,0.007,5.593,1.578,10.20,33.12,30.12,26.12,2.5920,9.7200,2.453,NO
3349,9.014,5.714,0.004,0.007,5.725,1.577,10.20,33.32,30.32,26.32,2.6328,9.8728,2.434,NO
3350,9.193,5.828,0.004,0.007,5.839,1.577,10.20,33.12,30.12,26.12,2.6679,10.0047,2.418,NO
3351,8.648,5.483,0.004,0.007,5.494,1.577,10.20,32.52,29.52,25.52,2.5611,9.6040,2.468,NO
3352,8.422,5.340,0.004,0.007,5.351,1.577,10.20,31.57,28.57,24.57,2.5167,9.4378,2.490,NO
3353,8.555,5.424,0.004,0.007,5.435,1.577,10.20,30.32,27.32,23.32,2.5428,9.5354,2.477,NO
3354,8.216,5.210,0.004,0.007,5.221,1.577,10.20,28.88,25.88,21.88,2.4765,9.2868,2.512,NO
3355,7.822,4.961,0.004,0.007,4.972,1.577,10.20,27.32,24.32,20.32,2.3992,8.9972,2.556,NO
3356,7.175,4.551,0.004,0.007,4.562,1.577,10.20,25.77,22.77,18.77,2.2724,8.5216,2.639,NO
3357,7.049,4.470,0.004,0.007,4.481,1.577,10.20,24.32,21.32,17.32,2.2476,8.4285,2.657,NO
3358,6.624,4.202,0.004,0.007,4.213,1.577,10.20,23.08,20.08,16.08,2.1645,8.1168,2.723,NO
3359,6.733,4.271,0.004,0.007,4.282,1.576,10.20,22.13,19.13,15.13,1.5301,8.1969,2.705,NO
3360,6.490,4.117,0.004,0.007,4.128,1.576,10.20,21.53,18.53,14.53,1.4967,8.0180,2.745,NO
3361,7.793,4.944,0.004,0.007,4.955,1.576,10.20,21.44,18.44,14.44,1.6756,8.9765,2.560,NO
3362,7.617,4.833,0.004,0.007,4.843,1.576,10.20,21.65,18.65,14.65,1.6515,8.8472,2.581,NO
3363,7.808,4.954,0.004,0.007,4.965,1.576,10.20,22.24,19.24,15.24,1.6778,8.9881,2.558,NO
3364,7.861,4.988,0.004,0.007,4.999,1.576,10.20,23.20,20.20,16.20,1.6850,9.0269,2.552,NO
3365,8.334,5.289,0.004,0.007,5.300,1.576,10.20,24.44,21.44,17.44,1.7500,9.3752,2.500,NO
3366,8.555,5.429,0.004,0.007,5.440,1.576,10.20,25.89,22.89,18.89,1.7803,9.5375,2.478,NO
3367,8.879,5.635,0.004,0.007,5.646,1.576,10.20,27.44,24.44,20.44,2.6070,9.7763,2.447,NO
3368,9.260,5.877,0.004,0.007,5.888,1.576,10.20,28.99,25.99,21.99,2.6818,10.0567,2.413,NO
3369,9.393,5.962,0.004,0.007,5.973,1.575,10.20,30.44,27.44,23.44,2.7080,10.1549,2.402,NO
3370,10.145,6.440,0.004,0.007,6.451,1.575,10.20,31.68,28.68,24.68,2.8555,10.7083,2.346,NO
3371,10.191,6.469,0.004,0.008,6.481,1.575,10.20,32.64,29.64,25.64,2.8646,10.7424,2.342,NO
3372,10.284,6.528,0.004,0.008,6.540,1.575,10.21,33.24,30.24,26.24,2.8829,10.8108,2.336,NO
3373,10.092,6.407,0.004,0.007,6.419,1.575,10.20,33.44,30.44,26.44,4.2679,10.6698,2.349,NO
3374,10.131,6.432,0.004,0.007,6.444,1.575,10.20,33.24,30.24,26.24,4.2794,10.6984,2.347,NO
3375,9.852,6.256,0.004,0.007,6.267,1.575,10.20,32.64,29.64,25.64,4.1975,10.4936,2.367,NO
3376,9.716,6.170,0.004,0.007,6.181,1.575,10.20,31.68,28.68,24.68,4.1574,10.3935,2.377,NO
3377,9.905,6.290,0.004,0.007,6.301,1.575,10.20,30.44,27.44,23.44,4.2130,10.5325,2.363,NO
3378,9.630,6.116,0.004,0.007,6.127,1.575,10.20,28.99,25.99,21.99,4.1321,10.3303,2.384,NO
3379,8.773,5.572,0.004,0.007,5.583,1.575,10.20,27.44,24.44,20.44,2.5868,9.7003,2.457,NO
3380,8.948,5.683,0.004,0.007,5.694,1.574,10.20,25.89,22.89,18.89,2.6210,9.8287,2.441,NO
3381,8.397,5.334,0.004,0.007,5.345,1.574,10.20,24.44,21.44,17.44,2.5131,9.4241,2.494,NO
3382,7.820,4.967,0.004,0.007,4.978,1.574,10.20,23.20,20.20,16.20,2.3997,8.9990,2.557,NO
3383,7.634,4.850,0.004,0.007,4.861,1.574,10.20,22.24,19.24,15.24,1.6544,8.8629,2.580,NO
3384,7.496,4.762,0.004,0.007,4.773,1.574,10.20,21.65,18.65,14.65,1.6354,8.7612,2.597,NO
3385,7.597,4.827,0.004,0.007,4.838,1.574,10.20,21.55,18.55,14.55,1.6493,8.8353,2.585,NO
3386,7.416,4.712,0.004,0.007,4.723,1.574,10.20,21.76,18.76,14.76,1.6245,8.7026,2.608,NO
3387,7.849,4.988,0.004,0.007,4.999,1.574,10.20,22.36,19.36,15.36,1.6840,9.0215,2.554,NO
3388,8.254,5.245,0.004,0.007,5.256,1.574,10.20,23.31,20.31,16.31,1.7396,9.3193,2.509,NO
3389,8.149,5.179,0.004,0.007,5.190,1.574,10.20,24.55,21.55,17.55,1.7253,9.2425,2.520,NO
3390,8.607,5.470,0.004,0.007,5.481,1.573,10.20,26.00,23.00,19.00,1.7882,9.5795,2.473,NO
3391,8.818,5.605,0.004,0.007,5.616,1.573,10.20,27.55,24.55,20.55,2.5960,9.7350,2.453,NO
3392,9.541,6.065,0.004,0.007,6.076,1.573,10.20,29.11,26.11,22.11,2.7380,10.2675,2.391,NO
3393,9.926,6.310,0.004,0.007,6.321,1.573,10.20,30.55,27.55,23.55,2.8137,10.5514,2.362,NO
3394,9.977,6.343,0.004,0.007,6.354,1.573,10.20,31.80,28.80,24.80,2.8237,10.5889,2.358,NO
3395,10.430,6.631,0.004,0.008,6.643,1.573,10.21,32.75,29.75,25.75,2.9128,10.9229,2.327,NO
3396,10.153,6.455,0.004,0.008,6.467,1.573,10.20,33.35,30.35,26.35,2.8584,10.7191,2.346,NO
3397,10.423,6.628,0.004,0.008,6.640,1.573,10.21,33.55,30.55,26.55,4.3674,10.9185,2.328,NO
3398,9.968,6.339,0.004,0.007,6.350,1.573,10.20,33.35,30.35,26.35,4.2333,10.5832,2.359,NO
3399,10.172,6.469,0.004,0.008,6.480,1.573,10.20,32.75,29.75,25.75,4.2935,10.7337,2.345,NO
3400,10.184,6.477,0.004,0.008,6.488,1.572,10.20,31.80,28.80,24.80,4.2970,10.7424,2.344,NO
3401,9.497,6.040,0.004,0.007,6.051,1.572,10.20,30.55,27.55,23.55,4.0947,10.2366,2.395,NO
3402,9.056,5.760,0.004,0.007,5.771,1.572,10.20,29.11,26.11,22.11,3.9647,9.9118,2.432,NO
3403,8.736,5.557,0.004,0.007,5.568,1.572,10.20,27.55,24.55,20.55,2.5805,9.6769,2.461,NO
3404,8.325,5.296,0.004,0.007,5.306,1.572,10.20,26.00,23.00,19.00,2.4997,9.3740,2.502,NO
3405,8.082,5.141,0.004,0.007,5.152,1.572,10.20,24.55,21.55,17.55,2.4521,9.1953,2.528,NO
3406,7.792,4.957,0.004,0.007,4.968,1.572,10.20,23.31,20.31,16.31,2.3952,8.9821,2.562,NO
3407,7.955,5.061,0.004,0.007,5.072,1.572,10.20,22.36,19.36,15.36,1.6991,9.1021,2.543,NO
3408,7.899,5.026,0.004,0.007,5.037,1.572,10.20,21.76,18.76,14.76,1.6915,9.0614,2.549,NO
3409,7.404,4.712,0.004,0.007,4.723,1.572,10.20,21.67,18.67,14.67,1.6235,8.6971,2.610,NO
3410,7.451,4.742,0.004,0.007,4.753,1.571,10.20,21.87,18.87,14.87,1.6299,8.7318,2.604,NO
3411,8.131,5.175,0.004,0.007,5.186,1.571,10.20,22.47,19.47,15.47,1.7234,9.2325,2.523,NO
3412,8.119,5.167,0.004,0.007,5.178,1.571,10.20,23.42,20.42,16.42,1.7218,9.2240,2.525,NO
3413,8.011,5.099,0.004,0.007,5.110,1.571,10.20,24.67,21.67,17.67,1.7069,9.1441,2.537,NO
3414,8.632,5.495,0.004,0.007,5.506,1.571,10.20,26.11,23.11,19.11,1.7924,9.6020,2.472,NO
3415,9.252,5.889,0.004,0.007,5.900,1.571,10.20,27.67,24.67,20.67,2.6823,10.0585,2.416,NO
3416,9.214,5.866,0.004,0.007,5.877,1.571,10.20,29.22,26.22,22.22,2.6749,10.0310,2.419,NO
3417,9.869,6.283,0.004,0.007,6.294,1.571,10.20,30.67,27.67,23.67,2.8035,10.5131,2.367,NO
3418,10.226,6.511,0.004,0.008,6.522,1.571,10.20,31.91,28.91,24.91,2.8738,10.7768,2.342,NO
3419,10.398,6.621,0.004,0.008,6.633,1.571,10.21,32.86,29.86,25.86,2.9077,10.9038,2.330,NO
3420,10.073,6.414,0.004,0.007,6.426,1.570,10.20,33.46,30.46,26.46,2.8439,10.6645,2.353,NO
3421,10.629,6.768,0.005,0.009,6.782,1.570,10.21,33.67,30.67,26.67,4.4298,11.0746,2.315,NO
3422,10.253,6.529,0.004,0.008,6.541,1.570,10.21,33.46,30.46,26.46,4.3190,10.7974,2.340,NO
3423,9.821,6.255,0.004,0.007,6.266,1.570,10.20,32.86,29.86,25.86,4.1918,10.4794,2.371,NO
3424,9.697,6.176,0.004,0.007,6.187,1.570,10.20,31.91,28.91,24.91,4.1550,10.3876,2.381,NO
3425,9.449,6.019,0.004,0.007,6.030,1.570,10.20,30.67,27.67,23.67,4.0823,10.2057,2.400,NO
3426,9.518,6.063,0.004,0.007,6.074,1.570,10.20,29.22,26.22,22.22,4.1024,10.2560,2.395,NO
3427,9.183,5.850,0.004,0.007,5.861,1.570,10.20,27.67,24.67,20.67,2.6693,10.0100,2.422,NO
3428,8.482,5.404,0.004,0.007,5.415,1.570,10.20,26.11,23.11,19.11,2.5316,9.4937,2.487,NO
3429,7.998,5.096,0.004,0.007,5.107,1.570,10.20,24.67,21.67,17.67,2.4366,9.1374,2.539,NO
3430,8.126,5.177,0.004,0.007,5.188,1.569,10.20,23.42,20.42,16.42,2.4617,9.2314,2.525,NO
3431,7.825,4.986,0.004,0.007,4.997,1.569,10.20,22.47,19.47,15.47,1.6818,9.0099,2.559,NO
3432,7.740,4.932,0.004,0.007,4.943,1.569,10.20,21.87,18.87,14.87,1.6701,8.9471,2.569,NO
3433,7.604,4.846,0.004,0.007,4.857,1.569,10.20,21.78,18.78,14.78,1.6516,8.8478,2.586,NO
3434,7.933,5.056,0.004,0.007,5.067,1.569,10.20,21.98,18.98,14.98,1.6968,9.0899,2.546,NO
3435,7.958,5.072,0.004,0.007,5.083,1.569,10.20,22.58,19.58,15.58,1.7002,9.1083,2.544,NO
3436,8.138,5.187,0.004,0.007,5.198,1.569,10.20,23.53,20.53,16.53,1.7250,9.2413,2.523,NO
3437,8.101,5.164,0.004,0.007,5.175,1.569,10.20,24.78,21.78,17.78,1.7199,9.2139,2.528,NO
3438,8.771,5.592,0.004,0.007,5.603,1.569,10.20,26.22,23.22,19.22,1.8122,9.7082,2.460,NO
3439,8.921,5.688,0.004,0.007,5.699,1.569,10.20,27.78,24.78,20.78,2.6184,9.8190,2.446,NO
3440,9.470,6.038,0.004,0.007,6.049,1.568,10.20,29.33,26.33,22.33,2.7263,10.2235,2.399,NO
3441,9.643,6.148,0.004,0.007,6.159,1.568,10.20,30.78,27.78,23.78,2.7602,10.3507,2.385,NO
3442,10.111,6.447,0.004,0.007,6.459,1.568,10.20,32.02,29.02,25.02,2.8524,10.6964,2.351,NO
3443,10.215,6.514,0.004,0.008,6.526,1.568,10.20,32.97,29.97,25.97,2.8729,10.7735,2.344,NO
3444,10.173,6.488,0.004,0.008,6.499,1.568,10.20,33.57,30.57,26.57,2.8647,10.7426,2.347,NO
3445,10.410,6.639,0.004,0.008,6.652,1.568,10.21,33.78,30.78,26.78,4.3671,10.9178,2.331,NO
3446,10.392,6.628,0.004,0.008,6.640,1.568,10.21,33.57,30.57,26.57,4.3619,10.9046,2.332,NO
3447,10.337,6.593,0.004,0.008,6.606,1.568,10.21,32.97,29.97,25.97,4.3457,10.8642,2.336,NO
3448,9.869,6.295,0.004,0.007,6.306,1.568,10.20,32.02,29.02,25.02,4.2075,10.5187,2.369,NO
3449,9.868,6.295,0.004,0.007,6.306,1.568,10.20,30.78,27.78,23.78,4.2073,10.5183,2.369,NO
3450,9.154,5.840,0.004,0.007,5.851,1.567,10.20,29.33,26.33,22.33,3.9969,9.9923,2.426,NO
3451,9.252,5.903,0.004,0.007,5.914,1.567,10.20,27.78,24.78,20.78,2.6839,10.0645,2.417,NO
3452,8.357,5.332,0.004,0.007,5.343,1.567,10.20,26.22,23.22,19.22,2.5080,9.4049,2.501,NO
3453,8.596,5.485,0.004,0.007,5.496,1.567,10.20,24.78,21.78,17.78,2.5551,9.5816,2.477,NO
3454,8.308,5.301,0.004,0.007,5.312,1.567,10.20,23.53,20.53,16.53,2.4984,9.3690,2.506,NO
3455,7.823,4.993,0.004,0.007,5.004,1.567,10.20,22.58,19.58,15.58,1.6823,9.0122,2.560,NO
3456,7.650,4.882,0.004,0.007,4.893,1.567,10.20,21.98,18.98,14.98,1.6585,8.8847,2.581,NO
3457,7.525,4.803,0.004,0.007,4.814,1.567,10.20,21.88,18.88,14.88,1.6412,8.7924,2.597,NO
3458,7.398,4.722,0.004,0.007,4.733,1.567,10.20,22.09,19.09,15.09,1.6238,8.6989,2.613,NO
3459,7.693,4.911,0.004,0.007,4.922,1.567,10.20,22.69,19.69,15.69,1.6644,8.9165,2.576,NO
3460,8.096,5.168,0.004,0.007,5.180,1.567,10.20,23.64,20.64,16.64,1.7200,9.2142,2.529,NO
3461,8.425,5.379,0.004,0.007,5.390,1.566,10.20,24.88,21.88,17.88,1.7652,9.4565,2.494,NO
3462,8.570,5.471,0.004,0.007,5.482,1.566,10.20,26.33,23.33,19.33,1.7852,9.5636,2.480,NO
3463,8.785,5.609,0.004,0.007,5.620,1.566,10.20,27.88,24.88,20.88,2.5926,9.7221,2.459,NO
3464,9.403,6.004,0.004,0.007,6.015,1.566,10.20,29.44,26.44,22.44,2.7142,10.1783,2.405,NO
3465,9.732,6.214,0.004,0.007,6.225,1.566,10.20,30.88,27.88,23.88,2.7788,10.4206,2.380,NO
3466,9.607,6.135,0.004,0.007,6.146,1.566,10.20,32.13,29.13,25.13,2.7543,10.3285,2.389,NO
3467,10.328,6.596,0.004,0.008,6.608,1.566,10.21,33.08,30.08,26.08,2.8964,10.8613,2.337,NO
3468,10.270,6.559,0.004,0.008,6.571,1.566,10.21,33.68,30.68,26.68,2.8849,10.8182,2.341,NO
3469,10.478,6.692,0.004,0.008,6.705,1.566,10.21,33.88,30.88,26.88,4.3889,10.9724,2.327,NO
3470,10.045,6.416,0.004,0.007,6.427,1.566,10.20,33.68,30.68,26.68,4.2610,10.6526,2.357,NO
3471,10.381,6.631,0.004,0.008,6.644,1.565,10.21,33.08,30.08,26.08,4.3604,10.9009,2.334,NO
3472,9.907,6.329,0.004,0.007,6.340,1.565,10.20,32.13,29.13,25.13,4.2204,10.5510,2.367,NO
3473,9.735,6.220,0.004,0.007,6.231,1.565,10.20,30.88,27.88,23.88,4.1699,10.4248,2.380,NO
3474,9.129,5.832,0.004,0.007,5.844,1.565,10.20,29.44,26.44,22.44,3.9910,9.9775,2.429,NO
3475,8.770,5.604,0.004,0.007,5.615,1.565,10.20,27.88,24.88,20.88,2.5902,9.7134,2.461,NO
3476,8.385,5.358,0.004,0.007,5.369,1.565,10.20,26.33,23.33,19.33,2.5145,9.4292,2.499,NO
3477,8.037,5.136,0.004,0.007,5.147,1.565,10.20,24.88,21.88,17.88,2.4461,9.1730,2.536,NO
3478,8.306,5.308,0.004,0.007,5.319,1.565,10.20,23.64,20.64,16.64,2.4991,9.3716,2.507,NO
3479,7.664,4.898,0.004,0.007,4.909,1.565,10.20,22.69,19.69,15.69,1.6609,8.8978,2.580,NO
3480,8.006,5.117,0.004,0.007,5.128,1.565,10.20,22.09,19.09,15.09,1.7081,9.1507,2.540,NO
3481,6.327,4.044,0.004,0.007,4.055,1.564,10.20,21.99,18.99,14.99,1.4769,7.9120,2.779,NO
3482,6.327,4.044,0.004,0.007,4.056,1.564,10.20,22.19,19.19,15.19,1.4769,7.9121,2.779,NO
3483,6.589,4.212,0.004,0.007,4.224,1.564,10.20,22.79,19.79,15.79,1.5131,8.1058,2.734,NO
3484,6.502,4.157,0.004,0.007,4.168,1.564,10.20,23.75,20.75,16.75,1.5011,8.0416,2.748,NO
3485,6.694,4.280,0.004,0.007,4.291,1.564,10.20,24.99,21.99,17.99,1.5275,8.1831,2.717,NO
3486,7.218,4.615,0.004,0.007,4.627,1.564,10.20,26.43,23.43,19.43,1.5998,8.5702,2.638,NO
3487,7.542,4.822,0.004,0.007,4.834,1.564,10.20,27.99,24.99,20.99,2.3490,8.8089,2.596,NO
3488,8.052,5.149,0.004,0.007,5.160,1.564,10.20,29.54,26.54,22.54,2.4494,9.1851,2.535,NO
3489,8.465,5.413,0.004,0.007,5.424,1.564,10.20,30.99,27.99,23.99,2.5307,9.4900,2.491,NO
3490,8.465,5.414,0.004,0.007,5.425,1.564,10.20,32.23,29.23,25.23,2.5309,9.4907,2.491,NO
3491,8.999,5.756,0.004,0.007,5.767,1.563,10.20,33.18,30.18,26.18,2.6359,9.8848,2.441,NO
3492,9.190,5.878,0.004,0.007,5.889,1.563,10.20,33.78,30.78,26.78,2.6735,10.0257,2.424,NO
3493,9.134,5.843,0.004,0.007,5.854,1.563,10.20,33.99,30.99,26.99,2.6625,9.9845,2.429,NO
3494,8.983,5.747,0.004,0.007,5.758,1.563,10.20,33.78,30.78,26.78,2.6329,9.8736,2.442,NO
3495,8.533,5.459,0.004,0.007,5.470,1.563,10.20,33.18,30.18,26.18,2.5444,9.5415,2.485,NO
3496,8.299,5.310,0.004,0.007,5.321,1.563,10.20,32.23,29.23,25.23,2.4984,9.3689,2.509,NO
3497,8.577,5.488,0.004,0.007,5.499,1.563,10.20,30.99,27.99,23.99,2.5530,9.5739,2.481,NO
3498,8.286,5.302,0.004,0.007,5.313,1.563,10.20,29.54,26.54,22.54,2.4959,9.3595,2.510,NO
3499,7.436,4.759,0.004,0.007,4.770,1.563,10.20,27.99,24.99,20.99,2.3287,8.7328,2.610,NO
3500,7.214,4.617,0.004,0.007,4.628,1.563,10.20,26.43,23.43,19.43,2.2850,8.5688,2.640,NO
3501,7.295,4.669,0.004,0.007,4.680,1.563,10.20,24.99,21.99,17.99,2.3010,8.6289,2.628,NO
3502,6.526,4.177,0.004,0.007,4.188,1.562,10.20,23.75,20.75,16.75,2.1498,8.0616,2.745,NO
3503,6.549,4.192,0.004,0.007,4.203,1.562,10.20,22.79,19.79,15.79,1.5080,8.0786,2.741,NO
3504,6.327,4.050,0.004,0.007,4.061,1.562,10.20,22.19,19.19,15.19,1.4774,7.9147,2.780,NO
3505,6.327,4.050,0.004,0.007,4.061,1.562,10.20,22.09,19.09,15.09,1.4774,7.9148,2.780,NO
3506,6.327,4.051,0.004,0.007,4.062,1.562,10.20,22.29,19.29,15.29,1.4774,7.9149,2.780,NO
3507,6.327,4.051,0.004,0.007,4.062,1.562,10.20,22.89,19.89,15.89,1.4775,7.9150,2.780,NO
3508,6.844,4.382,0.004,0.007,4.393,1.562,10.20,23.85,20.85,16.85,1.5487,8.2967,2.694,NO
3509,6.930,4.437,0.004,0.007,4.448,1.562,10.20,25.09,22.09,18.09,1.5605,8.3600,2.681,NO
3510,7.223,4.625,0.004,0.007,4.636,1.562,10.20,26.54,23.54,19.54,1.6009,8.5765,2.639,NO
3511,7.653,4.901,0.004,0.007,4.912,1.562,10.20,28.09,25.09,21.09,2.3719,8.8946,2.583,NO
3512,8.326,5.332,0.004,0.007,5.343,1.561,10.20,29.64,26.64,22.64,2.5043,9.3911,2.507,NO
3513,8.159,5.226,0.004,0.007,5.237,1.561,10.20,31.09,28.09,24.09,2.4716,9.2683,2.524,NO
3514,8.772,5.619,0.004,0.007,5.630,1.561,10.20,32.33,29.33,25.33,2.5922,9.7208,2.463,NO
3515,8.944,5.729,0.004,0.007,5.740,1.561,10.20,33.29,30.29,26.29,2.6262,9.8481,2.447,NO
3516,9.269,5.938,0.004,0.007,5.949,1.561,10.20,33.89,30.89,26.89,2.6901,10.0879,2.419,NO
3517,9.216,5.904,0.004,0.007,5.915,1.561,10.20,34.09,31.09,27.09,2.6797,10.0490,2.423,NO
3518,8.621,5.524,0.004,0.007,5.535,1.561,10.20,33.89,30.89,26.89,2.5627,9.6102,2.477,NO
3519,8.931,5.722,0.004,0.007,5.733,1.561,10.20,33.29,30.29,26.29,2.6237,9.8389,2.448,NO
3520,8.336,5.341,0.004,0.007,5.352,1.561,10.20,32.33,29.33,25.33,2.5066,9.3998,2.506,NO
3521,8.205,5.258,0.004,0.007,5.269,1.561,10.20,31.09,28.09,24.09,2.4808,9.3031,2.520,NO
3522,8.311,5.326,0.004,0.007,5.337,1.560,10.20,29.64,26.64,22.64,2.5017,9.3814,2.509,NO
3523,7.566,4.849,0.004,0.007,4.860,1.560,10.20,28.09,25.09,21.09,2.3551,8.8316,2.594,NO
3524,7.605,4.874,0.004,0.007,4.886,1.560,10.20,26.54,23.54,19.54,2.3629,8.8609,2.589,NO
3525,6.763,4.335,0.004,0.007,4.346,1.560,10.20,25.09,22.09,18.09,2.1972,8.2394,2.707,NO
3526,6.487,4.158,0.004,0.007,4.170,1.560,10.20,23.85,20.85,16.85,2.1428,8.0356,2.753,NO
3527,6.327,4.056,0.004,0.007,4.067,1.560,10.20,22.89,19.89,15.89,1.4779,7.9173,2.781,NO
3528,6.476,4.152,0.004,0.007,4.163,1.560,10.20,22.29,19.29,15.29,1.4985,8.0276,2.755,NO
3529,7.336,4.703,0.004,0.007,4.714,1.560,10.20,22.19,19.19,15.19,1.6170,8.6623,2.624,NO
3530,7.734,4.959,0.004,0.007,4.970,1.560,10.20,22.39,19.39,15.39,1.6720,8.9571,2.573,NO
3531,7.844,5.030,0.004,0.007,5.041,1.560,10.20,22.99,19.99,15.99,1.6872,9.0384,2.560,NO
3532,7.926,5.082,0.004,0.007,5.094,1.559,10.20,23.95,20.95,16.95,1.6984,9.0987,2.551,NO
3533,8.221,5.272,0.004,0.007,5.283,1.559,10.20,25.19,22.19,18.19,1.7391,9.3165,2.518,NO
3534,8.715,5.589,0.004,0.007,5.600,1.559,10.20,26.64,23.64,19.64,1.8073,9.6822,2.469,NO
3535,8.724,5.595,0.004,0.007,5.606,1.559,10.20,28.19,25.19,21.19,2.5836,9.6886,2.468,NO
3536,9.169,5.881,0.004,0.007,5.892,1.559,10.20,29.74,26.74,22.74,2.6713,10.0172,2.428,NO
3537,9.945,6.379,0.004,0.007,6.390,1.559,10.20,31.19,28.19,24.19,2.8243,10.5911,2.367,NO
3538,9.811,6.294,0.004,0.007,6.305,1.559,10.20,32.43,29.43,25.43,2.7979,10.4920,2.376,NO
3539,10.227,6.561,0.004,0.008,6.573,1.559,10.20,33.39,30.39,26.39,2.8801,10.8002,2.347,NO
3540,10.601,6.801,0.005,0.009,6.815,1.559,10.21,33.99,30.99,26.99,2.9539,11.0772,2.322,NO
3541,10.639,6.826,0.005,0.009,6.839,1.559,10.21,34.19,31.19,27.19,4.4421,11.1052,2.320,NO
3542,10.243,6.572,0.004,0.008,6.584,1.559,10.20,33.99,30.99,26.99,4.3249,10.8122,2.346,NO
3543,10.436,6.697,0.004,0.008,6.709,1.558,10.21,33.39,30.39,26.39,4.3822,10.9556,2.333,NO
3544,9.634,6.182,0.004,0.007,6.194,1.558,10.20,32.43,29.43,25.43,4.1450,10.3625,2.390,NO
3545,9.348,5.999,0.004,0.007,6.010,1.558,10.20,31.19,28.19,24.19,4.0605,10.1513,2.413,NO
3546,9.354,6.003,0.004,0.007,6.015,1.558,10.20,29.74,26.74,22.74,4.0623,10.1559,2.413,NO
3547,8.682,5.572,0.004,0.007,5.584,1.558,10.20,28.19,25.19,21.19,2.5759,9.6595,2.472,NO
3548,8.621,5.533,0.004,0.007,5.545,1.558,10.20,26.64,23.64,19.64,2.5638,9.6144,2.478,NO
3549,8.067,5.178,0.004,0.007,5.189,1.558,10.20,25.19,22.19,18.19,2.4548,9.2054,2.536,NO
3550,7.778,4.993,0.004,0.007,5.004,1.558,10.20,23.95,20.95,16.95,2.3979,8.9920,2.569,NO
3551,7.777,4.993,0.004,0.007,5.004,1.558,10.20,22.99,19.99,15.99,1.6784,8.9917,2.569,NO
3552,7.810,5.015,0.004,0.007,5.026,1.558,10.20,22.39,19.39,15.39,1.6830,9.0163,2.565,NO
3553,7.591,4.874,0.004,0.007,4.885,1.557,10.20,22.29,19.29,15.29,1.6527,8.8540,2.592,NO
3554,7.903,5.075,0.004,0.007,5.086,1.557,10.20,22.49,19.49,15.49,1.6959,9.0853,2.555,NO
3555,7.937,5.097,0.004,0.007,5.108,1.557,10.20,23.09,20.09,16.09,1.7006,9.1103,2.551,NO
3556,7.815,5.019,0.004,0.007,5.030,1.557,10.20,24.05,21.05,17.05,1.6838,9.0202,2.565,NO
3557,8.466,5.437,0.004,0.007,5.448,1.557,10.20,25.29,22.29,18.29,1.7736,9.5016,2.494,NO
3558,8.423,5.410,0.004,0.007,5.421,1.557,10.20,26.73,23.73,19.73,1.7677,9.4698,2.498,NO
3559,9.230,5.929,0.004,0.007,5.940,1.557,10.20,28.29,25.29,21.29,2.6844,10.0665,2.424,NO
3560,9.068,5.825,0.004,0.007,5.836,1.557,10.20,29.84,26.84,22.84,2.6524,9.9466,2.438,NO
3561,9.718,6.243,0.004,0.007,6.254,1.557,10.20,31.29,28.29,24.29,2.7806,10.4273,2.384,NO
3562,10.183,6.542,0.004,0.008,6.554,1.557,10.20,32.53,29.53,25.53,2.8725,10.7718,2.351,NO
3563,9.988,6.417,0.004,0.007,6.428,1.556,10.20,33.48,30.48,26.48,2.8339,10.6270,2.364,NO
3564,10.442,6.709,0.004,0.008,6.722,1.556,10.21,34.08,31.08,27.08,2.9237,10.9640,2.333,NO
3565,10.565,6.789,0.005,0.009,6.802,1.556,10.21,34.29,31.29,27.29,4.4220,11.0551,2.325,NO
3566,10.456,6.719,0.004,0.008,6.732,1.556,10.21,34.08,31.08,27.08,4.3899,10.9747,2.332,NO
3567,10.152,6.524,0.004,0.008,6.536,1.556,10.20,33.48,30.48,26.48,4.2999,10.7498,2.353,NO
3568,9.958,6.400,0.004,0.007,6.411,1.556,10.20,32.53,29.53,25.53,4.2423,10.6058,2.367,NO
3569,9.454,6.076,0.004,0.007,6.088,1.556,10.20,31.29,28.29,24.29,4.0935,10.2338,2.405,NO
3570,9.558,6.143,0.004,0.007,6.154,1.556,10.20,29.84,26.84,22.84,4.1242,10.3104,2.397,NO
3571,9.020,5.798,0.004,0.007,5.809,1.556,10.20,28.29,25.29,21.29,2.6434,9.9129,2.442,NO
3572,8.640,5.554,0.004,0.007,5.565,1.556,10.20,26.73,23.73,19.73,2.5686,9.6322,2.477,NO
3573,8.312,5.344,0.004,0.007,5.355,1.556,10.20,25.29,22.29,18.29,2.5040,9.3901,2.510,NO
3574,8.290,5.330,0.004,0.007,5.341,1.555,10.20,24.05,21.05,17.05,2.4997,9.3738,2.513,NO
3575,7.907,5.084,0.004,0.007,5.095,1.555,10.20,23.09,20.09,16.09,1.6970,9.0913,2.555,NO
3576,7.730,4.970,0.004,0.007,4.981,1.555,10.20,22.49,19.49,15.49,1.6725,8.9600,2.576,NO
3577,7.410,4.765,0.004,0.007,4.776,1.555,10.20,22.38,19.38,15.38,1.6284,8.7234,2.616,NO
3578,7.780,5.003,0.004,0.007,5.015,1.555,10.20,22.59,19.59,15.59,1.6796,8.9977,2.570,NO
3579,8.110,5.216,0.004,0.007,5.227,1.555,10.20,23.19,20.19,16.19,1.7251,9.2415,2.532,NO
3580,7.821,5.030,0.004,0.007,5.041,1.555,10.20,24.14,21.14,17.14,1.6852,9.0278,2.565,NO
3581,8.178,5.260,0.004,0.007,5.271,1.555,10.20,25.38,22.38,18.38,1.7345,9.2919,2.525,NO
3582,8.809,5.666,0.004,0.007,5.677,1.555,10.20,26.83,23.83,19.83,1.8216,9.7587,2.462,NO
3583,9.115,5.864,0.004,0.007,5.875,1.555,10.20,28.38,25.38,21.38,2.6628,9.9854,2.434,NO
3584,9.594,6.172,0.004,0.007,6.183,1.554,10.20,29.94,26.94,22.94,2.7572,10.3396,2.395,NO
3585,9.843,6.332,0.004,0.007,6.343,1.554,10.20,31.38,28.38,24.38,2.8063,10.5237,2.376,NO
3586,9.623,6.192,0.004,0.007,6.203,1.554,10.20,32.63,29.63,25.63,2.7632,10.3619,2.393,NO
3587,10.417,6.703,0.004,0.008,6.715,1.554,10.21,33.58,30.58,26.58,2.9199,10.9497,2.336,NO
3588,9.987,6.427,0.004,0.007,6.438,1.554,10.20,34.18,31.18,27.18,2.8350,10.6312,2.366,NO
3589,10.083,6.489,0.004,0.007,6.500,1.554,10.20,34.38,31.38,27.38,4.2810,10.7024,2.359,NO
3590,10.557,6.794,0.005,0.009,6.807,1.554,10.21,34.18,31.18,27.18,4.4215,11.0537,2.327,NO
3591,10.302,6.630,0.004,0.008,6.643,1.554,10.21,33.58,30.58,26.58,4.3460,10.8651,2.344,NO
3592,9.832,6.328,0.004,0.007,6.339,1.554,10.20,32.63,29.63,25.63,4.2067,10.5168,2.377,NO
3593,9.463,6.091,0.004,0.007,6.102,1.554,10.20,31.38,28.38,24.38,4.0978,10.2444,2.406,NO
3594,9.423,6.066,0.004,0.007,6.077,1.553,10.20,29.94,26.94,22.94,4.0859,10.2147,2.409,NO
3595,9.209,5.929,0.004,0.007,5.940,1.553,10.20,28.38,25.38,21.38,2.6819,10.0571,2.427,NO
3596,8.622,5.551,0.004,0.007,5.562,1.553,10.20,26.83,23.83,19.83,2.5662,9.6231,2.480,NO
3597,8.134,5.237,0.004,0.007,5.248,1.553,10.20,25.38,22.38,18.38,2.4698,9.2618,2.530,NO
3598,8.267,5.323,0.004,0.007,5.334,1.553,10.20,24.14,21.14,17.14,2.4962,9.3608,2.516,NO
3599,7.525,4.846,0.004,0.007,4.857,1.553,10.20,23.19,20.19,16.19,1.6449,8.8119,2.602,NO
3600,7.960,5.126,0.004,0.007,5.137,1.553,10.20,22.59,19.59,15.59,1.7049,9.1336,2.550,NO
3601,7.861,5.062,0.004,0.007,5.074,1.553,10.20,22.48,19.48,15.48,1.6913,9.0604,2.561,NO
3602,8.013,5.161,0.004,0.007,5.172,1.553,10.20,22.68,19.68,15.68,1.7123,9.1731,2.544,NO
3603,7.893,5.084,0.004,0.007,5.095,1.553,10.20,23.28,20.28,16.28,1.6958,9.0846,2.558,NO
3604,7.751,4.993,0.004,0.007,5.004,1.553,10.20,24.23,21.23,17.23,1.6762,8.9796,2.574,NO
3605,8.224,5.298,0.004,0.007,5.309,1.552,10.20,25.48,22.48,18.48,1.7416,9.3300,2.521,NO
3606,8.454,5.446,0.004,0.007,5.457,1.552,10.20,26.92,23.92,19.92,1.7734,9.5002,2.497,NO
3607,9.256,5.963,0.004,0.007,5.974,1.552,10.20,28.48,25.48,21.48,2.6915,10.0933,2.423,NO
3608,9.122,5.877,0.004,0.007,5.889,1.552,10.20,30.03,27.03,23.03,2.6653,9.9949,2.435,NO
3609,9.447,6.087,0.004,0.007,6.098,1.552,10.20,31.48,28.48,24.48,2.7293,10.2350,2.408,NO
3610,9.795,6.311,0.004,0.007,6.323,1.552,10.20,32.72,29.72,25.72,2.7981,10.4929,2.381,NO
3611,9.944,6.408,0.004,0.007,6.419,1.552,10.20,33.67,30.67,26.67,2.8275,10.6031,2.370,NO
3612,10.288,6.630,0.004,0.008,6.642,1.552,10.21,34.27,31.27,27.27,2.8956,10.8585,2.345,NO
3613,10.466,6.745,0.004,0.008,6.758,1.552,10.21,34.48,31.48,27.48,4.3963,10.9908,2.334,NO
3614,10.018,6.457,0.004,0.007,6.468,1.552,10.20,34.27,31.27,27.27,4.2635,10.6589,2.364,NO
3615,10.329,6.658,0.004,0.008,6.670,1.551,10.21,33.67,30.67,26.67,4.3558,10.8896,2.343,NO
3616,9.947,6.412,0.004,0.007,6.423,1.551,10.20,32.72,29.72,25.72,4.2426,10.6064,2.370,NO
3617,9.532,6.145,0.004,0.007,6.156,1.551,10.20,31.48,28.48,24.48,4.1197,10.2994,2.401,NO
3618,9.479,6.111,0.004,0.007,6.122,1.551,10.20,30.03,27.03,23.03,4.1041,10.2602,2.405,NO
3619,8.906,5.742,0.004,0.007,5.753,1.551,10.20,28.48,25.48,21.48,2.6230,9.8363,2.454,NO
3620,8.526,5.497,0.004,0.007,5.509,1.551,10.20,26.92,23.92,19.92,2.5482,9.5557,2.491,NO
3621,8.449,5.448,0.004,0.007,5.459,1.551,10.20,25.48,22.48,18.48,2.5329,9.4985,2.498,NO
3622,8.211,5.295,0.004,0.007,5.306,1.551,10.20,24.23,21.23,17.23,2.4861,9.3228,2.523,NO
3623,7.677,4.950,0.004,0.007,4.962,1.551,10.20,23.28,20.28,16.28,1.6664,8.9272,2.584,NO
3624,7.603,4.904,0.004,0.007,4.915,1.551,10.20,22.68,19.68,15.68,1.6563,8.8732,2.593,NO
3625,7.329,4.727,0.004,0.007,4.738,1.550,10.20,22.57,19.57,15.57,1.6185,8.6704,2.629,NO
3626,7.477,4.823,0.004,0.007,4.834,1.550,10.20,22.77,19.77,15.77,1.6389,8.7797,2.609,NO
3627,8.134,5.247,0.004,0.007,5.258,1.550,10.20,23.37,20.37,16.37,1.7297,9.2664,2.532,NO
3628,7.834,5.053,0.004,0.007,5.065,1.550,10.20,24.32,21.32,17.32,1.6882,9.0442,2.566,NO
3629,8.236,5.313,0.004,0.007,5.324,1.550,10.20,25.57,22.57,18.57,1.7439,9.3422,2.521,NO
3630,8.833,5.699,0.004,0.007,5.710,1.550,10.20,27.01,24.01,20.01,1.8265,9.7846,2.462,NO
3631,9.313,6.008,0.004,0.007,6.020,1.550,10.20,28.57,25.57,21.57,2.7039,10.1395,2.420,NO
3632,9.040,5.833,0.004,0.007,5.844,1.550,10.20,30.12,27.12,23.12,2.6501,9.9380,2.443,NO
3633,9.561,6.169,0.004,0.007,6.181,1.550,10.20,31.57,28.57,24.57,2.7530,10.3237,2.400,NO
3634,10.182,6.571,0.004,0.008,6.582,1.550,10.20,32.81,29.81,25.81,2.8757,10.7840,2.354,NO
3635,10.007,6.458,0.004,0.007,6.469,1.550,10.20,33.76,30.76,26.76,2.8411,10.6542,2.366,NO
3636,10.528,6.795,0.005,0.009,6.808,1.549,10.21,34.36,31.36,27.36,2.9444,11.0414,2.331,NO
3637,10.210,6.590,0.004,0.008,6.602,1.549,10.20,34.57,31.57,27.57,4.3223,10.8056,2.352,NO
3638,10.452,6.747,0.004,0.008,6.760,1.549,10.21,34.36,31.36,27.36,4.3942,10.9854,2.336,NO
3639,10.204,6.587,0.004,0.008,6.599,1.549,10.20,33.76,30.76,26.76,4.3206,10.8016,2.352,NO
3640,10.166,6.563,0.004,0.008,6.574,1.549,10.20,32.81,29.81,25.81,4.3092,10.7731,2.355,NO
3641,9.833,6.348,0.004,0.007,6.359,1.549,10.20,31.57,28.57,24.57,4.2106,10.5264,2.379,NO
3642,9.190,5.933,0.004,0.007,5.945,1.549,10.20,30.12,27.12,23.12,4.0202,10.0504,2.430,NO
3643,9.273,5.987,0.004,0.007,5.999,1.549,10.20,28.57,25.57,21.57,2.6966,10.1123,2.423,NO
3644,8.604,5.556,0.004,0.007,5.567,1.549,10.20,27.01,24.01,20.01,2.5646,9.6171,2.484,NO
3645,8.284,5.350,0.004,0.007,5.361,1.549,10.20,25.57,22.57,18.57,2.5014,9.3804,2.516,NO
3646,8.156,5.267,0.004,0.007,5.278,1.548,10.20,24.32,21.32,17.32,2.4761,9.2852,2.530,NO
3647,7.577,4.894,0.004,0.007,4.905,1.548,10.20,23.37,20.37,16.37,1.6533,8.8572,2.598,NO
3648,7.857,5.075,0.004,0.007,5.086,1.548,10.20,22.77,19.77,15.77,1.6920,9.0644,2.564,NO
3649,6.364,4.111,0.004,0.007,4.122,1.548,10.20,22.65,19.65,15.65,1.4856,7.9586,2.779,NO
3650,6.327,4.087,0.004,0.007,4.098,1.548,10.20,22.86,19.86,15.86,1.4805,7.9313,2.786,NO
3651,6.723,4.343,0.004,0.007,4.354,1.548,10.20,23.46,20.46,16.46,1.5353,8.2250,2.719,NO
3652,6.884,4.447,0.004,0.007,4.458,1.548,10.20,24.41,21.41,17.41,1.5576,8.3441,2.694,NO
3653,7.205,4.655,0.004,0.007,4.666,1.548,10.20,25.65,22.65,18.65,1.6020,8.5822,2.647,NO
3654,7.544,4.874,0.004,0.007,4.885,1.548,10.20,27.10,24.10,20.10,1.6488,8.8331,2.602,NO
3655,7.634,4.932,0.004,0.007,4.944,1.548,10.20,28.65,25.65,21.65,2.3733,8.8998,2.591,NO
3656,8.279,5.350,0.004,0.007,5.361,1.548,10.20,30.21,27.21,23.21,2.5008,9.3782,2.517,NO
3657,8.269,5.344,0.004,0.007,5.355,1.547,10.20,31.65,28.65,24.65,2.4988,9.3707,2.518,NO
3658,8.679,5.609,0.004,0.007,5.621,1.547,10.20,32.90,29.90,25.90,2.5800,9.6750,2.477,NO
3659,8.716,5.633,0.004,0.007,5.644,1.547,10.20,33.85,30.85,26.85,2.5872,9.7021,2.474,NO
3660,8.730,5.643,0.004,0.007,5.654,1.547,10.20,34.45,31.45,27.45,2.5901,9.7130,2.472,NO
3661,8.901,5.754,0.004,0.007,5.765,1.547,10.20,34.65,31.65,27.65,2.6239,9.8396,2.457,NO
3662,9.252,5.981,0.004,0.007,5.992,1.547,10.20,34.45,31.45,27.45,2.6932,10.0995,2.426,NO
3663,9.128,5.901,0.004,0.007,5.912,1.547,10.20,33.85,30.85,26.85,2.6688,10.0079,2.437,NO
3664,8.450,5.463,0.004,0.007,5.475,1.547,10.20,32.90,29.90,25.90,2.5350,9.5062,2.500,NO
3665,8.063,5.213,0.004,0.007,5.224,1.547,10.20,31.65,28.65,24.65,2.4584,9.2190,2.541,NO
3666,7.878,5.094,0.004,0.007,5.105,1.547,10.20,30.21,27.21,23.21,2.4219,9.0822,2.562,NO
3667,7.768,5.023,0.004,0.007,5.035,1.546,10.20,28.65,25.65,21.65,2.4003,9.0013,2.575,NO
3668,7.495,4.847,0.004,0.007,4.858,1.546,10.20,27.10,24.10,20.10,2.3464,8.7990,2.609,NO
3669,6.897,4.460,0.004,0.007,4.471,1.546,10.20,25.65,22.65,18.65,2.2282,8.3556,2.692,NO
3670,6.684,4.323,0.004,0.007,4.334,1.546,10.20,24.41,21.41,17.41,2.1862,8.1982,2.726,NO
3671,6.327,4.092,0.004,0.007,4.104,1.546,10.20,23.46,20.46,16.46,1.4810,7.9337,2.787,NO
3672,6.434,4.162,0.004,0.007,4.173,1.546,10.20,22.86,19.86,15.86,1.4958,8.0132,2.768,NO
3673,6.327,4.093,0.004,0.007,4.104,1.546,10.20,22.74,19.74,15.74,1.4810,7.9340,2.787,NO
3674,6.327,4.093,0.004,0.007,4.104,1.546,10.20,22.94,19.94,15.94,1.4810,7.9341,2.787,NO
3675,6.327,4.093,0.004,0.007,4.105,1.546,10.20,23.54,20.54,16.54,1.4811,7.9342,2.787,NO
3676,6.445,4.170,0.004,0.007,4.181,1.546,10.20,24.50,21.50,17.50,1.4974,8.0216,2.766,NO
3677,6.677,4.320,0.004,0.007,4.331,1.545,10.20,25.74,22.74,18.74,1.5295,8.1936,2.727,NO
3678,7.489,4.846,0.004,0.007,4.857,1.545,10.20,27.19,24.19,20.19,1.6419,8.7961,2.610,NO
3679,7.710,4.989,0.004,0.007,5.000,1.545,10.20,28.74,25.74,21.74,2.3892,8.9596,2.582,NO
3680,8.144,5.271,0.004,0.007,5.282,1.545,10.20,30.29,27.29,23.29,2.4751,9.2817,2.533,NO
3681,8.473,5.484,0.004,0.007,5.495,1.545,10.20,31.74,28.74,24.74,2.5402,9.5258,2.498,NO
3682,8.656,5.603,0.004,0.007,5.614,1.545,10.20,32.98,29.98,25.98,2.5764,9.6616,2.480,NO
3683,8.786,5.687,0.004,0.007,5.698,1.545,10.20,33.93,30.93,26.93,2.6022,9.7581,2.468,NO
3684,9.122,5.905,0.004,0.007,5.916,1.545,10.20,34.53,31.53,27.53,2.6685,10.0070,2.438,NO
3685,8.793,5.692,0.004,0.007,5.704,1.545,10.20,34.74,31.74,27.74,2.6037,9.7637,2.467,NO
3686,8.916,5.772,0.004,0.007,5.783,1.545,10.20,34.53,31.53,27.53,2.6278,9.8544,2.456,NO
3687,8.621,5.582,0.004,0.007,5.593,1.545,10.20,33.93,30.93,26.93,2.5697,9.6364,2.484,NO
3688,8.859,5.736,0.004,0.007,5.747,1.544,10.20,32.98,29.98,25.98,2.6167,9.8126,2.462,NO
3689,8.114,5.254,0.004,0.007,5.265,1.544,10.20,31.74,28.74,24.74,2.4695,9.2607,2.536,NO
3690,7.937,5.140,0.004,0.007,5.151,1.544,10.20,30.29,27.29,23.29,2.4346,9.1297,2.556,NO
3691,7.784,5.041,0.004,0.007,5.052,1.544,10.20,28.74,25.74,21.74,2.4044,9.0164,2.574,NO
3692,7.166,4.641,0.004,0.007,4.652,1.544,10.20,27.19,24.19,20.19,2.2822,8.5582,2.654,NO
3693,6.897,4.467,0.004,0.007,4.478,1.544,10.20,25.74,22.74,18.74,2.2290,8.3586,2.693,NO
3694,6.870,4.450,0.004,0.007,4.461,1.544,10.20,24.50,21.50,17.50,2.2238,8.3393,2.697,NO
3695,6.385,4.136,0.004,0.007,4.147,1.544,10.20,23.54,20.54,16.54,1.4895,7.9795,2.777,NO
3696,6.657,4.312,0.004,0.007,4.323,1.544,10.20,22.94,19.94,15.94,1.5271,8.1810,2.731,NO
3697,7.345,4.758,0.004,0.007,4.769,1.544,10.20,22.82,19.82,15.82,1.6224,8.6913,2.630,NO
3698,7.759,5.027,0.004,0.007,5.038,1.543,10.20,23.02,20.02,16.02,1.6798,8.9989,2.577,NO
3699,7.569,4.904,0.004,0.007,4.915,1.543,10.20,23.62,20.62,16.62,1.6534,8.8578,2.601,NO
3700,8.151,5.282,0.004,0.007,5.293,1.543,10.20,24.58,21.58,17.58,1.7341,9.2898,2.533,NO
3701,8.412,5.451,0.004,0.007,5.463,1.543,10.20,25.82,22.82,18.82,1.7703,9.4837,2.505,NO
3702,8.413,5.452,0.004,0.007,5.463,1.543,10.20,27.27,24.27,20.27,1.7705,9.4846,2.505,NO
3703,9.221,5.976,0.004,0.007,5.987,1.543,10.20,28.82,25.82,21.82,2.6889,10.0834,2.430,NO
3704,9.605,6.225,0.004,0.007,6.236,1.543,10.20,30.37,27.37,23.37,2.7649,10.3684,2.399,NO
3705,9.777,6.337,0.004,0.007,6.349,1.543,10.20,31.82,28.82,24.82,2.7991,10.4967,2.386,NO
3706,9.796,6.350,0.004,0.007,6.361,1.543,10.20,33.06,30.06,26.06,2.8028,10.5106,2.384,NO
3707,10.042,6.510,0.004,0.007,6.521,1.543,10.20,34.02,31.02,27.02,2.8515,10.6933,2.366,NO
3708,10.598,6.870,0.005,0.009,6.884,1.543,10.21,34.62,31.62,27.62,2.9617,11.1066,2.329,NO
3709,10.500,6.808,0.005,0.009,6.821,1.542,10.21,34.82,31.82,27.82,4.4138,11.0344,2.335,NO
3710,10.293,6.673,0.004,0.008,6.686,1.542,10.21,34.62,31.62,27.62,4.3521,10.8801,2.349,NO
3711,9.871,6.400,0.004,0.007,6.411,1.542,10.20,34.02,31.02,27.02,4.2268,10.5670,2.379,NO
3712,9.959,6.458,0.004,0.007,6.469,1.542,10.20,33.06,30.06,26.06,4.2530,10.6325,2.373,NO
3713,9.910,6.426,0.004,0.007,6.438,1.542,10.20,31.82,28.82,24.82,4.2385,10.5963,2.376,NO
3714,9.469,6.141,0.004,0.007,6.152,1.542,10.20,30.37,27.37,23.37,4.1077,10.2694,2.410,NO
3715,9.283,6.021,0.004,0.007,6.032,1.542,10.20,28.82,25.82,21.82,2.7019,10.1321,2.425,NO
3716,8.961,5.812,0.004,0.007,5.823,1.542,10.20,27.27,24.27,20.27,2.6381,9.8928,2.453,NO
3717,8.612,5.586,0.004,0.007,5.597,1.542,10.20,25.82,22.82,18.82,2.5691,9.6343,2.486,NO
3718,7.864,5.101,0.004,0.007,5.112,1.542,10.20,24.58,21.58,17.58,2.4211,9.0793,2.566,NO
3719,8.055,5.225,0.004,0.007,5.236,1.541,10.20,23.62,20.62,16.62,1.7212,9.2209,2.544,NO
3720,7.738,5.020,0.004,0.007,5.031,1.541,10.20,23.02,20.02,16.02,1.6774,8.9861,2.581,NO
3721,7.736,5.019,0.004,0.007,5.030,1.541,10.20,22.90,19.90,15.90,1.6772,8.9848,2.581,NO
3722,7.903,5.128,0.004,0.007,5.139,1.541,10.20,23.10,20.10,16.10,1.7003,9.1090,2.561,NO
3723,7.917,5.137,0.004,0.007,5.148,1.541,10.20,23.70,20.70,16.70,1.7022,9.1191,2.560,NO
3724,8.382,5.439,0.004,0.007,5.450,1.541,10.20,24.66,21.66,17.66,1.7667,9.4645,2.509,NO
3725,8.579,5.567,0.004,0.007,5.579,1.541,10.20,25.90,22.90,18.90,1.7940,9.6109,2.490,NO
3726,8.614,5.590,0.004,0.007,5.602,1.541,10.20,27.35,24.35,20.35,1.7989,9.6371,2.486,NO
3727,9.143,5.934,0.004,0.007,5.946,1.541,10.20,28.90,25.90,21.90,2.6747,10.0301,2.438,NO
3728,9.365,6.079,0.004,0.007,6.090,1.541,10.20,30.45,27.45,23.45,2.7187,10.1950,2.419,NO
3729,9.417,6.113,0.004,0.007,6.124,1.541,10.20,31.90,28.90,24.90,2.7290,10.2337,2.415,NO
3730,10.130,6.576,0.004,0.008,6.588,1.540,10.20,33.14,30.14,26.14,2.8702,10.7633,2.361,NO
3731,10.217,6.633,0.004,0.008,6.645,1.540,10.20,34.10,31.10,27.10,2.8874,10.8279,2.355,NO
3732,10.140,6.583,0.004,0.008,6.595,1.540,10.20,34.70,31.70,27.70,2.8723,10.7710,2.360,NO
3733,9.991,6.487,0.004,0.007,6.498,1.540,10.20,34.90,31.90,27.90,4.2640,10.6599,2.371,NO
3734,10.073,6.541,0.004,0.008,6.552,1.540,10.20,34.70,31.70,27.70,4.2886,10.7216,2.365,NO
3735,9.979,6.480,0.004,0.007,6.492,1.540,10.20,34.10,31.10,27.10,4.2608,10.6519,2.372,NO
3736,9.776,6.348,0.004,0.007,6.360,1.540,10.20,33.14,30.14,26.14,4.2003,10.5008,2.387,NO
3737,9.830,6.384,0.004,0.007,6.395,1.540,10.20,31.90,28.90,24.90,4.2165,10.5413,2.383,NO
3738,9.595,6.232,0.004,0.007,6.243,1.540,10.20,30.45,27.45,23.45,4.1469,10.3673,2.401,NO
3739,9.318,6.052,0.004,0.007,6.064,1.540,10.20,28.90,25.90,21.90,2.7098,10.1617,2.423,NO
3740,8.483,5.510,0.004,0.007,5.521,1.540,10.20,27.35,24.35,20.35,2.5445,9.5418,2.500,NO
3741,8.052,5.231,0.004,0.007,5.242,1.539,10.20,25.90,22.90,18.90,2.4593,9.2225,2.545,NO
3742,8.284,5.381,0.004,0.007,5.393,1.539,10.20,24.66,21.66,17.66,2.5052,9.3944,2.520,NO
3743,7.761,5.042,0.004,0.007,5.053,1.539,10.20,23.70,20.70,16.70,1.6812,9.0063,2.579,NO
3744,7.541,4.900,0.004,0.007,4.911,1.539,10.20,23.10,20.10,16.10,1.6508,8.8436,2.606,NO
3745,7.585,4.929,0.004,0.007,4.940,1.539,10.20,22.98,19.98,15.98,1.6569,8.8764,2.600,NO
3746,7.760,5.042,0.004,0.007,5.053,1.539,10.20,23.18,20.18,16.18,1.6811,9.0059,2.579,NO
3747,8.003,5.201,0.004,0.007,5.212,1.539,10.20,23.78,20.78,16.78,1.7149,9.1869,2.551,NO
3748,7.756,5.040,0.004,0.007,5.051,1.539,10.20,24.73,21.73,17.73,1.6806,9.0032,2.580,NO
3749,8.655,5.625,0.004,0.007,5.636,1.539,10.20,25.98,22.98,18.98,1.8053,9.6711,2.483,NO
3750,8.880,5.771,0.004,0.007,5.783,1.539,10.20,27.42,24.42,20.42,1.8364,9.8381,2.462,NO
3751,9.278,6.031,0.004,0.007,6.042,1.538,10.20,28.98,25.98,21.98,2.7024,10.1341,2.427,NO
3752,9.188,5.972,0.004,0.007,5.983,1.538,10.20,30.53,27.53,23.53,2.6845,10.0670,2.435,NO
3753,9.386,6.101,0.004,0.007,6.112,1.538,10.20,31.98,28.98,24.98,2.7237,10.2140,2.418,NO
3754,10.222,6.645,0.004,0.008,6.657,1.538,10.20,33.22,30.22,26.22,2.8895,10.8356,2.356,NO
3755,9.987,6.492,0.004,0.007,6.503,1.538,10.20,34.17,31.17,27.17,2.8428,10.6606,2.372,NO
3756,9.952,6.469,0.004,0.007,6.480,1.538,10.20,34.77,31.77,27.77,2.8359,10.6348,2.375,NO
3757,10.271,6.676,0.004,0.008,6.688,1.538,10.21,34.98,31.98,27.98,4.3487,10.8718,2.352,NO
3758,10.394,6.756,0.004,0.008,6.769,1.538,10.21,34.77,31.77,27.77,4.3854,10.9636,2.344,NO
3759,9.966,6.478,0.004,0.007,6.490,1.538,10.20,34.17,31.17,27.17,4.2581,10.6452,2.374,NO
3760,9.611,6.247,0.004,0.007,6.259,1.538,10.20,33.22,30.22,26.22,4.1526,10.3815,2.400,NO
3761,9.374,6.093,0.004,0.007,6.105,1.538,10.20,31.98,28.98,24.98,4.0823,10.2056,2.419,NO
3762,9.233,6.002,0.004,0.007,6.013,1.538,10.20,30.53,27.53,23.53,4.0403,10.1008,2.431,NO
3763,8.858,5.758,0.004,0.007,5.769,1.538,10.20,28.98,25.98,21.98,2.6193,9.8224,2.464,NO
3764,8.529,5.544,0.004,0.007,5.555,1.538,10.20,27.42,24.42,20.42,2.5542,9.5781,2.495,NO
3765,8.353,5.429,0.004,0.007,5.441,1.538,10.20,25.98,22.98,18.98,2.5192,9.4470,2.513,NO
3766,7.804,5.073,0.004,0.007,5.084,1.538,10.20,24.73,21.73,17.73,2.4105,9.0396,2.574,NO
3767,7.829,5.089,0.004,0.007,5.100,1.538,10.20,23.78,20.78,16.78,1.6909,9.0582,2.571,NO
3768,7.984,5.189,0.004,0.007,5.201,1.538,10.20,23.18,20.18,16.18,1.7123,9.1731,2.553,NO
3769,7.899,5.135,0.004,0.007,5.146,1.538,10.20,23.05,20.05,16.05,1.7006,9.1103,2.563,NO
3770,7.890,5.128,0.004,0.007,5.140,1.538,10.20,23.26,20.26,16.26,1.6993,9.1034,2.564,NO
3771,8.016,5.210,0.004,0.007,5.221,1.538,10.20,23.86,20.86,16.86,1.7167,9.1966,2.550,NO
3772,7.898,5.133,0.004,0.007,5.145,1.538,10.20,24.81,21.81,17.81,1.7004,9.1090,2.563,NO
3773,8.143,5.293,0.004,0.007,5.304,1.538,10.20,26.05,23.05,19.05,1.7344,9.2914,2.536,NO
3774,8.850,5.753,0.004,0.007,5.764,1.538,10.20,27.50,24.50,20.50,1.8324,9.8165,2.465,NO
3775,8.713,5.663,0.004,0.007,5.675,1.538,10.20,29.05,26.05,22.05,2.5905,9.7145,2.478,NO
3776,9.146,5.945,0.004,0.007,5.956,1.538,10.20,30.60,27.60,23.60,2.6763,10.0362,2.438,NO
3777,9.731,6.325,0.004,0.007,6.336,1.538,10.20,32.05,29.05,25.05,2.7921,10.4702,2.391,NO
3778,9.951,6.468,0.004,0.007,6.480,1.538,10.20,33.29,30.29,26.29,2.8357,10.6338,2.375,NO
3779,10.332,6.716,0.004,0.008,6.728,1.538,10.21,34.25,31.25,27.25,2.9112,10.9170,2.348,NO
3780,10.553,6.860,0.005,0.009,6.873,1.538,10.21,34.85,31.85,27.85,2.9552,11.0819,2.334,NO
3781,10.004,6.503,0.004,0.007,6.514,1.538,10.20,35.05,32.05,28.05,4.2692,10.6730,2.371,NO
3782,10.608,6.895,0.005,0.009,6.909,1.538,10.21,34.85,31.85,27.85,4.4489,11.1223,2.330,NO
3783,10.207,6.634,0.004,0.008,6.646,1.538,10.20,34.25,31.25,27.25,4.3295,10.8238,2.357,NO
3784,9.897,6.433,0.004,0.007,6.445,1.538,10.20,33.29,30.29,26.29,4.2375,10.5939,2.379,NO
3785,9.876,6.420,0.004,0.007,6.431,1.538,10.20,32.05,29.05,25.05,4.2313,10.5783,2.380,NO
3786,9.623,6.255,0.004,0.007,6.266,1.538,10.20,30.60,27.60,23.60,4.1560,10.3900,2.399,NO
3787,9.211,5.987,0.004,0.007,5.999,1.538,10.20,29.05,26.05,22.05,2.6892,10.0843,2.433,NO
3788,8.858,5.758,0.004,0.007,5.769,1.538,10.20,27.50,24.50,20.50,2.6192,9.8220,2.464,NO
3789,8.115,5.274,0.004,0.007,5.286,1.538,10.20,26.05,23.05,19.05,2.4720,9.2701,2.539,NO
3790,8.118,5.277,0.004,0.007,5.288,1.538,10.20,24.81,21.81,17.81,2.4727,9.2725,2.538,NO
3791,7.747,5.035,0.004,0.007,5.047,1.538,10.20,23.86,20.86,16.86,1.6795,8.9971,2.581,NO
3792,7.414,4.819,0.004,0.007,4.831,1.538,10.20,23.26,20.26,16.26,1.6334,8.7503,2.623,NO
3793,7.929,5.154,0.004,0.007,5.165,1.538,10.20,23.12,20.12,16.12,1.7047,9.1321,2.560,NO
3794,7.800,5.070,0.004,0.007,5.081,1.538,10.20,23.33,20.33,16.33,1.6868,9.0366,2.575,NO
3795,7.548,4.906,0.004,0.007,4.917,1.538,10.20,23.93,20.93,16.93,1.6519,8.8493,2.605,NO
3796,8.039,5.226,0.004,0.007,5.237,1.538,10.20,24.88,21.88,17.88,1.7200,9.2144,2.547,NO
3797,8.271,5.376,0.004,0.007,5.387,1.538,10.20,26.12,23.12,19.12,1.7521,9.3862,2.522,NO
3798,8.818,5.732,0.004,0.007,5.743,1.538,10.20,27.57,24.57,20.57,1.8279,9.7923,2.468,NO
3799,9.211,5.987,0.004,0.007,5.998,1.538,10.20,29.12,26.12,22.12,2.6891,10.0840,2.433,NO
3800,9.613,6.249,0.004,0.007,6.260,1.538,10.20,30.68,27.68,23.68,2.7688,10.3828,2.400,NO
3801,9.475,6.159,0.004,0.007,6.170,1.538,10.20,32.12,29.12,25.12,2.7414,10.2804,2.411,NO
3802,9.834,6.392,0.004,0.007,6.403,1.538,10.20,33.37,30.37,26.37,2.8124,10.5467,2.383,NO
3803,9.812,6.378,0.004,0.007,6.389,1.538,10.20,34.32,31.32,27.32,2.8081,10.5302,2.385,NO
3804,10.222,6.645,0.004,0.008,6.657,1.538,10.20,34.92,31.92,27.92,2.8895,10.8356,2.356,NO
3805,10.069,6.545,0.004,0.008,6.556,1.538,10.20,35.12,32.12,28.12,4.2886,10.7214,2.366,NO
3806,10.050,6.533,0.004,0.008,6.544,1.538,10.20,34.92,31.92,27.92,4.2830,10.7076,2.368,NO
3807,10.469,6.805,0.004,0.009,6.818,1.538,10.21,34.32,31.32,27.32,4.4077,11.0193,2.339,NO
3808,10.055,6.536,0.004,0.008,6.547,1.538,10.20,33.37,30.37,26.37,4.2845,10.7112,2.367,NO
3809,9.885,6.426,0.004,0.007,6.437,1.538,10.20,32.12,29.12,25.12,4.2340,10.5851,2.379,NO
3810,9.042,5.877,0.004,0.007,5.889,1.538,10.20,30.68,27.68,23.68,3.9836,9.9590,2.448,NO
3811,8.771,5.701,0.004,0.007,5.713,1.538,10.20,29.12,26.12,22.12,2.6021,9.7579,2.472,NO
3812,8.316,5.405,0.004,0.007,5.417,1.538,10.20,27.57,24.57,20.57,2.5119,9.4196,2.517,NO
3813,8.151,5.298,0.004,0.007,5.310,1.538,10.20,26.12,23.12,19.12,2.4793,9.2975,2.535,NO
3814,7.984,5.190,0.004,0.007,5.201,1.538,10.20,24.88,21.88,17.88,2.4462,9.1732,2.553,NO
3815,7.956,5.172,0.004,0.007,5.183,1.538,10.20,23.93,20.93,16.93,1.7085,9.1526,2.556,NO
3816,7.766,5.048,0.004,0.007,5.059,1.538,10.20,23.33,20.33,16.33,1.6821,9.0110,2.579,NO
3817,6.580,4.277,0.004,0.007,4.289,1.538,10.20,23.19,20.19,16.19,1.5178,8.1310,2.746,NO
3818,6.327,4.113,0.004,0.007,4.124,1.538,10.20,23.40,20.40,16.40,1.4827,7.9429,2.790,NO
3819,6.517,4.236,0.004,0.007,4.248,1.538,10.20,24.00,21.00,17.00,1.5090,8.0841,2.756,NO
3820,6.847,4.451,0.004,0.007,4.462,1.538,10.20,24.95,21.95,17.95,1.5548,8.3291,2.703,NO
3821,6.753,4.389,0.004,0.007,4.401,1.538,10.20,26.19,23.19,19.19,1.5417,8.2589,2.718,NO
3822,7.506,4.879,0.004,0.007,4.890,1.538,10.20,27.64,24.64,20.64,1.6461,8.8182,2.611,NO
3823,7.718,5.017,0.004,0.007,5.028,1.538,10.20,29.19,26.19,22.19,2.3936,8.9759,2.584,NO
3824,8.308,5.400,0.004,0.007,5.411,1.538,10.20,30.75,27.75,23.75,2.5103,9.4136,2.518,NO
3825,8.128,5.283,0.004,0.007,5.295,1.538,10.20,32.19,29.19,25.19,2.4748,9.2804,2.537,NO
3826,8.338,5.420,0.004,0.007,5.431,1.538,10.20,33.44,30.44,26.44,2.5164,9.4363,2.515,NO
3827,8.845,5.749,0.004,0.007,5.761,1.538,10.20,34.39,31.39,27.39,2.6167,9.8127,2.465,NO
3828,8.697,5.653,0.004,0.007,5.665,1.538,10.20,34.99,31.99,27.99,2.5874,9.7028,2.479,NO
3829,9.316,6.055,0.004,0.007,6.067,1.538,10.20,35.19,32.19,28.19,2.7099,10.1621,2.424,NO
3830,8.857,5.757,0.004,0.007,5.768,1.538,10.20,34.99,31.99,27.99,2.6190,9.8214,2.464,NO
3831,8.571,5.571,0.004,0.007,5.583,1.538,10.20,34.39,31.39,27.39,2.5625,9.6093,2.491,NO
3832,8.522,5.539,0.004,0.007,5.551,1.538,10.20,33.44,30.44,26.44,2.5527,9.5726,2.496,NO
3833,8.019,5.212,0.004,0.007,5.224,1.538,10.20,32.19,29.19,25.19,2.4531,9.1992,2.549,NO
3834,8.320,5.408,0.004,0.007,5.419,1.538,10.20,30.75,27.75,23.75,2.5127,9.4227,2.517,NO
3835,7.691,4.999,0.004,0.007,5.011,1.538,10.20,29.19,26.19,22.19,2.3882,8.9559,2.588,NO
3836,7.087,4.606,0.004,0.007,4.618,1.538,10.20,27.64,24.64,20.64,2.2686,8.5071,2.668,NO
3837,7.052,4.584,0.004,0.007,4.595,1.538,10.20,26.19,23.19,19.19,2.2617,8.4815,2.673,NO
3838,6.538,4.250,0.004,0.007,4.261,1.538,10.20,24.95,21.95,17.95,2.1600,8.0998,2.753,NO
3839,6.604,4.293,0.004,0.007,4.304,1.538,10.20,24.00,21.00,17.00,1.5211,8.1486,2.742,NO
3840,6.490,4.219,0.004,0.007,4.230,1.538,10.20,23.40,20.40,16.40,1.5053,8.0642,2.761,NO
3841,6.342,4.122,0.004,0.007,4.133,1.538,10.20,23.26,20.26,16.26,1.4847,7.9538,2.787,NO
3842,6.327,4.113,0.004,0.007,4.124,1.538,10.20,23.46,20.46,16.46,1.4827,7.9429,2.790,NO
3843,6.426,4.177,0.004,0.007,4.188,1.538,10.20,24.06,21.06,17.06,1.4963,8.0161,2.772,NO
3844,6.384,4.150,0.004,0.007,4.161,1.538,10.20,25.02,22.02,18.02,1.4906,7.9855,2.780,NO
3845,7.138,4.640,0.004,0.007,4.651,1.538,10.20,26.26,23.26,19.26,1.5951,8.5452,2.660,NO
3846,7.180,4.667,0.004,0.007,4.678,1.538,10.20,27.71,24.71,20.71,1.6008,8.5759,2.654,NO
3847,7.642,4.967,0.004,0.007,4.978,1.538,10.20,29.26,26.26,22.26,2.3784,8.9190,2.594,NO
3848,8.213,5.339,0.004,0.007,5.350,1.538,10.20,30.81,27.81,23.81,2.4916,9.3435,2.528,NO
3849,8.259,5.368,0.004,0.007,5.380,1.538,10.20,32.26,29.26,25.26,2.5007,9.3776,2.523,NO
3850,8.785,5.710,0.004,0.007,5.721,1.538,10.20,33.50,30.50,26.50,2.6047,9.7677,2.471,NO
3851,8.922,5.799,0.004,0.007,5.811,1.538,10.20,34.46,31.46,27.46,2.6319,9.8697,2.458,NO
3852,9.202,5.981,0.004,0.007,5.992,1.538,10.20,35.05,32.05,28.05,2.6873,10.0773,2.434,NO
3853,8.869,5.765,0.004,0.007,5.776,1.538,10.20,35.26,32.26,28.26,2.6213,9.8300,2.463,NO
3854,8.673,5.637,0.004,0.007,5.649,1.538,10.20,35.05,32.05,28.05,2.5825,9.6845,2.481,NO
3855,9.138,5.940,0.004,0.007,5.951,1.538,10.20,34.46,31.46,27.46,2.6747,10.0302,2.439,NO
3856,8.588,5.582,0.004,0.007,5.594,1.538,10.20,33.50,30.50,26.50,2.5658,9.6219,2.490,NO
3857,8.246,5.360,0.004,0.007,5.371,1.538,10.20,32.26,29.26,25.26,2.4981,9.3681,2.524,NO
3858,7.931,5.155,0.004,0.007,5.167,1.538,10.20,30.81,27.81,23.81,2.4358,9.1342,2.559,NO
3859,7.570,4.921,0.004,0.007,4.932,1.538,10.20,29.26,26.26,22.26,2.3643,8.8662,2.603,NO
3860,7.621,4.954,0.004,0.007,4.965,1.538,10.20,27.71,24.71,20.71,2.3744,8.9039,2.596,NO
3861,6.758,4.393,0.004,0.007,4.404,1.538,10.20,26.26,23.26,19.26,2.2035,8.2631,2.717,NO
3862,6.570,4.270,0.004,0.007,4.282,1.538,10.20,25.02,22.02,18.02,2.1662,8.1232,2.748,NO
3863,6.568,4.269,0.004,0.007,4.281,1.538,10.20,24.06,21.06,17.06,1.5161,8.1220,2.748,NO
3864,6.327,4.113,0.004,0.007,4.124,1.538,10.20,23.46,20.46,16.46,1.4827,7.9429,2.790,NO
3865,7.864,5.111,0.004,0.007,5.123,1.538,10.20,23.32,20.32,16.32,1.6957,9.0839,2.567,NO
3866,7.900,5.135,0.004,0.007,5.146,1.538,10.20,23.53,20.53,16.53,1.7007,9.1107,2.563,NO
3867,7.558,4.913,0.004,0.007,4.924,1.538,10.20,24.13,21.13,17.13,1.6534,8.8573,2.604,NO
3868,7.961,5.174,0.004,0.007,5.186,1.538,10.20,25.08,22.08,18.08,1.7091,9.1558,2.556,NO
3869,8.496,5.523,0.004,0.007,5.534,1.538,10.20,26.32,23.32,19.32,1.7834,9.5537,2.499,NO
3870,8.962,5.825,0.004,0.007,5.837,1.538,10.20,27.77,24.77,20.77,1.8479,9.8995,2.455,NO
3871,8.764,5.697,0.004,0.007,5.708,1.538,10.20,29.32,26.32,22.32,2.6007,9.7526,2.473,NO
3872,9.043,5.878,0.004,0.007,5.889,1.538,10.20,30.88,27.88,23.88,2.6559,9.9597,2.447,NO
3873,9.769,6.350,0.004,0.007,6.361,1.538,10.20,32.32,29.32,25.32,2.7996,10.4984,2.388,NO
3874,9.639,6.265,0.004,0.007,6.277,1.538,10.20,33.57,30.57,26.57,2.7739,10.4019,2.398,NO
3875,10.171,6.611,0.004,0.008,6.623,1.538,10.20,34.52,31.52,27.52,2.8794,10.7977,2.359,NO
3876,10.381,6.748,0.004,0.008,6.760,1.538,10.21,35.12,32.12,28.12,2.9209,10.9535,2.345,NO
3877,10.548,6.856,0.005,0.009,6.869,1.538,10.21,35.32,32.32,28.32,4.4311,11.0778,2.334,NO
3878,9.967,6.479,0.004,0.007,6.490,1.538,10.20,35.12,32.12,28.12,4.2583,10.6456,2.374,NO
3879,10.182,6.618,0.004,0.008,6.630,1.538,10.20,34.52,31.52,27.52,4.3221,10.8052,2.358,NO
3880,9.893,6.430,0.004,0.007,6.441,1.538,10.20,33.57,30.57,26.57,4.2361,10.5903,2.379,NO
3881,9.428,6.128,0.004,0.007,6.140,1.538,10.20,32.32,29.32,25.32,4.0982,10.2455,2.415,NO
3882,9.618,6.252,0.004,0.007,6.263,1.538,10.20,30.88,27.88,23.88,4.1546,10.3866,2.400,NO
3883,8.757,5.692,0.004,0.007,5.704,1.538,10.20,29.32,26.32,22.32,2.5993,9.7475,2.473,NO
3884,8.331,5.415,0.004,0.007,5.426,1.538,10.20,27.77,24.77,20.77,2.5149,9.4309,2.516,NO
3885,8.219,5.342,0.004,0.007,5.354,1.538,10.20,26.32,23.32,19.32,2.4927,9.3475,2.527,NO
3886,8.303,5.397,0.004,0.007,5.408,1.538,10.20,25.08,22.08,18.08,2.5094,9.4102,2.518,NO
3887,7.630,4.960,0.004,0.007,4.971,1.538,10.20,24.13,21.13,17.13,1.6633,8.9105,2.595,NO
3888,7.482,4.863,0.004,0.007,4.875,1.538,10.20,23.53,20.53,16.53,1.6428,8.8007,2.614,NO
3889,7.488,4.867,0.004,0.007,4.879,1.538,10.20,23.38,20.38,16.38,1.6436,8.8050,2.613,NO
3890,7.960,5.174,0.004,0.007,5.185,1.538,10.20,23.59,20.59,16.59,1.7090,9.1554,2.556,NO
3891,7.879,5.121,0.004,0.007,5.133,1.538,10.20,24.19,21.19,17.19,1.6977,9.0951,2.565,NO
3892,7.757,5.042,0.004,0.007,5.053,1.538,10.20,25.14,22.14,18.14,1.6808,9.0044,2.580,NO
3893,8.619,5.603,0.004,0.007,5.614,1.538,10.20,26.38,23.38,19.38,1.8004,9.6450,2.487,NO
3894,8.713,5.663,0.004,0.007,5.675,1.538,10.20,27.83,24.83,20.83,1.8134,9.7145,2.478,NO
3895,9.123,5.930,0.004,0.007,5.941,1.538,10.20,29.38,26.38,22.38,2.6716,10.0186,2.440,NO
3896,9.049,5.882,0.004,0.007,5.893,1.538,10.20,30.94,27.94,23.94,2.6571,9.9643,2.447,NO
3897,9.984,6.489,0.004,0.007,6.501,1.538,10.20,32.38,29.38,25.38,2.8421,10.6578,2.372,NO
3898,10.115,6.575,0.004,0.008,6.587,1.538,10.20,33.63,30.63,26.63,2.8682,10.7558,2.363,NO
3899,10.211,6.637,0.004,0.008,6.649,1.538,10.20,34.58,31.58,27.58,2.8872,10.8269,2.356,NO
3900,10.529,6.844,0.005,0.009,6.857,1.538,10.21,35.18,32.18,28.18,2.9503,11.0635,2.335,NO
3901,10.458,6.798,0.004,0.008,6.811,1.538,10.21,35.38,32.38,28.38,4.4043,11.0108,2.340,NO
3902,10.140,6.591,0.004,0.008,6.603,1.538,10.20,35.18,32.18,28.18,4.3097,10.7743,2.361,NO
3903,9.960,6.474,0.004,0.007,6.485,1.538,10.20,34.58,31.58,27.58,4.2561,10.6401,2.374,NO
3904,10.194,6.626,0.004,0.008,6.638,1.538,10.20,33.63,30.63,26.63,4.3259,10.8146,2.357,NO
3905,9.710,6.311,0.004,0.007,6.323,1.538,10.20,32.38,29.38,25.38,4.1818,10.4545,2.393,NO
3906,9.654,6.275,0.004,0.007,6.286,1.538,10.20,30.94,27.94,23.94,4.1652,10.4129,2.397,NO
3907,8.681,5.643,0.004,0.007,5.654,1.538,10.20,29.38,26.38,22.38,2.5843,9.6910,2.481,NO
3908,8.930,5.805,0.004,0.007,5.816,1.538,10.20,27.83,24.83,20.83,2.6335,9.8757,2.458,NO
3909,8.005,5.203,0.004,0.007,5.214,1.538,10.20,26.38,23.38,19.38,2.4503,9.1887,2.551,NO
3910,8.367,5.438,0.004,0.007,5.450,1.538,10.20,25.14,22.14,18.14,2.5220,9.4574,2.512,NO
3911,8.108,5.270,0.004,0.007,5.282,1.538,10.20,24.19,21.19,17.19,1.7295,9.2653,2.539,NO
3912,7.984,5.190,0.004,0.007,5.201,1.538,10.20,23.59,20.59,16.59,1.7124,9.1736,2.553,NO
3913,7.511,4.882,0.004,0.007,4.894,1.538,10.20,23.44,20.44,16.44,1.6468,8.8223,2.610,NO
3914,7.788,5.062,0.004,0.007,5.074,1.538,10.20,23.65,20.65,16.65,1.6852,9.0277,2.576,NO
3915,7.531,4.895,0.004,0.007,4.907,1.538,10.20,24.25,21.25,17.25,1.6496,8.8370,2.608,NO
3916,8.284,5.385,0.004,0.007,5.396,1.538,10.20,25.20,22.20,18.20,1.7539,9.3961,2.520,NO
3917,8.141,5.292,0.004,0.007,5.303,1.538,10.20,26.44,23.44,19.44,1.7341,9.2897,2.536,NO
3918,8.645,5.619,0.004,0.007,5.631,1.538,10.20,27.89,24.89,20.89,1.8039,9.6639,2.484,NO
3919,9.017,5.861,0.004,0.007,5.873,1.538,10.20,29.44,26.44,22.44,2.6508,9.9404,2.450,NO
3920,9.501,6.176,0.004,0.007,6.187,1.538,10.20,30.99,27.99,23.99,2.7466,10.2999,2.409,NO
3921,9.868,6.414,0.004,0.007,6.426,1.538,10.20,32.44,29.44,25.44,2.8193,10.5723,2.381,NO
3922,9.885,6.425,0.004,0.007,6.437,1.538,10.20,33.68,30.68,26.68,2.8226,10.5847,2.380,NO
3923,10.023,6.515,0.004,0.007,6.526,1.538,10.20,34.64,31.64,27.64,2.8499,10.6871,2.369,NO
3924,10.020,6.513,0.004,0.007,6.524,1.538,10.20,35.24,32.24,28.24,2.8494,10.6851,2.370,NO
3925,10.266,6.673,0.004,0.008,6.685,1.538,10.21,35.44,32.44,28.44,4.3471,10.8677,2.353,NO
3926,10.107,6.569,0.004,0.008,6.581,1.538,10.20,35.24,32.24,28.24,4.2997,10.7494,2.364,NO
3927,10.149,6.597,0.004,0.008,6.609,1.538,10.20,34.64,31.64,27.64,4.3123,10.7808,2.361,NO
3928,10.261,6.670,0.004,0.008,6.682,1.538,10.21,33.68,30.68,26.68,4.3457,10.8642,2.353,NO
3929,9.919,6.447,0.004,0.007,6.459,1.538,10.20,32.44,29.44,25.44,4.2439,10.6098,2.377,NO
3930,9.006,5.854,0.004,0.007,5.865,1.538,10.20,30.99,27.99,23.99,3.9729,9.9323,2.451,NO
3931,8.799,5.720,0.004,0.007,5.731,1.538,10.20,29.44,26.44,22.44,2.6076,9.7786,2.470,NO
3932,8.513,5.533,0.004,0.007,5.545,1.538,10.20,27.89,24.89,20.89,2.5509,9.5660,2.497,NO
3933,8.244,5.359,0.004,0.007,5.370,1.538,10.20,26.44,23.44,19.44,2.4977,9.3663,2.525,NO
3934,8.137,5.289,0.004,0.007,5.300,1.538,10.20,25.20,22.20,18.20,2.4764,9.2865,2.536,NO
3935,7.801,5.071,0.004,0.007,5.082,1.538,10.20,24.25,21.25,17.25,1.6870,9.0376,2.574,NO
3936,7.383,4.799,0.004,0.007,4.810,1.538,10.20,23.65,20.65,16.65,1.6290,8.7268,2.627,NO
3937,7.846,5.100,0.004,0.007,5.111,1.538,10.20,23.50,20.50,16.50,1.6933,9.0711,2.569,NO
3938,7.942,5.162,0.004,0.007,5.174,1.538,10.20,23.70,20.70,16.70,1.7066,9.1422,2.558,NO
3939,7.729,5.024,0.004,0.007,5.035,1.538,10.20,24.30,21.30,17.30,1.6770,8.9842,2.583,NO
3940,7.953,5.169,0.004,0.007,5.180,1.538,10.20,25.25,22.25,18.25,1.7080,9.1498,2.557,NO
3941,8.460,5.499,0.004,0.007,5.510,1.538,10.20,26.50,23.50,19.50,1.7782,9.5263,2.502,NO
3942,8.747,5.686,0.004,0.007,5.697,1.538,10.20,27.94,24.94,20.94,1.8181,9.7398,2.474,NO
3943,8.847,5.750,0.004,0.007,5.762,1.538,10.20,29.50,26.50,22.50,2.6170,9.8137,2.465,NO
3944,9.003,5.852,0.004,0.007,5.863,1.538,10.20,31.05,28.05,24.05,2.6480,9.9298,2.451,NO
3945,9.508,6.180,0.004,0.007,6.191,1.538,10.20,32.50,29.50,25.50,2.7479,10.3045,2.408,NO
3946,9.830,6.389,0.004,0.007,6.401,1.538,10.20,33.74,30.74,26.74,2.8117,10.5438,2.384,NO
3947,10.140,6.591,0.004,0.008,6.603,1.538,10.20,34.69,31.69,27.69,2.8732,10.7745,2.361,NO
3948,10.026,6.517,0.004,0.007,6.528,1.538,10.20,35.29,32.29,28.29,2.8504,10.6891,2.369,NO
3949,10.259,6.668,0.004,0.008,6.680,1.538,10.21,35.50,32.50,28.50,4.3450,10.8626,2.353,NO
3950,10.574,6.873,0.005,0.009,6.887,1.538,10.21,35.29,32.29,28.29,4.4389,11.0973,2.332,NO
3951,10.176,6.615,0.004,0.008,6.627,1.538,10.20,34.69,31.69,27.69,4.3205,10.8013,2.359,NO
3952,10.195,6.626,0.004,0.008,6.638,1.538,10.20,33.74,30.74,26.74,4.3259,10.8148,2.357,NO
3953,9.607,6.245,0.004,0.007,6.256,1.538,10.20,32.50,29.50,25.50,4.1513,10.3783,2.401,NO
3954,9.213,5.989,0.004,0.007,6.000,1.538,10.20,31.05,28.05,24.05,4.0344,10.0860,2.433,NO
3955,9.270,6.025,0.004,0.007,6.037,1.538,10.20,29.50,26.50,22.50,2.7008,10.1280,2.428,NO
3956,8.926,5.802,0.004,0.007,5.813,1.538,10.20,27.94,24.94,20.94,2.6327,9.8725,2.458,NO
3957,8.462,5.500,0.004,0.007,5.512,1.538,10.20,26.50,23.50,19.50,2.5408,9.5280,2.502,NO
3958,7.844,5.098,0.004,0.007,5.110,1.538,10.20,25.25,22.25,18.25,2.4184,9.0691,2.569,NO
3959,7.592,4.935,0.004,0.007,4.946,1.538,10.20,24.30,21.30,17.30,1.6580,8.8824,2.600,NO
3960,7.434,4.832,0.004,0.007,4.844,1.538,10.20,23.70,20.70,16.70,1.6361,8.7650,2.620,NO
3961,7.855,5.106,0.004,0.007,5.117,1.538,10.20,23.55,20.55,16.55,1.6945,9.0775,2.568,NO
3962,7.535,4.898,0.004,0.007,4.909,1.538,10.20,23.75,20.75,16.75,1.6501,8.8400,2.607,NO
3963,7.612,4.948,0.004,0.007,4.959,1.538,10.20,24.35,21.35,17.35,1.6607,8.8968,2.597,NO
3964,7.775,5.054,0.004,0.007,5.065,1.538,10.20,25.31,22.31,18.31,1.6834,9.0182,2.577,NO
3965,8.512,5.532,0.004,0.007,5.544,1.538,10.20,26.55,23.55,19.55,1.7854,9.5649,2.497,NO
3966,8.843,5.748,0.004,0.007,5.759,1.538,10.20,28.00,25.00,21.00,1.8313,9.8108,2.466,NO
3967,9.260,6.019,0.004,0.007,6.030,1.538,10.20,29.55,26.55,22.55,2.6989,10.1208,2.429,NO
3968,9.610,6.246,0.004,0.007,6.258,1.538,10.20,31.10,28.10,24.10,2.7681,10.3805,2.400,NO
3969,9.472,6.157,0.004,0.007,6.168,1.538,10.20,32.55,29.55,25.55,2.7408,10.2781,2.411,NO
3970,9.624,6.255,0.004,0.007,6.267,1.538,10.20,33.79,30.79,26.79,2.7709,10.3908,2.399,NO
3971,9.878,6.421,0.004,0.007,6.432,1.538,10.20,34.75,31.75,27.75,2.8212,10.5794,2.380,NO
3972,10.404,6.763,0.004,0.008,6.775,1.538,10.21,35.35,32.35,28.35,2.9255,10.9707,2.343,NO
3973,10.370,6.740,0.004,0.008,6.753,1.538,10.21,35.55,32.55,28.55,4.3781,10.9453,2.346,NO
3974,10.031,6.520,0.004,0.007,6.532,1.538,10.20,35.35,32.35,28.35,4.2773,10.6933,2.369,NO
3975,10.369,6.740,0.004,0.008,6.753,1.538,10.21,34.75,31.75,27.75,4.3779,10.9447,2.346,NO
3976,9.677,6.290,0.004,0.007,6.301,1.538,10.20,33.79,30.79,26.79,4.1721,10.4303,2.395,NO
3977,9.519,6.187,0.004,0.007,6.199,1.538,10.20,32.55,29.55,25.55,4.1252,10.3130,2.408,NO
3978,9.559,6.213,0.004,0.007,6.224,1.538,10.20,31.10,28.10,24.10,4.1370,10.3425,2.404,NO
3979,9.260,6.019,0.004,0.007,6.030,1.538,10.20,29.55,26.55,22.55,2.6988,10.1207,2.429,NO
3980,8.851,5.753,0.004,0.007,5.765,1.538,10.20,28.00,25.00,21.00,2.6179,9.8172,2.465,NO
3981,8.015,5.210,0.004,0.007,5.221,1.538,10.20,26.55,23.55,19.55,2.4524,9.1965,2.550,NO
3982,8.283,5.384,0.004,0.007,5.395,1.538,10.20,25.31,22.31,18.31,2.5054,9.3954,2.521,NO
3983,7.876,5.119,0.004,0.007,5.131,1.538,10.20,24.35,21.35,17.35,1.6973,9.0928,2.566,NO
3984,7.479,4.861,0.004,0.007,4.873,1.538,10.20,23.75,20.75,16.75,1.6423,8.7983,2.614,NO
3985,6.327,4.113,0.004,0.007,4.124,1.538,10.20,23.60,20.60,16.60,1.4827,7.9429,2.790,NO
3986,6.387,4.151,0.004,0.007,4.163,1.538,10.20,23.80,20.80,16.80,1.4909,7.9872,2.779,NO
3987,6.816,4.431,0.004,0.007,4.442,1.538,10.20,24.40,21.40,17.40,1.5505,8.3062,2.708,NO
3988,6.481,4.213,0.004,0.007,4.224,1.538,10.20,25.36,22.36,18.36,1.5041,8.0574,2.763,NO
3989,6.935,4.508,0.004,0.007,4.519,1.538,10.20,26.60,23.60,19.60,1.5670,8.3944,2.690,NO
3990,6.993,4.546,0.004,0.007,4.557,1.538,10.20,28.05,25.05,21.05,1.5750,8.4376,2.681,NO
3991,7.646,4.970,0.004,0.007,4.982,1.538,10.20,29.60,26.60,22.60,2.3794,8.9226,2.593,NO
3992,8.264,5.372,0.004,0.007,5.383,1.538,10.20,31.15,28.15,24.15,2.5016,9.3811,2.523,NO
3993,8.213,5.338,0.004,0.007,5.350,1.538,10.20,32.60,29.60,25.60,2.4915,9.3430,2.528,NO
3994,8.749,5.687,0.004,0.007,5.698,1.538,10.20,33.84,30.84,26.84,2.5976,9.7410,2.474,NO
3995,8.542,5.552,0.004,0.007,5.563,1.538,10.20,34.80,31.80,27.80,2.5566,9.5873,2.494,NO
3996,9.179,5.966,0.004,0.007,5.978,1.538,10.20,35.39,32.39,28.39,2.6828,10.0605,2.436,NO
3997,8.896,5.782,0.004,0.007,5.794,1.538,10.20,35.60,32.60,28.60,2.6267,9.8502,2.461,NO
3998,8.636,5.614,0.004,0.007,5.625,1.538,10.20,35.39,32.39,28.39,2.5753,9.6575,2.485,NO
3999,9.108,5.920,0.004,0.007,5.931,1.538,10.20,34.80,31.80,27.80,2.6687,10.0075,2.442,NO
4000,8.787,5.712,0.004,0.007,5.723,1.538,10.20,33.84,30.84,26.84,2.6053,9.7698,2.471,NO
4001,8.470,4.235,0.003,0.005,4.243,2.000,10.20,32.60,29.60,25.60,2.3895,8.9607,2.351,NO
4002,8.000,5.200,0.004,0.007,5.211,1.538,10.20,31.15,28.15,24.15,2.4494,9.1851,2.551,NO
4003,7.649,4.972,0.004,0.007,4.983,1.538,10.20,29.60,26.60,22.60,2.3799,8.9247,2.593,NO
4004,7.490,4.869,0.004,0.007,4.880,1.538,10.20,28.05,25.05,21.05,2.3484,8.8066,2.613,NO
4005,6.682,4.343,0.004,0.007,4.354,1.538,10.20,26.60,23.60,19.60,2.1883,8.2061,2.729,NO
4006,6.834,4.442,0.004,0.007,4.454,1.538,10.20,25.36,22.36,18.36,2.2186,8.3196,2.705,NO
4007,6.825,4.436,0.004,0.007,4.448,1.538,10.20,24.40,21.40,17.40,1.5517,8.3129,2.707,NO
4008,6.327,4.113,0.004,0.007,4.124,1.538,10.20,23.80,20.80,16.80,1.4827,7.9429,2.790,NO
4009,6.406,4.164,0.004,0.007,4.175,1.538,10.20,23.65,20.65,16.65,1.4936,8.0013,2.776,NO
4010,6.327,4.113,0.004,0.007,4.124,1.538,10.20,23.85,20.85,16.85,1.4827,7.9429,2.790,NO
4011,6.374,4.143,0.004,0.007,4.155,1.538,10.20,24.45,21.45,17.45,1.4892,7.9780,2.781,NO
4012,6.745,4.384,0.004,0.007,4.396,1.538,10.20,25.40,22.40,18.40,1.5406,8.2532,2.719,NO
4013,7.013,4.558,0.004,0.007,4.570,1.538,10.20,26.65,23.65,19.65,1.5777,8.4520,2.678,NO
4014,7.430,4.829,0.004,0.007,4.841,1.538,10.20,28.09,25.09,21.09,1.6355,8.7615,2.621,NO
4015,7.778,5.056,0.004,0.007,5.067,1.538,10.20,29.65,26.65,22.65,2.4055,9.0206,2.577,NO
4016,7.828,5.088,0.004,0.007,5.100,1.538,10.20,31.20,28.20,24.20,2.4153,9.0574,2.571,NO
4017,8.437,5.484,0.004,0.007,5.495,1.538,10.20,32.65,29.65,25.65,2.5358,9.5093,2.505,NO
4018,8.391,5.454,0.004,0.007,5.465,1.538,10.20,33.89,30.89,26.89,2.5267,9.4753,2.509,NO
4019,9.037,5.874,0.004,0.007,5.886,1.538,10.20,34.84,31.84,27.84,2.6548,9.9554,2.448,NO
4020,8.828,5.738,0.004,0.007,5.750,1.538,10.20,35.44,32.44,28.44,2.6134,9.8001,2.467,NO
4021,8.783,5.709,0.004,0.007,5.720,1.538,10.20,35.65,32.65,28.65,2.6045,9.7667,2.471,NO
4022,9.045,5.879,0.004,0.007,5.890,1.538,10.20,35.44,32.44,28.44,2.6562,9.9609,2.447,NO
4023,8.646,5.620,0.004,0.007,5.632,1.538,10.20,34.84,31.84,27.84,2.5774,9.6651,2.484,NO
4024,8.882,5.773,0.004,0.007,5.784,1.538,10.20,33.89,30.89,26.89,2.6239,9.8397,2.462,NO
4025,8.081,5.252,0.004,0.007,5.264,1.538,10.20,32.65,29.65,25.65,2.4653,9.2450,2.542,NO
4026,7.787,5.061,0.004,0.007,5.073,1.538,10.20,31.20,28.20,24.20,2.4071,9.0266,2.576,NO
4027,7.717,5.016,0.004,0.007,5.027,1.538,10.20,29.65,26.65,22.65,2.3933,8.9751,2.584,NO
4028,7.587,4.932,0.004,0.007,4.943,1.538,10.20,28.09,25.09,21.09,2.3677,8.8787,2.600,NO
4029,7.113,4.623,0.004,0.007,4.635,1.538,10.20,26.65,23.65,19.65,2.2737,8.5263,2.664,NO
4030,6.635,4.313,0.004,0.007,4.324,1.538,10.20,25.40,22.40,18.40,2.1791,8.1718,2.737,NO
4031,6.329,4.114,0.004,0.007,4.125,1.538,10.20,24.45,21.45,17.45,1.4829,7.9440,2.789,NO
4032,6.637,4.314,0.004,0.007,4.326,1.538,10.20,23.85,20.85,16.85,1.5257,8.1733,2.736,NO
4033,7.758,5.042,0.004,0.007,5.054,1.538,10.20,23.69,20.69,16.69,1.6809,9.0051,2.580,NO
4034,7.683,4.994,0.004,0.007,5.005,1.538,10.20,23.89,20.89,16.89,1.6705,8.9494,2.589,NO
4035,8.012,5.208,0.004,0.007,5.219,1.538,10.20,24.49,21.49,17.49,1.7162,9.1938,2.550,NO
4036,8.130,5.285,0.004,0.007,5.296,1.538,10.20,25.45,22.45,18.45,1.7326,9.2819,2.537,NO
4037,8.622,5.605,0.004,0.007,5.616,1.538,10.20,26.69,23.69,19.69,1.8008,9.6472,2.486,NO
4038,8.736,5.678,0.004,0.007,5.690,1.538,10.20,28.14,25.14,21.14,1.8165,9.7314,2.475,NO
4039,8.993,5.846,0.004,0.007,5.857,1.538,10.20,29.69,26.69,22.69,2.6461,9.9228,2.452,NO
4040,9.581,6.228,0.004,0.007,6.239,1.538,10.20,31.24,28.24,24.24,2.7625,10.3593,2.403,NO
4041,9.619,6.252,0.004,0.007,6.264,1.538,10.20,32.69,29.69,25.69,2.7699,10.3872,2.400,NO
4042,9.835,6.393,0.004,0.007,6.404,1.538,10.20,33.93,30.93,26.93,2.8127,10.5475,2.383,NO
4043,9.818,6.382,0.004,0.007,6.393,1.538,10.20,34.89,31.89,27.89,2.8093,10.5348,2.385,NO
4044,10.142,6.592,0.004,0.008,6.604,1.538,10.20,35.49,32.49,28.49,2.8735,10.7758,2.361,NO
4045,10.220,6.643,0.004,0.008,6.655,1.538,10.20,35.69,32.69,28.69,4.3334,10.8335,2.356,NO
4046,10.043,6.528,0.004,0.008,6.539,1.538,10.20,35.49,32.49,28.49,4.2807,10.7018,2.368,NO
4047,10.459,6.799,0.004,0.008,6.812,1.538,10.21,34.89,31.89,27.89,4.4048,11.0119,2.340,NO
4048,9.856,6.406,0.004,0.007,6.418,1.538,10.20,33.93,30.93,26.93,4.2253,10.5633,2.382,NO
4049,9.691,6.299,0.004,0.007,6.310,1.538,10.20,32.69,29.69,25.69,4.1763,10.4407,2.394,NO
4050,9.235,6.003,0.004,0.007,6.014,1.538,10.20,31.24,28.24,24.24,4.0409,10.1023,2.431,NO
4051,8.922,5.799,0.004,0.007,5.811,1.538,10.20,29.69,26.69,22.69,2.6320,9.8699,2.458,NO
4052,8.382,5.448,0.004,0.007,5.459,1.538,10.20,28.14,25.14,21.14,2.5249,9.4685,2.510,NO
4053,8.385,5.451,0.004,0.007,5.462,1.538,10.20,26.69,23.69,19.69,2.5257,9.4712,2.510,NO
4054,7.971,5.181,0.004,0.007,5.193,1.538,10.20,25.45,22.45,18.45,2.4437,9.1639,2.555,NO
4055,7.617,4.951,0.004,0.007,4.962,1.538,10.20,24.49,21.49,17.49,1.6615,8.9007,2.597,NO
4056,7.893,5.130,0.004,0.007,5.142,1.538,10.20,23.89,20.89,16.89,1.6997,9.1054,2.564,NO
4057,7.796,5.067,0.004,0.007,5.079,1.538,10.20,23.73,20.73,16.73,1.6863,9.0336,2.575,NO
4058,7.475,4.859,0.004,0.007,4.870,1.538,10.20,23.94,20.94,16.94,1.6418,8.7954,2.615,NO
4059,8.122,5.279,0.004,0.007,5.290,1.538,10.20,24.54,21.54,17.54,1.7314,9.2755,2.538,NO
4060,7.799,5.069,0.004,0.007,5.080,1.538,10.20,25.49,22.49,18.49,1.6866,9.0355,2.575,NO
4061,8.228,5.348,0.004,0.007,5.359,1.538,10.20,26.73,23.73,19.73,1.7461,9.3541,2.526,NO
4062,8.444,5.489,0.004,0.007,5.500,1.538,10.20,28.18,25.18,21.18,1.7761,9.5147,2.504,NO
4063,8.712,5.663,0.004,0.007,5.674,1.538,10.20,29.73,26.73,22.73,2.5904,9.7141,2.478,NO
4064,9.140,5.941,0.004,0.007,5.952,1.538,10.20,31.28,28.28,24.28,2.6751,10.0316,2.439,NO
4065,9.927,6.453,0.004,0.007,6.464,1.538,10.20,32.73,29.73,25.73,2.8309,10.6160,2.376,NO
4066,9.802,6.371,0.004,0.007,6.382,1.538,10.20,33.97,30.97,26.97,2.8061,10.5228,2.386,NO
4067,9.900,6.435,0.004,0.007,6.446,1.538,10.20,34.93,31.93,27.93,2.8255,10.5955,2.378,NO
4068,10.539,6.851,0.005,0.009,6.864,1.538,10.21,35.53,32.53,28.53,2.9524,11.0714,2.334,NO
4069,10.389,6.753,0.004,0.008,6.766,1.538,10.21,35.73,32.73,28.73,4.3839,10.9597,2.344,NO
4070,10.327,6.712,0.004,0.008,6.725,1.538,10.21,35.53,32.53,28.53,4.3653,10.9133,2.348,NO
4071,10.442,6.787,0.004,0.008,6.800,1.538,10.21,34.93,31.93,27.93,4.3996,10.9991,2.341,NO
4072,9.613,6.248,0.004,0.007,6.260,1.538,10.20,33.97,30.97,26.97,4.1530,10.3826,2.400,NO
4073,9.904,6.437,0.004,0.007,6.449,1.538,10.20,32.73,29.73,25.73,4.2394,10.5985,2.378,NO
4074,9.586,6.231,0.004,0.007,6.242,1.538,10.20,31.28,28.28,24.28,4.1452,10.3630,2.402,NO
4075,9.010,5.856,0.004,0.007,5.868,1.538,10.20,29.73,26.73,22.73,2.6493,9.9348,2.450,NO
4076,8.531,5.545,0.004,0.007,5.557,1.538,10.20,28.18,25.18,21.18,2.5545,9.5794,2.495,NO
4077,8.009,5.206,0.004,0.007,5.217,1.538,10.20,26.73,23.73,19.73,2.4512,9.1918,2.550,NO
4078,8.380,5.447,0.004,0.007,5.458,1.538,10.20,25.49,22.49,18.49,2.5246,9.4671,2.511,NO
4079,8.087,5.257,0.004,0.007,5.268,1.538,10.20,24.54,21.54,17.54,1.7267,9.2500,2.542,NO
4080,7.493,4.871,0.004,0.007,4.882,1.538,10.20,23.94,20.94,16.94,1.6443,8.8090,2.612,NO
4081,7.897,5.133,0.004,0.007,5.144,1.538,10.20,23.77,20.77,16.77,1.7003,9.1085,2.563,NO
4082,8.002,5.201,0.004,0.007,5.213,1.538,10.20,23.97,20.97,16.97,1.7148,9.1865,2.551,NO
4083,8.143,5.293,0.004,0.007,5.304,1.538,10.20,24.57,21.57,17.57,1.7344,9.2913,2.536,NO
4084,8.216,5.340,0.004,0.007,5.351,1.538,10.20,25.53,22.53,18.53,1.7444,9.3451,2.528,NO
4085,8.119,5.278,0.004,0.007,5.289,1.538,10.20,26.77,23.77,19.77,1.7311,9.2737,2.538,NO
4086,8.418,5.472,0.004,0.007,5.483,1.538,10.20,28.22,25.22,21.22,1.7725,9.4956,2.507,NO
4087,8.984,5.840,0.004,0.007,5.851,1.538,10.20,29.77,26.77,22.77,2.6443,9.9160,2.453,NO
4088,9.275,6.029,0.004,0.007,6.040,1.538,10.20,31.32,28.32,24.32,2.7019,10.1321,2.427,NO
4089,9.700,6.305,0.004,0.007,6.316,1.538,10.20,32.77,29.77,25.77,2.7859,10.4472,2.393,NO
4090,9.988,6.492,0.004,0.007,6.503,1.538,10.20,34.01,31.01,27.01,2.8429,10.6609,2.372,NO
4091,9.895,6.432,0.004,0.007,6.443,1.538,10.20,34.97,31.97,27.97,2.8246,10.5921,2.379,NO
4092,10.573,6.872,0.005,0.009,6.886,1.538,10.21,35.56,32.56,28.56,2.9590,11.0961,2.332,NO
4093,10.113,6.574,0.004,0.008,6.585,1.538,10.20,35.77,32.77,28.77,4.3017,10.7544,2.363,NO
4094,9.978,6.486,0.004,0.007,6.497,1.538,10.20,35.56,32.56,28.56,4.2616,10.6540,2.373,NO
4095,10.462,6.801,0.004,0.008,6.814,1.538,10.21,34.97,31.97,27.97,4.4057,11.0142,2.339,NO
4096,9.705,6.308,0.004,0.007,6.320,1.538,10.20,34.01,31.01,27.01,4.1804,10.4511,2.393,NO
4097,9.384,6.100,0.004,0.007,6.111,1.538,10.20,32.77,29.77,25.77,4.0851,10.2126,2.418,NO
4098,9.385,6.100,0.004,0.007,6.112,1.538,10.20,31.32,28.32,24.32,4.0855,10.2137,2.418,NO
4099,9.208,5.985,0.004,0.007,5.997,1.538,10.20,29.77,26.77,22.77,2.6886,10.0821,2.433,NO
4100,8.592,5.585,0.004,0.007,5.596,1.538,10.20,28.22,25.22,21.22,2.5666,9.6249,2.489,NO
4101,8.614,5.599,0.004,0.007,5.610,1.538,10.20,26.77,23.77,19.77,2.5709,9.6410,2.487,NO
4102,8.168,5.309,0.004,0.007,5.320,1.538,10.20,25.53,22.53,18.53,2.4826,9.3097,2.533,NO
4103,7.647,4.971,0.004,0.007,4.982,1.538,10.20,24.57,21.57,17.57,1.6656,8.9231,2.593,NO
4104,7.902,5.136,0.004,0.007,5.147,1.538,10.20,23.97,20.97,16.97,1.7009,9.1120,2.563,NO
4105,7.442,4.837,0.004,0.007,4.849,1.538,10.20,23.80,20.80,16.80,1.6372,8.7707,2.619,NO
4106,7.541,4.902,0.004,0.007,4.913,1.538,10.20,24.01,21.01,17.01,1.6509,8.8444,2.606,NO
4107,7.970,5.181,0.004,0.007,5.192,1.538,10.20,24.61,21.61,17.61,1.7104,9.1630,2.555,NO
4108,7.955,5.171,0.004,0.007,5.182,1.538,10.20,25.56,22.56,18.56,1.7084,9.1519,2.556,NO
4109,8.320,5.408,0.004,0.007,5.420,1.538,10.20,26.80,23.80,19.80,1.7590,9.4230,2.517,NO
4110,8.902,5.786,0.004,0.007,5.797,1.538,10.20,28.25,25.25,21.25,1.8395,9.8547,2.460,NO
4111,9.247,6.010,0.004,0.007,6.022,1.538,10.20,29.80,26.80,22.80,2.6962,10.1109,2.430,NO
4112,9.326,6.062,0.004,0.007,6.073,1.538,10.20,31.36,28.36,24.36,2.7118,10.1694,2.423,NO
4113,9.451,6.143,0.004,0.007,6.154,1.538,10.20,32.80,29.80,25.80,2.7367,10.2625,2.413,NO
4114,9.621,6.254,0.004,0.007,6.265,1.538,10.20,34.05,31.05,27.05,2.7703,10.3887,2.400,NO
4115,10.145,6.594,0.004,0.008,6.606,1.538,10.20,35.00,32.00,28.00,2.8742,10.7781,2.361,NO
4116,10.545,6.854,0.005,0.009,6.867,1.538,10.21,35.60,32.60,28.60,2.9535,11.0756,2.334,NO
4117,10.605,6.893,0.005,0.009,6.907,1.538,10.21,35.80,32.80,28.80,4.4481,11.1203,2.330,NO
4118,9.987,6.491,0.004,0.007,6.503,1.538,10.20,35.60,32.60,28.60,4.2641,10.6602,2.372,NO
4119,10.302,6.696,0.004,0.008,6.709,1.538,10.21,35.00,32.00,28.00,4.3580,10.8950,2.350,NO
4120,10.005,6.503,0.004,0.007,6.514,1.538,10.20,34.05,31.05,27.05,4.2694,10.6736,2.371,NO
4121,9.735,6.328,0.004,0.007,6.339,1.538,10.20,32.80,29.80,25.80,4.1894,10.4736,2.391,NO
4122,9.354,6.080,0.004,0.007,6.091,1.538,10.20,31.36,28.36,24.36,4.0761,10.1902,2.421,NO
4123,8.791,5.714,0.004,0.007,5.726,1.538,10.20,29.80,26.80,22.80,2.6060,9.7726,2.470,NO
4124,8.797,5.718,0.004,0.007,5.729,1.538,10.20,28.25,25.25,21.25,2.6072,9.7769,2.470,NO
4125,8.389,5.453,0.004,0.007,5.464,1.538,10.20,26.80,23.80,19.80,2.5263,9.4736,2.510,NO
4126,8.221,5.344,0.004,0.007,5.355,1.538,10.20,25.56,22.56,18.56,2.4932,9.3495,2.527,NO
4127,7.775,5.054,0.004,0.007,5.065,1.538,10.20,24.61,21.61,17.61,1.6834,9.0180,2.578,NO
4128,7.912,5.143,0.004,0.007,5.154,1.538,10.20,24.01,21.01,17.01,1.7023,9.1194,2.561,NO
4129,7.961,5.175,0.004,0.007,5.186,1.538,10.20,23.84,20.84,16.84,1.7092,9.1563,2.556,NO
4130,7.664,4.982,0.004,0.007,4.993,1.538,10.20,24.04,21.04,17.04,1.6680,8.9358,2.591,NO
4131,7.793,5.066,0.004,0.007,5.077,1.538,10.20,24.64,21.64,17.64,1.6859,9.0315,2.575,NO
4132,7.803,5.072,0.004,0.007,5.083,1.538,10.20,25.59,22.59,18.59,1.6873,9.0390,2.574,NO
4133,8.009,5.206,0.004,0.007,5.217,1.538,10.20,26.84,23.84,19.84,1.7158,9.1918,2.550,NO
4134,8.572,5.572,0.004,0.007,5.583,1.538,10.20,28.28,25.28,21.28,1.7938,9.6095,2.491,NO
4135,8.954,5.820,0.004,0.007,5.832,1.538,10.20,29.84,26.84,22.84,2.6383,9.8937,2.455,NO
4136,9.647,6.271,0.004,0.007,6.282,1.538,10.20,31.39,28.39,24.39,2.7756,10.4083,2.397,NO
4137,9.528,6.194,0.004,0.007,6.205,1.538,10.20,32.84,29.84,25.84,2.7520,10.3200,2.407,NO
4138,9.945,6.464,0.004,0.007,6.476,1.538,10.20,34.08,31.08,27.08,2.8345,10.6295,2.375,NO
4139,9.877,6.420,0.004,0.007,6.432,1.538,10.20,35.03,32.03,28.03,2.8211,10.5791,2.380,NO
4140,9.963,6.476,0.004,0.007,6.487,1.538,10.20,35.63,32.63,28.63,2.8379,10.6423,2.374,NO
4141,10.380,6.747,0.004,0.008,6.760,1.538,10.21,35.84,32.84,28.84,4.3811,10.9529,2.345,NO
4142,10.354,6.730,0.004,0.008,6.743,1.538,10.21,35.63,32.63,28.63,4.3734,10.9335,2.347,NO
4143,10.136,6.588,0.004,0.008,6.600,1.538,10.20,35.03,32.03,28.03,4.3084,10.7711,2.362,NO
4144,10.025,6.516,0.004,0.007,6.528,1.538,10.20,34.08,31.08,27.08,4.2756,10.6889,2.369,NO
4145,9.409,6.116,0.004,0.007,6.127,1.538,10.20,32.84,29.84,25.84,4.0924,10.2310,2.416,NO
4146,9.181,5.968,0.004,0.007,5.979,1.538,10.20,31.39,28.39,24.39,4.0248,10.0621,2.435,NO
4147,8.741,5.681,0.004,0.007,5.693,1.538,10.20,29.84,26.84,22.84,2.5960,9.7349,2.475,NO
4148,8.688,5.647,0.004,0.007,5.659,1.538,10.20,28.28,25.28,21.28,2.5857,9.6962,2.480,NO
4149,8.450,5.492,0.004,0.007,5.504,1.538,10.20,26.84,23.84,19.84,2.5384,9.5189,2.503,NO
4150,7.791,5.064,0.004,0.007,5.076,1.538,10.20,25.59,22.59,18.59,2.4080,9.0301,2.576,NO
4151,7.966,5.178,0.004,0.007,5.189,1.538,10.20,24.64,21.64,17.64,1.7099,9.1601,2.555,NO
4152,7.929,5.154,0.004,0.007,5.165,1.538,10.20,24.04,21.04,17.04,1.7047,9.1324,2.559,NO
4153,6.529,4.244,0.004,0.007,4.255,1.538,10.20,23.87,20.87,16.87,1.5106,8.0926,2.755,NO
4154,6.327,4.113,0.004,0.007,4.124,1.538,10.20,24.07,21.07,17.07,1.4827,7.9429,2.790,NO
4155,6.637,4.314,0.004,0.007,4.325,1.538,10.20,24.67,21.67,17.67,1.5256,8.1729,2.737,NO
4156,6.588,4.282,0.004,0.007,4.293,1.538,10.20,25.62,22.62,18.62,1.5188,8.1366,2.745,NO
4157,6.851,4.453,0.004,0.007,4.464,1.538,10.20,26.87,23.87,19.87,1.5553,8.3320,2.703,NO
4158,7.466,4.853,0.004,0.007,4.864,1.538,10.20,28.31,25.31,21.31,1.6405,8.7886,2.616,NO
4159,7.927,5.153,0.004,0.007,5.164,1.538,10.20,29.87,26.87,22.87,2.4349,9.1310,2.560,NO
4160,7.787,5.061,0.004,0.007,5.073,1.538,10.20,31.42,28.42,24.42,2.4072,9.0269,2.576,NO
4161,8.059,5.238,0.004,0.007,5.249,1.538,10.20,32.87,29.87,25.87,2.4610,9.2287,2.545,NO
4162,8.436,5.483,0.004,0.007,5.494,1.538,10.20,34.11,31.11,27.11,2.5356,9.5085,2.505,NO
4163,8.809,5.726,0.004,0.007,5.737,1.538,10.20,35.06,32.06,28.06,2.6095,9.7856,2.469,NO
4164,8.728,5.673,0.004,0.007,5.684,1.538,10.20,35.66,32.66,28.66,2.5935,9.7255,2.476,NO
4165,9.198,5.979,0.004,0.007,5.990,1.538,10.20,35.87,32.87,28.87,2.6866,10.0748,2.434,NO
4166,8.807,5.725,0.004,0.007,5.736,1.538,10.20,35.66,32.66,28.66,2.6092,9.7844,2.469,NO
4167,8.566,5.568,0.004,0.007,5.579,1.538,10.20,35.06,32.06,28.06,2.5614,9.6054,2.492,NO
4168,8.729,5.674,0.004,0.007,5.685,1.538,10.20,34.11,31.11,27.11,2.5938,9.7267,2.476,NO
4169,8.432,5.481,0.004,0.007,5.492,1.538,10.20,32.87,29.87,25.87,2.5349,9.5057,2.505,NO
4170,7.852,5.104,0.004,0.007,5.115,1.538,10.20,31.42,28.42,24.42,2.4201,9.0752,2.568,NO
4171,7.783,5.059,0.004,0.007,5.070,1.538,10.20,29.87,26.87,22.87,2.4064,9.0242,2.577,NO
4172,7.355,4.781,0.004,0.007,4.792,1.538,10.20,28.31,25.31,21.31,2.3217,8.7065,2.630,NO
4173,7.225,4.696,0.004,0.007,4.707,1.538,10.20,26.87,23.87,19.87,2.2958,8.6094,2.648,NO
4174,6.780,4.407,0.004,0.007,4.418,1.538,10.20,25.62,22.62,18.62,2.2077,8.2789,2.714,NO
4175,6.399,4.160,0.004,0.007,4.171,1.538,10.20,24.67,21.67,17.67,1.4927,7.9967,2.777,NO
4176,6.680,4.342,0.004,0.007,4.353,1.538,10.20,24.07,21.07,17.07,1.5316,8.2049,2.730,NO
4177,6.327,4.113,0.004,0.007,4.124,1.538,10.20,23.89,20.89,16.89,1.4827,7.9429,2.790,NO
4178,6.480,4.212,0.004,0.007,4.224,1.538,10.20,24.10,21.10,17.10,1.5039,8.0569,2.763,NO
4179,6.682,4.343,0.004,0.007,4.355,1.538,10.20,24.70,21.70,17.70,1.5319,8.2064,2.729,NO
4180,6.626,4.307,0.004,0.007,4.318,1.538,10.20,25.65,22.65,18.65,1.5241,8.1646,2.738,NO
4181,6.793,4.416,0.004,0.007,4.427,1.538,10.20,26.89,23.89,19.89,1.5473,8.2892,2.712,NO
4182,7.152,4.649,0.004,0.007,4.660,1.538,10.20,28.34,25.34,21.34,1.5971,8.5556,2.658,NO
4183,7.759,5.043,0.004,0.007,5.054,1.538,10.20,29.89,26.89,22.89,2.4016,9.0059,2.579,NO
4184,7.832,5.091,0.004,0.007,5.102,1.538,10.20,31.45,28.45,24.45,2.4162,9.0607,2.571,NO
4185,8.636,5.614,0.004,0.007,5.625,1.538,10.20,32.89,29.89,25.89,2.5753,9.6575,2.485,NO
4186,8.665,5.632,0.004,0.007,5.643,1.538,10.20,34.14,31.14,27.14,2.5810,9.6786,2.482,NO
4187,8.789,5.713,0.004,0.007,5.724,1.538,10.20,35.09,32.09,28.09,2.6057,9.7713,2.470,NO
4188,9.144,5.944,0.004,0.007,5.955,1.538,10.20,35.69,32.69,28.69,2.6758,10.0344,2.439,NO
4189,8.762,5.696,0.004,0.007,5.707,1.538,10.20,35.89,32.89,28.89,2.6003,9.7512,2.473,NO
4190,8.968,5.830,0.004,0.007,5.841,1.538,10.20,35.69,32.69,28.69,2.6411,9.9042,2.454,NO
4191,8.717,5.666,0.004,0.007,5.677,1.538,10.20,35.09,32.09,28.09,2.5913,9.7172,2.477,NO
4192,8.802,5.721,0.004,0.007,5.732,1.538,10.20,34.14,31.14,27.14,2.6081,9.7804,2.469,NO
4193,8.610,5.597,0.004,0.007,5.608,1.538,10.20,32.89,29.89,25.89,2.5702,9.6382,2.488,NO
4194,7.950,5.167,0.004,0.007,5.179,1.538,10.20,31.45,28.45,24.45,2.4394,9.1477,2.557,NO
4195,7.548,4.906,0.004,0.007,4.917,1.538,10.20,29.89,26.89,22.89,2.3598,8.8494,2.605,NO
4196,7.168,4.659,0.004,0.007,4.670,1.538,10.20,28.34,25.34,21.34,2.2846,8.5672,2.656,NO
4197,6.704,4.357,0.004,0.007,4.369,1.538,10.20,26.89,23.89,19.89,2.1927,8.2227,2.726,NO
4198,6.563,4.266,0.004,0.007,4.278,1.538,10.20,25.65,22.65,18.65,2.1649,8.1184,2.749,NO
4199,6.492,4.220,0.004,0.007,4.231,1.538,10.20,24.70,21.70,17.70,1.5056,8.0655,2.761,NO
4200,6.488,4.217,0.004,0.007,4.229,1.538,10.20,24.10,21.10,17.10,1.5050,8.0626,2.761,NO
4201,7.374,4.793,0.004,0.007,4.804,1.538,10.20,23.92,20.92,16.92,1.6278,8.7203,2.628,NO
4202,7.449,4.842,0.004,0.007,4.853,1.538,10.20,24.12,21.12,17.12,1.6382,8.7763,2.618,NO
4203,7.975,5.184,0.004,0.007,5.195,1.538,10.20,24.72,21.72,17.72,1.7111,9.1665,2.554,NO
4204,8.203,5.332,0.004,0.007,5.343,1.538,10.20,25.67,22.67,18.67,1.7427,9.3359,2.529,NO
4205,8.372,5.442,0.004,0.007,5.453,1.538,10.20,26.92,23.92,19.92,1.7662,9.4617,2.511,NO
4206,8.664,5.631,0.004,0.007,5.643,1.538,10.20,28.36,25.36,21.36,1.8066,9.6780,2.482,NO
4207,9.128,5.933,0.004,0.007,5.945,1.538,10.20,29.92,26.92,22.92,2.6727,10.0227,2.440,NO
4208,9.306,6.049,0.004,0.007,6.060,1.538,10.20,31.47,28.47,24.47,2.7080,10.1551,2.425,NO
4209,9.417,6.121,0.004,0.007,6.133,1.538,10.20,32.92,29.92,25.92,2.7300,10.2375,2.416,NO
4210,9.968,6.479,0.004,0.007,6.490,1.538,10.20,34.16,31.16,27.16,2.8389,10.6460,2.373,NO
4211,9.917,6.446,0.004,0.007,6.457,1.538,10.20,35.11,32.11,28.11,2.8289,10.6084,2.377,NO
4212,9.977,6.485,0.004,0.007,6.496,1.538,10.20,35.71,32.71,28.71,2.8408,10.6530,2.373,NO
4213,10.058,6.538,0.004,0.008,6.549,1.538,10.20,35.92,32.92,28.92,4.2853,10.7133,2.367,NO
4214,10.378,6.746,0.004,0.008,6.758,1.538,10.21,35.71,32.71,28.71,4.3805,10.9512,2.345,NO
4215,10.406,6.764,0.004,0.008,6.777,1.538,10.21,35.11,32.11,28.11,4.3889,10.9723,2.343,NO
4216,10.224,6.646,0.004,0.008,6.658,1.538,10.20,34.16,31.16,27.16,4.3347,10.8367,2.355,NO
4217,9.327,6.062,0.004,0.007,6.074,1.538,10.20,32.92,29.92,25.92,4.0681,10.1702,2.423,NO
4218,9.230,6.000,0.004,0.007,6.011,1.538,10.20,31.47,28.47,24.47,4.0394,10.0984,2.431,NO
4219,9.112,5.923,0.004,0.007,5.934,1.538,10.20,29.92,26.92,22.92,2.6694,10.0104,2.441,NO
4220,8.757,5.692,0.004,0.007,5.704,1.538,10.20,28.36,25.36,21.36,2.5993,9.7475,2.473,NO
4221,8.301,5.396,0.004,0.007,5.407,1.538,10.20,26.92,23.92,19.92,2.5089,9.4085,2.519,NO
4222,8.217,5.341,0.004,0.007,5.352,1.538,10.20,25.67,22.67,18.67,2.4924,9.3463,2.528,NO
4223,7.881,5.123,0.004,0.007,5.134,1.538,10.20,24.72,21.72,17.72,1.6981,9.0970,2.565,NO
4224,7.795,5.067,0.004,0.007,5.078,1.538,10.20,24.12,21.12,17.12,1.6862,9.0331,2.575,NO
4225,7.879,5.121,0.004,0.007,5.133,1.538,10.20,23.94,20.94,16.94,1.6978,9.0952,2.565,NO
4226,7.714,5.014,0.004,0.007,5.026,1.538,10.20,24.14,21.14,17.14,1.6749,8.9729,2.585,NO
4227,7.603,4.942,0.004,0.007,4.953,1.538,10.20,24.74,21.74,17.74,1.6595,8.8901,2.599,NO
4228,7.985,5.190,0.004,0.007,5.201,1.538,10.20,25.69,22.69,18.69,1.7124,9.1738,2.553,NO
4229,8.412,5.468,0.004,0.007,5.479,1.538,10.20,26.94,23.94,19.94,1.7716,9.4908,2.507,NO
4230,8.899,5.785,0.004,0.007,5.796,1.538,10.20,28.38,25.38,21.38,1.8392,9.8528,2.460,NO
4231,8.688,5.647,0.004,0.007,5.659,1.538,10.20,29.94,26.94,22.94,2.5856,9.6961,2.480,NO
4232,9.380,6.097,0.004,0.007,6.108,1.538,10.20,31.49,28.49,24.49,2.7225,10.2095,2.419,NO
4233,9.381,6.098,0.004,0.007,6.109,1.538,10.20,32.94,29.94,25.94,2.7228,10.2106,2.419,NO
4234,9.816,6.381,0.004,0.007,6.392,1.538,10.20,34.18,31.18,27.18,2.8090,10.5336,2.385,NO
4235,10.368,6.739,0.004,0.008,6.752,1.538,10.21,35.13,32.13,28.13,2.9184,10.9439,2.346,NO
4236,9.962,6.475,0.004,0.007,6.487,1.538,10.20,35.73,32.73,28.73,2.8379,10.6421,2.374,NO
4237,10.046,6.530,0.004,0.008,6.542,1.538,10.20,35.94,32.94,28.94,4.2819,10.7047,2.368,NO
4238,10.194,6.626,0.004,0.008,6.638,1.538,10.20,35.73,32.73,28.73,4.3258,10.8145,2.357,NO
4239,9.894,6.431,0.004,0.007,6.442,1.538,10.20,35.13,32.13,28.13,4.2364,10.5911,2.379,NO
4240,10.119,6.578,0.004,0.008,6.589,1.538,10.20,34.18,31.18,27.18,4.3035,10.7589,2.363,NO
4241,9.898,6.434,0.004,0.007,6.445,1.538,10.20,32.94,29.94,25.94,4.2378,10.5945,2.379,NO
4242,9.561,6.215,0.004,0.007,6.226,1.538,10.20,31.49,28.49,24.49,4.1378,10.3444,2.404,NO
4243,8.690,5.649,0.004,0.007,5.660,1.538,10.20,29.94,26.94,22.94,2.5861,9.6977,2.480,NO
4244,8.475,5.509,0.004,0.007,5.520,1.538,10.20,28.38,25.38,21.38,2.5434,9.5377,2.501,NO
4245,8.195,5.327,0.004,0.007,5.338,1.538,10.20,26.94,23.94,19.94,2.4880,9.3299,2.530,NO
4246,7.829,5.089,0.004,0.007,5.100,1.538,10.20,25.69,22.69,18.69,2.4155,9.0582,2.571,NO
4247,7.805,5.073,0.004,0.007,5.085,1.538,10.20,24.74,21.74,17.74,1.6876,9.0405,2.574,NO
4248,7.726,5.022,0.004,0.007,5.033,1.538,10.20,24.14,21.14,17.14,1.6766,8.9817,2.583,NO
4249,7.483,4.864,0.004,0.007,4.875,1.538,10.20,23.96,20.96,16.96,1.6428,8.8009,2.614,NO
4250,7.500,4.875,0.004,0.007,4.886,1.538,10.20,24.16,21.16,17.16,1.6453,8.8140,2.611,NO
4251,7.586,4.931,0.004,0.007,4.942,1.538,10.20,24.76,21.76,17.76,1.6571,8.8775,2.601,NO
4252,7.743,5.033,0.004,0.007,5.045,1.538,10.20,25.71,22.71,18.71,1.6790,8.9946,2.581,NO
4253,8.153,5.299,0.004,0.007,5.311,1.538,10.20,26.96,23.96,19.96,1.7357,9.2986,2.535,NO
4254,8.335,5.418,0.004,0.007,5.429,1.538,10.20,28.40,25.40,21.40,1.7610,9.4338,2.515,NO
4255,8.690,5.649,0.004,0.007,5.660,1.538,10.20,29.96,26.96,22.96,2.5860,9.6975,2.480,NO
4256,9.074,5.898,0.004,0.007,5.909,1.538,10.20,31.51,28.51,24.51,2.6620,9.9826,2.445,NO
4257,9.748,6.336,0.004,0.007,6.347,1.538,10.20,32.96,29.96,25.96,2.7955,10.4829,2.390,NO
4258,10.026,6.517,0.004,0.007,6.529,1.538,10.20,34.20,31.20,27.20,2.8506,10.6897,2.369,NO
4259,10.041,6.527,0.004,0.008,6.538,1.538,10.20,35.15,32.15,28.15,2.8535,10.7005,2.368,NO
4260,10.335,6.718,0.004,0.008,6.730,1.538,10.21,35.75,32.75,28.75,2.9118,10.9191,2.348,NO
4261,10.582,6.878,0.005,0.009,6.892,1.538,10.21,35.96,32.96,28.96,4.4413,11.1034,2.332,NO
4262,9.950,6.467,0.004,0.007,6.479,1.538,10.20,35.75,32.75,28.75,4.2531,10.6328,2.375,NO
4263,10.199,6.629,0.004,0.008,6.641,1.538,10.20,35.15,32.15,28.15,4.3273,10.8182,2.357,NO
4264,10.023,6.515,0.004,0.007,6.526,1.538,10.20,34.20,31.20,27.20,4.2748,10.6870,2.370,NO
4265,9.630,6.260,0.004,0.007,6.271,1.538,10.20,32.96,29.96,25.96,4.1582,10.3955,2.399,NO
4266,9.509,6.181,0.004,0.007,6.192,1.538,10.20,31.51,28.51,24.51,4.1221,10.3053,2.408,NO
4267,9.047,5.880,0.004,0.007,5.892,1.538,10.20,29.96,26.96,22.96,2.6566,9.9623,2.447,NO
4268,8.381,5.448,0.004,0.007,5.459,1.538,10.20,28.40,25.40,21.40,2.5248,9.4680,2.510,NO
4269,8.188,5.322,0.004,0.007,5.333,1.538,10.20,26.96,23.96,19.96,2.4865,9.3244,2.531,NO
4270,8.090,5.258,0.004,0.007,5.269,1.538,10.20,25.71,22.71,18.71,2.4671,9.2516,2.541,NO
4271,7.736,5.028,0.004,0.007,5.039,1.538,10.20,24.76,21.76,17.76,1.6779,8.9887,2.582,NO
4272,7.683,4.994,0.004,0.007,5.005,1.538,10.20,24.16,21.16,17.16,1.6706,8.9497,2.589,NO
4273,7.572,4.922,0.004,0.007,4.933,1.538,10.20,23.97,20.97,16.97,1.6553,8.8676,2.602,NO
4274,7.687,4.997,0.004,0.007,5.008,1.538,10.20,24.17,21.17,17.17,1.6712,8.9527,2.588,NO
4275,7.939,5.160,0.004,0.007,5.171,1.538,10.20,24.77,21.77,17.77,1.7060,9.1395,2.558,NO
4276,8.010,5.206,0.004,0.007,5.218,1.538,10.20,25.73,22.73,18.73,1.7159,9.1925,2.550,NO
4277,8.390,5.453,0.004,0.007,5.464,1.538,10.20,26.97,23.97,19.97,1.7685,9.4743,2.510,NO
4278,8.432,5.481,0.004,0.007,5.492,1.538,10.20,28.42,25.42,21.42,1.7744,9.5059,2.505,NO
4279,8.718,5.666,0.004,0.007,5.678,1.538,10.20,29.97,26.97,22.97,2.5915,9.7180,2.477,NO
4280,9.618,6.252,0.004,0.007,6.263,1.538,10.20,31.52,28.52,24.52,2.7698,10.3866,2.400,NO
4281,9.353,6.080,0.004,0.007,6.091,1.538,10.20,32.97,29.97,25.97,2.7173,10.1900,2.421,NO
4282,10.091,6.559,0.004,0.008,6.571,1.538,10.20,34.21,31.21,27.21,2.8634,10.7376,2.365,NO
4283,10.273,6.677,0.004,0.008,6.690,1.538,10.21,35.17,32.17,28.17,2.8995,10.8731,2.352,NO
4284,10.126,6.582,0.004,0.008,6.594,1.538,10.20,35.77,32.77,28.77,2.8704,10.7641,2.362,NO
4285,10.633,6.911,0.005,0.009,6.925,1.538,10.21,35.97,32.97,28.97,4.4563,11.1408,2.328,NO
4286,10.232,6.651,0.004,0.008,6.663,1.538,10.20,35.77,32.77,28.77,4.3371,10.8428,2.355,NO
4287,9.872,6.417,0.004,0.007,6.428,1.538,10.20,35.17,32.17,28.17,4.2300,10.5749,2.380,NO
4288,9.914,6.444,0.004,0.007,6.455,1.538,10.20,34.21,31.21,27.21,4.2424,10.6059,2.377,NO
4289,9.532,6.196,0.004,0.007,6.207,1.538,10.20,32.97,29.97,25.97,4.1292,10.3229,2.407,NO
4290,9.024,5.866,0.004,0.007,5.877,1.538,10.20,31.52,28.52,24.52,3.9782,9.9455,2.449,NO
4291,8.742,5.682,0.004,0.007,5.694,1.538,10.20,29.97,26.97,22.97,2.5963,9.7362,2.475,NO
4292,8.372,5.442,0.004,0.007,5.453,1.538,10.20,28.42,25.42,21.42,2.5230,9.4613,2.511,NO
4293,8.324,5.410,0.004,0.007,5.422,1.538,10.20,26.97,23.97,19.97,2.5135,9.4255,2.516,NO
4294,8.216,5.341,0.004,0.007,5.352,1.538,10.20,25.73,22.73,18.73,2.4922,9.3457,2.528,NO
4295,7.618,4.952,0.004,0.007,4.963,1.538,10.20,24.77,21.77,17.77,1.6616,8.9015,2.597,NO
4296,7.813,5.078,0.004,0.007,5.090,1.538,10.20,24.17,21.17,17.17,1.6886,9.0462,2.573,NO
4297,7.942,5.163,0.004,0.007,5.174,1.538,10.20,23.98,20.98,16.98,1.7066,9.1423,2.558,NO
4298,7.406,4.814,0.004,0.007,4.825,1.538,10.20,24.19,21.19,17.19,1.6322,8.7439,2.624,NO
4299,8.132,5.286,0.004,0.007,5.297,1.538,10.20,24.79,21.79,17.79,1.7329,9.2834,2.537,NO
4300,8.024,5.216,0.004,0.007,5.227,1.538,10.20,25.74,22.74,18.74,1.7179,9.2030,2.549,NO
4301,8.305,5.399,0.004,0.007,5.410,1.538,10.20,26.98,23.98,19.98,1.7569,9.4118,2.518,NO
4302,8.593,5.586,0.004,0.007,5.597,1.538,10.20,28.43,25.43,21.43,1.7968,9.6256,2.489,NO
4303,9.007,5.855,0.004,0.007,5.866,1.538,10.20,29.98,26.98,22.98,2.6488,9.9331,2.451,NO
4304,9.269,6.025,0.004,0.007,6.036,1.538,10.20,31.53,28.53,24.53,2.7006,10.1272,2.428,NO
4305,9.598,6.239,0.004,0.007,6.250,1.538,10.20,32.98,29.98,25.98,2.7657,10.3715,2.401,NO
4306,9.729,6.324,0.004,0.007,6.335,1.538,10.20,34.22,31.22,27.22,2.7918,10.4692,2.391,NO
4307,10.056,6.537,0.004,0.008,6.548,1.538,10.20,35.18,32.18,28.18,2.8566,10.7121,2.367,NO
4308,10.121,6.578,0.004,0.008,6.590,1.538,10.20,35.78,32.78,28.78,2.8693,10.7599,2.363,NO
4309,10.320,6.708,0.004,0.008,6.720,1.538,10.21,35.98,32.98,28.98,4.3632,10.9079,2.349,NO
4310,10.307,6.700,0.004,0.008,6.712,1.538,10.21,35.78,32.78,28.78,4.3595,10.8989,2.350,NO
4311,10.176,6.614,0.004,0.008,6.626,1.538,10.20,35.18,32.18,28.18,4.3204,10.8011,2.359,NO
4312,9.814,6.379,0.004,0.007,6.390,1.538,10.20,34.22,31.22,27.22,4.2128,10.5319,2.385,NO
4313,9.832,6.391,0.004,0.007,6.402,1.538,10.20,32.98,29.98,25.98,4.2181,10.5452,2.383,NO
4314,9.504,6.178,0.004,0.007,6.189,1.538,10.20,31.53,28.53,24.53,4.1208,10.3019,2.409,NO
4315,8.789,5.713,0.004,0.007,5.724,1.538,10.20,29.98,26.98,22.98,2.6057,9.7712,2.470,NO
4316,8.816,5.730,0.004,0.007,5.742,1.538,10.20,28.43,25.43,21.43,2.6109,9.7910,2.468,NO
4317,8.301,5.396,0.004,0.007,5.407,1.538,10.20,26.98,23.98,19.98,2.5089,9.4084,2.519,NO
4318,8.377,5.445,0.004,0.007,5.456,1.538,10.20,25.74,22.74,18.74,2.5239,9.4647,2.511,NO
4319,7.543,4.903,0.004,0.007,4.914,1.538,10.20,24.79,21.79,17.79,1.6512,8.8457,2.606,NO
4320,7.644,4.969,0.004,0.007,4.980,1.538,10.20,24.19,21.19,17.19,1.6653,8.9211,2.593,NO
4321,6.598,4.289,0.004,0.007,4.300,1.538,10.20,23.99,20.99,16.99,1.5202,8.1441,2.743,NO
4322,6.655,4.325,0.004,0.007,4.337,1.538,10.20,24.20,21.20,17.20,1.5281,8.1861,2.734,NO
4323,6.393,4.155,0.004,0.007,4.167,1.538,10.20,24.79,21.79,17.79,1.4918,7.9917,2.778,NO
4324,6.894,4.481,0.004,0.007,4.493,1.538,10.20,25.75,22.75,18.75,1.5613,8.3642,2.696,NO
4325,6.900,4.485,0.004,0.007,4.497,1.538,10.20,26.99,23.99,19.99,1.5621,8.3686,2.695,NO
4326,7.357,4.782,0.004,0.007,4.793,1.538,10.20,28.44,25.44,21.44,1.6254,8.7077,2.630,NO
4327,7.716,5.015,0.004,0.007,5.027,1.538,10.20,29.99,26.99,22.99,2.3931,8.9742,2.585,NO
4328,7.742,5.032,0.004,0.007,5.044,1.538,10.20,31.54,28.54,24.54,2.3983,8.9934,2.581,NO
4329,8.123,5.280,0.004,0.007,5.291,1.538,10.20,32.99,29.99,25.99,2.4736,9.2762,2.538,NO
4330,8.281,5.383,0.004,0.007,5.394,1.538,10.20,34.23,31.23,27.23,2.5050,9.3936,2.521,NO
4331,8.671,5.636,0.004,0.007,5.647,1.538,10.20,35.19,32.19,28.19,2.5821,9.6830,2.482,NO
4332,8.881,5.773,0.004,0.007,5.784,1.538,10.20,35.79,32.79,28.79,2.6238,9.8394,2.462,NO
4333,8.854,5.755,0.004,0.007,5.767,1.538,10.20,35.99,32.99,28.99,2.6185,9.8194,2.464,NO
4334,9.218,5.992,0.004,0.007,6.003,1.538,10.20,35.79,32.79,28.79,2.6905,10.0894,2.432,NO
4335,8.898,5.783,0.004,0.007,5.795,1.538,10.20,35.19,32.19,28.19,2.6271,9.8516,2.460,NO
4336,8.614,5.599,0.004,0.007,5.610,1.538,10.20,34.23,31.23,27.23,2.5709,9.6408,2.487,NO
4337,8.246,5.360,0.004,0.007,5.371,1.538,10.20,32.99,29.99,25.99,2.4981,9.3680,2.524,NO
4338,8.009,5.206,0.004,0.007,5.217,1.538,10.20,31.54,28.54,24.54,2.4512,9.1921,2.550,NO
4339,7.819,5.083,0.004,0.007,5.094,1.538,10.20,29.99,26.99,22.99,2.4136,9.0511,2.572,NO
4340,7.620,4.953,0.004,0.007,4.964,1.538,10.20,28.44,25.44,21.44,2.3741,8.9027,2.596,NO
4341,6.891,4.479,0.004,0.007,4.491,1.538,10.20,26.99,23.99,19.99,2.2298,8.3619,2.696,NO
4342,6.989,4.543,0.004,0.007,4.554,1.538,10.20,25.75,22.75,18.75,2.2492,8.4343,2.682,NO
4343,6.327,4.113,0.004,0.007,4.124,1.538,10.20,24.79,21.79,17.79,1.4827,7.9429,2.790,NO
4344,6.392,4.155,0.004,0.007,4.166,1.538,10.20,24.20,21.20,17.20,1.4917,7.9914,2.778,NO
4345,6.527,4.243,0.004,0.007,4.254,1.538,10.20,24.00,21.00,17.00,1.5104,8.0916,2.755,NO
4346,6.549,4.257,0.004,0.007,4.268,1.538,10.20,24.20,21.20,17.20,1.5135,8.1078,2.751,NO
4347,6.416,4.170,0.004,0.007,4.182,1.538,10.20,24.80,21.80,17.80,1.4950,8.0091,2.774,NO
4348,7.038,4.575,0.004,0.007,4.586,1.538,10.20,25.75,22.75,18.75,1.5812,8.4708,2.675,NO
4349,6.719,4.368,0.004,0.007,4.379,1.538,10.20,27.00,24.00,20.00,1.5371,8.2343,2.723,NO
4350,7.360,4.784,0.004,0.007,4.795,1.538,10.20,28.44,25.44,21.44,1.6258,8.7096,2.630,NO
4351,7.957,5.172,0.004,0.007,5.184,1.538,10.20,30.00,27.00,23.00,2.4409,9.1535,2.556,NO
4352,8.253,5.364,0.004,0.007,5.376,1.538,10.20,31.55,28.55,24.55,2.4994,9.3729,2.524,NO
4353,8.487,5.516,0.004,0.007,5.528,1.538,10.20,33.00,30.00,26.00,2.5458,9.5466,2.500,NO
4354,8.705,5.658,0.004,0.007,5.669,1.538,10.20,34.24,31.24,27.24,2.5889,9.7084,2.478,NO
4355,8.821,5.734,0.004,0.007,5.745,1.538,10.20,35.19,32.19,28.19,2.6120,9.7950,2.467,NO
4356,9.076,5.899,0.004,0.007,5.910,1.538,10.20,35.79,32.79,28.79,2.6623,9.9837,2.445,NO
4357,9.229,5.999,0.004,0.007,6.010,1.538,10.20,36.00,33.00,29.00,2.6927,10.0976,2.431,NO
4358,9.046,5.880,0.004,0.007,5.891,1.538,10.20,35.79,32.79,28.79,2.6564,9.9615,2.447,NO
4359,9.087,5.906,0.004,0.007,5.918,1.538,10.20,35.19,32.19,28.19,2.6645,9.9920,2.444,NO
4360,8.604,5.593,0.004,0.007,5.604,1.538,10.20,34.24,31.24,27.24,2.5690,9.6336,2.488,NO
4361,8.143,5.293,0.004,0.007,5.304,1.538,10.20,33.00,30.00,26.00,2.4776,9.2911,2.536,NO
4362,7.899,5.134,0.004,0.007,5.146,1.538,10.20,31.55,28.55,24.55,2.4293,9.1100,2.563,NO
4363,7.672,4.987,0.004,0.007,4.998,1.538,10.20,30.00,27.00,23.00,2.3845,8.9417,2.590,NO
4364,7.113,4.623,0.004,0.007,4.635,1.538,10.20,28.44,25.44,21.44,2.2737,8.5264,2.664,NO
4365,6.755,4.391,0.004,0.007,4.402,1.538,10.20,27.00,24.00,20.00,2.2028,8.2606,2.718,NO
4366,6.752,4.389,0.004,0.007,4.400,1.538,10.20,25.75,22.75,18.75,2.2023,8.2585,2.718,NO
4367,6.327,4.113,0.004,0.007,4.124,1.538,10.20,24.80,21.80,17.80,1.4827,7.9429,2.790,NO
4368,6.577,4.275,0.004,0.007,4.286,1.538,10.20,24.20,21.20,17.20,1.5173,8.1285,2.746,NO
4369,7.757,5.042,0.004,0.007,5.054,1.538,10.20,24.00,21.00,17.00,1.6809,9.0048,2.580,NO
4370,7.991,5.194,0.004,0.007,5.205,1.538,10.20,24.20,21.20,17.20,1.7133,9.1783,2.552,NO
4371,7.953,5.170,0.004,0.007,5.181,1.538,10.20,24.80,21.80,17.80,1.7081,9.1505,2.557,NO
4372,7.814,5.079,0.004,0.007,5.091,1.538,10.20,25.76,22.76,18.76,1.6888,9.0472,2.573,NO
4373,8.448,5.491,0.004,0.007,5.503,1.538,10.20,27.00,24.00,20.00,1.7767,9.5180,2.504,NO
4374,8.443,5.488,0.004,0.007,5.499,1.538,10.20,28.45,25.45,21.45,1.7759,9.5139,2.504,NO
4375,9.313,6.053,0.004,0.007,6.065,1.538,10.20,30.00,27.00,23.00,2.7093,10.1597,2.424,NO
4376,9.326,6.062,0.004,0.007,6.073,1.538,10.20,31.55,28.55,24.55,2.7118,10.1693,2.423,NO
4377,9.347,6.075,0.004,0.007,6.087,1.538,10.20,33.00,30.00,26.00,2.7160,10.1850,2.422,NO
4378,10.160,6.604,0.004,0.008,6.616,1.538,10.20,34.24,31.24,27.24,2.8770,10.7889,2.360,NO
4379,9.896,6.433,0.004,0.007,6.444,1.538,10.20,35.20,32.20,28.20,2.8249,10.5932,2.379,NO
4380,10.520,6.838,0.005,0.009,6.851,1.538,10.21,35.80,32.80,28.80,2.9486,11.0573,2.336,NO
4381,10.075,6.549,0.004,0.008,6.561,1.538,10.20,36.00,33.00,29.00,4.2905,10.7262,2.366,NO
4382,10.551,6.858,0.005,0.009,6.871,1.538,10.21,35.80,32.80,28.80,4.4320,11.0800,2.334,NO
4383,9.944,6.463,0.004,0.007,6.475,1.538,10.20,35.20,32.20,28.20,4.2513,10.6283,2.375,NO
4384,9.718,6.317,0.004,0.007,6.328,1.538,10.20,34.24,31.24,27.24,4.1843,10.4608,2.392,NO
4385,9.904,6.437,0.004,0.007,6.449,1.538,10.20,33.00,30.00,26.00,4.2395,10.5987,2.378,NO
4386,9.028,5.868,0.004,0.007,5.879,1.538,10.20,31.55,28.55,24.55,3.9793,9.9483,2.449,NO
4387,8.850,5.752,0.004,0.007,5.764,1.538,10.20,30.00,27.00,23.00,2.6176,9.8161,2.465,NO
4388,8.344,5.424,0.004,0.007,5.435,1.538,10.20,28.45,25.45,21.45,2.5175,9.4406,2.514,NO
4389,8.206,5.334,0.004,0.007,5.345,1.538,10.20,27.00,24.00,20.00,2.4902,9.3381,2.529,NO
4390,8.116,5.276,0.004,0.007,5.287,1.538,10.20,25.76,22.76,18.76,2.4724,9.2715,2.538,NO
4391,7.780,5.057,0.004,0.007,5.068,1.538,10.20,24.80,21.80,17.80,1.6841,9.0217,2.577,NO
4392,7.460,4.849,0.004,0.007,4.861,1.538,10.20,24.20,21.20,17.20,1.6398,8.7844,2.617,NO
4393,7.806,5.074,0.004,0.007,5.085,1.538,10.20,24.00,21.00,17.00,1.6876,9.0408,2.574,NO
4394,7.695,5.001,0.004,0.007,5.013,1.538,10.20,24.20,21.20,17.20,1.6722,8.9583,2.587,NO
4395,7.822,5.084,0.004,0.007,5.096,1.538,10.20,24.80,21.80,17.80,1.6899,9.0530,2.572,NO
4396,8.072,5.247,0.004,0.007,5.258,1.538,10.20,25.76,22.76,18.76,1.7246,9.2389,2.543,NO
4397,8.410,5.466,0.004,0.007,5.478,1.538,10.20,27.00,24.00,20.00,1.7713,9.4894,2.507,NO
4398,8.750,5.687,0.004,0.007,5.699,1.538,10.20,28.45,25.45,21.45,1.8184,9.7416,2.474,NO
4399,9.291,6.039,0.004,0.007,6.050,1.538,10.20,30.00,27.00,23.00,2.7050,10.1437,2.426,NO
4400,9.334,6.067,0.004,0.007,6.078,1.538,10.20,31.55,28.55,24.55,2.7135,10.1756,2.423,NO
4401,9.400,6.110,0.004,0.007,6.121,1.538,10.20,33.00,30.00,26.00,2.7266,10.2248,2.417,NO
4402,9.909,6.441,0.004,0.007,6.452,1.538,10.20,34.24,31.24,27.24,2.8274,10.6027,2.378,NO
4403,10.403,6.762,0.004,0.008,6.775,1.538,10.21,35.20,32.20,28.20,2.9254,10.9702,2.343,NO
4404,10.498,6.824,0.005,0.009,6.837,1.538,10.21,35.80,32.80,28.80,2.9443,11.0410,2.337,NO
4405,10.540,6.851,0.005,0.009,6.865,1.538,10.21,36.00,33.00,29.00,4.4289,11.0722,2.334,NO
4406,10.201,6.631,0.004,0.008,6.643,1.538,10.20,35.80,32.80,28.80,4.3279,10.8198,2.357,NO
4407,9.824,6.386,0.004,0.007,6.397,1.538,10.20,35.20,32.20,28.20,4.2158,10.5395,2.384,NO
4408,9.621,6.254,0.004,0.007,6.265,1.538,10.20,34.24,31.24,27.24,4.1555,10.3887,2.400,NO
4409,9.614,6.249,0.004,0.007,6.260,1.538,10.20,33.00,30.00,26.00,4.1533,10.3832,2.400,NO
4410,9.425,6.126,0.004,0.007,6.137,1.538,10.20,31.55,28.55,24.55,4.0972,10.2430,2.415,NO
4411,8.748,5.686,0.004,0.007,5.697,1.538,10.20,30.00,27.00,23.00,2.5975,9.7405,2.474,NO
4412,8.509,5.531,0.004,0.007,5.542,1.538,10.20,28.45,25.45,21.45,2.5501,9.5629,2.498,NO
4413,8.304,5.398,0.004,0.007,5.409,1.538,10.20,27.00,24.00,20.00,2.5096,9.4109,2.518,NO
4414,8.375,5.444,0.004,0.007,5.455,1.538,10.20,25.76,22.76,18.76,2.5236,9.4637,2.511,NO
4415,7.998,5.198,0.004,0.007,5.210,1.538,10.20,24.80,21.80,17.80,1.7142,9.1833,2.552,NO
4416,7.599,4.940,0.004,0.007,4.951,1.538,10.20,24.20,21.20,17.20,1.6590,8.8876,2.599,NO
4417,7.831,5.090,0.004,0.007,5.102,1.538,10.20,24.00,21.00,17.00,1.6912,9.0598,2.571,NO
4418,8.007,5.205,0.004,0.007,5.216,1.538,10.20,24.20,21.20,17.20,1.7156,9.1906,2.551,NO
4419,8.112,5.273,0.004,0.007,5.284,1.538,10.20,24.80,21.80,17.80,1.7301,9.2683,2.539,NO
4420,7.858,5.108,0.004,0.007,5.119,1.538,10.20,25.75,22.75,18.75,1.6949,9.0797,2.568,NO
4421,8.504,5.527,0.004,0.007,5.539,1.538,10.20,27.00,24.00,20.00,1.7843,9.5590,2.498,NO
4422,8.506,5.529,0.004,0.007,5.541,1.538,10.20,28.44,25.44,21.44,1.7847,9.5611,2.498,NO
4423,9.093,5.910,0.004,0.007,5.922,1.538,10.20,30.00,27.00,23.00,2.6658,9.9966,2.443,NO
4424,9.613,6.249,0.004,0.007,6.260,1.538,10.20,31.55,28.55,24.55,2.7688,10.3829,2.400,NO
4425,9.917,6.446,0.004,0.007,6.457,1.538,10.20,33.00,30.00,26.00,2.8288,10.6082,2.377,NO
4426,10.178,6.616,0.004,0.008,6.628,1.538,10.20,34.24,31.24,27.24,2.8807,10.8028,2.359,NO
4427,10.193,6.625,0.004,0.008,6.637,1.538,10.20,35.19,32.19,28.19,2.8836,10.8135,2.358,NO
4428,10.085,6.555,0.004,0.008,6.567,1.538,10.20,35.79,32.79,28.79,2.8622,10.7331,2.365,NO
4429,10.250,6.662,0.004,0.008,6.675,1.538,10.20,36.00,33.00,29.00,4.3424,10.8559,2.354,NO
4430,10.445,6.789,0.004,0.008,6.802,1.538,10.21,35.79,32.79,28.79,4.4004,11.0009,2.341,NO
4431,10.217,6.641,0.004,0.008,6.653,1.538,10.20,35.19,32.19,28.19,4.3327,10.8318,2.356,NO
4432,9.965,6.477,0.004,0.007,6.489,1.538,10.20,34.24,31.24,27.24,4.2577,10.6441,2.374,NO
4433,9.358,6.083,0.004,0.007,6.094,1.538,10.20,33.00,30.00,26.00,4.0774,10.1936,2.421,NO
4434,9.232,6.001,0.004,0.007,6.012,1.538,10.20,31.55,28.55,24.55,4.0399,10.0998,2.431,NO
4435,9.082,5.904,0.004,0.007,5.915,1.538,10.20,30.00,27.00,23.00,2.6637,9.9888,2.444,NO
4436,8.740,5.681,0.004,0.007,5.692,1.538,10.20,28.44,25.44,21.44,2.5959,9.7346,2.475,NO
4437,8.476,5.510,0.004,0.007,5.521,1.538,10.20,27.00,24.00,20.00,2.5437,9.5389,2.501,NO
4438,8.070,5.245,0.004,0.007,5.257,1.538,10.20,25.75,22.75,18.75,2.4632,9.2370,2.544,NO
4439,7.656,4.976,0.004,0.007,4.988,1.538,10.20,24.80,21.80,17.80,1.6669,8.9297,2.592,NO
4440,8.011,5.207,0.004,0.007,5.218,1.538,10.20,24.20,21.20,17.20,1.7160,9.1931,2.550,NO
4441,7.964,5.177,0.004,0.007,5.188,1.538,10.20,23.99,20.99,16.99,1.7096,9.1583,2.555,NO
4442,7.829,5.089,0.004,0.007,5.100,1.538,10.20,24.20,21.20,17.20,1.6909,9.0584,2.571,NO
4443,7.864,5.112,0.004,0.007,5.123,1.538,10.20,24.79,21.79,17.79,1.6957,9.0841,2.567,NO
4444,8.351,5.428,0.004,0.007,5.439,1.538,10.20,25.75,22.75,18.75,1.7632,9.4456,2.514,NO
4445,8.334,5.417,0.004,0.007,5.428,1.538,10.20,26.99,23.99,19.99,1.7609,9.4332,2.515,NO
4446,8.699,5.654,0.004,0.007,5.666,1.538,10.20,28.44,25.44,21.44,1.8114,9.7039,2.479,NO
4447,8.861,5.760,0.004,0.007,5.771,1.538,10.20,29.99,26.99,22.99,2.6199,9.8247,2.464,NO
4448,9.464,6.152,0.004,0.007,6.163,1.538,10.20,31.54,28.54,24.54,2.7393,10.2724,2.412,NO
4449,9.486,6.166,0.004,0.007,6.177,1.538,10.20,32.99,29.99,25.99,2.7436,10.2884,2.410,NO
4450,9.755,6.341,0.004,0.007,6.352,1.538,10.20,34.23,31.23,27.23,2.7968,10.4880,2.389,NO
4451,9.895,6.432,0.004,0.007,6.443,1.538,10.20,35.19,32.19,28.19,2.8245,10.5920,2.379,NO
4452,10.069,6.545,0.004,0.008,6.556,1.538,10.20,35.79,32.79,28.79,2.8591,10.7215,2.366,NO
4453,10.570,6.870,0.005,0.009,6.884,1.538,10.21,35.99,32.99,28.99,4.4376,11.0941,2.332,NO
4454,9.954,6.470,0.004,0.007,6.481,1.538,10.20,35.79,32.79,28.79,4.2543,10.6356,2.374,NO
4455,10.382,6.749,0.004,0.008,6.761,1.538,10.21,35.19,32.19,28.19,4.3818,10.9546,2.345,NO
4456,9.986,6.491,0.004,0.007,6.502,1.538,10.20,34.23,31.23,27.23,4.2638,10.6596,2.372,NO
4457,9.634,6.262,0.004,0.007,6.273,1.538,10.20,32.99,29.99,25.99,4.1592,10.3981,2.399,NO
4458,9.198,5.979,0.004,0.007,5.990,1.538,10.20,31.54,28.54,24.54,4.0299,10.0748,2.434,NO
4459,9.124,5.931,0.004,0.007,5.942,1.538,10.20,29.99,26.99,22.99,2.6720,10.0200,2.440,NO
4460,8.354,5.430,0.004,0.007,5.442,1.538,10.20,28.44,25.44,21.44,2.5195,9.4482,2.513,NO
4461,8.084,5.255,0.004,0.007,5.266,1.538,10.20,26.99,23.99,19.99,2.4660,9.2475,2.542,NO
4462,7.921,5.149,0.004,0.007,5.160,1.538,10.20,25.75,22.75,18.75,2.4338,9.1268,2.560,NO
4463,7.960,5.174,0.004,0.007,5.185,1.538,10.20,24.79,21.79,17.79,1.7089,9.1550,2.556,NO
4464,7.613,4.948,0.004,0.007,4.960,1.538,10.20,24.20,21.20,17.20,1.6609,8.8978,2.597,NO
4465,7.433,4.831,0.004,0.007,4.843,1.538,10.20,23.98,20.98,16.98,1.6359,8.7640,2.620,NO
4466,7.380,4.797,0.004,0.007,4.809,1.538,10.20,24.19,21.19,17.19,1.6287,8.7250,2.627,NO
4467,7.948,5.166,0.004,0.007,5.178,1.538,10.20,24.79,21.79,17.79,1.7074,9.1467,2.557,NO
4468,7.939,5.161,0.004,0.007,5.172,1.538,10.20,25.74,22.74,18.74,1.7061,9.1400,2.558,NO
4469,8.049,5.232,0.004,0.007,5.243,1.538,10.20,26.98,23.98,19.98,1.7214,9.2216,2.546,NO
4470,8.328,5.413,0.004,0.007,5.424,1.538,10.20,28.43,25.43,21.43,1.7599,9.4283,2.516,NO
4471,9.081,5.903,0.004,0.007,5.914,1.538,10.20,29.98,26.98,22.98,2.6634,9.9877,2.444,NO
4472,9.192,5.975,0.004,0.007,5.986,1.538,10.20,31.53,28.53,24.53,2.6854,10.0704,2.434,NO
4473,9.772,6.352,0.004,0.007,6.363,1.538,10.20,32.98,29.98,25.98,2.8002,10.5007,2.388,NO
4474,10.252,6.664,0.004,0.008,6.676,1.538,10.21,34.22,31.22,27.22,2.8954,10.8579,2.353,NO
4475,9.822,6.384,0.004,0.007,6.395,1.538,10.20,35.18,32.18,28.18,2.8101,10.5377,2.384,NO
4476,10.199,6.630,0.004,0.008,6.642,1.538,10.20,35.78,32.78,28.78,2.8849,10.8183,2.357,NO
4477,10.222,6.644,0.004,0.008,6.656,1.538,10.20,35.98,32.98,28.98,4.3340,10.8351,2.356,NO
4478,9.999,6.499,0.004,0.007,6.511,1.538,10.20,35.78,32.78,28.78,4.2677,10.6693,2.371,NO
4479,10.465,6.802,0.004,0.008,6.815,1.538,10.21,35.18,32.18,28.18,4.4063,11.0158,2.339,NO
4480,10.068,6.544,0.004,0.008,6.556,1.538,10.20,34.22,31.22,27.22,4.2883,10.7208,2.366,NO
4481,9.805,6.373,0.004,0.007,6.385,1.538,10.20,32.98,29.98,25.98,4.2102,10.5255,2.385,NO
4482,9.498,6.174,0.004,0.007,6.185,1.538,10.20,31.53,28.53,24.53,4.1189,10.2973,2.409,NO
4483,8.813,5.728,0.004,0.007,5.740,1.538,10.20,29.98,26.98,22.98,2.6103,9.7885,2.468,NO
4484,8.435,5.483,0.004,0.007,5.494,1.538,10.20,28.43,25.43,21.43,2.5355,9.5083,2.505,NO
4485,8.118,5.276,0.004,0.007,5.288,1.538,10.20,26.98,23.98,19.98,2.4727,9.2725,2.538,NO
4486,8.303,5.397,0.004,0.007,5.408,1.538,10.20,25.74,22.74,18.74,2.5094,9.4103,2.518,NO
4487,7.862,5.110,0.004,0.007,5.122,1.538,10.20,24.79,21.79,17.79,1.6954,9.0827,2.567,NO
4488,7.411,4.817,0.004,0.007,4.828,1.538,10.20,24.19,21.19,17.19,1.6329,8.7476,2.623,NO
4489,6.628,4.308,0.004,0.007,4.319,1.538,10.20,23.97,20.97,16.97,1.5243,8.1661,2.738,NO
4490,6.449,4.192,0.004,0.007,4.203,1.538,10.20,24.17,21.17,17.17,1.4995,8.0331,2.768,NO
4491,6.428,4.178,0.004,0.007,4.189,1.538,10.20,24.77,21.77,17.77,1.4966,8.0176,2.772,NO
4492,6.490,4.219,0.004,0.007,4.230,1.538,10.20,25.73,22.73,18.73,1.5053,8.0643,2.761,NO
4493,7.284,4.735,0.004,0.007,4.746,1.538,10.20,26.97,23.97,19.97,1.6153,8.6535,2.640,NO
4494,7.438,4.835,0.004,0.007,4.846,1.538,10.20,28.42,25.42,21.42,1.6366,8.7676,2.620,NO
4495,7.642,4.967,0.004,0.007,4.978,1.538,10.20,29.97,26.97,22.97,2.3784,8.9191,2.594,NO
4496,8.175,5.314,0.004,0.007,5.325,1.538,10.20,31.52,28.52,24.52,2.4840,9.3151,2.532,NO
4497,8.590,5.584,0.004,0.007,5.595,1.538,10.20,32.97,29.97,25.97,2.5663,9.6234,2.489,NO
4498,8.511,5.532,0.004,0.007,5.543,1.538,10.20,34.21,31.21,27.21,2.5505,9.5643,2.497,NO
4499,8.764,5.696,0.004,0.007,5.708,1.538,10.20,35.17,32.17,28.17,2.6006,9.7521,2.473,NO
4500,8.982,5.838,0.004,0.007,5.849,1.538,10.20,35.77,32.77,28.77,2.6437,9.9140,2.453,NO
4501,9.119,5.928,0.004,0.007,5.939,1.538,10.20,35.97,32.97,28.97,2.6710,10.0162,2.441,NO
4502,8.678,5.641,0.004,0.007,5.652,1.538,10.20,35.77,32.77,28.77,2.5836,9.6886,2.481,NO
4503,9.115,5.925,0.004,0.007,5.936,1.538,10.20,35.17,32.17,28.17,2.6702,10.0131,2.441,NO
4504,8.786,5.711,0.004,0.007,5.722,1.538,10.20,34.21,31.21,27.21,2.6050,9.7687,2.471,NO
4505,8.090,5.259,0.004,0.007,5.270,1.538,10.20,32.97,29.97,25.97,2.4672,9.2521,2.541,NO
4506,8.151,5.298,0.004,0.007,5.309,1.538,10.20,31.52,28.52,24.52,2.4793,9.2972,2.535,NO
4507,7.348,4.776,0.004,0.007,4.787,1.538,10.20,29.97,26.97,22.97,2.3202,8.7008,2.631,NO
4508,7.176,4.664,0.004,0.007,4.676,1.538,10.20,28.42,25.42,21.42,2.2862,8.5731,2.655,NO
4509,6.761,4.395,0.004,0.007,4.406,1.538,10.20,26.97,23.97,19.97,2.2040,8.2652,2.717,NO
4510,6.791,4.414,0.004,0.007,4.425,1.538,10.20,25.73,22.73,18.73,2.2099,8.2872,2.712,NO
4511,6.327,4.113,0.004,0.007,4.124,1.538,10.20,24.77,21.77,17.77,1.4827,7.9429,2.790,NO
4512,6.327,4.113,0.004,0.007,4.124,1.538,10.20,24.17,21.17,17.17,1.4827,7.9429,2.790,NO
4513,6.397,4.158,0.004,0.007,4.169,1.538,10.20,23.96,20.96,16.96,1.4924,7.9949,2.777,NO
4514,6.552,4.259,0.004,0.007,4.270,1.538,10.20,24.16,21.16,17.16,1.5139,8.1103,2.751,NO
4515,6.469,4.205,0.004,0.007,4.216,1.538,10.20,24.76,21.76,17.76,1.5023,8.0482,2.765,NO
4516,6.729,4.374,0.004,0.007,4.385,1.538,10.20,25.71,22.71,18.71,1.5383,8.2411,2.722,NO
4517,7.090,4.609,0.004,0.007,4.620,1.538,10.20,26.96,23.96,19.96,1.5885,8.5097,2.667,NO
4518,7.288,4.737,0.004,0.007,4.749,1.538,10.20,28.40,25.40,21.40,1.6159,8.6567,2.639,NO
4519,7.563,4.916,0.004,0.007,4.927,1.538,10.20,29.96,26.96,22.96,2.3628,8.8606,2.604,NO
4520,7.777,5.055,0.004,0.007,5.066,1.538,10.20,31.51,28.51,24.51,2.4052,9.0196,2.577,NO
4521,8.085,5.255,0.004,0.007,5.266,1.538,10.20,32.96,29.96,25.96,2.4661,9.2480,2.542,NO
4522,8.707,5.660,0.004,0.007,5.671,1.538,10.20,34.20,31.20,27.20,2.5894,9.7103,2.478,NO
4523,8.593,5.586,0.004,0.007,5.597,1.538,10.20,35.15,32.15,28.15,2.5669,9.6257,2.489,NO
4524,8.776,5.704,0.004,0.007,5.716,1.538,10.20,35.75,32.75,28.75,2.6030,9.7611,2.472,NO
4525,9.156,5.952,0.004,0.007,5.963,1.538,10.20,35.96,32.96,28.96,2.6783,10.0437,2.438,NO
4526,8.834,5.742,0.004,0.007,5.753,1.538,10.20,35.75,32.75,28.75,2.6145,9.8044,2.466,NO
4527,9.107,5.919,0.004,0.007,5.931,1.538,10.20,35.15,32.15,28.15,2.6685,10.0068,2.442,NO
4528,8.389,5.453,0.004,0.007,5.464,1.538,10.20,34.20,31.20,27.20,2.5264,9.4739,2.510,NO
4529,8.024,5.216,0.004,0.007,5.227,1.538,10.20,32.96,29.96,25.96,2.4541,9.2031,2.549,NO
4530,7.819,5.082,0.004,0.007,5.094,1.538,10.20,31.51,28.51,24.51,2.4135,9.0507,2.572,NO
4531,7.683,4.994,0.004,0.007,5.005,1.538,10.20,29.96,26.96,22.96,2.3866,8.9496,2.589,NO
4532,7.527,4.893,0.004,0.007,4.904,1.538,10.20,28.40,25.40,21.40,2.3558,8.8343,2.608,NO
4533,6.684,4.345,0.004,0.007,4.356,1.538,10.20,26.96,23.96,19.96,2.1888,8.2079,2.729,NO
4534,6.801,4.420,0.004,0.007,4.432,1.538,10.20,25.71,22.71,18.71,2.2119,8.2945,2.710,NO
4535,6.558,4.262,0.004,0.007,4.274,1.538,10.20,24.76,21.76,17.76,1.5146,8.1141,2.750,NO
4536,6.541,4.252,0.004,0.007,4.263,1.538,10.20,24.16,21.16,17.16,1.5123,8.1016,2.753,NO
4537,7.382,4.799,0.004,0.007,4.810,1.538,10.20,23.94,20.94,16.94,1.6290,8.7266,2.627,NO
4538,7.640,4.966,0.004,0.007,4.977,1.538,10.20,24.14,21.14,17.14,1.6646,8.9175,2.594,NO
4539,7.760,5.044,0.004,0.007,5.056,1.538,10.20,24.74,21.74,17.74,1.6813,9.0071,2.579,NO
4540,7.800,5.070,0.004,0.007,5.081,1.538,10.20,25.69,22.69,18.69,1.6868,9.0365,2.575,NO
4541,8.569,5.570,0.004,0.007,5.581,1.538,10.20,26.94,23.94,19.94,1.7934,9.6077,2.492,NO
4542,8.525,5.541,0.004,0.007,5.552,1.538,10.20,28.38,25.38,21.38,1.7873,9.5747,2.496,NO
4543,9.240,6.006,0.004,0.007,6.017,1.538,10.20,29.94,26.94,22.94,2.6949,10.1059,2.430,NO
4544,9.101,5.916,0.004,0.007,5.927,1.538,10.20,31.49,28.49,24.49,2.6674,10.0028,2.442,NO
4545,9.327,6.062,0.004,0.007,6.074,1.538,10.20,32.94,29.94,25.94,2.7120,10.1701,2.423,NO
4546,10.009,6.506,0.004,0.007,6.517,1.538,10.20,34.18,31.18,27.18,2.8471,10.6768,2.370,NO
4547,10.122,6.579,0.004,0.008,6.591,1.538,10.20,35.13,32.13,28.13,2.8696,10.7609,2.362,NO
4548,10.431,6.780,0.004,0.008,6.793,1.538,10.21,35.73,32.73,28.73,2.9309,10.9908,2.341,NO
4549,10.162,6.605,0.004,0.008,6.617,1.538,10.20,35.94,32.94,28.94,4.3161,10.7903,2.360,NO
4550,10.388,6.752,0.004,0.008,6.765,1.538,10.21,35.73,32.73,28.73,4.3835,10.9588,2.344,NO
4551,9.976,6.484,0.004,0.007,6.496,1.538,10.20,35.13,32.13,28.13,4.2608,10.6521,2.373,NO
4552,9.906,6.439,0.004,0.007,6.450,1.538,10.20,34.18,31.18,27.18,4.2402,10.6005,2.378,NO
4553,9.899,6.434,0.004,0.007,6.445,1.538,10.20,32.94,29.94,25.94,4.2379,10.5948,2.379,NO
4554,9.275,6.029,0.004,0.007,6.040,1.538,10.20,31.49,28.49,24.49,4.0526,10.1316,2.428,NO
4555,8.853,5.754,0.004,0.007,5.765,1.538,10.20,29.94,26.94,22.94,2.6182,9.8181,2.465,NO
4556,8.591,5.584,0.004,0.007,5.596,1.538,10.20,28.38,25.38,21.38,2.5664,9.6242,2.489,NO
4557,8.140,5.291,0.004,0.007,5.302,1.538,10.20,26.94,23.94,19.94,2.4770,9.2887,2.536,NO
4558,7.881,5.123,0.004,0.007,5.134,1.538,10.20,25.69,22.69,18.69,2.4258,9.0968,2.565,NO
4559,8.093,5.261,0.004,0.007,5.272,1.538,10.20,24.74,21.74,17.74,1.7275,9.2543,2.541,NO
4560,7.498,4.873,0.004,0.007,4.885,1.538,10.20,24.14,21.14,17.14,1.6449,8.8120,2.612,NO
4561,7.686,4.996,0.004,0.007,5.007,1.538,10.20,23.92,20.92,16.92,1.6710,8.9519,2.588,NO
4562,7.425,4.826,0.004,0.007,4.838,1.538,10.20,24.12,21.12,17.12,1.6349,8.7582,2.621,NO
4563,7.831,5.090,0.004,0.007,5.102,1.538,10.20,24.72,21.72,17.72,1.6912,9.0599,2.571,NO
4564,8.241,5.356,0.004,0.007,5.368,1.538,10.20,25.67,22.67,18.67,1.7479,9.3638,2.525,NO
4565,8.093,5.261,0.004,0.007,5.272,1.538,10.20,26.92,23.92,19.92,1.7275,9.2542,2.541,NO
4566,8.381,5.448,0.004,0.007,5.459,1.538,10.20,28.36,25.36,21.36,1.7674,9.4683,2.510,NO
4567,9.206,5.984,0.004,0.007,5.995,1.538,10.20,29.92,26.92,22.92,2.6881,10.0802,2.433,NO
4568,9.065,5.892,0.004,0.007,5.904,1.538,10.20,31.47,28.47,24.47,2.6603,9.9761,2.445,NO
4569,9.459,6.148,0.004,0.007,6.160,1.538,10.20,32.92,29.92,25.92,2.7382,10.2684,2.412,NO
4570,9.663,6.281,0.004,0.007,6.292,1.538,10.20,34.16,31.16,27.16,2.7787,10.4200,2.396,NO
4571,10.450,6.792,0.004,0.008,6.805,1.538,10.21,35.11,32.11,28.11,2.9346,11.0046,2.340,NO
4572,10.527,6.842,0.005,0.009,6.856,1.538,10.21,35.71,32.71,28.71,2.9499,11.0621,2.335,NO
4573,10.063,6.541,0.004,0.008,6.553,1.538,10.20,35.92,32.92,28.92,4.2868,10.7170,2.367,NO
4574,10.592,6.885,0.005,0.009,6.898,1.538,10.21,35.71,32.71,28.71,4.4443,11.1107,2.331,NO
4575,10.176,6.614,0.004,0.008,6.626,1.538,10.20,35.11,32.11,28.11,4.3203,10.8007,2.359,NO
4576,9.846,6.400,0.004,0.007,6.411,1.538,10.20,34.16,31.16,27.16,4.2222,10.5555,2.382,NO
4577,9.779,6.357,0.004,0.007,6.368,1.538,10.20,32.92,29.92,25.92,4.2025,10.5063,2.387,NO
4578,9.307,6.050,0.004,0.007,6.061,1.538,10.20,31.47,28.47,24.47,4.0622,10.1555,2.425,NO
4579,8.876,5.769,0.004,0.007,5.780,1.538,10.20,29.92,26.92,22.92,2.6227,9.8353,2.462,NO
4580,8.956,5.822,0.004,0.007,5.833,1.538,10.20,28.36,25.36,21.36,2.6387,9.8952,2.455,NO
4581,8.063,5.241,0.004,0.007,5.252,1.538,10.20,26.92,23.92,19.92,2.4619,9.2320,2.544,NO
4582,8.315,5.405,0.004,0.007,5.416,1.538,10.20,25.67,22.67,18.67,2.5117,9.4188,2.517,NO
4583,8.024,5.216,0.004,0.007,5.227,1.538,10.20,24.72,21.72,17.72,1.7179,9.2032,2.549,NO
4584,7.685,4.995,0.004,0.007,5.007,1.538,10.20,24.12,21.12,17.12,1.6709,8.9515,2.588,NO
4585,7.331,4.765,0.004,0.007,4.777,1.538,10.20,23.89,20.89,16.89,1.6219,8.6887,2.634,NO
4586,7.644,4.969,0.004,0.007,4.980,1.538,10.20,24.10,21.10,17.10,1.6652,8.9207,2.593,NO
4587,7.871,5.116,0.004,0.007,5.128,1.538,10.20,24.70,21.70,17.70,1.6967,9.0896,2.566,NO
4588,7.766,5.048,0.004,0.007,5.059,1.538,10.20,25.65,22.65,18.65,1.6821,9.0112,2.579,NO
4589,8.480,5.512,0.004,0.007,5.524,1.538,10.20,26.89,23.89,19.89,1.7811,9.5418,2.500,NO
4590,8.766,5.698,0.004,0.007,5.709,1.538,10.20,28.34,25.34,21.34,1.8207,9.7536,2.473,NO
4591,8.904,5.787,0.004,0.007,5.799,1.538,10.20,29.89,26.89,22.89,2.6283,9.8562,2.460,NO
4592,9.107,5.919,0.004,0.007,5.931,1.538,10.20,31.45,28.45,24.45,2.6685,10.0070,2.442,NO
4593,9.673,6.287,0.004,0.007,6.299,1.538,10.20,32.89,29.89,25.89,2.7805,10.4270,2.396,NO
4594,9.657,6.277,0.004,0.007,6.288,1.538,10.20,34.14,31.14,27.14,2.7774,10.4152,2.397,NO
4595,10.231,6.650,0.004,0.008,6.662,1.538,10.20,35.09,32.09,28.09,2.8911,10.8417,2.355,NO
4596,10.441,6.786,0.004,0.008,6.799,1.538,10.21,35.69,32.69,28.69,2.9328,10.9979,2.341,NO
4597,10.475,6.809,0.004,0.009,6.822,1.538,10.21,35.89,32.89,28.89,4.4094,11.0236,2.339,NO
4598,10.566,6.868,0.005,0.009,6.882,1.538,10.21,35.69,32.69,28.69,4.4366,11.0916,2.333,NO
4599,10.090,6.558,0.004,0.008,6.570,1.538,10.20,35.09,32.09,28.09,4.2948,10.7370,2.365,NO
4600,9.960,6.474,0.004,0.007,6.485,1.538,10.20,34.14,31.14,27.14,4.2561,10.6403,2.374,NO
4601,9.571,6.221,0.004,0.007,6.232,1.538,10.20,32.89,29.89,25.89,4.1405,10.3513,2.403,NO
4602,9.665,6.282,0.004,0.007,6.294,1.538,10.20,31.45,28.45,24.45,4.1685,10.4213,2.396,NO
4603,9.166,5.958,0.004,0.007,5.969,1.538,10.20,29.89,26.89,22.89,2.6802,10.0508,2.437,NO
4604,8.405,5.463,0.004,0.007,5.475,1.538,10.20,28.34,25.34,21.34,2.5296,9.4860,2.508,NO
4605,8.218,5.342,0.004,0.007,5.353,1.538,10.20,26.89,23.89,19.89,2.4926,9.3472,2.527,NO
4606,8.243,5.358,0.004,0.007,5.369,1.538,10.20,25.65,22.65,18.65,2.4975,9.3655,2.525,NO
4607,7.571,4.921,0.004,0.007,4.932,1.538,10.20,24.70,21.70,17.70,1.6551,8.8664,2.603,NO
4608,7.545,4.905,0.004,0.007,4.916,1.538,10.20,24.10,21.10,17.10,1.6515,8.8476,2.606,NO
4609,7.498,4.874,0.004,0.007,4.885,1.538,10.20,23.87,20.87,16.87,1.6450,8.8124,2.612,NO
4610,7.684,4.994,0.004,0.007,5.006,1.538,10.20,24.07,21.07,17.07,1.6707,8.9502,2.589,NO
4611,7.820,5.083,0.004,0.007,5.094,1.538,10.20,24.67,21.67,17.67,1.6896,9.0515,2.572,NO
4612,8.112,5.273,0.004,0.007,5.284,1.538,10.20,25.62,22.62,18.62,1.7300,9.2680,2.539,NO
4613,8.374,5.443,0.004,0.007,5.455,1.538,10.20,26.87,23.87,19.87,1.7664,9.4630,2.511,NO
4614,8.609,5.596,0.004,0.007,5.607,1.538,10.20,28.31,25.31,21.31,1.7990,9.6374,2.488,NO
4615,9.181,5.968,0.004,0.007,5.979,1.538,10.20,29.87,26.87,22.87,2.6833,10.0622,2.435,NO
4616,9.032,5.871,0.004,0.007,5.882,1.538,10.20,31.42,28.42,24.42,2.6538,9.9516,2.448,NO
4617,9.839,6.395,0.004,0.007,6.407,1.538,10.20,32.87,29.87,25.87,2.8135,10.5505,2.383,NO
4618,9.903,6.437,0.004,0.007,6.448,1.538,10.20,34.11,31.11,27.11,2.8262,10.5982,2.378,NO
4619,10.130,6.585,0.004,0.008,6.596,1.538,10.20,35.06,32.06,28.06,2.8712,10.7670,2.362,NO
4620,10.011,6.507,0.004,0.007,6.518,1.538,10.20,35.66,32.66,28.66,2.8475,10.6781,2.370,NO
4621,10.442,6.787,0.004,0.008,6.800,1.538,10.21,35.87,32.87,28.87,4.3995,10.9987,2.341,NO
4622,9.999,6.499,0.004,0.007,6.511,1.538,10.20,35.66,32.66,28.66,4.2677,10.6692,2.371,NO
4623,10.088,6.557,0.004,0.008,6.569,1.538,10.20,35.06,32.06,28.06,4.2941,10.7353,2.365,NO
4624,9.767,6.349,0.004,0.007,6.360,1.538,10.20,34.11,31.11,27.11,4.1990,10.4974,2.388,NO
4625,9.781,6.358,0.004,0.007,6.369,1.538,10.20,32.87,29.87,25.87,4.2030,10.5076,2.387,NO
4626,9.184,5.970,0.004,0.007,5.981,1.538,10.20,31.42,28.42,24.42,4.0258,10.0644,2.435,NO
4627,8.885,5.775,0.004,0.007,5.787,1.538,10.20,29.87,26.87,22.87,2.6246,9.8424,2.462,NO
4628,8.556,5.561,0.004,0.007,5.573,1.538,10.20,28.31,25.31,21.31,2.5594,9.5978,2.493,NO
4629,8.296,5.393,0.004,0.007,5.404,1.538,10.20,26.87,23.87,19.87,2.5080,9.4051,2.519,NO
4630,8.345,5.424,0.004,0.007,5.435,1.538,10.20,25.62,22.62,18.62,2.5176,9.4409,2.514,NO
4631,7.675,4.989,0.004,0.007,5.000,1.538,10.20,24.67,21.67,17.67,1.6695,8.9439,2.590,NO
4632,7.517,4.886,0.004,0.007,4.897,1.538,10.20,24.07,21.07,17.07,1.6476,8.8266,2.609,NO
4633,7.986,5.191,0.004,0.007,5.202,1.538,10.20,23.84,20.84,16.84,1.7126,9.1746,2.553,NO
4634,7.519,4.887,0.004,0.007,4.899,1.538,10.20,24.04,21.04,17.04,1.6479,8.8280,2.609,NO
4635,7.639,4.965,0.004,0.007,4.976,1.538,10.20,24.64,21.64,17.64,1.6645,8.9168,2.594,NO
4636,8.011,5.207,0.004,0.007,5.218,1.538,10.20,25.59,22.59,18.59,1.7161,9.1933,2.550,NO
4637,8.173,5.312,0.004,0.007,5.324,1.538,10.20,26.84,23.84,19.84,1.7385,9.3134,2.532,NO
4638,8.657,5.627,0.004,0.007,5.639,1.538,10.20,28.28,25.28,21.28,1.8056,9.6731,2.483,NO
4639,8.981,5.837,0.004,0.007,5.849,1.538,10.20,29.84,26.84,22.84,2.6435,9.9132,2.453,NO
4640,9.307,6.050,0.004,0.007,6.061,1.538,10.20,31.39,28.39,24.39,2.7082,10.1556,2.425,NO
4641,9.747,6.335,0.004,0.007,6.347,1.538,10.20,32.84,29.84,25.84,2.7952,10.4819,2.390,NO
4642,9.715,6.315,0.004,0.007,6.326,1.538,10.20,34.08,31.08,27.08,2.7889,10.4583,2.392,NO
4643,9.882,6.423,0.004,0.007,6.435,1.538,10.20,35.03,32.03,28.03,2.8221,10.5827,2.380,NO
4644,10.005,6.503,0.004,0.007,6.514,1.538,10.20,35.63,32.63,28.63,2.8463,10.6737,2.371,NO
4645,10.532,6.845,0.005,0.009,6.859,1.538,10.21,35.84,32.84,28.84,4.4262,11.0656,2.335,NO
4646,10.017,6.511,0.004,0.007,6.522,1.538,10.20,35.63,32.63,28.63,4.2731,10.6827,2.370,NO
4647,9.954,6.470,0.004,0.007,6.482,1.538,10.20,35.03,32.03,28.03,4.2545,10.6362,2.374,NO
4648,9.617,6.251,0.004,0.007,6.263,1.538,10.20,34.08,31.08,27.08,4.1544,10.3860,2.400,NO
4649,9.441,6.136,0.004,0.007,6.148,1.538,10.20,32.84,29.84,25.84,4.1019,10.2548,2.414,NO
4650,9.341,6.072,0.004,0.007,6.083,1.538,10.20,31.39,28.39,24.39,4.0723,10.1806,2.422,NO
4651,9.145,5.944,0.004,0.007,5.956,1.538,10.20,29.84,26.84,22.84,2.6761,10.0354,2.439,NO
4652,8.513,5.533,0.004,0.007,5.545,1.538,10.20,28.28,25.28,21.28,2.5509,9.5657,2.497,NO
4653,7.997,5.198,0.004,0.007,5.209,1.538,10.20,26.84,23.84,19.84,2.4487,9.1825,2.552,NO
4654,7.928,5.153,0.004,0.007,5.164,1.538,10.20,25.59,22.59,18.59,2.4350,9.1313,2.560,NO
4655,8.117,5.276,0.004,0.007,5.287,1.538,10.20,24.64,21.64,17.64,1.7307,9.2716,2.538,NO
4656,7.809,5.076,0.004,0.007,5.087,1.538,10.20,24.04,21.04,17.04,1.6880,9.0430,2.574,NO
4657,6.546,4.255,0.004,0.007,4.266,1.538,10.20,23.80,20.80,16.80,1.5131,8.1057,2.752,NO
4658,6.327,4.113,0.004,0.007,4.124,1.538,10.20,24.01,21.01,17.01,1.4827,7.9429,2.790,NO
4659,6.526,4.242,0.004,0.007,4.253,1.538,10.20,24.61,21.61,17.61,1.5103,8.0909,2.755,NO
4660,6.853,4.455,0.004,0.007,4.466,1.538,10.20,25.56,22.56,18.56,1.5556,8.3338,2.702,NO
4661,7.084,4.604,0.004,0.007,4.616,1.538,10.20,26.80,23.80,19.80,1.5876,8.5047,2.668,NO
4662,7.077,4.600,0.004,0.007,4.611,1.538,10.20,28.25,25.25,21.25,1.5866,8.4994,2.669,NO
4663,7.580,4.927,0.004,0.007,4.938,1.538,10.20,29.80,26.80,22.80,2.3661,8.8729,2.601,NO
4664,7.953,5.169,0.004,0.007,5.181,1.538,10.20,31.36,28.36,24.36,2.4400,9.1502,2.557,NO
4665,8.415,5.470,0.004,0.007,5.481,1.538,10.20,32.80,29.80,25.80,2.5316,9.4935,2.507,NO
4666,8.848,5.751,0.004,0.007,5.762,1.538,10.20,34.05,31.05,27.05,2.6172,9.8144,2.465,NO
4667,8.877,5.770,0.004,0.007,5.781,1.538,10.20,35.00,32.00,28.00,2.6230,9.8363,2.462,NO
4668,9.146,5.945,0.004,0.007,5.956,1.538,10.20,35.60,32.60,28.60,2.6762,10.0359,2.438,NO
4669,9.018,5.862,0.004,0.007,5.873,1.538,10.20,35.80,32.80,28.80,2.6509,9.9408,2.450,NO
4670,9.110,5.921,0.004,0.007,5.933,1.538,10.20,35.60,32.60,28.60,2.6691,10.0090,2.442,NO
4671,8.874,5.768,0.004,0.007,5.779,1.538,10.20,35.00,32.00,28.00,2.6223,9.8338,2.463,NO
4672,8.304,5.397,0.004,0.007,5.409,1.538,10.20,34.05,31.05,27.05,2.5095,9.4106,2.518,NO
4673,8.465,5.502,0.004,0.007,5.514,1.538,10.20,32.80,29.80,25.80,2.5414,9.5304,2.502,NO
4674,7.704,5.007,0.004,0.007,5.019,1.538,10.20,31.36,28.36,24.36,2.3907,8.9652,2.586,NO
4675,7.834,5.092,0.004,0.007,5.103,1.538,10.20,29.80,26.80,22.80,2.4165,9.0617,2.571,NO
4676,7.088,4.607,0.004,0.007,4.618,1.538,10.20,28.25,25.25,21.25,2.2687,8.5076,2.667,NO
4677,6.979,4.537,0.004,0.007,4.548,1.538,10.20,26.80,23.80,19.80,2.2473,8.4273,2.683,NO
4678,6.459,4.198,0.004,0.007,4.209,1.538,10.20,25.56,22.56,18.56,2.1442,8.0406,2.767,NO
4679,6.347,4.125,0.004,0.007,4.137,1.538,10.20,24.61,21.61,17.61,1.4854,7.9575,2.786,NO
4680,6.327,4.113,0.004,0.007,4.124,1.538,10.20,24.01,21.01,17.01,1.4827,7.9429,2.790,NO
4681,6.534,4.247,0.004,0.007,4.258,1.538,10.20,23.77,20.77,16.77,1.5113,8.0964,2.754,NO
4682,6.616,4.301,0.004,0.007,4.312,1.538,10.20,23.97,20.97,16.97,1.5228,8.1576,2.740,NO
4683,6.666,4.333,0.004,0.007,4.344,1.538,10.20,24.57,21.57,17.57,1.5297,8.1949,2.732,NO
4684,6.448,4.191,0.004,0.007,4.202,1.538,10.20,25.53,22.53,18.53,1.4994,8.0325,2.768,NO
4685,6.672,4.337,0.004,0.007,4.348,1.538,10.20,26.77,23.77,19.77,1.5305,8.1993,2.731,NO
4686,7.057,4.587,0.004,0.007,4.599,1.538,10.20,28.22,25.22,21.22,1.5839,8.4852,2.672,NO
4687,7.887,5.126,0.004,0.007,5.138,1.538,10.20,29.77,26.77,22.77,2.4270,9.1011,2.564,NO
4688,7.694,5.001,0.004,0.007,5.012,1.538,10.20,31.32,28.32,24.32,2.3887,8.9576,2.587,NO
4689,8.448,5.491,0.004,0.007,5.502,1.538,10.20,32.77,29.77,25.77,2.5380,9.5176,2.504,NO
4690,8.897,5.783,0.004,0.007,5.794,1.538,10.20,34.01,31.01,27.01,2.6270,9.8512,2.461,NO
4691,8.700,5.655,0.004,0.007,5.666,1.538,10.20,34.97,31.97,27.97,2.5879,9.7048,2.479,NO
4692,8.920,5.798,0.004,0.007,5.809,1.538,10.20,35.56,32.56,28.56,2.6315,9.8680,2.458,NO
4693,8.673,5.638,0.004,0.007,5.649,1.538,10.20,35.77,32.77,28.77,2.5827,9.6850,2.481,NO
4694,9.110,5.922,0.004,0.007,5.933,1.538,10.20,35.56,32.56,28.56,2.6692,10.0094,2.442,NO
4695,8.633,5.611,0.004,0.007,5.623,1.538,10.20,34.97,31.97,27.97,2.5746,9.6549,2.485,NO
4696,8.702,5.656,0.004,0.007,5.667,1.538,10.20,34.01,31.01,27.01,2.5883,9.7060,2.479,NO
4697,8.610,5.597,0.004,0.007,5.608,1.538,10.20,32.77,29.77,25.77,2.5702,9.6381,2.488,NO
4698,7.873,5.117,0.004,0.007,5.129,1.538,10.20,31.32,28.32,24.32,2.4242,9.0906,2.566,NO
4699,7.969,5.180,0.004,0.007,5.191,1.538,10.20,29.77,26.77,22.77,2.4431,9.1617,2.555,NO
4700,7.331,4.765,0.004,0.007,4.776,1.538,10.20,28.22,25.22,21.22,2.3169,8.6882,2.634,NO
4701,7.072,4.597,0.004,0.007,4.608,1.538,10.20,26.77,23.77,19.77,2.2656,8.4958,2.670,NO
4702,6.725,4.372,0.004,0.007,4.383,1.538,10.20,25.53,22.53,18.53,2.1970,8.2387,2.722,NO
4703,6.544,4.254,0.004,0.007,4.265,1.538,10.20,24.57,21.57,17.57,1.5128,8.1040,2.752,NO
4704,6.327,4.113,0.004,0.007,4.124,1.538,10.20,23.97,20.97,16.97,1.4827,7.9429,2.790,NO
4705,7.540,4.901,0.004,0.007,4.912,1.538,10.20,23.73,20.73,16.73,1.6507,8.8432,2.606,NO
4706,7.640,4.966,0.004,0.007,4.978,1.538,10.20,23.94,20.94,16.94,1.6647,8.9181,2.594,NO
4707,7.609,4.946,0.004,0.007,4.957,1.538,10.20,24.54,21.54,17.54,1.6604,8.8949,2.598,NO
4708,7.791,5.064,0.004,0.007,5.075,1.538,10.20,25.49,22.49,18.49,1.6856,9.0298,2.576,NO
4709,8.463,5.501,0.004,0.007,5.513,1.538,10.20,26.73,23.73,19.73,1.7788,9.5292,2.502,NO
4710,8.466,5.503,0.004,0.007,5.514,1.538,10.20,28.18,25.18,21.18,1.7792,9.5313,2.502,NO
4711,9.146,5.945,0.004,0.007,5.956,1.538,10.20,29.73,26.73,22.73,2.6763,10.0363,2.438,NO
4712,9.189,5.973,0.004,0.007,5.984,1.538,10.20,31.28,28.28,24.28,2.6848,10.0681,2.435,NO
4713,9.898,6.434,0.004,0.007,6.445,1.538,10.20,32.73,29.73,25.73,2.8253,10.5947,2.379,NO
4714,9.995,6.497,0.004,0.007,6.508,1.538,10.20,33.97,30.97,26.97,2.8445,10.6667,2.371,NO
4715,10.221,6.644,0.004,0.008,6.656,1.538,10.20,34.93,31.93,27.93,2.8893,10.8347,2.356,NO
4716,10.250,6.663,0.004,0.008,6.675,1.538,10.21,35.53,32.53,28.53,2.8950,10.8564,2.354,NO
4717,10.256,6.666,0.004,0.008,6.679,1.538,10.21,35.73,32.73,28.73,4.3443,10.8607,2.353,NO
4718,10.455,6.796,0.004,0.008,6.809,1.538,10.21,35.53,32.53,28.53,4.4034,11.0085,2.340,NO
4719,10.235,6.653,0.004,0.008,6.665,1.538,10.20,34.93,31.93,27.93,4.3380,10.8449,2.355,NO
4720,9.767,6.348,0.004,0.007,6.360,1.538,10.20,33.97,30.97,26.97,4.1988,10.4970,2.388,NO
4721,9.982,6.488,0.004,0.007,6.500,1.538,10.20,32.73,29.73,25.73,4.2627,10.6569,2.372,NO
4722,9.378,6.096,0.004,0.007,6.107,1.538,10.20,31.28,28.28,24.28,4.0834,10.2086,2.419,NO
4723,8.698,5.654,0.004,0.007,5.665,1.538,10.20,29.73,26.73,22.73,2.5875,9.7032,2.479,NO
4724,8.624,5.605,0.004,0.007,5.617,1.538,10.20,28.18,25.18,21.18,2.5728,9.6481,2.486,NO
4725,8.616,5.600,0.004,0.007,5.611,1.538,10.20,26.73,23.73,19.73,2.5712,9.6421,2.487,NO
4726,8.010,5.206,0.004,0.007,5.218,1.538,10.20,25.49,22.49,18.49,2.4513,9.1922,2.550,NO
4727,7.592,4.935,0.004,0.007,4.946,1.538,10.20,24.54,21.54,17.54,1.6580,8.8823,2.600,NO
4728,7.958,5.173,0.004,0.007,5.184,1.538,10.20,23.94,20.94,16.94,1.7087,9.1538,2.556,NO
4729,7.777,5.055,0.004,0.007,5.066,1.538,10.20,23.69,20.69,16.69,1.6836,9.0195,2.577,NO
4730,7.839,5.095,0.004,0.007,5.107,1.538,10.20,23.89,20.89,16.89,1.6922,9.0654,2.570,NO
4731,7.530,4.895,0.004,0.007,4.906,1.538,10.20,24.49,21.49,17.49,1.6495,8.8364,2.608,NO
4732,7.911,5.142,0.004,0.007,5.154,1.538,10.20,25.45,22.45,18.45,1.7022,9.1192,2.562,NO
4733,8.644,5.618,0.004,0.007,5.630,1.538,10.20,26.69,23.69,19.69,1.8038,9.6630,2.484,NO
4734,8.387,5.451,0.004,0.007,5.463,1.538,10.20,28.14,25.14,21.14,1.7681,9.4721,2.510,NO
4735,8.871,5.766,0.004,0.007,5.778,1.538,10.20,29.69,26.69,22.69,2.6219,9.8321,2.463,NO
4736,9.664,6.281,0.004,0.007,6.293,1.538,10.20,31.24,28.24,24.24,2.7787,10.4203,2.396,NO
4737,9.613,6.248,0.004,0.007,6.260,1.538,10.20,32.69,29.69,25.69,2.7687,10.3827,2.400,NO
4738,9.913,6.443,0.004,0.007,6.455,1.538,10.20,33.93,30.93,26.93,2.8281,10.6054,2.377,NO
4739,9.990,6.494,0.004,0.007,6.505,1.538,10.20,34.89,31.89,27.89,2.8434,10.6627,2.372,NO
4740,10.271,6.676,0.004,0.008,6.688,1.538,10.21,35.49,32.49,28.49,2.8991,10.8718,2.352,NO
4741,10.216,6.640,0.004,0.008,6.652,1.538,10.20,35.69,32.69,28.69,4.3323,10.8306,2.356,NO
4742,10.068,6.544,0.004,0.008,6.556,1.538,10.20,35.49,32.49,28.49,4.2884,10.7210,2.366,NO
4743,10.254,6.665,0.004,0.008,6.677,1.538,10.21,34.89,31.89,27.89,4.3437,10.8592,2.353,NO
4744,10.029,6.519,0.004,0.007,6.530,1.538,10.20,33.93,30.93,26.93,4.2766,10.6916,2.369,NO
4745,9.565,6.217,0.004,0.007,6.229,1.538,10.20,32.69,29.69,25.69,4.1388,10.3471,2.404,NO
4746,9.129,5.934,0.004,0.007,5.945,1.538,10.20,31.24,28.24,24.24,4.0094,10.0235,2.440,NO
4747,8.846,5.750,0.004,0.007,5.761,1.538,10.20,29.69,26.69,22.69,2.6169,9.8132,2.465,NO
4748,8.381,5.448,0.004,0.007,5.459,1.538,10.20,28.14,25.14,21.14,2.5249,9.4683,2.510,NO
4749,8.334,5.417,0.004,0.007,5.428,1.538,10.20,26.69,23.69,19.69,2.5155,9.4331,2.515,NO
4750,7.775,5.054,0.004,0.007,5.065,1.538,10.20,25.45,22.45,18.45,2.4049,9.0183,2.577,NO
4751,8.120,5.278,0.004,0.007,5.289,1.538,10.20,24.49,21.49,17.49,1.7312,9.2741,2.538,NO
4752,7.599,4.940,0.004,0.007,4.951,1.538,10.20,23.89,20.89,16.89,1.6590,8.8877,2.599,NO
4753,7.860,5.109,0.004,0.007,5.121,1.538,10.20,23.65,20.65,16.65,1.6952,9.0814,2.567,NO
4754,7.941,5.162,0.004,0.007,5.173,1.538,10.20,23.85,20.85,16.85,1.7064,9.1414,2.558,NO
4755,7.796,5.067,0.004,0.007,5.079,1.538,10.20,24.45,21.45,17.45,1.6863,9.0337,2.575,NO
4756,8.009,5.206,0.004,0.007,5.217,1.538,10.20,25.40,22.40,18.40,1.7159,9.1921,2.550,NO
4757,8.397,5.458,0.004,0.007,5.470,1.538,10.20,26.65,23.65,19.65,1.7696,9.4801,2.509,NO
4758,8.909,5.791,0.004,0.007,5.802,1.538,10.20,28.09,25.09,21.09,1.8406,9.8603,2.459,NO
4759,8.688,5.647,0.004,0.007,5.659,1.538,10.20,29.65,26.65,22.65,2.5857,9.6963,2.480,NO
4760,9.074,5.898,0.004,0.007,5.909,1.538,10.20,31.20,28.20,24.20,2.6620,9.9826,2.445,NO
4761,9.498,6.174,0.004,0.007,6.185,1.538,10.20,32.65,29.65,25.65,2.7459,10.2973,2.409,NO
4762,10.174,6.613,0.004,0.008,6.625,1.538,10.20,33.89,30.89,26.89,2.8800,10.7999,2.359,NO
4763,10.175,6.614,0.004,0.008,6.626,1.538,10.20,34.84,31.84,27.84,2.8801,10.8004,2.359,NO
4764,10.251,6.663,0.004,0.008,6.676,1.538,10.21,35.44,32.44,28.44,2.8952,10.8571,2.354,NO
4765,10.330,6.714,0.004,0.008,6.727,1.538,10.21,35.65,32.65,28.65,4.3663,10.9156,2.348,NO
4766,10.062,6.541,0.004,0.008,6.552,1.538,10.20,35.44,32.44,28.44,4.2866,10.7166,2.367,NO
4767,10.094,6.561,0.004,0.008,6.572,1.538,10.20,34.84,31.84,27.84,4.2959,10.7397,2.364,NO
4768,9.908,6.440,0.004,0.007,6.451,1.538,10.20,33.89,30.89,26.89,4.2407,10.6017,2.378,NO
4769,9.722,6.319,0.004,0.007,6.330,1.538,10.20,32.65,29.65,25.65,4.1854,10.4635,2.392,NO
4770,9.519,6.187,0.004,0.007,6.199,1.538,10.20,31.20,28.20,24.20,4.1251,10.3128,2.408,NO
4771,9.106,5.919,0.004,0.007,5.930,1.538,10.20,29.65,26.65,22.65,2.6684,10.0064,2.442,NO
4772,8.942,5.812,0.004,0.007,5.824,1.538,10.20,28.09,25.09,21.09,2.6359,9.8845,2.456,NO
4773,8.257,5.367,0.004,0.007,5.379,1.538,10.20,26.65,23.65,19.65,2.5003,9.3761,2.523,NO
4774,7.910,5.142,0.004,0.007,5.153,1.538,10.20,25.40,22.40,18.40,2.4316,9.1186,2.562,NO
4775,7.630,4.959,0.004,0.007,4.971,1.538,10.20,24.45,21.45,17.45,1.6632,8.9100,2.595,NO
4776,7.814,5.079,0.004,0.007,5.091,1.538,10.20,23.85,20.85,16.85,1.6888,9.0473,2.573,NO
4777,7.788,5.062,0.004,0.007,5.073,1.538,10.20,23.60,20.60,16.60,1.6851,9.0275,2.576,NO
4778,7.711,5.012,0.004,0.007,5.024,1.538,10.20,23.80,20.80,16.80,1.6746,8.9708,2.585,NO
4779,8.101,5.266,0.004,0.007,5.277,1.538,10.20,24.40,21.40,17.40,1.7286,9.2604,2.540,NO
4780,8.326,5.412,0.004,0.007,5.423,1.538,10.20,25.36,22.36,18.36,1.7597,9.4269,2.516,NO
4781,8.619,5.603,0.004,0.007,5.614,1.538,10.20,26.60,23.60,19.60,1.8004,9.6450,2.487,NO
4782,8.729,5.674,0.004,0.007,5.685,1.538,10.20,28.05,25.05,21.05,1.8156,9.7264,2.476,NO
4783,8.948,5.816,0.004,0.007,5.827,1.538,10.20,29.60,26.60,22.60,2.6371,9.8889,2.456,NO
4784,9.494,6.171,0.004,0.007,6.182,1.538,10.20,31.15,28.15,24.15,2.7452,10.2944,2.410,NO
4785,9.380,6.097,0.004,0.007,6.108,1.538,10.20,32.60,29.60,25.60,2.7226,10.2098,2.419,NO
4786,9.986,6.491,0.004,0.007,6.502,1.538,10.20,33.84,30.84,26.84,2.8426,10.6598,2.372,NO
4787,9.843,6.398,0.004,0.007,6.409,1.538,10.20,34.80,31.80,27.80,2.8143,10.5537,2.383,NO
4788,10.607,6.895,0.005,0.009,6.908,1.538,10.21,35.39,32.39,28.39,2.9658,11.1219,2.330,NO
4789,10.516,6.835,0.005,0.009,6.848,1.538,10.21,35.60,32.60,28.60,4.4215,11.0538,2.336,NO
4790,10.301,6.696,0.004,0.008,6.708,1.538,10.21,35.39,32.39,28.39,4.3577,10.8943,2.350,NO
4791,10.182,6.618,0.004,0.008,6.630,1.538,10.20,34.80,31.80,27.80,4.3222,10.8055,2.358,NO
4792,9.682,6.293,0.004,0.007,6.305,1.538,10.20,33.84,30.84,26.84,4.1736,10.4341,2.395,NO
4793,9.498,6.174,0.004,0.007,6.185,1.538,10.20,32.60,29.60,25.60,4.1190,10.2976,2.409,NO
4794,9.167,5.959,0.004,0.007,5.970,1.538,10.20,31.15,28.15,24.15,4.0206,10.0516,2.437,NO
4795,9.143,5.943,0.004,0.007,5.954,1.538,10.20,29.60,26.60,22.60,2.6757,10.0339,2.439,NO
4796,8.729,5.674,0.004,0.007,5.685,1.538,10.20,28.05,25.05,21.05,2.5937,9.7265,2.476,NO
4797,8.115,5.275,0.004,0.007,5.286,1.538,10.20,26.60,23.60,19.60,2.4722,9.2706,2.539,NO
4798,7.731,5.025,0.004,0.007,5.036,1.538,10.20,25.36,22.36,18.36,2.3961,8.9853,2.583,NO
4799,7.553,4.910,0.004,0.007,4.921,1.538,10.20,24.40,21.40,17.40,1.6526,8.8535,2.605,NO
4800,7.392,4.805,0.004,0.007,4.816,1.538,10.20,23.80,20.80,16.80,1.6303,8.7338,2.626,NO
4801,7.748,5.036,0.004,0.007,5.048,1.538,10.20,23.55,20.55,16.55,1.6797,8.9982,2.581,NO
4802,7.869,5.115,0.004,0.007,5.126,1.538,10.20,23.75,20.75,16.75,1.6964,9.0877,2.566,NO
4803,7.595,4.937,0.004,0.007,4.948,1.538,10.20,24.35,21.35,17.35,1.6585,8.8846,2.599,NO
4804,7.954,5.170,0.004,0.007,5.181,1.538,10.20,25.31,22.31,18.31,1.7082,9.1509,2.557,NO
4805,8.540,5.551,0.004,0.007,5.562,1.538,10.20,26.55,23.55,19.55,1.7893,9.5858,2.494,NO
4806,8.539,5.551,0.004,0.007,5.562,1.538,10.20,28.00,25.00,21.00,1.7893,9.5856,2.494,NO
4807,9.091,5.909,0.004,0.007,5.921,1.538,10.20,29.55,26.55,22.55,2.6654,9.9954,2.443,NO
4808,9.523,6.190,0.004,0.007,6.201,1.538,10.20,31.10,28.10,24.10,2.7510,10.3161,2.407,NO
4809,9.561,6.215,0.004,0.007,6.226,1.538,10.20,32.55,29.55,25.55,2.7585,10.3443,2.404,NO
4810,10.229,6.649,0.004,0.008,6.661,1.538,10.20,33.79,30.79,26.79,2.8908,10.8406,2.355,NO
4811,10.134,6.587,0.004,0.008,6.599,1.538,10.20,34.75,31.75,27.75,2.8719,10.7696,2.362,NO
4812,10.380,6.747,0.004,0.008,6.760,1.538,10.21,35.35,32.35,28.35,2.9208,10.9532,2.345,NO
4813,10.172,6.612,0.004,0.008,6.624,1.538,10.20,35.55,32.55,28.55,4.3193,10.7982,2.359,NO
4814,10.007,6.505,0.004,0.007,6.516,1.538,10.20,35.35,32.35,28.35,4.2702,10.6754,2.371,NO
4815,9.932,6.456,0.004,0.007,6.467,1.538,10.20,34.75,31.75,27.75,4.2479,10.6197,2.376,NO
4816,10.083,6.554,0.004,0.008,6.566,1.538,10.20,33.79,30.79,26.79,4.2928,10.7321,2.365,NO
4817,9.663,6.281,0.004,0.007,6.292,1.538,10.20,32.55,29.55,25.55,4.1680,10.4200,2.396,NO
4818,9.035,5.873,0.004,0.007,5.884,1.538,10.20,31.10,28.10,24.10,3.9816,9.9539,2.448,NO
4819,8.688,5.647,0.004,0.007,5.659,1.538,10.20,29.55,26.55,22.55,2.5856,9.6960,2.480,NO
4820,8.900,5.785,0.004,0.007,5.796,1.538,10.20,28.00,25.00,21.00,2.6275,9.8530,2.460,NO
4821,8.390,5.453,0.004,0.007,5.465,1.538,10.20,26.55,23.55,19.55,2.5265,9.4744,2.510,NO
4822,8.087,5.257,0.004,0.007,5.268,1.538,10.20,25.31,22.31,18.31,2.4666,9.2498,2.542,NO
4823,7.582,4.928,0.004,0.007,4.940,1.538,10.20,24.35,21.35,17.35,1.6566,8.8746,2.601,NO
4824,7.740,5.031,0.004,0.007,5.042,1.538,10.20,23.75,20.75,16.75,1.6785,8.9918,2.582,NO
4825,6.327,4.113,0.004,0.007,4.124,1.538,10.20,23.50,20.50,16.50,1.4827,7.9429,2.790,NO
4826,6.327,4.113,0.004,0.007,4.124,1.538,10.20,23.70,20.70,16.70,1.4827,7.9429,2.790,NO
4827,6.327,4.113,0.004,0.007,4.124,1.538,10.20,24.30,21.30,17.30,1.4827,7.9429,2.790,NO
4828,6.675,4.338,0.004,0.007,4.350,1.538,10.20,25.25,22.25,18.25,1.5308,8.2009,2.730,NO
4829,7.305,4.748,0.004,0.007,4.760,1.538,10.20,26.50,23.50,19.50,1.6183,8.6693,2.637,NO
4830,7.118,4.627,0.004,0.007,4.638,1.538,10.20,27.94,24.94,20.94,1.5924,8.5305,2.663,NO
4831,7.622,4.955,0.004,0.007,4.966,1.538,10.20,29.50,26.50,22.50,2.3746,8.9048,2.596,NO
4832,7.702,5.007,0.004,0.007,5.018,1.538,10.20,31.05,28.05,24.05,2.3904,8.9642,2.586,NO
4833,8.385,5.450,0.004,0.007,5.461,1.538,10.20,32.50,29.50,25.50,2.5256,9.4708,2.510,NO
4834,8.653,5.624,0.004,0.007,5.636,1.538,10.20,33.74,30.74,26.74,2.5786,9.6697,2.483,NO
4835,8.777,5.705,0.004,0.007,5.717,1.538,10.20,34.69,31.69,27.69,2.6033,9.7624,2.472,NO
4836,8.761,5.695,0.004,0.007,5.706,1.538,10.20,35.29,32.29,28.29,2.6001,9.7504,2.473,NO
4837,8.949,5.817,0.004,0.007,5.828,1.538,10.20,35.50,32.50,28.50,2.6373,9.8898,2.456,NO
4838,9.108,5.920,0.004,0.007,5.931,1.538,10.20,35.29,32.29,28.29,2.6687,10.0077,2.442,NO
4839,9.135,5.938,0.004,0.007,5.949,1.538,10.20,34.69,31.69,27.69,2.6741,10.0278,2.439,NO
4840,8.682,5.643,0.004,0.007,5.654,1.538,10.20,33.74,30.74,26.74,2.5843,9.6912,2.481,NO
4841,8.640,5.616,0.004,0.007,5.627,1.538,10.20,32.50,29.50,25.50,2.5760,9.6599,2.485,NO
4842,8.227,5.347,0.004,0.007,5.359,1.538,10.20,31.05,28.05,24.05,2.4943,9.3535,2.527,NO
4843,7.887,5.127,0.004,0.007,5.138,1.538,10.20,29.50,26.50,22.50,2.4270,9.1014,2.564,NO
4844,7.569,4.920,0.004,0.007,4.931,1.538,10.20,27.94,24.94,20.94,2.3640,8.8649,2.603,NO
4845,6.756,4.392,0.004,0.007,4.403,1.538,10.20,26.50,23.50,19.50,2.2031,8.2618,2.717,NO
4846,6.453,4.194,0.004,0.007,4.206,1.538,10.20,25.25,22.25,18.25,2.1430,8.0364,2.768,NO
4847,6.764,4.396,0.004,0.007,4.408,1.538,10.20,24.30,21.30,17.30,1.5432,8.2672,2.716,NO
4848,6.327,4.113,0.004,0.007,4.124,1.538,10.20,23.70,20.70,16.70,1.4827,7.9429,2.790,NO
4849,6.355,4.131,0.004,0.007,4.142,1.538,10.20,23.44,20.44,16.44,1.4866,7.9637,2.785,NO
4850,6.327,4.113,0.004,0.007,4.124,1.538,10.20,23.65,20.65,16.65,1.4827,7.9429,2.790,NO
4851,6.327,4.113,0.004,0.007,4.124,1.538,10.20,24.25,21.25,17.25,1.4827,7.9429,2.790,NO
4852,6.710,4.362,0.004,0.007,4.373,1.538,10.20,25.20,22.20,18.20,1.5358,8.2274,2.725,NO
4853,7.074,4.598,0.004,0.007,4.610,1.538,10.20,26.44,23.44,19.44,1.5862,8.4977,2.669,NO
4854,7.108,4.620,0.004,0.007,4.632,1.538,10.20,27.89,24.89,20.89,1.5909,8.5229,2.665,NO
4855,7.686,4.996,0.004,0.007,5.007,1.538,10.20,29.44,26.44,22.44,2.3871,8.9517,2.588,NO
4856,7.758,5.042,0.004,0.007,5.054,1.538,10.20,30.99,27.99,23.99,2.4013,9.0050,2.580,NO
4857,8.264,5.372,0.004,0.007,5.383,1.538,10.20,32.44,29.44,25.44,2.5016,9.3811,2.523,NO
4858,8.854,5.755,0.004,0.007,5.766,1.538,10.20,33.68,30.68,26.68,2.6184,9.8190,2.464,NO
4859,8.861,5.760,0.004,0.007,5.771,1.538,10.20,34.64,31.64,27.64,2.6199,9.8247,2.464,NO
4860,9.056,5.886,0.004,0.007,5.897,1.538,10.20,35.24,32.24,28.24,2.6584,9.9689,2.446,NO
4861,9.318,6.057,0.004,0.007,6.068,1.538,10.20,35.44,32.44,28.44,2.7103,10.1636,2.424,NO
4862,8.857,5.757,0.004,0.007,5.769,1.538,10.20,35.24,32.24,28.24,2.6191,9.8217,2.464,NO
4863,8.637,5.614,0.004,0.007,5.626,1.538,10.20,34.64,31.64,27.64,2.5756,9.6584,2.485,NO
4864,8.697,5.653,0.004,0.007,5.665,1.538,10.20,33.68,30.68,26.68,2.5875,9.7030,2.479,NO
4865,8.610,5.597,0.004,0.007,5.608,1.538,10.20,32.44,29.44,25.44,2.5702,9.6381,2.488,NO
4866,7.891,5.129,0.004,0.007,5.141,1.538,10.20,30.99,27.99,23.99,2.4278,9.1044,2.564,NO
4867,7.662,4.981,0.004,0.007,4.992,1.538,10.20,29.44,26.44,22.44,2.3825,8.9344,2.591,NO
4868,7.162,4.655,0.004,0.007,4.667,1.538,10.20,27.89,24.89,20.89,2.2835,8.5631,2.657,NO
4869,6.783,4.409,0.004,0.007,4.420,1.538,10.20,26.44,23.44,19.44,2.2085,8.2817,2.713,NO
4870,7.005,4.553,0.004,0.007,4.564,1.538,10.20,25.20,22.20,18.20,2.2523,8.4460,2.680,NO
4871,6.387,4.151,0.004,0.007,4.163,1.538,10.20,24.25,21.25,17.25,1.4909,7.9872,2.779,NO
4872,6.327,4.113,0.004,0.007,4.124,1.538,10.20,23.65,20.65,16.65,1.4827,7.9429,2.790,NO
4873,7.689,4.998,0.004,0.007,5.009,1.538,10.20,23.38,20.38,16.38,1.6714,8.9539,2.588,NO
4874,7.471,4.856,0.004,0.007,4.868,1.538,10.20,23.59,20.59,16.59,1.6413,8.7927,2.615,NO
4875,7.966,5.178,0.004,0.007,5.189,1.538,10.20,24.19,21.19,17.19,1.7099,9.1600,2.555,NO
4876,7.819,5.082,0.004,0.007,5.094,1.538,10.20,25.14,22.14,18.14,1.6895,9.0506,2.572,NO
4877,8.345,5.424,0.004,0.007,5.436,1.538,10.20,26.38,23.38,19.38,1.7624,9.4413,2.514,NO
4878,8.377,5.445,0.004,0.007,5.456,1.538,10.20,27.83,24.83,20.83,1.7668,9.4651,2.511,NO
4879,9.109,5.921,0.004,0.007,5.932,1.538,10.20,29.38,26.38,22.38,2.6690,10.0086,2.442,NO
4880,9.344,6.074,0.004,0.007,6.085,1.538,10.20,30.94,27.94,23.94,2.7154,10.1829,2.422,NO
4881,9.828,6.388,0.004,0.007,6.400,1.538,10.20,32.38,29.38,25.38,2.8113,10.5425,2.384,NO
4882,9.857,6.407,0.004,0.007,6.418,1.538,10.20,33.63,30.63,26.63,2.8171,10.5640,2.382,NO
4883,10.293,6.690,0.004,0.008,6.703,1.538,10.21,34.58,31.58,27.58,2.9034,10.8879,2.351,NO
4884,10.349,6.727,0.004,0.008,6.739,1.538,10.21,35.18,32.18,28.18,2.9146,10.9299,2.347,NO
4885,10.176,6.614,0.004,0.008,6.626,1.538,10.20,35.38,32.38,28.38,4.3203,10.8007,2.359,NO
4886,10.092,6.560,0.004,0.008,6.571,1.538,10.20,35.18,32.18,28.18,4.2954,10.7384,2.365,NO
4887,10.308,6.701,0.004,0.008,6.713,1.538,10.21,34.58,31.58,27.58,4.3599,10.8996,2.350,NO
4888,9.757,6.342,0.004,0.007,6.353,1.538,10.20,33.63,30.63,26.63,4.1958,10.4894,2.389,NO
4889,9.949,6.467,0.004,0.007,6.478,1.538,10.20,32.38,29.38,25.38,4.2528,10.6321,2.375,NO
4890,9.202,5.981,0.004,0.007,5.992,1.538,10.20,30.94,27.94,23.94,4.0309,10.0773,2.434,NO
4891,9.008,5.855,0.004,0.007,5.867,1.538,10.20,29.38,26.38,22.38,2.6489,9.9336,2.451,NO
4892,8.655,5.626,0.004,0.007,5.637,1.538,10.20,27.83,24.83,20.83,2.5791,9.6716,2.483,NO
4893,8.628,5.608,0.004,0.007,5.620,1.538,10.20,26.38,23.38,19.38,2.5738,9.6517,2.486,NO
4894,7.920,5.148,0.004,0.007,5.159,1.538,10.20,25.14,22.14,18.14,2.4334,9.1254,2.561,NO
4895,7.822,5.084,0.004,0.007,5.096,1.538,10.20,24.19,21.19,17.19,1.6899,9.0530,2.572,NO
4896,7.928,5.153,0.004,0.007,5.165,1.538,10.20,23.59,20.59,16.59,1.7046,9.1318,2.560,NO
4897,7.977,5.185,0.004,0.007,5.196,1.538,10.20,23.32,20.32,16.32,1.7113,9.1679,2.554,NO
4898,7.574,4.923,0.004,0.007,4.935,1.538,10.20,23.53,20.53,16.53,1.6555,8.8689,2.602,NO
4899,7.942,5.162,0.004,0.007,5.173,1.538,10.20,24.13,21.13,17.13,1.7065,9.1418,2.558,NO
4900,7.945,5.164,0.004,0.007,5.175,1.538,10.20,25.08,22.08,18.08,1.7069,9.1441,2.558,NO
4901,8.394,5.456,0.004,0.007,5.467,1.538,10.20,26.32,23.32,19.32,1.7692,9.4776,2.509,NO
4902,8.970,5.831,0.004,0.007,5.842,1.538,10.20,27.77,24.77,20.77,1.8490,9.9055,2.454,NO
4903,9.235,6.002,0.004,0.007,6.014,1.538,10.20,29.32,26.32,22.32,2.6938,10.1017,2.431,NO
4904,9.420,6.123,0.004,0.007,6.134,1.538,10.20,30.88,27.88,23.88,2.7305,10.2394,2.416,NO
4905,9.968,6.479,0.004,0.007,6.490,1.538,10.20,32.32,29.32,25.32,2.8390,10.6462,2.373,NO
4906,9.873,6.418,0.004,0.007,6.429,1.538,10.20,33.57,30.57,26.57,2.8202,10.5759,2.380,NO
4907,9.863,6.411,0.004,0.007,6.422,1.538,10.20,34.52,31.52,27.52,2.8181,10.5681,2.381,NO
4908,10.250,6.663,0.004,0.008,6.675,1.538,10.21,35.12,32.12,28.12,2.8950,10.8563,2.354,NO
4909,10.177,6.615,0.004,0.008,6.627,1.538,10.20,35.32,32.32,28.32,4.3208,10.8019,2.359,NO
4910,10.316,6.705,0.004,0.008,6.718,1.538,10.21,35.12,32.12,28.12,4.3621,10.9051,2.349,NO
4911,10.476,6.809,0.004,0.009,6.822,1.538,10.21,34.52,31.52,27.52,4.4096,11.0241,2.339,NO
4912,10.214,6.639,0.004,0.008,6.651,1.538,10.20,33.57,30.57,26.57,4.3317,10.8292,2.356,NO
4913,9.597,6.238,0.004,0.007,6.250,1.538,10.20,32.32,29.32,25.32,4.1484,10.3710,2.401,NO
4914,9.503,6.177,0.004,0.007,6.188,1.538,10.20,30.88,27.88,23.88,4.1205,10.3013,2.409,NO
4915,8.986,5.841,0.004,0.007,5.852,1.538,10.20,29.32,26.32,22.32,2.6447,9.9175,2.452,NO
4916,8.588,5.582,0.004,0.007,5.593,1.538,10.20,27.77,24.77,20.77,2.5657,9.6214,2.490,NO
4917,8.264,5.371,0.004,0.007,5.383,1.538,10.20,26.32,23.32,19.32,2.5016,9.3809,2.523,NO
4918,8.217,5.341,0.004,0.007,5.353,1.538,10.20,25.08,22.08,18.08,2.4924,9.3465,2.528,NO
4919,8.005,5.203,0.004,0.007,5.214,1.538,10.20,24.13,21.13,17.13,1.7152,9.1887,2.551,NO
4920,7.821,5.084,0.004,0.007,5.095,1.538,10.20,23.53,20.53,16.53,1.6897,9.0520,2.572,NO
4921,7.772,5.052,0.004,0.007,5.063,1.538,10.20,23.26,20.26,16.26,1.6829,9.0157,2.578,NO
4922,7.455,4.846,0.004,0.007,4.857,1.538,10.20,23.46,20.46,16.46,1.6390,8.7804,2.617,NO
4923,7.859,5.108,0.004,0.007,5.119,1.538,10.20,24.06,21.06,17.06,1.6950,9.0801,2.568,NO
4924,7.834,5.092,0.004,0.007,5.104,1.538,10.20,25.02,22.02,18.02,1.6916,9.0621,2.570,NO
4925,8.531,5.545,0.004,0.007,5.556,1.538,10.20,26.26,23.26,19.26,1.7882,9.5794,2.495,NO
4926,8.517,5.536,0.004,0.007,5.548,1.538,10.20,27.71,24.71,20.71,1.7862,9.5691,2.497,NO
4927,9.043,5.878,0.004,0.007,5.889,1.538,10.20,29.26,26.26,22.26,2.6558,9.9594,2.447,NO
4928,9.574,6.223,0.004,0.007,6.234,1.538,10.20,30.81,27.81,23.81,2.7610,10.3537,2.403,NO
4929,9.741,6.332,0.004,0.007,6.343,1.538,10.20,32.26,29.26,25.26,2.7941,10.4779,2.390,NO
4930,10.025,6.516,0.004,0.007,6.528,1.538,10.20,33.50,30.50,26.50,2.8504,10.6889,2.369,NO
4931,10.000,6.500,0.004,0.007,6.512,1.538,10.20,34.46,31.46,27.46,2.8454,10.6703,2.371,NO
4932,10.289,6.688,0.004,0.008,6.700,1.538,10.21,35.05,32.05,28.05,2.9026,10.8848,2.351,NO
4933,10.357,6.732,0.004,0.008,6.744,1.538,10.21,35.26,32.26,28.26,4.3742,10.9355,2.346,NO
4934,10.303,6.697,0.004,0.008,6.709,1.538,10.21,35.05,32.05,28.05,4.3582,10.8956,2.350,NO
4935,9.816,6.381,0.004,0.007,6.392,1.538,10.20,34.46,31.46,27.46,4.2135,10.5338,2.385,NO
4936,10.208,6.635,0.004,0.008,6.647,1.538,10.20,33.50,30.50,26.50,4.3299,10.8247,2.357,NO
4937,9.844,6.399,0.004,0.007,6.410,1.538,10.20,32.26,29.26,25.26,4.2218,10.5545,2.383,NO
4938,9.573,6.223,0.004,0.007,6.234,1.538,10.20,30.81,27.81,23.81,4.1413,10.3534,2.403,NO
4939,8.661,5.629,0.004,0.007,5.641,1.538,10.20,29.26,26.26,22.26,2.5801,9.6755,2.483,NO
4940,8.916,5.795,0.004,0.007,5.807,1.538,10.20,27.71,24.71,20.71,2.6307,9.8651,2.459,NO
4941,8.603,5.592,0.004,0.007,5.603,1.538,10.20,26.26,23.26,19.26,2.5687,9.6327,2.488,NO
4942,8.029,5.219,0.004,0.007,5.230,1.538,10.20,25.02,22.02,18.02,2.4551,9.2067,2.548,NO
4943,8.039,5.225,0.004,0.007,5.237,1.538,10.20,24.06,21.06,17.06,1.7199,9.2139,2.547,NO
4944,7.929,5.154,0.004,0.007,5.165,1.538,10.20,23.46,20.46,16.46,1.7047,9.1321,2.560,NO
4945,7.500,4.875,0.004,0.007,4.886,1.538,10.20,23.19,20.19,16.19,1.6452,8.8136,2.612,NO
4946,7.422,4.825,0.004,0.007,4.836,1.538,10.20,23.40,20.40,16.40,1.6345,8.7563,2.622,NO
4947,7.509,4.881,0.004,0.007,4.892,1.538,10.20,24.00,21.00,17.00,1.6465,8.8207,2.610,NO
4948,8.200,5.330,0.004,0.007,5.341,1.538,10.20,24.95,21.95,17.95,1.7422,9.3334,2.529,NO
4949,8.079,5.251,0.004,0.007,5.263,1.538,10.20,26.19,23.19,19.19,1.7255,9.2438,2.543,NO
4950,8.464,5.501,0.004,0.007,5.513,1.538,10.20,27.64,24.64,20.64,1.7788,9.5294,2.502,NO
4951,9.266,6.023,0.004,0.007,6.034,1.538,10.20,29.19,26.19,22.19,2.7000,10.1251,2.428,NO
4952,9.478,6.161,0.004,0.007,6.172,1.538,10.20,30.75,27.75,23.75,2.7420,10.2825,2.411,NO
4953,9.628,6.258,0.004,0.007,6.270,1.538,10.20,32.19,29.19,25.19,2.7718,10.3942,2.399,NO
4954,10.004,6.502,0.004,0.007,6.514,1.538,10.20,33.44,30.44,26.44,2.8461,10.6728,2.371,NO
4955,9.835,6.393,0.004,0.007,6.404,1.538,10.20,34.39,31.39,27.39,2.8127,10.5477,2.383,NO
4956,10.386,6.751,0.004,0.008,6.764,1.538,10.21,34.99,31.99,27.99,2.9220,10.9575,2.344,NO
4957,10.426,6.777,0.004,0.008,6.790,1.538,10.21,35.19,32.19,28.19,4.3949,10.9873,2.342,NO
4958,10.426,6.777,0.004,0.008,6.790,1.538,10.21,34.99,31.99,27.99,4.3950,10.9874,2.342,NO
4959,10.240,6.656,0.004,0.008,6.668,1.538,10.20,34.39,31.39,27.39,4.3394,10.8486,2.354,NO
4960,10.109,6.571,0.004,0.008,6.582,1.538,10.20,33.44,30.44,26.44,4.3004,10.7511,2.363,NO
4961,9.505,6.178,0.004,0.007,6.190,1.538,10.20,32.19,29.19,25.19,4.1211,10.3027,2.409,NO
4962,9.122,5.929,0.004,0.007,5.940,1.538,10.20,30.75,27.75,23.75,4.0072,10.0179,2.441,NO
4963,9.084,5.904,0.004,0.007,5.916,1.538,10.20,29.19,26.19,22.19,2.6639,9.9897,2.444,NO
4964,8.635,5.613,0.004,0.007,5.624,1.538,10.20,27.64,24.64,20.64,2.5751,9.6567,2.485,NO
4965,8.115,5.275,0.004,0.007,5.286,1.538,10.20,26.19,23.19,19.19,2.4721,9.2705,2.539,NO
4966,8.319,5.407,0.004,0.007,5.418,1.538,10.20,24.95,21.95,17.95,2.5124,9.4217,2.517,NO
4967,7.966,5.178,0.004,0.007,5.189,1.538,10.20,24.00,21.00,17.00,1.7099,9.1602,2.555,NO
4968,7.524,4.890,0.004,0.007,4.902,1.538,10.20,23.40,20.40,16.40,1.6485,8.8315,2.608,NO
4969,7.452,4.844,0.004,0.007,4.855,1.538,10.20,23.12,20.12,16.12,1.6385,8.7779,2.618,NO
4970,7.956,5.171,0.004,0.007,5.183,1.538,10.20,23.33,20.33,16.33,1.7084,9.1523,2.556,NO
4971,7.742,5.032,0.004,0.007,5.043,1.538,10.20,23.93,20.93,16.93,1.6787,8.9932,2.581,NO
4972,8.156,5.301,0.004,0.007,5.313,1.538,10.20,24.88,21.88,17.88,1.7361,9.3007,2.534,NO
4973,8.435,5.483,0.004,0.007,5.494,1.538,10.20,26.12,23.12,19.12,1.7749,9.5084,2.505,NO
4974,8.324,5.410,0.004,0.007,5.422,1.538,10.20,27.57,24.57,20.57,1.7594,9.4253,2.516,NO
4975,9.313,6.054,0.004,0.007,6.065,1.538,10.20,29.12,26.12,22.12,2.7094,10.1604,2.424,NO
4976,9.434,6.132,0.004,0.007,6.143,1.538,10.20,30.68,27.68,23.68,2.7333,10.2499,2.414,NO
4977,9.751,6.338,0.004,0.007,6.350,1.538,10.20,32.12,29.12,25.12,2.7961,10.4854,2.390,NO
4978,9.739,6.330,0.004,0.007,6.342,1.538,10.20,33.37,30.37,26.37,2.7937,10.4763,2.390,NO
4979,10.292,6.690,0.004,0.008,6.702,1.538,10.21,34.32,31.32,27.32,2.9032,10.8871,2.351,NO
4980,10.290,6.688,0.004,0.008,6.701,1.538,10.21,34.92,31.92,27.92,2.9028,10.8856,2.351,NO
4981,10.622,6.904,0.005,0.009,6.918,1.538,10.21,35.12,32.12,28.12,4.4532,11.1330,2.329,NO
4982,10.400,6.760,0.004,0.008,6.773,1.538,10.21,34.92,31.92,27.92,4.3872,10.9681,2.344,NO
4983,10.093,6.560,0.004,0.008,6.572,1.538,10.20,34.32,31.32,27.32,4.2956,10.7390,2.365,NO
4984,9.839,6.395,0.004,0.007,6.407,1.538,10.20,33.37,30.37,26.37,4.2202,10.5504,2.383,NO
4985,9.598,6.239,0.004,0.007,6.250,1.538,10.20,32.12,29.12,25.12,4.1487,10.3717,2.401,NO
4986,9.128,5.933,0.004,0.007,5.945,1.538,10.20,30.68,27.68,23.68,4.0091,10.0228,2.440,NO
4987,8.920,5.798,0.004,0.007,5.809,1.538,10.20,29.12,26.12,22.12,2.6314,9.8679,2.458,NO
4988,8.878,5.770,0.004,0.007,5.782,1.538,10.20,27.57,24.57,20.57,2.6231,9.8367,2.462,NO
4989,8.603,5.592,0.004,0.007,5.603,1.538,10.20,26.12,23.12,19.12,2.5687,9.6327,2.488,NO
4990,8.253,5.365,0.004,0.007,5.376,1.538,10.20,24.88,21.88,17.88,2.4995,9.3732,2.524,NO
4991,7.520,4.888,0.004,0.007,4.899,1.538,10.20,23.93,20.93,16.93,1.6480,8.8286,2.609,NO
4992,7.554,4.910,0.004,0.007,4.922,1.538,10.20,23.33,20.33,16.33,1.6528,8.8542,2.605,NO
4993,6.327,4.113,0.004,0.007,4.124,1.538,10.20,23.05,20.05,16.05,1.4827,7.9429,2.790,NO
4994,6.427,4.178,0.004,0.007,4.189,1.538,10.20,23.26,20.26,16.26,1.4966,8.0175,2.772,NO
4995,6.795,4.417,0.004,0.007,4.428,1.538,10.20,23.86,20.86,16.86,1.5476,8.2907,2.711,NO
4996,6.501,4.226,0.004,0.007,4.237,1.538,10.20,24.81,21.81,17.81,1.5068,8.0722,2.759,NO
4997,6.787,4.411,0.004,0.007,4.423,1.538,10.20,26.05,23.05,19.05,1.5464,8.2842,2.713,NO
4998,7.304,4.747,0.004,0.007,4.759,1.538,10.20,27.50,24.50,20.50,1.6180,8.6681,2.637,NO
4999,7.357,4.782,0.004,0.007,4.793,1.538,10.20,29.05,26.05,22.05,2.3220,8.7075,2.630,NO
5000,7.844,5.099,0.004,0.007,5.110,1.538,10.20,30.60,27.60,23.60,2.4185,9.0695,2.569,NO
5001,8.196,5.327,0.004,0.007,5.338,1.538,10.20,32.05,29.05,25.05,2.4881,9.3303,2.530,NO
5002,8.720,5.668,0.004,0.007,5.679,1.538,10.20,33.29,30.29,26.29,2.5919,9.7195,2.477,NO
5003,8.502,5.526,0.004,0.007,5.538,1.538,10.20,34.25,31.25,27.25,2.5488,9.5579,2.498,NO
5004,8.706,5.659,0.004,0.007,5.670,1.538,10.20,34.85,31.85,27.85,2.5891,9.7092,2.478,NO
5005,9.159,5.953,0.004,0.007,5.965,1.538,10.20,35.05,32.05,28.05,2.6789,10.0457,2.437,NO
5006,8.966,5.828,0.004,0.007,5.839,1.538,10.20,34.85,31.85,27.85,2.6407,9.9025,2.454,NO
5007,8.515,5.534,0.004,0.007,5.546,1.538,10.20,34.25,31.25,27.25,2.5512,9.5671,2.497,NO
5008,8.717,5.666,0.004,0.007,5.677,1.538,10.20,33.29,30.29,26.29,2.5913,9.7175,2.477,NO
5009,8.512,5.533,0.004,0.007,5.544,1.538,10.20,32.05,29.05,25.05,2.5508,9.5654,2.497,NO
5010,7.810,5.076,0.004,0.007,5.088,1.538,10.20,30.60,27.60,23.60,2.4117,9.0439,2.573,NO
5011,7.450,4.842,0.004,0.007,4.854,1.538,10.20,29.05,26.05,22.05,2.3404,8.7765,2.618,NO
5012,7.415,4.820,0.004,0.007,4.831,1.538,10.20,27.50,24.50,20.50,2.3336,8.7511,2.622,NO
5013,6.726,4.372,0.004,0.007,4.383,1.538,10.20,26.05,23.05,19.05,2.1972,8.2395,2.722,NO
5014,6.578,4.276,0.004,0.007,4.287,1.538,10.20,24.81,21.81,17.81,2.1678,8.1294,2.746,NO
5015,6.327,4.113,0.004,0.007,4.124,1.538,10.20,23.86,20.86,16.86,1.4827,7.9429,2.790,NO
5016,6.632,4.311,0.004,0.007,4.322,1.538,10.20,23.26,20.26,16.26,1.5250,8.1694,2.737,NO
5017,6.327,4.113,0.004,0.007,4.124,1.538,10.20,22.98,19.98,15.98,1.4827,7.9429,2.790,NO
5018,6.327,4.113,0.004,0.007,4.124,1.538,10.20,23.18,20.18,16.18,1.4827,7.9429,2.790,NO
5019,6.327,4.113,0.004,0.007,4.124,1.538,10.20,23.78,20.78,16.78,1.4827,7.9429,2.790,NO
5020,6.913,4.493,0.004,0.007,4.505,1.538,10.20,24.73,21.73,17.73,1.5639,8.3780,2.693,NO
5021,7.164,4.657,0.004,0.007,4.668,1.538,10.20,25.98,22.98,18.98,1.5987,8.5643,2.657,NO
5022,7.501,4.876,0.004,0.007,4.887,1.538,10.20,27.42,24.42,20.42,1.6454,8.8146,2.611,NO
5023,7.406,4.814,0.004,0.007,4.825,1.538,10.20,28.98,25.98,21.98,2.3317,8.7439,2.624,NO
5024,8.247,5.361,0.004,0.007,5.372,1.538,10.20,30.53,27.53,23.53,2.4983,9.3685,2.524,NO
5025,8.060,5.239,0.004,0.007,5.251,1.538,10.20,31.98,28.98,24.98,2.4613,9.2299,2.545,NO
5026,8.724,5.671,0.004,0.007,5.682,1.538,10.20,33.22,30.22,26.22,2.5927,9.7227,2.477,NO
5027,8.932,5.806,0.004,0.007,5.817,1.538,10.20,34.17,31.17,27.17,2.6338,9.8769,2.457,NO
5028,9.039,5.876,0.004,0.007,5.887,1.538,10.20,34.77,31.77,27.77,2.6552,9.9568,2.448,NO
5029,8.829,5.739,0.004,0.007,5.750,1.538,10.20,34.98,31.98,27.98,2.6135,9.8006,2.467,NO
5030,8.877,5.770,0.004,0.007,5.781,1.538,10.20,34.77,31.77,27.77,2.6229,9.8359,2.462,NO
5031,8.632,5.611,0.004,0.007,5.622,1.538,10.20,34.17,31.17,27.17,2.5745,9.6545,2.485,NO
5032,8.320,5.408,0.004,0.007,5.419,1.538,10.20,33.22,30.22,26.22,2.5126,9.4224,2.517,NO
5033,8.442,5.487,0.004,0.007,5.498,1.538,10.20,31.98,28.98,24.98,2.5368,9.5130,2.504,NO
5034,7.808,5.075,0.004,0.007,5.087,1.538,10.20,30.53,27.53,23.53,2.4114,9.0428,2.574,NO
5035,7.563,4.916,0.004,0.007,4.927,1.538,10.20,28.98,25.98,21.98,2.3629,8.8608,2.603,NO
5036,7.279,4.731,0.004,0.007,4.742,1.538,10.20,27.42,24.42,20.42,2.3065,8.6495,2.641,NO
5037,7.286,4.736,0.004,0.007,4.747,1.538,10.20,25.98,22.98,18.98,2.3079,8.6548,2.640,NO
5038,6.858,4.458,0.004,0.007,4.469,1.538,10.20,24.73,21.73,17.73,2.2232,8.3372,2.702,NO
5039,6.327,4.113,0.004,0.007,4.124,1.538,10.20,23.78,20.78,16.78,1.4827,7.9429,2.790,NO
5040,6.327,4.113,0.004,0.007,4.124,1.538,10.20,23.18,20.18,16.18,1.4827,7.9429,2.790,NO
5041,7.575,4.924,0.004,0.007,4.935,1.538,10.20,22.90,19.90,15.90,1.6557,8.8697,2.602,NO
5042,7.928,5.153,0.004,0.007,5.165,1.538,10.20,23.10,20.10,16.10,1.7046,9.1317,2.560,NO
5043,7.845,5.099,0.004,0.007,5.110,1.538,10.20,23.70,20.70,16.70,1.6930,9.0699,2.569,NO
5044,8.309,5.401,0.004,0.007,5.412,1.538,10.20,24.66,21.66,17.66,1.7573,9.4143,2.518,NO
5045,8.096,5.263,0.004,0.007,5.274,1.538,10.20,25.90,22.90,18.90,1.7279,9.2565,2.541,NO
5046,8.377,5.445,0.004,0.007,5.457,1.538,10.20,27.35,24.35,20.35,1.7668,9.4652,2.511,NO
5047,8.744,5.684,0.004,0.007,5.695,1.538,10.20,28.90,25.90,21.90,2.5967,9.7374,2.475,NO
5048,9.431,6.130,0.004,0.007,6.141,1.538,10.20,30.45,27.45,23.45,2.7327,10.2475,2.415,NO
5049,9.389,6.103,0.004,0.007,6.114,1.538,10.20,31.90,28.90,24.90,2.7244,10.2164,2.418,NO
5050,9.923,6.450,0.004,0.007,6.461,1.538,10.20,33.14,30.14,26.14,2.8300,10.6126,2.377,NO
5051,10.183,6.619,0.004,0.008,6.631,1.538,10.20,34.10,31.10,27.10,2.8817,10.8062,2.358,NO
5052,10.154,6.600,0.004,0.008,6.612,1.538,10.20,34.70,31.70,27.70,2.8760,10.7850,2.360,NO
5053,10.480,6.812,0.004,0.009,6.825,1.538,10.21,34.90,31.90,27.90,4.4109,11.0272,2.338,NO
5054,10.061,6.540,0.004,0.008,6.551,1.538,10.20,34.70,31.70,27.70,4.2861,10.7153,2.367,NO
5055,10.107,6.569,0.004,0.008,6.581,1.538,10.20,34.10,31.10,27.10,4.2998,10.7494,2.364,NO
5056,9.677,6.290,0.004,0.007,6.301,1.538,10.20,33.14,30.14,26.14,4.1720,10.4300,2.395,NO
5057,9.745,6.335,0.004,0.007,6.346,1.538,10.20,31.90,28.90,24.90,4.1924,10.4811,2.390,NO
5058,9.072,5.897,0.004,0.007,5.908,1.538,10.20,30.45,27.45,23.45,3.9923,9.9809,2.445,NO
5059,8.831,5.740,0.004,0.007,5.751,1.538,10.20,28.90,25.90,21.90,2.6138,9.8018,2.467,NO
5060,8.425,5.476,0.004,0.007,5.487,1.538,10.20,27.35,24.35,20.35,2.5335,9.5006,2.506,NO
5061,8.528,5.543,0.004,0.007,5.555,1.538,10.20,25.90,22.90,18.90,2.5540,9.5773,2.496,NO
5062,7.965,5.177,0.004,0.007,5.189,1.538,10.20,24.66,21.66,17.66,2.4425,9.1593,2.555,NO
5063,7.882,5.123,0.004,0.007,5.135,1.538,10.20,23.70,20.70,16.70,1.6982,9.0976,2.565,NO
5064,7.398,4.809,0.004,0.007,4.820,1.538,10.20,23.10,20.10,16.10,1.6311,8.7380,2.625,NO
5065,7.342,4.772,0.004,0.007,4.783,1.538,10.20,22.82,19.82,15.82,1.6233,8.6962,2.632,NO
5066,7.587,4.931,0.004,0.007,4.943,1.538,10.20,23.02,20.02,16.02,1.6573,8.8782,2.601,NO
5067,7.978,5.185,0.004,0.007,5.197,1.538,10.20,23.62,20.62,16.62,1.7114,9.1684,2.554,NO
5068,7.754,5.040,0.004,0.007,5.051,1.538,10.20,24.58,21.58,17.58,1.6804,9.0021,2.580,NO
5069,8.204,5.333,0.004,0.007,5.344,1.538,10.20,25.82,22.82,18.82,1.7428,9.3366,2.529,NO
5070,8.357,5.432,0.004,0.007,5.443,1.538,10.20,27.27,24.27,20.27,1.7640,9.4500,2.513,NO
5071,9.199,5.979,0.004,0.007,5.990,1.538,10.20,28.82,25.82,21.82,2.6867,10.0750,2.434,NO
5072,9.583,6.229,0.004,0.007,6.240,1.538,10.20,30.37,27.37,23.37,2.7627,10.3603,2.403,NO
5073,9.593,6.236,0.004,0.007,6.247,1.538,10.20,31.82,28.82,24.82,2.7648,10.3681,2.402,NO
5074,9.788,6.362,0.004,0.007,6.374,1.538,10.20,33.06,30.06,26.06,2.8034,10.5127,2.387,NO
5075,9.862,6.410,0.004,0.007,6.421,1.538,10.20,34.02,31.02,27.02,2.8180,10.5674,2.381,NO
5076,10.039,6.525,0.004,0.007,6.537,1.538,10.20,34.62,31.62,27.62,2.8530,10.6989,2.368,NO
5077,10.577,6.875,0.005,0.009,6.889,1.538,10.21,34.82,31.82,27.82,4.4399,11.0998,2.332,NO
5078,9.978,6.486,0.004,0.007,6.497,1.538,10.20,34.62,31.62,27.62,4.2615,10.6538,2.373,NO
5079,10.356,6.732,0.004,0.008,6.744,1.538,10.21,34.02,31.02,27.02,4.3741,10.9353,2.346,NO
5080,9.627,6.258,0.004,0.007,6.269,1.538,10.20,33.06,30.06,26.06,4.1573,10.3933,2.399,NO
5081,9.347,6.075,0.004,0.007,6.087,1.538,10.20,31.82,28.82,24.82,4.0740,10.1851,2.422,NO
5082,9.354,6.080,0.004,0.007,6.091,1.538,10.20,30.37,27.37,23.37,4.0761,10.1902,2.421,NO
5083,8.901,5.785,0.004,0.007,5.797,1.538,10.20,28.82,25.82,21.82,2.6277,9.8538,2.460,NO
5084,8.837,5.744,0.004,0.007,5.755,1.538,10.20,27.27,24.27,20.27,2.6150,9.8062,2.466,NO
5085,8.481,5.512,0.004,0.007,5.524,1.538,10.20,25.82,22.82,18.82,2.5445,9.5420,2.500,NO
5086,7.983,5.189,0.004,0.007,5.200,1.538,10.20,24.58,21.58,17.58,2.4461,9.1727,2.553,NO
5087,8.114,5.274,0.004,0.007,5.286,1.538,10.20,23.62,20.62,16.62,1.7304,9.2701,2.539,NO
5088,7.572,4.922,0.004,0.007,4.933,1.538,10.20,23.02,20.02,16.02,1.6552,8.8672,2.602,NO
5089,7.654,4.975,0.004,0.007,4.987,1.538,10.20,22.74,19.74,15.74,1.6667,8.9285,2.592,NO
5090,7.440,4.836,0.004,0.007,4.847,1.538,10.20,22.94,19.94,15.94,1.6369,8.7691,2.619,NO
5091,8.027,5.218,0.004,0.007,5.229,1.538,10.20,23.54,20.54,16.54,1.7183,9.2052,2.548,NO
5092,8.157,5.302,0.004,0.007,5.314,1.538,10.20,24.50,21.50,17.50,1.7364,9.3019,2.534,NO
5093,8.636,5.613,0.004,0.007,5.624,1.538,10.20,25.74,22.74,18.74,1.8026,9.6570,2.485,NO
5094,8.916,5.795,0.004,0.007,5.807,1.538,10.20,27.19,24.19,20.19,1.8415,9.8653,2.459,NO
5095,9.267,6.023,0.004,0.007,6.035,1.538,10.20,28.74,25.74,21.74,2.7001,10.1256,2.428,NO
5096,9.639,6.265,0.004,0.007,6.276,1.538,10.20,30.29,27.29,23.29,2.7738,10.4018,2.398,NO
5097,9.504,6.178,0.004,0.007,6.189,1.538,10.20,31.74,28.74,24.74,2.7471,10.3017,2.409,NO
5098,9.751,6.338,0.004,0.007,6.349,1.538,10.20,32.98,29.98,25.98,2.7960,10.4850,2.390,NO
5099,10.112,6.573,0.004,0.008,6.584,1.538,10.20,33.93,30.93,26.93,2.8675,10.7531,2.363,NO
5100,10.450,6.792,0.004,0.008,6.805,1.538,10.21,34.53,31.53,27.53,2.9346,11.0046,2.340,NO
5101,10.222,6.644,0.004,0.008,6.656,1.538,10.20,34.74,31.74,27.74,4.3340,10.8349,2.356,NO
5102,10.356,6.731,0.004,0.008,6.744,1.538,10.21,34.53,31.53,27.53,4.3739,10.9347,2.346,NO
5103,9.970,6.480,0.004,0.007,6.492,1.538,10.20,33.93,30.93,26.93,4.2591,10.6478,2.373,NO
5104,9.970,6.480,0.004,0.007,6.491,1.538,10.20,32.98,29.98,25.98,4.2590,10.6474,2.373,NO
5105,9.466,6.153,0.004,0.007,6.164,1.538,10.20,31.74,28.74,24.74,4.1095,10.2737,2.412,NO
5106,9.110,5.922,0.004,0.007,5.933,1.538,10.20,30.29,27.29,23.29,4.0037,10.0094,2.442,NO
5107,8.983,5.839,0.004,0.007,5.850,1.538,10.20,28.74,25.74,21.74,2.6441,9.9152,2.453,NO
5108,8.956,5.822,0.004,0.007,5.833,1.538,10.20,27.19,24.19,20.19,2.6387,9.8953,2.455,NO
5109,8.213,5.338,0.004,0.007,5.350,1.538,10.20,25.74,22.74,18.74,2.4915,9.3432,2.528,NO
5110,7.900,5.135,0.004,0.007,5.146,1.538,10.20,24.50,21.50,17.50,2.4295,9.1106,2.563,NO
5111,7.887,5.127,0.004,0.007,5.138,1.538,10.20,23.54,20.54,16.54,1.6989,9.1013,2.564,NO
5112,7.956,5.172,0.004,0.007,5.183,1.538,10.20,22.94,19.94,15.94,1.7085,9.1525,2.556,NO
5113,7.703,5.007,0.004,0.007,5.019,1.538,10.20,22.65,19.65,15.65,1.6734,8.9648,2.586,NO
5114,7.486,4.866,0.004,0.007,4.877,1.538,10.20,22.86,19.86,15.86,1.6434,8.8037,2.613,NO
5115,8.052,5.234,0.004,0.007,5.245,1.538,10.20,23.46,20.46,16.46,1.7217,9.2235,2.546,NO
5116,7.854,5.105,0.004,0.007,5.116,1.538,10.20,24.41,21.41,17.41,1.6943,9.0766,2.568,NO
5117,8.066,5.243,0.004,0.007,5.254,1.538,10.20,25.65,22.65,18.65,1.7237,9.2344,2.544,NO
5118,8.704,5.657,0.004,0.007,5.669,1.538,10.20,27.10,24.10,20.10,1.8121,9.7075,2.479,NO
5119,8.945,5.814,0.004,0.007,5.826,1.538,10.20,28.65,25.65,21.65,2.6365,9.8868,2.456,NO
5120,9.164,5.956,0.004,0.007,5.968,1.538,10.20,30.21,27.21,23.21,2.6798,10.0492,2.437,NO
5121,9.697,6.303,0.004,0.007,6.315,1.538,10.20,31.65,28.65,24.65,2.7854,10.4453,2.394,NO
5122,10.067,6.544,0.004,0.008,6.555,1.538,10.20,32.90,29.90,25.90,2.8587,10.7199,2.366,NO
5123,9.925,6.451,0.004,0.007,6.462,1.538,10.20,33.85,30.85,26.85,2.8304,10.6142,2.377,NO
5124,10.128,6.583,0.004,0.008,6.595,1.538,10.20,34.45,31.45,27.45,2.8708,10.7653,2.362,NO
5125,10.528,6.843,0.005,0.009,6.856,1.538,10.21,34.65,31.65,27.65,4.4252,11.0629,2.335,NO
5126,10.360,6.734,0.004,0.008,6.747,1.538,10.21,34.45,31.45,27.45,4.3752,10.9380,2.346,NO
5127,9.991,6.494,0.004,0.007,6.506,1.538,10.20,33.85,30.85,26.85,4.2655,10.6636,2.372,NO
5128,9.923,6.450,0.004,0.007,6.461,1.538,10.20,32.90,29.90,25.90,4.2451,10.6128,2.377,NO
5129,9.848,6.401,0.004,0.007,6.413,1.538,10.20,31.65,28.65,24.65,4.2229,10.5572,2.382,NO
5130,9.086,5.906,0.004,0.007,5.917,1.538,10.20,30.21,27.21,23.21,3.9965,9.9913,2.444,NO
5131,8.690,5.649,0.004,0.007,5.660,1.538,10.20,28.65,25.65,21.65,2.5860,9.6976,2.480,NO
5132,8.875,5.769,0.004,0.007,5.780,1.538,10.20,27.10,24.10,20.10,2.6226,9.8349,2.463,NO
5133,8.088,5.257,0.004,0.007,5.268,1.538,10.20,25.65,22.65,18.65,2.4668,9.2503,2.542,NO
5134,8.290,5.389,0.004,0.007,5.400,1.538,10.20,24.41,21.41,17.41,2.5068,9.4007,2.520,NO
5135,7.593,4.935,0.004,0.007,4.947,1.538,10.20,23.46,20.46,16.46,1.6581,8.8827,2.600,NO
5136,7.487,4.866,0.004,0.007,4.878,1.538,10.20,22.86,19.86,15.86,1.6434,8.8041,2.613,NO
5137,7.875,5.119,0.004,0.007,5.130,1.538,10.20,22.57,19.57,15.57,1.6973,9.0924,2.566,NO
5138,7.863,5.111,0.004,0.007,5.123,1.538,10.20,22.77,19.77,15.77,1.6956,9.0837,2.567,NO
5139,8.040,5.226,0.004,0.007,5.237,1.538,10.20,23.37,20.37,16.37,1.7201,9.2148,2.547,NO
5140,7.931,5.155,0.004,0.007,5.167,1.538,10.20,24.32,21.32,17.32,1.7050,9.1340,2.559,NO
5141,8.129,5.284,0.004,0.007,5.295,1.538,10.20,25.57,22.57,18.57,1.7324,9.2807,2.537,NO
5142,8.699,5.654,0.004,0.007,5.666,1.538,10.20,27.01,24.01,20.01,1.8114,9.7040,2.479,NO
5143,9.262,6.021,0.004,0.007,6.032,1.538,10.20,28.57,25.57,21.57,2.6993,10.1224,2.429,NO
5144,9.569,6.220,0.004,0.007,6.231,1.538,10.20,30.12,27.12,23.12,2.7600,10.3498,2.404,NO
5145,9.885,6.425,0.004,0.007,6.436,1.538,10.20,31.57,28.57,24.57,2.8225,10.5846,2.380,NO
5146,10.159,6.604,0.004,0.008,6.615,1.538,10.20,32.81,29.81,25.81,2.8770,10.7887,2.360,NO
5147,10.457,6.797,0.004,0.008,6.810,1.538,10.21,33.76,30.76,26.76,2.9360,11.0100,2.340,NO
5148,10.290,6.689,0.004,0.008,6.701,1.538,10.21,34.36,31.36,27.36,2.9030,10.8862,2.351,NO
5149,10.075,6.549,0.004,0.008,6.560,1.538,10.20,34.57,31.57,27.57,4.2903,10.7256,2.366,NO
5150,10.375,6.744,0.004,0.008,6.756,1.538,10.21,34.36,31.36,27.36,4.3795,10.9489,2.345,NO
5151,10.248,6.661,0.004,0.008,6.673,1.538,10.20,33.76,30.76,26.76,4.3418,10.8545,2.354,NO
5152,9.862,6.410,0.004,0.007,6.421,1.538,10.20,32.81,29.81,25.81,4.2270,10.5674,2.381,NO
5153,9.421,6.124,0.004,0.007,6.135,1.538,10.20,31.57,28.57,24.57,4.0962,10.2406,2.415,NO
5154,9.026,5.867,0.004,0.007,5.878,1.538,10.20,30.12,27.12,23.12,3.9789,9.9471,2.449,NO
5155,8.973,5.832,0.004,0.007,5.844,1.538,10.20,28.57,25.57,21.57,2.6419,9.9073,2.454,NO
5156,8.497,5.523,0.004,0.007,5.534,1.538,10.20,27.01,24.01,20.01,2.5477,9.5539,2.499,NO
5157,8.533,5.546,0.004,0.007,5.557,1.538,10.20,25.57,22.57,18.57,2.5548,9.5805,2.495,NO
5158,8.350,5.428,0.004,0.007,5.439,1.538,10.20,24.32,21.32,17.32,2.5187,9.4450,2.514,NO
5159,7.938,5.160,0.004,0.007,5.171,1.538,10.20,23.37,20.37,16.37,1.7060,9.1392,2.558,NO
5160,7.908,5.140,0.004,0.007,5.151,1.538,10.20,22.77,19.77,15.77,1.7018,9.1166,2.562,NO
5161,6.597,4.288,0.004,0.007,4.299,1.538,10.20,22.48,19.48,15.48,1.5201,8.1434,2.743,NO
5162,6.327,4.113,0.004,0.007,4.124,1.538,10.20,22.68,19.68,15.68,1.4827,7.9429,2.790,NO
5163,6.500,4.225,0.004,0.007,4.236,1.538,10.20,23.28,20.28,16.28,1.5067,8.0714,2.759,NO
5164,6.746,4.385,0.004,0.007,4.396,1.538,10.20,24.23,21.23,17.23,1.5408,8.2541,2.719,NO
5165,6.675,4.339,0.004,0.007,4.350,1.538,10.20,25.48,22.48,18.48,1.5309,8.2011,2.730,NO
5166,7.628,4.958,0.004,0.007,4.970,1.538,10.20,26.92,23.92,19.92,1.6630,8.9089,2.595,NO
5167,7.363,4.786,0.004,0.007,4.797,1.538,10.20,28.48,25.48,21.48,2.3233,8.7122,2.629,NO
5168,8.329,5.414,0.004,0.007,5.425,1.538,10.20,30.03,27.03,23.03,2.5146,9.4297,2.516,NO
5169,8.333,5.417,0.004,0.007,5.428,1.538,10.20,31.48,28.48,24.48,2.5154,9.4326,2.515,NO
5170,8.549,5.557,0.004,0.007,5.568,1.538,10.20,32.72,29.72,25.72,2.5580,9.5926,2.494,NO
5171,9.133,5.936,0.004,0.007,5.947,1.538,10.20,33.67,30.67,26.67,2.6736,10.0260,2.440,NO
5172,8.994,5.846,0.004,0.007,5.858,1.538,10.20,34.27,31.27,27.27,2.6463,9.9235,2.452,NO
5173,8.957,5.822,0.004,0.007,5.833,1.538,10.20,34.48,31.48,27.48,2.6389,9.8958,2.455,NO
5174,8.760,5.694,0.004,0.007,5.705,1.538,10.20,34.27,31.27,27.27,2.5998,9.7491,2.473,NO
5175,8.725,5.671,0.004,0.007,5.683,1.538,10.20,33.67,30.67,26.67,2.5930,9.7236,2.476,NO
5176,8.492,5.520,0.004,0.007,5.531,1.538,10.20,32.72,29.72,25.72,2.5468,9.5504,2.499,NO
5177,8.203,5.332,0.004,0.007,5.343,1.538,10.20,31.48,28.48,24.48,2.4895,9.3358,2.529,NO
5178,8.127,5.283,0.004,0.007,5.294,1.538,10.20,30.03,27.03,23.03,2.4745,9.2796,2.537,NO
5179,7.429,4.829,0.004,0.007,4.840,1.538,10.20,28.48,25.48,21.48,2.3363,8.7612,2.621,NO
5180,7.092,4.610,0.004,0.007,4.621,1.538,10.20,26.92,23.92,19.92,2.2696,8.5109,2.667,NO
5181,7.059,4.588,0.004,0.007,4.600,1.538,10.20,25.48,22.48,18.48,2.2631,8.4866,2.672,NO
5182,6.796,4.417,0.004,0.007,4.429,1.538,10.20,24.23,21.23,17.23,2.2109,8.2909,2.711,NO
5183,6.327,4.113,0.004,0.007,4.124,1.538,10.20,23.28,20.28,16.28,1.4827,7.9429,2.790,NO
5184,6.327,4.113,0.004,0.007,4.124,1.538,10.20,22.68,19.68,15.68,1.4827,7.9429,2.790,NO
5185,6.456,4.197,0.004,0.007,4.208,1.538,10.20,22.38,19.38,15.38,1.5006,8.0388,2.767,NO
5186,6.683,4.344,0.004,0.007,4.355,1.538,10.20,22.59,19.59,15.59,1.5320,8.2072,2.729,NO
5187,6.492,4.220,0.004,0.007,4.231,1.538,10.20,23.19,20.19,16.19,1.5055,8.0654,2.761,NO
5188,6.503,4.227,0.004,0.007,4.238,1.538,10.20,24.14,21.14,17.14,1.5070,8.0733,2.759,NO
5189,7.061,4.590,0.004,0.007,4.601,1.538,10.20,25.38,22.38,18.38,1.5844,8.4880,2.671,NO
5190,7.641,4.967,0.004,0.007,4.978,1.538,10.20,26.83,23.83,19.83,1.6649,8.9189,2.594,NO
5191,7.464,4.852,0.004,0.007,4.863,1.538,10.20,28.38,25.38,21.38,2.3432,8.7871,2.616,NO
5192,8.010,5.207,0.004,0.007,5.218,1.538,10.20,29.94,26.94,22.94,2.4514,9.1927,2.550,NO
5193,8.443,5.488,0.004,0.007,5.499,1.538,10.20,31.38,28.38,24.38,2.5371,9.5142,2.504,NO
5194,8.650,5.622,0.004,0.007,5.634,1.538,10.20,32.63,29.63,25.63,2.5780,9.6676,2.484,NO
5195,9.102,5.916,0.004,0.007,5.927,1.538,10.20,33.58,30.58,26.58,2.6675,10.0032,2.442,NO
5196,9.090,5.909,0.004,0.007,5.920,1.538,10.20,34.18,31.18,27.18,2.6653,9.9947,2.443,NO
5197,8.848,5.751,0.004,0.007,5.762,1.538,10.20,34.38,31.38,27.38,2.6172,9.8146,2.465,NO
5198,8.775,5.704,0.004,0.007,5.715,1.538,10.20,34.18,31.18,27.18,2.6028,9.7605,2.472,NO
5199,8.825,5.736,0.004,0.007,5.748,1.538,10.20,33.58,30.58,26.58,2.6127,9.7976,2.467,NO
5200,8.443,5.488,0.004,0.007,5.499,1.538,10.20,32.63,29.63,25.63,2.5370,9.5139,2.504,NO
5201,8.408,5.465,0.004,0.007,5.477,1.538,10.20,31.38,28.38,24.38,2.5302,9.4882,2.508,NO
5202,7.999,5.199,0.004,0.007,5.210,1.538,10.20,29.94,26.94,22.94,2.4491,9.1841,2.552,NO
5203,7.721,5.019,0.004,0.007,5.030,1.538,10.20,28.38,25.38,21.38,2.3942,8.9781,2.584,NO
5204,7.467,4.854,0.004,0.007,4.865,1.538,10.20,26.83,23.83,19.83,2.3439,8.7897,2.616,NO
5205,6.733,4.377,0.004,0.007,4.388,1.538,10.20,25.38,22.38,18.38,2.1985,8.2445,2.721,NO
5206,7.003,4.552,0.004,0.007,4.563,1.538,10.20,24.14,21.14,17.14,2.2520,8.4449,2.680,NO
5207,6.703,4.357,0.004,0.007,4.369,1.538,10.20,23.19,20.19,16.19,1.5349,8.2224,2.726,NO
5208,6.330,4.114,0.004,0.007,4.126,1.538,10.20,22.59,19.59,15.59,1.4830,7.9449,2.789,NO
5209,7.752,5.039,0.004,0.007,5.050,1.538,10.20,22.29,19.29,15.29,1.6802,9.0009,2.580,NO
5210,7.971,5.181,0.004,0.007,5.193,1.538,10.20,22.49,19.49,15.49,1.7105,9.1637,2.555,NO
5211,8.045,5.230,0.004,0.007,5.241,1.538,10.20,23.09,20.09,16.09,1.7208,9.2188,2.546,NO
5212,8.321,5.409,0.004,0.007,5.420,1.538,10.20,24.05,21.05,17.05,1.7590,9.4234,2.517,NO
5213,8.541,5.552,0.004,0.007,5.563,1.538,10.20,25.29,22.29,18.29,1.7896,9.5870,2.494,NO
5214,8.473,5.508,0.004,0.007,5.519,1.538,10.20,26.73,23.73,19.73,1.7802,9.5366,2.501,NO
5215,8.895,5.782,0.004,0.007,5.793,1.538,10.20,28.29,25.29,21.29,2.6266,9.8499,2.461,NO
5216,9.438,6.135,0.004,0.007,6.146,1.538,10.20,29.84,26.84,22.84,2.7342,10.2531,2.414,NO
5217,9.806,6.374,0.004,0.007,6.385,1.538,10.20,31.29,28.29,24.29,2.8069,10.5260,2.385,NO
5218,10.228,6.648,0.004,0.008,6.660,1.538,10.20,32.53,29.53,25.53,2.8906,10.8396,2.355,NO
5219,10.175,6.614,0.004,0.008,6.626,1.538,10.20,33.48,30.48,26.48,2.8801,10.8006,2.359,NO
5220,10.024,6.515,0.004,0.007,6.527,1.538,10.20,34.08,31.08,27.08,2.8501,10.6877,2.369,NO
5221,10.605,6.893,0.005,0.009,6.907,1.538,10.21,34.29,31.29,27.29,4.4482,11.1205,2.330,NO
5222,10.387,6.752,0.004,0.008,6.764,1.538,10.21,34.08,31.08,27.08,4.3833,10.9584,2.344,NO
5223,10.203,6.632,0.004,0.008,6.644,1.538,10.20,33.48,30.48,26.48,4.3286,10.8215,2.357,NO
5224,10.112,6.573,0.004,0.008,6.585,1.538,10.20,32.53,29.53,25.53,4.3015,10.7536,2.363,NO
5225,9.912,6.443,0.004,0.007,6.454,1.538,10.20,31.29,28.29,24.29,4.2418,10.6046,2.378,NO
5226,9.099,5.915,0.004,0.007,5.926,1.538,10.20,29.84,26.84,22.84,4.0005,10.0013,2.443,NO
5227,9.054,5.885,0.004,0.007,5.896,1.538,10.20,28.29,25.29,21.29,2.6580,9.9675,2.446,NO
5228,8.841,5.746,0.004,0.007,5.758,1.538,10.20,26.73,23.73,19.73,2.6158,9.8092,2.466,NO
5229,8.168,5.309,0.004,0.007,5.320,1.538,10.20,25.29,22.29,18.29,2.4825,9.3095,2.533,NO
5230,8.257,5.367,0.004,0.007,5.379,1.538,10.20,24.05,21.05,17.05,2.5003,9.3762,2.523,NO
5231,7.781,5.058,0.004,0.007,5.069,1.538,10.20,23.09,20.09,16.09,1.6842,9.0227,2.577,NO
5232,8.019,5.212,0.004,0.007,5.224,1.538,10.20,22.49,19.49,15.49,1.7172,9.1992,2.549,NO
5233,7.762,5.045,0.004,0.007,5.056,1.538,10.20,22.19,19.19,15.19,1.6815,9.0081,2.579,NO
5234,7.433,4.832,0.004,0.007,4.843,1.538,10.20,22.39,19.39,15.39,1.6360,8.7644,2.620,NO
5235,8.036,5.223,0.004,0.007,5.235,1.538,10.20,22.99,19.99,15.99,1.7195,9.2116,2.547,NO
5236,8.355,5.431,0.004,0.007,5.442,1.538,10.20,23.95,20.95,16.95,1.7637,9.4486,2.513,NO
5237,8.282,5.383,0.004,0.007,5.395,1.538,10.20,25.19,22.19,18.19,1.7537,9.3946,2.521,NO
5238,8.426,5.477,0.004,0.007,5.488,1.538,10.20,26.64,23.64,19.64,1.7736,9.5017,2.506,NO
5239,9.198,5.979,0.004,0.007,5.990,1.538,10.20,28.19,25.19,21.19,2.6865,10.0744,2.434,NO
5240,9.165,5.957,0.004,0.007,5.969,1.538,10.20,29.74,26.74,22.74,2.6800,10.0501,2.437,NO
5241,9.847,6.401,0.004,0.007,6.412,1.538,10.20,31.19,28.19,24.19,2.8151,10.5565,2.382,NO
5242,9.774,6.353,0.004,0.007,6.364,1.538,10.20,32.43,29.43,25.43,2.8005,10.5020,2.388,NO
5243,10.133,6.587,0.004,0.008,6.598,1.538,10.20,33.39,30.39,26.39,2.8718,10.7692,2.362,NO
5244,10.534,6.847,0.005,0.009,6.860,1.538,10.21,33.99,30.99,26.99,2.9513,11.0675,2.335,NO
5245,10.484,6.814,0.004,0.009,6.828,1.538,10.21,34.19,31.19,27.19,4.4120,11.0301,2.338,NO
5246,10.464,6.801,0.004,0.008,6.814,1.538,10.21,33.99,30.99,26.99,4.4061,11.0152,2.339,NO
5247,10.339,6.720,0.004,0.008,6.733,1.538,10.21,33.39,30.39,26.39,4.3690,10.9225,2.348,NO
5248,9.741,6.332,0.004,0.007,6.343,1.538,10.20,32.43,29.43,25.43,4.1912,10.4781,2.390,NO
5249,9.344,6.073,0.004,0.007,6.085,1.538,10.20,31.19,28.19,24.19,4.0731,10.1828,2.422,NO
5250,9.076,5.900,0.004,0.007,5.911,1.538,10.20,29.74,26.74,22.74,3.9937,9.9843,2.445,NO
5251,9.111,5.922,0.004,0.007,5.933,1.538,10.20,28.19,25.19,21.19,2.6693,10.0099,2.442,NO
5252,8.634,5.612,0.004,0.007,5.623,1.538,10.20,26.64,23.64,19.64,2.5749,9.6559,2.485,NO
5253,8.570,5.570,0.004,0.007,5.582,1.538,10.20,25.19,22.19,18.19,2.5621,9.6080,2.492,NO
5254,7.788,5.062,0.004,0.007,5.074,1.538,10.20,23.95,20.95,16.95,2.4074,9.0279,2.576,NO
5255,7.881,5.123,0.004,0.007,5.134,1.538,10.20,22.99,19.99,15.99,1.6981,9.0968,2.565,NO
5256,7.863,5.111,0.004,0.007,5.123,1.538,10.20,22.39,19.39,15.39,1.6956,9.0837,2.567,NO
5257,7.517,4.886,0.004,0.007,4.897,1.538,10.20,22.09,19.09,15.09,1.6476,8.8264,2.609,NO
5258,7.936,5.159,0.004,0.007,5.170,1.538,10.20,22.29,19.29,15.29,1.7057,9.1378,2.559,NO
5259,8.107,5.270,0.004,0.007,5.281,1.538,10.20,22.89,19.89,15.89,1.7294,9.2646,2.540,NO
5260,8.348,5.426,0.004,0.007,5.438,1.538,10.20,23.85,20.85,16.85,1.7628,9.4435,2.514,NO
5261,8.396,5.457,0.004,0.007,5.469,1.538,10.20,25.09,22.09,18.09,1.7694,9.4791,2.509,NO
5262,8.712,5.662,0.004,0.007,5.674,1.538,10.20,26.54,23.54,19.54,1.8132,9.7134,2.478,NO
5263,9.127,5.933,0.004,0.007,5.944,1.538,10.20,28.09,25.09,21.09,2.6725,10.0220,2.440,NO
5264,9.525,6.191,0.004,0.007,6.202,1.538,10.20,29.64,26.64,22.64,2.7512,10.3171,2.407,NO
5265,9.696,6.302,0.004,0.007,6.313,1.538,10.20,31.09,28.09,24.09,2.7851,10.4440,2.394,NO
5266,9.908,6.440,0.004,0.007,6.451,1.538,10.20,32.33,29.33,25.33,2.8271,10.6017,2.378,NO
5267,10.170,6.611,0.004,0.008,6.623,1.538,10.20,33.29,30.29,26.29,2.8792,10.7969,2.359,NO
5268,10.165,6.607,0.004,0.008,6.619,1.538,10.20,33.89,30.89,26.89,2.8781,10.7928,2.359,NO
5269,10.143,6.593,0.004,0.008,6.605,1.538,10.20,34.09,31.09,27.09,4.3106,10.7765,2.361,NO
5270,10.384,6.749,0.004,0.008,6.762,1.538,10.21,33.89,30.89,26.89,4.3822,10.9556,2.345,NO
5271,10.177,6.615,0.004,0.008,6.627,1.538,10.20,33.29,30.29,26.29,4.3207,10.8016,2.359,NO
5272,9.858,6.408,0.004,0.007,6.419,1.538,10.20,32.33,29.33,25.33,4.2258,10.5645,2.382,NO
5273,9.616,6.251,0.004,0.007,6.262,1.538,10.20,31.09,28.09,24.09,4.1541,10.3853,2.400,NO
5274,9.618,6.251,0.004,0.007,6.263,1.538,10.20,29.64,26.64,22.64,4.1544,10.3861,2.400,NO
5275,8.719,5.667,0.004,0.007,5.679,1.538,10.20,28.09,25.09,21.09,2.5917,9.7188,2.477,NO
5276,8.933,5.806,0.004,0.007,5.818,1.538,10.20,26.54,23.54,19.54,2.6341,9.8778,2.457,NO
5277,8.221,5.344,0.004,0.007,5.355,1.538,10.20,25.09,22.09,18.09,2.4932,9.3493,2.527,NO
5278,7.789,5.063,0.004,0.007,5.074,1.538,10.20,23.85,20.85,16.85,2.4076,9.0286,2.576,NO
5279,7.648,4.971,0.004,0.007,4.983,1.538,10.20,22.89,19.89,15.89,1.6658,8.9238,2.593,NO
5280,7.917,5.146,0.004,0.007,5.157,1.538,10.20,22.29,19.29,15.29,1.7030,9.1232,2.561,NO
5281,7.410,4.817,0.004,0.007,4.828,1.538,10.20,21.99,18.99,14.99,1.6328,8.7472,2.623,NO
5282,7.819,5.082,0.004,0.007,5.094,1.538,10.20,22.19,19.19,15.19,1.6895,9.0507,2.572,NO
5283,8.090,5.259,0.004,0.007,5.270,1.538,10.20,22.79,19.79,15.79,1.7271,9.2521,2.541,NO
5284,8.231,5.350,0.004,0.007,5.362,1.538,10.20,23.75,20.75,16.75,1.7466,9.3569,2.526,NO
5285,8.224,5.346,0.004,0.007,5.357,1.538,10.20,24.99,21.99,17.99,1.7456,9.3513,2.527,NO
5286,8.521,5.539,0.004,0.007,5.550,1.538,10.20,26.43,23.43,19.43,1.7867,9.5719,2.496,NO
5287,9.255,6.016,0.004,0.007,6.027,1.538,10.20,27.99,24.99,20.99,2.6979,10.1170,2.429,NO
5288,9.145,5.944,0.004,0.007,5.956,1.538,10.20,29.54,26.54,22.54,2.6761,10.0352,2.439,NO
5289,9.426,6.127,0.004,0.007,6.138,1.538,10.20,30.99,27.99,23.99,2.7316,10.2436,2.415,NO
5290,10.121,6.579,0.004,0.008,6.591,1.538,10.20,32.23,29.23,25.23,2.8695,10.7605,2.363,NO
5291,10.420,6.773,0.004,0.008,6.786,1.538,10.21,33.18,30.18,26.18,2.9286,10.9824,2.342,NO
5292,10.320,6.708,0.004,0.008,6.721,1.538,10.21,33.78,30.78,26.78,2.9089,10.9085,2.349,NO
5293,10.537,6.849,0.005,0.009,6.862,1.538,10.21,33.99,30.99,26.99,4.4279,11.0697,2.335,NO
5294,10.285,6.685,0.004,0.008,6.698,1.538,10.21,33.78,30.78,26.78,4.3528,10.8821,2.351,NO
5295,10.035,6.523,0.004,0.007,6.534,1.538,10.20,33.18,30.18,26.18,4.2786,10.6965,2.369,NO
5296,9.779,6.356,0.004,0.007,6.368,1.538,10.20,32.23,29.23,25.23,4.2024,10.5059,2.387,NO
5297,9.545,6.204,0.004,0.007,6.215,1.538,10.20,30.99,27.99,23.99,4.1328,10.3319,2.406,NO
5298,9.283,6.034,0.004,0.007,6.045,1.538,10.20,29.54,26.54,22.54,4.0550,10.1376,2.427,NO
5299,8.668,5.634,0.004,0.007,5.646,1.538,10.20,27.99,24.99,20.99,2.5817,9.6814,2.482,NO
5300,8.860,5.759,0.004,0.007,5.770,1.538,10.20,26.43,23.43,19.43,2.6196,9.8233,2.464,NO
5301,8.293,5.391,0.004,0.007,5.402,1.538,10.20,24.99,21.99,17.99,2.5074,9.4029,2.520,NO
5302,7.805,5.073,0.004,0.007,5.085,1.538,10.20,23.75,20.75,16.75,2.4108,9.0404,2.574,NO
5303,7.949,5.167,0.004,0.007,5.178,1.538,10.20,22.79,19.79,15.79,1.7075,9.1472,2.557,NO
5304,7.909,5.141,0.004,0.007,5.152,1.538,10.20,22.19,19.19,15.19,1.7020,9.1179,2.562,NO
5305,7.746,5.035,0.004,0.007,5.046,1.538,10.20,21.88,18.88,14.88,1.6793,8.9963,2.581,NO
5306,7.687,4.996,0.004,0.007,5.008,1.538,10.20,22.09,19.09,15.09,1.6711,8.9524,2.588,NO
5307,7.817,5.081,0.004,0.007,5.092,1.538,10.20,22.69,19.69,15.69,1.6892,9.0493,2.572,NO
5308,7.806,5.074,0.004,0.007,5.085,1.538,10.20,23.64,20.64,16.64,1.6876,9.0409,2.574,NO
5309,8.225,5.346,0.004,0.007,5.358,1.538,10.20,24.88,21.88,17.88,1.7457,9.3522,2.527,NO
5310,8.342,5.422,0.004,0.007,5.434,1.538,10.20,26.33,23.33,19.33,1.7619,9.4390,2.514,NO
5311,8.660,5.629,0.004,0.007,5.640,1.538,10.20,27.88,24.88,20.88,2.5800,9.6749,2.483,NO
5312,9.192,5.975,0.004,0.007,5.986,1.538,10.20,29.44,26.44,22.44,2.6853,10.0700,2.435,NO
5313,9.953,6.470,0.004,0.007,6.481,1.538,10.20,30.88,27.88,23.88,2.8361,10.6354,2.375,NO
5314,9.932,6.456,0.004,0.007,6.467,1.538,10.20,32.13,29.13,25.13,2.8319,10.6194,2.376,NO
5315,10.292,6.690,0.004,0.008,6.702,1.538,10.21,33.08,30.08,26.08,2.9033,10.8875,2.351,NO
5316,10.445,6.789,0.004,0.008,6.802,1.538,10.21,33.68,30.68,26.68,2.9337,11.0013,2.341,NO
5317,10.546,6.855,0.005,0.009,6.868,1.538,10.21,33.88,30.88,26.88,4.4306,11.0764,2.334,NO
5318,9.952,6.469,0.004,0.007,6.480,1.538,10.20,33.68,30.68,26.68,4.2538,10.6346,2.375,NO
5319,10.109,6.571,0.004,0.008,6.582,1.538,10.20,33.08,30.08,26.08,4.3004,10.7509,2.363,NO
5320,9.958,6.473,0.004,0.007,6.484,1.538,10.20,32.13,29.13,25.13,4.2556,10.6389,2.374,NO
5321,9.988,6.492,0.004,0.007,6.503,1.538,10.20,30.88,27.88,23.88,4.2644,10.6609,2.372,NO
5322,9.234,6.002,0.004,0.007,6.013,1.538,10.20,29.44,26.44,22.44,4.0404,10.1010,2.431,NO
5323,9.277,6.030,0.004,0.007,6.042,1.538,10.20,27.88,24.88,20.88,2.7023,10.1335,2.427,NO
5324,8.910,5.792,0.004,0.007,5.803,1.538,10.20,26.33,23.33,19.33,2.6296,9.8611,2.459,NO
5325,8.034,5.222,0.004,0.007,5.233,1.538,10.20,24.88,21.88,17.88,2.4561,9.2104,2.548,NO
5326,8.321,5.409,0.004,0.007,5.420,1.538,10.20,23.64,20.64,16.64,2.5130,9.4236,2.517,NO
5327,7.796,5.067,0.004,0.007,5.078,1.538,10.20,22.69,19.69,15.69,1.6862,9.0334,2.575,NO
5328,7.622,4.955,0.004,0.007,4.966,1.538,10.20,22.09,19.09,15.09,1.6622,8.9048,2.596,NO
5329,6.545,4.254,0.004,0.007,4.266,1.538,10.20,21.78,18.78,14.78,1.5129,8.1048,2.752,NO
5330,6.327,4.113,0.004,0.007,4.124,1.538,10.20,21.98,18.98,14.98,1.4827,7.9429,2.790,NO
5331,6.433,4.181,0.004,0.007,4.193,1.538,10.20,22.58,19.58,15.58,1.4974,8.0215,2.771,NO
5332,6.757,4.392,0.004,0.007,4.403,1.538,10.20,23.53,20.53,16.53,1.5422,8.2619,2.717,NO
5333,6.709,4.361,0.004,0.007,4.372,1.538,10.20,24.78,21.78,17.78,1.5357,8.2267,2.725,NO
5334,7.224,4.696,0.004,0.007,4.707,1.538,10.20,26.22,23.22,19.22,1.6070,8.6089,2.648,NO
5335,7.714,5.014,0.004,0.007,5.025,1.538,10.20,27.78,24.78,20.78,2.3926,8.9724,2.585,NO
5336,8.198,5.329,0.004,0.007,5.340,1.538,10.20,29.33,26.33,22.33,2.4886,9.3322,2.530,NO
5337,8.402,5.461,0.004,0.007,5.472,1.538,10.20,30.78,27.78,23.78,2.5289,9.4833,2.508,NO
5338,8.417,5.471,0.004,0.007,5.483,1.538,10.20,32.02,29.02,25.02,2.5320,9.4951,2.507,NO
5339,8.567,5.569,0.004,0.007,5.580,1.538,10.20,32.97,29.97,25.97,2.5616,9.6061,2.492,NO
5340,9.051,5.883,0.004,0.007,5.895,1.538,10.20,33.57,30.57,26.57,2.6575,9.9658,2.447,NO
5341,8.733,5.676,0.004,0.007,5.688,1.538,10.20,33.78,30.78,26.78,2.5945,9.7292,2.476,NO
5342,9.217,5.991,0.004,0.007,6.002,1.538,10.20,33.57,30.57,26.57,2.6903,10.0886,2.432,NO
5343,8.737,5.679,0.004,0.007,5.691,1.538,10.20,32.97,29.97,25.97,2.5953,9.7325,2.475,NO
5344,8.851,5.753,0.004,0.007,5.764,1.538,10.20,32.02,29.02,25.02,2.6178,9.8167,2.465,NO
5345,8.510,5.532,0.004,0.007,5.543,1.538,10.20,30.78,27.78,23.78,2.5504,9.5640,2.497,NO
5346,8.329,5.414,0.004,0.007,5.425,1.538,10.20,29.33,26.33,22.33,2.5145,9.4294,2.516,NO
5347,7.457,4.847,0.004,0.007,4.858,1.538,10.20,27.78,24.78,20.78,2.3418,8.7819,2.617,NO
5348,7.512,4.883,0.004,0.007,4.894,1.538,10.20,26.22,23.22,19.22,2.3527,8.8226,2.610,NO
5349,6.877,4.470,0.004,0.007,4.481,1.538,10.20,24.78,21.78,17.78,2.2269,8.3509,2.699,NO
5350,6.938,4.509,0.004,0.007,4.521,1.538,10.20,23.53,20.53,16.53,2.2390,8.3962,2.689,NO
5351,6.541,4.251,0.004,0.007,4.263,1.538,10.20,22.58,19.58,15.58,1.5123,8.1015,2.753,NO
5352,6.546,4.255,0.004,0.007,4.266,1.538,10.20,21.98,18.98,14.98,1.5131,8.1057,2.752,NO
5353,6.393,4.155,0.004,0.007,4.167,1.538,10.20,21.67,18.67,14.67,1.4918,7.9917,2.778,NO
5354,6.475,4.209,0.004,0.007,4.220,1.538,10.20,21.87,18.87,14.87,1.5033,8.0531,2.764,NO
5355,6.458,4.197,0.004,0.007,4.209,1.538,10.20,22.47,19.47,15.47,1.5008,8.0398,2.767,NO
5356,6.401,4.161,0.004,0.007,4.172,1.538,10.20,23.42,20.42,16.42,1.4929,7.9978,2.777,NO
5357,6.777,4.405,0.004,0.007,4.416,1.538,10.20,24.67,21.67,17.67,1.5451,8.2771,2.714,NO
5358,7.179,4.666,0.004,0.007,4.678,1.538,10.20,26.11,23.11,19.11,1.6008,8.5756,2.654,NO
5359,7.818,5.082,0.004,0.007,5.093,1.538,10.20,27.67,24.67,20.67,2.4133,9.0500,2.572,NO
5360,7.773,5.053,0.004,0.007,5.064,1.538,10.20,29.22,26.22,22.22,2.4044,9.0166,2.578,NO
5361,8.544,5.554,0.004,0.007,5.565,1.538,10.20,30.67,27.67,23.67,2.5571,9.5892,2.494,NO
5362,8.901,5.786,0.004,0.007,5.797,1.538,10.20,31.91,28.91,24.91,2.6278,9.8542,2.460,NO
5363,8.983,5.839,0.004,0.007,5.850,1.538,10.20,32.86,29.86,25.86,2.6439,9.9147,2.453,NO
5364,8.837,5.744,0.004,0.007,5.755,1.538,10.20,33.46,30.46,26.46,2.6150,9.8062,2.466,NO
5365,8.776,5.704,0.004,0.007,5.716,1.538,10.20,33.67,30.67,26.67,2.6030,9.7611,2.472,NO
5366,8.896,5.783,0.004,0.007,5.794,1.538,10.20,33.46,30.46,26.46,2.6268,9.8505,2.461,NO
5367,9.118,5.927,0.004,0.007,5.938,1.538,10.20,32.86,29.86,25.86,2.6708,10.0154,2.441,NO
5368,8.437,5.484,0.004,0.007,5.495,1.538,10.20,31.91,28.91,24.91,2.5359,9.5095,2.505,NO
5369,8.000,5.200,0.004,0.007,5.211,1.538,10.20,30.67,27.67,23.67,2.4493,9.1850,2.551,NO
5370,8.180,5.317,0.004,0.007,5.329,1.538,10.20,29.22,26.22,22.22,2.4851,9.3190,2.532,NO
5371,7.524,4.890,0.004,0.007,4.902,1.538,10.20,27.67,24.67,20.67,2.3550,8.8314,2.608,NO
5372,7.513,4.883,0.004,0.007,4.894,1.538,10.20,26.11,23.11,19.11,2.3528,8.8232,2.610,NO
5373,7.184,4.670,0.004,0.007,4.681,1.538,10.20,24.67,21.67,17.67,2.2879,8.5796,2.654,NO
5374,6.634,4.312,0.004,0.007,4.324,1.538,10.20,23.42,20.42,16.42,2.1790,8.1712,2.737,NO
5375,6.327,4.113,0.004,0.007,4.124,1.538,10.20,22.47,19.47,15.47,1.4827,7.9429,2.790,NO
5376,6.327,4.113,0.004,0.007,4.124,1.538,10.20,21.87,18.87,14.87,1.4827,7.9429,2.790,NO
5377,7.645,4.969,0.004,0.007,4.981,1.538,10.20,21.55,18.55,14.55,1.6654,8.9216,2.593,NO
5378,7.491,4.869,0.004,0.007,4.880,1.538,10.20,21.76,18.76,14.76,1.6440,8.8069,2.613,NO
5379,8.035,5.223,0.004,0.007,5.234,1.538,10.20,22.36,19.36,15.36,1.7194,9.2113,2.547,NO
5380,8.077,5.250,0.004,0.007,5.261,1.538,10.20,23.31,20.31,16.31,1.7252,9.2424,2.543,NO
5381,8.374,5.443,0.004,0.007,5.455,1.538,10.20,24.55,21.55,17.55,1.7664,9.4631,2.511,NO
5382,8.762,5.695,0.004,0.007,5.706,1.538,10.20,26.00,23.00,19.00,1.8201,9.7506,2.473,NO
5383,9.089,5.908,0.004,0.007,5.919,1.538,10.20,27.55,24.55,20.55,2.6650,9.9937,2.443,NO
5384,9.033,5.872,0.004,0.007,5.883,1.538,10.20,29.11,26.11,22.11,2.6540,9.9524,2.448,NO
5385,9.498,6.174,0.004,0.007,6.185,1.538,10.20,30.55,27.55,23.55,2.7460,10.2975,2.409,NO
5386,9.744,6.334,0.004,0.007,6.345,1.538,10.20,31.80,28.80,24.80,2.7947,10.4803,2.390,NO
5387,9.940,6.461,0.004,0.007,6.472,1.538,10.20,32.75,29.75,25.75,2.8335,10.6258,2.375,NO
5388,9.970,6.481,0.004,0.007,6.492,1.538,10.20,33.35,30.35,26.35,2.8395,10.6481,2.373,NO
5389,10.643,6.918,0.005,0.009,6.932,1.538,10.21,33.55,30.55,26.55,4.4595,11.1487,2.328,NO
5390,10.136,6.588,0.004,0.008,6.600,1.538,10.20,33.35,30.35,26.35,4.3084,10.7710,2.362,NO
5391,9.984,6.489,0.004,0.007,6.501,1.538,10.20,32.75,29.75,25.75,4.2632,10.6581,2.372,NO
5392,10.073,6.548,0.004,0.008,6.559,1.538,10.20,31.80,28.80,24.80,4.2898,10.7245,2.366,NO
5393,9.571,6.221,0.004,0.007,6.232,1.538,10.20,30.55,27.55,23.55,4.1405,10.3512,2.403,NO
5394,9.627,6.258,0.004,0.007,6.269,1.538,10.20,29.11,26.11,22.11,4.1574,10.3935,2.399,NO
5395,8.883,5.774,0.004,0.007,5.785,1.538,10.20,27.55,24.55,20.55,2.6241,9.8404,2.462,NO
5396,8.545,5.554,0.004,0.007,5.565,1.538,10.20,26.00,23.00,19.00,2.5572,9.5897,2.494,NO
5397,8.197,5.328,0.004,0.007,5.340,1.538,10.20,24.55,21.55,17.55,2.4884,9.3316,2.530,NO
5398,7.856,5.106,0.004,0.007,5.118,1.538,10.20,23.31,20.31,16.31,2.4208,9.0781,2.568,NO
5399,7.811,5.077,0.004,0.007,5.089,1.538,10.20,22.36,19.36,15.36,1.6884,9.0450,2.573,NO
5400,7.550,4.907,0.004,0.007,4.919,1.538,10.20,21.76,18.76,14.76,1.6522,8.8509,2.605,NO
5401,7.448,4.841,0.004,0.007,4.853,1.538,10.20,21.44,18.44,14.44,1.6381,8.7755,2.618,NO
5402,7.875,5.118,0.004,0.007,5.130,1.538,10.20,21.65,18.65,14.65,1.6972,9.0919,2.566,NO
5403,7.615,4.950,0.004,0.007,4.961,1.538,10.20,22.24,19.24,15.24,1.6612,8.8994,2.597,NO
5404,7.912,5.142,0.004,0.007,5.154,1.538,10.20,23.20,20.20,16.20,1.7023,9.1194,2.561,NO
5405,8.490,5.519,0.004,0.007,5.530,1.538,10.20,24.44,21.44,17.44,1.7825,9.5492,2.499,NO
5406,8.677,5.640,0.004,0.007,5.652,1.538,10.20,25.89,22.89,18.89,1.8084,9.6880,2.481,NO
5407,9.166,5.958,0.004,0.007,5.969,1.538,10.20,27.44,24.44,20.44,2.6803,10.0511,2.437,NO
5408,9.067,5.893,0.004,0.007,5.905,1.538,10.20,28.99,25.99,21.99,2.6606,9.9772,2.445,NO
5409,9.927,6.452,0.004,0.007,6.464,1.538,10.20,30.44,27.44,23.44,2.8309,10.6158,2.376,NO
5410,9.671,6.286,0.004,0.007,6.298,1.538,10.20,31.68,28.68,24.68,2.7802,10.4259,2.396,NO
5411,10.380,6.747,0.004,0.008,6.760,1.538,10.21,32.64,29.64,25.64,2.9208,10.9528,2.345,NO
5412,10.443,6.788,0.004,0.008,6.801,1.538,10.21,33.24,30.24,26.24,2.9333,10.9997,2.341,NO
5413,10.371,6.741,0.004,0.008,6.754,1.538,10.21,33.44,30.44,26.44,4.3784,10.9461,2.345,NO
5414,10.186,6.621,0.004,0.008,6.633,1.538,10.20,33.24,30.24,26.24,4.3233,10.8083,2.358,NO
5415,9.892,6.430,0.004,0.007,6.441,1.538,10.20,32.64,29.64,25.64,4.2360,10.5900,2.379,NO
5416,9.816,6.381,0.004,0.007,6.392,1.538,10.20,31.68,28.68,24.68,4.2134,10.5336,2.385,NO
5417,9.536,6.198,0.004,0.007,6.209,1.538,10.20,30.44,27.44,23.44,4.1301,10.3252,2.406,NO
5418,9.574,6.223,0.004,0.007,6.234,1.538,10.20,28.99,25.99,21.99,4.1415,10.3537,2.403,NO
5419,9.139,5.940,0.004,0.007,5.952,1.538,10.20,27.44,24.44,20.44,2.6749,10.0310,2.439,NO
5420,8.628,5.609,0.004,0.007,5.620,1.538,10.20,25.89,22.89,18.89,2.5738,9.6517,2.486,NO
5421,8.537,5.549,0.004,0.007,5.560,1.538,10.20,24.44,21.44,17.44,2.5557,9.5839,2.495,NO
5422,8.246,5.360,0.004,0.007,5.371,1.538,10.20,23.20,20.20,16.20,2.4981,9.3677,2.525,NO
5423,7.658,4.978,0.004,0.007,4.989,1.538,10.20,22.24,19.24,15.24,1.6671,8.9310,2.592,NO
5424,7.668,4.984,0.004,0.007,4.995,1.538,10.20,21.65,18.65,14.65,1.6685,8.9383,2.590,NO
5425,7.530,4.894,0.004,0.007,4.906,1.538,10.20,21.32,18.32,14.32,1.6494,8.8361,2.608,NO
5426,7.414,4.819,0.004,0.007,4.830,1.538,10.20,21.53,18.53,14.53,1.6333,8.7499,2.623,NO
5427,8.148,5.296,0.004,0.007,5.307,1.538,10.20,22.13,19.13,15.13,1.7350,9.2948,2.535,NO
5428,7.849,5.102,0.004,0.007,5.113,1.538,10.20,23.08,20.08,16.08,1.6936,9.0730,2.569,NO
5429,8.047,5.231,0.004,0.007,5.242,1.538,10.20,24.32,21.32,17.32,1.7211,9.2201,2.546,NO
5430,8.443,5.488,0.004,0.007,5.499,1.538,10.20,25.77,22.77,18.77,1.7759,9.5139,2.504,NO
5431,9.149,5.947,0.004,0.007,5.958,1.538,10.20,27.32,24.32,20.32,2.6769,10.0382,2.438,NO
5432,9.570,6.221,0.004,0.007,6.232,1.538,10.20,28.88,25.88,21.88,2.7602,10.3509,2.404,NO
5433,9.906,6.439,0.004,0.007,6.450,1.538,10.20,30.32,27.32,23.32,2.8267,10.6000,2.378,NO
5434,10.251,6.663,0.004,0.008,6.675,1.538,10.21,31.57,28.57,24.57,2.8951,10.8567,2.354,NO
5435,10.109,6.571,0.004,0.008,6.582,1.538,10.20,32.52,29.52,25.52,2.8669,10.7510,2.363,NO
5436,10.543,6.853,0.005,0.009,6.866,1.538,10.21,33.12,30.12,26.12,2.9531,11.0743,2.334,NO
5437,10.156,6.602,0.004,0.008,6.613,1.538,10.20,33.32,30.32,26.32,4.3145,10.7863,2.360,NO
5438,10.125,6.581,0.004,0.008,6.593,1.538,10.20,33.12,30.12,26.12,4.3053,10.7632,2.362,NO
5439,10.323,6.710,0.004,0.008,6.723,1.538,10.21,32.52,29.52,25.52,4.3642,10.9106,2.349,NO
5440,9.859,6.408,0.004,0.007,6.420,1.538,10.20,31.57,28.57,24.57,4.2261,10.5652,2.381,NO
5441,9.734,6.327,0.004,0.007,6.338,1.538,10.20,30.32,27.32,23.32,4.1890,10.4725,2.391,NO
5442,9.281,6.032,0.004,0.007,6.044,1.538,10.20,28.88,25.88,21.88,4.0543,10.1359,2.427,NO
5443,8.739,5.680,0.004,0.007,5.692,1.538,10.20,27.32,24.32,20.32,2.5957,9.7337,2.475,NO
5444,8.599,5.589,0.004,0.007,5.601,1.538,10.20,25.77,22.77,18.77,2.5680,9.6299,2.489,NO
5445,8.173,5.312,0.004,0.007,5.323,1.538,10.20,24.32,21.32,17.32,2.4835,9.3132,2.532,NO
5446,8.072,5.246,0.004,0.007,5.258,1.538,10.20,23.08,20.08,16.08,2.4635,9.2382,2.543,NO
5447,7.800,5.070,0.004,0.007,5.081,1.538,10.20,22.13,19.13,15.13,1.6869,9.0368,2.574,NO
5448,7.509,4.881,0.004,0.007,4.892,1.538,10.20,21.53,18.53,14.53,1.6465,8.8207,2.610,NO
5449,7.919,5.147,0.004,0.007,5.158,1.538,10.20,21.21,18.21,14.21,1.7033,9.1247,2.561,NO
5450,7.964,5.176,0.004,0.007,5.188,1.538,10.20,21.41,18.41,14.41,1.7095,9.1582,2.556,NO
5451,8.087,5.256,0.004,0.007,5.268,1.538,10.20,22.01,19.01,15.01,1.7265,9.2493,2.542,NO
5452,7.718,5.016,0.004,0.007,5.028,1.538,10.20,22.96,19.96,15.96,1.6754,8.9753,2.584,NO
5453,8.217,5.341,0.004,0.007,5.352,1.538,10.20,24.21,21.21,17.21,1.7446,9.3461,2.528,NO
5454,8.648,5.621,0.004,0.007,5.633,1.538,10.20,25.65,22.65,18.65,1.8044,9.6664,2.484,NO
5455,8.848,5.751,0.004,0.007,5.763,1.538,10.20,27.21,24.21,20.21,2.6173,9.8147,2.465,NO
5456,9.342,6.072,0.004,0.007,6.084,1.538,10.20,28.76,25.76,21.76,2.7151,10.1818,2.422,NO
5457,9.415,6.120,0.004,0.007,6.131,1.538,10.20,30.21,27.21,23.21,2.7295,10.2356,2.416,NO
5458,9.657,6.277,0.004,0.007,6.288,1.538,10.20,31.45,28.45,24.45,2.7774,10.4151,2.397,NO
5459,10.333,6.716,0.004,0.008,6.729,1.538,10.21,32.40,29.40,25.40,2.9114,10.9177,2.348,NO
5460,10.049,6.532,0.004,0.008,6.544,1.538,10.20,33.00,30.00,26.00,2.8551,10.7068,2.368,NO
5461,10.014,6.509,0.004,0.007,6.520,1.538,10.20,33.21,30.21,26.21,4.2721,10.6801,2.370,NO
5462,10.251,6.663,0.004,0.008,6.675,1.538,10.21,33.00,30.00,26.00,4.3427,10.8569,2.354,NO
5463,10.258,6.668,0.004,0.008,6.680,1.538,10.21,32.40,29.40,25.40,4.3448,10.8621,2.353,NO
5464,10.264,6.671,0.004,0.008,6.684,1.538,10.21,31.45,28.45,24.45,4.3465,10.8662,2.353,NO
5465,9.381,6.098,0.004,0.007,6.109,1.538,10.20,30.21,27.21,23.21,4.0842,10.2105,2.419,NO
5466,9.423,6.125,0.004,0.007,6.136,1.538,10.20,28.76,25.76,21.76,4.0966,10.2414,2.415,NO
5467,8.739,5.680,0.004,0.007,5.692,1.538,10.20,27.21,24.21,20.21,2.5957,9.7338,2.475,NO
5468,8.441,5.486,0.004,0.007,5.498,1.538,10.20,25.65,22.65,18.65,2.5366,9.5122,2.504,NO
5469,8.221,5.343,0.004,0.007,5.355,1.538,10.20,24.21,21.21,17.21,2.4931,9.3490,2.527,NO
5470,8.204,5.333,0.004,0.007,5.344,1.538,10.20,22.96,19.96,15.96,2.4898,9.3368,2.529,NO
5471,8.010,5.206,0.004,0.007,5.218,1.538,10.20,22.01,19.01,15.01,1.7159,9.1922,2.550,NO
5472,7.419,4.822,0.004,0.007,4.834,1.538,10.20,21.41,18.41,14.41,1.6340,8.7536,2.622,NO
5473,7.870,5.116,0.004,0.007,5.127,1.538,10.20,21.09,18.09,14.09,1.6966,9.0888,2.566,NO
5474,7.521,4.888,0.004,0.007,4.900,1.538,10.20,21.29,18.29,14.29,1.6481,8.8292,2.609,NO
5475,7.917,5.146,0.004,0.007,5.157,1.538,10.20,21.89,18.89,14.89,1.7030,9.1233,2.561,NO
5476,7.868,5.114,0.004,0.007,5.125,1.538,10.20,22.84,19.84,15.84,1.6962,9.0867,2.567,NO
5477,8.368,5.439,0.004,0.007,5.450,1.538,10.20,24.09,21.09,17.09,1.7655,9.4580,2.512,NO
5478,8.831,5.740,0.004,0.007,5.752,1.538,10.20,25.53,22.53,18.53,1.8298,9.8024,2.467,NO
5479,9.013,5.859,0.004,0.007,5.870,1.538,10.20,27.09,24.09,20.09,2.6500,9.9376,2.450,NO
5480,9.094,5.911,0.004,0.007,5.922,1.538,10.20,28.64,25.64,21.64,2.6659,9.9972,2.443,NO
5481,9.923,6.450,0.004,0.007,6.461,1.538,10.20,30.09,27.09,23.09,2.8301,10.6128,2.377,NO
5482,9.957,6.472,0.004,0.007,6.484,1.538,10.20,31.33,28.33,24.33,2.8369,10.6385,2.374,NO
5483,10.322,6.709,0.004,0.008,6.722,1.538,10.21,32.28,29.28,25.28,2.9092,10.9095,2.349,NO
5484,10.193,6.625,0.004,0.008,6.637,1.538,10.20,32.88,29.88,25.88,2.8836,10.8135,2.358,NO
5485,10.346,6.725,0.004,0.008,6.737,1.538,10.21,33.09,30.09,26.09,4.3710,10.9276,2.347,NO
5486,10.314,6.704,0.004,0.008,6.717,1.538,10.21,32.88,29.88,25.88,4.3616,10.9039,2.349,NO
5487,10.399,6.760,0.004,0.008,6.772,1.538,10.21,32.28,29.28,25.28,4.3869,10.9673,2.344,NO
5488,9.955,6.471,0.004,0.007,6.482,1.538,10.20,31.33,28.33,24.33,4.2548,10.6370,2.374,NO
5489,9.374,6.093,0.004,0.007,6.104,1.538,10.20,30.09,27.09,23.09,4.0821,10.2052,2.419,NO
5490,9.337,6.069,0.004,0.007,6.081,1.538,10.20,28.64,25.64,21.64,4.0712,10.1781,2.422,NO
5491,8.794,5.716,0.004,0.007,5.727,1.538,10.20,27.09,24.09,20.09,2.6065,9.7745,2.470,NO
5492,8.744,5.684,0.004,0.007,5.695,1.538,10.20,25.53,22.53,18.53,2.5968,9.7378,2.475,NO
5493,8.473,5.508,0.004,0.007,5.519,1.538,10.20,24.09,21.09,17.09,2.5431,9.5365,2.501,NO
5494,8.352,5.429,0.004,0.007,5.440,1.538,10.20,22.84,19.84,15.84,2.5190,9.4463,2.513,NO
5495,8.082,5.253,0.004,0.007,5.264,1.538,10.20,21.89,18.89,14.89,1.7259,9.2458,2.542,NO
5496,8.004,5.203,0.004,0.007,5.214,1.538,10.20,21.29,18.29,14.29,1.7151,9.1883,2.551,NO
5497,6.327,4.113,0.004,0.007,4.124,1.538,10.20,20.96,17.96,13.96,1.4827,7.9429,2.790,NO
5498,6.626,4.307,0.004,0.007,4.318,1.538,10.20,21.17,18.17,14.17,1.5242,8.1652,2.738,NO
5499,6.493,4.220,0.004,0.007,4.232,1.538,10.20,21.77,18.77,14.77,1.5057,8.0662,2.761,NO
5500,6.807,4.425,0.004,0.007,4.436,1.538,10.20,22.72,19.72,15.72,1.5493,8.2996,2.709,NO
5501,6.689,4.348,0.004,0.007,4.359,1.538,10.20,23.96,20.96,16.96,1.5329,8.2120,2.728,NO
5502,7.167,4.658,0.004,0.007,4.670,1.538,10.20,25.41,22.41,18.41,1.5991,8.5665,2.656,NO
5503,7.723,5.020,0.004,0.007,5.032,1.538,10.20,26.96,23.96,19.96,2.3946,8.9797,2.584,NO
5504,7.909,5.141,0.004,0.007,5.152,1.538,10.20,28.52,25.52,21.52,2.4314,9.1176,2.562,NO
5505,8.366,5.438,0.004,0.007,5.449,1.538,10.20,29.96,26.96,22.96,2.5218,9.4568,2.512,NO
5506,8.416,5.471,0.004,0.007,5.482,1.538,10.20,31.21,28.21,24.21,2.5318,9.4943,2.507,NO
5507,8.955,5.821,0.004,0.007,5.832,1.538,10.20,32.16,29.16,25.16,2.6384,9.8939,2.455,NO
5508,8.640,5.616,0.004,0.007,5.627,1.538,10.20,32.76,29.76,25.76,2.5761,9.6602,2.485,NO
5509,8.998,5.849,0.004,0.007,5.860,1.538,10.20,32.96,29.96,25.96,2.6469,9.9259,2.451,NO
5510,8.633,5.612,0.004,0.007,5.623,1.538,10.20,32.76,29.76,25.76,2.5748,9.6554,2.485,NO
5511,8.727,5.672,0.004,0.007,5.684,1.538,10.20,32.16,29.16,25.16,2.5933,9.7248,2.476,NO
5512,8.800,5.720,0.004,0.007,5.731,1.538,10.20,31.21,28.21,24.21,2.6078,9.7793,2.469,NO
5513,8.208,5.335,0.004,0.007,5.347,1.538,10.20,29.96,26.96,22.96,2.4905,9.3396,2.529,NO
5514,8.075,5.249,0.004,0.007,5.260,1.538,10.20,28.52,25.52,21.52,2.4643,9.2411,2.543,NO
5515,7.944,5.163,0.004,0.007,5.175,1.538,10.20,26.96,23.96,19.96,2.4382,9.1432,2.558,NO
5516,7.378,4.796,0.004,0.007,4.807,1.538,10.20,25.41,22.41,18.41,2.3262,8.7232,2.627,NO
5517,6.690,4.349,0.004,0.007,4.360,1.538,10.20,23.96,20.96,16.96,2.1900,8.2125,2.728,NO
5518,6.729,4.374,0.004,0.007,4.385,1.538,10.20,22.72,19.72,15.72,2.1976,8.2411,2.722,NO
5519,6.832,4.441,0.004,0.007,4.452,1.538,10.20,21.77,18.77,14.77,1.5527,8.3179,2.706,NO
5520,6.432,4.181,0.004,0.007,4.192,1.538,10.20,21.17,18.17,14.17,1.4973,8.0212,2.771,NO
5521,6.327,4.113,0.004,0.007,4.124,1.538,10.20,20.84,17.84,13.84,1.4827,7.9429,2.790,NO
5522,6.569,4.270,0.004,0.007,4.281,1.538,10.20,21.04,18.04,14.04,1.5162,8.1223,2.748,NO
5523,6.327,4.113,0.004,0.007,4.124,1.538,10.20,21.64,18.64,14.64,1.4827,7.9429,2.790,NO
5524,6.390,4.153,0.004,0.007,4.165,1.538,10.20,22.60,19.60,15.60,1.4914,7.9896,2.779,NO
5525,6.711,4.362,0.004,0.007,4.374,1.538,10.20,23.84,20.84,16.84,1.5359,8.2283,2.724,NO
5526,6.989,4.543,0.004,0.007,4.554,1.538,10.20,25.29,22.29,18.29,1.5744,8.4343,2.682,NO
5527,7.593,4.935,0.004,0.007,4.947,1.538,10.20,26.84,23.84,19.84,2.3688,8.8829,2.600,NO
5528,8.171,5.311,0.004,0.007,5.322,1.538,10.20,28.39,25.39,21.39,2.4832,9.3119,2.533,NO
5529,8.303,5.397,0.004,0.007,5.408,1.538,10.20,29.84,26.84,22.84,2.5093,9.4098,2.519,NO
5530,8.708,5.660,0.004,0.007,5.671,1.538,10.20,31.08,28.08,24.08,2.5895,9.7106,2.478,NO
5531,8.741,5.682,0.004,0.007,5.693,1.538,10.20,32.04,29.04,25.04,2.5962,9.7356,2.475,NO
5532,9.211,5.987,0.004,0.007,5.998,1.538,10.20,32.63,29.63,25.63,2.6891,10.0842,2.433,NO
5533,9.153,5.949,0.004,0.007,5.961,1.538,10.20,32.84,29.84,25.84,2.6777,10.0412,2.438,NO
5534,8.942,5.812,0.004,0.007,5.824,1.538,10.20,32.63,29.63,25.63,2.6359,9.8846,2.456,NO
5535,8.538,5.550,0.004,0.007,5.561,1.538,10.20,32.04,29.04,25.04,2.5560,9.5849,2.495,NO
5536,8.758,5.693,0.004,0.007,5.704,1.538,10.20,31.08,28.08,24.08,2.5995,9.7481,2.473,NO
5537,8.118,5.277,0.004,0.007,5.288,1.538,10.20,29.84,26.84,22.84,2.4728,9.2730,2.538,NO
5538,7.703,5.007,0.004,0.007,5.018,1.538,10.20,28.39,25.39,21.39,2.3906,8.9647,2.586,NO
5539,7.631,4.960,0.004,0.007,4.971,1.538,10.20,26.84,23.84,19.84,2.3762,8.9108,2.595,NO
5540,7.580,4.927,0.004,0.007,4.938,1.538,10.20,25.29,22.29,18.29,2.3662,8.8734,2.601,NO
5541,7.203,4.682,0.004,0.007,4.693,1.538,10.20,23.84,20.84,16.84,2.2915,8.5931,2.651,NO
5542,6.528,4.243,0.004,0.007,4.255,1.538,10.20,22.60,19.60,15.60,2.1579,8.0922,2.755,NO
5543,6.753,4.390,0.004,0.007,4.401,1.538,10.20,21.64,18.64,14.64,1.5418,8.2596,2.718,NO
5544,6.559,4.263,0.004,0.007,4.275,1.538,10.20,21.04,18.04,14.04,1.5148,8.1150,2.749,NO
5545,7.799,5.069,0.004,0.007,5.080,1.538,10.20,20.71,17.71,13.71,1.6866,9.0356,2.575,NO
5546,7.649,4.972,0.004,0.007,4.983,1.538,10.20,20.92,17.92,13.92,1.6659,8.9243,2.593,NO
5547,7.967,5.179,0.004,0.007,5.190,1.538,10.20,21.52,18.52,14.52,1.7100,9.1609,2.555,NO
5548,7.972,5.182,0.004,0.007,5.193,1.538,10.20,22.47,19.47,15.47,1.7106,9.1642,2.555,NO
5549,8.447,5.491,0.004,0.007,5.502,1.538,10.20,23.71,20.71,16.71,1.7765,9.5170,2.504,NO
5550,8.699,5.655,0.004,0.007,5.666,1.538,10.20,25.16,22.16,18.16,1.8115,9.7043,2.479,NO
5551,8.668,5.634,0.004,0.007,5.646,1.538,10.20,26.71,23.71,19.71,2.5817,9.6813,2.482,NO
5552,9.281,6.032,0.004,0.007,6.044,1.538,10.20,28.27,25.27,21.27,2.7029,10.1359,2.427,NO
5553,9.912,6.443,0.004,0.007,6.454,1.538,10.20,29.71,26.71,22.71,2.8280,10.6049,2.378,NO
5554,10.203,6.632,0.004,0.008,6.644,1.538,10.20,30.96,27.96,23.96,2.8856,10.8209,2.357,NO
5555,10.089,6.558,0.004,0.008,6.569,1.538,10.20,31.91,28.91,24.91,2.8630,10.7361,2.365,NO
5556,10.273,6.677,0.004,0.008,6.689,1.538,10.21,32.51,29.51,25.51,2.8994,10.8729,2.352,NO
5557,9.995,6.497,0.004,0.007,6.508,1.538,10.20,32.71,29.71,25.71,4.2667,10.6667,2.371,NO
5558,10.022,6.514,0.004,0.007,6.526,1.538,10.20,32.51,29.51,25.51,4.2746,10.6864,2.370,NO
5559,10.350,6.727,0.004,0.008,6.740,1.538,10.21,31.91,28.91,24.91,4.3721,10.9302,2.347,NO
5560,9.604,6.243,0.004,0.007,6.254,1.538,10.20,30.96,27.96,23.96,4.1505,10.3762,2.401,NO
5561,9.599,6.240,0.004,0.007,6.251,1.538,10.20,29.71,26.71,22.71,4.1490,10.3726,2.401,NO
5562,9.476,6.159,0.004,0.007,6.171,1.538,10.20,28.27,25.27,21.27,4.1123,10.2809,2.411,NO
5563,9.209,5.986,0.004,0.007,5.997,1.538,10.20,26.71,23.71,19.71,2.6887,10.0827,2.433,NO
5564,8.587,5.581,0.004,0.007,5.593,1.538,10.20,25.16,22.16,18.16,2.5656,9.6208,2.490,NO
5565,8.574,5.573,0.004,0.007,5.585,1.538,10.20,23.71,20.71,16.71,2.5631,9.6116,2.491,NO
5566,8.074,5.248,0.004,0.007,5.260,1.538,10.20,22.47,19.47,15.47,2.4641,9.2403,2.543,NO
5567,7.529,4.894,0.004,0.007,4.905,1.538,10.20,21.52,18.52,14.52,1.6493,8.8357,2.608,NO
5568,7.580,4.927,0.004,0.007,4.938,1.538,10.20,20.92,17.92,13.92,1.6563,8.8729,2.601,NO
5569,7.346,4.775,0.004,0.007,4.786,1.538,10.20,20.58,17.58,13.58,1.6240,8.6997,2.632,NO
5570,7.962,5.175,0.004,0.007,5.186,1.538,10.20,20.79,17.79,13.79,1.7092,9.1566,2.556,NO
5571,7.622,4.954,0.004,0.007,4.966,1.538,10.20,21.39,18.39,14.39,1.6622,8.9045,2.596,NO
5572,7.775,5.054,0.004,0.007,5.065,1.538,10.20,22.34,19.34,15.34,1.6834,9.0183,2.577,NO
5573,8.362,5.435,0.004,0.007,5.447,1.538,10.20,23.58,20.58,16.58,1.7647,9.4539,2.512,NO
5574,8.403,5.462,0.004,0.007,5.473,1.538,10.20,25.03,22.03,18.03,1.7704,9.4842,2.508,NO
5575,8.660,5.629,0.004,0.007,5.640,1.538,10.20,26.58,23.58,19.58,2.5801,9.6753,2.483,NO
5576,9.315,6.055,0.004,0.007,6.066,1.538,10.20,28.14,25.14,21.14,2.7097,10.1615,2.424,NO
5577,9.940,6.461,0.004,0.007,6.472,1.538,10.20,29.58,26.58,22.58,2.8334,10.6252,2.376,NO
5578,10.238,6.655,0.004,0.008,6.667,1.538,10.20,30.83,27.83,23.83,2.8926,10.8474,2.354,NO
5579,10.388,6.753,0.004,0.008,6.765,1.538,10.21,31.78,28.78,24.78,2.9224,10.9591,2.344,NO
5580,10.504,6.828,0.005,0.009,6.841,1.538,10.21,32.38,29.38,25.38,2.9454,11.0454,2.337,NO
5581,10.144,6.593,0.004,0.008,6.605,1.538,10.20,32.58,29.58,25.58,4.3108,10.7771,2.361,NO
5582,9.952,6.469,0.004,0.007,6.480,1.538,10.20,32.38,29.38,25.38,4.2537,10.6342,2.375,NO
5583,10.467,6.804,0.004,0.008,6.817,1.538,10.21,31.78,28.78,24.78,4.4072,11.0179,2.339,NO
5584,10.191,6.624,0.004,0.008,6.636,1.538,10.20,30.83,27.83,23.83,4.3249,10.8121,2.358,NO
5585,9.921,6.449,0.004,0.007,6.460,1.538,10.20,29.58,26.58,22.58,4.2446,10.6114,2.377,NO
5586,9.653,6.275,0.004,0.007,6.286,1.538,10.20,28.14,25.14,21.14,4.1650,10.4126,2.397,NO
5587,9.037,5.874,0.004,0.007,5.885,1.538,10.20,26.58,23.58,19.58,2.6546,9.9547,2.448,NO
5588,8.656,5.626,0.004,0.007,5.638,1.538,10.20,25.03,22.03,18.03,2.5792,9.6720,2.483,NO
5589,8.162,5.305,0.004,0.007,5.317,1.538,10.20,23.58,20.58,16.58,2.4815,9.3055,2.533,NO
5590,8.331,5.415,0.004,0.007,5.426,1.538,10.20,22.34,19.34,15.34,2.5148,9.4305,2.516,NO
5591,7.723,5.020,0.004,0.007,5.031,1.538,10.20,21.39,18.39,14.39,1.6761,8.9791,2.584,NO
5592,7.991,5.194,0.004,0.007,5.205,1.538,10.20,20.79,17.79,13.79,1.7132,9.1781,2.552,NO
5593,7.964,5.177,0.004,0.007,5.188,1.538,10.20,20.45,17.45,13.45,1.7096,9.1584,2.555,NO
5594,7.960,5.174,0.004,0.007,5.185,1.538,10.20,20.66,17.66,13.66,1.7090,9.1551,2.556,NO
5595,7.925,5.151,0.004,0.007,5.162,1.538,10.20,21.26,18.26,14.26,1.7041,9.1291,2.560,NO
5596,7.837,5.094,0.004,0.007,5.106,1.538,10.20,22.21,19.21,15.21,1.6920,9.0643,2.570,NO
5597,8.544,5.554,0.004,0.007,5.565,1.538,10.20,23.45,20.45,16.45,1.7899,9.5889,2.494,NO
5598,8.789,5.713,0.004,0.007,5.724,1.538,10.20,24.90,21.90,17.90,1.8239,9.7707,2.471,NO
5599,9.025,5.867,0.004,0.007,5.878,1.538,10.20,26.45,23.45,19.45,2.6524,9.9465,2.449,NO
5600,9.273,6.027,0.004,0.007,6.039,1.538,10.20,28.01,25.01,21.01,2.7014,10.1303,2.428,NO
5601,9.554,6.210,0.004,0.007,6.221,1.538,10.20,29.45,26.45,22.45,2.7570,10.3387,2.405,NO
5602,9.821,6.384,0.004,0.007,6.395,1.538,10.20,30.70,27.70,23.70,2.8099,10.5373,2.384,NO
5603,10.016,6.510,0.004,0.007,6.522,1.538,10.20,31.65,28.65,24.65,2.8485,10.6820,2.370,NO
5604,10.297,6.693,0.004,0.008,6.706,1.538,10.21,32.25,29.25,25.25,2.9044,10.8913,2.350,NO
5605,10.096,6.563,0.004,0.008,6.574,1.538,10.20,32.45,29.45,25.45,4.2967,10.7418,2.364,NO
5606,10.350,6.727,0.004,0.008,6.740,1.538,10.21,32.25,29.25,25.25,4.3722,10.9305,2.347,NO
5607,9.911,6.442,0.004,0.007,6.454,1.538,10.20,31.65,28.65,24.65,4.2417,10.6042,2.378,NO
5608,9.747,6.335,0.004,0.007,6.347,1.538,10.20,30.70,27.70,23.70,4.1928,10.4819,2.390,NO
5609,9.438,6.135,0.004,0.007,6.146,1.538,10.20,29.45,26.45,22.45,4.1011,10.2529,2.414,NO
5610,9.223,5.995,0.004,0.007,6.006,1.538,10.20,28.01,25.01,21.01,4.0373,10.0932,2.432,NO
5611,9.054,5.885,0.004,0.007,5.897,1.538,10.20,26.45,23.45,19.45,2.6581,9.9678,2.446,NO
5612,8.577,5.575,0.004,0.007,5.587,1.538,10.20,24.90,21.90,17.90,2.5637,9.6139,2.491,NO
5613,8.311,5.402,0.004,0.007,5.414,1.538,10.20,23.45,20.45,16.45,2.5110,9.4161,2.518,NO
5614,8.289,5.388,0.004,0.007,5.399,1.538,10.20,22.21,19.21,15.21,2.5067,9.4000,2.520,NO
5615,8.155,5.301,0.004,0.007,5.312,1.538,10.20,21.26,18.26,14.26,1.7360,9.2999,2.534,NO
5616,7.856,5.107,0.004,0.007,5.118,1.538,10.20,20.66,17.66,13.66,1.6946,9.0783,2.568,NO
5617,7.457,4.847,0.004,0.007,4.858,1.538,10.20,20.32,17.32,13.32,1.6393,8.7817,2.617,NO
5618,7.596,4.937,0.004,0.007,4.948,1.538,10.20,20.53,17.53,13.53,1.6585,8.8848,2.599,NO
5619,7.984,5.190,0.004,0.007,5.201,1.538,10.20,21.12,18.12,14.12,1.7124,9.1735,2.553,NO
5620,7.819,5.082,0.004,0.007,5.094,1.538,10.20,22.08,19.08,15.08,1.6895,9.0508,2.572,NO
5621,8.319,5.408,0.004,0.007,5.419,1.538,10.20,23.32,20.32,16.32,1.7588,9.4223,2.517,NO
5622,8.659,5.628,0.004,0.007,5.640,1.538,10.20,24.77,21.77,17.77,1.8059,9.6744,2.483,NO
5623,8.922,5.799,0.004,0.007,5.811,1.538,10.20,26.32,23.32,19.32,2.6319,9.8697,2.458,NO
5624,9.414,6.119,0.004,0.007,6.131,1.538,10.20,27.87,24.87,20.87,2.7294,10.2352,2.416,NO
5625,9.608,6.245,0.004,0.007,6.256,1.538,10.20,29.32,26.32,22.32,2.7677,10.3790,2.401,NO
5626,10.059,6.538,0.004,0.008,6.550,1.538,10.20,30.56,27.56,23.56,2.8571,10.7141,2.367,NO
5627,10.180,6.617,0.004,0.008,6.629,1.538,10.20,31.52,28.52,24.52,2.8810,10.8039,2.358,NO
5628,10.519,6.838,0.005,0.009,6.851,1.538,10.21,32.12,29.12,25.12,2.9484,11.0566,2.336,NO
5629,10.069,6.545,0.004,0.008,6.557,1.538,10.20,32.32,29.32,25.32,4.2887,10.7217,2.366,NO
5630,10.149,6.597,0.004,0.008,6.609,1.538,10.20,32.12,29.12,25.12,4.3124,10.7810,2.361,NO
5631,10.210,6.637,0.004,0.008,6.649,1.538,10.20,31.52,28.52,24.52,4.3306,10.8266,2.356,NO
5632,9.862,6.410,0.004,0.007,6.421,1.538,10.20,30.56,27.56,23.56,4.2270,10.5675,2.381,NO
5633,9.673,6.287,0.004,0.007,6.299,1.538,10.20,29.32,26.32,22.32,4.1708,10.4270,2.396,NO
5634,9.339,6.070,0.004,0.007,6.081,1.538,10.20,27.87,24.87,20.87,4.0716,10.1790,2.422,NO
5635,8.978,5.836,0.004,0.007,5.847,1.538,10.20,26.32,23.32,19.32,2.6431,9.9116,2.453,NO
5636,8.580,5.577,0.004,0.007,5.588,1.538,10.20,24.77,21.77,17.77,2.5641,9.6154,2.491,NO
5637,8.413,5.469,0.004,0.007,5.480,1.538,10.20,23.32,20.32,16.32,2.5312,9.4920,2.507,NO
5638,8.297,5.393,0.004,0.007,5.405,1.538,10.20,22.08,19.08,15.08,2.5083,9.4059,2.519,NO
5639,7.994,5.196,0.004,0.007,5.208,1.538,10.20,21.12,18.12,14.12,1.7138,9.1809,2.552,NO
5640,7.877,5.120,0.004,0.007,5.131,1.538,10.20,20.53,17.53,13.53,1.6975,9.0937,2.565,NO
5641,7.490,4.868,0.004,0.007,4.880,1.538,10.20,20.19,17.19,13.19,1.6438,8.8062,2.613,NO
5642,7.642,4.967,0.004,0.007,4.978,1.538,10.20,20.39,17.39,13.39,1.6649,8.9189,2.594,NO
5643,7.866,5.113,0.004,0.007,5.124,1.538,10.20,20.99,17.99,13.99,1.6960,9.0856,2.567,NO
5644,7.717,5.016,0.004,0.007,5.027,1.538,10.20,21.94,18.94,14.94,1.6753,8.9751,2.584,NO
5645,8.337,5.419,0.004,0.007,5.430,1.538,10.20,23.19,20.19,16.19,1.7612,9.4350,2.515,NO
5646,8.924,5.801,0.004,0.007,5.812,1.538,10.20,24.63,21.63,17.63,1.8427,9.8713,2.458,NO
5647,9.190,5.973,0.004,0.007,5.985,1.538,10.20,26.19,23.19,19.19,2.6850,10.0686,2.435,NO
5648,9.329,6.064,0.004,0.007,6.075,1.538,10.20,27.74,24.74,20.74,2.7124,10.1716,2.423,NO
5649,9.584,6.230,0.004,0.007,6.241,1.538,10.20,29.19,26.19,22.19,2.7630,10.3612,2.402,NO
5650,10.088,6.557,0.004,0.008,6.569,1.538,10.20,30.43,27.43,23.43,2.8628,10.7356,2.365,NO
5651,10.371,6.741,0.004,0.008,6.753,1.538,10.21,31.38,28.38,24.38,2.9189,10.9458,2.345,NO
5652,10.550,6.858,0.005,0.009,6.871,1.538,10.21,31.98,28.98,24.98,2.9545,11.0796,2.334,NO
5653,10.439,6.785,0.004,0.008,6.798,1.538,10.21,32.19,29.19,25.19,4.3986,10.9966,2.341,NO
5654,10.575,6.874,0.005,0.009,6.887,1.538,10.21,31.98,28.98,24.98,4.4392,11.0979,2.332,NO
5655,10.073,6.547,0.004,0.008,6.559,1.538,10.20,31.38,28.38,24.38,4.2897,10.7241,2.366,NO
5656,9.991,6.494,0.004,0.007,6.505,1.538,10.20,30.43,27.43,23.43,4.2654,10.6634,2.372,NO
5657,9.963,6.476,0.004,0.007,6.488,1.538,10.20,29.19,26.19,22.19,4.2572,10.6429,2.374,NO
5658,9.066,5.893,0.004,0.007,5.904,1.538,10.20,27.74,24.74,20.74,3.9906,9.9766,2.445,NO
5659,9.003,5.852,0.004,0.007,5.863,1.538,10.20,26.19,23.19,19.19,2.6480,9.9301,2.451,NO
5660,8.353,5.430,0.004,0.007,5.441,1.538,10.20,24.63,21.63,17.63,2.5193,9.4474,2.513,NO
5661,8.523,5.540,0.004,0.007,5.551,1.538,10.20,23.19,20.19,16.19,2.5528,9.5731,2.496,NO
5662,8.154,5.300,0.004,0.007,5.312,1.538,10.20,21.94,18.94,14.94,2.4799,9.2997,2.534,NO
5663,8.045,5.229,0.004,0.007,5.240,1.538,10.20,20.99,17.99,13.99,1.7208,9.2184,2.546,NO
5664,7.907,5.140,0.004,0.007,5.151,1.538,10.20,20.39,17.39,13.39,1.7017,9.1162,2.562,NO
5665,6.348,4.127,0.004,0.007,4.138,1.538,10.20,20.05,17.05,13.05,1.4857,7.9588,2.786,NO
5666,6.327,4.113,0.004,0.007,4.124,1.538,10.20,20.26,17.26,13.26,1.4827,7.9429,2.790,NO
5667,6.748,4.386,0.004,0.007,4.398,1.538,10.20,20.85,17.85,13.85,1.5411,8.2557,2.719,NO
5668,6.393,4.156,0.004,0.007,4.167,1.538,10.20,21.81,18.81,14.81,1.4918,7.9920,2.778,NO
5669,6.683,4.344,0.004,0.007,4.355,1.538,10.20,23.05,20.05,16.05,1.5320,8.2072,2.729,NO
5670,7.124,4.631,0.004,0.007,4.642,1.538,10.20,24.50,21.50,17.50,1.5932,8.5350,2.662,NO
5671,7.386,4.801,0.004,0.007,4.812,1.538,10.20,26.05,23.05,19.05,2.3278,8.7292,2.626,NO
5672,8.228,5.349,0.004,0.007,5.360,1.538,10.20,27.60,24.60,20.60,2.4946,9.3547,2.526,NO
5673,8.022,5.214,0.004,0.007,5.225,1.538,10.20,29.05,26.05,22.05,2.4537,9.2012,2.549,NO
5674,8.770,5.701,0.004,0.007,5.712,1.538,10.20,30.29,27.29,23.29,2.6019,9.7570,2.472,NO
5675,8.666,5.633,0.004,0.007,5.644,1.538,10.20,31.25,28.25,24.25,2.5811,9.6793,2.482,NO
5676,8.985,5.840,0.004,0.007,5.852,1.538,10.20,31.85,28.85,24.85,2.6444,9.9165,2.453,NO
5677,8.840,5.746,0.004,0.007,5.758,1.538,10.20,32.05,29.05,25.05,2.6157,9.8091,2.466,NO
5678,9.217,5.991,0.004,0.007,6.003,1.538,10.20,31.85,28.85,24.85,2.6904,10.0890,2.432,NO
5679,9.094,5.911,0.004,0.007,5.922,1.538,10.20,31.25,28.25,24.25,2.6660,9.9975,2.443,NO
5680,8.778,5.706,0.004,0.007,5.717,1.538,10.20,30.29,27.29,23.29,2.6035,9.7630,2.471,NO
5681,8.310,5.401,0.004,0.007,5.413,1.538,10.20,29.05,26.05,22.05,2.5107,9.4153,2.518,NO
5682,8.216,5.341,0.004,0.007,5.352,1.538,10.20,27.60,24.60,20.60,2.4922,9.3456,2.528,NO
5683,7.451,4.843,0.004,0.007,4.854,1.538,10.20,26.05,23.05,19.05,2.3406,8.7771,2.618,NO
5684,7.442,4.837,0.004,0.007,4.849,1.538,10.20,24.50,21.50,17.50,2.3389,8.7708,2.619,NO
5685,7.091,4.609,0.004,0.007,4.621,1.538,10.20,23.05,20.05,16.05,2.2694,8.5102,2.667,NO
5686,7.025,4.566,0.004,0.007,4.578,1.538,10.20,21.81,18.81,14.81,2.2564,8.4614,2.676,NO
5687,6.589,4.283,0.004,0.007,4.294,1.538,10.20,20.85,17.85,13.85,1.5190,8.1375,2.744,NO
5688,6.408,4.165,0.004,0.007,4.177,1.538,10.20,20.26,17.26,13.26,1.4939,8.0031,2.775,NO
5689,6.327,4.113,0.004,0.007,4.124,1.538,10.20,19.91,16.91,12.91,1.4827,7.9429,2.790,NO
5690,6.418,4.172,0.004,0.007,4.183,1.538,10.20,20.12,17.12,13.12,1.4953,8.0106,2.774,NO
5691,6.327,4.113,0.004,0.007,4.124,1.538,10.20,20.72,17.72,13.72,1.4827,7.9429,2.790,NO
5692,6.982,4.538,0.004,0.007,4.550,1.538,10.20,21.67,18.67,14.67,1.5735,8.4293,2.683,NO
5693,6.736,4.378,0.004,0.007,4.390,1.538,10.20,22.91,19.91,15.91,1.5394,8.2467,2.721,NO
5694,7.311,4.752,0.004,0.007,4.763,1.538,10.20,24.36,21.36,17.36,1.6191,8.6735,2.636,NO
5695,7.688,4.997,0.004,0.007,5.009,1.538,10.20,25.91,22.91,18.91,2.3876,8.9534,2.588,NO
5696,8.114,5.274,0.004,0.007,5.286,1.538,10.20,27.47,24.47,20.47,2.4720,9.2701,2.539,NO
5697,8.398,5.459,0.004,0.007,5.470,1.538,10.20,28.91,25.91,21.91,2.5281,9.4805,2.509,NO
5698,8.611,5.597,0.004,0.007,5.609,1.538,10.20,30.16,27.16,23.16,2.5704,9.6391,2.487,NO
5699,8.975,5.834,0.004,0.007,5.845,1.538,10.20,31.11,28.11,24.11,2.6425,9.9093,2.453,NO
5700,9.243,6.008,0.004,0.007,6.019,1.538,10.20,31.71,28.71,24.71,2.6954,10.1077,2.430,NO
5701,8.797,5.718,0.004,0.007,5.729,1.538,10.20,31.91,28.91,24.91,2.6072,9.7769,2.470,NO
5702,9.191,5.974,0.004,0.007,5.985,1.538,10.20,31.71,28.71,24.71,2.6851,10.0693,2.435,NO
5703,8.857,5.757,0.004,0.007,5.768,1.538,10.20,31.11,28.11,24.11,2.6190,9.8214,2.464,NO
5704,8.363,5.436,0.004,0.007,5.447,1.538,10.20,30.16,27.16,23.16,2.5212,9.4547,2.512,NO
5705,8.208,5.335,0.004,0.007,5.346,1.538,10.20,28.91,25.91,21.91,2.4905,9.3394,2.529,NO
5706,8.216,5.340,0.004,0.007,5.352,1.538,10.20,27.47,24.47,20.47,2.4921,9.3454,2.528,NO
5707,7.945,5.164,0.004,0.007,5.176,1.538,10.20,25.91,22.91,18.91,2.4385,9.1442,2.558,NO
5708,7.393,4.806,0.004,0.007,4.817,1.538,10.20,24.36,21.36,17.36,2.3292,8.7346,2.625,NO
5709,6.863,4.461,0.004,0.007,4.472,1.538,10.20,22.91,19.91,15.91,2.2243,8.3410,2.701,NO
5710,7.020,4.563,0.004,0.007,4.574,1.538,10.20,21.67,18.67,14.67,2.2554,8.4576,2.677,NO
5711,6.613,4.299,0.004,0.007,4.310,1.538,10.20,20.72,17.72,13.72,1.5224,8.1555,2.740,NO
5712,6.484,4.214,0.004,0.007,4.226,1.538,10.20,20.12,17.12,13.12,1.5044,8.0591,2.762,NO
5713,7.773,5.052,0.004,0.007,5.064,1.538,10.20,19.77,16.77,12.77,1.6831,9.0164,2.578,NO
5714,7.964,5.176,0.004,0.007,5.188,1.538,10.20,19.98,16.98,12.98,1.7095,9.1580,2.556,NO
5715,7.527,4.892,0.004,0.007,4.904,1.538,10.20,20.58,17.58,13.58,1.6490,8.8337,2.608,NO
5716,7.771,5.051,0.004,0.007,5.063,1.538,10.20,21.53,18.53,14.53,1.6828,9.0152,2.578,NO
5717,8.656,5.627,0.004,0.007,5.638,1.538,10.20,22.77,19.77,15.77,1.8055,9.6725,2.483,NO
5718,8.354,5.430,0.004,0.007,5.441,1.538,10.20,24.22,21.22,17.22,1.7636,9.4479,2.513,NO
5719,9.047,5.881,0.004,0.007,5.892,1.538,10.20,25.77,22.77,18.77,2.6567,9.9627,2.447,NO
5720,9.312,6.053,0.004,0.007,6.064,1.538,10.20,27.33,24.33,20.33,2.7092,10.1596,2.424,NO
5721,9.938,6.459,0.004,0.007,6.471,1.538,10.20,28.77,25.77,21.77,2.8330,10.6237,2.376,NO
5722,9.854,6.405,0.004,0.007,6.416,1.538,10.20,30.02,27.02,23.02,2.8164,10.5617,2.382,NO
5723,10.181,6.618,0.004,0.008,6.630,1.538,10.20,30.97,27.97,23.97,2.8813,10.8050,2.358,NO
5724,10.500,6.825,0.005,0.009,6.838,1.538,10.21,31.57,28.57,24.57,2.9445,11.0420,2.337,NO
5725,10.285,6.685,0.004,0.008,6.697,1.538,10.21,31.77,28.77,24.77,4.3527,10.8819,2.351,NO
5726,10.285,6.685,0.004,0.008,6.698,1.538,10.21,31.57,28.57,24.57,4.3529,10.8822,2.351,NO
5727,9.929,6.454,0.004,0.007,6.465,1.538,10.20,30.97,27.97,23.97,4.2469,10.6172,2.376,NO
5728,9.665,6.282,0.004,0.007,6.293,1.538,10.20,30.02,27.02,23.02,4.1685,10.4212,2.396,NO
5729,9.464,6.152,0.004,0.007,6.163,1.538,10.20,28.77,25.77,21.77,4.1089,10.2723,2.412,NO
5730,9.462,6.151,0.004,0.007,6.162,1.538,10.20,27.33,24.33,20.33,4.1084,10.2709,2.412,NO
5731,8.901,5.785,0.004,0.007,5.797,1.538,10.20,25.77,22.77,18.77,2.6277,9.8538,2.460,NO
5732,8.585,5.580,0.004,0.007,5.592,1.538,10.20,24.22,21.22,17.22,2.5653,9.6197,2.490,NO
5733,8.497,5.523,0.004,0.007,5.534,1.538,10.20,22.77,19.77,15.77,2.5478,9.5542,2.499,NO
5734,7.818,5.081,0.004,0.007,5.093,1.538,10.20,21.53,18.53,14.53,2.4133,9.0497,2.572,NO
5735,8.111,5.272,0.004,0.007,5.284,1.538,10.20,20.58,17.58,13.58,1.7300,9.2677,2.539,NO
5736,7.675,4.989,0.004,0.007,5.000,1.538,10.20,19.98,16.98,12.98,1.6695,8.9435,2.590,NO
5737,7.799,5.069,0.004,0.007,5.080,1.538,10.20,19.63,16.63,12.63,1.6866,9.0355,2.575,NO
5738,7.594,4.936,0.004,0.007,4.948,1.538,10.20,19.84,16.84,12.84,1.6583,8.8839,2.600,NO
5739,7.554,4.910,0.004,0.007,4.921,1.538,10.20,20.44,17.44,13.44,1.6527,8.8537,2.605,NO
5740,7.923,5.150,0.004,0.007,5.161,1.538,10.20,21.39,18.39,14.39,1.7039,9.1279,2.560,NO
5741,8.549,5.557,0.004,0.007,5.568,1.538,10.20,22.63,19.63,15.63,1.7907,9.5929,2.494,NO
5742,8.500,5.525,0.004,0.007,5.536,1.538,10.20,24.08,21.08,17.08,1.7838,9.5560,2.498,NO
5743,9.060,5.889,0.004,0.007,5.900,1.538,10.20,25.63,22.63,18.63,2.6592,9.9719,2.446,NO
5744,9.357,6.082,0.004,0.007,6.093,1.538,10.20,27.18,24.18,20.18,2.7181,10.1927,2.421,NO
5745,9.636,6.264,0.004,0.007,6.275,1.538,10.20,28.63,25.63,21.63,2.7734,10.4001,2.398,NO
5746,10.175,6.614,0.004,0.008,6.626,1.538,10.20,29.87,26.87,22.87,2.8801,10.8003,2.359,NO
5747,10.224,6.645,0.004,0.008,6.657,1.538,10.20,30.83,27.83,23.83,2.8897,10.8364,2.355,NO
5748,10.499,6.824,0.005,0.009,6.837,1.538,10.21,31.43,28.43,24.43,2.9443,11.0411,2.337,NO
5749,10.092,6.560,0.004,0.008,6.571,1.538,10.20,31.63,28.63,24.63,4.2953,10.7384,2.365,NO
5750,10.435,6.783,0.004,0.008,6.796,1.538,10.21,31.43,28.43,24.43,4.3975,10.9938,2.341,NO
5751,10.096,6.562,0.004,0.008,6.574,1.538,10.20,30.83,27.83,23.83,4.2966,10.7415,2.364,NO
5752,10.123,6.580,0.004,0.008,6.591,1.538,10.20,29.87,26.87,22.87,4.3045,10.7613,2.362,NO
5753,9.766,6.348,0.004,0.007,6.359,1.538,10.20,28.63,25.63,21.63,4.1986,10.4965,2.388,NO
5754,9.105,5.918,0.004,0.007,5.929,1.538,10.20,27.18,24.18,20.18,4.0021,10.0053,2.442,NO
5755,8.875,5.769,0.004,0.007,5.780,1.538,10.20,25.63,22.63,18.63,2.6226,9.8347,2.463,NO
5756,8.792,5.715,0.004,0.007,5.726,1.538,10.20,24.08,21.08,17.08,2.6063,9.7735,2.470,NO
5757,8.281,5.383,0.004,0.007,5.394,1.538,10.20,22.63,19.63,15.63,2.5050,9.3937,2.521,NO
5758,7.845,5.100,0.004,0.007,5.111,1.538,10.20,21.39,18.39,14.39,2.4188,9.0704,2.569,NO
5759,7.952,5.169,0.004,0.007,5.180,1.538,10.20,20.44,17.44,13.44,1.7078,9.1492,2.557,NO
5760,7.474,4.858,0.004,0.007,4.869,1.538,10.20,19.84,16.84,12.84,1.6416,8.7944,2.615,NO
5761,7.464,4.851,0.004,0.007,4.863,1.538,10.20,19.49,16.49,12.49,1.6402,8.7870,2.616,NO
5762,7.525,4.891,0.004,0.007,4.903,1.538,10.20,19.69,16.69,12.69,1.6487,8.8326,2.608,NO
5763,7.513,4.883,0.004,0.007,4.895,1.538,10.20,20.29,17.29,13.29,1.6471,8.8235,2.610,NO
5764,8.300,5.395,0.004,0.007,5.406,1.538,10.20,21.25,18.25,14.25,1.7561,9.4079,2.519,NO
5765,8.175,5.314,0.004,0.007,5.325,1.538,10.20,22.49,19.49,15.49,1.7388,9.3152,2.532,NO
5766,8.890,5.779,0.004,0.007,5.790,1.538,10.20,23.94,20.94,16.94,1.8379,9.8460,2.461,NO
5767,9.243,6.008,0.004,0.007,6.020,1.538,10.20,25.49,22.49,18.49,2.6956,10.1083,2.430,NO
5768,9.039,5.875,0.004,0.007,5.886,1.538,10.20,27.04,24.04,20.04,2.6550,9.9563,2.448,NO
5769,9.959,6.473,0.004,0.007,6.485,1.538,10.20,28.49,25.49,21.49,2.8373,10.6398,2.374,NO
5770,9.603,6.242,0.004,0.007,6.254,1.538,10.20,29.73,26.73,22.73,2.7669,10.3757,2.401,NO
5771,10.410,6.767,0.004,0.008,6.780,1.538,10.21,30.68,27.68,23.68,2.9268,10.9755,2.343,NO
5772,10.303,6.697,0.004,0.008,6.709,1.538,10.21,31.28,28.28,24.28,2.9054,10.8954,2.350,NO
5773,10.025,6.516,0.004,0.007,6.528,1.538,10.20,31.49,28.49,24.49,4.2756,10.6889,2.369,NO
5774,10.049,6.532,0.004,0.008,6.543,1.538,10.20,31.28,28.28,24.28,4.2825,10.7062,2.368,NO
5775,10.003,6.502,0.004,0.007,6.513,1.538,10.20,30.68,27.68,23.68,4.2688,10.6720,2.371,NO
5776,10.203,6.632,0.004,0.008,6.644,1.538,10.20,29.73,26.73,22.73,4.3284,10.8211,2.357,NO
5777,9.974,6.483,0.004,0.007,6.494,1.538,10.20,28.49,25.49,21.49,4.2603,10.6508,2.373,NO
5778,9.352,6.079,0.004,0.007,6.090,1.538,10.20,27.04,24.04,20.04,4.0756,10.1891,2.421,NO
5779,8.900,5.785,0.004,0.007,5.796,1.538,10.20,25.49,22.49,18.49,2.6276,9.8536,2.460,NO
5780,8.718,5.667,0.004,0.007,5.678,1.538,10.20,23.94,20.94,16.94,2.5916,9.7185,2.477,NO
5781,8.482,5.514,0.004,0.007,5.525,1.538,10.20,22.49,19.49,15.49,2.5449,9.5433,2.500,NO
5782,7.717,5.016,0.004,0.007,5.027,1.538,10.20,21.25,18.25,14.25,2.3933,8.9748,2.585,NO
5783,7.987,5.191,0.004,0.007,5.203,1.538,10.20,20.29,17.29,13.29,1.7127,9.1752,2.553,NO
5784,7.386,4.801,0.004,0.007,4.812,1.538,10.20,19.69,16.69,12.69,1.6295,8.7295,2.626,NO
5785,7.739,5.030,0.004,0.007,5.042,1.538,10.20,19.34,16.34,12.34,1.6784,8.9913,2.582,NO
5786,7.804,5.073,0.004,0.007,5.084,1.538,10.20,19.55,16.55,12.55,1.6874,9.0396,2.574,NO
5787,8.062,5.240,0.004,0.007,5.252,1.538,10.20,20.15,17.15,13.15,1.7231,9.2310,2.544,NO
5788,7.794,5.066,0.004,0.007,5.078,1.538,10.20,21.10,18.10,14.10,1.6860,9.0324,2.575,NO
5789,8.285,5.385,0.004,0.007,5.396,1.538,10.20,22.34,19.34,15.34,1.7540,9.3965,2.520,NO
5790,8.916,5.796,0.004,0.007,5.807,1.538,10.20,23.79,20.79,16.79,1.8415,9.8654,2.459,NO
5791,8.912,5.793,0.004,0.007,5.804,1.538,10.20,25.34,22.34,18.34,2.6299,9.8620,2.459,NO
5792,9.617,6.251,0.004,0.007,6.262,1.538,10.20,26.90,23.90,19.90,2.7695,10.3858,2.400,NO
5793,9.543,6.203,0.004,0.007,6.214,1.538,10.20,28.34,25.34,21.34,2.7549,10.3310,2.406,NO
5794,9.778,6.356,0.004,0.007,6.367,1.538,10.20,29.59,26.59,22.59,2.8014,10.5053,2.388,NO
5795,10.051,6.533,0.004,0.008,6.545,1.538,10.20,30.54,27.54,23.54,2.8555,10.7081,2.367,NO
5796,10.587,6.882,0.005,0.009,6.895,1.538,10.21,31.14,28.14,24.14,2.9619,11.1070,2.331,NO
5797,10.533,6.846,0.005,0.009,6.859,1.538,10.21,31.34,28.34,24.34,4.4266,11.0664,2.335,NO
5798,10.562,6.865,0.005,0.009,6.879,1.538,10.21,31.14,28.14,24.14,4.4354,11.0885,2.333,NO
5799,9.881,6.423,0.004,0.007,6.434,1.538,10.20,30.54,27.54,23.54,4.2328,10.5820,2.380,NO
5800,9.849,6.402,0.004,0.007,6.413,1.538,10.20,29.59,26.59,22.59,4.2233,10.5582,2.382,NO
5801,9.621,6.254,0.004,0.007,6.265,1.538,10.20,28.34,25.34,21.34,4.1555,10.3887,2.400,NO
5802,9.285,6.035,0.004,0.007,6.046,1.538,10.20,26.90,23.90,19.90,4.0556,10.1390,2.427,NO
5803,9.055,5.886,0.004,0.007,5.897,1.538,10.20,25.34,22.34,18.34,2.6582,9.9683,2.446,NO
5804,8.587,5.582,0.004,0.007,5.593,1.538,10.20,23.79,20.79,16.79,2.5657,9.6213,2.490,NO
5805,8.416,5.470,0.004,0.007,5.482,1.538,10.20,22.34,19.34,15.34,2.5317,9.4940,2.507,NO
5806,7.793,5.065,0.004,0.007,5.077,1.538,10.20,21.10,18.10,14.10,2.4084,9.0314,2.575,NO
5807,7.596,4.938,0.004,0.007,4.949,1.538,10.20,20.15,17.15,13.15,1.6586,8.8853,2.599,NO
5808,7.873,5.118,0.004,0.007,5.129,1.538,10.20,19.55,16.55,12.55,1.6970,9.0911,2.566,NO
5809,7.642,4.967,0.004,0.007,4.978,1.538,10.20,19.20,16.20,12.20,1.6649,8.9191,2.594,NO
5810,7.372,4.792,0.004,0.007,4.803,1.538,10.20,19.40,16.40,12.40,1.6276,8.7190,2.628,NO
5811,7.727,5.022,0.004,0.007,5.034,1.538,10.20,20.00,17.00,13.00,1.6767,8.9822,2.583,NO
5812,7.718,5.017,0.004,0.007,5.028,1.538,10.20,20.95,17.95,13.95,1.6755,8.9757,2.584,NO
5813,8.105,5.268,0.004,0.007,5.280,1.538,10.20,22.20,19.20,15.20,1.7291,9.2632,2.540,NO
5814,8.414,5.469,0.004,0.007,5.481,1.538,10.20,23.64,20.64,16.64,1.7720,9.4928,2.507,NO
5815,8.960,5.824,0.004,0.007,5.835,1.538,10.20,25.20,22.20,18.20,2.6393,9.8975,2.455,NO
5816,9.347,6.076,0.004,0.007,6.087,1.538,10.20,26.75,23.75,19.75,2.7161,10.1854,2.421,NO
5817,9.668,6.284,0.004,0.007,6.295,1.538,10.20,28.20,25.20,21.20,2.7796,10.4235,2.396,NO
5818,10.155,6.601,0.004,0.008,6.613,1.538,10.20,29.44,26.44,22.44,2.8761,10.7853,2.360,NO
5819,10.318,6.706,0.004,0.008,6.719,1.538,10.21,30.39,27.39,23.39,2.9084,10.9065,2.349,NO
5820,10.518,6.837,0.005,0.009,6.850,1.538,10.21,30.99,27.99,23.99,2.9482,11.0558,2.336,NO
5821,10.105,6.568,0.004,0.008,6.580,1.538,10.20,31.20,28.20,24.20,4.2992,10.7479,2.364,NO
5822,10.084,6.555,0.004,0.008,6.566,1.538,10.20,30.99,27.99,23.99,4.2930,10.7325,2.365,NO
5823,9.878,6.420,0.004,0.007,6.432,1.538,10.20,30.39,27.39,23.39,4.2317,10.5791,2.380,NO
5824,10.177,6.615,0.004,0.008,6.627,1.538,10.20,29.44,26.44,22.44,4.3207,10.8018,2.359,NO
5825,9.901,6.435,0.004,0.007,6.447,1.538,10.20,28.20,25.20,21.20,4.2385,10.5964,2.378,NO
5826,9.244,6.009,0.004,0.007,6.020,1.538,10.20,26.75,23.75,19.75,4.0436,10.1089,2.430,NO
5827,8.686,5.646,0.004,0.007,5.657,1.538,10.20,25.20,22.20,18.20,2.5853,9.6948,2.480,NO
5828,8.680,5.642,0.004,0.007,5.654,1.538,10.20,23.64,20.64,16.64,2.5841,9.6903,2.481,NO
5829,8.410,5.466,0.004,0.007,5.478,1.538,10.20,22.20,19.20,15.20,2.5305,9.4893,2.508,NO
5830,7.894,5.131,0.004,0.007,5.142,1.538,10.20,20.95,17.95,13.95,2.4283,9.1062,2.564,NO
5831,7.651,4.973,0.004,0.007,4.984,1.538,10.20,20.00,17.00,13.00,1.6661,8.9258,2.593,NO
5832,7.982,5.188,0.004,0.007,5.200,1.538,10.20,19.40,16.40,12.40,1.7121,9.1718,2.553,NO
5833,6.640,4.316,0.004,0.007,4.328,1.538,10.20,19.05,16.05,12.05,1.5261,8.1756,2.736,NO
5834,6.327,4.113,0.004,0.007,4.124,1.538,10.20,19.25,16.25,12.25,1.4827,7.9429,2.790,NO
5835,6.327,4.113,0.004,0.007,4.124,1.538,10.20,19.85,16.85,12.85,1.4827,7.9429,2.790,NO
5836,7.012,4.558,0.004,0.007,4.569,1.538,10.20,20.81,17.81,13.81,1.5776,8.4513,2.678,NO
5837,7.033,4.571,0.004,0.007,4.583,1.538,10.20,22.05,19.05,15.05,1.5805,8.4670,2.675,NO
5838,7.247,4.711,0.004,0.007,4.722,1.538,10.20,23.50,20.50,16.50,1.6102,8.6263,2.645,NO
5839,7.757,5.042,0.004,0.007,5.053,1.538,10.20,25.05,22.05,18.05,2.4012,9.0047,2.580,NO
5840,8.294,5.391,0.004,0.007,5.402,1.538,10.20,26.60,23.60,19.60,2.5076,9.4035,2.519,NO
5841,8.155,5.301,0.004,0.007,5.312,1.538,10.20,28.05,25.05,21.05,2.4800,9.2999,2.534,NO
5842,8.604,5.593,0.004,0.007,5.604,1.538,10.20,29.29,26.29,22.29,2.5690,9.6338,2.488,NO
5843,9.111,5.922,0.004,0.007,5.934,1.538,10.20,30.25,27.25,23.25,2.6694,10.0103,2.441,NO
5844,9.130,5.934,0.004,0.007,5.946,1.538,10.20,30.85,27.85,23.85,2.6731,10.0240,2.440,NO
5845,9.008,5.855,0.004,0.007,5.866,1.538,10.20,31.05,28.05,24.05,2.6489,9.9333,2.451,NO
5846,9.137,5.939,0.004,0.007,5.951,1.538,10.20,30.85,27.85,23.85,2.6745,10.0295,2.439,NO
5847,8.639,5.616,0.004,0.007,5.627,1.538,10.20,30.25,27.25,23.25,2.5759,9.6598,2.485,NO
5848,8.580,5.577,0.004,0.007,5.589,1.538,10.20,29.29,26.29,22.29,2.5643,9.6160,2.490,NO
5849,8.290,5.388,0.004,0.007,5.400,1.538,10.20,28.05,25.05,21.05,2.5067,9.4001,2.520,NO
5850,7.776,5.054,0.004,0.007,5.066,1.538,10.20,26.60,23.60,19.60,2.4050,9.0188,2.577,NO
5851,7.884,5.125,0.004,0.007,5.136,1.538,10.20,25.05,22.05,18.05,2.4264,9.0990,2.565,NO
5852,7.562,4.915,0.004,0.007,4.927,1.538,10.20,23.50,20.50,16.50,2.3626,8.8598,2.604,NO
5853,7.074,4.598,0.004,0.007,4.610,1.538,10.20,22.05,19.05,15.05,2.2661,8.4978,2.669,NO
5854,6.685,4.345,0.004,0.007,4.356,1.538,10.20,20.81,17.81,13.81,2.1889,8.2086,2.729,NO
5855,6.419,4.172,0.004,0.007,4.183,1.538,10.20,19.85,16.85,12.85,1.4954,8.0110,2.773,NO
5856,6.327,4.113,0.004,0.007,4.124,1.538,10.20,19.25,16.25,12.25,1.4827,7.9429,2.790,NO
5857,6.399,4.160,0.004,0.007,4.171,1.538,10.20,18.90,15.90,11.90,1.4927,7.9966,2.777,NO
5858,6.327,4.113,0.004,0.007,4.124,1.538,10.20,19.10,16.10,12.10,1.4827,7.9429,2.790,NO
5859,6.509,4.231,0.004,0.007,4.242,1.538,10.20,19.70,16.70,12.70,1.5079,8.0779,2.758,NO
5860,6.488,4.217,0.004,0.007,4.229,1.538,10.20,20.66,17.66,13.66,1.5050,8.0627,2.761,NO
5861,6.748,4.386,0.004,0.007,4.397,1.538,10.20,21.90,18.90,14.90,1.5410,8.2554,2.719,NO
5862,7.625,4.956,0.004,0.007,4.968,1.538,10.20,23.35,20.35,16.35,1.6626,8.9068,2.596,NO
5863,7.472,4.857,0.004,0.007,4.868,1.538,10.20,24.90,21.90,17.90,2.3448,8.7931,2.615,NO
5864,7.939,5.160,0.004,0.007,5.172,1.538,10.20,26.45,23.45,19.45,2.4373,9.1397,2.558,NO
5865,8.469,5.505,0.004,0.007,5.516,1.538,10.20,27.90,24.90,20.90,2.5422,9.5332,2.502,NO
5866,8.672,5.636,0.004,0.007,5.648,1.538,10.20,29.14,26.14,22.14,2.5823,9.6837,2.482,NO
5867,8.836,5.744,0.004,0.007,5.755,1.538,10.20,30.10,27.10,23.10,2.6149,9.8061,2.466,NO
5868,9.263,6.021,0.004,0.007,6.032,1.538,10.20,30.70,27.70,23.70,2.6994,10.1228,2.429,NO
5869,8.740,5.681,0.004,0.007,5.692,1.538,10.20,30.90,27.90,23.90,2.5959,9.7346,2.475,NO
5870,9.056,5.887,0.004,0.007,5.898,1.538,10.20,30.70,27.70,23.70,2.6585,9.9694,2.446,NO
5871,9.013,5.858,0.004,0.007,5.870,1.538,10.20,30.10,27.10,23.10,2.6499,9.9372,2.450,NO
5872,8.882,5.774,0.004,0.007,5.785,1.538,10.20,29.14,26.14,22.14,2.6241,9.8402,2.462,NO
5873,8.417,5.471,0.004,0.007,5.482,1.538,10.20,27.90,24.90,20.90,2.5319,9.4944,2.507,NO
5874,7.881,5.122,0.004,0.007,5.134,1.538,10.20,26.45,23.45,19.45,2.4257,9.0964,2.565,NO
5875,7.956,5.172,0.004,0.007,5.183,1.538,10.20,24.90,21.90,17.90,2.4407,9.1526,2.556,NO
5876,7.224,4.696,0.004,0.007,4.707,1.538,10.20,23.35,20.35,16.35,2.2958,8.6091,2.648,NO
5877,7.077,4.600,0.004,0.007,4.612,1.538,10.20,21.90,18.90,14.90,2.2667,8.5000,2.669,NO
5878,6.434,4.182,0.004,0.007,4.193,1.538,10.20,20.66,17.66,13.66,2.1392,8.0221,2.771,NO
5879,6.742,4.382,0.004,0.007,4.394,1.538,10.20,19.70,16.70,12.70,1.5402,8.2509,2.720,NO
5880,6.327,4.113,0.004,0.007,4.124,1.538,10.20,19.10,16.10,12.10,1.4827,7.9429,2.790,NO
5881,7.332,4.766,0.004,0.007,4.777,1.538,10.20,18.75,15.75,11.75,1.6219,8.6889,2.634,NO
5882,7.451,4.843,0.004,0.007,4.854,1.538,10.20,18.95,15.95,11.95,1.6384,8.7772,2.618,NO
5883,8.111,5.272,0.004,0.007,5.284,1.538,10.20,19.55,16.55,12.55,1.7300,9.2677,2.539,NO
5884,7.862,5.110,0.004,0.007,5.121,1.538,10.20,20.51,17.51,13.51,1.6954,9.0824,2.567,NO
5885,8.141,5.291,0.004,0.007,5.303,1.538,10.20,21.75,18.75,14.75,1.7340,9.2895,2.536,NO
5886,8.706,5.659,0.004,0.007,5.670,1.538,10.20,23.20,20.20,16.20,1.8124,9.7092,2.478,NO
5887,8.686,5.646,0.004,0.007,5.657,1.538,10.20,24.75,21.75,17.75,2.5852,9.6944,2.480,NO
5888,9.558,6.213,0.004,0.007,6.224,1.538,10.20,26.30,23.30,19.30,2.7579,10.3421,2.404,NO
5889,9.356,6.081,0.004,0.007,6.093,1.538,10.20,27.75,24.75,20.75,2.7179,10.1920,2.421,NO
5890,9.971,6.481,0.004,0.007,6.493,1.538,10.20,28.99,25.99,21.99,2.8397,10.6487,2.373,NO
5891,9.866,6.413,0.004,0.007,6.424,1.538,10.20,29.95,26.95,22.95,2.8188,10.5705,2.381,NO
5892,10.322,6.710,0.004,0.008,6.722,1.538,10.21,30.55,27.55,23.55,2.9093,10.9100,2.349,NO
5893,10.088,6.557,0.004,0.008,6.569,1.538,10.20,30.75,27.75,23.75,4.2942,10.7354,2.365,NO
5894,10.382,6.748,0.004,0.008,6.761,1.538,10.21,30.55,27.55,23.55,4.3817,10.9541,2.345,NO
5895,9.867,6.413,0.004,0.007,6.425,1.538,10.20,29.95,26.95,22.95,4.2284,10.5710,2.381,NO
5896,9.720,6.318,0.004,0.007,6.329,1.538,10.20,28.99,25.99,21.99,4.1849,10.4623,2.392,NO
5897,9.679,6.291,0.004,0.007,6.303,1.538,10.20,27.75,24.75,20.75,4.1727,10.4317,2.395,NO
5898,9.542,6.203,0.004,0.007,6.214,1.538,10.20,26.30,23.30,19.30,4.1321,10.3303,2.406,NO
5899,8.843,5.748,0.004,0.007,5.759,1.538,10.20,24.75,21.75,17.75,2.6163,9.8111,2.465,NO
5900,8.570,5.570,0.004,0.007,5.582,1.538,10.20,23.20,20.20,16.20,2.5621,9.6080,2.491,NO
5901,8.156,5.301,0.004,0.007,5.313,1.538,10.20,21.75,18.75,14.75,2.4802,9.3009,2.534,NO
5902,8.343,5.423,0.004,0.007,5.435,1.538,10.20,20.51,17.51,13.51,2.5173,9.4400,2.514,NO
5903,8.012,5.208,0.004,0.007,5.219,1.538,10.20,19.55,16.55,12.55,1.7162,9.1939,2.550,NO
5904,7.882,5.123,0.004,0.007,5.135,1.538,10.20,18.95,15.95,11.95,1.6982,9.0974,2.565,NO
5905,7.590,4.934,0.004,0.007,4.945,1.538,10.20,18.60,15.60,11.60,1.6578,8.8809,2.600,NO
5906,7.380,4.797,0.004,0.007,4.808,1.538,10.20,18.80,15.80,11.80,1.6286,8.7247,2.627,NO
5907,7.899,5.135,0.004,0.007,5.146,1.538,10.20,19.40,16.40,12.40,1.7006,9.1105,2.563,NO
5908,8.133,5.286,0.004,0.007,5.298,1.538,10.20,20.35,17.35,13.35,1.7330,9.2837,2.537,NO
5909,8.261,5.370,0.004,0.007,5.381,1.538,10.20,21.60,18.60,14.60,1.7508,9.3791,2.523,NO
5910,8.488,5.517,0.004,0.007,5.529,1.538,10.20,23.04,20.04,16.04,1.7822,9.5475,2.500,NO
5911,9.293,6.040,0.004,0.007,6.052,1.538,10.20,24.60,21.60,17.60,2.7053,10.1450,2.426,NO
5912,9.532,6.196,0.004,0.007,6.207,1.538,10.20,26.15,23.15,19.15,2.7527,10.3226,2.407,NO
5913,9.780,6.357,0.004,0.007,6.368,1.538,10.20,27.60,24.60,20.60,2.8017,10.5064,2.387,NO
5914,9.633,6.261,0.004,0.007,6.273,1.538,10.20,28.84,25.84,21.84,2.7726,10.3973,2.399,NO
5915,9.939,6.460,0.004,0.007,6.472,1.538,10.20,29.79,26.79,22.79,2.8333,10.6247,2.376,NO
5916,10.234,6.652,0.004,0.008,6.664,1.538,10.20,30.39,27.39,23.39,2.8917,10.8439,2.355,NO
5917,10.167,6.609,0.004,0.008,6.621,1.538,10.20,30.60,27.60,23.60,4.3178,10.7944,2.359,NO
5918,10.125,6.581,0.004,0.008,6.593,1.538,10.20,30.39,27.39,23.39,4.3052,10.7630,2.362,NO
5919,9.862,6.410,0.004,0.007,6.421,1.538,10.20,29.79,26.79,22.79,4.2269,10.5674,2.381,NO
5920,9.778,6.356,0.004,0.007,6.367,1.538,10.20,28.84,25.84,21.84,4.2021,10.5053,2.388,NO
5921,9.872,6.416,0.004,0.007,6.428,1.538,10.20,27.60,24.60,20.60,4.2299,10.5747,2.381,NO
5922,9.631,6.260,0.004,0.007,6.271,1.538,10.20,26.15,23.15,19.15,4.1584,10.3960,2.399,NO
5923,8.882,5.773,0.004,0.007,5.785,1.538,10.20,24.60,21.60,17.60,2.6240,9.8401,2.462,NO
5924,8.789,5.713,0.004,0.007,5.724,1.538,10.20,23.04,20.04,16.04,2.6055,9.7706,2.471,NO
5925,8.235,5.353,0.004,0.007,5.364,1.538,10.20,21.60,18.60,14.60,2.4959,9.3597,2.526,NO
5926,7.816,5.080,0.004,0.007,5.092,1.538,10.20,20.35,17.35,13.35,2.4129,9.0483,2.573,NO
5927,7.930,5.155,0.004,0.007,5.166,1.538,10.20,19.40,16.40,12.40,1.7049,9.1333,2.559,NO
5928,7.962,5.175,0.004,0.007,5.186,1.538,10.20,18.80,15.80,11.80,1.7092,9.1566,2.556,NO
5929,7.622,4.954,0.004,0.007,4.965,1.538,10.20,18.44,15.44,11.44,1.6621,8.9043,2.596,NO
5930,7.528,4.893,0.004,0.007,4.905,1.538,10.20,18.65,15.65,11.65,1.6491,8.8347,2.608,NO
5931,7.797,5.068,0.004,0.007,5.079,1.538,10.20,19.25,16.25,12.25,1.6864,9.0340,2.575,NO
5932,8.051,5.233,0.004,0.007,5.245,1.538,10.20,20.20,17.20,13.20,1.7216,9.2230,2.546,NO
5933,7.997,5.198,0.004,0.007,5.209,1.538,10.20,21.44,18.44,14.44,1.7141,9.1827,2.552,NO
5934,8.864,5.761,0.004,0.007,5.773,1.538,10.20,22.89,19.89,15.89,1.8343,9.8264,2.464,NO
5935,9.191,5.974,0.004,0.007,5.985,1.538,10.20,24.44,21.44,17.44,2.6852,10.0694,2.435,NO
5936,9.217,5.991,0.004,0.007,6.002,1.538,10.20,26.00,23.00,19.00,2.6903,10.0886,2.432,NO
5937,9.476,6.159,0.004,0.007,6.171,1.538,10.20,27.44,24.44,20.44,2.7415,10.2808,2.411,NO
5938,10.245,6.660,0.004,0.008,6.672,1.538,10.20,28.69,25.69,21.69,2.8941,10.8527,2.354,NO
5939,9.910,6.441,0.004,0.007,6.453,1.538,10.20,29.64,26.64,22.64,2.8275,10.6030,2.378,NO
5940,10.505,6.828,0.005,0.009,6.842,1.538,10.21,30.24,27.24,23.24,2.9456,11.0461,2.337,NO
5941,10.321,6.709,0.004,0.008,6.721,1.538,10.21,30.44,27.44,23.44,4.3636,10.9089,2.349,NO
5942,10.247,6.660,0.004,0.008,6.673,1.538,10.20,30.24,27.24,23.24,4.3415,10.8537,2.354,NO
5943,9.857,6.407,0.004,0.007,6.419,1.538,10.20,29.64,26.64,22.64,4.2257,10.5642,2.382,NO
5944,10.043,6.528,0.004,0.008,6.539,1.538,10.20,28.69,25.69,21.69,4.2809,10.7021,2.368,NO
5945,9.641,6.266,0.004,0.007,6.278,1.538,10.20,27.44,24.44,20.44,4.1613,10.4032,2.398,NO
5946,9.115,5.925,0.004,0.007,5.936,1.538,10.20,26.00,23.00,19.00,4.0051,10.0128,2.441,NO
5947,9.181,5.968,0.004,0.007,5.979,1.538,10.20,24.44,21.44,17.44,2.6832,10.0620,2.435,NO
5948,8.365,5.437,0.004,0.007,5.448,1.538,10.20,22.89,19.89,15.89,2.5216,9.4559,2.512,NO
5949,8.368,5.439,0.004,0.007,5.450,1.538,10.20,21.44,18.44,14.44,2.5222,9.4581,2.512,NO
5950,7.823,5.085,0.004,0.007,5.097,1.538,10.20,20.20,17.20,13.20,2.4144,9.0540,2.572,NO
5951,7.901,5.136,0.004,0.007,5.147,1.538,10.20,19.25,16.25,12.25,1.7008,9.1117,2.563,NO
5952,7.462,4.850,0.004,0.007,4.862,1.538,10.20,18.65,15.65,11.65,1.6400,8.7856,2.616,NO
5953,7.599,4.939,0.004,0.007,4.950,1.538,10.20,18.29,15.29,11.29,1.6589,8.8870,2.599,NO
5954,7.990,5.193,0.004,0.007,5.205,1.538,10.20,18.49,15.49,11.49,1.7132,9.1776,2.553,NO
5955,7.937,5.159,0.004,0.007,5.170,1.538,10.20,19.09,16.09,12.09,1.7058,9.1384,2.559,NO
5956,8.245,5.359,0.004,0.007,5.371,1.538,10.20,20.05,17.05,13.05,1.7485,9.3670,2.525,NO
5957,8.047,5.231,0.004,0.007,5.242,1.538,10.20,21.29,18.29,14.29,1.7211,9.2203,2.546,NO
5958,8.539,5.550,0.004,0.007,5.562,1.538,10.20,22.74,19.74,15.74,1.7893,9.5853,2.495,NO
5959,9.117,5.926,0.004,0.007,5.937,1.538,10.20,24.29,21.29,17.29,2.6705,10.0143,2.441,NO
5960,9.234,6.002,0.004,0.007,6.013,1.538,10.20,25.84,22.84,18.84,2.6937,10.1013,2.431,NO
5961,9.592,6.235,0.004,0.007,6.246,1.538,10.20,27.29,24.29,20.29,2.7646,10.3672,2.402,NO
5962,9.943,6.463,0.004,0.007,6.474,1.538,10.20,28.53,25.53,21.53,2.8341,10.6278,2.375,NO
5963,10.459,6.799,0.004,0.008,6.811,1.538,10.21,29.49,26.49,22.49,2.9365,11.0118,2.340,NO
5964,10.489,6.818,0.005,0.009,6.831,1.538,10.21,30.08,27.08,23.08,2.9424,11.0340,2.338,NO
5965,10.279,6.681,0.004,0.008,6.694,1.538,10.21,30.29,27.29,23.29,4.3511,10.8777,2.352,NO
5966,10.576,6.874,0.005,0.009,6.888,1.538,10.21,30.08,27.08,23.08,4.4395,11.0987,2.332,NO
5967,10.128,6.583,0.004,0.008,6.595,1.538,10.20,29.49,26.49,22.49,4.3060,10.7650,2.362,NO
5968,10.075,6.549,0.004,0.008,6.560,1.538,10.20,28.53,25.53,21.53,4.2903,10.7257,2.366,NO
5969,9.737,6.329,0.004,0.007,6.340,1.538,10.20,27.29,24.29,20.29,4.1898,10.4745,2.391,NO
5970,9.055,5.886,0.004,0.007,5.897,1.538,10.20,25.84,22.84,18.84,3.9874,9.9685,2.446,NO
5971,9.038,5.874,0.004,0.007,5.886,1.538,10.20,24.29,21.29,17.29,2.6548,9.9555,2.448,NO
5972,8.961,5.825,0.004,0.007,5.836,1.538,10.20,22.74,19.74,15.74,2.6396,9.8985,2.455,NO
5973,8.061,5.239,0.004,0.007,5.251,1.538,10.20,21.29,18.29,14.29,2.4613,9.2300,2.545,NO
5974,8.127,5.282,0.004,0.007,5.294,1.538,10.20,20.05,17.05,13.05,2.4745,9.2792,2.537,NO
5975,8.076,5.249,0.004,0.007,5.261,1.538,10.20,19.09,16.09,12.09,1.7251,9.2415,2.543,NO
5976,7.905,5.138,0.004,0.007,5.150,1.538,10.20,18.49,15.49,11.49,1.7014,9.1148,2.562,NO
5977,7.851,5.103,0.004,0.007,5.114,1.538,10.20,18.13,15.13,11.13,1.6939,9.0744,2.569,NO
5978,7.957,5.172,0.004,0.007,5.183,1.538,10.20,18.34,15.34,11.34,1.7086,9.1533,2.556,NO
5979,7.818,5.082,0.004,0.007,5.093,1.538,10.20,18.94,15.94,11.94,1.6893,9.0499,2.572,NO
5980,8.081,5.253,0.004,0.007,5.264,1.538,10.20,19.89,16.89,12.89,1.7258,9.2452,2.542,NO
5981,8.238,5.355,0.004,0.007,5.366,1.538,10.20,21.13,18.13,14.13,1.7475,9.3617,2.525,NO
5982,8.663,5.631,0.004,0.007,5.643,1.538,10.20,22.58,19.58,15.58,1.8065,9.6777,2.482,NO
5983,8.792,5.715,0.004,0.007,5.726,1.538,10.20,24.13,21.13,17.13,2.6061,9.7729,2.470,NO
5984,9.472,6.157,0.004,0.007,6.168,1.538,10.20,25.69,22.69,18.69,2.7409,10.2783,2.411,NO
5985,9.375,6.094,0.004,0.007,6.105,1.538,10.20,27.13,24.13,20.13,2.7217,10.2064,2.419,NO
5986,9.699,6.305,0.004,0.007,6.316,1.538,10.20,28.38,25.38,21.38,2.7858,10.4468,2.393,NO
5987,9.847,6.401,0.004,0.007,6.412,1.538,10.20,29.33,26.33,22.33,2.8151,10.5567,2.382,NO
5988,10.379,6.747,0.004,0.008,6.759,1.538,10.21,29.93,26.93,22.93,2.9206,10.9523,2.345,NO
5989,10.108,6.570,0.004,0.008,6.582,1.538,10.20,30.13,27.13,23.13,4.3003,10.7506,2.363,NO
5990,10.169,6.610,0.004,0.008,6.622,1.538,10.20,29.93,26.93,22.93,4.3183,10.7958,2.359,NO
5991,10.057,6.537,0.004,0.008,6.548,1.538,10.20,29.33,26.33,22.33,4.2849,10.7122,2.367,NO
5992,10.094,6.561,0.004,0.008,6.573,1.538,10.20,28.38,25.38,21.38,4.2959,10.7398,2.364,NO
5993,9.524,6.190,0.004,0.007,6.202,1.538,10.20,27.13,24.13,20.13,4.1265,10.3163,2.407,NO
5994,9.643,6.268,0.004,0.007,6.279,1.538,10.20,25.69,22.69,18.69,4.1619,10.4047,2.398,NO
5995,8.981,5.838,0.004,0.007,5.849,1.538,10.20,24.13,21.13,17.13,2.6437,9.9137,2.453,NO
5996,8.916,5.796,0.004,0.007,5.807,1.538,10.20,22.58,19.58,15.58,2.6308,9.8654,2.459,NO
5997,8.354,5.430,0.004,0.007,5.441,1.538,10.20,21.13,18.13,14.13,2.5194,9.4477,2.513,NO
5998,8.159,5.303,0.004,0.007,5.315,1.538,10.20,19.89,16.89,12.89,2.4809,9.3033,2.534,NO
5999,7.545,4.904,0.004,0.007,4.916,1.538,10.20,18.94,15.94,11.94,1.6515,8.8473,2.606,NO
6000,7.410,4.816,0.004,0.007,4.828,1.538,10.20,18.34,15.34,11.34,1.6327,8.7467,2.623,NO
6001,6.605,3.302,0.003,0.005,3.310,2.000,10.20,17.98,14.98,10.98,1.4377,7.7017,2.591,NO
6002,6.535,4.248,0.004,0.007,4.259,1.538,10.20,18.18,15.18,11.18,1.5114,8.0970,2.754,NO
6003,6.497,4.223,0.004,0.007,4.234,1.538,10.20,18.78,15.78,11.78,1.5062,8.0689,2.760,NO
6004,6.485,4.215,0.004,0.007,4.227,1.538,10.20,19.73,16.73,12.73,1.5046,8.0604,2.762,NO
6005,6.716,4.365,0.004,0.007,4.377,1.538,10.20,20.98,17.98,13.98,1.5366,8.2317,2.724,NO
6006,7.550,4.908,0.004,0.007,4.919,1.538,10.20,22.42,19.42,15.42,1.6522,8.8513,2.605,NO
6007,7.721,5.018,0.004,0.007,5.030,1.538,10.20,23.98,20.98,16.98,2.3941,8.9777,2.584,NO
6008,8.299,5.394,0.004,0.007,5.406,1.538,10.20,25.53,22.53,18.53,2.5086,9.4071,2.519,NO
6009,8.369,5.440,0.004,0.007,5.451,1.538,10.20,26.98,23.98,19.98,2.5223,9.4588,2.512,NO
6010,8.480,5.512,0.004,0.007,5.523,1.538,10.20,28.22,25.22,21.22,2.5444,9.5417,2.500,NO
6011,8.958,5.823,0.004,0.007,5.834,1.538,10.20,29.17,26.17,22.17,2.6391,9.8968,2.455,NO
6012,8.711,5.662,0.004,0.007,5.674,1.538,10.20,29.77,26.77,22.77,2.5902,9.7132,2.478,NO
6013,9.014,5.859,0.004,0.007,5.871,1.538,10.20,29.98,26.98,22.98,2.6502,9.9382,2.450,NO
6014,8.650,5.623,0.004,0.007,5.634,1.538,10.20,29.77,26.77,22.77,2.5781,9.6680,2.484,NO
6015,8.824,5.735,0.004,0.007,5.747,1.538,10.20,29.17,26.17,22.17,2.6124,9.7966,2.467,NO
6016,8.890,5.778,0.004,0.007,5.790,1.538,10.20,28.22,25.22,21.22,2.6256,9.8459,2.461,NO
6017,8.044,5.229,0.004,0.007,5.240,1.538,10.20,26.98,23.98,19.98,2.4582,9.2181,2.546,NO
6018,8.060,5.239,0.004,0.007,5.251,1.538,10.20,25.53,22.53,18.53,2.4613,9.2299,2.545,NO
6019,7.540,4.901,0.004,0.007,4.912,1.538,10.20,23.98,20.98,16.98,2.3582,8.8433,2.606,NO
6020,7.250,4.712,0.004,0.007,4.724,1.538,10.20,22.42,19.42,15.42,2.3008,8.6281,2.645,NO
6021,6.882,4.473,0.004,0.007,4.485,1.538,10.20,20.98,17.98,13.98,2.2280,8.3550,2.698,NO
6022,6.961,4.525,0.004,0.007,4.536,1.538,10.20,19.73,16.73,12.73,2.2437,8.4139,2.686,NO
6023,6.684,4.345,0.004,0.007,4.356,1.538,10.20,18.78,15.78,11.78,1.5322,8.2083,2.729,NO
6024,6.327,4.113,0.004,0.007,4.124,1.538,10.20,18.18,15.18,11.18,1.4827,7.9429,2.790,NO
6025,6.327,4.113,0.004,0.007,4.124,1.538,10.20,17.82,14.82,10.82,1.4827,7.9429,2.790,NO
6026,6.327,4.113,0.004,0.007,4.124,1.538,10.20,18.02,15.02,11.02,1.4827,7.9429,2.790,NO
6027,6.428,4.178,0.004,0.007,4.190,1.538,10.20,18.62,15.62,11.62,1.4967,8.0180,2.772,NO
6028,6.799,4.419,0.004,0.007,4.431,1.538,10.20,19.57,16.57,12.57,1.5481,8.2935,2.711,NO
6029,7.079,4.602,0.004,0.007,4.613,1.538,10.20,20.82,17.82,13.82,1.5870,8.5016,2.669,NO
6030,6.997,4.548,0.004,0.007,4.559,1.538,10.20,22.26,19.26,15.26,1.5755,8.4401,2.681,NO
6031,7.483,4.864,0.004,0.007,4.875,1.538,10.20,23.82,20.82,16.82,2.3469,8.8011,2.614,NO
6032,7.958,5.173,0.004,0.007,5.184,1.538,10.20,25.37,22.37,18.37,2.4410,9.1538,2.556,NO
6033,8.419,5.473,0.004,0.007,5.484,1.538,10.20,26.82,23.82,19.82,2.5324,9.4964,2.507,NO
6034,8.343,5.423,0.004,0.007,5.434,1.538,10.20,28.06,25.06,21.06,2.5172,9.4394,2.514,NO
6035,8.747,5.685,0.004,0.007,5.697,1.538,10.20,29.01,26.01,22.01,2.5972,9.7395,2.474,NO
6036,8.908,5.790,0.004,0.007,5.801,1.538,10.20,29.61,26.61,22.61,2.6291,9.8592,2.460,NO
6037,8.870,5.765,0.004,0.007,5.777,1.538,10.20,29.82,26.82,22.82,2.6215,9.8308,2.463,NO
6038,9.227,5.997,0.004,0.007,6.009,1.538,10.20,29.61,26.61,22.61,2.6922,10.0959,2.432,NO
6039,9.081,5.902,0.004,0.007,5.914,1.538,10.20,29.01,26.01,22.01,2.6633,9.9875,2.444,NO
6040,8.358,5.433,0.004,0.007,5.444,1.538,10.20,28.06,25.06,21.06,2.5202,9.4509,2.513,NO
6041,8.439,5.485,0.004,0.007,5.497,1.538,10.20,26.82,23.82,19.82,2.5363,9.5111,2.505,NO
6042,7.772,5.052,0.004,0.007,5.063,1.538,10.20,25.37,22.37,18.37,2.4042,9.0156,2.578,NO
6043,7.973,5.183,0.004,0.007,5.194,1.538,10.20,23.82,20.82,16.82,2.4440,9.1651,2.554,NO
6044,7.246,4.710,0.004,0.007,4.721,1.538,10.20,22.26,19.26,15.26,2.3000,8.6252,2.645,NO
6045,7.282,4.733,0.004,0.007,4.745,1.538,10.20,20.82,17.82,13.82,2.3072,8.6519,2.640,NO
6046,7.019,4.562,0.004,0.007,4.573,1.538,10.20,19.57,16.57,12.57,2.2550,8.4564,2.677,NO
6047,6.327,4.113,0.004,0.007,4.124,1.538,10.20,18.62,15.62,11.62,1.4827,7.9429,2.790,NO
6048,6.421,4.173,0.004,0.007,4.185,1.538,10.20,18.02,15.02,11.02,1.4956,8.0123,2.773,NO
6049,7.391,4.804,0.004,0.007,4.815,1.538,10.20,17.66,14.66,10.66,1.6301,8.7326,2.626,NO
6050,7.986,5.191,0.004,0.007,5.202,1.538,10.20,17.86,14.86,10.86,1.7126,9.1744,2.553,NO
6051,7.704,5.008,0.004,0.007,5.019,1.538,10.20,18.46,15.46,11.46,1.6736,8.9656,2.586,NO
6052,7.921,5.149,0.004,0.007,5.160,1.538,10.20,19.41,16.41,12.41,1.7036,9.1265,2.560,NO
6053,8.339,5.421,0.004,0.007,5.432,1.538,10.20,20.66,17.66,13.66,1.7616,9.4370,2.515,NO
6054,8.916,5.795,0.004,0.007,5.807,1.538,10.20,22.10,19.10,15.10,1.8415,9.8652,2.459,NO
6055,9.196,5.977,0.004,0.007,5.989,1.538,10.20,23.66,20.66,16.66,2.6861,10.0730,2.434,NO
6056,9.326,6.062,0.004,0.007,6.073,1.538,10.20,25.21,22.21,18.21,2.7120,10.1699,2.423,NO
6057,9.975,6.483,0.004,0.007,6.495,1.538,10.20,26.66,23.66,19.66,2.8403,10.6512,2.373,NO
6058,9.773,6.353,0.004,0.007,6.364,1.538,10.20,27.90,24.90,20.90,2.8005,10.5019,2.388,NO
6059,9.994,6.496,0.004,0.007,6.508,1.538,10.20,28.85,25.85,21.85,2.8442,10.6658,2.372,NO
6060,10.307,6.700,0.004,0.008,6.712,1.538,10.21,29.45,26.45,22.45,2.9063,10.8987,2.350,NO
6061,10.529,6.844,0.005,0.009,6.857,1.538,10.21,29.66,26.66,22.66,4.4254,11.0635,2.335,NO
6062,10.582,6.878,0.005,0.009,6.891,1.538,10.21,29.45,26.45,22.45,4.4411,11.1029,2.332,NO
6063,9.814,6.379,0.004,0.007,6.390,1.538,10.20,28.85,25.85,21.85,4.2128,10.5321,2.385,NO
6064,9.661,6.280,0.004,0.007,6.291,1.538,10.20,27.90,24.90,20.90,4.1674,10.4185,2.396,NO
6065,9.366,6.088,0.004,0.007,6.099,1.538,10.20,26.66,23.66,19.66,4.0797,10.1994,2.420,NO
6066,9.377,6.095,0.004,0.007,6.106,1.538,10.20,25.21,22.21,18.21,4.0829,10.2073,2.419,NO
6067,8.761,5.695,0.004,0.007,5.706,1.538,10.20,23.66,20.66,16.66,2.6000,9.7500,2.473,NO
6068,8.872,5.767,0.004,0.007,5.778,1.538,10.20,22.10,19.10,15.10,2.6219,9.8322,2.463,NO
6069,8.192,5.325,0.004,0.007,5.336,1.538,10.20,20.66,17.66,13.66,2.4873,9.3274,2.530,NO
6070,8.376,5.444,0.004,0.007,5.455,1.538,10.20,19.41,16.41,12.41,2.5237,9.4640,2.511,NO
6071,8.017,5.211,0.004,0.007,5.222,1.538,10.20,18.46,15.46,11.46,1.7169,9.1978,2.549,NO
6072,7.710,5.012,0.004,0.007,5.023,1.538,10.20,17.86,14.86,10.86,1.6744,8.9701,2.585,NO
6073,7.675,4.989,0.004,0.007,5.000,1.538,10.20,17.50,14.50,10.50,1.6695,8.9437,2.590,NO
6074,7.785,5.060,0.004,0.007,5.072,1.538,10.20,17.70,14.70,10.70,1.6848,9.0255,2.576,NO
6075,7.612,4.948,0.004,0.007,4.959,1.538,10.20,18.30,15.30,11.30,1.6608,8.8973,2.597,NO
6076,8.113,5.273,0.004,0.007,5.285,1.538,10.20,19.25,16.25,12.25,1.7302,9.2688,2.539,NO
6077,8.072,5.247,0.004,0.007,5.258,1.538,10.20,20.50,17.50,13.50,1.7246,9.2388,2.543,NO
6078,8.478,5.511,0.004,0.007,5.522,1.538,10.20,21.94,18.94,14.94,1.7808,9.5402,2.501,NO
6079,8.661,5.629,0.004,0.007,5.641,1.538,10.20,23.50,20.50,16.50,2.5801,9.6756,2.483,NO
6080,9.337,6.069,0.004,0.007,6.081,1.538,10.20,25.05,22.05,18.05,2.7142,10.1782,2.422,NO
6081,9.952,6.469,0.004,0.007,6.480,1.538,10.20,26.50,23.50,19.50,2.8358,10.6343,2.375,NO
6082,9.709,6.311,0.004,0.007,6.322,1.538,10.20,27.74,24.74,20.74,2.7877,10.4538,2.393,NO
6083,10.147,6.596,0.004,0.008,6.608,1.538,10.20,28.69,25.69,21.69,2.8746,10.7797,2.361,NO
6084,10.544,6.854,0.005,0.009,6.867,1.538,10.21,29.29,26.29,22.29,2.9533,11.0749,2.334,NO
6085,10.473,6.807,0.004,0.009,6.820,1.538,10.21,29.50,26.50,22.50,4.4088,11.0220,2.339,NO
6086,10.326,6.712,0.004,0.008,6.724,1.538,10.21,29.29,26.29,22.29,4.3649,10.9123,2.349,NO
6087,10.040,6.526,0.004,0.007,6.537,1.538,10.20,28.69,25.69,21.69,4.2798,10.6996,2.368,NO
6088,10.171,6.611,0.004,0.008,6.623,1.538,10.20,27.74,24.74,20.74,4.3189,10.7972,2.359,NO
6089,9.867,6.414,0.004,0.007,6.425,1.538,10.20,26.50,23.50,19.50,4.2285,10.5713,2.381,NO
6090,9.286,6.036,0.004,0.007,6.047,1.538,10.20,25.05,22.05,18.05,4.0561,10.1402,2.427,NO
6091,9.066,5.893,0.004,0.007,5.904,1.538,10.20,23.50,20.50,16.50,2.6604,9.9763,2.445,NO
6092,8.745,5.684,0.004,0.007,5.696,1.538,10.20,21.94,18.94,14.94,2.5969,9.7383,2.475,NO
6093,8.528,5.543,0.004,0.007,5.554,1.538,10.20,20.50,17.50,13.50,2.5538,9.5769,2.496,NO
6094,8.211,5.337,0.004,0.007,5.349,1.538,10.20,19.25,16.25,12.25,2.4912,9.3421,2.528,NO
6095,8.092,5.260,0.004,0.007,5.271,1.538,10.20,18.30,15.30,11.30,1.7273,9.2536,2.541,NO
6096,8.002,5.201,0.004,0.007,5.213,1.538,10.20,17.70,14.70,10.70,1.7148,9.1867,2.551,NO
6097,7.339,4.771,0.004,0.007,4.782,1.538,10.20,17.33,14.33,10.33,1.6230,8.6945,2.633,NO
6098,7.661,4.979,0.004,0.007,4.991,1.538,10.20,17.54,14.54,10.54,1.6675,8.9331,2.591,NO
6099,7.930,5.154,0.004,0.007,5.166,1.538,10.20,18.14,15.14,11.14,1.7048,9.1331,2.559,NO
6100,8.054,5.235,0.004,0.007,5.246,1.538,10.20,19.09,16.09,12.09,1.7221,9.2253,2.545,NO
6101,8.656,5.626,0.004,0.007,5.638,1.538,10.20,20.33,17.33,13.33,1.8054,9.6720,2.483,NO
6102,8.756,5.691,0.004,0.007,5.703,1.538,10.20,21.78,18.78,14.78,1.8193,9.7462,2.474,NO
6103,9.171,5.961,0.004,0.007,5.973,1.538,10.20,23.33,20.33,16.33,2.6812,10.0546,2.436,NO
6104,9.213,5.988,0.004,0.007,6.000,1.538,10.20,24.89,21.89,17.89,2.6895,10.0857,2.433,NO
6105,9.977,6.485,0.004,0.007,6.497,1.538,10.20,26.33,23.33,19.33,2.8409,10.6533,2.373,NO
6106,10.163,6.606,0.004,0.008,6.618,1.538,10.20,27.58,24.58,20.58,2.8777,10.7914,2.360,NO
6107,10.140,6.591,0.004,0.008,6.603,1.538,10.20,28.53,25.53,21.53,2.8731,10.7740,2.361,NO
6108,10.368,6.739,0.004,0.008,6.752,1.538,10.21,29.13,26.13,22.13,2.9185,10.9442,2.346,NO
6109,10.155,6.601,0.004,0.008,6.613,1.538,10.20,29.33,26.33,22.33,4.3142,10.7854,2.360,NO
6110,10.205,6.633,0.004,0.008,6.645,1.538,10.20,29.13,26.13,22.13,4.3290,10.8226,2.357,NO
6111,9.855,6.406,0.004,0.007,6.417,1.538,10.20,28.53,25.53,21.53,4.2251,10.5627,2.382,NO
6112,9.824,6.386,0.004,0.007,6.397,1.538,10.20,27.58,24.58,20.58,4.2158,10.5395,2.384,NO
6113,9.657,6.277,0.004,0.007,6.288,1.538,10.20,26.33,23.33,19.33,4.1662,10.4156,2.397,NO
6114,9.327,6.063,0.004,0.007,6.074,1.538,10.20,24.89,21.89,17.89,4.0683,10.1707,2.423,NO
6115,9.288,6.037,0.004,0.007,6.048,1.538,10.20,23.33,20.33,16.33,2.7043,10.1411,2.426,NO
6116,8.555,5.561,0.004,0.007,5.572,1.538,10.20,21.78,18.78,14.78,2.5592,9.5971,2.493,NO
6117,8.604,5.593,0.004,0.007,5.604,1.538,10.20,20.33,17.33,13.33,2.5690,9.6337,2.488,NO
6118,7.899,5.134,0.004,0.007,5.146,1.538,10.20,19.09,16.09,12.09,2.4294,9.1102,2.563,NO
6119,7.865,5.112,0.004,0.007,5.124,1.538,10.20,18.14,15.14,11.14,1.6959,9.0850,2.567,NO
6120,7.551,4.908,0.004,0.007,4.919,1.538,10.20,17.54,14.54,10.54,1.6523,8.8515,2.605,NO
6121,7.644,4.968,0.004,0.007,4.980,1.538,10.20,17.17,14.17,10.17,1.6652,8.9205,2.593,NO
6122,8.020,5.213,0.004,0.007,5.224,1.538,10.20,17.38,14.38,10.38,1.7173,9.1997,2.549,NO
6123,7.905,5.138,0.004,0.007,5.150,1.538,10.20,17.98,14.98,10.98,1.7014,9.1146,2.562,NO
6124,7.888,5.127,0.004,0.007,5.139,1.538,10.20,18.93,15.93,11.93,1.6991,9.1023,2.564,NO
6125,8.651,5.623,0.004,0.007,5.634,1.538,10.20,20.17,17.17,13.17,1.8047,9.6682,2.484,NO
6126,8.787,5.712,0.004,0.007,5.723,1.538,10.20,21.62,18.62,14.62,1.8237,9.7696,2.471,NO
6127,8.877,5.770,0.004,0.007,5.781,1.538,10.20,23.17,20.17,16.17,2.6230,9.8364,2.462,NO
6128,9.185,5.970,0.004,0.007,5.982,1.538,10.20,24.72,21.72,17.72,2.6840,10.0650,2.435,NO
6129,9.984,6.490,0.004,0.007,6.501,1.538,10.20,26.17,23.17,19.17,2.8422,10.6583,2.372,NO
6130,9.616,6.250,0.004,0.007,6.261,1.538,10.20,27.41,24.41,20.41,2.7692,10.3846,2.400,NO
6131,10.318,6.706,0.004,0.008,6.719,1.538,10.21,28.37,25.37,21.37,2.9084,10.9064,2.349,NO
6132,10.146,6.595,0.004,0.008,6.607,1.538,10.20,28.97,25.97,21.97,2.8743,10.7786,2.361,NO
6133,10.621,6.904,0.005,0.009,6.917,1.538,10.21,29.17,26.17,22.17,4.4529,11.1322,2.329,NO
6134,10.112,6.573,0.004,0.008,6.584,1.538,10.20,28.97,25.97,21.97,4.3013,10.7531,2.363,NO
6135,10.191,6.624,0.004,0.008,6.636,1.538,10.20,28.37,25.37,21.37,4.3248,10.8120,2.358,NO
6136,9.738,6.329,0.004,0.007,6.341,1.538,10.20,27.41,24.41,20.41,4.1901,10.4753,2.391,NO
6137,9.639,6.265,0.004,0.007,6.276,1.538,10.20,26.17,23.17,19.17,4.1607,10.4017,2.398,NO
6138,9.247,6.011,0.004,0.007,6.022,1.538,10.20,24.72,21.72,17.72,4.0445,10.1113,2.430,NO
6139,8.962,5.826,0.004,0.007,5.837,1.538,10.20,23.17,20.17,16.17,2.6399,9.8997,2.455,NO
6140,8.360,5.434,0.004,0.007,5.445,1.538,10.20,21.62,18.62,14.62,2.5207,9.4526,2.513,NO
6141,8.146,5.295,0.004,0.007,5.306,1.538,10.20,20.17,17.17,13.17,2.4783,9.2935,2.535,NO
6142,7.766,5.048,0.004,0.007,5.059,1.538,10.20,18.93,15.93,11.93,2.4030,9.0113,2.579,NO
6143,7.824,5.086,0.004,0.007,5.097,1.538,10.20,17.98,14.98,10.98,1.6902,9.0547,2.572,NO
6144,7.544,4.904,0.004,0.007,4.915,1.538,10.20,17.38,14.38,10.38,1.6514,8.8469,2.606,NO
6145,7.941,5.162,0.004,0.007,5.173,1.538,10.20,17.01,14.01,10.01,1.7064,9.1416,2.558,NO
6146,7.611,4.947,0.004,0.007,4.959,1.538,10.20,17.21,14.21,10.21,1.6607,8.8965,2.597,NO
6147,7.654,4.975,0.004,0.007,4.986,1.538,10.20,17.81,14.81,10.81,1.6666,8.9281,2.592,NO
6148,7.819,5.082,0.004,0.007,5.093,1.538,10.20,18.77,15.77,11.77,1.6894,9.0504,2.572,NO
6149,8.189,5.323,0.004,0.007,5.334,1.538,10.20,20.01,17.01,13.01,1.7408,9.3257,2.531,NO
6150,8.378,5.446,0.004,0.007,5.457,1.538,10.20,21.46,18.46,14.46,1.7670,9.4661,2.511,NO
6151,8.992,5.845,0.004,0.007,5.856,1.538,10.20,23.01,20.01,16.01,2.6458,9.9217,2.452,NO
6152,9.508,6.180,0.004,0.007,6.191,1.538,10.20,24.56,21.56,17.56,2.7479,10.3047,2.408,NO
6153,9.611,6.247,0.004,0.007,6.259,1.538,10.20,26.01,23.01,19.01,2.7684,10.3814,2.400,NO
6154,10.060,6.539,0.004,0.008,6.550,1.538,10.20,27.25,24.25,20.25,2.8572,10.7146,2.367,NO
6155,10.041,6.527,0.004,0.008,6.538,1.538,10.20,28.20,25.20,21.20,2.8535,10.7008,2.368,NO
6156,10.099,6.565,0.004,0.008,6.576,1.538,10.20,28.80,25.80,21.80,2.8651,10.7439,2.364,NO
6157,10.440,6.786,0.004,0.008,6.799,1.538,10.21,29.01,26.01,22.01,4.3989,10.9971,2.341,NO
6158,10.070,6.546,0.004,0.008,6.557,1.538,10.20,28.80,25.80,21.80,4.2889,10.7224,2.366,NO
6159,10.093,6.561,0.004,0.008,6.572,1.538,10.20,28.20,25.20,21.20,4.2958,10.7394,2.365,NO
6160,10.059,6.538,0.004,0.008,6.550,1.538,10.20,27.25,24.25,20.25,4.2855,10.7137,2.367,NO
6161,9.602,6.242,0.004,0.007,6.253,1.538,10.20,26.01,23.01,19.01,4.1500,10.3749,2.401,NO
6162,9.541,6.202,0.004,0.007,6.213,1.538,10.20,24.56,21.56,17.56,4.1317,10.3292,2.406,NO
6163,9.089,5.908,0.004,0.007,5.919,1.538,10.20,23.01,20.01,16.01,2.6650,9.9936,2.443,NO
6164,8.650,5.622,0.004,0.007,5.634,1.538,10.20,21.46,18.46,14.46,2.5780,9.6676,2.484,NO
6165,8.403,5.462,0.004,0.007,5.474,1.538,10.20,20.01,17.01,13.01,2.5292,9.4847,2.508,NO
6166,7.898,5.133,0.004,0.007,5.145,1.538,10.20,18.77,15.77,11.77,2.4291,9.1091,2.563,NO
6167,7.945,5.164,0.004,0.007,5.176,1.538,10.20,17.81,14.81,10.81,1.7070,9.1444,2.558,NO
6168,7.883,5.124,0.004,0.007,5.135,1.538,10.20,17.21,14.21,10.21,1.6984,9.0984,2.565,NO
6169,6.327,4.113,0.004,0.007,4.124,1.538,10.20,16.84,13.84,9.84,1.4827,7.9429,2.790,NO
6170,6.672,4.337,0.004,0.007,4.348,1.538,10.20,17.05,14.05,10.05,1.5304,8.1988,2.731,NO
6171,6.327,4.113,0.004,0.007,4.124,1.538,10.20,17.65,14.65,10.65,1.4827,7.9429,2.790,NO
6172,6.664,4.332,0.004,0.007,4.343,1.538,10.20,18.60,15.60,11.60,1.5294,8.1930,2.732,NO
6173,6.770,4.400,0.004,0.007,4.412,1.538,10.20,19.84,16.84,12.84,1.5440,8.2716,2.715,NO
6174,7.191,4.674,0.004,0.007,4.686,1.538,10.20,21.29,18.29,14.29,1.6025,8.5846,2.653,NO
6175,7.390,4.804,0.004,0.007,4.815,1.538,10.20,22.84,19.84,15.84,2.3286,8.7322,2.626,NO
6176,7.754,5.040,0.004,0.007,5.052,1.538,10.20,24.40,21.40,17.40,2.4007,9.0027,2.580,NO
6177,8.048,5.231,0.004,0.007,5.243,1.538,10.20,25.84,22.84,18.84,2.4589,9.2210,2.546,NO
6178,8.864,5.761,0.004,0.007,5.773,1.538,10.20,27.09,24.09,20.09,2.6204,9.8264,2.464,NO
6179,9.056,5.886,0.004,0.007,5.898,1.538,10.20,28.04,25.04,21.04,2.6584,9.9692,2.446,NO
6180,9.200,5.980,0.004,0.007,5.991,1.538,10.20,28.64,25.64,21.64,2.6869,10.0759,2.434,NO
6181,9.154,5.950,0.004,0.007,5.962,1.538,10.20,28.84,25.84,21.84,2.6779,10.0421,2.438,NO
6182,8.909,5.791,0.004,0.007,5.802,1.538,10.20,28.64,25.64,21.64,2.6293,9.8599,2.459,NO
6183,8.556,5.562,0.004,0.007,5.573,1.538,10.20,28.04,25.04,21.04,2.5595,9.5982,2.493,NO
6184,8.871,5.766,0.004,0.007,5.777,1.538,10.20,27.09,24.09,20.09,2.6217,9.8315,2.463,NO
6185,8.251,5.363,0.004,0.007,5.375,1.538,10.20,25.84,22.84,18.84,2.4991,9.3715,2.524,NO
6186,8.223,5.345,0.004,0.007,5.356,1.538,10.20,24.40,21.40,17.40,2.4934,9.3503,2.527,NO
6187,7.488,4.867,0.004,0.007,4.878,1.538,10.20,22.84,19.84,15.84,2.3479,8.8046,2.613,NO
6188,7.245,4.709,0.004,0.007,4.721,1.538,10.20,21.29,18.29,14.29,2.2999,8.6248,2.645,NO
6189,7.095,4.612,0.004,0.007,4.623,1.538,10.20,19.84,16.84,12.84,2.2703,8.5135,2.666,NO
6190,6.857,4.457,0.004,0.007,4.468,1.538,10.20,18.60,15.60,11.60,2.2230,8.3364,2.702,NO
6191,6.703,4.357,0.004,0.007,4.368,1.538,10.20,17.65,14.65,10.65,1.5347,8.2218,2.726,NO
6192,6.327,4.113,0.004,0.007,4.124,1.538,10.20,17.05,14.05,10.05,1.4827,7.9429,2.790,NO
6193,6.327,4.113,0.004,0.007,4.124,1.538,10.20,16.68,13.68,9.68,1.4827,7.9429,2.790,NO
6194,6.664,4.331,0.004,0.007,4.343,1.538,10.20,16.88,13.88,9.88,1.5294,8.1930,2.732,NO
6195,6.327,4.113,0.004,0.007,4.124,1.538,10.20,17.48,14.48,10.48,1.4827,7.9429,2.790,NO
6196,6.939,4.510,0.004,0.007,4.521,1.538,10.20,18.44,15.44,11.44,1.5674,8.3970,2.689,NO
6197,6.661,4.330,0.004,0.007,4.341,1.538,10.20,19.68,16.68,12.68,1.5290,8.1909,2.733,NO
6198,7.139,4.640,0.004,0.007,4.652,1.538,10.20,21.13,18.13,14.13,1.5952,8.5457,2.660,NO
6199,7.571,4.921,0.004,0.007,4.932,1.538,10.20,22.68,19.68,15.68,2.3644,8.8665,2.602,NO
6200,7.872,5.117,0.004,0.007,5.128,1.538,10.20,24.23,21.23,17.23,2.4240,9.0900,2.566,NO
6201,8.452,5.494,0.004,0.007,5.505,1.538,10.20,25.68,22.68,18.68,2.5389,9.5208,2.503,NO
6202,8.684,5.644,0.004,0.007,5.656,1.538,10.20,26.92,23.92,19.92,2.5847,9.6926,2.480,NO
6203,8.894,5.781,0.004,0.007,5.792,1.538,10.20,27.87,24.87,20.87,2.6263,9.8487,2.461,NO
6204,9.106,5.919,0.004,0.007,5.930,1.538,10.20,28.47,25.47,21.47,2.6684,10.0063,2.442,NO
6205,9.314,6.054,0.004,0.007,6.065,1.538,10.20,28.68,25.68,21.68,2.7095,10.1607,2.424,NO
6206,9.132,5.936,0.004,0.007,5.947,1.538,10.20,28.47,25.47,21.47,2.6735,10.0258,2.440,NO
6207,8.728,5.674,0.004,0.007,5.685,1.538,10.20,27.87,24.87,20.87,2.5936,9.7260,2.476,NO
6208,8.801,5.720,0.004,0.007,5.732,1.538,10.20,26.92,23.92,19.92,2.6079,9.7795,2.469,NO
6209,8.168,5.309,0.004,0.007,5.321,1.538,10.20,25.68,22.68,18.68,2.4827,9.3100,2.533,NO
6210,7.978,5.186,0.004,0.007,5.197,1.538,10.20,24.23,21.23,17.23,2.4451,9.1690,2.554,NO
6211,7.928,5.153,0.004,0.007,5.165,1.538,10.20,22.68,19.68,15.68,2.4352,9.1319,2.560,NO
6212,7.268,4.724,0.004,0.007,4.736,1.538,10.20,21.13,18.13,14.13,2.3045,8.6419,2.642,NO
6213,7.045,4.579,0.004,0.007,4.590,1.538,10.20,19.68,16.68,12.68,2.2602,8.4757,2.674,NO
6214,7.004,4.552,0.004,0.007,4.564,1.538,10.20,18.44,15.44,11.44,2.2521,8.4453,2.680,NO
6215,6.327,4.113,0.004,0.007,4.124,1.538,10.20,17.48,14.48,10.48,1.4827,7.9429,2.790,NO
6216,6.532,4.246,0.004,0.007,4.257,1.538,10.20,16.88,13.88,9.88,1.5111,8.0951,2.754,NO
6217,7.367,4.789,0.004,0.007,4.800,1.538,10.20,16.51,13.51,9.51,1.6269,8.7154,2.629,NO
6218,7.555,4.910,0.004,0.007,4.922,1.538,10.20,16.72,13.72,9.72,1.6528,8.8543,2.605,NO
6219,7.932,5.156,0.004,0.007,5.167,1.538,10.20,17.32,14.32,10.32,1.7051,9.1343,2.559,NO
6220,7.876,5.119,0.004,0.007,5.130,1.538,10.20,18.27,15.27,11.27,1.6973,9.0927,2.566,NO
6221,8.649,5.622,0.004,0.007,5.633,1.538,10.20,19.51,16.51,12.51,1.8045,9.6669,2.484,NO
6222,8.627,5.607,0.004,0.007,5.619,1.538,10.20,20.96,17.96,13.96,1.8014,9.6504,2.486,NO
6223,9.200,5.980,0.004,0.007,5.991,1.538,10.20,22.51,19.51,15.51,2.6870,10.0761,2.434,NO
6224,9.348,6.076,0.004,0.007,6.087,1.538,10.20,24.06,21.06,17.06,2.7162,10.1857,2.421,NO
6225,9.916,6.445,0.004,0.007,6.457,1.538,10.20,25.51,22.51,18.51,2.8287,10.6076,2.377,NO
6226,10.245,6.659,0.004,0.008,6.671,1.538,10.20,26.75,23.75,19.75,2.8940,10.8525,2.354,NO
6227,10.066,6.543,0.004,0.008,6.554,1.538,10.20,27.71,24.71,20.71,2.8584,10.7192,2.366,NO
6228,10.399,6.759,0.004,0.008,6.772,1.538,10.21,28.31,25.31,21.31,2.9245,10.9670,2.344,NO
6229,10.305,6.698,0.004,0.008,6.711,1.538,10.21,28.51,25.51,21.51,4.3588,10.8970,2.350,NO
6230,10.378,6.746,0.004,0.008,6.758,1.538,10.21,28.31,25.31,21.31,4.3805,10.9513,2.345,NO
6231,9.861,6.410,0.004,0.007,6.421,1.538,10.20,27.71,24.71,20.71,4.2269,10.5671,2.381,NO
6232,10.171,6.611,0.004,0.008,6.623,1.538,10.20,26.75,23.75,19.75,4.3188,10.7971,2.359,NO
6233,9.886,6.426,0.004,0.007,6.437,1.538,10.20,25.51,22.51,18.51,4.2341,10.5853,2.379,NO
6234,9.663,6.281,0.004,0.007,6.292,1.538,10.20,24.06,21.06,17.06,4.1678,10.4195,2.396,NO
6235,9.318,6.057,0.004,0.007,6.068,1.538,10.20,22.51,19.51,15.51,2.7103,10.1637,2.424,NO
6236,8.604,5.593,0.004,0.007,5.604,1.538,10.20,20.96,17.96,13.96,2.5690,9.6337,2.488,NO
6237,8.249,5.362,0.004,0.007,5.373,1.538,10.20,19.51,16.51,12.51,2.4987,9.3702,2.524,NO
6238,7.961,5.175,0.004,0.007,5.186,1.538,10.20,18.27,15.27,11.27,2.4417,9.1563,2.556,NO
6239,7.965,5.177,0.004,0.007,5.188,1.538,10.20,17.32,14.32,10.32,1.7096,9.1588,2.555,NO
6240,7.875,5.119,0.004,0.007,5.130,1.538,10.20,16.72,13.72,9.72,1.6973,9.0926,2.566,NO
6241,7.397,4.808,0.004,0.007,4.819,1.538,10.20,16.34,13.34,9.34,1.6309,8.7370,2.625,NO
6242,7.738,5.030,0.004,0.007,5.041,1.538,10.20,16.55,13.55,9.55,1.6782,8.9904,2.582,NO
6243,7.987,5.192,0.004,0.007,5.203,1.538,10.20,17.15,14.15,10.15,1.7128,9.1757,2.553,NO
6244,7.943,5.163,0.004,0.007,5.174,1.538,10.20,18.10,15.10,11.10,1.7066,9.1425,2.558,NO
6245,8.329,5.414,0.004,0.007,5.425,1.538,10.20,19.34,16.34,12.34,1.7602,9.4295,2.516,NO
6246,8.660,5.629,0.004,0.007,5.640,1.538,10.20,20.79,17.79,13.79,1.8060,9.6752,2.483,NO
6247,9.202,5.981,0.004,0.007,5.993,1.538,10.20,22.34,19.34,15.34,2.6874,10.0777,2.434,NO
6248,9.603,6.242,0.004,0.007,6.253,1.538,10.20,23.90,20.90,16.90,2.7668,10.3754,2.401,NO
6249,9.438,6.135,0.004,0.007,6.146,1.538,10.20,25.34,22.34,18.34,2.7341,10.2529,2.414,NO
6250,10.251,6.663,0.004,0.008,6.675,1.538,10.21,26.59,23.59,19.59,2.8952,10.8569,2.354,NO
6251,10.301,6.695,0.004,0.008,6.708,1.538,10.21,27.54,24.54,20.54,2.9050,10.8938,2.350,NO
6252,10.508,6.831,0.005,0.009,6.844,1.538,10.21,28.14,25.14,21.14,2.9463,11.0485,2.336,NO
6253,10.018,6.512,0.004,0.007,6.523,1.538,10.20,28.34,25.34,21.34,4.2735,10.6837,2.370,NO
6254,9.965,6.477,0.004,0.007,6.488,1.538,10.20,28.14,25.14,21.14,4.2576,10.6439,2.374,NO
6255,9.815,6.380,0.004,0.007,6.391,1.538,10.20,27.54,24.54,20.54,4.2131,10.5327,2.385,NO
6256,9.660,6.279,0.004,0.007,6.291,1.538,10.20,26.59,23.59,19.59,4.1672,10.4179,2.396,NO
6257,9.334,6.067,0.004,0.007,6.078,1.538,10.20,25.34,22.34,18.34,4.0702,10.1755,2.423,NO
6258,9.569,6.220,0.004,0.007,6.231,1.538,10.20,23.90,20.90,16.90,4.1400,10.3501,2.404,NO
6259,8.671,5.636,0.004,0.007,5.647,1.538,10.20,22.34,19.34,15.34,2.5822,9.6832,2.482,NO
6260,8.738,5.680,0.004,0.007,5.691,1.538,10.20,20.79,17.79,13.79,2.5955,9.7330,2.475,NO
6261,8.585,5.580,0.004,0.007,5.591,1.538,10.20,19.34,16.34,12.34,2.5651,9.6193,2.490,NO
6262,7.908,5.141,0.004,0.007,5.152,1.538,10.20,18.10,15.10,11.10,2.4312,9.1171,2.562,NO
6263,7.991,5.194,0.004,0.007,5.205,1.538,10.20,17.15,14.15,10.15,1.7133,9.1784,2.552,NO
6264,7.713,5.013,0.004,0.007,5.025,1.538,10.20,16.55,13.55,9.55,1.6748,8.9720,2.585,NO
6265,7.925,5.151,0.004,0.007,5.162,1.538,10.20,16.18,13.18,9.18,1.7041,9.1291,2.560,NO
6266,7.880,5.122,0.004,0.007,5.133,1.538,10.20,16.38,13.38,9.38,1.6979,9.0957,2.565,NO
6267,7.591,4.934,0.004,0.007,4.946,1.538,10.20,16.98,13.98,9.98,1.6579,8.8817,2.600,NO
6268,7.931,5.155,0.004,0.007,5.167,1.538,10.20,17.93,14.93,10.93,1.7050,9.1340,2.559,NO
6269,8.649,5.622,0.004,0.007,5.633,1.538,10.20,19.18,16.18,12.18,1.8046,9.6673,2.484,NO
6270,8.338,5.420,0.004,0.007,5.431,1.538,10.20,20.62,17.62,13.62,1.7615,9.4364,2.515,NO
6271,9.256,6.016,0.004,0.007,6.028,1.538,10.20,22.18,19.18,15.18,2.6981,10.1177,2.429,NO
6272,9.617,6.251,0.004,0.007,6.263,1.538,10.20,23.73,20.73,16.73,2.7696,10.3860,2.400,NO
6273,9.860,6.409,0.004,0.007,6.420,1.538,10.20,25.18,22.18,18.18,2.8177,10.5663,2.381,NO
6274,10.184,6.619,0.004,0.008,6.631,1.538,10.20,26.42,23.42,19.42,2.8818,10.8068,2.358,NO
6275,9.909,6.441,0.004,0.007,6.452,1.538,10.20,27.37,24.37,20.37,2.8273,10.6024,2.378,NO
6276,10.228,6.648,0.004,0.008,6.660,1.538,10.20,27.97,24.97,20.97,2.8905,10.8395,2.355,NO
6277,10.571,6.871,0.005,0.009,6.885,1.538,10.21,28.18,25.18,21.18,4.4380,11.0951,2.332,NO
6278,10.563,6.866,0.005,0.009,6.879,1.538,10.21,27.97,24.97,20.97,4.4355,11.0887,2.333,NO
6279,10.469,6.805,0.004,0.009,6.818,1.538,10.21,27.37,24.37,20.37,4.4076,11.0189,2.339,NO
6280,9.629,6.259,0.004,0.007,6.270,1.538,10.20,26.42,23.42,19.42,4.1579,10.3947,2.399,NO
6281,9.794,6.366,0.004,0.007,6.378,1.538,10.20,25.18,22.18,18.18,4.2070,10.5174,2.386,NO
6282,9.413,6.119,0.004,0.007,6.130,1.538,10.20,23.73,20.73,16.73,4.0938,10.2345,2.416,NO
6283,9.132,5.936,0.004,0.007,5.947,1.538,10.20,22.18,19.18,15.18,2.6734,10.0253,2.440,NO
6284,8.374,5.443,0.004,0.007,5.454,1.538,10.20,20.62,17.62,13.62,2.5234,9.4626,2.511,NO
6285,8.519,5.537,0.004,0.007,5.549,1.538,10.20,19.18,16.18,12.18,2.5522,9.5706,2.496,NO
6286,7.894,5.131,0.004,0.007,5.142,1.538,10.20,17.93,14.93,10.93,2.4284,9.1064,2.564,NO
6287,8.000,5.200,0.004,0.007,5.211,1.538,10.20,16.98,13.98,9.98,1.7145,9.1850,2.551,NO
6288,7.877,5.120,0.004,0.007,5.132,1.538,10.20,16.38,13.38,9.38,1.6976,9.0940,2.565,NO
6289,7.429,4.829,0.004,0.007,4.840,1.538,10.20,16.01,13.01,9.01,1.6353,8.7608,2.621,NO
6290,7.476,4.860,0.004,0.007,4.871,1.538,10.20,16.21,13.21,9.21,1.6420,8.7962,2.615,NO
6291,7.621,4.954,0.004,0.007,4.965,1.538,10.20,16.81,13.81,9.81,1.6620,8.9036,2.596,NO
6292,7.861,5.110,0.004,0.007,5.121,1.538,10.20,17.77,14.77,10.77,1.6953,9.0820,2.567,NO
6293,8.623,5.605,0.004,0.007,5.616,1.538,10.20,19.01,16.01,12.01,1.8008,9.6473,2.486,NO
6294,8.786,5.711,0.004,0.007,5.722,1.538,10.20,20.46,17.46,13.46,1.8234,9.7685,2.471,NO
6295,9.049,5.882,0.004,0.007,5.893,1.538,10.20,22.01,19.01,15.01,2.6570,9.9638,2.447,NO
6296,9.610,6.247,0.004,0.007,6.258,1.538,10.20,23.56,20.56,16.56,2.7682,10.3808,2.400,NO
6297,9.927,6.453,0.004,0.007,6.464,1.538,10.20,25.01,22.01,18.01,2.8309,10.6159,2.376,NO
6298,9.978,6.486,0.004,0.007,6.497,1.538,10.20,26.25,23.25,19.25,2.8411,10.6539,2.373,NO
6299,9.886,6.426,0.004,0.007,6.437,1.538,10.20,27.21,24.21,20.21,2.8228,10.5853,2.379,NO
6300,10.570,6.870,0.005,0.009,6.884,1.538,10.21,27.80,24.80,20.80,2.9584,11.0941,2.332,NO
6301,10.485,6.815,0.004,0.009,6.828,1.538,10.21,28.01,25.01,21.01,4.4124,11.0310,2.338,NO
6302,10.536,6.848,0.005,0.009,6.862,1.538,10.21,27.80,24.80,20.80,4.4276,11.0689,2.335,NO
6303,9.895,6.431,0.004,0.007,6.443,1.538,10.20,27.21,24.21,20.21,4.2367,10.5918,2.379,NO
6304,10.114,6.574,0.004,0.008,6.585,1.538,10.20,26.25,23.25,19.25,4.3018,10.7545,2.363,NO
6305,9.697,6.303,0.004,0.007,6.315,1.538,10.20,25.01,22.01,18.01,4.1782,10.4454,2.394,NO
6306,9.500,6.175,0.004,0.007,6.186,1.538,10.20,23.56,20.56,16.56,4.1196,10.2990,2.409,NO
6307,9.163,5.956,0.004,0.007,5.967,1.538,10.20,22.01,19.01,15.01,2.6796,10.0485,2.437,NO
6308,8.751,5.688,0.004,0.007,5.699,1.538,10.20,20.46,17.46,13.46,2.5980,9.7424,2.474,NO
6309,8.074,5.248,0.004,0.007,5.260,1.538,10.20,19.01,16.01,12.01,2.4641,9.2404,2.543,NO
6310,7.881,5.123,0.004,0.007,5.134,1.538,10.20,17.77,14.77,10.77,2.4259,9.0970,2.565,NO
6311,7.811,5.077,0.004,0.007,5.088,1.538,10.20,16.81,13.81,9.81,1.6883,9.0446,2.573,NO
6312,7.700,5.005,0.004,0.007,5.016,1.538,10.20,16.21,13.21,9.21,1.6729,8.9622,2.587,NO
6313,7.614,4.949,0.004,0.007,4.961,1.538,10.20,15.84,12.84,8.84,1.6611,8.8987,2.597,NO
6314,7.722,5.019,0.004,0.007,5.031,1.538,10.20,16.04,13.04,9.04,1.6760,8.9788,2.584,NO
6315,7.608,4.945,0.004,0.007,4.957,1.538,10.20,16.64,13.64,9.64,1.6602,8.8941,2.598,NO
6316,7.762,5.046,0.004,0.007,5.057,1.538,10.20,17.60,14.60,10.60,1.6816,9.0087,2.579,NO
6317,8.220,5.343,0.004,0.007,5.354,1.538,10.20,18.84,15.84,11.84,1.7451,9.3486,2.527,NO
6318,8.701,5.656,0.004,0.007,5.667,1.538,10.20,20.29,17.29,13.29,1.8117,9.7055,2.479,NO
6319,8.777,5.705,0.004,0.007,5.716,1.538,10.20,21.84,18.84,14.84,2.6032,9.7622,2.472,NO
6320,9.093,5.910,0.004,0.007,5.922,1.538,10.20,23.39,20.39,16.39,2.6657,9.9965,2.443,NO
6321,9.408,6.115,0.004,0.007,6.126,1.538,10.20,24.84,21.84,17.84,2.7281,10.2302,2.417,NO
6322,9.985,6.490,0.004,0.007,6.502,1.538,10.20,26.08,23.08,19.08,2.8424,10.6591,2.372,NO
6323,9.831,6.390,0.004,0.007,6.402,1.538,10.20,27.04,24.04,20.04,2.8120,10.5450,2.383,NO
6324,10.529,6.844,0.005,0.009,6.857,1.538,10.21,27.64,24.64,20.64,2.9503,11.0635,2.335,NO
6325,10.506,6.829,0.005,0.009,6.842,1.538,10.21,27.84,24.84,20.84,4.4188,11.0469,2.337,NO
6326,9.958,6.473,0.004,0.007,6.484,1.538,10.20,27.64,24.64,20.64,4.2556,10.6391,2.374,NO
6327,9.940,6.461,0.004,0.007,6.472,1.538,10.20,27.04,24.04,20.04,4.2501,10.6252,2.376,NO
6328,9.628,6.258,0.004,0.007,6.269,1.538,10.20,26.08,23.08,19.08,4.1575,10.3936,2.399,NO
6329,9.682,6.293,0.004,0.007,6.304,1.538,10.20,24.84,21.84,17.84,4.1734,10.4336,2.395,NO
6330,9.664,6.282,0.004,0.007,6.293,1.538,10.20,23.39,20.39,16.39,4.1682,10.4205,2.396,NO
6331,9.120,5.928,0.004,0.007,5.939,1.538,10.20,21.84,18.84,14.84,2.6712,10.0169,2.441,NO
6332,8.388,5.452,0.004,0.007,5.464,1.538,10.20,20.29,17.29,13.29,2.5262,9.4732,2.510,NO
6333,8.401,5.461,0.004,0.007,5.472,1.538,10.20,18.84,15.84,11.84,2.5287,9.4827,2.508,NO
6334,8.039,5.226,0.004,0.007,5.237,1.538,10.20,17.60,14.60,10.60,2.4571,9.2142,2.547,NO
6335,8.060,5.239,0.004,0.007,5.250,1.538,10.20,16.64,13.64,9.64,1.7229,9.2297,2.545,NO
6336,7.816,5.080,0.004,0.007,5.092,1.538,10.20,16.04,13.04,9.04,1.6890,9.0483,2.573,NO
6337,6.327,4.113,0.004,0.007,4.124,1.538,10.20,15.67,12.67,8.67,1.4827,7.9429,2.790,NO
6338,6.483,4.214,0.004,0.007,4.225,1.538,10.20,15.87,12.87,8.87,1.5042,8.0585,2.762,NO
6339,6.512,4.233,0.004,0.007,4.244,1.538,10.20,16.47,13.47,9.47,1.5084,8.0806,2.757,NO
6340,6.575,4.274,0.004,0.007,4.285,1.538,10.20,17.43,14.43,10.43,1.5171,8.1273,2.747,NO
6341,7.020,4.563,0.004,0.007,4.574,1.538,10.20,18.67,15.67,11.67,1.5787,8.4574,2.677,NO
6342,7.551,4.908,0.004,0.007,4.919,1.538,10.20,20.12,17.12,13.12,1.6523,8.8516,2.605,NO
6343,7.915,5.145,0.004,0.007,5.156,1.538,10.20,21.67,18.67,14.67,2.4325,9.1218,2.561,NO
6344,7.774,5.053,0.004,0.007,5.064,1.538,10.20,23.22,20.22,16.22,2.4046,9.0172,2.578,NO
6345,8.427,5.478,0.004,0.007,5.489,1.538,10.20,24.67,21.67,17.67,2.5339,9.5022,2.506,NO
6346,8.848,5.751,0.004,0.007,5.763,1.538,10.20,25.91,22.91,18.91,2.6173,9.8150,2.465,NO
6347,8.944,5.813,0.004,0.007,5.825,1.538,10.20,26.87,23.87,19.87,2.6362,9.8858,2.456,NO
6348,9.142,5.942,0.004,0.007,5.953,1.538,10.20,27.47,24.47,20.47,2.6754,10.0328,2.439,NO
6349,9.147,5.945,0.004,0.007,5.957,1.538,10.20,27.67,24.67,20.67,2.6764,10.0366,2.438,NO
6350,8.847,5.751,0.004,0.007,5.762,1.538,10.20,27.47,24.47,20.47,2.6171,9.8141,2.465,NO
6351,8.756,5.691,0.004,0.007,5.703,1.538,10.20,26.87,23.87,19.87,2.5990,9.7463,2.474,NO
6352,8.425,5.476,0.004,0.007,5.487,1.538,10.20,25.91,22.91,18.91,2.5335,9.5006,2.506,NO
6353,8.583,5.579,0.004,0.007,5.591,1.538,10.20,24.67,21.67,17.67,2.5649,9.6183,2.490,NO
6354,8.103,5.267,0.004,0.007,5.279,1.538,10.20,23.22,20.22,16.22,2.4698,9.2619,2.540,NO
6355,7.667,4.983,0.004,0.007,4.995,1.538,10.20,21.67,18.67,14.67,2.3834,8.9376,2.591,NO
6356,7.153,4.650,0.004,0.007,4.661,1.538,10.20,20.12,17.12,13.12,2.2817,8.5564,2.658,NO
6357,7.192,4.675,0.004,0.007,4.686,1.538,10.20,18.67,15.67,11.67,2.2895,8.5855,2.653,NO
6358,6.982,4.538,0.004,0.007,4.549,1.538,10.20,17.43,14.43,10.43,2.2477,8.4289,2.683,NO
6359,6.596,4.287,0.004,0.007,4.299,1.538,10.20,16.47,13.47,9.47,1.5199,8.1424,2.743,NO
6360,6.327,4.113,0.004,0.007,4.124,1.538,10.20,15.87,12.87,8.87,1.4827,7.9429,2.790,NO
6361,6.644,4.318,0.004,0.007,4.330,1.538,10.20,15.50,12.50,8.50,1.5266,8.1781,2.735,NO
6362,6.627,4.308,0.004,0.007,4.319,1.538,10.20,15.70,12.70,8.70,1.5243,8.1657,2.738,NO
6363,6.327,4.113,0.004,0.007,4.124,1.538,10.20,16.30,13.30,9.30,1.4827,7.9429,2.790,NO
6364,6.899,4.484,0.004,0.007,4.496,1.538,10.20,17.26,14.26,10.26,1.5620,8.3677,2.695,NO
6365,6.977,4.535,0.004,0.007,4.547,1.538,10.20,18.50,15.50,11.50,1.5728,8.4257,2.684,NO
6366,7.277,4.730,0.004,0.007,4.741,1.538,10.20,19.95,16.95,12.95,1.6143,8.6481,2.641,NO
6367,7.413,4.818,0.004,0.007,4.830,1.538,10.20,21.50,18.50,14.50,2.3331,8.7492,2.623,NO
6368,7.979,5.186,0.004,0.007,5.198,1.538,10.20,23.05,20.05,16.05,2.4452,9.1694,2.554,NO
6369,8.303,5.397,0.004,0.007,5.408,1.538,10.20,24.50,21.50,17.50,2.5093,9.4100,2.519,NO
6370,8.399,5.459,0.004,0.007,5.471,1.538,10.20,25.74,22.74,18.74,2.5283,9.4813,2.509,NO
6371,8.845,5.749,0.004,0.007,5.761,1.538,10.20,26.70,23.70,19.70,2.6167,9.8125,2.465,NO
6372,8.762,5.695,0.004,0.007,5.707,1.538,10.20,27.30,24.30,20.30,2.6002,9.7509,2.473,NO
6373,8.801,5.721,0.004,0.007,5.732,1.538,10.20,27.50,24.50,20.50,2.6079,9.7797,2.469,NO
6374,8.974,5.833,0.004,0.007,5.844,1.538,10.20,27.30,24.30,20.30,2.6422,9.9081,2.454,NO
6375,8.588,5.582,0.004,0.007,5.593,1.538,10.20,26.70,23.70,19.70,2.5657,9.6214,2.490,NO
6376,8.715,5.665,0.004,0.007,5.676,1.538,10.20,25.74,22.74,18.74,2.5910,9.7162,2.477,NO
6377,8.134,5.287,0.004,0.007,5.299,1.538,10.20,24.50,21.50,17.50,2.4760,9.2850,2.537,NO
6378,7.715,5.014,0.004,0.007,5.026,1.538,10.20,23.05,20.05,16.05,2.3928,8.9732,2.585,NO
6379,7.931,5.155,0.004,0.007,5.166,1.538,10.20,21.50,18.50,14.50,2.4357,9.1338,2.559,NO
6380,7.067,4.594,0.004,0.007,4.605,1.538,10.20,19.95,16.95,12.95,2.2646,8.4924,2.670,NO
6381,7.308,4.750,0.004,0.007,4.762,1.538,10.20,18.50,15.50,11.50,2.3124,8.6713,2.637,NO
6382,6.808,4.425,0.004,0.007,4.436,1.538,10.20,17.26,14.26,10.26,2.2133,8.2999,2.709,NO
6383,6.801,4.420,0.004,0.007,4.432,1.538,10.20,16.30,13.30,9.30,1.5483,8.2946,2.710,NO
6384,6.327,4.113,0.004,0.007,4.124,1.538,10.20,15.70,12.70,8.70,1.4827,7.9429,2.790,NO
6385,7.733,5.027,0.004,0.007,5.038,1.538,10.20,15.33,12.33,8.33,1.6776,8.9869,2.583,NO
6386,7.865,5.112,0.004,0.007,5.123,1.538,10.20,15.53,12.53,8.53,1.6958,9.0845,2.567,NO
6387,7.674,4.988,0.004,0.007,5.000,1.538,10.20,16.13,13.13,9.13,1.6694,8.9432,2.590,NO
6388,8.177,5.315,0.004,0.007,5.326,1.538,10.20,17.09,14.09,10.09,1.7391,9.3165,2.532,NO
6389,8.549,5.557,0.004,0.007,5.568,1.538,10.20,18.33,15.33,11.33,1.7906,9.5925,2.494,NO
6390,8.878,5.771,0.004,0.007,5.782,1.538,10.20,19.78,16.78,12.78,1.8362,9.8369,2.462,NO
6391,8.684,5.645,0.004,0.007,5.656,1.538,10.20,21.33,18.33,14.33,2.5848,9.6929,2.480,NO
6392,9.406,6.114,0.004,0.007,6.125,1.538,10.20,22.88,19.88,15.88,2.7278,10.2291,2.417,NO
6393,9.355,6.081,0.004,0.007,6.092,1.538,10.20,24.33,21.33,17.33,2.7177,10.1914,2.421,NO
6394,10.192,6.625,0.004,0.008,6.637,1.538,10.20,25.57,22.57,18.57,2.8834,10.8128,2.358,NO
6395,9.840,6.396,0.004,0.007,6.407,1.538,10.20,26.53,23.53,19.53,2.8136,10.5512,2.383,NO
6396,9.955,6.471,0.004,0.007,6.482,1.538,10.20,27.13,24.13,20.13,2.8365,10.6370,2.374,NO
6397,10.184,6.620,0.004,0.008,6.632,1.538,10.20,27.33,24.33,20.33,4.3228,10.8070,2.358,NO
6398,10.114,6.574,0.004,0.008,6.586,1.538,10.20,27.13,24.13,20.13,4.3020,10.7550,2.363,NO
6399,10.020,6.513,0.004,0.007,6.524,1.538,10.20,26.53,23.53,19.53,4.2739,10.6849,2.370,NO
6400,9.826,6.387,0.004,0.007,6.399,1.538,10.20,25.57,22.57,18.57,4.2165,10.5413,2.384,NO
6401,9.682,6.293,0.004,0.007,6.304,1.538,10.20,24.33,21.33,17.33,4.1735,10.4338,2.395,NO
6402,9.052,5.884,0.004,0.007,5.895,1.538,10.20,22.88,19.88,15.88,3.9865,9.9662,2.447,NO
6403,8.858,5.758,0.004,0.007,5.769,1.538,10.20,21.33,18.33,14.33,2.6193,9.8222,2.464,NO
6404,8.752,5.689,0.004,0.007,5.700,1.538,10.20,19.78,16.78,12.78,2.5983,9.7437,2.474,NO
6405,8.176,5.314,0.004,0.007,5.326,1.538,10.20,18.33,15.33,11.33,2.4842,9.3156,2.532,NO
6406,8.324,5.410,0.004,0.007,5.422,1.538,10.20,17.09,14.09,10.09,2.5135,9.4255,2.516,NO
6407,7.552,4.909,0.004,0.007,4.920,1.538,10.20,16.13,13.13,9.13,1.6525,8.8525,2.605,NO
6408,7.924,5.151,0.004,0.007,5.162,1.538,10.20,15.53,12.53,8.53,1.7041,9.1289,2.560,NO
6409,7.835,5.093,0.004,0.007,5.104,1.538,10.20,15.16,12.16,8.16,1.6917,9.0629,2.570,NO
6410,7.669,4.985,0.004,0.007,4.996,1.538,10.20,15.36,12.36,8.36,1.6687,8.9397,2.590,NO
6411,7.808,5.075,0.004,0.007,5.086,1.538,10.20,15.96,12.96,8.96,1.6879,9.0425,2.574,NO
6412,8.367,5.439,0.004,0.007,5.450,1.538,10.20,16.92,13.92,9.92,1.7654,9.4576,2.512,NO
6413,8.210,5.337,0.004,0.007,5.348,1.538,10.20,18.16,15.16,11.16,1.7437,9.3411,2.528,NO
6414,8.398,5.459,0.004,0.007,5.470,1.538,10.20,19.61,16.61,12.61,1.7697,9.4806,2.509,NO
6415,8.873,5.767,0.004,0.007,5.779,1.538,10.20,21.16,18.16,14.16,2.6221,9.8330,2.463,NO
6416,9.199,5.979,0.004,0.007,5.991,1.538,10.20,22.71,19.71,15.71,2.6867,10.0752,2.434,NO
6417,9.988,6.492,0.004,0.007,6.503,1.538,10.20,24.16,21.16,17.16,2.8430,10.6611,2.372,NO
6418,9.792,6.365,0.004,0.007,6.376,1.538,10.20,25.40,22.40,18.40,2.8042,10.5158,2.386,NO
6419,10.354,6.730,0.004,0.008,6.743,1.538,10.21,26.36,23.36,19.36,2.9156,10.9337,2.347,NO
6420,10.576,6.874,0.005,0.009,6.888,1.538,10.21,26.95,23.95,19.95,2.9596,11.0986,2.332,NO
6421,10.288,6.687,0.004,0.008,6.700,1.538,10.21,27.16,24.16,20.16,4.3538,10.8845,2.351,NO
6422,10.431,6.780,0.004,0.008,6.793,1.538,10.21,26.95,23.95,19.95,4.3964,10.9911,2.341,NO
6423,10.012,6.508,0.004,0.007,6.519,1.538,10.20,26.36,23.36,19.36,4.2715,10.6788,2.370,NO
6424,9.785,6.360,0.004,0.007,6.371,1.538,10.20,25.40,22.40,18.40,4.2041,10.5101,2.387,NO
6425,9.726,6.322,0.004,0.007,6.333,1.538,10.20,24.16,21.16,17.16,4.1865,10.4663,2.391,NO
6426,9.181,5.968,0.004,0.007,5.979,1.538,10.20,22.71,19.71,15.71,4.0248,10.0620,2.435,NO
6427,9.318,6.057,0.004,0.007,6.068,1.538,10.20,21.16,18.16,14.16,2.7103,10.1638,2.424,NO
6428,8.589,5.583,0.004,0.007,5.594,1.538,10.20,19.61,16.61,12.61,2.5660,9.6226,2.490,NO
6429,8.337,5.419,0.004,0.007,5.430,1.538,10.20,18.16,15.16,11.16,2.5161,9.4352,2.515,NO
6430,7.959,5.173,0.004,0.007,5.184,1.538,10.20,16.92,13.92,9.92,2.4412,9.1544,2.556,NO
6431,7.958,5.173,0.004,0.007,5.184,1.538,10.20,15.96,12.96,8.96,1.7087,9.1540,2.556,NO
6432,7.977,5.185,0.004,0.007,5.196,1.538,10.20,15.36,12.36,8.36,1.7114,9.1681,2.554,NO
6433,7.423,4.825,0.004,0.007,4.836,1.538,10.20,14.99,11.99,7.99,1.6346,8.7566,2.622,NO
6434,7.745,5.034,0.004,0.007,5.046,1.538,10.20,15.19,12.19,8.19,1.6792,8.9958,2.581,NO
6435,8.046,5.230,0.004,0.007,5.241,1.538,10.20,15.79,12.79,8.79,1.7209,9.2194,2.546,NO
6436,8.343,5.423,0.004,0.007,5.434,1.538,10.20,16.75,13.75,9.75,1.7621,9.4398,2.514,NO
6437,8.239,5.356,0.004,0.007,5.367,1.538,10.20,17.99,14.99,10.99,1.7477,9.3627,2.525,NO
6438,8.327,5.413,0.004,0.007,5.424,1.538,10.20,19.44,16.44,12.44,1.7599,9.4280,2.516,NO
6439,8.745,5.684,0.004,0.007,5.695,1.538,10.20,20.99,17.99,13.99,2.5968,9.7380,2.475,NO
6440,9.148,5.946,0.004,0.007,5.957,1.538,10.20,22.54,19.54,15.54,2.6766,10.0374,2.438,NO
6441,9.502,6.177,0.004,0.007,6.188,1.538,10.20,23.99,20.99,16.99,2.7468,10.3007,2.409,NO
6442,9.734,6.327,0.004,0.007,6.339,1.538,10.20,25.23,22.23,18.23,2.7928,10.4728,2.391,NO
6443,10.144,6.593,0.004,0.008,6.605,1.538,10.20,26.18,23.18,19.18,2.8739,10.7770,2.361,NO
6444,10.426,6.777,0.004,0.008,6.790,1.538,10.21,26.78,23.78,19.78,2.9299,10.9871,2.342,NO
6445,10.566,6.868,0.005,0.009,6.881,1.538,10.21,26.99,23.99,19.99,4.4364,11.0909,2.333,NO
6446,10.183,6.619,0.004,0.008,6.631,1.538,10.20,26.78,23.78,19.78,4.3224,10.8060,2.358,NO
6447,9.884,6.424,0.004,0.007,6.436,1.538,10.20,26.18,23.18,19.18,4.2335,10.5838,2.380,NO
6448,9.638,6.264,0.004,0.007,6.276,1.538,10.20,25.23,22.23,18.23,4.1604,10.4010,2.398,NO
6449,9.890,6.429,0.004,0.007,6.440,1.538,10.20,23.99,20.99,16.99,4.2354,10.5885,2.379,NO
6450,9.194,5.976,0.004,0.007,5.987,1.538,10.20,22.54,19.54,15.54,4.0286,10.0714,2.434,NO
6451,8.743,5.683,0.004,0.007,5.694,1.538,10.20,20.99,17.99,13.99,2.5965,9.7370,2.475,NO
6452,8.471,5.506,0.004,0.007,5.517,1.538,10.20,19.44,16.44,12.44,2.5426,9.5347,2.501,NO
6453,8.356,5.431,0.004,0.007,5.443,1.538,10.20,17.99,14.99,10.99,2.5198,9.4493,2.513,NO
6454,8.064,5.241,0.004,0.007,5.253,1.538,10.20,16.75,13.75,9.75,2.4619,9.2323,2.544,NO
6455,7.563,4.916,0.004,0.007,4.928,1.538,10.20,15.79,12.79,8.79,1.6540,8.8610,2.603,NO
6456,7.683,4.994,0.004,0.007,5.005,1.538,10.20,15.19,12.19,8.19,1.6707,8.9500,2.589,NO
6457,7.429,4.829,0.004,0.007,4.840,1.538,10.20,14.82,11.82,7.82,1.6355,8.7614,2.621,NO
6458,7.988,5.192,0.004,0.007,5.204,1.538,10.20,15.02,12.02,8.02,1.7129,9.1764,2.553,NO
6459,7.974,5.183,0.004,0.007,5.195,1.538,10.20,15.62,12.62,8.62,1.7110,9.1661,2.554,NO
6460,8.105,5.268,0.004,0.007,5.279,1.538,10.20,16.57,13.57,9.57,1.7291,9.2628,2.540,NO
6461,8.510,5.532,0.004,0.007,5.543,1.538,10.20,17.82,14.82,10.82,1.7853,9.5639,2.497,NO
6462,8.649,5.622,0.004,0.007,5.633,1.538,10.20,19.26,16.26,12.26,1.8045,9.6670,2.484,NO
6463,9.053,5.885,0.004,0.007,5.896,1.538,10.20,20.82,17.82,13.82,2.6579,9.9671,2.447,NO
6464,9.369,6.090,0.004,0.007,6.101,1.538,10.20,22.37,19.37,15.37,2.7204,10.2015,2.420,NO
6465,9.950,6.468,0.004,0.007,6.479,1.538,10.20,23.82,20.82,16.82,2.8355,10.6333,2.375,NO
6466,9.641,6.267,0.004,0.007,6.278,1.538,10.20,25.06,22.06,18.06,2.7744,10.4039,2.398,NO
6467,10.039,6.525,0.004,0.007,6.537,1.538,10.20,26.01,23.01,19.01,2.8531,10.6990,2.368,NO
6468,10.414,6.769,0.004,0.008,6.782,1.538,10.21,26.61,23.61,19.61,2.9274,10.9779,2.343,NO
6469,10.250,6.663,0.004,0.008,6.675,1.538,10.21,26.82,23.82,19.82,4.3425,10.8562,2.354,NO
6470,10.122,6.579,0.004,0.008,6.591,1.538,10.20,26.61,23.61,19.61,4.3044,10.7611,2.362,NO
6471,10.289,6.688,0.004,0.008,6.700,1.538,10.21,26.01,23.01,19.01,4.3540,10.8849,2.351,NO
6472,9.687,6.297,0.004,0.007,6.308,1.538,10.20,25.06,22.06,18.06,4.1752,10.4379,2.394,NO
6473,9.828,6.388,0.004,0.007,6.399,1.538,10.20,23.82,20.82,16.82,4.2169,10.5421,2.384,NO
6474,9.358,6.083,0.004,0.007,6.094,1.538,10.20,22.37,19.37,15.37,4.0773,10.1934,2.421,NO
6475,8.884,5.774,0.004,0.007,5.786,1.538,10.20,20.82,17.82,13.82,2.6243,9.8413,2.462,NO
6476,8.924,5.800,0.004,0.007,5.812,1.538,10.20,19.26,16.26,12.26,2.6322,9.8708,2.458,NO
6477,8.151,5.298,0.004,0.007,5.310,1.538,10.20,17.82,14.82,10.82,2.4793,9.2975,2.535,NO
6478,7.818,5.081,0.004,0.007,5.093,1.538,10.20,16.57,13.57,9.57,2.4132,9.0497,2.572,NO
6479,7.529,4.894,0.004,0.007,4.905,1.538,10.20,15.62,12.62,8.62,1.6493,8.8353,2.608,NO
6480,7.932,5.156,0.004,0.007,5.167,1.538,10.20,15.02,12.02,8.02,1.7051,9.1347,2.559,NO
6481,7.926,5.152,0.004,0.007,5.163,1.538,10.20,14.65,11.65,7.65,1.7043,9.1300,2.560,NO
6482,7.382,4.798,0.004,0.007,4.810,1.538,10.20,14.85,11.85,7.85,1.6289,8.7262,2.627,NO
6483,7.654,4.975,0.004,0.007,4.987,1.538,10.20,15.45,12.45,8.45,1.6666,8.9284,2.592,NO
6484,8.022,5.214,0.004,0.007,5.226,1.538,10.20,16.40,13.40,9.40,1.7176,9.2015,2.549,NO
6485,8.155,5.301,0.004,0.007,5.312,1.538,10.20,17.65,14.65,10.65,1.7361,9.3003,2.534,NO
6486,8.532,5.546,0.004,0.007,5.557,1.538,10.20,19.09,16.09,12.09,1.7883,9.5800,2.495,NO
6487,8.714,5.664,0.004,0.007,5.675,1.538,10.20,20.65,17.65,13.65,2.5907,9.7152,2.478,NO
6488,9.251,6.013,0.004,0.007,6.024,1.538,10.20,22.20,19.20,15.20,2.6970,10.1138,2.430,NO
6489,9.830,6.390,0.004,0.007,6.401,1.538,10.20,23.65,20.65,16.65,2.8117,10.5439,2.384,NO
6490,10.081,6.553,0.004,0.008,6.564,1.538,10.20,24.89,21.89,17.89,2.8614,10.7303,2.365,NO
6491,9.815,6.380,0.004,0.007,6.391,1.538,10.20,25.84,22.84,18.84,2.8087,10.5327,2.385,NO
6492,10.607,6.894,0.005,0.009,6.908,1.538,10.21,26.44,23.44,19.44,2.9657,11.1215,2.330,NO
6493,10.505,6.828,0.005,0.009,6.841,1.538,10.21,26.65,23.65,19.65,4.4182,11.0456,2.337,NO
6494,10.124,6.581,0.004,0.008,6.592,1.538,10.20,26.44,23.44,19.44,4.3050,10.7625,2.362,NO
6495,10.324,6.711,0.004,0.008,6.723,1.538,10.21,25.84,22.84,18.84,4.3644,10.9111,2.349,NO
6496,9.604,6.243,0.004,0.007,6.254,1.538,10.20,24.89,21.89,17.89,4.1505,10.3762,2.401,NO
6497,9.658,6.278,0.004,0.007,6.289,1.538,10.20,23.65,20.65,16.65,4.1664,10.4159,2.397,NO
6498,9.657,6.277,0.004,0.007,6.289,1.538,10.20,22.20,19.20,15.20,4.1662,10.4156,2.397,NO
6499,8.779,5.706,0.004,0.007,5.718,1.538,10.20,20.65,17.65,13.65,2.6036,9.7636,2.471,NO
6500,8.475,5.509,0.004,0.007,5.520,1.538,10.20,19.09,16.09,12.09,2.5434,9.5376,2.501,NO
6501,8.289,5.388,0.004,0.007,5.399,1.538,10.20,17.65,14.65,10.65,2.5065,9.3994,2.520,NO
6502,8.072,5.247,0.004,0.007,5.258,1.538,10.20,16.40,13.40,9.40,2.4636,9.2385,2.543,NO
6503,7.796,5.067,0.004,0.007,5.078,1.538,10.20,15.45,12.45,8.45,1.6862,9.0333,2.575,NO
6504,7.859,5.108,0.004,0.007,5.120,1.538,10.20,14.85,11.85,7.85,1.6950,9.0804,2.568,NO
6505,6.327,4.113,0.004,0.007,4.124,1.538,10.20,14.47,11.47,7.47,1.4827,7.9429,2.790,NO
6506,6.327,4.113,0.004,0.007,4.124,1.538,10.20,14.68,11.68,7.68,1.4827,7.9429,2.790,NO
6507,6.385,4.150,0.004,0.007,4.162,1.538,10.20,15.28,12.28,8.28,1.4908,7.9862,2.779,NO
6508,6.527,4.243,0.004,0.007,4.254,1.538,10.20,16.23,13.23,9.23,1.5104,8.0915,2.755,NO
6509,7.152,4.649,0.004,0.007,4.660,1.538,10.20,17.47,14.47,10.47,1.5971,8.5557,2.658,NO
6510,7.204,4.683,0.004,0.007,4.694,1.538,10.20,18.92,15.92,11.92,1.6042,8.5941,2.651,NO
6511,7.626,4.957,0.004,0.007,4.968,1.538,10.20,20.47,17.47,13.47,2.3754,8.9077,2.596,NO
6512,8.007,5.204,0.004,0.007,5.216,1.538,10.20,22.03,19.03,15.03,2.4507,9.1900,2.551,NO
6513,8.574,5.573,0.004,0.007,5.585,1.538,10.20,23.47,20.47,16.47,2.5631,9.6115,2.491,NO
6514,8.289,5.388,0.004,0.007,5.399,1.538,10.20,24.72,21.72,17.72,2.5066,9.3998,2.520,NO
6515,8.607,5.595,0.004,0.007,5.606,1.538,10.20,25.67,22.67,18.67,2.5696,9.6360,2.488,NO
6516,9.086,5.906,0.004,0.007,5.917,1.538,10.20,26.27,23.27,19.27,2.6643,9.9912,2.444,NO
6517,9.297,6.043,0.004,0.007,6.055,1.538,10.20,26.47,23.47,19.47,2.7063,10.1485,2.426,NO
6518,9.051,5.883,0.004,0.007,5.895,1.538,10.20,26.27,23.27,19.27,2.6575,9.9658,2.447,NO
6519,8.795,5.717,0.004,0.007,5.728,1.538,10.20,25.67,22.67,18.67,2.6067,9.7752,2.470,NO
6520,8.582,5.578,0.004,0.007,5.590,1.538,10.20,24.72,21.72,17.72,2.5646,9.6172,2.490,NO
6521,8.093,5.260,0.004,0.007,5.272,1.538,10.20,23.47,20.47,16.47,2.4677,9.2539,2.541,NO
6522,7.678,4.991,0.004,0.007,5.002,1.538,10.20,22.03,19.03,15.03,2.3856,8.9458,2.589,NO
6523,7.855,5.106,0.004,0.007,5.117,1.538,10.20,20.47,17.47,13.47,2.4206,9.0774,2.568,NO
6524,7.005,4.554,0.004,0.007,4.565,1.538,10.20,18.92,15.92,11.92,2.2524,8.4466,2.679,NO
6525,6.957,4.522,0.004,0.007,4.533,1.538,10.20,17.47,14.47,10.47,2.2428,8.4106,2.687,NO
6526,7.016,4.561,0.004,0.007,4.572,1.538,10.20,16.23,13.23,9.23,2.2546,8.4547,2.678,NO
6527,6.737,4.379,0.004,0.007,4.390,1.538,10.20,15.28,12.28,8.28,1.5395,8.2472,2.720,NO
6528,6.327,4.113,0.004,0.007,4.124,1.538,10.20,14.68,11.68,7.68,1.4827,7.9429,2.790,NO
6529,6.347,4.126,0.004,0.007,4.137,1.538,10.20,14.30,11.30,7.30,1.4855,7.9579,2.786,NO
6530,6.598,4.288,0.004,0.007,4.300,1.538,10.20,14.51,11.51,7.51,1.5202,8.1438,2.743,NO
6531,6.680,4.342,0.004,0.007,4.353,1.538,10.20,15.11,12.11,8.11,1.5316,8.2051,2.730,NO
6532,6.475,4.209,0.004,0.007,4.220,1.538,10.20,16.06,13.06,9.06,1.5032,8.0530,2.764,NO
6533,6.724,4.370,0.004,0.007,4.382,1.538,10.20,17.30,14.30,10.30,1.5376,8.2373,2.723,NO
6534,7.371,4.791,0.004,0.007,4.802,1.538,10.20,18.75,15.75,11.75,1.6273,8.7178,2.628,NO
6535,7.822,5.084,0.004,0.007,5.096,1.538,10.20,20.30,17.30,13.30,2.4141,9.0530,2.572,NO
6536,7.974,5.183,0.004,0.007,5.194,1.538,10.20,21.85,18.85,14.85,2.4442,9.1657,2.554,NO
6537,8.310,5.402,0.004,0.007,5.413,1.538,10.20,23.30,20.30,16.30,2.5108,9.4154,2.518,NO
6538,8.688,5.647,0.004,0.007,5.659,1.538,10.20,24.54,21.54,17.54,2.5856,9.6960,2.480,NO
6539,9.129,5.934,0.004,0.007,5.945,1.538,10.20,25.50,22.50,18.50,2.6729,10.0233,2.440,NO
6540,8.992,5.845,0.004,0.007,5.856,1.538,10.20,26.10,23.10,19.10,2.6458,9.9216,2.452,NO
6541,9.037,5.874,0.004,0.007,5.886,1.538,10.20,26.30,23.30,19.30,2.6548,9.9554,2.448,NO
6542,9.064,5.892,0.004,0.007,5.903,1.538,10.20,26.10,23.10,19.10,2.6600,9.9751,2.446,NO
6543,9.136,5.938,0.004,0.007,5.950,1.538,10.20,25.50,22.50,18.50,2.6743,10.0285,2.439,NO
6544,8.517,5.536,0.004,0.007,5.547,1.538,10.20,24.54,21.54,17.54,2.5517,9.5690,2.497,NO
6545,8.534,5.547,0.004,0.007,5.559,1.538,10.20,23.30,20.30,16.30,2.5551,9.5817,2.495,NO
6546,7.938,5.160,0.004,0.007,5.171,1.538,10.20,21.85,18.85,14.85,2.4371,9.1392,2.558,NO
6547,7.580,4.927,0.004,0.007,4.939,1.538,10.20,20.30,17.30,13.30,2.3663,8.8735,2.601,NO
6548,6.998,4.549,0.004,0.007,4.560,1.538,10.20,18.75,15.75,11.75,2.2511,8.4414,2.680,NO
6549,7.169,4.660,0.004,0.007,4.671,1.538,10.20,17.30,14.30,10.30,2.2849,8.5683,2.656,NO
6550,7.009,4.556,0.004,0.007,4.567,1.538,10.20,16.06,13.06,9.06,2.2531,8.4491,2.679,NO
6551,6.634,4.312,0.004,0.007,4.323,1.538,10.20,15.11,12.11,8.11,1.5252,8.1705,2.737,NO
6552,6.327,4.113,0.004,0.007,4.124,1.538,10.20,14.51,11.51,7.51,1.4827,7.9429,2.790,NO
6553,7.409,4.816,0.004,0.007,4.827,1.538,10.20,14.13,11.13,7.13,1.6326,8.7462,2.623,NO
6554,7.665,4.982,0.004,0.007,4.994,1.538,10.20,14.33,11.33,7.33,1.6682,8.9365,2.591,NO
6555,7.729,5.024,0.004,0.007,5.035,1.538,10.20,14.93,11.93,7.93,1.6770,8.9838,2.583,NO
6556,7.938,5.160,0.004,0.007,5.171,1.538,10.20,15.89,12.89,8.89,1.7059,9.1389,2.558,NO
6557,8.258,5.368,0.004,0.007,5.379,1.538,10.20,17.13,14.13,10.13,1.7504,9.3770,2.523,NO
6558,8.715,5.665,0.004,0.007,5.676,1.538,10.20,18.58,15.58,11.58,1.8137,9.7160,2.477,NO
6559,8.784,5.710,0.004,0.007,5.721,1.538,10.20,20.13,17.13,13.13,2.6047,9.7675,2.471,NO
6560,9.333,6.066,0.004,0.007,6.078,1.538,10.20,21.68,18.68,14.68,2.7132,10.1747,2.423,NO
6561,9.526,6.192,0.004,0.007,6.203,1.538,10.20,23.13,20.13,16.13,2.7516,10.3184,2.407,NO
6562,10.010,6.507,0.004,0.007,6.518,1.538,10.20,24.37,21.37,17.37,2.8474,10.6778,2.370,NO
6563,10.463,6.801,0.004,0.008,6.814,1.538,10.21,25.33,22.33,18.33,2.9372,11.0144,2.339,NO
6564,10.032,6.521,0.004,0.007,6.532,1.538,10.20,25.92,22.92,18.92,2.8516,10.6937,2.369,NO
6565,10.541,6.851,0.005,0.009,6.865,1.538,10.21,26.13,23.13,19.13,4.4290,11.0725,2.334,NO
6566,10.409,6.766,0.004,0.008,6.779,1.538,10.21,25.92,22.92,18.92,4.3897,10.9744,2.343,NO
6567,10.349,6.727,0.004,0.008,6.739,1.538,10.21,25.33,22.33,18.33,4.3718,10.9296,2.347,NO
6568,10.043,6.528,0.004,0.008,6.540,1.538,10.20,24.37,21.37,17.37,4.2809,10.7022,2.368,NO
6569,9.631,6.260,0.004,0.007,6.271,1.538,10.20,23.13,20.13,16.13,4.1584,10.3960,2.399,NO
6570,9.642,6.267,0.004,0.007,6.279,1.538,10.20,21.68,18.68,14.68,4.1617,10.4042,2.398,NO
6571,8.944,5.814,0.004,0.007,5.825,1.538,10.20,20.13,17.13,13.13,2.6364,9.8864,2.456,NO
6572,8.756,5.692,0.004,0.007,5.703,1.538,10.20,18.58,15.58,11.58,2.5991,9.7467,2.474,NO
6573,8.256,5.366,0.004,0.007,5.378,1.538,10.20,17.13,14.13,10.13,2.5000,9.3751,2.523,NO
6574,7.790,5.064,0.004,0.007,5.075,1.538,10.20,15.89,12.89,8.89,2.4079,9.0295,2.576,NO
6575,7.834,5.092,0.004,0.007,5.103,1.538,10.20,14.93,11.93,7.93,1.6915,9.0617,2.571,NO
6576,7.690,4.998,0.004,0.007,5.010,1.538,10.20,14.33,11.33,7.33,1.6715,8.9547,2.588,NO
6577,7.760,5.044,0.004,0.007,5.055,1.538,10.20,13.96,10.96,6.96,1.6813,9.0069,2.579,NO
6578,7.495,4.872,0.004,0.007,4.883,1.538,10.20,14.16,11.16,7.16,1.6446,8.8103,2.612,NO
6579,8.089,5.258,0.004,0.007,5.269,1.538,10.20,14.76,11.76,7.76,1.7269,9.2514,2.541,NO
6580,7.974,5.183,0.004,0.007,5.195,1.538,10.20,15.71,12.71,8.71,1.7110,9.1659,2.554,NO
6581,8.651,5.623,0.004,0.007,5.635,1.538,10.20,16.96,13.96,9.96,1.8048,9.6687,2.484,NO
6582,8.495,5.522,0.004,0.007,5.533,1.538,10.20,18.40,15.40,11.40,1.7832,9.5527,2.499,NO
6583,8.937,5.809,0.004,0.007,5.821,1.538,10.20,19.96,16.96,12.96,2.6349,9.8810,2.457,NO
6584,9.046,5.880,0.004,0.007,5.891,1.538,10.20,21.51,18.51,14.51,2.6565,9.9620,2.447,NO
6585,9.438,6.135,0.004,0.007,6.146,1.538,10.20,22.96,19.96,15.96,2.7341,10.2528,2.414,NO
6586,9.605,6.243,0.004,0.007,6.255,1.538,10.20,24.20,21.20,17.20,2.7672,10.3770,2.401,NO
6587,10.332,6.716,0.004,0.008,6.728,1.538,10.21,25.15,22.15,18.15,2.9112,10.9172,2.348,NO
6588,10.146,6.595,0.004,0.008,6.607,1.538,10.20,25.75,22.75,18.75,2.8743,10.7785,2.361,NO
6589,10.364,6.736,0.004,0.008,6.749,1.538,10.21,25.96,22.96,18.96,4.3763,10.9408,2.346,NO
6590,10.207,6.634,0.004,0.008,6.646,1.538,10.20,25.75,22.75,18.75,4.3296,10.8240,2.357,NO
6591,10.436,6.784,0.004,0.008,6.797,1.538,10.21,25.15,22.15,18.15,4.3979,10.9948,2.341,NO
6592,10.065,6.542,0.004,0.008,6.554,1.538,10.20,24.20,21.20,17.20,4.2873,10.7183,2.367,NO
6593,9.567,6.219,0.004,0.007,6.230,1.538,10.20,22.96,19.96,15.96,4.1394,10.3486,2.404,NO
6594,9.260,6.019,0.004,0.007,6.030,1.538,10.20,21.51,18.51,14.51,4.0483,10.1207,2.429,NO
6595,9.176,5.964,0.004,0.007,5.975,1.538,10.20,19.96,16.96,12.96,2.6821,10.0580,2.436,NO
6596,8.484,5.514,0.004,0.007,5.526,1.538,10.20,18.40,15.40,11.40,2.5451,9.5442,2.500,NO
6597,8.512,5.533,0.004,0.007,5.544,1.538,10.20,16.96,13.96,9.96,2.5507,9.5650,2.497,NO
6598,8.090,5.259,0.004,0.007,5.270,1.538,10.20,15.71,12.71,8.71,2.4672,9.2521,2.541,NO
6599,7.919,5.147,0.004,0.007,5.159,1.538,10.20,14.76,11.76,7.76,1.7033,9.1250,2.561,NO
6600,7.748,5.036,0.004,0.007,5.048,1.538,10.20,14.16,11.16,7.16,1.6796,8.9981,2.581,NO
6601,7.456,4.847,0.004,0.007,4.858,1.538,10.20,13.78,10.78,6.78,1.6392,8.7814,2.617,NO
6602,7.429,4.829,0.004,0.007,4.840,1.538,10.20,13.99,10.99,6.99,1.6354,8.7612,2.621,NO
6603,7.538,4.899,0.004,0.007,4.911,1.538,10.20,14.59,11.59,7.59,1.6505,8.8418,2.607,NO
6604,8.121,5.279,0.004,0.007,5.290,1.538,10.20,15.54,12.54,8.54,1.7313,9.2748,2.538,NO
6605,8.081,5.253,0.004,0.007,5.264,1.538,10.20,16.78,13.78,9.78,1.7258,9.2453,2.542,NO
6606,8.430,5.479,0.004,0.007,5.491,1.538,10.20,18.23,15.23,11.23,1.7741,9.5041,2.505,NO
6607,8.814,5.729,0.004,0.007,5.740,1.538,10.20,19.78,16.78,12.78,2.6105,9.7893,2.468,NO
6608,9.008,5.855,0.004,0.007,5.866,1.538,10.20,21.34,18.34,14.34,2.6489,9.9335,2.451,NO
6609,9.343,6.073,0.004,0.007,6.084,1.538,10.20,22.78,19.78,15.78,2.7153,10.1823,2.422,NO
6610,9.718,6.317,0.004,0.007,6.328,1.538,10.20,24.03,21.03,17.03,2.7895,10.4607,2.392,NO
6611,9.948,6.466,0.004,0.007,6.478,1.538,10.20,24.98,21.98,17.98,2.8351,10.6316,2.375,NO
6612,10.592,6.885,0.005,0.009,6.898,1.538,10.21,25.58,22.58,18.58,2.9627,11.1103,2.331,NO
6613,10.043,6.528,0.004,0.008,6.539,1.538,10.20,25.78,22.78,18.78,4.2808,10.7019,2.368,NO
6614,10.258,6.668,0.004,0.008,6.680,1.538,10.21,25.58,22.58,18.58,4.3450,10.8624,2.353,NO
6615,10.356,6.731,0.004,0.008,6.744,1.538,10.21,24.98,21.98,17.98,4.3740,10.9350,2.346,NO
6616,9.603,6.242,0.004,0.007,6.253,1.538,10.20,24.03,21.03,17.03,4.1501,10.3752,2.401,NO
6617,9.564,6.217,0.004,0.007,6.228,1.538,10.20,22.78,19.78,15.78,4.1387,10.3467,2.404,NO
6618,9.233,6.002,0.004,0.007,6.013,1.538,10.20,21.34,18.34,14.34,4.0403,10.1007,2.431,NO
6619,9.280,6.032,0.004,0.007,6.043,1.538,10.20,19.78,16.78,12.78,2.7028,10.1357,2.427,NO
6620,8.960,5.824,0.004,0.007,5.836,1.538,10.20,18.23,15.23,11.23,2.6395,9.8982,2.455,NO
6621,8.055,5.236,0.004,0.007,5.247,1.538,10.20,16.78,13.78,9.78,2.4602,9.2257,2.545,NO
6622,7.824,5.086,0.004,0.007,5.097,1.538,10.20,15.54,12.54,8.54,2.4146,9.0546,2.572,NO
6623,7.718,5.016,0.004,0.007,5.028,1.538,10.20,14.59,11.59,7.59,1.6754,8.9755,2.584,NO
6624,8.035,5.223,0.004,0.007,5.234,1.538,10.20,13.99,10.99,6.99,1.7195,9.2114,2.547,NO
6625,7.639,4.966,0.004,0.007,4.977,1.538,10.20,13.61,10.61,6.61,1.6646,8.9174,2.594,NO
6626,7.478,4.861,0.004,0.007,4.872,1.538,10.20,13.82,10.82,6.82,1.6422,8.7975,2.614,NO
6627,7.505,4.878,0.004,0.007,4.890,1.538,10.20,14.42,11.42,7.42,1.6460,8.8176,2.611,NO
6628,7.855,5.106,0.004,0.007,5.117,1.538,10.20,15.37,12.37,8.37,1.6944,9.0772,2.568,NO
6629,8.476,5.509,0.004,0.007,5.521,1.538,10.20,16.61,13.61,9.61,1.7805,9.5384,2.501,NO
6630,8.593,5.585,0.004,0.007,5.597,1.538,10.20,18.06,15.06,11.06,1.7967,9.6252,2.489,NO
6631,8.920,5.798,0.004,0.007,5.809,1.538,10.20,19.61,16.61,12.61,2.6314,9.8679,2.458,NO
6632,9.238,6.004,0.004,0.007,6.016,1.538,10.20,21.17,18.17,14.17,2.6944,10.1040,2.431,NO
6633,9.459,6.148,0.004,0.007,6.159,1.538,10.20,22.61,19.61,15.61,2.7382,10.2682,2.412,NO
6634,10.037,6.524,0.004,0.007,6.536,1.538,10.20,23.86,20.86,16.86,2.8528,10.6979,2.368,NO
6635,10.037,6.524,0.004,0.007,6.535,1.538,10.20,24.81,21.81,17.81,2.8526,10.6974,2.369,NO
6636,10.519,6.838,0.005,0.009,6.851,1.538,10.21,25.41,22.41,18.41,2.9484,11.0565,2.336,NO
6637,10.648,6.921,0.005,0.009,6.935,1.538,10.21,25.61,22.61,18.61,4.4609,11.1522,2.327,NO
6638,10.424,6.776,0.004,0.008,6.788,1.538,10.21,25.41,22.41,18.41,4.3943,10.9857,2.342,NO
6639,10.005,6.503,0.004,0.007,6.515,1.538,10.20,24.81,21.81,17.81,4.2696,10.6740,2.371,NO
6640,9.627,6.258,0.004,0.007,6.269,1.538,10.20,23.86,20.86,16.86,4.1574,10.3934,2.399,NO
6641,9.569,6.220,0.004,0.007,6.231,1.538,10.20,22.61,19.61,15.61,4.1399,10.3497,2.404,NO
6642,9.592,6.235,0.004,0.007,6.246,1.538,10.20,21.17,18.17,14.17,4.1468,10.3669,2.402,NO
6643,8.851,5.753,0.004,0.007,5.765,1.538,10.20,19.61,16.61,12.61,2.6179,9.8172,2.465,NO
6644,8.746,5.685,0.004,0.007,5.696,1.538,10.20,18.06,15.06,11.06,2.5971,9.7391,2.475,NO
6645,8.451,5.493,0.004,0.007,5.504,1.538,10.20,16.61,13.61,9.61,2.5386,9.5199,2.503,NO
6646,7.920,5.148,0.004,0.007,5.159,1.538,10.20,15.37,12.37,8.37,2.4335,9.1257,2.561,NO
6647,7.524,4.891,0.004,0.007,4.902,1.538,10.20,14.42,11.42,7.42,1.6486,8.8317,2.608,NO
6648,7.598,4.939,0.004,0.007,4.950,1.538,10.20,13.82,10.82,6.82,1.6589,8.8870,2.599,NO
6649,7.644,4.969,0.004,0.007,4.980,1.538,10.20,13.44,10.44,6.44,1.6652,8.9209,2.593,NO
6650,7.557,4.912,0.004,0.007,4.923,1.538,10.20,13.65,10.65,6.65,1.6531,8.8560,2.604,NO
6651,7.694,5.001,0.004,0.007,5.012,1.538,10.20,14.24,11.24,7.24,1.6721,8.9578,2.587,NO
6652,7.745,5.034,0.004,0.007,5.046,1.538,10.20,15.20,12.20,8.20,1.6792,8.9957,2.581,NO
6653,8.369,5.440,0.004,0.007,5.451,1.538,10.20,16.44,13.44,9.44,1.7657,9.4593,2.512,NO
6654,8.487,5.517,0.004,0.007,5.528,1.538,10.20,17.89,14.89,10.89,1.7821,9.5467,2.500,NO
6655,8.794,5.716,0.004,0.007,5.727,1.538,10.20,19.44,16.44,12.44,2.6065,9.7743,2.470,NO
6656,9.426,6.127,0.004,0.007,6.138,1.538,10.20,20.99,17.99,13.99,2.7317,10.2439,2.415,NO
6657,9.850,6.402,0.004,0.007,6.414,1.538,10.20,22.44,19.44,15.44,2.8156,10.5585,2.382,NO
6658,9.601,6.241,0.004,0.007,6.252,1.538,10.20,23.68,20.68,16.68,2.7663,10.3737,2.401,NO
6659,10.122,6.580,0.004,0.008,6.591,1.538,10.20,24.64,21.64,17.64,2.8696,10.7611,2.362,NO
6660,10.593,6.886,0.005,0.009,6.899,1.538,10.21,25.24,22.24,18.24,2.9631,11.1117,2.331,NO
6661,10.187,6.622,0.004,0.008,6.634,1.538,10.20,25.44,22.44,18.44,4.3238,10.8095,2.358,NO
6662,10.248,6.661,0.004,0.008,6.673,1.538,10.20,25.24,22.24,18.24,4.3418,10.8545,2.354,NO
6663,9.903,6.437,0.004,0.007,6.448,1.538,10.20,24.64,21.64,17.64,4.2392,10.5979,2.378,NO
6664,10.016,6.510,0.004,0.007,6.522,1.538,10.20,23.68,20.68,16.68,4.2728,10.6819,2.370,NO
6665,9.906,6.439,0.004,0.007,6.450,1.538,10.20,22.44,19.44,15.44,4.2401,10.6002,2.378,NO
6666,9.417,6.121,0.004,0.007,6.133,1.538,10.20,20.99,17.99,13.99,4.0949,10.2374,2.416,NO
6667,8.717,5.666,0.004,0.007,5.677,1.538,10.20,19.44,16.44,12.44,2.5912,9.7172,2.477,NO
6668,8.610,5.596,0.004,0.007,5.608,1.538,10.20,17.89,14.89,10.89,2.5700,9.6377,2.488,NO
6669,8.487,5.517,0.004,0.007,5.528,1.538,10.20,16.44,13.44,9.44,2.5458,9.5467,2.500,NO
6670,8.294,5.391,0.004,0.007,5.402,1.538,10.20,15.20,12.20,8.20,2.5075,9.4032,2.519,NO
6671,7.681,4.993,0.004,0.007,5.004,1.538,10.20,14.24,11.24,7.24,1.6704,8.9486,2.589,NO
6672,7.712,5.013,0.004,0.007,5.024,1.538,10.20,13.65,10.65,6.65,1.6746,8.9712,2.585,NO
6673,6.327,4.113,0.004,0.007,4.124,1.538,10.20,13.27,10.27,6.27,1.4827,7.9429,2.790,NO
6674,6.550,4.257,0.004,0.007,4.269,1.538,10.20,13.47,10.47,6.47,1.5136,8.1084,2.751,NO
6675,6.623,4.305,0.004,0.007,4.316,1.538,10.20,14.07,11.07,7.07,1.5237,8.1626,2.739,NO
6676,6.879,4.471,0.004,0.007,4.483,1.538,10.20,15.03,12.03,8.03,1.5592,8.3527,2.698,NO
6677,6.689,4.348,0.004,0.007,4.359,1.538,10.20,16.27,13.27,9.27,1.5328,8.2113,2.728,NO
6678,7.004,4.552,0.004,0.007,4.564,1.538,10.20,17.72,14.72,10.72,1.5765,8.4453,2.680,NO
6679,7.938,5.159,0.004,0.007,5.171,1.538,10.20,19.27,16.27,12.27,2.4370,9.1387,2.559,NO
6680,8.324,5.410,0.004,0.007,5.422,1.538,10.20,20.82,17.82,13.82,2.5135,9.4255,2.516,NO
6681,8.259,5.368,0.004,0.007,5.380,1.538,10.20,22.27,19.27,15.27,2.5007,9.3776,2.523,NO
6682,8.678,5.641,0.004,0.007,5.652,1.538,10.20,23.51,20.51,16.51,2.5837,9.6887,2.481,NO
6683,8.665,5.632,0.004,0.007,5.644,1.538,10.20,24.47,21.47,17.47,2.5811,9.6790,2.482,NO
6684,8.748,5.686,0.004,0.007,5.698,1.538,10.20,25.06,22.06,18.06,2.5975,9.7407,2.474,NO
6685,8.901,5.786,0.004,0.007,5.797,1.538,10.20,25.27,22.27,18.27,2.6278,9.8543,2.460,NO
6686,9.032,5.871,0.004,0.007,5.882,1.538,10.20,25.06,22.06,18.06,2.6537,9.9512,2.448,NO
6687,9.081,5.903,0.004,0.007,5.914,1.538,10.20,24.47,21.47,17.47,2.6634,9.9876,2.444,NO
6688,8.295,5.392,0.004,0.007,5.403,1.538,10.20,23.51,20.51,16.51,2.5078,9.4042,2.519,NO
6689,8.222,5.345,0.004,0.007,5.356,1.538,10.20,22.27,19.27,15.27,2.4934,9.3502,2.527,NO
6690,7.929,5.154,0.004,0.007,5.165,1.538,10.20,20.82,17.82,13.82,2.4352,9.1322,2.560,NO
6691,7.531,4.895,0.004,0.007,4.906,1.538,10.20,19.27,16.27,12.27,2.3565,8.8368,2.608,NO
6692,7.452,4.844,0.004,0.007,4.855,1.538,10.20,17.72,14.72,10.72,2.3409,8.7783,2.618,NO
6693,6.964,4.527,0.004,0.007,4.538,1.538,10.20,16.27,13.27,9.27,2.2442,8.4158,2.686,NO
6694,6.676,4.339,0.004,0.007,4.351,1.538,10.20,15.03,12.03,8.03,2.1872,8.2020,2.730,NO
6695,6.546,4.255,0.004,0.007,4.267,1.538,10.20,14.07,11.07,7.07,1.5131,8.1058,2.752,NO
6696,6.327,4.113,0.004,0.007,4.124,1.538,10.20,13.47,10.47,6.47,1.4827,7.9429,2.790,NO
6697,6.650,4.323,0.004,0.007,4.334,1.538,10.20,13.10,10.10,6.10,1.5274,8.1828,2.734,NO
6698,6.327,4.113,0.004,0.007,4.124,1.538,10.20,13.30,10.30,6.30,1.4827,7.9429,2.790,NO
6699,6.692,4.350,0.004,0.007,4.361,1.538,10.20,13.90,10.90,6.90,1.5333,8.2142,2.728,NO
6700,6.621,4.303,0.004,0.007,4.315,1.538,10.20,14.85,11.85,7.85,1.5234,8.1610,2.739,NO
6701,6.863,4.461,0.004,0.007,4.472,1.538,10.20,16.10,13.10,9.10,1.5569,8.3407,2.701,NO
6702,7.121,4.628,0.004,0.007,4.640,1.538,10.20,17.54,14.54,10.54,1.5927,8.5321,2.663,NO
6703,7.460,4.849,0.004,0.007,4.860,1.538,10.20,19.10,16.10,12.10,2.3425,8.7843,2.617,NO
6704,7.954,5.170,0.004,0.007,5.181,1.538,10.20,20.65,17.65,13.65,2.4403,9.1510,2.557,NO
6705,8.461,5.499,0.004,0.007,5.511,1.538,10.20,22.10,19.10,15.10,2.5405,9.5270,2.502,NO
6706,8.748,5.686,0.004,0.007,5.697,1.538,10.20,23.34,20.34,16.34,2.5975,9.7404,2.474,NO
6707,9.134,5.937,0.004,0.007,5.949,1.538,10.20,24.29,21.29,17.29,2.6740,10.0275,2.439,NO
6708,8.625,5.606,0.004,0.007,5.617,1.538,10.20,24.89,21.89,17.89,2.5730,9.6488,2.486,NO
6709,9.013,5.858,0.004,0.007,5.870,1.538,10.20,25.10,22.10,18.10,2.6499,9.9371,2.450,NO
6710,8.719,5.667,0.004,0.007,5.679,1.538,10.20,24.89,21.89,17.89,2.5917,9.7188,2.477,NO
6711,8.522,5.539,0.004,0.007,5.550,1.538,10.20,24.29,21.29,17.29,2.5526,9.5724,2.496,NO
6712,8.308,5.400,0.004,0.007,5.411,1.538,10.20,23.34,20.34,16.34,2.5103,9.4136,2.518,NO
6713,8.486,5.516,0.004,0.007,5.527,1.538,10.20,22.10,19.10,15.10,2.5457,9.5462,2.500,NO
6714,7.807,5.075,0.004,0.007,5.086,1.538,10.20,20.65,17.65,13.65,2.4112,9.0420,2.574,NO
6715,7.889,5.128,0.004,0.007,5.139,1.538,10.20,19.10,16.10,12.10,2.4273,9.1024,2.564,NO
6716,7.441,4.837,0.004,0.007,4.848,1.538,10.20,17.54,14.54,10.54,2.3387,8.7700,2.619,NO
6717,6.900,4.485,0.004,0.007,4.497,1.538,10.20,16.10,13.10,9.10,2.2316,8.3686,2.695,NO
6718,6.468,4.204,0.004,0.007,4.215,1.538,10.20,14.85,11.85,7.85,2.1460,8.0474,2.765,NO
6719,6.329,4.114,0.004,0.007,4.125,1.538,10.20,13.90,10.90,6.90,1.4830,7.9444,2.789,NO
6720,6.327,4.113,0.004,0.007,4.124,1.538,10.20,13.30,10.30,6.30,1.4827,7.9429,2.790,NO
6721,7.804,5.073,0.004,0.007,5.084,1.538,10.20,12.93,9.93,5.93,1.6874,9.0397,2.574,NO
6722,7.916,5.146,0.004,0.007,5.157,1.538,10.20,13.13,10.13,6.13,1.7029,9.1229,2.561,NO
6723,7.876,5.120,0.004,0.007,5.131,1.538,10.20,13.73,10.73,6.73,1.6974,9.0933,2.566,NO
6724,8.283,5.384,0.004,0.007,5.396,1.538,10.20,14.68,11.68,7.68,1.7538,9.3955,2.521,NO
6725,8.150,5.298,0.004,0.007,5.309,1.538,10.20,15.93,12.93,8.93,1.7353,9.2965,2.535,NO
6726,8.723,5.670,0.004,0.007,5.681,1.538,10.20,17.37,14.37,10.37,1.8147,9.7216,2.477,NO
6727,8.777,5.705,0.004,0.007,5.716,1.538,10.20,18.93,15.93,11.93,2.6032,9.7618,2.472,NO
6728,9.151,5.948,0.004,0.007,5.960,1.538,10.20,20.48,17.48,13.48,2.6773,10.0400,2.438,NO
6729,9.626,6.257,0.004,0.007,6.268,1.538,10.20,21.93,18.93,14.93,2.7713,10.3925,2.399,NO
6730,10.177,6.615,0.004,0.008,6.627,1.538,10.20,23.17,20.17,16.17,2.8805,10.8019,2.359,NO
6731,9.968,6.479,0.004,0.007,6.490,1.538,10.20,24.12,21.12,17.12,2.8390,10.6463,2.373,NO
6732,10.125,6.581,0.004,0.008,6.593,1.538,10.20,24.72,21.72,17.72,2.8701,10.7629,2.362,NO
6733,10.314,6.704,0.004,0.008,6.717,1.538,10.21,24.93,21.93,17.93,4.3615,10.9038,2.349,NO
6734,10.120,6.578,0.004,0.008,6.590,1.538,10.20,24.72,21.72,17.72,4.3037,10.7593,2.363,NO
6735,10.321,6.709,0.004,0.008,6.721,1.538,10.21,24.12,21.12,17.12,4.3637,10.9092,2.349,NO
6736,9.824,6.385,0.004,0.007,6.397,1.538,10.20,23.17,20.17,16.17,4.2157,10.5392,2.384,NO
6737,9.719,6.318,0.004,0.007,6.329,1.538,10.20,21.93,18.93,14.93,4.1847,10.4617,2.392,NO
6738,9.546,6.205,0.004,0.007,6.216,1.538,10.20,20.48,17.48,13.48,4.1332,10.3331,2.405,NO
6739,9.071,5.896,0.004,0.007,5.907,1.538,10.20,18.93,15.93,11.93,2.6614,9.9803,2.445,NO
6740,8.940,5.811,0.004,0.007,5.823,1.538,10.20,17.37,14.37,10.37,2.6356,9.8833,2.457,NO
6741,8.373,5.443,0.004,0.007,5.454,1.538,10.20,15.93,12.93,8.93,2.5233,9.4622,2.511,NO
6742,8.019,5.213,0.004,0.007,5.224,1.538,10.20,14.68,11.68,7.68,2.4532,9.1995,2.549,NO
6743,7.505,4.878,0.004,0.007,4.890,1.538,10.20,13.73,10.73,6.73,1.6459,8.8176,2.611,NO
6744,8.024,5.216,0.004,0.007,5.227,1.538,10.20,13.13,10.13,6.13,1.7179,9.2030,2.549,NO
6745,7.809,5.076,0.004,0.007,5.087,1.538,10.20,12.76,9.76,5.76,1.6881,9.0436,2.573,NO
6746,7.519,4.888,0.004,0.007,4.899,1.538,10.20,12.96,9.96,5.96,1.6479,8.8282,2.609,NO
6747,7.616,4.950,0.004,0.007,4.962,1.538,10.20,13.56,10.56,6.56,1.6613,8.8998,2.597,NO
6748,7.785,5.060,0.004,0.007,5.072,1.538,10.20,14.51,11.51,7.51,1.6848,9.0256,2.576,NO
6749,8.540,5.551,0.004,0.007,5.562,1.538,10.20,15.76,12.76,8.76,1.7894,9.5858,2.494,NO
6750,8.382,5.448,0.004,0.007,5.460,1.538,10.20,17.20,14.20,10.20,1.7675,9.4689,2.510,NO
6751,9.208,5.985,0.004,0.007,5.996,1.538,10.20,18.76,15.76,11.76,2.6885,10.0818,2.433,NO
6752,9.068,5.894,0.004,0.007,5.906,1.538,10.20,20.31,17.31,13.31,2.6608,9.9781,2.445,NO
6753,9.979,6.486,0.004,0.007,6.497,1.538,10.20,21.76,18.76,14.76,2.8411,10.6542,2.373,NO
6754,10.051,6.533,0.004,0.008,6.545,1.538,10.20,23.00,20.00,16.00,2.8554,10.7079,2.368,NO
6755,10.473,6.807,0.004,0.009,6.820,1.538,10.21,23.95,20.95,16.95,2.9391,11.0218,2.339,NO
6756,10.292,6.690,0.004,0.008,6.702,1.538,10.21,24.55,21.55,17.55,2.9033,10.8874,2.351,NO
6757,10.464,6.802,0.004,0.008,6.814,1.538,10.21,24.76,21.76,17.76,4.4061,11.0152,2.339,NO
6758,10.509,6.831,0.005,0.009,6.844,1.538,10.21,24.55,21.55,17.55,4.4197,11.0492,2.336,NO
6759,10.259,6.669,0.004,0.008,6.681,1.538,10.21,23.95,20.95,16.95,4.3452,10.8630,2.353,NO
6760,10.213,6.639,0.004,0.008,6.651,1.538,10.20,23.00,20.00,16.00,4.3315,10.8289,2.356,NO
6761,9.554,6.210,0.004,0.007,6.222,1.538,10.20,21.76,18.76,14.76,4.1357,10.3392,2.405,NO
6762,9.095,5.912,0.004,0.007,5.923,1.538,10.20,20.31,17.31,13.31,3.9992,9.9981,2.443,NO
6763,8.995,5.847,0.004,0.007,5.858,1.538,10.20,18.76,15.76,11.76,2.6464,9.9239,2.452,NO
6764,8.634,5.612,0.004,0.007,5.623,1.538,10.20,17.20,14.20,10.20,2.5748,9.6555,2.485,NO
6765,8.028,5.218,0.004,0.007,5.229,1.538,10.20,15.76,12.76,8.76,2.4549,9.2058,2.548,NO
6766,7.835,5.092,0.004,0.007,5.104,1.538,10.20,14.51,11.51,7.51,2.4166,9.0623,2.570,NO
6767,7.957,5.172,0.004,0.007,5.183,1.538,10.20,13.56,10.56,6.56,1.7085,9.1529,2.556,NO
6768,7.411,4.817,0.004,0.007,4.829,1.538,10.20,12.96,9.96,5.96,1.6330,8.7480,2.623,NO
6769,7.408,4.815,0.004,0.007,4.826,1.538,10.20,12.58,9.58,5.58,1.6325,8.7454,2.623,NO
6770,7.556,4.912,0.004,0.007,4.923,1.538,10.20,12.79,9.79,5.79,1.6531,8.8558,2.604,NO
6771,8.001,5.201,0.004,0.007,5.212,1.538,10.20,13.39,10.39,6.39,1.7147,9.1862,2.551,NO
6772,7.836,5.094,0.004,0.007,5.105,1.538,10.20,14.34,11.34,7.34,1.6919,9.0637,2.570,NO
6773,8.458,5.498,0.004,0.007,5.509,1.538,10.20,15.58,12.58,8.58,1.7780,9.5251,2.503,NO
6774,8.464,5.501,0.004,0.007,5.513,1.538,10.20,17.03,14.03,10.03,1.7788,9.5293,2.502,NO
6775,9.137,5.939,0.004,0.007,5.950,1.538,10.20,18.58,15.58,11.58,2.6745,10.0293,2.439,NO
6776,9.460,6.149,0.004,0.007,6.161,1.538,10.20,20.14,17.14,13.14,2.7385,10.2694,2.412,NO
6777,9.541,6.201,0.004,0.007,6.213,1.538,10.20,21.58,18.58,14.58,2.7544,10.3291,2.406,NO
6778,10.084,6.554,0.004,0.008,6.566,1.538,10.20,22.83,19.83,15.83,2.8619,10.7323,2.365,NO
6779,10.285,6.685,0.004,0.008,6.697,1.538,10.21,23.78,20.78,16.78,2.9018,10.8819,2.351,NO
6780,10.259,6.668,0.004,0.008,6.680,1.538,10.21,24.38,21.38,17.38,2.8967,10.8625,2.353,NO
6781,10.378,6.746,0.004,0.008,6.758,1.538,10.21,24.58,21.58,17.58,4.3805,10.9512,2.345,NO
6782,10.107,6.570,0.004,0.008,6.581,1.538,10.20,24.38,21.38,17.38,4.2999,10.7497,2.364,NO
6783,10.252,6.664,0.004,0.008,6.676,1.538,10.21,23.78,20.78,16.78,4.3431,10.8579,2.353,NO
6784,10.183,6.619,0.004,0.008,6.631,1.538,10.20,22.83,19.83,15.83,4.3226,10.8064,2.358,NO
6785,9.933,6.456,0.004,0.007,6.468,1.538,10.20,21.58,18.58,14.58,4.2480,10.6201,2.376,NO
6786,9.231,6.000,0.004,0.007,6.011,1.538,10.20,20.14,17.14,13.14,4.0396,10.0989,2.431,NO
6787,8.797,5.718,0.004,0.007,5.730,1.538,10.20,18.58,15.58,11.58,2.6072,9.7771,2.470,NO
6788,8.396,5.458,0.004,0.007,5.469,1.538,10.20,17.03,14.03,10.03,2.5279,9.4795,2.509,NO
6789,8.139,5.290,0.004,0.007,5.301,1.538,10.20,15.58,12.58,8.58,2.4768,9.2880,2.536,NO
6790,7.725,5.021,0.004,0.007,5.032,1.538,10.20,14.34,11.34,7.34,2.3948,8.9806,2.584,NO
6791,7.851,5.103,0.004,0.007,5.114,1.538,10.20,13.39,10.39,6.39,1.6939,9.0744,2.569,NO
6792,7.646,4.970,0.004,0.007,4.981,1.538,10.20,12.79,9.79,5.79,1.6655,8.9224,2.593,NO
6793,7.418,4.822,0.004,0.007,4.833,1.538,10.20,12.41,9.41,5.41,1.6338,8.7527,2.622,NO
6794,7.962,5.175,0.004,0.007,5.186,1.538,10.20,12.62,9.62,5.62,1.7093,9.1567,2.556,NO
6795,7.529,4.894,0.004,0.007,4.905,1.538,10.20,13.22,10.22,6.22,1.6492,8.8352,2.608,NO
6796,7.769,5.050,0.004,0.007,5.061,1.538,10.20,14.17,11.17,7.17,1.6826,9.0137,2.578,NO
6797,8.000,5.200,0.004,0.007,5.211,1.538,10.20,15.41,12.41,8.41,1.7145,9.1848,2.551,NO
6798,8.769,5.700,0.004,0.007,5.711,1.538,10.20,16.86,13.86,9.86,1.8212,9.7564,2.472,NO
6799,8.924,5.800,0.004,0.007,5.812,1.538,10.20,18.41,15.41,11.41,2.6322,9.8709,2.458,NO
6800,9.434,6.132,0.004,0.007,6.144,1.538,10.20,19.97,16.97,12.97,2.7334,10.2502,2.414,NO
6801,9.616,6.251,0.004,0.007,6.262,1.538,10.20,21.41,18.41,14.41,2.7694,10.3853,2.400,NO
6802,10.083,6.554,0.004,0.008,6.566,1.538,10.20,22.66,19.66,15.66,2.8619,10.7322,2.365,NO
6803,10.134,6.587,0.004,0.008,6.599,1.538,10.20,23.61,20.61,16.61,2.8720,10.7699,2.362,NO
6804,10.180,6.617,0.004,0.008,6.629,1.538,10.20,24.21,21.21,17.21,2.8810,10.8038,2.358,NO
6805,10.608,6.895,0.005,0.009,6.909,1.538,10.21,24.41,21.41,17.41,4.4491,11.1227,2.330,NO
6806,10.493,6.821,0.005,0.009,6.834,1.538,10.21,24.21,21.21,17.21,4.4148,11.0371,2.337,NO
6807,10.079,6.551,0.004,0.008,6.563,1.538,10.20,23.61,20.61,16.61,4.2914,10.7285,2.366,NO
6808,9.737,6.329,0.004,0.007,6.340,1.538,10.20,22.66,19.66,15.66,4.1899,10.4749,2.391,NO
6809,9.754,6.340,0.004,0.007,6.352,1.538,10.20,21.41,18.41,14.41,4.1950,10.4876,2.389,NO
6810,9.305,6.048,0.004,0.007,6.060,1.538,10.20,19.97,16.97,12.97,4.0616,10.1541,2.425,NO
6811,8.987,5.841,0.004,0.007,5.853,1.538,10.20,18.41,15.41,11.41,2.6447,9.9178,2.452,NO
6812,8.687,5.647,0.004,0.007,5.658,1.538,10.20,16.86,13.86,9.86,2.5854,9.6953,2.480,NO
6813,8.293,5.391,0.004,0.007,5.402,1.538,10.20,15.41,12.41,8.41,2.5074,9.4029,2.520,NO
6814,8.137,5.289,0.004,0.007,5.300,1.538,10.20,14.17,11.17,7.17,2.4764,9.2867,2.536,NO
6815,8.105,5.269,0.004,0.007,5.280,1.538,10.20,13.22,10.22,6.22,1.7292,9.2634,2.540,NO
6816,7.779,5.056,0.004,0.007,5.068,1.538,10.20,12.62,9.62,5.62,1.6839,9.0210,2.577,NO
6817,7.610,4.946,0.004,0.007,4.958,1.538,10.20,12.24,9.24,5.24,1.6604,8.8952,2.598,NO
6818,7.735,5.028,0.004,0.007,5.039,1.538,10.20,12.45,9.45,5.45,1.6778,8.9882,2.582,NO
6819,8.150,5.298,0.004,0.007,5.309,1.538,10.20,13.05,10.05,6.05,1.7354,9.2967,2.535,NO
6820,7.876,5.119,0.004,0.007,5.130,1.538,10.20,14.00,11.00,7.00,1.6973,9.0927,2.566,NO
6821,8.559,5.563,0.004,0.007,5.575,1.538,10.20,15.24,12.24,8.24,1.7920,9.6000,2.493,NO
6822,8.735,5.678,0.004,0.007,5.689,1.538,10.20,16.69,13.69,9.69,1.8164,9.7308,2.476,NO
6823,9.230,5.999,0.004,0.007,6.011,1.538,10.20,18.24,15.24,11.24,2.6929,10.0982,2.431,NO
6824,9.112,5.923,0.004,0.007,5.934,1.538,10.20,19.80,16.80,12.80,2.6695,10.0107,2.441,NO
6825,9.472,6.157,0.004,0.007,6.168,1.538,10.20,21.24,18.24,14.24,2.7408,10.2780,2.411,NO
6826,9.892,6.430,0.004,0.007,6.441,1.538,10.20,22.49,19.49,15.49,2.8240,10.5901,2.379,NO
6827,9.848,6.401,0.004,0.007,6.412,1.538,10.20,23.44,20.44,16.44,2.8152,10.5569,2.382,NO
6828,10.211,6.637,0.004,0.008,6.649,1.538,10.20,24.04,21.04,17.04,2.8873,10.8273,2.356,NO
6829,10.086,6.556,0.004,0.008,6.567,1.538,10.20,24.24,21.24,17.24,4.2935,10.7338,2.365,NO
6830,10.148,6.596,0.004,0.008,6.608,1.538,10.20,24.04,21.04,17.04,4.3121,10.7802,2.361,NO
6831,9.843,6.398,0.004,0.007,6.409,1.538,10.20,23.44,20.44,16.44,4.2215,10.5538,2.383,NO
6832,10.003,6.502,0.004,0.007,6.513,1.538,10.20,22.49,19.49,15.49,4.2689,10.6723,2.371,NO
6833,9.423,6.125,0.004,0.007,6.136,1.538,10.20,21.24,18.24,14.24,4.0966,10.2415,2.415,NO
6834,9.441,6.137,0.004,0.007,6.148,1.538,10.20,19.80,16.80,12.80,4.1020,10.2549,2.414,NO
6835,8.913,5.793,0.004,0.007,5.804,1.538,10.20,18.24,15.24,11.24,2.6300,9.8626,2.459,NO
6836,8.332,5.416,0.004,0.007,5.427,1.538,10.20,16.69,13.69,9.69,2.5151,9.4317,2.515,NO
6837,8.227,5.347,0.004,0.007,5.359,1.538,10.20,15.24,12.24,8.24,2.4942,9.3534,2.527,NO
6838,7.995,5.197,0.004,0.007,5.208,1.538,10.20,14.00,11.00,7.00,2.4484,9.1814,2.552,NO
6839,7.781,5.058,0.004,0.007,5.069,1.538,10.20,13.05,10.05,6.05,1.6842,9.0227,2.577,NO
6840,7.652,4.974,0.004,0.007,4.985,1.538,10.20,12.45,9.45,5.45,1.6663,8.9267,2.592,NO
6841,6.366,4.138,0.004,0.007,4.149,1.538,10.20,12.08,9.08,5.08,1.4881,7.9718,2.783,NO
6842,6.617,4.301,0.004,0.007,4.312,1.538,10.20,12.28,9.28,5.28,1.5229,8.1584,2.740,NO
6843,6.583,4.279,0.004,0.007,4.290,1.538,10.20,12.88,9.88,5.88,1.5181,8.1328,2.745,NO
6844,6.681,4.342,0.004,0.007,4.354,1.538,10.20,13.83,10.83,6.83,1.5317,8.2054,2.729,NO
6845,7.251,4.713,0.004,0.007,4.725,1.538,10.20,15.08,12.08,8.08,1.6108,8.6292,2.644,NO
6846,7.039,4.575,0.004,0.007,4.586,1.538,10.20,16.52,13.52,9.52,1.5813,8.4713,2.675,NO
6847,7.945,5.164,0.004,0.007,5.176,1.538,10.20,18.08,15.08,11.08,2.4385,9.1443,2.558,NO
6848,8.219,5.342,0.004,0.007,5.354,1.538,10.20,19.63,16.63,12.63,2.4928,9.3478,2.527,NO
6849,8.173,5.312,0.004,0.007,5.324,1.538,10.20,21.08,18.08,14.08,2.4836,9.3135,2.532,NO
6850,8.923,5.800,0.004,0.007,5.811,1.538,10.20,22.32,19.32,15.32,2.6321,9.8705,2.458,NO
6851,9.003,5.852,0.004,0.007,5.863,1.538,10.20,23.27,20.27,16.27,2.6479,9.9296,2.451,NO
6852,9.105,5.918,0.004,0.007,5.930,1.538,10.20,23.87,20.87,16.87,2.6681,10.0055,2.442,NO
6853,8.769,5.700,0.004,0.007,5.711,1.538,10.20,24.08,21.08,17.08,2.6016,9.7559,2.472,NO
6854,9.130,5.935,0.004,0.007,5.946,1.538,10.20,23.87,20.87,16.87,2.6732,10.0244,2.440,NO
6855,8.880,5.772,0.004,0.007,5.783,1.538,10.20,23.27,20.27,16.27,2.6237,9.8387,2.462,NO
6856,8.758,5.693,0.004,0.007,5.704,1.538,10.20,22.32,19.32,15.32,2.5995,9.7482,2.473,NO
6857,8.438,5.484,0.004,0.007,5.496,1.538,10.20,21.08,18.08,14.08,2.5360,9.5100,2.505,NO
6858,8.149,5.297,0.004,0.007,5.308,1.538,10.20,19.63,16.63,12.63,2.4788,9.2955,2.535,NO
6859,7.474,4.858,0.004,0.007,4.869,1.538,10.20,18.08,15.08,11.08,2.3452,8.7945,2.615,NO
6860,7.451,4.843,0.004,0.007,4.855,1.538,10.20,16.52,13.52,9.52,2.3407,8.7777,2.618,NO
6861,7.196,4.678,0.004,0.007,4.689,1.538,10.20,15.08,12.08,8.08,2.2902,8.5884,2.652,NO
6862,6.918,4.497,0.004,0.007,4.508,1.538,10.20,13.83,10.83,6.83,2.2351,8.3818,2.692,NO
6863,6.568,4.270,0.004,0.007,4.281,1.538,10.20,12.88,9.88,5.88,1.5161,8.1222,2.748,NO
6864,6.327,4.113,0.004,0.007,4.124,1.538,10.20,12.28,9.28,5.28,1.4827,7.9429,2.790,NO
6865,6.327,4.113,0.004,0.007,4.124,1.538,10.20,11.91,8.91,4.91,1.4827,7.9429,2.790,NO
6866,6.327,4.113,0.004,0.007,4.124,1.538,10.20,12.11,9.11,5.11,1.4827,7.9429,2.790,NO
6867,6.327,4.113,0.004,0.007,4.124,1.538,10.20,12.71,9.71,5.71,1.4827,7.9429,2.790,NO
6868,7.037,4.574,0.004,0.007,4.585,1.538,10.20,13.66,10.66,6.66,1.5810,8.4698,2.675,NO
6869,7.324,4.760,0.004,0.007,4.772,1.538,10.20,14.91,11.91,7.91,1.6208,8.6829,2.635,NO
6870,6.990,4.543,0.004,0.007,4.555,1.538,10.20,16.35,13.35,9.35,1.5745,8.4350,2.682,NO
6871,7.702,5.006,0.004,0.007,5.018,1.538,10.20,17.91,14.91,10.91,2.3903,8.9638,2.586,NO
6872,7.745,5.034,0.004,0.007,5.045,1.538,10.20,19.46,16.46,12.46,2.3988,8.9955,2.581,NO
6873,8.381,5.447,0.004,0.007,5.459,1.538,10.20,20.91,17.91,13.91,2.5247,9.4677,2.510,NO
6874,8.570,5.571,0.004,0.007,5.582,1.538,10.20,22.15,19.15,15.15,2.5623,9.6085,2.491,NO
6875,8.500,5.525,0.004,0.007,5.536,1.538,10.20,23.10,20.10,16.10,2.5483,9.5560,2.498,NO
6876,8.820,5.733,0.004,0.007,5.744,1.538,10.20,23.70,20.70,16.70,2.6117,9.7939,2.468,NO
6877,9.259,6.019,0.004,0.007,6.030,1.538,10.20,23.91,20.91,16.91,2.6987,10.1202,2.429,NO
6878,9.105,5.918,0.004,0.007,5.930,1.538,10.20,23.70,20.70,16.70,2.6682,10.0058,2.442,NO
6879,8.917,5.796,0.004,0.007,5.807,1.538,10.20,23.10,20.10,16.10,2.6309,9.8657,2.459,NO
6880,8.287,5.387,0.004,0.007,5.398,1.538,10.20,22.15,19.15,15.15,2.5063,9.3985,2.520,NO
6881,8.651,5.623,0.004,0.007,5.635,1.538,10.20,20.91,17.91,13.91,2.5783,9.6685,2.484,NO
6882,7.789,5.063,0.004,0.007,5.074,1.538,10.20,19.46,16.46,12.46,2.4077,9.0288,2.576,NO
6883,7.828,5.088,0.004,0.007,5.100,1.538,10.20,17.91,14.91,10.91,2.4153,9.0575,2.571,NO
6884,7.095,4.612,0.004,0.007,4.623,1.538,10.20,16.35,13.35,9.35,2.2702,8.5133,2.666,NO
6885,6.780,4.407,0.004,0.007,4.418,1.538,10.20,14.91,11.91,7.91,2.2077,8.2790,2.714,NO
6886,6.516,4.235,0.004,0.007,4.247,1.538,10.20,13.66,10.66,6.66,2.1555,8.0831,2.757,NO
6887,6.712,4.363,0.004,0.007,4.374,1.538,10.20,12.71,9.71,5.71,1.5360,8.2287,2.724,NO
6888,6.668,4.334,0.004,0.007,4.346,1.538,10.20,12.11,9.11,5.11,1.5300,8.1964,2.731,NO
6889,7.481,4.863,0.004,0.007,4.874,1.538,10.20,11.74,8.74,4.74,1.6426,8.7999,2.614,NO
6890,7.812,5.078,0.004,0.007,5.089,1.538,10.20,11.94,8.94,4.94,1.6884,9.0452,2.573,NO
6891,7.863,5.111,0.004,0.007,5.122,1.538,10.20,12.54,9.54,5.54,1.6956,9.0834,2.567,NO
6892,7.800,5.070,0.004,0.007,5.082,1.538,10.20,13.50,10.50,6.50,1.6869,9.0370,2.574,NO
6893,8.632,5.611,0.004,0.007,5.622,1.538,10.20,14.74,11.74,7.74,1.8022,9.6545,2.485,NO
6894,8.901,5.786,0.004,0.007,5.797,1.538,10.20,16.19,13.19,9.19,1.8395,9.8544,2.460,NO
6895,8.848,5.751,0.004,0.007,5.763,1.538,10.20,17.74,14.74,10.74,2.6173,9.8149,2.465,NO
6896,9.657,6.277,0.004,0.007,6.288,1.538,10.20,19.29,16.29,12.29,2.7774,10.4154,2.397,NO
6897,9.753,6.340,0.004,0.007,6.351,1.538,10.20,20.74,17.74,13.74,2.7965,10.4868,2.389,NO
6898,9.610,6.246,0.004,0.007,6.258,1.538,10.20,21.98,18.98,14.98,2.7680,10.3802,2.400,NO
6899,10.138,6.590,0.004,0.008,6.602,1.538,10.20,22.93,19.93,15.93,2.8728,10.7730,2.361,NO
6900,10.400,6.760,0.004,0.008,6.773,1.538,10.21,23.53,20.53,16.53,2.9247,10.9675,2.344,NO
6901,10.603,6.892,0.005,0.009,6.905,1.538,10.21,23.74,20.74,16.74,4.4474,11.1185,2.330,NO
6902,10.415,6.770,0.004,0.008,6.783,1.538,10.21,23.53,20.53,16.53,4.3916,10.9790,2.343,NO
6903,10.192,6.625,0.004,0.008,6.637,1.538,10.20,22.93,19.93,15.93,4.3253,10.8132,2.358,NO
6904,9.751,6.338,0.004,0.007,6.349,1.538,10.20,21.98,18.98,14.98,4.1940,10.4850,2.390,NO
6905,9.341,6.071,0.004,0.007,6.083,1.538,10.20,20.74,17.74,13.74,4.0722,10.1806,2.422,NO
6906,9.184,5.969,0.004,0.007,5.981,1.538,10.20,19.29,16.29,12.29,4.0256,10.0640,2.435,NO
6907,9.035,5.873,0.004,0.007,5.884,1.538,10.20,17.74,14.74,10.74,2.6543,9.9536,2.448,NO
6908,8.666,5.633,0.004,0.007,5.644,1.538,10.20,16.19,13.19,9.19,2.5813,9.6797,2.482,NO
6909,8.149,5.297,0.004,0.007,5.308,1.538,10.20,14.74,11.74,7.74,2.4789,9.2958,2.535,NO
6910,8.294,5.391,0.004,0.007,5.402,1.538,10.20,13.50,10.50,6.50,2.5075,9.4031,2.519,NO
6911,7.559,4.914,0.004,0.007,4.925,1.538,10.20,12.54,9.54,5.54,1.6535,8.8579,2.604,NO
6912,7.769,5.050,0.004,0.007,5.061,1.538,10.20,11.94,8.94,4.94,1.6825,9.0132,2.578,NO
6913,7.391,4.804,0.004,0.007,4.816,1.538,10.20,11.57,8.57,4.57,1.6302,8.7331,2.626,NO
6914,7.762,5.045,0.004,0.007,5.056,1.538,10.20,11.78,8.78,4.78,1.6815,9.0080,2.579,NO
6915,7.934,5.157,0.004,0.007,5.169,1.538,10.20,12.38,9.38,5.38,1.7055,9.1364,2.559,NO
6916,7.969,5.180,0.004,0.007,5.191,1.538,10.20,13.33,10.33,6.33,1.7103,9.1621,2.555,NO
6917,8.381,5.448,0.004,0.007,5.459,1.538,10.20,14.57,11.57,7.57,1.7673,9.4679,2.510,NO
6918,8.795,5.716,0.004,0.007,5.728,1.538,10.20,16.02,13.02,9.02,1.8247,9.7750,2.470,NO
6919,8.863,5.761,0.004,0.007,5.772,1.538,10.20,17.57,14.57,10.57,2.6203,9.8260,2.464,NO
6920,9.177,5.965,0.004,0.007,5.976,1.538,10.20,19.12,16.12,12.12,2.6823,10.0588,2.436,NO
6921,9.732,6.326,0.004,0.007,6.337,1.538,10.20,20.57,17.57,13.57,2.7923,10.4712,2.391,NO
6922,10.197,6.628,0.004,0.008,6.640,1.538,10.20,21.81,18.81,14.81,2.8845,10.8168,2.357,NO
6923,10.135,6.587,0.004,0.008,6.599,1.538,10.20,22.77,19.77,15.77,2.8721,10.7702,2.362,NO
6924,10.511,6.832,0.005,0.009,6.845,1.538,10.21,23.37,20.37,16.37,2.9467,11.0502,2.336,NO
6925,10.307,6.700,0.004,0.008,6.712,1.538,10.21,23.57,20.57,16.57,4.3595,10.8989,2.350,NO
6926,10.051,6.533,0.004,0.008,6.545,1.538,10.20,23.37,20.37,16.37,4.2832,10.7080,2.367,NO
6927,10.028,6.518,0.004,0.007,6.530,1.538,10.20,22.77,19.77,15.77,4.2764,10.6910,2.369,NO
6928,9.705,6.309,0.004,0.007,6.320,1.538,10.20,21.81,18.81,14.81,4.1806,10.4514,2.393,NO
6929,9.710,6.312,0.004,0.007,6.323,1.538,10.20,20.57,17.57,13.57,4.1819,10.4549,2.393,NO
6930,9.465,6.152,0.004,0.007,6.163,1.538,10.20,19.12,16.12,12.12,4.1090,10.2725,2.412,NO
6931,9.042,5.878,0.004,0.007,5.889,1.538,10.20,17.57,14.57,10.57,2.6557,9.9590,2.448,NO
6932,8.361,5.434,0.004,0.007,5.446,1.538,10.20,16.02,13.02,9.02,2.5208,9.4530,2.513,NO
6933,8.370,5.441,0.004,0.007,5.452,1.538,10.20,14.57,11.57,7.57,2.5227,9.4602,2.512,NO
6934,7.860,5.109,0.004,0.007,5.121,1.538,10.20,13.33,10.33,6.33,2.4217,9.0814,2.567,NO
6935,8.057,5.237,0.004,0.007,5.248,1.538,10.20,12.38,9.38,5.38,1.7224,9.2272,2.545,NO
6936,7.656,4.977,0.004,0.007,4.988,1.538,10.20,11.78,8.78,4.78,1.6669,8.9299,2.592,NO
6937,7.562,4.915,0.004,0.007,4.926,1.538,10.20,11.40,8.40,4.40,1.6538,8.8596,2.604,NO
6938,7.870,5.116,0.004,0.007,5.127,1.538,10.20,11.61,8.61,4.61,1.6965,9.0886,2.566,NO
6939,7.643,4.968,0.004,0.007,4.979,1.538,10.20,12.21,9.21,5.21,1.6650,8.9197,2.594,NO
6940,8.359,5.433,0.004,0.007,5.444,1.538,10.20,13.16,10.16,6.16,1.7643,9.4514,2.513,NO
6941,8.500,5.525,0.004,0.007,5.537,1.538,10.20,14.40,11.40,7.40,1.7839,9.5566,2.498,NO
6942,8.955,5.821,0.004,0.007,5.832,1.538,10.20,15.85,12.85,8.85,1.8470,9.8945,2.455,NO
6943,8.724,5.671,0.004,0.007,5.682,1.538,10.20,17.40,14.40,10.40,2.5927,9.7227,2.477,NO
6944,9.557,6.212,0.004,0.007,6.223,1.538,10.20,18.96,15.96,11.96,2.7576,10.3409,2.405,NO
6945,9.685,6.296,0.004,0.007,6.307,1.538,10.20,20.40,17.40,13.40,2.7831,10.4366,2.395,NO
6946,10.239,6.655,0.004,0.008,6.667,1.538,10.20,21.65,18.65,14.65,2.8927,10.8477,2.354,NO
6947,9.972,6.482,0.004,0.007,6.493,1.538,10.20,22.60,19.60,15.60,2.8399,10.6496,2.373,NO
6948,10.200,6.630,0.004,0.008,6.642,1.538,10.20,23.20,20.20,16.20,2.8851,10.8190,2.357,NO
6949,10.142,6.592,0.004,0.008,6.604,1.538,10.20,23.40,20.40,16.40,4.3104,10.7759,2.361,NO
6950,10.543,6.853,0.005,0.009,6.866,1.538,10.21,23.20,20.20,16.20,4.4296,11.0740,2.334,NO
6951,10.180,6.617,0.004,0.008,6.629,1.538,10.20,22.60,19.60,15.60,4.3216,10.8039,2.358,NO
6952,9.918,6.447,0.004,0.007,6.458,1.538,10.20,21.65,18.65,14.65,4.2436,10.6090,2.377,NO
6953,9.964,6.476,0.004,0.007,6.488,1.538,10.20,20.40,17.40,13.40,4.2572,10.6431,2.374,NO
6954,9.446,6.140,0.004,0.007,6.151,1.538,10.20,18.96,15.96,11.96,4.1035,10.2587,2.413,NO
6955,8.942,5.813,0.004,0.007,5.824,1.538,10.20,17.40,14.40,10.40,2.6360,9.8849,2.456,NO
6956,8.685,5.645,0.004,0.007,5.656,1.538,10.20,15.85,12.85,8.85,2.5849,9.6935,2.480,NO
6957,8.429,5.479,0.004,0.007,5.490,1.538,10.20,14.40,11.40,7.40,2.5344,9.5038,2.506,NO
6958,7.946,5.165,0.004,0.007,5.176,1.538,10.20,13.16,10.16,6.16,2.4387,9.1452,2.558,NO
6959,8.041,5.227,0.004,0.007,5.238,1.538,10.20,12.21,9.21,5.21,1.7202,9.2154,2.547,NO
6960,7.641,4.967,0.004,0.007,4.978,1.538,10.20,11.61,8.61,4.61,1.6648,8.9187,2.594,NO
6961,7.392,4.805,0.004,0.007,4.816,1.538,10.20,11.24,8.24,4.24,1.6302,8.7335,2.626,NO
6962,7.428,4.828,0.004,0.007,4.839,1.538,10.20,11.44,8.44,4.44,1.6352,8.7601,2.621,NO
6963,7.670,4.985,0.004,0.007,4.997,1.538,10.20,12.04,9.04,5.04,1.6688,8.9399,2.590,NO
6964,8.070,5.245,0.004,0.007,5.257,1.538,10.20,13.00,10.00,6.00,1.7242,9.2369,2.544,NO
6965,8.243,5.358,0.004,0.007,5.369,1.538,10.20,14.24,11.24,7.24,1.7483,9.3657,2.525,NO
6966,8.740,5.681,0.004,0.007,5.692,1.538,10.20,15.69,12.69,8.69,1.8172,9.7347,2.475,NO
6967,8.917,5.796,0.004,0.007,5.807,1.538,10.20,17.24,14.24,10.24,2.6309,9.8660,2.459,NO
6968,9.578,6.225,0.004,0.007,6.237,1.538,10.20,18.79,15.79,11.79,2.7617,10.3564,2.403,NO
6969,9.885,6.425,0.004,0.007,6.436,1.538,10.20,20.24,17.24,13.24,2.8225,10.5844,2.380,NO
6970,10.086,6.556,0.004,0.008,6.568,1.538,10.20,21.48,18.48,14.48,2.8625,10.7344,2.365,NO
6971,10.220,6.643,0.004,0.008,6.655,1.538,10.20,22.44,19.44,15.44,2.8891,10.8341,2.356,NO
6972,10.302,6.697,0.004,0.008,6.709,1.538,10.21,23.03,20.03,16.03,2.9054,10.8952,2.350,NO
6973,10.101,6.566,0.004,0.008,6.577,1.538,10.20,23.24,20.24,16.24,4.2980,10.7451,2.364,NO
6974,9.996,6.498,0.004,0.007,6.509,1.538,10.20,23.03,20.03,16.03,4.2669,10.6672,2.371,NO
6975,10.175,6.614,0.004,0.008,6.626,1.538,10.20,22.44,19.44,15.44,4.3201,10.8002,2.359,NO
6976,9.820,6.383,0.004,0.007,6.394,1.538,10.20,21.48,18.48,14.48,4.2145,10.5362,2.384,NO
6977,9.586,6.231,0.004,0.007,6.242,1.538,10.20,20.24,17.24,13.24,4.1450,10.3625,2.402,NO
6978,9.640,6.266,0.004,0.007,6.277,1.538,10.20,18.79,15.79,11.79,4.1611,10.4028,2.398,NO
6979,9.270,6.026,0.004,0.007,6.037,1.538,10.20,17.24,14.24,10.24,2.7009,10.1284,2.428,NO
6980,8.648,5.621,0.004,0.007,5.632,1.538,10.20,15.69,12.69,8.69,2.5776,9.6661,2.484,NO
6981,8.557,5.562,0.004,0.007,5.573,1.538,10.20,14.24,11.24,7.24,2.5595,9.5983,2.493,NO
6982,8.302,5.396,0.004,0.007,5.408,1.538,10.20,13.00,10.00,6.00,2.5092,9.4093,2.519,NO
6983,8.005,5.204,0.004,0.007,5.215,1.538,10.20,12.04,9.04,5.04,1.7153,9.1891,2.551,NO
6984,7.776,5.054,0.004,0.007,5.066,1.538,10.20,11.44,8.44,4.44,1.6835,9.0186,2.577,NO
6985,7.751,5.038,0.004,0.007,5.050,1.538,10.20,11.07,8.07,4.07,1.6801,9.0003,2.580,NO
6986,8.032,5.221,0.004,0.007,5.232,1.538,10.20,11.28,8.28,4.28,1.7190,9.2090,2.548,NO
6987,7.680,4.992,0.004,0.007,5.003,1.538,10.20,11.88,8.88,4.88,1.6702,8.9473,2.589,NO
6988,7.792,5.065,0.004,0.007,5.076,1.538,10.20,12.83,9.83,5.83,1.6858,9.0309,2.575,NO
6989,8.016,5.211,0.004,0.007,5.222,1.538,10.20,14.07,11.07,7.07,1.7168,9.1972,2.550,NO
6990,8.789,5.713,0.004,0.007,5.724,1.538,10.20,15.52,12.52,8.52,1.8239,9.7707,2.471,NO
6991,9.250,6.012,0.004,0.007,6.024,1.538,10.20,17.07,14.07,10.07,2.6968,10.1129,2.430,NO
6992,9.364,6.086,0.004,0.007,6.098,1.538,10.20,18.63,15.63,11.63,2.7194,10.1976,2.420,NO
6993,9.604,6.243,0.004,0.007,6.254,1.538,10.20,20.07,17.07,13.07,2.7670,10.3764,2.401,NO
6994,9.670,6.286,0.004,0.007,6.297,1.538,10.20,21.32,18.32,14.32,2.7801,10.4254,2.396,NO
6995,10.380,6.747,0.004,0.008,6.760,1.538,10.21,22.27,19.27,15.27,2.9208,10.9530,2.345,NO
6996,10.049,6.532,0.004,0.008,6.543,1.538,10.20,22.87,19.87,15.87,2.8551,10.7066,2.368,NO
6997,10.405,6.763,0.004,0.008,6.776,1.538,10.21,23.07,20.07,16.07,4.3887,10.9717,2.343,NO
6998,10.263,6.671,0.004,0.008,6.683,1.538,10.21,22.87,19.87,15.87,4.3463,10.8658,2.353,NO
6999,9.949,6.467,0.004,0.007,6.478,1.538,10.20,22.27,19.27,15.27,4.2528,10.6320,2.375,NO
7000,9.735,6.327,0.004,0.007,6.339,1.538,10.20,21.32,18.32,14.32,4.1892,10.4730,2.391,NO
7001,9.621,6.253,0.004,0.007,6.265,1.538,10.20,20.07,17.07,13.07,4.1554,10.3885,2.400,NO
7002,9.521,6.189,0.004,0.007,6.200,1.538,10.20,18.63,15.63,11.63,4.1258,10.3145,2.407,NO
7003,9.256,6.016,0.004,0.007,6.027,1.538,10.20,17.07,14.07,10.07,2.6980,10.1174,2.429,NO
7004,8.340,5.421,0.004,0.007,5.432,1.538,10.20,15.52,12.52,8.52,2.5167,9.4378,2.515,NO
7005,8.555,5.561,0.004,0.007,5.572,1.538,10.20,14.07,11.07,7.07,2.5592,9.5970,2.493,NO
7006,7.971,5.181,0.004,0.007,5.192,1.538,10.20,12.83,9.83,5.83,2.4436,9.1636,2.555,NO
7007,7.846,5.100,0.004,0.007,5.112,1.538,10.20,11.88,8.88,4.88,1.6933,9.0711,2.569,NO
7008,7.749,5.037,0.004,0.007,5.048,1.538,10.20,11.28,8.28,4.28,1.6797,8.9985,2.581,NO
7009,6.518,4.237,0.004,0.007,4.248,1.538,10.20,10.91,7.91,3.91,1.5092,8.0850,2.756,NO
7010,6.327,4.113,0.004,0.007,4.124,1.538,10.20,11.11,8.11,4.11,1.4827,7.9429,2.790,NO
7011,6.500,4.225,0.004,0.007,4.236,1.538,10.20,11.71,8.71,4.71,1.5067,8.0715,2.759,NO
7012,6.871,4.466,0.004,0.007,4.477,1.538,10.20,12.67,9.67,5.67,1.5580,8.3466,2.700,NO
7013,6.684,4.345,0.004,0.007,4.356,1.538,10.20,13.91,10.91,6.91,1.5322,8.2083,2.729,NO
7014,7.363,4.786,0.004,0.007,4.797,1.538,10.20,15.36,12.36,8.36,1.6263,8.7123,2.629,NO
7015,7.481,4.862,0.004,0.007,4.874,1.538,10.20,16.91,13.91,9.91,2.3465,8.7995,2.614,NO
7016,7.702,5.006,0.004,0.007,5.018,1.538,10.20,18.46,15.46,11.46,2.3904,8.9638,2.586,NO
7017,8.145,5.295,0.004,0.007,5.306,1.538,10.20,19.91,16.91,12.91,2.4782,9.2931,2.535,NO
7018,8.342,5.422,0.004,0.007,5.433,1.538,10.20,21.15,18.15,14.15,2.5170,9.4388,2.514,NO
7019,8.695,5.652,0.004,0.007,5.663,1.538,10.20,22.11,19.11,15.11,2.5870,9.7012,2.479,NO
7020,8.950,5.818,0.004,0.007,5.829,1.538,10.20,22.71,19.71,15.71,2.6375,9.8906,2.456,NO
7021,8.939,5.810,0.004,0.007,5.822,1.538,10.20,22.91,19.91,15.91,2.6353,9.8824,2.457,NO
7022,9.146,5.945,0.004,0.007,5.956,1.538,10.20,22.71,19.71,15.71,2.6763,10.0361,2.438,NO
7023,8.636,5.614,0.004,0.007,5.625,1.538,10.20,22.11,19.11,15.11,2.5753,9.6575,2.485,NO
7024,8.542,5.552,0.004,0.007,5.563,1.538,10.20,21.15,18.15,14.15,2.5566,9.5872,2.494,NO
7025,8.594,5.586,0.004,0.007,5.597,1.538,10.20,19.91,16.91,12.91,2.5669,9.6260,2.489,NO
7026,8.149,5.297,0.004,0.007,5.308,1.538,10.20,18.46,15.46,11.46,2.4788,9.2954,2.535,NO
7027,7.453,4.844,0.004,0.007,4.855,1.538,10.20,16.91,13.91,9.91,2.3410,8.7786,2.618,NO
7028,7.149,4.647,0.004,0.007,4.658,1.538,10.20,15.36,12.36,8.36,2.2808,8.5529,2.659,NO
7029,7.012,4.558,0.004,0.007,4.569,1.538,10.20,13.91,10.91,6.91,2.2537,8.4516,2.678,NO
7030,6.977,4.535,0.004,0.007,4.546,1.538,10.20,12.67,9.67,5.67,2.2468,8.4256,2.684,NO
7031,6.594,4.286,0.004,0.007,4.297,1.538,10.20,11.71,8.71,4.71,1.5196,8.1408,2.744,NO
7032,6.651,4.323,0.004,0.007,4.335,1.538,10.20,11.11,8.11,4.11,1.5276,8.1837,2.734,NO
7033,6.620,4.303,0.004,0.007,4.314,1.538,10.20,10.75,7.75,3.75,1.5233,8.1605,2.739,NO
7034,6.516,4.236,0.004,0.007,4.247,1.538,10.20,10.95,7.95,3.95,1.5089,8.0835,2.757,NO
7035,6.602,4.291,0.004,0.007,4.302,1.538,10.20,11.55,8.55,4.55,1.5207,8.1469,2.742,NO
7036,6.519,4.237,0.004,0.007,4.248,1.538,10.20,12.50,9.50,5.50,1.5092,8.0852,2.756,NO
7037,6.715,4.365,0.004,0.007,4.376,1.538,10.20,13.75,10.75,6.75,1.5365,8.2312,2.724,NO
7038,6.991,4.544,0.004,0.007,4.556,1.538,10.20,15.19,12.19,8.19,1.5747,8.4360,2.681,NO
7039,7.928,5.153,0.004,0.007,5.165,1.538,10.20,16.75,13.75,9.75,2.4352,9.1318,2.560,NO
7040,8.165,5.307,0.004,0.007,5.318,1.538,10.20,18.30,15.30,11.30,2.4820,9.3075,2.533,NO
7041,8.079,5.251,0.004,0.007,5.263,1.538,10.20,19.75,16.75,12.75,2.4650,9.2439,2.543,NO
7042,8.536,5.548,0.004,0.007,5.560,1.538,10.20,20.99,17.99,13.99,2.5555,9.5831,2.495,NO
7043,8.674,5.638,0.004,0.007,5.649,1.538,10.20,21.94,18.94,14.94,2.5828,9.6856,2.481,NO
7044,8.856,5.756,0.004,0.007,5.768,1.538,10.20,22.54,19.54,15.54,2.6189,9.8208,2.464,NO
7045,8.978,5.836,0.004,0.007,5.847,1.538,10.20,22.75,19.75,15.75,2.6431,9.9115,2.453,NO
7046,8.632,5.611,0.004,0.007,5.622,1.538,10.20,22.54,19.54,15.54,2.5744,9.6540,2.485,NO
7047,8.517,5.536,0.004,0.007,5.547,1.538,10.20,21.94,18.94,14.94,2.5517,9.5688,2.497,NO
7048,8.921,5.799,0.004,0.007,5.810,1.538,10.20,20.99,17.99,13.99,2.6317,9.8690,2.458,NO
7049,8.524,5.541,0.004,0.007,5.552,1.538,10.20,19.75,16.75,12.75,2.5532,9.5744,2.496,NO
7050,7.761,5.045,0.004,0.007,5.056,1.538,10.20,18.30,15.30,11.30,2.4020,9.0076,2.579,NO
7051,7.673,4.988,0.004,0.007,4.999,1.538,10.20,16.75,13.75,9.75,2.3846,8.9424,2.590,NO
7052,7.002,4.551,0.004,0.007,4.563,1.538,10.20,15.19,12.19,8.19,2.2518,8.4443,2.680,NO
7053,6.779,4.407,0.004,0.007,4.418,1.538,10.20,13.75,10.75,6.75,2.2077,8.2788,2.714,NO
7054,6.624,4.306,0.004,0.007,4.317,1.538,10.20,12.50,9.50,5.50,2.1769,8.1633,2.739,NO
7055,6.631,4.310,0.004,0.007,4.321,1.538,10.20,11.55,8.55,4.55,1.5248,8.1686,2.738,NO
7056,6.603,4.292,0.004,0.007,4.303,1.538,10.20,10.95,7.95,3.95,1.5209,8.1477,2.742,NO
7057,7.566,4.918,0.004,0.007,4.930,1.538,10.20,10.58,7.58,3.58,1.6545,8.8632,2.603,NO
7058,7.473,4.858,0.004,0.007,4.869,1.538,10.20,10.79,7.79,3.79,1.6416,8.7941,2.615,NO
7059,7.978,5.186,0.004,0.007,5.197,1.538,10.20,11.39,8.39,4.39,1.7115,9.1687,2.554,NO
7060,7.766,5.048,0.004,0.007,5.059,1.538,10.20,12.34,9.34,5.34,1.6822,9.0115,2.579,NO
7061,8.399,5.459,0.004,0.007,5.470,1.538,10.20,13.58,10.58,6.58,1.7698,9.4811,2.509,NO
7062,8.462,5.500,0.004,0.007,5.511,1.538,10.20,15.03,12.03,8.03,1.7785,9.5279,2.502,NO
7063,8.764,5.697,0.004,0.007,5.708,1.538,10.20,16.58,13.58,9.58,2.6006,9.7524,2.473,NO
7064,9.551,6.208,0.004,0.007,6.219,1.538,10.20,18.14,15.14,11.14,2.7564,10.3364,2.405,NO
7065,9.525,6.192,0.004,0.007,6.203,1.538,10.20,19.58,16.58,12.58,2.7514,10.3177,2.407,NO
7066,9.886,6.426,0.004,0.007,6.437,1.538,10.20,20.83,17.83,13.83,2.8228,10.5854,2.379,NO
7067,9.940,6.461,0.004,0.007,6.472,1.538,10.20,21.78,18.78,14.78,2.8335,10.6256,2.375,NO
7068,10.609,6.896,0.005,0.009,6.909,1.538,10.21,22.38,19.38,15.38,2.9661,11.1229,2.330,NO
7069,10.299,6.694,0.004,0.008,6.707,1.538,10.21,22.58,19.58,15.58,4.3570,10.8925,2.350,NO
7070,10.042,6.527,0.004,0.008,6.539,1.538,10.20,22.38,19.38,15.38,4.2805,10.7013,2.368,NO
7071,9.967,6.479,0.004,0.007,6.490,1.538,10.20,21.78,18.78,14.78,4.2583,10.6456,2.374,NO
7072,10.185,6.620,0.004,0.008,6.632,1.538,10.20,20.83,17.83,13.83,4.3230,10.8075,2.358,NO
7073,9.684,6.295,0.004,0.007,6.306,1.538,10.20,19.58,16.58,12.58,4.1742,10.4356,2.395,NO
7074,9.463,6.151,0.004,0.007,6.162,1.538,10.20,18.14,15.14,11.14,4.1086,10.2715,2.412,NO
7075,8.998,5.849,0.004,0.007,5.860,1.538,10.20,16.58,13.58,9.58,2.6469,9.9259,2.451,NO
7076,8.901,5.786,0.004,0.007,5.797,1.538,10.20,15.03,12.03,8.03,2.6278,9.8543,2.460,NO
7077,8.280,5.382,0.004,0.007,5.393,1.538,10.20,13.58,10.58,6.58,2.5048,9.3929,2.521,NO
7078,7.768,5.049,0.004,0.007,5.060,1.538,10.20,12.34,9.34,5.34,2.4034,9.0126,2.578,NO
7079,8.098,5.264,0.004,0.007,5.275,1.538,10.20,11.39,8.39,4.39,1.7282,9.2581,2.540,NO
7080,7.397,4.808,0.004,0.007,4.820,1.538,10.20,10.79,7.79,3.79,1.6310,8.7376,2.625,NO
7081,7.589,4.933,0.004,0.007,4.944,1.538,10.20,10.42,7.42,3.42,1.6576,8.8800,2.600,NO
7082,8.027,5.218,0.004,0.007,5.229,1.538,10.20,10.63,7.63,3.63,1.7183,9.2051,2.548,NO
7083,8.003,5.202,0.004,0.007,5.214,1.538,10.20,11.23,8.23,4.23,1.7150,9.1876,2.551,NO
7084,8.205,5.333,0.004,0.007,5.345,1.538,10.20,12.18,9.18,5.18,1.7430,9.3373,2.529,NO
7085,8.508,5.530,0.004,0.007,5.541,1.538,10.20,13.42,10.42,6.42,1.7849,9.5622,2.498,NO
7086,8.689,5.648,0.004,0.007,5.659,1.538,10.20,14.87,11.87,7.87,1.8101,9.6968,2.480,NO
7087,8.792,5.715,0.004,0.007,5.726,1.538,10.20,16.42,13.42,9.42,2.6062,9.7731,2.470,NO
7088,9.597,6.238,0.004,0.007,6.250,1.538,10.20,17.98,14.98,10.98,2.7656,10.3711,2.401,NO
7089,9.748,6.336,0.004,0.007,6.348,1.538,10.20,19.42,16.42,12.42,2.7955,10.4832,2.390,NO
7090,9.872,6.417,0.004,0.007,6.428,1.538,10.20,20.67,17.67,13.67,2.8201,10.5753,2.380,NO
7091,10.471,6.806,0.004,0.009,6.819,1.538,10.21,21.62,18.62,14.62,2.9389,11.0208,2.339,NO
7092,10.511,6.832,0.005,0.009,6.845,1.538,10.21,22.22,19.22,15.22,2.9467,11.0500,2.336,NO
7093,10.181,6.618,0.004,0.008,6.630,1.538,10.20,22.42,19.42,15.42,4.3220,10.8049,2.358,NO
7094,10.457,6.797,0.004,0.008,6.810,1.538,10.21,22.22,19.22,15.22,4.4041,11.0101,2.340,NO
7095,10.086,6.556,0.004,0.008,6.567,1.538,10.20,21.62,18.62,14.62,4.2935,10.7338,2.365,NO
7096,10.160,6.604,0.004,0.008,6.616,1.538,10.20,20.67,17.67,13.67,4.3156,10.7891,2.360,NO
7097,9.555,6.211,0.004,0.007,6.222,1.538,10.20,19.42,16.42,12.42,4.1358,10.3395,2.405,NO
7098,9.610,6.247,0.004,0.007,6.258,1.538,10.20,17.98,14.98,10.98,4.1523,10.3808,2.400,NO
7099,8.761,5.695,0.004,0.007,5.706,1.538,10.20,16.42,13.42,9.42,2.6001,9.7502,2.473,NO
7100,8.455,5.496,0.004,0.007,5.507,1.538,10.20,14.87,11.87,7.87,2.5394,9.5229,2.503,NO
7101,8.348,5.426,0.004,0.007,5.437,1.538,10.20,13.42,10.42,6.42,2.5182,9.4433,2.514,NO
7102,7.927,5.152,0.004,0.007,5.164,1.538,10.20,12.18,9.18,5.18,2.4348,9.1305,2.560,NO
7103,7.962,5.175,0.004,0.007,5.187,1.538,10.20,11.23,8.23,4.23,1.7093,9.1569,2.556,NO
7104,7.479,4.862,0.004,0.007,4.873,1.538,10.20,10.63,7.63,3.63,1.6424,8.7984,2.614,NO
7105,7.688,4.997,0.004,0.007,5.008,1.538,10.20,10.26,7.26,3.26,1.6712,8.9531,2.588,NO
7106,7.542,4.902,0.004,0.007,4.914,1.538,10.20,10.47,7.47,3.47,1.6511,8.8452,2.606,NO
7107,8.025,5.216,0.004,0.007,5.228,1.538,10.20,11.07,8.07,4.07,1.7181,9.2038,2.549,NO
7108,7.757,5.042,0.004,0.007,5.054,1.538,10.20,12.02,9.02,5.02,1.6809,9.0049,2.580,NO
7109,8.283,5.384,0.004,0.007,5.395,1.538,10.20,13.26,10.26,6.26,1.7538,9.3953,2.521,NO
7110,8.466,5.503,0.004,0.007,5.514,1.538,10.20,14.71,11.71,7.71,1.7791,9.5308,2.502,NO
7111,8.745,5.684,0.004,0.007,5.696,1.538,10.20,16.26,13.26,9.26,2.5969,9.7384,2.475,NO
7112,9.139,5.940,0.004,0.007,5.952,1.538,10.20,17.82,14.82,10.82,2.6749,10.0308,2.439,NO
7113,9.867,6.414,0.004,0.007,6.425,1.538,10.20,19.26,16.26,12.26,2.8190,10.5713,2.381,NO
7114,9.968,6.479,0.004,0.007,6.490,1.538,10.20,20.51,17.51,13.51,2.8389,10.6460,2.373,NO
7115,10.166,6.608,0.004,0.008,6.620,1.538,10.20,21.46,18.46,14.46,2.8782,10.7933,2.359,NO
7116,10.009,6.506,0.004,0.007,6.517,1.538,10.20,22.06,19.06,15.06,2.8471,10.6768,2.370,NO
7117,10.366,6.738,0.004,0.008,6.751,1.538,10.21,22.26,19.26,15.26,4.3770,10.9425,2.346,NO
7118,10.254,6.665,0.004,0.008,6.677,1.538,10.21,22.06,19.06,15.06,4.3435,10.8588,2.353,NO
7119,9.823,6.385,0.004,0.007,6.397,1.538,10.20,21.46,18.46,14.46,4.2156,10.5390,2.384,NO
7120,9.785,6.360,0.004,0.007,6.371,1.538,10.20,20.51,17.51,13.51,4.2041,10.5104,2.387,NO
7121,9.608,6.245,0.004,0.007,6.256,1.538,10.20,19.26,16.26,12.26,4.1515,10.3787,2.401,NO
7122,9.654,6.275,0.004,0.007,6.286,1.538,10.20,17.82,14.82,10.82,4.1651,10.4128,2.397,NO
7123,8.948,5.816,0.004,0.007,5.828,1.538,10.20,16.26,13.26,9.26,2.6371,9.8891,2.456,NO
7124,8.318,5.406,0.004,0.007,5.418,1.538,10.20,14.71,11.71,7.71,2.5123,9.4210,2.517,NO
7125,8.477,5.510,0.004,0.007,5.521,1.538,10.20,13.26,10.26,6.26,2.5437,9.5390,2.501,NO
7126,8.241,5.357,0.004,0.007,5.368,1.538,10.20,12.02,9.02,5.02,2.4971,9.3642,2.525,NO
7127,7.764,5.047,0.004,0.007,5.058,1.538,10.20,11.07,8.07,4.07,1.6818,9.0098,2.579,NO
7128,7.406,4.814,0.004,0.007,4.825,1.538,10.20,10.47,7.47,3.47,1.6322,8.7441,2.624,NO
7129,7.729,5.024,0.004,0.007,5.035,1.538,10.20,10.10,7.10,3.10,1.6770,8.9839,2.583,NO
7130,7.748,5.036,0.004,0.007,5.048,1.538,10.20,10.31,7.31,3.31,1.6796,8.9980,2.581,NO
7131,7.632,4.961,0.004,0.007,4.972,1.538,10.20,10.91,7.91,3.91,1.6635,8.9116,2.595,NO
7132,7.891,5.129,0.004,0.007,5.140,1.538,10.20,11.86,8.86,4.86,1.6994,9.1038,2.564,NO
7133,8.472,5.507,0.004,0.007,5.518,1.538,10.20,13.10,10.10,6.10,1.7800,9.5355,2.501,NO
7134,8.319,5.408,0.004,0.007,5.419,1.538,10.20,14.55,11.55,7.55,1.7588,9.4223,2.517,NO
7135,8.942,5.812,0.004,0.007,5.824,1.538,10.20,16.10,13.10,9.10,2.6359,9.8846,2.456,NO
7136,9.362,6.086,0.004,0.007,6.097,1.538,10.20,17.66,14.66,10.66,2.7191,10.1967,2.420,NO
7137,9.336,6.068,0.004,0.007,6.079,1.538,10.20,19.10,16.10,12.10,2.7138,10.1767,2.422,NO
7138,9.728,6.323,0.004,0.007,6.334,1.538,10.20,20.35,17.35,13.35,2.7915,10.4680,2.391,NO
7139,9.828,6.388,0.004,0.007,6.400,1.538,10.20,21.30,18.30,14.30,2.8113,10.5425,2.384,NO
7140,10.185,6.620,0.004,0.008,6.632,1.538,10.20,21.90,18.90,14.90,2.8821,10.8080,2.358,NO
7141,10.199,6.629,0.004,0.008,6.641,1.538,10.20,22.10,19.10,15.10,4.3273,10.8182,2.357,NO
7142,10.483,6.814,0.004,0.009,6.827,1.538,10.21,21.90,18.90,14.90,4.4118,11.0295,2.338,NO
7143,9.982,6.489,0.004,0.007,6.500,1.538,10.20,21.30,18.30,14.30,4.2628,10.6570,2.372,NO
7144,10.247,6.660,0.004,0.008,6.673,1.538,10.20,20.35,17.35,13.35,4.3415,10.8536,2.354,NO
7145,9.732,6.326,0.004,0.007,6.337,1.538,10.20,19.10,16.10,12.10,4.1884,10.4711,2.391,NO
7146,9.091,5.909,0.004,0.007,5.921,1.538,10.20,17.66,14.66,10.66,3.9982,9.9954,2.443,NO
7147,9.272,6.027,0.004,0.007,6.038,1.538,10.20,16.10,13.10,9.10,2.7013,10.1299,2.428,NO
7148,8.964,5.827,0.004,0.007,5.838,1.538,10.20,14.55,11.55,7.55,2.6403,9.9011,2.454,NO
7149,8.549,5.557,0.004,0.007,5.568,1.538,10.20,13.10,10.10,6.10,2.5581,9.5930,2.493,NO
7150,8.174,5.313,0.004,0.007,5.324,1.538,10.20,11.86,8.86,4.86,2.4837,9.3140,2.532,NO
7151,7.575,4.924,0.004,0.007,4.935,1.538,10.20,10.91,7.91,3.91,1.6557,8.8698,2.602,NO
7152,7.457,4.847,0.004,0.007,4.859,1.538,10.20,10.31,7.31,3.31,1.6394,8.7822,2.617,NO
7153,7.555,4.911,0.004,0.007,4.922,1.538,10.20,9.95,6.95,2.95,1.6528,8.8544,2.605,NO
7154,7.925,5.151,0.004,0.007,5.162,1.538,10.20,10.15,7.15,3.15,1.7041,9.1293,2.560,NO
7155,7.668,4.984,0.004,0.007,4.996,1.538,10.20,10.75,7.75,3.75,1.6686,8.9388,2.590,NO
7156,8.175,5.314,0.004,0.007,5.325,1.538,10.20,11.70,8.70,4.70,1.7388,9.3152,2.532,NO
7157,8.629,5.609,0.004,0.007,5.620,1.538,10.20,12.95,9.95,5.95,1.8017,9.6521,2.486,NO
7158,8.827,5.737,0.004,0.007,5.749,1.538,10.20,14.39,11.39,7.39,1.8291,9.7990,2.467,NO
7159,9.299,6.044,0.004,0.007,6.056,1.538,10.20,15.95,12.95,8.95,2.7066,10.1497,2.425,NO
7160,9.647,6.270,0.004,0.007,6.282,1.538,10.20,17.50,14.50,10.50,2.7754,10.4077,2.398,NO
7161,9.634,6.262,0.004,0.007,6.273,1.538,10.20,18.95,15.95,11.95,2.7729,10.3983,2.399,NO
7162,10.096,6.562,0.004,0.008,6.574,1.538,10.20,20.19,17.19,13.19,2.8644,10.7416,2.364,NO
7163,9.835,6.393,0.004,0.007,6.404,1.538,10.20,21.14,18.14,14.14,2.8128,10.5479,2.383,NO
7164,10.108,6.570,0.004,0.008,6.582,1.538,10.20,21.74,18.74,14.74,2.8668,10.7504,2.363,NO
7165,10.319,6.707,0.004,0.008,6.720,1.538,10.21,21.95,18.95,14.95,4.3629,10.9073,2.349,NO
7166,10.269,6.675,0.004,0.008,6.687,1.538,10.21,21.74,18.74,14.74,4.3480,10.8700,2.352,NO
7167,9.908,6.440,0.004,0.007,6.452,1.538,10.20,21.14,18.14,14.14,4.2408,10.6021,2.378,NO
7168,9.976,6.484,0.004,0.007,6.495,1.538,10.20,20.19,17.19,13.19,4.2608,10.6520,2.373,NO
7169,9.588,6.232,0.004,0.007,6.243,1.538,10.20,18.95,15.95,11.95,4.1456,10.3641,2.402,NO
7170,9.276,6.030,0.004,0.007,6.041,1.538,10.20,17.50,14.50,10.50,4.0531,10.1327,2.427,NO
7171,9.008,5.855,0.004,0.007,5.866,1.538,10.20,15.95,12.95,8.95,2.6489,9.9333,2.451,NO
7172,8.678,5.641,0.004,0.007,5.652,1.538,10.20,14.39,11.39,7.39,2.5836,9.6884,2.481,NO
7173,8.245,5.359,0.004,0.007,5.371,1.538,10.20,12.95,9.95,5.95,2.4979,9.3673,2.525,NO
7174,7.950,5.168,0.004,0.007,5.179,1.538,10.20,11.70,8.70,4.70,2.4395,9.1480,2.557,NO
7175,7.811,5.077,0.004,0.007,5.089,1.538,10.20,10.75,7.75,3.75,1.6884,9.0449,2.573,NO
7176,7.871,5.116,0.004,0.007,5.127,1.538,10.20,10.15,7.15,3.15,1.6966,9.0890,2.566,NO
7177,6.327,4.113,0.004,0.007,4.124,1.538,10.20,9.79,6.79,2.79,1.4827,7.9429,2.790,NO
7178,6.327,4.113,0.004,0.007,4.124,1.538,10.20,9.99,6.99,2.99,1.4827,7.9429,2.790,NO
7179,6.609,4.296,0.004,0.007,4.307,1.538,10.20,10.59,7.59,3.59,1.5218,8.1523,2.741,NO
7180,6.916,4.495,0.004,0.007,4.507,1.538,10.20,11.55,8.55,4.55,1.5643,8.3803,2.693,NO
7181,6.726,4.372,0.004,0.007,4.383,1.538,10.20,12.79,9.79,5.79,1.5379,8.2389,2.722,NO
7182,7.244,4.709,0.004,0.007,4.720,1.538,10.20,14.24,11.24,7.24,1.6098,8.6240,2.645,NO
7183,7.884,5.124,0.004,0.007,5.136,1.538,10.20,15.79,12.79,8.79,2.4263,9.0988,2.565,NO
7184,8.301,5.395,0.004,0.007,5.407,1.538,10.20,17.34,14.34,10.34,2.5089,9.4083,2.519,NO
7185,8.158,5.302,0.004,0.007,5.314,1.538,10.20,18.79,15.79,11.79,2.4806,9.3022,2.534,NO
7186,8.709,5.661,0.004,0.007,5.672,1.538,10.20,20.03,17.03,13.03,2.5896,9.7112,2.478,NO
7187,8.898,5.783,0.004,0.007,5.795,1.538,10.20,20.99,17.99,13.99,2.6271,9.8515,2.460,NO
7188,8.948,5.816,0.004,0.007,5.828,1.538,10.20,21.58,18.58,14.58,2.6371,9.8892,2.456,NO
7189,8.794,5.716,0.004,0.007,5.727,1.538,10.20,21.79,18.79,14.79,2.6066,9.7747,2.470,NO
7190,9.250,6.012,0.004,0.007,6.024,1.538,10.20,21.58,18.58,14.58,2.6968,10.1129,2.430,NO
7191,8.888,5.777,0.004,0.007,5.789,1.538,10.20,20.99,17.99,13.99,2.6252,9.8445,2.461,NO
7192,8.308,5.400,0.004,0.007,5.411,1.538,10.20,20.03,17.03,13.03,2.5103,9.4137,2.518,NO
7193,8.359,5.434,0.004,0.007,5.445,1.538,10.20,18.79,15.79,11.79,2.5205,9.4519,2.513,NO
7194,8.043,5.228,0.004,0.007,5.239,1.538,10.20,17.34,14.34,10.34,2.4578,9.2169,2.547,NO
7195,7.840,5.096,0.004,0.007,5.107,1.538,10.20,15.79,12.79,8.79,2.4177,9.0662,2.570,NO
7196,7.158,4.653,0.004,0.007,4.664,1.538,10.20,14.24,11.24,7.24,2.2827,8.5599,2.657,NO
7197,7.182,4.668,0.004,0.007,4.679,1.538,10.20,12.79,9.79,5.79,2.2873,8.5774,2.654,NO
7198,6.958,4.523,0.004,0.007,4.534,1.538,10.20,11.55,8.55,4.55,2.2431,8.4116,2.686,NO
7199,6.755,4.391,0.004,0.007,4.402,1.538,10.20,10.59,7.59,3.59,1.5420,8.2605,2.718,NO
7200,6.362,4.136,0.004,0.007,4.147,1.538,10.20,9.99,6.99,2.99,1.4876,7.9692,2.783,NO
7201,6.327,4.113,0.004,0.007,4.124,1.538,10.20,9.63,6.63,2.63,1.4827,7.9429,2.790,NO
7202,6.327,4.113,0.004,0.007,4.124,1.538,10.20,9.84,6.84,2.84,1.4827,7.9429,2.790,NO
7203,6.355,4.131,0.004,0.007,4.142,1.538,10.20,10.44,7.44,3.44,1.4865,7.9634,2.785,NO
7204,6.762,4.395,0.004,0.007,4.406,1.538,10.20,11.39,8.39,4.39,1.5429,8.2657,2.716,NO
7205,7.281,4.732,0.004,0.007,4.744,1.538,10.20,12.63,9.63,5.63,1.6148,8.6509,2.640,NO
7206,7.143,4.643,0.004,0.007,4.654,1.538,10.20,14.08,11.08,7.08,1.5957,8.5485,2.660,NO
7207,7.668,4.984,0.004,0.007,4.995,1.538,10.20,15.63,12.63,8.63,2.3836,8.9385,2.590,NO
7208,8.021,5.213,0.004,0.007,5.225,1.538,10.20,17.19,14.19,10.19,2.4535,9.2005,2.549,NO
7209,8.078,5.251,0.004,0.007,5.262,1.538,10.20,18.63,15.63,11.63,2.4648,9.2430,2.543,NO
7210,8.797,5.718,0.004,0.007,5.730,1.538,10.20,19.88,16.88,12.88,2.6072,9.7772,2.470,NO
7211,8.841,5.747,0.004,0.007,5.758,1.538,10.20,20.83,17.83,13.83,2.6159,9.8095,2.466,NO
7212,9.269,6.025,0.004,0.007,6.036,1.538,10.20,21.43,18.43,14.43,2.7006,10.1271,2.428,NO
7213,9.069,5.895,0.004,0.007,5.906,1.538,10.20,21.63,18.63,14.63,2.6611,9.9792,2.445,NO
7214,8.937,5.809,0.004,0.007,5.821,1.538,10.20,21.43,18.43,14.43,2.6350,9.8811,2.457,NO
7215,9.089,5.908,0.004,0.007,5.919,1.538,10.20,20.83,17.83,13.83,2.6650,9.9938,2.443,NO
7216,8.812,5.728,0.004,0.007,5.739,1.538,10.20,19.88,16.88,12.88,2.6101,9.7879,2.468,NO
7217,8.535,5.548,0.004,0.007,5.559,1.538,10.20,18.63,15.63,11.63,2.5553,9.5823,2.495,NO
7218,7.912,5.143,0.004,0.007,5.154,1.538,10.20,17.19,14.19,10.19,2.4319,9.1198,2.561,NO
7219,7.495,4.872,0.004,0.007,4.883,1.538,10.20,15.63,12.63,8.63,2.3494,8.8103,2.612,NO
7220,7.328,4.763,0.004,0.007,4.775,1.538,10.20,14.08,11.08,7.08,2.3163,8.6862,2.634,NO
7221,7.001,4.551,0.004,0.007,4.562,1.538,10.20,12.63,9.63,5.63,2.2516,8.4434,2.680,NO
7222,6.450,4.192,0.004,0.007,4.204,1.538,10.20,11.39,8.39,4.39,2.1424,8.0341,2.768,NO
7223,6.458,4.198,0.004,0.007,4.209,1.538,10.20,10.44,7.44,3.44,1.5008,8.0403,2.767,NO
7224,6.409,4.166,0.004,0.007,4.177,1.538,10.20,9.84,6.84,2.84,1.4940,8.0036,2.775,NO
7225,7.565,4.917,0.004,0.007,4.929,1.538,10.20,9.48,6.48,2.48,1.6543,8.8622,2.603,NO
7226,7.981,5.187,0.004,0.007,5.199,1.538,10.20,9.68,6.68,2.68,1.7119,9.1707,2.554,NO
7227,7.740,5.031,0.004,0.007,5.042,1.538,10.20,10.28,7.28,3.28,1.6785,8.9917,2.582,NO
7228,8.376,5.445,0.004,0.007,5.456,1.538,10.20,11.24,8.24,4.24,1.7667,9.4645,2.511,NO
7229,8.420,5.473,0.004,0.007,5.484,1.538,10.20,12.48,9.48,5.48,1.7728,9.4970,2.506,NO
7230,8.602,5.591,0.004,0.007,5.603,1.538,10.20,13.93,10.93,6.93,1.7980,9.6321,2.488,NO
7231,8.682,5.644,0.004,0.007,5.655,1.538,10.20,15.48,12.48,8.48,2.5845,9.6917,2.481,NO
7232,9.401,6.111,0.004,0.007,6.122,1.538,10.20,17.03,14.03,10.03,2.7268,10.2254,2.417,NO
7233,9.509,6.181,0.004,0.007,6.192,1.538,10.20,18.48,15.48,11.48,2.7481,10.3054,2.408,NO
7234,10.165,6.607,0.004,0.008,6.619,1.538,10.20,19.72,16.72,12.72,2.8780,10.7926,2.360,NO
7235,10.181,6.617,0.004,0.008,6.629,1.538,10.20,20.68,17.68,13.68,2.8812,10.8046,2.358,NO
7236,10.394,6.756,0.004,0.008,6.769,1.538,10.21,21.27,18.27,14.27,2.9236,10.9636,2.344,NO
7237,10.634,6.912,0.005,0.009,6.926,1.538,10.21,21.48,18.48,14.48,4.4568,11.1420,2.328,NO
7238,10.350,6.728,0.004,0.008,6.740,1.538,10.21,21.27,18.27,14.27,4.3723,10.9307,2.347,NO
7239,10.398,6.759,0.004,0.008,6.771,1.538,10.21,20.68,17.68,13.68,4.3865,10.9663,2.344,NO
7240,10.110,6.572,0.004,0.008,6.583,1.538,10.20,19.72,16.72,12.72,4.3008,10.7520,2.363,NO
7241,9.531,6.195,0.004,0.007,6.206,1.538,10.20,18.48,15.48,11.48,4.1287,10.3218,2.407,NO
7242,9.514,6.184,0.004,0.007,6.195,1.538,10.20,17.03,14.03,10.03,4.1237,10.3092,2.408,NO
7243,8.741,5.682,0.004,0.007,5.693,1.538,10.20,15.48,12.48,8.48,2.5960,9.7352,2.475,NO
7244,8.747,5.686,0.004,0.007,5.697,1.538,10.20,13.93,10.93,6.93,2.5974,9.7401,2.474,NO
7245,8.134,5.287,0.004,0.007,5.299,1.538,10.20,12.48,9.48,5.48,2.4759,9.2848,2.537,NO
7246,7.753,5.040,0.004,0.007,5.051,1.538,10.20,11.24,8.24,4.24,2.4005,9.0019,2.580,NO
7247,7.877,5.120,0.004,0.007,5.131,1.538,10.20,10.28,7.28,3.28,1.6974,9.0934,2.566,NO
7248,7.965,5.178,0.004,0.007,5.189,1.538,10.20,9.68,6.68,2.68,1.7098,9.1594,2.555,NO
7249,7.561,4.914,0.004,0.007,4.926,1.538,10.20,9.33,6.33,2.33,1.6536,8.8588,2.604,NO
7250,7.880,5.122,0.004,0.007,5.133,1.538,10.20,9.53,6.53,2.53,1.6980,9.0962,2.565,NO
7251,8.156,5.302,0.004,0.007,5.313,1.538,10.20,10.13,7.13,3.13,1.7362,9.3011,2.534,NO
7252,8.065,5.242,0.004,0.007,5.254,1.538,10.20,11.08,8.08,4.08,1.7236,9.2335,2.544,NO
7253,8.380,5.447,0.004,0.007,5.458,1.538,10.20,12.33,9.33,5.33,1.7672,9.4674,2.511,NO
7254,8.635,5.613,0.004,0.007,5.624,1.538,10.20,13.77,10.77,6.77,1.8026,9.6568,2.485,NO
7255,8.888,5.777,0.004,0.007,5.789,1.538,10.20,15.33,12.33,8.33,2.6252,9.8446,2.461,NO
7256,9.304,6.048,0.004,0.007,6.059,1.538,10.20,16.88,13.88,9.88,2.7075,10.1533,2.425,NO
7257,9.416,6.121,0.004,0.007,6.132,1.538,10.20,18.33,15.33,11.33,2.7298,10.2366,2.416,NO
7258,10.146,6.595,0.004,0.008,6.607,1.538,10.20,19.57,16.57,12.57,2.8743,10.7787,2.361,NO
7259,10.065,6.542,0.004,0.008,6.554,1.538,10.20,20.52,17.52,13.52,2.8583,10.7187,2.366,NO
7260,10.258,6.668,0.004,0.008,6.680,1.538,10.21,21.12,18.12,14.12,2.8965,10.8618,2.353,NO
7261,10.101,6.565,0.004,0.008,6.577,1.538,10.20,21.33,18.33,14.33,4.2980,10.7449,2.364,NO
7262,10.118,6.577,0.004,0.008,6.589,1.538,10.20,21.12,18.12,14.12,4.3033,10.7583,2.363,NO
7263,10.314,6.704,0.004,0.008,6.716,1.538,10.21,20.52,17.52,13.52,4.3614,10.9036,2.349,NO
7264,10.157,6.602,0.004,0.008,6.614,1.538,10.20,19.57,16.57,12.57,4.3149,10.7872,2.360,NO
7265,9.767,6.349,0.004,0.007,6.360,1.538,10.20,18.33,15.33,11.33,4.1989,10.4973,2.388,NO
7266,9.319,6.058,0.004,0.007,6.069,1.538,10.20,16.88,13.88,9.88,4.0659,10.1647,2.424,NO
7267,9.178,5.966,0.004,0.007,5.977,1.538,10.20,15.33,12.33,8.33,2.6826,10.0596,2.436,NO
7268,8.854,5.755,0.004,0.007,5.766,1.538,10.20,13.77,10.77,6.77,2.6185,9.8192,2.464,NO
7269,8.104,5.268,0.004,0.007,5.279,1.538,10.20,12.33,9.33,5.33,2.4700,9.2626,2.540,NO
7270,8.024,5.216,0.004,0.007,5.227,1.538,10.20,11.08,8.08,4.08,2.4542,9.2031,2.549,NO
7271,7.566,4.918,0.004,0.007,4.929,1.538,10.20,10.13,7.13,3.13,1.6544,8.8628,2.603,NO
7272,7.756,5.042,0.004,0.007,5.053,1.538,10.20,9.53,6.53,2.53,1.6808,9.0043,2.580,NO
7273,7.699,5.005,0.004,0.007,5.016,1.538,10.20,9.17,6.17,2.17,1.6729,8.9619,2.587,NO
7274,7.459,4.848,0.004,0.007,4.860,1.538,10.20,9.38,6.38,2.38,1.6395,8.7833,2.617,NO
7275,7.883,5.124,0.004,0.007,5.135,1.538,10.20,9.98,6.98,2.98,1.6984,9.0985,2.565,NO
7276,8.079,5.251,0.004,0.007,5.263,1.538,10.20,10.93,7.93,3.93,1.7255,9.2437,2.543,NO
7277,8.188,5.322,0.004,0.007,5.334,1.538,10.20,12.17,9.17,5.17,1.7407,9.3250,2.531,NO
7278,8.370,5.441,0.004,0.007,5.452,1.538,10.20,13.62,10.62,6.62,1.7659,9.4601,2.512,NO
7279,9.279,6.031,0.004,0.007,6.042,1.538,10.20,15.17,12.17,8.17,2.7025,10.1345,2.427,NO
7280,9.070,5.895,0.004,0.007,5.907,1.538,10.20,16.73,13.73,9.73,2.6612,9.9795,2.445,NO
7281,9.907,6.439,0.004,0.007,6.451,1.538,10.20,18.17,15.17,11.17,2.8269,10.6009,2.378,NO
7282,10.013,6.509,0.004,0.007,6.520,1.538,10.20,19.42,16.42,12.42,2.8480,10.6801,2.370,NO
7283,10.342,6.722,0.004,0.008,6.735,1.538,10.21,20.37,17.37,13.37,2.9132,10.9244,2.347,NO
7284,10.287,6.687,0.004,0.008,6.699,1.538,10.21,20.97,17.97,13.97,2.9024,10.8838,2.351,NO
7285,10.579,6.876,0.005,0.009,6.889,1.538,10.21,21.17,18.17,14.17,4.4402,11.1006,2.332,NO
7286,10.075,6.549,0.004,0.008,6.560,1.538,10.20,20.97,17.97,13.97,4.2903,10.7257,2.366,NO
7287,10.239,6.655,0.004,0.008,6.668,1.538,10.20,20.37,17.37,13.37,4.3392,10.8479,2.354,NO
7288,10.143,6.593,0.004,0.008,6.605,1.538,10.20,19.42,16.42,12.42,4.3107,10.7768,2.361,NO
7289,9.343,6.073,0.004,0.007,6.084,1.538,10.20,18.17,15.17,11.17,4.0730,10.1825,2.422,NO
7290,9.620,6.253,0.004,0.007,6.264,1.538,10.20,16.73,13.73,9.73,4.1552,10.3881,2.400,NO
7291,8.743,5.683,0.004,0.007,5.695,1.538,10.20,15.17,12.17,8.17,2.5965,9.7370,2.475,NO
7292,8.441,5.487,0.004,0.007,5.498,1.538,10.20,13.62,10.62,6.62,2.5367,9.5125,2.504,NO
7293,8.425,5.476,0.004,0.007,5.488,1.538,10.20,12.17,9.17,5.17,2.5336,9.5009,2.506,NO
7294,8.380,5.447,0.004,0.007,5.458,1.538,10.20,10.93,7.93,3.93,2.5245,9.4669,2.511,NO
7295,7.773,5.052,0.004,0.007,5.064,1.538,10.20,9.98,6.98,2.98,1.6831,9.0165,2.578,NO
7296,7.784,5.060,0.004,0.007,5.071,1.538,10.20,9.38,6.38,2.38,1.6846,9.0248,2.576,NO
7297,7.907,5.140,0.004,0.007,5.151,1.538,10.20,9.02,6.02,2.02,1.7017,9.1161,2.562,NO
7298,7.487,4.866,0.004,0.007,4.878,1.538,10.20,9.23,6.23,2.23,1.6434,8.8040,2.613,NO
7299,7.892,5.130,0.004,0.007,5.141,1.538,10.20,9.83,6.83,2.83,1.6996,9.1048,2.564,NO
7300,7.867,5.113,0.004,0.007,5.125,1.538,10.20,10.78,7.78,3.78,1.6961,9.0861,2.567,NO
7301,8.077,5.250,0.004,0.007,5.261,1.538,10.20,12.02,9.02,5.02,1.7252,9.2422,2.543,NO
7302,8.373,5.442,0.004,0.007,5.454,1.538,10.20,13.47,10.47,6.47,1.7662,9.4618,2.511,NO
7303,8.898,5.784,0.004,0.007,5.795,1.538,10.20,15.02,12.02,8.02,2.6272,9.8520,2.460,NO
7304,9.079,5.901,0.004,0.007,5.913,1.538,10.20,16.58,13.58,9.58,2.6630,9.9863,2.444,NO
7305,9.385,6.100,0.004,0.007,6.111,1.538,10.20,18.02,15.02,11.02,2.7235,10.2133,2.418,NO
7306,9.780,6.357,0.004,0.007,6.368,1.538,10.20,19.27,16.27,12.27,2.8018,10.5068,2.387,NO
7307,10.358,6.733,0.004,0.008,6.746,1.538,10.21,20.22,17.22,13.22,2.9165,10.9368,2.346,NO
7308,10.095,6.562,0.004,0.008,6.574,1.538,10.20,20.82,17.82,13.82,2.8643,10.7410,2.364,NO
7309,10.091,6.559,0.004,0.008,6.571,1.538,10.20,21.02,18.02,14.02,4.2951,10.7378,2.365,NO
7310,10.220,6.643,0.004,0.008,6.655,1.538,10.20,20.82,17.82,13.82,4.3336,10.8339,2.356,NO
7311,10.361,6.734,0.004,0.008,6.747,1.538,10.21,20.22,17.22,13.22,4.3754,10.9384,2.346,NO
7312,9.682,6.293,0.004,0.007,6.304,1.538,10.20,19.27,16.27,12.27,4.1735,10.4337,2.395,NO
7313,9.609,6.246,0.004,0.007,6.257,1.538,10.20,18.02,15.02,11.02,4.1520,10.3800,2.400,NO
7314,9.566,6.218,0.004,0.007,6.229,1.538,10.20,16.58,13.58,9.58,4.1392,10.3480,2.404,NO
7315,8.694,5.651,0.004,0.007,5.663,1.538,10.20,15.02,12.02,8.02,2.5869,9.7007,2.479,NO
7316,8.619,5.602,0.004,0.007,5.614,1.538,10.20,13.47,10.47,6.47,2.5719,9.6446,2.487,NO
7317,8.658,5.627,0.004,0.007,5.639,1.538,10.20,12.02,9.02,5.02,2.5796,9.6734,2.483,NO
7318,8.138,5.289,0.004,0.007,5.301,1.538,10.20,10.78,7.78,3.78,2.4766,9.2873,2.536,NO
7319,7.958,5.172,0.004,0.007,5.184,1.538,10.20,9.83,6.83,2.83,1.7087,9.1536,2.556,NO
7320,7.573,4.923,0.004,0.007,4.934,1.538,10.20,9.23,6.23,2.23,1.6554,8.8683,2.602,NO
7321,7.621,4.954,0.004,0.007,4.965,1.538,10.20,8.88,5.88,1.88,1.6620,8.9036,2.596,NO
7322,7.593,4.935,0.004,0.007,4.947,1.538,10.20,9.08,6.08,2.08,1.6581,8.8827,2.600,NO
7323,8.045,5.229,0.004,0.007,5.241,1.538,10.20,9.68,6.68,2.68,1.7208,9.2187,2.546,NO
7324,7.984,5.190,0.004,0.007,5.201,1.538,10.20,10.63,7.63,3.63,1.7124,9.1733,2.553,NO
7325,8.001,5.201,0.004,0.007,5.212,1.538,10.20,11.88,8.88,4.88,1.7147,9.1859,2.551,NO
7326,8.953,5.820,0.004,0.007,5.831,1.538,10.20,13.32,10.32,6.32,1.8467,9.8929,2.455,NO
7327,8.938,5.809,0.004,0.007,5.821,1.538,10.20,14.88,11.88,7.88,2.6350,9.8813,2.457,NO
7328,9.630,6.260,0.004,0.007,6.271,1.538,10.20,16.43,13.43,9.43,2.7721,10.3955,2.399,NO
7329,9.843,6.398,0.004,0.007,6.409,1.538,10.20,17.88,14.88,10.88,2.8143,10.5537,2.383,NO
7330,9.833,6.391,0.004,0.007,6.403,1.538,10.20,19.12,16.12,12.12,2.8123,10.5460,2.383,NO
7331,9.905,6.438,0.004,0.007,6.449,1.538,10.20,20.07,17.07,13.07,2.8265,10.5995,2.378,NO
7332,10.179,6.617,0.004,0.008,6.628,1.538,10.20,20.67,17.67,13.67,2.8809,10.8035,2.358,NO
7333,10.538,6.849,0.005,0.009,6.863,1.538,10.21,20.88,17.88,13.88,4.4281,11.0701,2.335,NO
7334,10.406,6.764,0.004,0.008,6.776,1.538,10.21,20.67,17.67,13.67,4.3887,10.9718,2.343,NO
7335,10.110,6.571,0.004,0.008,6.583,1.538,10.20,20.07,17.07,13.07,4.3007,10.7519,2.363,NO
7336,9.754,6.340,0.004,0.007,6.352,1.538,10.20,19.12,16.12,12.12,4.1951,10.4877,2.389,NO
7337,9.439,6.135,0.004,0.007,6.147,1.538,10.20,17.88,14.88,10.88,4.1014,10.2536,2.414,NO
7338,9.506,6.179,0.004,0.007,6.190,1.538,10.20,16.43,13.43,9.43,4.1214,10.3035,2.409,NO
7339,8.660,5.629,0.004,0.007,5.640,1.538,10.20,14.88,11.88,7.88,2.5800,9.6750,2.483,NO
7340,8.657,5.627,0.004,0.007,5.638,1.538,10.20,13.32,10.32,6.32,2.5795,9.6730,2.483,NO
7341,8.321,5.409,0.004,0.007,5.420,1.538,10.20,11.88,8.88,4.88,2.5130,9.4237,2.517,NO
7342,8.336,5.418,0.004,0.007,5.430,1.538,10.20,10.63,7.63,3.63,2.5158,9.4344,2.515,NO
7343,7.893,5.130,0.004,0.007,5.141,1.538,10.20,9.68,6.68,2.68,1.6997,9.1053,2.564,NO
7344,7.775,5.054,0.004,0.007,5.065,1.538,10.20,9.08,6.08,2.08,1.6834,9.0183,2.577,NO
7345,6.431,4.180,0.004,0.007,4.191,1.538,10.20,8.73,5.73,1.73,1.4970,8.0198,2.771,NO
7346,6.702,4.356,0.004,0.007,4.368,1.538,10.20,8.93,5.93,1.93,1.5347,8.2215,2.726,NO
7347,6.784,4.410,0.004,0.007,4.421,1.538,10.20,9.53,6.53,2.53,1.5460,8.2822,2.713,NO
7348,6.578,4.276,0.004,0.007,4.287,1.538,10.20,10.49,7.49,3.49,1.5175,8.1296,2.746,NO
7349,6.816,4.430,0.004,0.007,4.442,1.538,10.20,11.73,8.73,4.73,1.5504,8.3060,2.708,NO
7350,7.166,4.658,0.004,0.007,4.669,1.538,10.20,13.18,10.18,6.18,1.5989,8.5655,2.656,NO
7351,7.927,5.153,0.004,0.007,5.164,1.538,10.20,14.73,11.73,7.73,2.4350,9.1312,2.560,NO
7352,8.301,5.396,0.004,0.007,5.407,1.538,10.20,16.28,13.28,9.28,2.5090,9.4086,2.519,NO
7353,8.457,5.497,0.004,0.007,5.508,1.538,10.20,17.73,14.73,10.73,2.5398,9.5244,2.503,NO
7354,8.683,5.644,0.004,0.007,5.656,1.538,10.20,18.97,15.97,11.97,2.5847,9.6925,2.480,NO
7355,8.560,5.564,0.004,0.007,5.575,1.538,10.20,19.93,16.93,12.93,2.5602,9.6007,2.492,NO
7356,9.057,5.887,0.004,0.007,5.898,1.538,10.20,20.52,17.52,13.52,2.6586,9.9699,2.446,NO
7357,8.962,5.825,0.004,0.007,5.837,1.538,10.20,20.73,17.73,13.73,2.6398,9.8994,2.455,NO
7358,8.930,5.805,0.004,0.007,5.816,1.538,10.20,20.52,17.52,13.52,2.6336,9.8759,2.458,NO
7359,8.717,5.666,0.004,0.007,5.677,1.538,10.20,19.93,16.93,12.93,2.5912,9.7171,2.477,NO
7360,8.749,5.687,0.004,0.007,5.698,1.538,10.20,18.97,15.97,11.97,2.5977,9.7415,2.474,NO
7361,8.157,5.302,0.004,0.007,5.313,1.538,10.20,17.73,14.73,10.73,2.4805,9.3017,2.534,NO
7362,7.766,5.048,0.004,0.007,5.059,1.538,10.20,16.28,13.28,9.28,2.4031,9.0116,2.579,NO
7363,7.845,5.099,0.004,0.007,5.110,1.538,10.20,14.73,11.73,7.73,2.4186,9.0697,2.569,NO
7364,7.606,4.944,0.004,0.007,4.955,1.538,10.20,13.18,10.18,6.18,2.3713,8.8925,2.598,NO
7365,6.890,4.479,0.004,0.007,4.490,1.538,10.20,11.73,8.73,4.73,2.2297,8.3613,2.697,NO
7366,6.573,4.272,0.004,0.007,4.284,1.538,10.20,10.49,7.49,3.49,2.1667,8.1253,2.747,NO
7367,6.696,4.352,0.004,0.007,4.363,1.538,10.20,9.53,6.53,2.53,1.5338,8.2165,2.727,NO
7368,6.327,4.113,0.004,0.007,4.124,1.538,10.20,8.93,5.93,1.93,1.4827,7.9429,2.790,NO
7369,6.588,4.282,0.004,0.007,4.294,1.538,10.20,8.58,5.58,1.58,1.5189,8.1369,2.745,NO
7370,6.384,4.150,0.004,0.007,4.161,1.538,10.20,8.79,5.79,1.79,1.4906,7.9854,2.780,NO
7371,6.327,4.113,0.004,0.007,4.124,1.538,10.20,9.39,6.39,2.39,1.4827,7.9429,2.790,NO
7372,6.504,4.227,0.004,0.007,4.239,1.538,10.20,10.34,7.34,3.34,1.5071,8.0740,2.759,NO
7373,6.823,4.435,0.004,0.007,4.446,1.538,10.20,11.58,8.58,4.58,1.5514,8.3111,2.707,NO
7374,7.003,4.552,0.004,0.007,4.564,1.538,10.20,13.03,10.03,6.03,1.5764,8.4451,2.680,NO
7375,7.519,4.888,0.004,0.007,4.899,1.538,10.20,14.58,11.58,7.58,2.3542,8.8282,2.609,NO
7376,8.097,5.263,0.004,0.007,5.274,1.538,10.20,16.14,13.14,9.14,2.4686,9.2572,2.541,NO
7377,8.405,5.464,0.004,0.007,5.475,1.538,10.20,17.58,14.58,10.58,2.5296,9.4861,2.508,NO
7378,8.271,5.376,0.004,0.007,5.387,1.538,10.20,18.83,15.83,11.83,2.5030,9.3863,2.522,NO
7379,8.531,5.545,0.004,0.007,5.557,1.538,10.20,19.78,16.78,12.78,2.5545,9.5795,2.495,NO
7380,8.723,5.670,0.004,0.007,5.682,1.538,10.20,20.38,17.38,13.38,2.5926,9.7223,2.477,NO
7381,8.968,5.829,0.004,0.007,5.840,1.538,10.20,20.58,17.58,13.58,2.6410,9.9036,2.454,NO
7382,9.082,5.904,0.004,0.007,5.915,1.538,10.20,20.38,17.38,13.38,2.6637,9.9888,2.444,NO
7383,8.527,5.543,0.004,0.007,5.554,1.538,10.20,19.78,16.78,12.78,2.5538,9.5767,2.496,NO
7384,8.392,5.455,0.004,0.007,5.466,1.538,10.20,18.83,15.83,11.83,2.5270,9.4764,2.509,NO
7385,8.594,5.586,0.004,0.007,5.597,1.538,10.20,17.58,14.58,10.58,2.5669,9.6258,2.489,NO
7386,7.790,5.064,0.004,0.007,5.075,1.538,10.20,16.14,13.14,9.14,2.4079,9.0295,2.576,NO
7387,7.982,5.189,0.004,0.007,5.200,1.538,10.20,14.58,11.58,7.58,2.4459,9.1720,2.553,NO
7388,7.437,4.834,0.004,0.007,4.845,1.538,10.20,13.03,10.03,6.03,2.3379,8.7671,2.620,NO
7389,6.913,4.494,0.004,0.007,4.505,1.538,10.20,11.58,8.58,4.58,2.2342,8.3782,2.693,NO
7390,6.681,4.342,0.004,0.007,4.354,1.538,10.20,10.34,7.34,3.34,2.1881,8.2054,2.729,NO
7391,6.327,4.113,0.004,0.007,4.124,1.538,10.20,9.39,6.39,2.39,1.4827,7.9429,2.790,NO
7392,6.327,4.113,0.004,0.007,4.124,1.538,10.20,8.79,5.79,1.79,1.4827,7.9429,2.790,NO
7393,7.368,4.789,0.004,0.007,4.801,1.538,10.20,8.44,5.44,1.44,1.6270,8.7158,2.629,NO
7394,7.560,4.914,0.004,0.007,4.926,1.538,10.20,8.64,5.64,1.64,1.6536,8.8587,2.604,NO
7395,8.035,5.223,0.004,0.007,5.234,1.538,10.20,9.24,6.24,2.24,1.7195,9.2114,2.547,NO
7396,7.994,5.196,0.004,0.007,5.208,1.538,10.20,10.20,7.20,3.20,1.7138,9.1808,2.552,NO
7397,8.581,5.578,0.004,0.007,5.589,1.538,10.20,11.44,8.44,4.44,1.7951,9.6166,2.490,NO
7398,8.862,5.760,0.004,0.007,5.772,1.538,10.20,12.89,9.89,5.89,1.8340,9.8251,2.464,NO
7399,9.218,5.992,0.004,0.007,6.003,1.538,10.20,14.44,11.44,7.44,2.6905,10.0893,2.432,NO
7400,9.567,6.218,0.004,0.007,6.230,1.538,10.20,15.99,12.99,8.99,2.7596,10.3484,2.404,NO
7401,9.433,6.131,0.004,0.007,6.143,1.538,10.20,17.44,14.44,10.44,2.7330,10.2489,2.415,NO
7402,9.779,6.356,0.004,0.007,6.367,1.538,10.20,18.68,15.68,11.68,2.8015,10.5058,2.387,NO
7403,10.257,6.667,0.004,0.008,6.679,1.538,10.21,19.64,16.64,12.64,2.8964,10.8615,2.353,NO
7404,10.519,6.838,0.005,0.009,6.851,1.538,10.21,20.24,17.24,13.24,2.9484,11.0566,2.336,NO
7405,10.372,6.742,0.004,0.008,6.755,1.538,10.21,20.44,17.44,13.44,4.3788,10.9470,2.345,NO
7406,10.166,6.608,0.004,0.008,6.620,1.538,10.20,20.24,17.24,13.24,4.3175,10.7938,2.359,NO
7407,9.943,6.463,0.004,0.007,6.475,1.538,10.20,19.64,16.64,12.64,4.2512,10.6281,2.375,NO
7408,9.913,6.444,0.004,0.007,6.455,1.538,10.20,18.68,15.68,11.68,4.2423,10.6057,2.377,NO
7409,9.911,6.442,0.004,0.007,6.453,1.538,10.20,17.44,14.44,10.44,4.2415,10.6037,2.378,NO
7410,9.119,5.927,0.004,0.007,5.939,1.538,10.20,15.99,12.99,8.99,4.0064,10.0159,2.441,NO
7411,9.133,5.936,0.004,0.007,5.947,1.538,10.20,14.44,11.44,7.44,2.6736,10.0260,2.440,NO
7412,8.950,5.817,0.004,0.007,5.829,1.538,10.20,12.89,9.89,5.89,2.6374,9.8903,2.456,NO
7413,8.154,5.300,0.004,0.007,5.311,1.538,10.20,11.44,8.44,4.44,2.4798,9.2992,2.534,NO
7414,8.290,5.389,0.004,0.007,5.400,1.538,10.20,10.20,7.20,3.20,2.5068,9.4006,2.520,NO
7415,8.014,5.209,0.004,0.007,5.220,1.538,10.20,9.24,6.24,2.24,1.7165,9.1953,2.550,NO
7416,7.475,4.859,0.004,0.007,4.870,1.538,10.20,8.64,5.64,1.64,1.6418,8.7956,2.615,NO
7417,7.386,4.801,0.004,0.007,4.812,1.538,10.20,8.30,5.30,1.30,1.6295,8.7295,2.626,NO
7418,7.848,5.101,0.004,0.007,5.112,1.538,10.20,8.50,5.50,1.50,1.6934,9.0720,2.569,NO
7419,7.909,5.141,0.004,0.007,5.152,1.538,10.20,9.10,6.10,2.10,1.7020,9.1177,2.562,NO
7420,7.948,5.166,0.004,0.007,5.178,1.538,10.20,10.05,7.05,3.05,1.7074,9.1467,2.557,NO
7421,8.359,5.433,0.004,0.007,5.444,1.538,10.20,11.30,8.30,4.30,1.7642,9.4513,2.513,NO
7422,8.429,5.479,0.004,0.007,5.490,1.538,10.20,12.74,9.74,5.74,1.7740,9.5034,2.506,NO
7423,9.227,5.997,0.004,0.007,6.009,1.538,10.20,14.30,11.30,7.30,2.6922,10.0958,2.432,NO
7424,9.516,6.186,0.004,0.007,6.197,1.538,10.20,15.85,12.85,8.85,2.7496,10.3110,2.408,NO
7425,9.412,6.118,0.004,0.007,6.129,1.538,10.20,17.30,14.30,10.30,2.7290,10.2337,2.416,NO
7426,9.733,6.327,0.004,0.007,6.338,1.538,10.20,18.54,15.54,11.54,2.7926,10.4721,2.391,NO
7427,10.184,6.619,0.004,0.008,6.631,1.538,10.20,19.49,16.49,12.49,2.8818,10.8068,2.358,NO
7428,10.304,6.698,0.004,0.008,6.710,1.538,10.21,20.09,17.09,13.09,2.9057,10.8964,2.350,NO
7429,10.618,6.902,0.005,0.009,6.915,1.538,10.21,20.30,17.30,13.30,4.4521,11.1302,2.329,NO
7430,10.356,6.732,0.004,0.008,6.744,1.538,10.21,20.09,17.09,13.09,4.3741,10.9353,2.346,NO
7431,10.302,6.696,0.004,0.008,6.709,1.538,10.21,19.49,16.49,12.49,4.3578,10.8946,2.350,NO
7432,10.260,6.669,0.004,0.008,6.681,1.538,10.21,18.54,15.54,11.54,4.3453,10.8632,2.353,NO
7433,9.979,6.486,0.004,0.007,6.497,1.538,10.20,17.30,14.30,10.30,4.2617,10.6543,2.373,NO
7434,9.120,5.928,0.004,0.007,5.939,1.538,10.20,15.85,12.85,8.85,4.0066,10.0164,2.441,NO
7435,8.907,5.790,0.004,0.007,5.801,1.538,10.20,14.30,11.30,7.30,2.6290,9.8586,2.460,NO
7436,8.505,5.528,0.004,0.007,5.539,1.538,10.20,12.74,9.74,5.74,2.5493,9.5599,2.498,NO
7437,8.122,5.279,0.004,0.007,5.290,1.538,10.20,11.30,8.30,4.30,2.4735,9.2755,2.538,NO
7438,8.119,5.278,0.004,0.007,5.289,1.538,10.20,10.05,7.05,3.05,2.4730,9.2737,2.538,NO
7439,7.775,5.054,0.004,0.007,5.065,1.538,10.20,9.10,6.10,2.10,1.6833,9.0178,2.578,NO
7440,7.687,4.996,0.004,0.007,5.008,1.538,10.20,8.50,5.50,1.50,1.6711,8.9524,2.588,NO
7441,7.862,5.111,0.004,0.007,5.122,1.538,10.20,8.16,5.16,1.16,1.6955,9.0829,2.567,NO
7442,7.641,4.967,0.004,0.007,4.978,1.538,10.20,8.36,5.36,1.36,1.6648,8.9184,2.594,NO
7443,7.974,5.183,0.004,0.007,5.194,1.538,10.20,8.96,5.96,1.96,1.7109,9.1656,2.554,NO
7444,7.718,5.017,0.004,0.007,5.028,1.538,10.20,9.91,6.91,2.91,1.6755,8.9757,2.584,NO
7445,8.090,5.258,0.004,0.007,5.270,1.538,10.20,11.16,8.16,4.16,1.7270,9.2518,2.541,NO
7446,8.693,5.651,0.004,0.007,5.662,1.538,10.20,12.60,9.60,5.60,1.8107,9.7000,2.480,NO
7447,8.735,5.678,0.004,0.007,5.689,1.538,10.20,14.16,11.16,7.16,2.5950,9.7311,2.476,NO
7448,9.141,5.942,0.004,0.007,5.953,1.538,10.20,15.71,12.71,8.71,2.6754,10.0326,2.439,NO
7449,9.724,6.321,0.004,0.007,6.332,1.538,10.20,17.16,14.16,10.16,2.7907,10.4652,2.392,NO
7450,9.653,6.275,0.004,0.007,6.286,1.538,10.20,18.40,15.40,11.40,2.7767,10.4128,2.397,NO
7451,10.299,6.694,0.004,0.008,6.706,1.538,10.21,19.35,16.35,12.35,2.9046,10.8922,2.350,NO
7452,9.987,6.492,0.004,0.007,6.503,1.538,10.20,19.95,16.95,12.95,2.8429,10.6607,2.372,NO
7453,10.331,6.715,0.004,0.008,6.727,1.538,10.21,20.16,17.16,13.16,4.3665,10.9162,2.348,NO
7454,10.249,6.662,0.004,0.008,6.674,1.538,10.20,19.95,16.95,12.95,4.3422,10.8555,2.354,NO
7455,9.876,6.420,0.004,0.007,6.431,1.538,10.20,19.35,16.35,12.35,4.2314,10.5784,2.380,NO
7456,9.663,6.281,0.004,0.007,6.292,1.538,10.20,18.40,15.40,11.40,4.1678,10.4195,2.396,NO
7457,9.944,6.464,0.004,0.007,6.475,1.538,10.20,17.16,14.16,10.16,4.2515,10.6289,2.375,NO
7458,9.259,6.019,0.004,0.007,6.030,1.538,10.20,15.71,12.71,8.71,4.0480,10.1201,2.429,NO
7459,9.210,5.986,0.004,0.007,5.998,1.538,10.20,14.16,11.16,7.16,2.6889,10.0833,2.433,NO
7460,8.475,5.509,0.004,0.007,5.520,1.538,10.20,12.60,9.60,5.60,2.5434,9.5378,2.501,NO
7461,8.542,5.552,0.004,0.007,5.563,1.538,10.20,11.16,8.16,4.16,2.5566,9.5873,2.494,NO
7462,8.351,5.428,0.004,0.007,5.439,1.538,10.20,9.91,6.91,2.91,2.5188,9.4457,2.514,NO
7463,7.583,4.929,0.004,0.007,4.940,1.538,10.20,8.96,5.96,1.96,1.6567,8.8752,2.601,NO
7464,7.419,4.822,0.004,0.007,4.834,1.538,10.20,8.36,5.36,1.36,1.6340,8.7537,2.622,NO
7465,7.954,5.170,0.004,0.007,5.181,1.538,10.20,8.02,5.02,1.02,1.7082,9.1509,2.557,NO
7466,7.894,5.131,0.004,0.007,5.142,1.538,10.20,8.22,5.22,1.22,1.6998,9.1061,2.564,NO
7467,8.169,5.310,0.004,0.007,5.321,1.538,10.20,8.82,5.82,1.82,1.7379,9.3104,2.533,NO
7468,8.171,5.311,0.004,0.007,5.322,1.538,10.20,9.78,6.78,2.78,1.7382,9.3118,2.533,NO
7469,8.592,5.585,0.004,0.007,5.596,1.538,10.20,11.02,8.02,4.02,1.7967,9.6249,2.489,NO
7470,8.978,5.835,0.004,0.007,5.847,1.538,10.20,12.47,9.47,5.47,1.8501,9.9110,2.453,NO
7471,9.186,5.971,0.004,0.007,5.982,1.538,10.20,14.02,11.02,7.02,2.6841,10.0655,2.435,NO
7472,9.251,6.013,0.004,0.007,6.024,1.538,10.20,15.57,12.57,8.57,2.6970,10.1136,2.430,NO
7473,9.423,6.125,0.004,0.007,6.136,1.538,10.20,17.02,14.02,10.02,2.7311,10.2418,2.415,NO
7474,10.053,6.535,0.004,0.008,6.546,1.538,10.20,18.26,15.26,11.26,2.8559,10.7096,2.367,NO
7475,9.877,6.420,0.004,0.007,6.431,1.538,10.20,19.21,16.21,12.21,2.8210,10.5788,2.380,NO
7476,10.026,6.517,0.004,0.007,6.529,1.538,10.20,19.81,16.81,12.81,2.8506,10.6897,2.369,NO
7477,10.247,6.660,0.004,0.008,6.673,1.538,10.20,20.02,17.02,13.02,4.3415,10.8537,2.354,NO
7478,10.147,6.596,0.004,0.008,6.608,1.538,10.20,19.81,16.81,12.81,4.3119,10.7797,2.361,NO
7479,10.352,6.729,0.004,0.008,6.742,1.538,10.21,19.21,16.21,12.21,4.3729,10.9323,2.347,NO
7480,10.067,6.544,0.004,0.008,6.555,1.538,10.20,18.26,15.26,11.26,4.2881,10.7203,2.366,NO
7481,9.800,6.370,0.004,0.007,6.381,1.538,10.20,17.02,14.02,10.02,4.2086,10.5216,2.386,NO
7482,9.209,5.986,0.004,0.007,5.997,1.538,10.20,15.57,12.57,8.57,4.0331,10.0827,2.433,NO
7483,8.769,5.700,0.004,0.007,5.711,1.538,10.20,14.02,11.02,7.02,2.6017,9.7564,2.472,NO
7484,8.519,5.537,0.004,0.007,5.549,1.538,10.20,12.47,9.47,5.47,2.5522,9.5706,2.496,NO
7485,8.161,5.305,0.004,0.007,5.316,1.538,10.20,11.02,8.02,4.02,2.4813,9.3048,2.534,NO
7486,8.321,5.409,0.004,0.007,5.420,1.538,10.20,9.78,6.78,2.78,2.5129,9.4235,2.517,NO
7487,7.828,5.088,0.004,0.007,5.100,1.538,10.20,8.82,5.82,1.82,1.6907,9.0574,2.571,NO
7488,7.656,4.976,0.004,0.007,4.988,1.538,10.20,8.22,5.22,1.22,1.6669,8.9296,2.592,NO
7489,7.459,4.848,0.004,0.007,4.859,1.538,10.20,7.88,4.88,0.88,1.6395,8.7832,2.617,NO
7490,7.372,4.792,0.004,0.007,4.803,1.538,10.20,8.09,5.09,1.09,1.6275,8.7188,2.628,NO
7491,7.743,5.033,0.004,0.007,5.044,1.538,10.20,8.68,5.68,1.68,1.6789,8.9940,2.581,NO
7492,8.236,5.354,0.004,0.007,5.365,1.538,10.20,9.64,6.64,2.64,1.7473,9.3606,2.526,NO
7493,8.230,5.350,0.004,0.007,5.361,1.538,10.20,10.88,7.88,3.88,1.7465,9.3561,2.526,NO
7494,8.973,5.832,0.004,0.007,5.844,1.538,10.20,12.33,9.33,5.33,1.8494,9.9073,2.454,NO
7495,8.839,5.745,0.004,0.007,5.756,1.538,10.20,13.88,10.88,6.88,2.6154,9.8078,2.466,NO
7496,9.051,5.883,0.004,0.007,5.895,1.538,10.20,15.43,12.43,8.43,2.6575,9.9657,2.447,NO
7497,9.981,6.487,0.004,0.007,6.499,1.538,10.20,16.88,13.88,9.88,2.8415,10.6557,2.373,NO
7498,9.727,6.323,0.004,0.007,6.334,1.538,10.20,18.12,15.12,11.12,2.7913,10.4675,2.391,NO
7499,10.001,6.501,0.004,0.007,6.512,1.538,10.20,19.08,16.08,12.08,2.8456,10.6708,2.371,NO
7500,10.262,6.671,0.004,0.008,6.683,1.538,10.21,19.68,16.68,12.68,2.8974,10.8653,2.353,NO
7501,10.228,6.648,0.004,0.008,6.661,1.538,10.20,19.88,16.88,12.88,4.3360,10.8400,2.355,NO
7502,10.265,6.672,0.004,0.008,6.684,1.538,10.21,19.68,16.68,12.68,4.3468,10.8670,2.353,NO
7503,9.942,6.462,0.004,0.007,6.474,1.538,10.20,19.08,16.08,12.08,4.2508,10.6271,2.375,NO
7504,10.072,6.547,0.004,0.008,6.558,1.538,10.20,18.12,15.12,11.12,4.2895,10.7237,2.366,NO
7505,9.905,6.438,0.004,0.007,6.449,1.538,10.20,16.88,13.88,9.88,4.2397,10.5992,2.378,NO
7506,9.541,6.202,0.004,0.007,6.213,1.538,10.20,15.43,12.43,8.43,4.1317,10.3293,2.406,NO
7507,9.199,5.979,0.004,0.007,5.991,1.538,10.20,13.88,10.88,6.88,2.6868,10.0754,2.434,NO
7508,8.881,5.773,0.004,0.007,5.784,1.538,10.20,12.33,9.33,5.33,2.6238,9.8394,2.462,NO
7509,8.425,5.476,0.004,0.007,5.488,1.538,10.20,10.88,7.88,3.88,2.5335,9.5007,2.506,NO
7510,7.849,5.102,0.004,0.007,5.113,1.538,10.20,9.64,6.64,2.64,2.4194,9.0727,2.569,NO
7511,7.726,5.022,0.004,0.007,5.033,1.538,10.20,8.68,5.68,1.68,1.6765,8.9813,2.583,NO
7512,7.394,4.806,0.004,0.007,4.817,1.538,10.20,8.09,5.09,1.09,1.6306,8.7351,2.625,NO
7513,6.354,4.130,0.004,0.007,4.141,1.538,10.20,7.75,4.75,0.75,1.4864,7.9626,2.785,NO
7514,6.650,4.322,0.004,0.007,4.334,1.538,10.20,7.95,4.95,0.95,1.5274,8.1827,2.734,NO
7515,6.552,4.259,0.004,0.007,4.270,1.538,10.20,8.55,5.55,1.55,1.5138,8.1099,2.751,NO
7516,6.683,4.344,0.004,0.007,4.355,1.538,10.20,9.50,6.50,2.50,1.5320,8.2070,2.729,NO
7517,6.744,4.384,0.004,0.007,4.395,1.538,10.20,10.75,7.75,3.75,1.5405,8.2527,2.719,NO
7518,7.336,4.769,0.004,0.007,4.780,1.538,10.20,12.19,9.19,5.19,1.6226,8.6922,2.633,NO
7519,7.814,5.079,0.004,0.007,5.090,1.538,10.20,13.75,10.75,6.75,2.4125,9.0470,2.573,NO
7520,7.821,5.084,0.004,0.007,5.095,1.538,10.20,15.30,12.30,8.30,2.4139,9.0523,2.572,NO
7521,8.581,5.578,0.004,0.007,5.589,1.538,10.20,16.75,13.75,9.75,2.5645,9.6168,2.490,NO
7522,8.763,5.696,0.004,0.007,5.707,1.538,10.20,17.99,14.99,10.99,2.6004,9.7514,2.473,NO
7523,8.961,5.825,0.004,0.007,5.836,1.538,10.20,18.94,15.94,11.94,2.6397,9.8990,2.455,NO
7524,8.679,5.642,0.004,0.007,5.653,1.538,10.20,19.54,16.54,12.54,2.5839,9.6895,2.481,NO
7525,9.238,6.005,0.004,0.007,6.016,1.538,10.20,19.75,16.75,12.75,2.6945,10.1044,2.431,NO
7526,9.217,5.991,0.004,0.007,6.002,1.538,10.20,19.54,16.54,12.54,2.6904,10.0889,2.432,NO
7527,8.808,5.725,0.004,0.007,5.737,1.538,10.20,18.94,15.94,11.94,2.6094,9.7853,2.469,NO
7528,8.850,5.753,0.004,0.007,5.764,1.538,10.20,17.99,14.99,10.99,2.6177,9.8164,2.465,NO
7529,8.269,5.375,0.004,0.007,5.386,1.538,10.20,16.75,13.75,9.75,2.5027,9.3850,2.522,NO
7530,7.981,5.188,0.004,0.007,5.199,1.538,10.20,15.30,12.30,8.30,2.4456,9.1710,2.554,NO
7531,7.861,5.110,0.004,0.007,5.121,1.538,10.20,13.75,10.75,6.75,2.4218,9.0817,2.567,NO
7532,7.139,4.641,0.004,0.007,4.652,1.538,10.20,12.19,9.19,5.19,2.2790,8.5461,2.660,NO
7533,6.753,4.389,0.004,0.007,4.401,1.538,10.20,10.75,7.75,3.75,2.2024,8.2591,2.718,NO
7534,6.753,4.389,0.004,0.007,4.401,1.538,10.20,9.50,6.50,2.50,2.2024,8.2590,2.718,NO
7535,6.736,4.378,0.004,0.007,4.390,1.538,10.20,8.55,5.55,1.55,1.5393,8.2465,2.721,NO
7536,6.415,4.170,0.004,0.007,4.181,1.538,10.20,7.95,4.95,0.95,1.4948,8.0081,2.774,NO
7537,6.327,4.113,0.004,0.007,4.124,1.538,10.20,7.61,4.61,0.61,1.4827,7.9429,2.790,NO
7538,6.327,4.113,0.004,0.007,4.124,1.538,10.20,7.82,4.82,0.82,1.4827,7.9429,2.790,NO
7539,6.574,4.273,0.004,0.007,4.285,1.538,10.20,8.42,5.42,1.42,1.5169,8.1264,2.747,NO
7540,7.019,4.563,0.004,0.007,4.574,1.538,10.20,9.37,6.37,2.37,1.5786,8.4570,2.677,NO
7541,6.804,4.423,0.004,0.007,4.434,1.538,10.20,10.61,7.61,3.61,1.5488,8.2973,2.710,NO
7542,7.196,4.678,0.004,0.007,4.689,1.538,10.20,12.06,9.06,5.06,1.6032,8.5883,2.652,NO
7543,7.621,4.954,0.004,0.007,4.965,1.538,10.20,13.61,10.61,6.61,2.3743,8.9038,2.596,NO
7544,8.283,5.384,0.004,0.007,5.395,1.538,10.20,15.17,12.17,8.17,2.5054,9.3951,2.521,NO
7545,8.087,5.256,0.004,0.007,5.268,1.538,10.20,16.61,13.61,9.61,2.4666,9.2496,2.542,NO
7546,8.565,5.567,0.004,0.007,5.578,1.538,10.20,17.86,14.86,10.86,2.5612,9.6045,2.492,NO
7547,8.785,5.710,0.004,0.007,5.721,1.538,10.20,18.81,15.81,11.81,2.6047,9.7678,2.471,NO
7548,9.143,5.943,0.004,0.007,5.954,1.538,10.20,19.41,16.41,12.41,2.6756,10.0337,2.439,NO
7549,8.660,5.629,0.004,0.007,5.640,1.538,10.20,19.61,16.61,12.61,2.5800,9.6751,2.483,NO
7550,8.987,5.842,0.004,0.007,5.853,1.538,10.20,19.41,16.41,12.41,2.6448,9.9180,2.452,NO
7551,8.648,5.621,0.004,0.007,5.632,1.538,10.20,18.81,15.81,11.81,2.5776,9.6660,2.484,NO
7552,8.392,5.455,0.004,0.007,5.466,1.538,10.20,17.86,14.86,10.86,2.5270,9.4762,2.509,NO
7553,8.222,5.344,0.004,0.007,5.355,1.538,10.20,16.61,13.61,9.61,2.4932,9.3496,2.527,NO
7554,8.303,5.397,0.004,0.007,5.408,1.538,10.20,15.17,12.17,8.17,2.5093,9.4097,2.519,NO
7555,7.602,4.941,0.004,0.007,4.953,1.538,10.20,13.61,10.61,6.61,2.3706,8.8896,2.599,NO
7556,7.290,4.739,0.004,0.007,4.750,1.538,10.20,12.06,9.06,5.06,2.3088,8.6580,2.639,NO
7557,6.943,4.513,0.004,0.007,4.524,1.538,10.20,10.61,7.61,3.61,2.2401,8.4005,2.689,NO
7558,6.579,4.276,0.004,0.007,4.288,1.538,10.20,9.37,6.37,2.37,2.1680,8.1298,2.746,NO
7559,6.644,4.319,0.004,0.007,4.330,1.538,10.20,8.42,5.42,1.42,1.5267,8.1785,2.735,NO
7560,6.479,4.211,0.004,0.007,4.223,1.538,10.20,7.82,4.82,0.82,1.5037,8.0558,2.763,NO
7561,7.431,4.830,0.004,0.007,4.842,1.538,10.20,7.48,4.48,0.48,1.6357,8.7629,2.620,NO
7562,7.588,4.932,0.004,0.007,4.944,1.538,10.20,7.69,4.69,0.69,1.6575,8.8793,2.600,NO
7563,7.567,4.918,0.004,0.007,4.930,1.538,10.20,8.28,5.28,1.28,1.6545,8.8633,2.603,NO
7564,8.286,5.386,0.004,0.007,5.397,1.538,10.20,9.24,6.24,2.24,1.7542,9.3975,2.520,NO
7565,8.007,5.205,0.004,0.007,5.216,1.538,10.20,10.48,7.48,3.48,1.7155,9.1903,2.551,NO
7566,8.446,5.490,0.004,0.007,5.501,1.538,10.20,11.93,8.93,4.93,1.7763,9.5160,2.504,NO
7567,8.686,5.646,0.004,0.007,5.657,1.538,10.20,13.48,10.48,6.48,2.5852,9.6946,2.480,NO
7568,9.352,6.079,0.004,0.007,6.090,1.538,10.20,15.03,12.03,8.03,2.7170,10.1886,2.421,NO
7569,9.327,6.063,0.004,0.007,6.074,1.538,10.20,16.48,13.48,9.48,2.7121,10.1705,2.423,NO
7570,9.672,6.286,0.004,0.007,6.298,1.538,10.20,17.72,14.72,10.72,2.7803,10.4262,2.396,NO
7571,9.995,6.497,0.004,0.007,6.508,1.538,10.20,18.68,15.68,11.68,2.8444,10.6664,2.371,NO
7572,10.052,6.534,0.004,0.008,6.545,1.538,10.20,19.28,16.28,12.28,2.8556,10.7087,2.367,NO
7573,10.189,6.623,0.004,0.008,6.635,1.538,10.20,19.48,16.48,12.48,4.3243,10.8106,2.358,NO
7574,10.072,6.547,0.004,0.008,6.558,1.538,10.20,19.28,16.28,12.28,4.2895,10.7236,2.366,NO
7575,10.439,6.786,0.004,0.008,6.798,1.538,10.21,18.68,15.68,11.68,4.3988,10.9970,2.341,NO
7576,10.216,6.640,0.004,0.008,6.652,1.538,10.20,17.72,14.72,10.72,4.3322,10.8305,2.356,NO
7577,9.944,6.464,0.004,0.007,6.475,1.538,10.20,16.48,13.48,9.48,4.2515,10.6286,2.375,NO
7578,9.181,5.967,0.004,0.007,5.979,1.538,10.20,15.03,12.03,8.03,4.0247,10.0616,2.435,NO
7579,8.987,5.841,0.004,0.007,5.853,1.538,10.20,13.48,10.48,6.48,2.6447,9.9177,2.452,NO
7580,8.934,5.807,0.004,0.007,5.818,1.538,10.20,11.93,8.93,4.93,2.6342,9.8784,2.457,NO
7581,8.456,5.496,0.004,0.007,5.508,1.538,10.20,10.48,7.48,3.48,2.5397,9.5237,2.503,NO
7582,8.069,5.245,0.004,0.007,5.256,1.538,10.20,9.24,6.24,2.24,2.4631,9.2366,2.544,NO
7583,8.146,5.295,0.004,0.007,5.306,1.538,10.20,8.28,5.28,1.28,1.7348,9.2937,2.535,NO
7584,7.599,4.940,0.004,0.007,4.951,1.538,10.20,7.69,4.69,0.69,1.6590,8.8876,2.599,NO
7585,7.851,5.103,0.004,0.007,5.114,1.538,10.20,7.35,4.35,0.35,1.6939,9.0742,2.569,NO
7586,8.010,5.206,0.004,0.007,5.218,1.538,10.20,7.56,4.56,0.56,1.7159,9.1922,2.550,NO
7587,7.616,4.950,0.004,0.007,4.962,1.538,10.20,8.16,5.16,1.16,1.6613,8.8998,2.597,NO
7588,7.935,5.158,0.004,0.007,5.169,1.538,10.20,9.11,6.11,2.11,1.7056,9.1371,2.559,NO
7589,8.184,5.320,0.004,0.007,5.331,1.538,10.20,10.35,7.35,3.35,1.7400,9.3217,2.531,NO
7590,8.833,5.741,0.004,0.007,5.753,1.538,10.20,11.80,8.80,4.80,1.8300,9.8033,2.466,NO
7591,8.881,5.773,0.004,0.007,5.784,1.538,10.20,13.35,10.35,6.35,2.6238,9.8392,2.462,NO
7592,9.386,6.101,0.004,0.007,6.112,1.538,10.20,14.90,11.90,7.90,2.7238,10.2142,2.418,NO
7593,9.500,6.175,0.004,0.007,6.186,1.538,10.20,16.35,13.35,9.35,2.7463,10.2987,2.409,NO
7594,9.637,6.264,0.004,0.007,6.275,1.538,10.20,17.59,14.59,10.59,2.7734,10.4003,2.398,NO
7595,9.857,6.407,0.004,0.007,6.418,1.538,10.20,18.55,15.55,11.55,2.8170,10.5637,2.382,NO
7596,10.603,6.892,0.005,0.009,6.905,1.538,10.21,19.15,16.15,12.15,2.9649,11.1185,2.330,NO
7597,10.339,6.720,0.004,0.008,6.733,1.538,10.21,19.35,16.35,12.35,4.3689,10.9224,2.348,NO
7598,10.001,6.501,0.004,0.007,6.512,1.538,10.20,19.15,16.15,12.15,4.2684,10.6710,2.371,NO
7599,9.869,6.415,0.004,0.007,6.426,1.538,10.20,18.55,15.55,11.55,4.2292,10.5731,2.381,NO
7600,10.202,6.631,0.004,0.008,6.643,1.538,10.20,17.59,14.59,10.59,4.3281,10.8202,2.357,NO
7601,9.495,6.172,0.004,0.007,6.183,1.538,10.20,16.35,13.35,9.35,4.1181,10.2951,2.409,NO
7602,9.077,5.900,0.004,0.007,5.912,1.538,10.20,14.90,11.90,7.90,3.9940,9.9851,2.444,NO
7603,8.754,5.690,0.004,0.007,5.702,1.538,10.20,13.35,10.35,6.35,2.5987,9.7453,2.474,NO
7604,8.437,5.484,0.004,0.007,5.495,1.538,10.20,11.80,8.80,4.80,2.5358,9.5094,2.505,NO
7605,8.425,5.476,0.004,0.007,5.487,1.538,10.20,10.35,7.35,3.35,2.5334,9.5004,2.506,NO
7606,8.072,5.247,0.004,0.007,5.258,1.538,10.20,9.11,6.11,2.11,2.4636,9.2383,2.543,NO
7607,7.938,5.160,0.004,0.007,5.171,1.538,10.20,8.16,5.16,1.16,1.7060,9.1392,2.558,NO
7608,7.538,4.900,0.004,0.007,4.911,1.538,10.20,7.56,4.56,0.56,1.6506,8.8423,2.607,NO
7609,7.520,4.888,0.004,0.007,4.900,1.538,10.20,7.22,4.22,0.22,1.6481,8.8290,2.609,NO
7610,7.788,5.062,0.004,0.007,5.073,1.538,10.20,7.43,4.43,0.43,1.6851,9.0273,2.576,NO
7611,7.505,4.878,0.004,0.007,4.890,1.538,10.20,8.03,5.03,1.03,1.6460,8.8178,2.611,NO
7612,7.890,5.128,0.004,0.007,5.140,1.538,10.20,8.98,5.98,1.98,1.6993,9.1032,2.564,NO
7613,8.409,5.466,0.004,0.007,5.477,1.538,10.20,10.22,7.22,3.22,1.7713,9.4891,2.508,NO
7614,8.716,5.665,0.004,0.007,5.676,1.538,10.20,11.67,8.67,4.67,1.8137,9.7165,2.477,NO
7615,8.889,5.778,0.004,0.007,5.789,1.538,10.20,13.22,10.22,6.22,2.6253,9.8449,2.461,NO
7616,9.274,6.028,0.004,0.007,6.039,1.538,10.20,14.78,11.78,7.78,2.7015,10.1308,2.428,NO
7617,9.971,6.481,0.004,0.007,6.493,1.538,10.20,16.22,13.22,9.22,2.8397,10.6489,2.373,NO
7618,10.083,6.554,0.004,0.008,6.565,1.538,10.20,17.47,14.47,10.47,2.8617,10.7316,2.365,NO
7619,10.180,6.617,0.004,0.008,6.629,1.538,10.20,18.42,15.42,11.42,2.8812,10.8043,2.358,NO
7620,10.260,6.669,0.004,0.008,6.681,1.538,10.21,19.02,16.02,12.02,2.8969,10.8634,2.353,NO
7621,10.431,6.780,0.004,0.008,6.793,1.538,10.21,19.22,16.22,12.22,4.3964,10.9909,2.341,NO
7622,10.576,6.874,0.005,0.009,6.888,1.538,10.21,19.02,16.02,12.02,4.4395,11.0987,2.332,NO
7623,10.082,6.553,0.004,0.008,6.565,1.538,10.20,18.42,15.42,11.42,4.2923,10.7309,2.365,NO
7624,10.022,6.514,0.004,0.007,6.526,1.538,10.20,17.47,14.47,10.47,4.2746,10.6866,2.370,NO
7625,9.773,6.352,0.004,0.007,6.363,1.538,10.20,16.22,13.22,9.22,4.2005,10.5012,2.388,NO
7626,9.458,6.148,0.004,0.007,6.159,1.538,10.20,14.78,11.78,7.78,4.1071,10.2677,2.412,NO
7627,9.097,5.913,0.004,0.007,5.925,1.538,10.20,13.22,10.22,6.22,2.6666,9.9998,2.443,NO
7628,8.808,5.725,0.004,0.007,5.737,1.538,10.20,11.67,8.67,4.67,2.6094,9.7852,2.469,NO
7629,8.453,5.495,0.004,0.007,5.506,1.538,10.20,10.22,7.22,3.22,2.5391,9.5216,2.503,NO
7630,7.731,5.025,0.004,0.007,5.036,1.538,10.20,8.98,5.98,1.98,2.3960,8.9850,2.583,NO
7631,7.813,5.079,0.004,0.007,5.090,1.538,10.20,8.03,5.03,1.03,1.6887,9.0465,2.573,NO
7632,7.515,4.884,0.004,0.007,4.896,1.538,10.20,7.43,4.43,0.43,1.6473,8.8247,2.610,NO
7633,7.969,5.180,0.004,0.007,5.191,1.538,10.20,7.10,4.10,0.10,1.7102,9.1618,2.555,NO
7634,7.941,5.162,0.004,0.007,5.173,1.538,10.20,7.30,4.30,0.30,1.7064,9.1413,2.558,NO
7635,8.003,5.202,0.004,0.007,5.214,1.538,10.20,7.90,4.90,0.90,1.7150,9.1877,2.551,NO
7636,8.358,5.433,0.004,0.007,5.444,1.538,10.20,8.86,5.86,1.86,1.7642,9.4510,2.513,NO
7637,8.269,5.375,0.004,0.007,5.386,1.538,10.20,10.10,7.10,3.10,1.7518,9.3849,2.522,NO
7638,8.521,5.538,0.004,0.007,5.550,1.538,10.20,11.55,8.55,4.55,1.7867,9.5717,2.496,NO
7639,9.095,5.912,0.004,0.007,5.923,1.538,10.20,13.10,10.10,6.10,2.6662,9.9983,2.443,NO
7640,9.512,6.183,0.004,0.007,6.194,1.538,10.20,14.65,11.65,7.65,2.7487,10.3076,2.408,NO
7641,9.638,6.264,0.004,0.007,6.276,1.538,10.20,16.10,13.10,9.10,2.7736,10.4010,2.398,NO
7642,10.224,6.645,0.004,0.008,6.657,1.538,10.20,17.34,14.34,10.34,2.8897,10.8365,2.355,NO
7643,10.309,6.701,0.004,0.008,6.714,1.538,10.21,18.29,15.29,11.29,2.9067,10.9003,2.350,NO
7644,10.497,6.823,0.005,0.009,6.836,1.538,10.21,18.89,15.89,11.89,2.9440,11.0402,2.337,NO
7645,10.477,6.810,0.004,0.009,6.823,1.538,10.21,19.10,16.10,12.10,4.4099,11.0248,2.338,NO
7646,10.052,6.534,0.004,0.008,6.546,1.538,10.20,18.89,15.89,11.89,4.2836,10.7091,2.367,NO
7647,10.309,6.701,0.004,0.008,6.713,1.538,10.21,18.29,15.29,11.29,4.3600,10.9000,2.350,NO
7648,9.846,6.400,0.004,0.007,6.411,1.538,10.20,17.34,14.34,10.34,4.2223,10.5557,2.382,NO
7649,9.425,6.126,0.004,0.007,6.138,1.538,10.20,16.10,13.10,9.10,4.0972,10.2431,2.415,NO
7650,9.453,6.144,0.004,0.007,6.155,1.538,10.20,14.65,11.65,7.65,4.1054,10.2636,2.413,NO
7651,9.203,5.982,0.004,0.007,5.994,1.538,10.20,13.10,10.10,6.10,2.6876,10.0787,2.434,NO
7652,8.559,5.563,0.004,0.007,5.575,1.538,10.20,11.55,8.55,4.55,2.5600,9.6000,2.493,NO
7653,8.434,5.482,0.004,0.007,5.493,1.538,10.20,10.10,7.10,3.10,2.5352,9.5071,2.505,NO
7654,8.021,5.213,0.004,0.007,5.225,1.538,10.20,8.86,5.86,1.86,2.4534,9.2004,2.549,NO
7655,8.128,5.283,0.004,0.007,5.294,1.538,10.20,7.90,4.90,0.90,1.7323,9.2800,2.537,NO
7656,7.955,5.171,0.004,0.007,5.182,1.538,10.20,7.30,4.30,0.30,1.7083,9.1517,2.557,NO
7657,7.474,4.858,0.004,0.007,4.870,1.538,10.20,6.97,3.97,-0.03,1.6417,8.7949,2.615,NO
7658,7.640,4.966,0.004,0.007,4.978,1.538,10.20,7.18,4.18,0.18,1.6647,8.9180,2.594,NO
7659,7.986,5.191,0.004,0.007,5.202,1.538,10.20,7.78,4.78,0.78,1.7126,9.1745,2.553,NO
7660,8.130,5.285,0.004,0.007,5.296,1.538,10.20,8.73,5.73,1.73,1.7326,9.2817,2.537,NO
7661,8.090,5.258,0.004,0.007,5.270,1.538,10.20,9.97,6.97,2.97,1.7270,9.2517,2.541,NO
7662,8.755,5.691,0.004,0.007,5.702,1.538,10.20,11.42,8.42,4.42,1.8192,9.7456,2.474,NO
7663,8.838,5.745,0.004,0.007,5.756,1.538,10.20,12.97,9.97,5.97,2.6153,9.8074,2.466,NO
7664,9.593,6.235,0.004,0.007,6.247,1.538,10.20,14.53,11.53,7.53,2.7648,10.3678,2.402,NO
7665,9.450,6.142,0.004,0.007,6.154,1.538,10.20,15.97,12.97,8.97,2.7364,10.2615,2.413,NO
7666,9.617,6.251,0.004,0.007,6.262,1.538,10.20,17.22,14.22,10.22,2.7695,10.3858,2.400,NO
7667,10.352,6.729,0.004,0.008,6.741,1.538,10.21,18.17,15.17,11.17,2.9152,10.9320,2.347,NO
7668,10.052,6.534,0.004,0.008,6.545,1.538,10.20,18.77,15.77,11.77,2.8557,10.7088,2.367,NO
7669,10.149,6.597,0.004,0.008,6.609,1.538,10.20,18.97,15.97,11.97,4.3124,10.7811,2.361,NO
7670,10.599,6.889,0.005,0.009,6.903,1.538,10.21,18.77,15.77,11.77,4.4462,11.1156,2.331,NO
7671,10.348,6.726,0.004,0.008,6.739,1.538,10.21,18.17,15.17,11.17,4.3716,10.9291,2.347,NO
7672,9.787,6.361,0.004,0.007,6.373,1.538,10.20,17.22,14.22,10.22,4.2047,10.5116,2.387,NO
7673,9.796,6.367,0.004,0.007,6.379,1.538,10.20,15.97,12.97,8.97,4.2074,10.5185,2.386,NO
7674,9.229,5.999,0.004,0.007,6.010,1.538,10.20,14.53,11.53,7.53,4.0390,10.0975,2.431,NO
7675,9.298,6.044,0.004,0.007,6.055,1.538,10.20,12.97,9.97,5.97,2.7064,10.1491,2.426,NO
7676,8.573,5.573,0.004,0.007,5.584,1.538,10.20,11.42,8.42,4.42,2.5628,9.6106,2.491,NO
7677,8.413,5.468,0.004,0.007,5.479,1.538,10.20,9.97,6.97,2.97,2.5311,9.4914,2.507,NO
7678,8.131,5.285,0.004,0.007,5.296,1.538,10.20,8.73,5.73,1.73,2.4752,9.2821,2.537,NO
7679,8.126,5.282,0.004,0.007,5.294,1.538,10.20,7.78,4.78,0.78,1.7321,9.2790,2.537,NO
7680,7.598,4.939,0.004,0.007,4.950,1.538,10.20,7.18,4.18,0.18,1.6588,8.8864,2.599,NO
7681,6.327,4.113,0.004,0.007,4.124,1.538,10.20,6.85,3.85,-0.15,1.4827,7.9429,2.790,NO
7682,6.586,4.281,0.004,0.007,4.292,1.538,10.20,7.06,4.06,0.06,1.5185,8.1349,2.745,NO
7683,6.816,4.430,0.004,0.007,4.442,1.538,10.20,7.66,4.66,0.66,1.5505,8.3060,2.708,NO
7684,6.924,4.500,0.004,0.007,4.512,1.538,10.20,8.61,5.61,1.61,1.5653,8.3858,2.692,NO
7685,7.024,4.565,0.004,0.007,4.577,1.538,10.20,9.85,6.85,2.85,1.5792,8.4602,2.677,NO
7686,7.276,4.729,0.004,0.007,4.740,1.538,10.20,11.30,8.30,4.30,1.6142,8.6473,2.641,NO
7687,7.687,4.996,0.004,0.007,5.008,1.538,10.20,12.85,9.85,5.85,2.3873,8.9524,2.588,NO
7688,8.187,5.321,0.004,0.007,5.333,1.538,10.20,14.41,11.41,7.41,2.4863,9.3238,2.531,NO
7689,8.593,5.586,0.004,0.007,5.597,1.538,10.20,15.85,12.85,8.85,2.5668,9.6256,2.489,NO
7690,8.432,5.481,0.004,0.007,5.492,1.538,10.20,17.10,14.10,10.10,2.5349,9.5059,2.505,NO
7691,8.600,5.590,0.004,0.007,5.601,1.538,10.20,18.05,15.05,11.05,2.5681,9.6306,2.489,NO
7692,9.081,5.903,0.004,0.007,5.914,1.538,10.20,18.65,15.65,11.65,2.6634,9.9877,2.444,NO
7693,8.903,5.787,0.004,0.007,5.798,1.538,10.20,18.85,15.85,11.85,2.6281,9.8554,2.460,NO
7694,8.921,5.799,0.004,0.007,5.810,1.538,10.20,18.65,15.65,11.65,2.6317,9.8689,2.458,NO
7695,9.078,5.901,0.004,0.007,5.912,1.538,10.20,18.05,15.05,11.05,2.6628,9.9855,2.444,NO
7696,8.422,5.474,0.004,0.007,5.486,1.538,10.20,17.10,14.10,10.10,2.5330,9.4986,2.506,NO
7697,8.239,5.355,0.004,0.007,5.367,1.538,10.20,15.85,12.85,8.85,2.4967,9.3627,2.525,NO
7698,8.201,5.331,0.004,0.007,5.342,1.538,10.20,14.41,11.41,7.41,2.4891,9.3342,2.529,NO
7699,7.626,4.957,0.004,0.007,4.968,1.538,10.20,12.85,9.85,5.85,2.3753,8.9074,2.596,NO
7700,7.594,4.936,0.004,0.007,4.948,1.538,10.20,11.30,8.30,4.30,2.3690,8.8838,2.600,NO
7701,7.065,4.592,0.004,0.007,4.603,1.538,10.20,9.85,6.85,2.85,2.2642,8.4906,2.671,NO
7702,6.396,4.157,0.004,0.007,4.169,1.538,10.20,8.61,5.61,1.61,2.1317,7.9941,2.777,NO
7703,6.471,4.206,0.004,0.007,4.218,1.538,10.20,7.66,4.66,0.66,1.5027,8.0501,2.764,NO
7704,6.327,4.113,0.004,0.007,4.124,1.538,10.20,7.06,4.06,0.06,1.4827,7.9429,2.790,NO
7705,6.409,4.166,0.004,0.007,4.177,1.538,10.20,6.73,3.73,-0.27,1.4940,8.0038,2.775,NO
7706,6.365,4.137,0.004,0.007,4.149,1.538,10.20,6.94,3.94,-0.06,1.4880,7.9713,2.783,NO
7707,6.580,4.277,0.004,0.007,4.288,1.538,10.20,7.54,4.54,0.54,1.5177,8.1305,2.746,NO
7708,6.857,4.457,0.004,0.007,4.468,1.538,10.20,8.49,5.49,1.49,1.5561,8.3364,2.702,NO
7709,6.695,4.352,0.004,0.007,4.363,1.538,10.20,9.73,6.73,2.73,1.5336,8.2159,2.727,NO
7710,7.331,4.765,0.004,0.007,4.776,1.538,10.20,11.18,8.18,4.18,1.6218,8.6882,2.634,NO
7711,7.928,5.153,0.004,0.007,5.164,1.538,10.20,12.73,9.73,5.73,2.4351,9.1316,2.560,NO
7712,8.099,5.264,0.004,0.007,5.276,1.538,10.20,14.29,11.29,7.29,2.4690,9.2586,2.540,NO
7713,8.269,5.375,0.004,0.007,5.386,1.538,10.20,15.73,12.73,8.73,2.5026,9.3846,2.522,NO
7714,8.344,5.423,0.004,0.007,5.435,1.538,10.20,16.98,13.98,9.98,2.5174,9.4404,2.514,NO
7715,8.543,5.553,0.004,0.007,5.565,1.538,10.20,17.93,14.93,10.93,2.5569,9.5886,2.494,NO
7716,9.138,5.940,0.004,0.007,5.951,1.538,10.20,18.53,15.53,11.53,2.6746,10.0299,2.439,NO
7717,8.781,5.708,0.004,0.007,5.719,1.538,10.20,18.73,15.73,11.73,2.6040,9.7648,2.471,NO
7718,8.715,5.665,0.004,0.007,5.676,1.538,10.20,18.53,15.53,11.53,2.5909,9.7160,2.477,NO
7719,8.683,5.644,0.004,0.007,5.655,1.538,10.20,17.93,14.93,10.93,2.5846,9.6921,2.481,NO
7720,8.863,5.761,0.004,0.007,5.772,1.538,10.20,16.98,13.98,9.98,2.6201,9.8256,2.464,NO
7721,8.237,5.354,0.004,0.007,5.365,1.538,10.20,15.73,12.73,8.73,2.4963,9.3611,2.525,NO
7722,7.673,4.988,0.004,0.007,4.999,1.538,10.20,14.29,11.29,7.29,2.3847,8.9426,2.590,NO
7723,7.611,4.947,0.004,0.007,4.958,1.538,10.20,12.73,9.73,5.73,2.3723,8.8960,2.598,NO
7724,7.039,4.575,0.004,0.007,4.586,1.538,10.20,11.18,8.18,4.18,2.2590,8.4712,2.675,NO
7725,6.817,4.431,0.004,0.007,4.443,1.538,10.20,9.73,6.73,2.73,2.2152,8.3069,2.708,NO
7726,6.969,4.530,0.004,0.007,4.541,1.538,10.20,8.49,5.49,1.49,2.2452,8.4193,2.685,NO
7727,6.814,4.429,0.004,0.007,4.440,1.538,10.20,7.54,4.54,0.54,1.5502,8.3044,2.708,NO
7728,6.488,4.217,0.004,0.007,4.228,1.538,10.20,6.94,3.94,-0.06,1.5049,8.0621,2.762,NO
7729,7.932,5.156,0.004,0.007,5.167,1.538,10.20,6.62,3.62,-0.38,1.7052,9.1347,2.559,NO
7730,7.575,4.924,0.004,0.007,4.935,1.538,10.20,6.82,3.82,-0.18,1.6556,8.8694,2.602,NO
7731,7.933,5.157,0.004,0.007,5.168,1.538,10.20,7.42,4.42,0.42,1.7053,9.1354,2.559,NO
7732,8.291,5.389,0.004,0.007,5.401,1.538,10.20,8.37,5.37,1.37,1.7549,9.4012,2.520,NO
7733,8.299,5.394,0.004,0.007,5.406,1.538,10.20,9.62,6.62,2.62,1.7560,9.4071,2.519,NO
7734,8.760,5.694,0.004,0.007,5.706,1.538,10.20,11.06,8.06,4.06,1.8199,9.7496,2.473,NO
7735,8.946,5.815,0.004,0.007,5.826,1.538,10.20,12.62,9.62,5.62,2.6367,9.8875,2.456,NO
7736,9.511,6.182,0.004,0.007,6.194,1.538,10.20,14.17,11.17,7.17,2.7486,10.3073,2.408,NO
7737,9.887,6.427,0.004,0.007,6.438,1.538,10.20,15.62,12.62,8.62,2.8230,10.5862,2.379,NO
7738,10.004,6.503,0.004,0.007,6.514,1.538,10.20,16.86,13.86,9.86,2.8462,10.6733,2.371,NO
7739,10.430,6.779,0.004,0.008,6.792,1.538,10.21,17.81,14.81,10.81,2.9306,10.9899,2.342,NO
7740,10.037,6.524,0.004,0.007,6.536,1.538,10.20,18.41,15.41,11.41,2.8527,10.6978,2.368,NO
7741,10.310,6.701,0.004,0.008,6.714,1.538,10.21,18.62,15.62,11.62,4.3602,10.9005,2.350,NO
7742,10.515,6.835,0.005,0.009,6.848,1.538,10.21,18.41,15.41,11.41,4.4214,11.0534,2.336,NO
7743,10.435,6.783,0.004,0.008,6.796,1.538,10.21,17.81,14.81,10.81,4.3976,10.9940,2.341,NO
7744,9.709,6.311,0.004,0.007,6.322,1.538,10.20,16.86,13.86,9.86,4.1815,10.4537,2.393,NO
7745,9.658,6.278,0.004,0.007,6.289,1.538,10.20,15.62,12.62,8.62,4.1664,10.4161,2.397,NO
7746,9.047,5.880,0.004,0.007,5.892,1.538,10.20,14.17,11.17,7.17,3.9849,9.9622,2.447,NO
7747,9.318,6.056,0.004,0.007,6.068,1.538,10.20,12.62,9.62,5.62,2.7102,10.1634,2.424,NO
7748,8.726,5.672,0.004,0.007,5.683,1.538,10.20,11.06,8.06,4.06,2.5931,9.7243,2.476,NO
7749,8.522,5.539,0.004,0.007,5.551,1.538,10.20,9.62,6.62,2.62,2.5528,9.5728,2.496,NO
7750,8.283,5.384,0.004,0.007,5.395,1.538,10.20,8.37,5.37,1.37,2.5054,9.3953,2.521,NO
7751,8.102,5.266,0.004,0.007,5.278,1.538,10.20,7.42,4.42,0.42,1.7287,9.2610,2.540,NO
7752,7.899,5.134,0.004,0.007,5.145,1.538,10.20,6.82,3.82,-0.18,1.7005,9.1097,2.563,NO
7753,7.789,5.063,0.004,0.007,5.074,1.538,10.20,6.50,3.50,-0.50,1.6853,9.0285,2.576,NO
7754,7.639,4.965,0.004,0.007,4.977,1.538,10.20,6.71,3.71,-0.29,1.6645,8.9169,2.594,NO
7755,8.154,5.300,0.004,0.007,5.311,1.538,10.20,7.31,4.31,0.31,1.7359,9.2992,2.534,NO
7756,8.099,5.264,0.004,0.007,5.276,1.538,10.20,8.26,5.26,1.26,1.7283,9.2585,2.540,NO
7757,8.542,5.552,0.004,0.007,5.563,1.538,10.20,9.50,6.50,2.50,1.7896,9.5872,2.494,NO
7758,8.860,5.759,0.004,0.007,5.770,1.538,10.20,10.95,7.95,3.95,1.8337,9.8235,2.464,NO
7759,8.981,5.838,0.004,0.007,5.849,1.538,10.20,12.50,9.50,5.50,2.6436,9.9135,2.453,NO
7760,9.140,5.941,0.004,0.007,5.952,1.538,10.20,14.05,11.05,7.05,2.6751,10.0316,2.439,NO
7761,9.977,6.485,0.004,0.007,6.496,1.538,10.20,15.50,12.50,8.50,2.8408,10.6529,2.373,NO
7762,9.865,6.412,0.004,0.007,6.423,1.538,10.20,16.74,13.74,9.74,2.8186,10.5696,2.381,NO
7763,10.437,6.784,0.004,0.008,6.797,1.538,10.21,17.70,14.70,10.70,2.9320,10.9951,2.341,NO
7764,10.173,6.612,0.004,0.008,6.624,1.538,10.20,18.30,15.30,11.30,2.8797,10.7988,2.359,NO
7765,10.017,6.511,0.004,0.007,6.523,1.538,10.20,18.50,15.50,11.50,4.2732,10.6830,2.370,NO
7766,10.606,6.894,0.005,0.009,6.907,1.538,10.21,18.30,15.30,11.30,4.4484,11.1209,2.330,NO
7767,10.040,6.526,0.004,0.007,6.537,1.538,10.20,17.70,14.70,10.70,4.2798,10.6996,2.368,NO
7768,9.694,6.301,0.004,0.007,6.313,1.538,10.20,16.74,13.74,9.74,4.1773,10.4432,2.394,NO
7769,9.924,6.451,0.004,0.007,6.462,1.538,10.20,15.50,12.50,8.50,4.2455,10.6137,2.377,NO
7770,9.521,6.189,0.004,0.007,6.200,1.538,10.20,14.05,11.05,7.05,4.1259,10.3147,2.407,NO
7771,8.778,5.706,0.004,0.007,5.717,1.538,10.20,12.50,9.50,5.50,2.6034,9.7628,2.472,NO
7772,8.594,5.586,0.004,0.007,5.597,1.538,10.20,10.95,7.95,3.95,2.5670,9.6262,2.489,NO
7773,8.047,5.231,0.004,0.007,5.242,1.538,10.20,9.50,6.50,2.50,2.4587,9.2201,2.546,NO
7774,8.138,5.290,0.004,0.007,5.301,1.538,10.20,8.26,5.26,1.26,2.4767,9.2876,2.536,NO
7775,8.105,5.268,0.004,0.007,5.279,1.538,10.20,7.31,4.31,0.31,1.7291,9.2628,2.540,NO
7776,7.997,5.198,0.004,0.007,5.209,1.538,10.20,6.71,3.71,-0.29,1.7142,9.1830,2.552,NO
7777,7.478,4.861,0.004,0.007,4.872,1.538,10.20,6.39,3.39,-0.61,1.6422,8.7973,2.614,NO
7778,7.771,5.051,0.004,0.007,5.062,1.538,10.20,6.59,3.59,-0.41,1.6828,9.0148,2.578,NO
7779,8.139,5.290,0.004,0.007,5.302,1.538,10.20,7.19,4.19,0.19,1.7338,9.2883,2.536,NO
7780,7.929,5.154,0.004,0.007,5.165,1.538,10.20,8.15,5.15,1.15,1.7047,9.1322,2.560,NO
7781,8.606,5.594,0.004,0.007,5.606,1.538,10.20,9.39,6.39,2.39,1.7986,9.6354,2.488,NO
7782,8.941,5.812,0.004,0.007,5.823,1.538,10.20,10.84,7.84,3.84,1.8450,9.8837,2.457,NO
7783,9.286,6.036,0.004,0.007,6.047,1.538,10.20,12.39,9.39,5.39,2.7040,10.1400,2.427,NO
7784,9.127,5.932,0.004,0.007,5.944,1.538,10.20,13.94,10.94,6.94,2.6724,10.0216,2.440,NO
7785,9.586,6.231,0.004,0.007,6.242,1.538,10.20,15.39,12.39,8.39,2.7634,10.3626,2.402,NO
7786,9.947,6.465,0.004,0.007,6.477,1.538,10.20,16.63,13.63,9.63,2.8348,10.6307,2.375,NO
7787,10.047,6.530,0.004,0.008,6.542,1.538,10.20,17.59,14.59,10.59,2.8547,10.7049,2.368,NO
7788,10.357,6.732,0.004,0.008,6.744,1.538,10.21,18.18,15.18,11.18,2.9162,10.9356,2.346,NO
7789,10.282,6.683,0.004,0.008,6.696,1.538,10.21,18.39,15.39,11.39,4.3520,10.8800,2.351,NO
7790,10.189,6.623,0.004,0.008,6.635,1.538,10.20,18.18,15.18,11.18,4.3243,10.8108,2.358,NO
7791,10.025,6.516,0.004,0.007,6.528,1.538,10.20,17.59,14.59,10.59,4.2755,10.6889,2.369,NO
7792,9.683,6.294,0.004,0.007,6.305,1.538,10.20,16.63,13.63,9.63,4.1738,10.4345,2.395,NO
7793,9.726,6.322,0.004,0.007,6.333,1.538,10.20,15.39,12.39,8.39,4.1865,10.4664,2.391,NO
7794,9.405,6.113,0.004,0.007,6.125,1.538,10.20,13.94,10.94,6.94,4.0914,10.2285,2.417,NO
7795,8.935,5.808,0.004,0.007,5.819,1.538,10.20,12.39,9.39,5.39,2.6345,9.8792,2.457,NO
7796,8.941,5.812,0.004,0.007,5.823,1.538,10.20,10.84,7.84,3.84,2.6357,9.8840,2.457,NO
7797,8.655,5.625,0.004,0.007,5.637,1.538,10.20,9.39,6.39,2.39,2.5790,9.6711,2.483,NO
7798,7.780,5.057,0.004,0.007,5.068,1.538,10.20,8.15,5.15,1.15,2.4059,9.0219,2.577,NO
7799,8.168,5.309,0.004,0.007,5.321,1.538,10.20,7.19,4.19,0.19,1.7379,9.3102,2.533,NO
7800,7.810,5.077,0.004,0.007,5.088,1.538,10.20,6.59,3.59,-0.41,1.6882,9.0440,2.573,NO
7801,7.556,4.911,0.004,0.007,4.923,1.538,10.20,6.28,3.28,-0.72,1.6530,8.8555,2.604,NO
7802,7.705,5.008,0.004,0.007,5.019,1.538,10.20,6.48,3.48,-0.52,1.6736,8.9658,2.586,NO
7803,7.969,5.180,0.004,0.007,5.191,1.538,10.20,7.08,4.08,0.08,1.7102,9.1619,2.555,NO
7804,8.223,5.345,0.004,0.007,5.356,1.538,10.20,8.04,5.04,1.04,1.7454,9.3503,2.527,NO
7805,8.574,5.573,0.004,0.007,5.584,1.538,10.20,9.28,6.28,2.28,1.7941,9.6110,2.491,NO
7806,8.798,5.719,0.004,0.007,5.730,1.538,10.20,10.73,7.73,3.73,1.8252,9.7779,2.470,NO
7807,9.199,5.979,0.004,0.007,5.990,1.538,10.20,12.28,9.28,5.28,2.6867,10.0751,2.434,NO
7808,9.010,5.856,0.004,0.007,5.868,1.538,10.20,13.83,10.83,6.83,2.6493,9.9349,2.450,NO
7809,9.504,6.178,0.004,0.007,6.189,1.538,10.20,15.28,12.28,8.28,2.7471,10.3018,2.409,NO
7810,9.709,6.311,0.004,0.007,6.322,1.538,10.20,16.52,13.52,9.52,2.7878,10.4542,2.393,NO
7811,10.406,6.764,0.004,0.008,6.777,1.538,10.21,17.47,14.47,10.47,2.9259,10.9723,2.343,NO
7812,10.096,6.562,0.004,0.008,6.574,1.538,10.20,18.07,15.07,11.07,2.8644,10.7414,2.364,NO
7813,10.426,6.777,0.004,0.008,6.790,1.538,10.21,18.28,15.28,11.28,4.3949,10.9873,2.342,NO
7814,10.195,6.627,0.004,0.008,6.639,1.538,10.20,18.07,15.07,11.07,4.3261,10.8153,2.357,NO
7815,10.237,6.654,0.004,0.008,6.666,1.538,10.20,17.47,14.47,10.47,4.3387,10.8468,2.354,NO
7816,9.835,6.393,0.004,0.007,6.404,1.538,10.20,16.52,13.52,9.52,4.2192,10.5479,2.383,NO
7817,9.764,6.346,0.004,0.007,6.358,1.538,10.20,15.28,12.28,8.28,4.1979,10.4946,2.389,NO
7818,9.318,6.057,0.004,0.007,6.068,1.538,10.20,13.83,10.83,6.83,4.0656,10.1640,2.424,NO
7819,8.832,5.741,0.004,0.007,5.752,1.538,10.20,12.28,9.28,5.28,2.6141,9.8027,2.467,NO
7820,8.648,5.621,0.004,0.007,5.632,1.538,10.20,10.73,7.73,3.73,2.5776,9.6660,2.484,NO
7821,8.592,5.585,0.004,0.007,5.596,1.538,10.20,9.28,6.28,2.28,2.5666,9.6249,2.489,NO
7822,8.187,5.322,0.004,0.007,5.333,1.538,10.20,8.04,5.04,1.04,2.4864,9.3241,2.531,NO
7823,8.066,5.243,0.004,0.007,5.254,1.538,10.20,7.08,4.08,0.08,1.7237,9.2342,2.544,NO
7824,8.028,5.218,0.004,0.007,5.229,1.538,10.20,6.48,3.48,-0.52,1.7184,9.2056,2.548,NO
7825,7.972,5.181,0.004,0.007,5.193,1.538,10.20,6.17,3.17,-0.83,1.7106,9.1640,2.555,NO
7826,7.626,4.957,0.004,0.007,4.968,1.538,10.20,6.37,3.37,-0.63,1.6627,8.9074,2.596,NO
7827,8.103,5.267,0.004,0.007,5.278,1.538,10.20,6.97,3.97,-0.03,1.7288,9.2613,2.540,NO
7828,7.869,5.115,0.004,0.007,5.126,1.538,10.20,7.93,4.93,0.93,1.6964,9.0878,2.566,NO
7829,8.477,5.510,0.004,0.007,5.521,1.538,10.20,9.17,6.17,2.17,1.7806,9.5390,2.501,NO
7830,8.764,5.696,0.004,0.007,5.708,1.538,10.20,10.62,7.62,3.62,1.8204,9.7521,2.473,NO
7831,8.784,5.710,0.004,0.007,5.721,1.538,10.20,12.17,9.17,5.17,2.6047,9.7676,2.471,NO
7832,9.571,6.221,0.004,0.007,6.232,1.538,10.20,13.72,10.72,6.72,2.7604,10.3516,2.403,NO
7833,9.422,6.124,0.004,0.007,6.136,1.538,10.20,15.17,12.17,8.17,2.7309,10.2410,2.415,NO
7834,9.919,6.447,0.004,0.007,6.459,1.538,10.20,16.41,13.41,9.41,2.8293,10.6098,2.377,NO
7835,9.908,6.440,0.004,0.007,6.452,1.538,10.20,17.37,14.37,10.37,2.8272,10.6021,2.378,NO
7836,10.030,6.520,0.004,0.007,6.531,1.538,10.20,17.97,14.97,10.97,2.8514,10.6928,2.369,NO
7837,10.073,6.547,0.004,0.008,6.559,1.538,10.20,18.17,15.17,11.17,4.2896,10.7241,2.366,NO
7838,10.577,6.875,0.005,0.009,6.889,1.538,10.21,17.97,14.97,10.97,4.4399,11.0997,2.332,NO
7839,10.233,6.651,0.004,0.008,6.664,1.538,10.20,17.37,14.37,10.37,4.3374,10.8434,2.355,NO
7840,9.938,6.460,0.004,0.007,6.471,1.538,10.20,16.41,13.41,9.41,4.2497,10.6243,2.376,NO
7841,9.808,6.375,0.004,0.007,6.387,1.538,10.20,15.17,12.17,8.17,4.2111,10.5277,2.385,NO
7842,9.066,5.893,0.004,0.007,5.904,1.538,10.20,13.72,10.72,6.72,3.9905,9.9763,2.445,NO
7843,9.100,5.915,0.004,0.007,5.926,1.538,10.20,12.17,9.17,5.17,2.6672,10.0020,2.442,NO
7844,8.903,5.787,0.004,0.007,5.798,1.538,10.20,10.62,7.62,3.62,2.6281,9.8555,2.460,NO
7845,8.067,5.244,0.004,0.007,5.255,1.538,10.20,9.17,6.17,2.17,2.4627,9.2351,2.544,NO
7846,7.905,5.139,0.004,0.007,5.150,1.538,10.20,7.93,4.93,0.93,2.4306,9.1149,2.562,NO
7847,7.921,5.149,0.004,0.007,5.160,1.538,10.20,6.97,3.97,-0.03,1.7036,9.1263,2.560,NO
7848,7.899,5.134,0.004,0.007,5.146,1.538,10.20,6.37,3.37,-0.63,1.7005,9.1099,2.563,NO
7849,6.589,4.283,0.004,0.007,4.294,1.538,10.20,6.06,3.06,-0.94,1.5190,8.1375,2.744,NO
7850,6.327,4.113,0.004,0.007,4.124,1.538,10.20,6.27,3.27,-0.73,1.4827,7.9429,2.790,NO
7851,6.814,4.429,0.004,0.007,4.440,1.538,10.20,6.87,3.87,-0.13,1.5501,8.3044,2.708,NO
7852,6.904,4.487,0.004,0.007,4.499,1.538,10.20,7.82,4.82,0.82,1.5626,8.3710,2.695,NO
7853,6.727,4.372,0.004,0.007,4.384,1.538,10.20,9.06,6.06,2.06,1.5380,8.2395,2.722,NO
7854,7.215,4.690,0.004,0.007,4.701,1.538,10.20,10.51,7.51,3.51,1.6058,8.6023,2.649,NO
7855,7.907,5.140,0.004,0.007,5.151,1.538,10.20,12.06,9.06,5.06,2.4310,9.1161,2.562,NO
7856,8.225,5.346,0.004,0.007,5.357,1.538,10.20,13.62,10.62,6.62,2.4938,9.3518,2.527,NO
7857,7.999,5.199,0.004,0.007,5.210,1.538,10.20,15.06,12.06,8.06,2.4491,9.1840,2.552,NO
7858,8.665,5.632,0.004,0.007,5.644,1.538,10.20,16.31,13.31,9.31,2.5811,9.6791,2.482,NO
7859,8.757,5.692,0.004,0.007,5.703,1.538,10.20,17.26,14.26,10.26,2.5992,9.7469,2.474,NO
7860,9.114,5.924,0.004,0.007,5.935,1.538,10.20,17.86,14.86,10.86,2.6698,10.0119,2.441,NO
7861,8.661,5.630,0.004,0.007,5.641,1.538,10.20,18.06,15.06,11.06,2.5803,9.6760,2.483,NO
7862,9.128,5.933,0.004,0.007,5.945,1.538,10.20,17.86,14.86,10.86,2.6727,10.0228,2.440,NO
7863,8.935,5.808,0.004,0.007,5.819,1.538,10.20,17.26,14.26,10.26,2.6345,9.8793,2.457,NO
7864,8.372,5.442,0.004,0.007,5.453,1.538,10.20,16.31,13.31,9.31,2.5231,9.4616,2.511,NO
7865,8.207,5.334,0.004,0.007,5.346,1.538,10.20,15.06,12.06,8.06,2.4903,9.3386,2.529,NO
7866,8.122,5.279,0.004,0.007,5.291,1.538,10.20,13.62,10.62,6.62,2.4736,9.2758,2.538,NO
7867,7.360,4.784,0.004,0.007,4.795,1.538,10.20,12.06,9.06,5.06,2.3227,8.7101,2.630,NO
7868,7.538,4.900,0.004,0.007,4.911,1.538,10.20,10.51,7.51,3.51,2.3579,8.8423,2.607,NO
7869,6.682,4.343,0.004,0.007,4.354,1.538,10.20,9.06,6.06,2.06,2.1883,8.2061,2.729,NO
7870,6.632,4.311,0.004,0.007,4.322,1.538,10.20,7.82,4.82,0.82,2.1786,8.1696,2.737,NO
7871,6.395,4.157,0.004,0.007,4.168,1.538,10.20,6.87,3.87,-0.13,1.4921,7.9936,2.778,NO
7872,6.327,4.113,0.004,0.007,4.124,1.538,10.20,6.27,3.27,-0.73,1.4827,7.9429,2.790,NO
7873,6.538,4.250,0.004,0.007,4.261,1.538,10.20,5.96,2.96,-1.04,1.5119,8.0996,2.753,NO
7874,6.327,4.113,0.004,0.007,4.124,1.538,10.20,6.17,3.17,-0.83,1.4827,7.9429,2.790,NO
7875,6.606,4.294,0.004,0.007,4.305,1.538,10.20,6.76,3.76,-0.24,1.5213,8.1499,2.742,NO
7876,6.493,4.221,0.004,0.007,4.232,1.538,10.20,7.72,4.72,0.72,1.5057,8.0662,2.761,NO
7877,6.774,4.403,0.004,0.007,4.414,1.538,10.20,8.96,5.96,1.96,1.5446,8.2747,2.715,NO
7878,7.562,4.915,0.004,0.007,4.927,1.538,10.20,10.41,7.41,3.41,1.6539,8.8600,2.604,NO
7879,7.391,4.804,0.004,0.007,4.816,1.538,10.20,11.96,8.96,4.96,2.3288,8.7330,2.626,NO
7880,7.753,5.039,0.004,0.007,5.051,1.538,10.20,13.51,10.51,6.51,2.4004,9.0016,2.580,NO
7881,8.290,5.389,0.004,0.007,5.400,1.538,10.20,14.96,11.96,7.96,2.5068,9.4006,2.520,NO
7882,8.440,5.486,0.004,0.007,5.497,1.538,10.20,16.20,13.20,9.20,2.5365,9.5119,2.504,NO
7883,9.106,5.919,0.004,0.007,5.930,1.538,10.20,17.16,14.16,10.16,2.6684,10.0066,2.442,NO
7884,9.257,6.017,0.004,0.007,6.029,1.538,10.20,17.76,14.76,10.76,2.6983,10.1187,2.429,NO
7885,9.172,5.962,0.004,0.007,5.973,1.538,10.20,17.96,14.96,10.96,2.6814,10.0553,2.436,NO
7886,9.000,5.850,0.004,0.007,5.861,1.538,10.20,17.76,14.76,10.76,2.6474,9.9278,2.451,NO
7887,9.050,5.882,0.004,0.007,5.894,1.538,10.20,17.16,14.16,10.16,2.6572,9.9644,2.447,NO
7888,8.708,5.660,0.004,0.007,5.672,1.538,10.20,16.20,13.20,9.20,2.5896,9.7109,2.478,NO
7889,8.136,5.289,0.004,0.007,5.300,1.538,10.20,14.96,11.96,7.96,2.4763,9.2863,2.536,NO
7890,7.843,5.098,0.004,0.007,5.109,1.538,10.20,13.51,10.51,6.51,2.4182,9.0683,2.569,NO
7891,7.937,5.159,0.004,0.007,5.170,1.538,10.20,11.96,8.96,4.96,2.4369,9.1383,2.559,NO
7892,7.177,4.665,0.004,0.007,4.677,1.538,10.20,10.41,7.41,3.41,2.2865,8.5743,2.655,NO
7893,7.196,4.677,0.004,0.007,4.688,1.538,10.20,8.96,5.96,1.96,2.2901,8.5879,2.652,NO
7894,6.914,4.494,0.004,0.007,4.505,1.538,10.20,7.72,4.72,0.72,2.2343,8.3785,2.693,NO
7895,6.475,4.208,0.004,0.007,4.220,1.538,10.20,6.76,3.76,-0.24,1.5031,8.0524,2.764,NO
7896,6.655,4.326,0.004,0.007,4.337,1.538,10.20,6.17,3.17,-0.83,1.5281,8.1863,2.734,NO
7897,7.870,5.116,0.004,0.007,5.127,1.538,10.20,5.86,2.86,-1.14,1.6965,9.0886,2.566,NO
7898,7.782,5.058,0.004,0.007,5.070,1.538,10.20,6.06,3.06,-0.94,1.6843,9.0231,2.577,NO
7899,7.889,5.128,0.004,0.007,5.139,1.538,10.20,6.66,3.66,-0.34,1.6991,9.1024,2.564,NO
7900,7.943,5.163,0.004,0.007,5.174,1.538,10.20,7.62,4.62,0.62,1.7066,9.1428,2.558,NO
7901,8.416,5.470,0.004,0.007,5.482,1.538,10.20,8.86,5.86,1.86,1.7722,9.4938,2.507,NO
7902,8.923,5.800,0.004,0.007,5.811,1.538,10.20,10.31,7.31,3.31,1.8424,9.8702,2.458,NO
7903,8.791,5.714,0.004,0.007,5.726,1.538,10.20,11.86,8.86,4.86,2.6060,9.7726,2.470,NO
7904,9.070,5.896,0.004,0.007,5.907,1.538,10.20,13.41,10.41,6.41,2.6613,9.9798,2.445,NO
7905,9.872,6.417,0.004,0.007,6.428,1.538,10.20,14.86,11.86,7.86,2.8201,10.5753,2.380,NO
7906,10.086,6.556,0.004,0.008,6.568,1.538,10.20,16.10,13.10,9.10,2.8624,10.7342,2.365,NO
7907,10.214,6.639,0.004,0.008,6.651,1.538,10.20,17.06,14.06,10.06,2.8879,10.8295,2.356,NO
7908,10.367,6.739,0.004,0.008,6.751,1.538,10.21,17.66,14.66,10.66,2.9183,10.9434,2.346,NO
7909,10.281,6.682,0.004,0.008,6.695,1.538,10.21,17.86,14.86,10.86,4.3516,10.8789,2.352,NO
7910,10.319,6.707,0.004,0.008,6.720,1.538,10.21,17.66,14.66,10.66,4.3629,10.9071,2.349,NO
7911,9.933,6.456,0.004,0.007,6.468,1.538,10.20,17.06,14.06,10.06,4.2481,10.6204,2.376,NO
7912,9.770,6.350,0.004,0.007,6.362,1.538,10.20,16.10,13.10,9.10,4.1996,10.4991,2.388,NO
7913,9.754,6.340,0.004,0.007,6.351,1.538,10.20,14.86,11.86,7.86,4.1948,10.4871,2.389,NO
7914,9.013,5.859,0.004,0.007,5.870,1.538,10.20,13.41,10.41,6.41,3.9749,9.9373,2.450,NO
7915,9.186,5.971,0.004,0.007,5.982,1.538,10.20,11.86,8.86,4.86,2.6842,10.0658,2.435,NO
7916,8.634,5.612,0.004,0.007,5.624,1.538,10.20,10.31,7.31,3.31,2.5749,9.6560,2.485,NO
7917,8.356,5.431,0.004,0.007,5.443,1.538,10.20,8.86,5.86,1.86,2.5198,9.4493,2.513,NO
7918,7.823,5.085,0.004,0.007,5.096,1.538,10.20,7.62,4.62,0.62,2.4144,9.0539,2.572,NO
7919,7.704,5.008,0.004,0.007,5.019,1.538,10.20,6.66,3.66,-0.34,1.6736,8.9655,2.586,NO
7920,7.469,4.855,0.004,0.007,4.866,1.538,10.20,6.06,3.06,-0.94,1.6409,8.7905,2.616,NO
7921,7.802,5.071,0.004,0.007,5.083,1.538,10.20,5.76,2.76,-1.24,1.6871,9.0382,2.574,NO
7922,7.709,5.011,0.004,0.007,5.022,1.538,10.20,5.97,2.97,-1.03,1.6743,8.9692,2.585,NO
7923,7.658,4.977,0.004,0.007,4.989,1.538,10.20,6.56,3.56,-0.44,1.6671,8.9308,2.592,NO
7924,7.966,5.178,0.004,0.007,5.189,1.538,10.20,7.52,4.52,0.52,1.7098,9.1598,2.555,NO
7925,8.272,5.377,0.004,0.007,5.388,1.538,10.20,8.76,5.76,1.76,1.7522,9.3869,2.522,NO
7926,8.829,5.739,0.004,0.007,5.750,1.538,10.20,10.21,7.21,3.21,1.8295,9.8009,2.467,NO
7927,8.777,5.705,0.004,0.007,5.716,1.538,10.20,11.76,8.76,4.76,2.6032,9.7621,2.472,NO
7928,9.479,6.162,0.004,0.007,6.173,1.538,10.20,13.31,10.31,6.31,2.7423,10.2835,2.411,NO
7929,9.752,6.339,0.004,0.007,6.350,1.538,10.20,14.76,11.76,7.76,2.7962,10.4856,2.390,NO
7930,10.210,6.637,0.004,0.008,6.649,1.538,10.20,16.00,13.00,9.00,2.8871,10.8265,2.356,NO
7931,10.173,6.612,0.004,0.008,6.624,1.538,10.20,16.96,13.96,9.96,2.8797,10.7988,2.359,NO
7932,10.152,6.599,0.004,0.008,6.610,1.538,10.20,17.56,14.56,10.56,2.8755,10.7829,2.360,NO
7933,10.642,6.917,0.005,0.009,6.931,1.538,10.21,17.76,14.76,10.76,4.4591,11.1476,2.328,NO
7934,10.057,6.537,0.004,0.008,6.549,1.538,10.20,17.56,14.56,10.56,4.2851,10.7128,2.367,NO
7935,10.064,6.541,0.004,0.008,6.553,1.538,10.20,16.96,13.96,9.96,4.2870,10.7176,2.367,NO
7936,9.789,6.363,0.004,0.007,6.374,1.538,10.20,16.00,13.00,9.00,4.2053,10.5133,2.387,NO
7937,9.519,6.187,0.004,0.007,6.199,1.538,10.20,14.76,11.76,7.76,4.1252,10.3130,2.408,NO
7938,9.186,5.971,0.004,0.007,5.982,1.538,10.20,13.31,10.31,6.31,4.0264,10.0659,2.435,NO
7939,9.146,5.945,0.004,0.007,5.956,1.538,10.20,11.76,8.76,4.76,2.6762,10.0358,2.438,NO
7940,8.447,5.491,0.004,0.007,5.502,1.538,10.20,10.21,7.21,3.21,2.5379,9.5172,2.504,NO
7941,8.310,5.401,0.004,0.007,5.413,1.538,10.20,8.76,5.76,1.76,2.5107,9.4152,2.518,NO
7942,7.970,5.180,0.004,0.007,5.192,1.538,10.20,7.52,4.52,0.52,2.4434,9.1627,2.555,NO
7943,7.870,5.116,0.004,0.007,5.127,1.538,10.20,6.56,3.56,-0.44,1.6966,9.0888,2.566,NO
7944,7.894,5.131,0.004,0.007,5.142,1.538,10.20,5.97,2.97,-1.03,1.6998,9.1063,2.564,NO
7945,7.347,4.775,0.004,0.007,4.787,1.538,10.20,5.66,2.66,-1.34,1.6240,8.7000,2.632,NO
7946,7.739,5.030,0.004,0.007,5.041,1.538,10.20,5.87,2.87,-1.13,1.6783,8.9909,2.582,NO
7947,7.758,5.043,0.004,0.007,5.054,1.538,10.20,6.47,3.47,-0.53,1.6811,9.0057,2.579,NO
7948,8.265,5.372,0.004,0.007,5.383,1.538,10.20,7.42,4.42,0.42,1.7512,9.3817,2.523,NO
7949,8.148,5.296,0.004,0.007,5.307,1.538,10.20,8.66,5.66,1.66,1.7350,9.2948,2.535,NO
7950,8.500,5.525,0.004,0.007,5.537,1.538,10.20,10.11,7.11,3.11,1.7839,9.5567,2.498,NO
7951,8.957,5.822,0.004,0.007,5.834,1.538,10.20,11.66,8.66,4.66,2.6389,9.8960,2.455,NO
7952,9.404,6.113,0.004,0.007,6.124,1.538,10.20,13.22,10.22,6.22,2.7274,10.2278,2.417,NO
7953,9.712,6.313,0.004,0.007,6.324,1.538,10.20,14.66,11.66,7.66,2.7884,10.4566,2.392,NO
7954,10.166,6.608,0.004,0.008,6.620,1.538,10.20,15.91,12.91,8.91,2.8783,10.7937,2.359,NO
7955,9.993,6.495,0.004,0.007,6.507,1.538,10.20,16.86,13.86,9.86,2.8440,10.6649,2.372,NO
7956,10.610,6.897,0.005,0.009,6.910,1.538,10.21,17.46,14.46,10.46,2.9664,11.1242,2.330,NO
7957,10.532,6.846,0.005,0.009,6.859,1.538,10.21,17.66,14.66,10.66,4.4264,11.0659,2.335,NO
7958,10.541,6.852,0.005,0.009,6.865,1.538,10.21,17.46,14.46,10.46,4.4291,11.0727,2.334,NO
7959,10.470,6.805,0.004,0.009,6.818,1.538,10.21,16.86,13.86,9.86,4.4078,11.0195,2.339,NO
7960,10.153,6.599,0.004,0.008,6.611,1.538,10.20,15.91,12.91,8.91,4.3136,10.7839,2.360,NO
7961,9.495,6.172,0.004,0.007,6.183,1.538,10.20,14.66,11.66,7.66,4.1181,10.2952,2.409,NO
7962,9.070,5.895,0.004,0.007,5.907,1.538,10.20,13.22,10.22,6.22,3.9918,9.9795,2.445,NO
7963,9.127,5.932,0.004,0.007,5.944,1.538,10.20,11.66,8.66,4.66,2.6724,10.0216,2.440,NO
7964,8.941,5.812,0.004,0.007,5.823,1.538,10.20,10.11,7.11,3.11,2.6357,9.8837,2.457,NO
7965,8.340,5.421,0.004,0.007,5.432,1.538,10.20,8.66,5.66,1.66,2.5167,9.4375,2.515,NO
7966,8.036,5.223,0.004,0.007,5.235,1.538,10.20,7.42,4.42,0.42,2.4565,9.2118,2.547,NO
7967,7.967,5.178,0.004,0.007,5.190,1.538,10.20,6.47,3.47,-0.53,1.7099,9.1604,2.555,NO
7968,7.375,4.794,0.004,0.007,4.805,1.538,10.20,5.87,2.87,-1.13,1.6280,8.7214,2.628,NO
7969,7.645,4.970,0.004,0.007,4.981,1.538,10.20,5.57,2.57,-1.43,1.6654,8.9218,2.593,NO
7970,7.596,4.937,0.004,0.007,4.949,1.538,10.20,5.78,2.78,-1.22,1.6586,8.8852,2.599,NO
7971,7.526,4.892,0.004,0.007,4.903,1.538,10.20,6.37,3.37,-0.63,1.6488,8.8328,2.608,NO
7972,8.363,5.436,0.004,0.007,5.447,1.538,10.20,7.33,4.33,0.33,1.7649,9.4546,2.512,NO
7973,8.192,5.325,0.004,0.007,5.336,1.538,10.20,8.57,5.57,1.57,1.7411,9.3274,2.530,NO
7974,8.718,5.667,0.004,0.007,5.678,1.538,10.20,10.02,7.02,3.02,1.8141,9.7183,2.477,NO
7975,8.846,5.750,0.004,0.007,5.761,1.538,10.20,11.57,8.57,4.57,2.6169,9.8135,2.465,NO
7976,9.441,6.137,0.004,0.007,6.148,1.538,10.20,13.12,10.12,6.12,2.7347,10.2550,2.414,NO
7977,9.915,6.445,0.004,0.007,6.456,1.538,10.20,14.57,11.57,7.57,2.8285,10.6067,2.377,NO
7978,10.244,6.658,0.004,0.008,6.670,1.538,10.20,15.81,12.81,8.81,2.8937,10.8513,2.354,NO
7979,9.967,6.479,0.004,0.007,6.490,1.538,10.20,16.77,13.77,9.77,2.8389,10.6459,2.373,NO
7980,9.959,6.474,0.004,0.007,6.485,1.538,10.20,17.37,14.37,10.37,2.8373,10.6399,2.374,NO
7981,10.234,6.652,0.004,0.008,6.664,1.538,10.20,17.57,14.57,10.57,4.3376,10.8441,2.355,NO
7982,10.458,6.798,0.004,0.008,6.811,1.538,10.21,17.37,14.37,10.37,4.4044,11.0109,2.340,NO
7983,9.958,6.473,0.004,0.007,6.484,1.538,10.20,16.77,13.77,9.77,4.2556,10.6389,2.374,NO
7984,9.741,6.332,0.004,0.007,6.343,1.538,10.20,15.81,12.81,8.81,4.1912,10.4779,2.390,NO
7985,9.608,6.245,0.004,0.007,6.256,1.538,10.20,14.57,11.57,7.57,4.1515,10.3788,2.401,NO
7986,9.432,6.131,0.004,0.007,6.142,1.538,10.20,13.12,10.12,6.12,4.0992,10.2480,2.415,NO
7987,9.003,5.852,0.004,0.007,5.864,1.538,10.20,11.57,8.57,4.57,2.6480,9.9302,2.451,NO
7988,8.752,5.689,0.004,0.007,5.700,1.538,10.20,10.02,7.02,3.02,2.5983,9.7437,2.474,NO
7989,8.137,5.289,0.004,0.007,5.300,1.538,10.20,8.57,5.57,1.57,2.4764,9.2867,2.536,NO
7990,7.885,5.125,0.004,0.007,5.136,1.538,10.20,7.33,4.33,0.33,2.4265,9.0995,2.565,NO
7991,7.804,5.073,0.004,0.007,5.084,1.538,10.20,6.37,3.37,-0.63,1.6874,9.0398,2.574,NO
7992,7.430,4.830,0.004,0.007,4.841,1.538,10.20,5.78,2.78,-1.22,1.6356,8.7620,2.621,NO
7993,7.461,4.850,0.004,0.007,4.861,1.538,10.20,5.48,2.48,-1.52,1.6399,8.7850,2.617,NO
7994,7.799,5.069,0.004,0.007,5.080,1.538,10.20,5.68,2.68,-1.32,1.6866,9.0356,2.575,NO
7995,7.686,4.996,0.004,0.007,5.007,1.538,10.20,6.28,3.28,-0.72,1.6710,8.9519,2.588,NO
7996,8.062,5.240,0.004,0.007,5.252,1.538,10.20,7.24,4.24,0.24,1.7231,9.2311,2.544,NO
7997,8.535,5.548,0.004,0.007,5.559,1.538,10.20,8.48,5.48,1.48,1.7888,9.5826,2.495,NO
7998,8.496,5.522,0.004,0.007,5.534,1.538,10.20,9.93,6.93,2.93,1.7833,9.5533,2.499,NO
7999,9.123,5.930,0.004,0.007,5.941,1.538,10.20,11.48,8.48,4.48,2.6717,10.0187,2.440,NO
8000,9.030,5.870,0.004,0.007,5.881,1.538,10.20,13.03,10.03,6.03,2.6534,9.9502,2.449,NO
8001,9.353,4.676,0.003,0.005,4.684,2.000,10.20,14.48,11.48,7.48,2.5484,9.5566,2.271,NO
8002,10.155,6.601,0.004,0.008,6.613,1.538,10.20,15.72,12.72,8.72,2.8761,10.7853,2.360,NO
8003,10.397,6.758,0.004,0.008,6.771,1.538,10.21,16.68,13.68,9.68,2.9241,10.9653,2.344,NO
8004,10.200,6.630,0.004,0.008,6.642,1.538,10.20,17.27,14.27,10.27,2.8850,10.8189,2.357,NO
8005,10.040,6.526,0.004,0.008,6.537,1.538,10.20,17.48,14.48,10.48,4.2799,10.6998,2.368,NO
8006,10.385,6.750,0.004,0.008,6.763,1.538,10.21,17.27,14.27,10.27,4.3826,10.9564,2.345,NO
8007,10.477,6.810,0.004,0.009,6.823,1.538,10.21,16.68,13.68,9.68,4.4099,11.0248,2.338,NO
8008,9.651,6.273,0.004,0.007,6.284,1.538,10.20,15.72,12.72,8.72,4.1643,10.4107,2.397,NO
8009,9.980,6.487,0.004,0.007,6.499,1.538,10.20,14.48,11.48,7.48,4.2622,10.6556,2.373,NO
8010,9.455,6.146,0.004,0.007,6.157,1.538,10.20,13.03,10.03,6.03,4.1061,10.2652,2.413,NO
8011,8.786,5.711,0.004,0.007,5.722,1.538,10.20,11.48,8.48,4.48,2.6050,9.7689,2.471,NO
8012,8.526,5.542,0.004,0.007,5.553,1.538,10.20,9.93,6.93,2.93,2.5536,9.5759,2.496,NO
8013,8.649,5.622,0.004,0.007,5.633,1.538,10.20,8.48,5.48,1.48,2.5779,9.6670,2.484,NO
8014,8.082,5.253,0.004,0.007,5.265,1.538,10.20,7.24,4.24,0.24,2.4656,9.2461,2.542,NO
8015,7.755,5.041,0.004,0.007,5.052,1.538,10.20,6.28,3.28,-0.72,1.6806,9.0032,2.580,NO
8016,7.697,5.003,0.004,0.007,5.014,1.538,10.20,5.68,2.68,-1.32,1.6725,8.9598,2.587,NO
8017,6.327,4.113,0.004,0.007,4.124,1.538,10.20,5.39,2.39,-1.61,1.4827,7.9429,2.790,NO
8018,6.593,4.286,0.004,0.007,4.297,1.538,10.20,5.59,2.59,-1.41,1.5196,8.1405,2.744,NO
8019,6.643,4.318,0.004,0.007,4.329,1.538,10.20,6.19,3.19,-0.81,1.5265,8.1777,2.736,NO
8020,6.774,4.403,0.004,0.007,4.414,1.538,10.20,7.15,4.15,0.15,1.5446,8.2747,2.715,NO
8021,7.317,4.756,0.004,0.007,4.767,1.538,10.20,8.39,5.39,1.39,1.6199,8.6779,2.636,NO
8022,7.563,4.916,0.004,0.007,4.927,1.538,10.20,9.84,6.84,2.84,1.6540,8.8607,2.603,NO
8023,7.872,5.117,0.004,0.007,5.128,1.538,10.20,11.39,8.39,4.39,2.4241,9.0902,2.566,NO
8024,8.244,5.359,0.004,0.007,5.370,1.538,10.20,12.94,9.94,5.94,2.4977,9.3664,2.525,NO
8025,8.650,5.623,0.004,0.007,5.634,1.538,10.20,14.39,11.39,7.39,2.5781,9.6677,2.484,NO
8026,8.439,5.485,0.004,0.007,5.497,1.538,10.20,15.63,12.63,8.63,2.5362,9.5109,2.505,NO
8027,8.942,5.813,0.004,0.007,5.824,1.538,10.20,16.59,13.59,9.59,2.6359,9.8848,2.456,NO
8028,8.764,5.697,0.004,0.007,5.708,1.538,10.20,17.19,14.19,10.19,2.6007,9.7526,2.473,NO
8029,8.929,5.804,0.004,0.007,5.815,1.538,10.20,17.39,14.39,10.39,2.6334,9.8752,2.458,NO
8030,9.038,5.875,0.004,0.007,5.886,1.538,10.20,17.19,14.19,10.19,2.6549,9.9557,2.448,NO
8031,9.130,5.934,0.004,0.007,5.946,1.538,10.20,16.59,13.59,9.59,2.6731,10.0240,2.440,NO
8032,8.318,5.407,0.004,0.007,5.418,1.538,10.20,15.63,12.63,8.63,2.5124,9.4214,2.517,NO
8033,8.653,5.625,0.004,0.007,5.636,1.538,10.20,14.39,11.39,7.39,2.5787,9.6700,2.483,NO
8034,8.322,5.410,0.004,0.007,5.421,1.538,10.20,12.94,9.94,5.94,2.5132,9.4244,2.516,NO
8035,7.902,5.136,0.004,0.007,5.148,1.538,10.20,11.39,8.39,4.39,2.4300,9.1124,2.563,NO
8036,7.371,4.791,0.004,0.007,4.802,1.538,10.20,9.84,6.84,2.84,2.3248,8.7179,2.628,NO
8037,6.739,4.380,0.004,0.007,4.391,1.538,10.20,8.39,5.39,1.39,2.1996,8.2485,2.720,NO
8038,6.544,4.254,0.004,0.007,4.265,1.538,10.20,7.15,4.15,0.15,2.1611,8.1041,2.752,NO
8039,6.327,4.113,0.004,0.007,4.124,1.538,10.20,6.19,3.19,-0.81,1.4827,7.9429,2.790,NO
8040,6.474,4.208,0.004,0.007,4.220,1.538,10.20,5.59,2.59,-1.41,1.5031,8.0524,2.764,NO
8041,6.395,4.157,0.004,0.007,4.168,1.538,10.20,5.30,2.30,-1.70,1.4921,7.9937,2.778,NO
8042,6.601,4.291,0.004,0.007,4.302,1.538,10.20,5.51,2.51,-1.49,1.5207,8.1466,2.742,NO
8043,6.381,4.147,0.004,0.007,4.159,1.538,10.20,6.11,3.11,-0.89,1.4901,7.9827,2.780,NO
8044,6.459,4.199,0.004,0.007,4.210,1.538,10.20,7.06,4.06,0.06,1.5010,8.0412,2.766,NO
8045,7.120,4.628,0.004,0.007,4.639,1.538,10.20,8.30,5.30,1.30,1.5925,8.5315,2.663,NO
8046,7.201,4.681,0.004,0.007,4.692,1.538,10.20,9.75,6.75,2.75,1.6038,8.5919,2.651,NO
8047,7.969,5.180,0.004,0.007,5.191,1.538,10.20,11.30,8.30,4.30,2.4432,9.1619,2.555,NO
8048,8.336,5.418,0.004,0.007,5.430,1.538,10.20,12.86,9.86,5.86,2.5158,9.4344,2.515,NO
8049,8.162,5.305,0.004,0.007,5.316,1.538,10.20,14.30,11.30,7.30,2.4814,9.3051,2.534,NO
8050,8.886,5.776,0.004,0.007,5.787,1.538,10.20,15.55,12.55,8.55,2.6248,9.8428,2.462,NO
8051,9.014,5.859,0.004,0.007,5.871,1.538,10.20,16.50,13.50,9.50,2.6502,9.9383,2.450,NO
8052,8.777,5.705,0.004,0.007,5.716,1.538,10.20,17.10,14.10,10.10,2.6032,9.7618,2.472,NO
8053,9.125,5.931,0.004,0.007,5.943,1.538,10.20,17.30,14.30,10.30,2.6721,10.0206,2.440,NO
8054,9.265,6.022,0.004,0.007,6.034,1.538,10.20,17.10,14.10,10.10,2.6998,10.1244,2.428,NO
8055,8.832,5.741,0.004,0.007,5.752,1.538,10.20,16.50,13.50,9.50,2.6142,9.8031,2.466,NO
8056,8.505,5.528,0.004,0.007,5.540,1.538,10.20,15.55,12.55,8.55,2.5494,9.5601,2.498,NO
8057,8.138,5.290,0.004,0.007,5.301,1.538,10.20,14.30,11.30,7.30,2.4767,9.2875,2.536,NO
8058,7.977,5.185,0.004,0.007,5.196,1.538,10.20,12.86,9.86,5.86,2.4447,9.1677,2.554,NO
8059,7.774,5.053,0.004,0.007,5.065,1.538,10.20,11.30,8.30,4.30,2.4047,9.0176,2.578,NO
8060,7.128,4.633,0.004,0.007,4.645,1.538,10.20,9.75,6.75,2.75,2.2767,8.5377,2.662,NO
8061,6.668,4.334,0.004,0.007,4.345,1.538,10.20,8.30,5.30,1.30,2.1855,8.1957,2.732,NO
8062,6.484,4.215,0.004,0.007,4.226,1.538,10.20,7.06,4.06,0.06,2.1492,8.0596,2.762,NO
8063,6.643,4.318,0.004,0.007,4.329,1.538,10.20,6.11,3.11,-0.89,1.5265,8.1776,2.736,NO
8064,6.406,4.164,0.004,0.007,4.175,1.538,10.20,5.51,2.51,-1.49,1.4936,8.0015,2.776,NO
8065,7.916,5.146,0.004,0.007,5.157,1.538,10.20,5.22,2.22,-1.78,1.7029,9.1229,2.561,NO
8066,7.635,4.963,0.004,0.007,4.974,1.538,10.20,5.42,2.42,-1.58,1.6640,8.9141,2.595,NO
8067,8.093,5.261,0.004,0.007,5.272,1.538,10.20,6.02,3.02,-0.98,1.7275,9.2544,2.541,NO
8068,7.753,5.039,0.004,0.007,5.051,1.538,10.20,6.98,3.98,-0.02,1.6803,9.0016,2.580,NO
8069,8.068,5.244,0.004,0.007,5.255,1.538,10.20,8.22,5.22,1.22,1.7239,9.2354,2.544,NO
8070,8.793,5.715,0.004,0.007,5.727,1.538,10.20,9.67,6.67,2.67,1.8244,9.7736,2.470,NO
8071,9.297,6.043,0.004,0.007,6.054,1.538,10.20,11.22,8.22,4.22,2.7061,10.1479,2.426,NO
8072,9.551,6.208,0.004,0.007,6.219,1.538,10.20,12.77,9.77,5.77,2.7564,10.3364,2.405,NO
8073,9.839,6.395,0.004,0.007,6.407,1.538,10.20,14.22,11.22,7.22,2.8134,10.5504,2.383,NO
8074,9.620,6.253,0.004,0.007,6.265,1.538,10.20,15.46,12.46,8.46,2.7702,10.3883,2.400,NO
8075,9.820,6.383,0.004,0.007,6.394,1.538,10.20,16.42,13.42,9.42,2.8097,10.5363,2.384,NO
8076,10.037,6.524,0.004,0.007,6.536,1.538,10.20,17.02,14.02,10.02,2.8527,10.6977,2.368,NO
8077,10.598,6.889,0.005,0.009,6.902,1.538,10.21,17.22,14.22,10.22,4.4461,11.1153,2.331,NO
8078,10.326,6.712,0.004,0.008,6.725,1.538,10.21,17.02,14.02,10.02,4.3652,10.9129,2.348,NO
8079,10.474,6.808,0.004,0.009,6.821,1.538,10.21,16.42,13.42,9.42,4.4091,11.0227,2.339,NO
8080,9.822,6.384,0.004,0.007,6.396,1.538,10.20,15.46,12.46,8.46,4.2153,10.5382,2.384,NO
8081,9.802,6.371,0.004,0.007,6.382,1.538,10.20,14.22,11.22,7.22,4.2091,10.5228,2.386,NO
8082,9.172,5.962,0.004,0.007,5.973,1.538,10.20,12.77,9.77,5.77,4.0222,10.0556,2.436,NO
8083,8.800,5.720,0.004,0.007,5.731,1.538,10.20,11.22,8.22,4.22,2.6077,9.7790,2.469,NO
8084,8.382,5.448,0.004,0.007,5.459,1.538,10.20,9.67,6.67,2.67,2.5249,9.4684,2.510,NO
8085,8.339,5.421,0.004,0.007,5.432,1.538,10.20,8.22,5.22,1.22,2.5166,9.4371,2.515,NO
8086,8.054,5.235,0.004,0.007,5.246,1.538,10.20,6.98,3.98,-0.02,2.4600,9.2250,2.545,NO
8087,8.125,5.281,0.004,0.007,5.293,1.538,10.20,6.02,3.02,-0.98,1.7319,9.2779,2.538,NO
8088,7.470,4.855,0.004,0.007,4.867,1.538,10.20,5.42,2.42,-1.58,1.6411,8.7914,2.615,NO
8089,7.983,5.189,0.004,0.007,5.200,1.538,10.20,5.14,2.14,-1.86,1.7122,9.1726,2.553,NO
8090,7.607,4.945,0.004,0.007,4.956,1.538,10.20,5.34,2.34,-1.66,1.6601,8.8934,2.598,NO
8091,7.799,5.069,0.004,0.007,5.081,1.538,10.20,5.94,2.94,-1.06,1.6867,9.0357,2.575,NO
8092,8.335,5.418,0.004,0.007,5.429,1.538,10.20,6.90,3.90,-0.10,1.7610,9.4338,2.515,NO
8093,8.605,5.594,0.004,0.007,5.605,1.538,10.20,8.14,5.14,1.14,1.7985,9.6346,2.488,NO
8094,8.950,5.817,0.004,0.007,5.829,1.538,10.20,9.59,6.59,2.59,1.8462,9.8901,2.456,NO
8095,8.965,5.827,0.004,0.007,5.838,1.538,10.20,11.14,8.14,4.14,2.6404,9.9015,2.454,NO
8096,9.509,6.181,0.004,0.007,6.192,1.538,10.20,12.69,9.69,5.69,2.7481,10.3055,2.408,NO
8097,9.507,6.180,0.004,0.007,6.191,1.538,10.20,14.14,11.14,7.14,2.7477,10.3040,2.409,NO
8098,9.918,6.446,0.004,0.007,6.458,1.538,10.20,15.38,12.38,8.38,2.8291,10.6090,2.377,NO
8099,10.124,6.581,0.004,0.008,6.592,1.538,10.20,16.34,13.34,9.34,2.8700,10.7624,2.362,NO
8100,10.267,6.674,0.004,0.008,6.686,1.538,10.21,16.93,13.93,9.93,2.8983,10.8687,2.352,NO
8101,10.387,6.751,0.004,0.008,6.764,1.538,10.21,17.14,14.14,10.14,4.3831,10.9577,2.344,NO
8102,10.470,6.806,0.004,0.009,6.819,1.538,10.21,16.93,13.93,9.93,4.4080,11.0200,2.339,NO
8103,10.250,6.662,0.004,0.008,6.674,1.538,10.20,16.34,13.34,9.34,4.3424,10.8559,2.354,NO
8104,9.929,6.454,0.004,0.007,6.465,1.538,10.20,15.38,12.38,8.38,4.2471,10.6177,2.376,NO
8105,9.858,6.407,0.004,0.007,6.419,1.538,10.20,14.14,11.14,7.14,4.2258,10.5644,2.382,NO
8106,9.098,5.914,0.004,0.007,5.925,1.538,10.20,12.69,9.69,5.69,4.0002,10.0006,2.443,NO
8107,8.973,5.832,0.004,0.007,5.844,1.538,10.20,11.14,8.14,4.14,2.6420,9.9074,2.454,NO
8108,8.922,5.799,0.004,0.007,5.811,1.538,10.20,9.59,6.59,2.59,2.6320,9.8698,2.458,NO
8109,8.308,5.400,0.004,0.007,5.411,1.538,10.20,8.14,5.14,1.14,2.5103,9.4136,2.518,NO
8110,8.177,5.315,0.004,0.007,5.327,1.538,10.20,6.90,3.90,-0.10,2.4845,9.3167,2.532,NO
8111,7.748,5.036,0.004,0.007,5.047,1.538,10.20,5.94,2.94,-1.06,1.6796,8.9976,2.581,NO
8112,7.590,4.933,0.004,0.007,4.945,1.538,10.20,5.34,2.34,-1.66,1.6577,8.8807,2.600,NO
8113,7.991,5.194,0.004,0.007,5.206,1.538,10.20,5.06,2.06,-1.94,1.7133,9.1786,2.552,NO
8114,7.655,4.976,0.004,0.007,4.987,1.538,10.20,5.27,2.27,-1.73,1.6667,8.9290,2.592,NO
8115,7.667,4.983,0.004,0.007,4.995,1.538,10.20,5.86,2.86,-1.14,1.6683,8.9375,2.591,NO
8116,8.119,5.277,0.004,0.007,5.288,1.538,10.20,6.82,3.82,-0.18,1.7310,9.2731,2.538,NO
8117,8.516,5.535,0.004,0.007,5.547,1.538,10.20,8.06,5.06,1.06,1.7860,9.5680,2.497,NO
8118,8.894,5.781,0.004,0.007,5.792,1.538,10.20,9.51,6.51,2.51,1.8384,9.8487,2.461,NO
8119,8.853,5.755,0.004,0.007,5.766,1.538,10.20,11.06,8.06,4.06,2.6183,9.8187,2.465,NO
8120,9.642,6.267,0.004,0.007,6.278,1.538,10.20,12.61,9.61,5.61,2.7744,10.4040,2.398,NO
8121,9.657,6.277,0.004,0.007,6.288,1.538,10.20,14.06,11.06,7.06,2.7774,10.4151,2.397,NO
8122,10.057,6.537,0.004,0.008,6.549,1.538,10.20,15.30,12.30,8.30,2.8567,10.7127,2.367,NO
8123,10.005,6.503,0.004,0.007,6.515,1.538,10.20,16.26,13.26,9.26,2.8463,10.6738,2.371,NO
8124,10.363,6.736,0.004,0.008,6.749,1.538,10.21,16.86,13.86,9.86,2.9174,10.9402,2.346,NO
8125,10.440,6.786,0.004,0.008,6.799,1.538,10.21,17.06,14.06,10.06,4.3991,10.9978,2.341,NO
8126,10.010,6.507,0.004,0.007,6.518,1.538,10.20,16.86,13.86,9.86,4.2711,10.6777,2.370,NO
8127,9.986,6.491,0.004,0.007,6.502,1.538,10.20,16.26,13.26,9.26,4.2640,10.6600,2.372,NO
8128,9.730,6.324,0.004,0.007,6.336,1.538,10.20,15.30,12.30,8.30,4.1878,10.4696,2.391,NO
8129,9.589,6.233,0.004,0.007,6.244,1.538,10.20,14.06,11.06,7.06,4.1461,10.3653,2.402,NO
8130,9.664,6.282,0.004,0.007,6.293,1.538,10.20,12.61,9.61,5.61,4.1682,10.4205,2.396,NO
8131,8.910,5.792,0.004,0.007,5.803,1.538,10.20,11.06,8.06,4.06,2.6296,9.8609,2.459,NO
8132,8.910,5.791,0.004,0.007,5.803,1.538,10.20,9.51,6.51,2.51,2.6295,9.8606,2.459,NO
8133,8.440,5.486,0.004,0.007,5.497,1.538,10.20,8.06,5.06,1.06,2.5364,9.5116,2.504,NO
8134,7.946,5.165,0.004,0.007,5.176,1.538,10.20,6.82,3.82,-0.18,2.4386,9.1448,2.558,NO
8135,7.660,4.979,0.004,0.007,4.990,1.538,10.20,5.86,2.86,-1.14,1.6675,8.9328,2.591,NO
8136,8.014,5.209,0.004,0.007,5.220,1.538,10.20,5.27,2.27,-1.73,1.7165,9.1955,2.550,NO
8137,7.339,4.771,0.004,0.007,4.782,1.538,10.20,4.98,1.98,-2.02,1.6230,8.6946,2.633,NO
8138,7.766,5.048,0.004,0.007,5.059,1.538,10.20,5.19,2.19,-1.81,1.6822,9.0115,2.579,NO
8139,7.695,5.002,0.004,0.007,5.013,1.538,10.20,5.79,2.79,-1.21,1.6723,8.9585,2.587,NO
8140,7.999,5.200,0.004,0.007,5.211,1.538,10.20,6.74,3.74,-0.26,1.7145,9.1846,2.551,NO
8141,8.233,5.352,0.004,0.007,5.363,1.538,10.20,7.98,4.98,0.98,1.7469,9.3582,2.526,NO
8142,8.652,5.623,0.004,0.007,5.635,1.538,10.20,9.43,6.43,2.43,1.8048,9.6688,2.484,NO
8143,8.692,5.649,0.004,0.007,5.661,1.538,10.20,10.98,7.98,3.98,2.5863,9.6985,2.480,NO
8144,9.354,6.080,0.004,0.007,6.092,1.538,10.20,12.54,9.54,5.54,2.7175,10.1905,2.421,NO
8145,9.757,6.342,0.004,0.007,6.353,1.538,10.20,13.98,10.98,6.98,2.7972,10.4895,2.389,NO
8146,9.655,6.276,0.004,0.007,6.287,1.538,10.20,15.23,12.23,8.23,2.7771,10.4142,2.397,NO
8147,10.354,6.730,0.004,0.008,6.742,1.538,10.21,16.18,13.18,9.18,2.9155,10.9333,2.347,NO
8148,10.240,6.656,0.004,0.008,6.668,1.538,10.20,16.78,13.78,9.78,2.8930,10.8489,2.354,NO
8149,10.569,6.870,0.005,0.009,6.883,1.538,10.21,16.98,13.98,9.98,4.4373,11.0932,2.333,NO
8150,10.601,6.891,0.005,0.009,6.904,1.538,10.21,16.78,13.78,9.78,4.4469,11.1173,2.330,NO
8151,9.838,6.394,0.004,0.007,6.406,1.538,10.20,16.18,13.18,9.18,4.2198,10.5495,2.383,NO
8152,10.064,6.541,0.004,0.008,6.553,1.538,10.20,15.23,12.23,8.23,4.2870,10.7176,2.367,NO
8153,9.967,6.479,0.004,0.007,6.490,1.538,10.20,13.98,10.98,6.98,4.2583,10.6457,2.374,NO
8154,9.096,5.913,0.004,0.007,5.924,1.538,10.20,12.54,9.54,5.54,3.9996,9.9990,2.443,NO
8155,8.884,5.774,0.004,0.007,5.786,1.538,10.20,10.98,7.98,3.98,2.6243,9.8412,2.462,NO
8156,8.479,5.511,0.004,0.007,5.523,1.538,10.20,9.43,6.43,2.43,2.5442,9.5408,2.500,NO
8157,8.643,5.618,0.004,0.007,5.629,1.538,10.20,7.98,4.98,0.98,2.5766,9.6623,2.484,NO
8158,7.783,5.059,0.004,0.007,5.070,1.538,10.20,6.74,3.74,-0.26,2.4064,9.0242,2.577,NO
8159,8.099,5.265,0.004,0.007,5.276,1.538,10.20,5.79,2.79,-1.21,1.7283,9.2588,2.540,NO
8160,7.464,4.851,0.004,0.007,4.863,1.538,10.20,5.19,2.19,-1.81,1.6402,8.7867,2.616,NO
8161,7.416,4.820,0.004,0.007,4.831,1.538,10.20,4.91,1.91,-2.09,1.6336,8.7512,2.622,NO
8162,8.005,5.203,0.004,0.007,5.215,1.538,10.20,5.12,2.12,-1.88,1.7153,9.1889,2.551,NO
8163,7.794,5.066,0.004,0.007,5.077,1.538,10.20,5.72,2.72,-1.28,1.6859,9.0319,2.575,NO
8164,7.733,5.027,0.004,0.007,5.038,1.538,10.20,6.67,3.67,-0.33,1.6776,8.9872,2.582,NO
8165,7.996,5.198,0.004,0.007,5.209,1.538,10.20,7.91,4.91,0.91,1.7140,9.1824,2.552,NO
8166,8.734,5.677,0.004,0.007,5.688,1.538,10.20,9.36,6.36,2.36,1.8162,9.7299,2.476,NO
8167,8.981,5.838,0.004,0.007,5.849,1.538,10.20,10.91,7.91,3.91,2.6436,9.9133,2.453,NO
8168,9.049,5.882,0.004,0.007,5.893,1.538,10.20,12.46,9.46,5.46,2.6570,9.9637,2.447,NO
8169,9.856,6.406,0.004,0.007,6.418,1.538,10.20,13.91,10.91,6.91,2.8168,10.5630,2.382,NO
8170,10.080,6.552,0.004,0.008,6.564,1.538,10.20,15.15,12.15,8.15,2.8613,10.7298,2.365,NO
8171,10.049,6.532,0.004,0.008,6.543,1.538,10.20,16.11,13.11,9.11,2.8550,10.7063,2.368,NO
8172,9.987,6.492,0.004,0.007,6.503,1.538,10.20,16.71,13.71,9.71,2.8428,10.6604,2.372,NO
8173,10.509,6.831,0.005,0.009,6.844,1.538,10.21,16.91,13.91,9.91,4.4194,11.0485,2.336,NO
8174,10.577,6.875,0.005,0.009,6.889,1.538,10.21,16.71,13.71,9.71,4.4398,11.0995,2.332,NO
8175,10.163,6.606,0.004,0.008,6.618,1.538,10.20,16.11,13.11,9.11,4.3165,10.7914,2.360,NO
8176,10.206,6.634,0.004,0.008,6.646,1.538,10.20,15.15,12.15,8.15,4.3295,10.8237,2.357,NO
8177,9.605,6.244,0.004,0.007,6.255,1.538,10.20,13.91,10.91,6.91,4.1509,10.3771,2.401,NO
8178,9.590,6.233,0.004,0.007,6.245,1.538,10.20,12.46,9.46,5.46,4.1461,10.3653,2.402,NO
8179,8.938,5.810,0.004,0.007,5.821,1.538,10.20,10.91,7.91,3.91,2.6351,9.8815,2.457,NO
8180,8.351,5.428,0.004,0.007,5.440,1.538,10.20,9.36,6.36,2.36,2.5189,9.4460,2.513,NO
8181,8.176,5.315,0.004,0.007,5.326,1.538,10.20,7.91,4.91,0.91,2.4843,9.3161,2.532,NO
8182,8.066,5.243,0.004,0.007,5.254,1.538,10.20,6.67,3.67,-0.33,2.4623,9.2338,2.544,NO
8183,7.667,4.984,0.004,0.007,4.995,1.538,10.20,5.72,2.72,-1.28,1.6684,8.9378,2.591,NO
8184,7.856,5.107,0.004,0.007,5.118,1.538,10.20,5.12,2.12,-1.88,1.6947,9.0785,2.568,NO
8185,6.480,4.212,0.004,0.007,4.223,1.538,10.20,4.84,1.84,-2.16,1.5039,8.0566,2.763,NO
8186,6.628,4.308,0.004,0.007,4.320,1.538,10.20,5.05,2.05,-1.95,1.5244,8.1666,2.738,NO
8187,6.547,4.255,0.004,0.007,4.267,1.538,10.20,5.65,2.65,-1.35,1.5132,8.1062,2.751,NO
8188,6.679,4.341,0.004,0.007,4.352,1.538,10.20,6.60,3.60,-0.40,1.5314,8.2040,2.730,NO
8189,7.225,4.696,0.004,0.007,4.708,1.538,10.20,7.84,4.84,0.84,1.6072,8.6098,2.648,NO
8190,7.507,4.880,0.004,0.007,4.891,1.538,10.20,9.29,6.29,2.29,1.6463,8.8194,2.611,NO
8191,7.623,4.955,0.004,0.007,4.966,1.538,10.20,10.84,7.84,3.84,2.3748,8.9054,2.596,NO
8192,8.008,5.205,0.004,0.007,5.217,1.538,10.20,12.39,9.39,5.39,2.4510,9.1912,2.550,NO
8193,8.120,5.278,0.004,0.007,5.289,1.538,10.20,13.84,10.84,6.84,2.4731,9.2742,2.538,NO
8194,8.743,5.683,0.004,0.007,5.694,1.538,10.20,15.08,12.08,8.08,2.5964,9.7364,2.475,NO
8195,8.884,5.775,0.004,0.007,5.786,1.538,10.20,16.04,13.04,9.04,2.6244,9.8416,2.462,NO
8196,9.244,6.009,0.004,0.007,6.020,1.538,10.20,16.64,13.64,9.64,2.6957,10.1089,2.430,NO
8197,8.685,5.646,0.004,0.007,5.657,1.538,10.20,16.84,13.84,9.84,2.5851,9.6940,2.480,NO
8198,9.035,5.873,0.004,0.007,5.884,1.538,10.20,16.64,13.64,9.64,2.6543,9.9535,2.448,NO
8199,8.945,5.814,0.004,0.007,5.825,1.538,10.20,16.04,13.04,9.04,2.6364,9.8864,2.456,NO
8200,8.662,5.630,0.004,0.007,5.642,1.538,10.20,15.08,12.08,8.08,2.5805,9.6767,2.483,NO
8201,8.526,5.542,0.004,0.007,5.553,1.538,10.20,13.84,10.84,6.84,2.5534,9.5754,2.496,NO
8202,7.987,5.191,0.004,0.007,5.203,1.538,10.20,12.39,9.39,5.39,2.4467,9.1752,2.553,NO
8203,7.357,4.782,0.004,0.007,4.794,1.538,10.20,10.84,7.84,3.84,2.3221,8.7080,2.630,NO
8204,7.526,4.892,0.004,0.007,4.903,1.538,10.20,9.29,6.29,2.29,2.3554,8.8329,2.608,NO
8205,6.944,4.514,0.004,0.007,4.525,1.538,10.20,7.84,4.84,0.84,2.2403,8.4012,2.688,NO
8206,6.393,4.155,0.004,0.007,4.167,1.538,10.20,6.60,3.60,-0.40,2.1311,7.9917,2.778,NO
8207,6.478,4.211,0.004,0.007,4.222,1.538,10.20,5.65,2.65,-1.35,1.5036,8.0551,2.763,NO
8208,6.611,4.297,0.004,0.007,4.309,1.538,10.20,5.05,2.05,-1.95,1.5221,8.1539,2.741,NO
8209,6.390,4.153,0.004,0.007,4.165,1.538,10.20,4.77,1.77,-2.23,1.4914,7.9897,2.779,NO
8210,6.520,4.238,0.004,0.007,4.250,1.538,10.20,4.98,1.98,-2.02,1.5095,8.0865,2.756,NO
8211,6.402,4.161,0.004,0.007,4.173,1.538,10.20,5.58,2.58,-1.42,1.4930,7.9985,2.776,NO
8212,6.633,4.312,0.004,0.007,4.323,1.538,10.20,6.53,3.53,-0.47,1.5251,8.1702,2.737,NO
8213,6.665,4.333,0.004,0.007,4.344,1.538,10.20,7.77,4.77,0.77,1.5296,8.1942,2.732,NO
8214,7.277,4.730,0.004,0.007,4.741,1.538,10.20,9.22,6.22,2.22,1.6143,8.6482,2.641,NO
8215,7.577,4.925,0.004,0.007,4.936,1.538,10.20,10.77,7.77,3.77,2.3655,8.8707,2.602,NO
8216,7.950,5.168,0.004,0.007,5.179,1.538,10.20,12.33,9.33,5.33,2.4396,9.1483,2.557,NO
8217,8.428,5.478,0.004,0.007,5.490,1.538,10.20,13.77,10.77,6.77,2.5341,9.5030,2.506,NO
8218,8.515,5.535,0.004,0.007,5.546,1.538,10.20,15.02,12.02,8.02,2.5514,9.5676,2.497,NO
8219,8.522,5.540,0.004,0.007,5.551,1.538,10.20,15.97,12.97,8.97,2.5528,9.5729,2.496,NO
8220,9.207,5.984,0.004,0.007,5.996,1.538,10.20,16.57,13.57,9.57,2.6883,10.0810,2.433,NO
8221,8.696,5.652,0.004,0.007,5.664,1.538,10.20,16.77,13.77,9.77,2.5871,9.7017,2.479,NO
8222,8.866,5.763,0.004,0.007,5.774,1.538,10.20,16.57,13.57,9.57,2.6207,9.8278,2.463,NO
8223,8.569,5.570,0.004,0.007,5.581,1.538,10.20,15.97,12.97,8.97,2.5620,9.6077,2.492,NO
8224,8.900,5.785,0.004,0.007,5.796,1.538,10.20,15.02,12.02,8.02,2.6275,9.8533,2.460,NO
8225,8.364,5.437,0.004,0.007,5.448,1.538,10.20,13.77,10.77,6.77,2.5215,9.4555,2.512,NO
8226,7.900,5.135,0.004,0.007,5.146,1.538,10.20,12.33,9.33,5.33,2.4296,9.1109,2.563,NO
8227,7.564,4.917,0.004,0.007,4.928,1.538,10.20,10.77,7.77,3.77,2.3630,8.8613,2.603,NO
8228,7.613,4.949,0.004,0.007,4.960,1.538,10.20,9.22,6.22,2.22,2.3728,8.8979,2.597,NO
8229,6.978,4.536,0.004,0.007,4.547,1.538,10.20,7.77,4.77,0.77,2.2470,8.4263,2.683,NO
8230,6.864,4.461,0.004,0.007,4.473,1.538,10.20,6.53,3.53,-0.47,2.2243,8.3412,2.701,NO
8231,6.520,4.238,0.004,0.007,4.249,1.538,10.20,5.58,2.58,-1.42,1.5094,8.0861,2.756,NO
8232,6.655,4.326,0.004,0.007,4.337,1.538,10.20,4.98,1.98,-2.02,1.5282,8.1868,2.734,NO
8233,7.657,4.977,0.004,0.007,4.989,1.538,10.20,4.71,1.71,-2.29,1.6671,8.9307,2.592,NO
8234,7.587,4.932,0.004,0.007,4.943,1.538,10.20,4.91,1.91,-2.09,1.6574,8.8787,2.600,NO
8235,7.893,5.131,0.004,0.007,5.142,1.538,10.20,5.51,2.51,-1.49,1.6998,9.1060,2.564,NO
8236,8.188,5.322,0.004,0.007,5.333,1.538,10.20,6.47,3.47,-0.53,1.7406,9.3244,2.531,NO
8237,8.026,5.217,0.004,0.007,5.228,1.538,10.20,7.71,4.71,0.71,1.7182,9.2046,2.548,NO
8238,8.953,5.820,0.004,0.007,5.831,1.538,10.20,9.16,6.16,2.16,1.8467,9.8930,2.455,NO
8239,9.072,5.896,0.004,0.007,5.908,1.538,10.20,10.71,7.71,3.71,2.6615,9.9807,2.445,NO
8240,9.251,6.013,0.004,0.007,6.025,1.538,10.20,12.26,9.26,5.26,2.6972,10.1143,2.429,NO
8241,9.683,6.294,0.004,0.007,6.305,1.538,10.20,13.71,10.71,6.71,2.7825,10.4344,2.395,NO
8242,9.762,6.345,0.004,0.007,6.357,1.538,10.20,14.95,11.95,7.95,2.7982,10.4934,2.389,NO
8243,9.890,6.428,0.004,0.007,6.440,1.538,10.20,15.90,12.90,8.90,2.8235,10.5883,2.379,NO
8244,10.490,6.818,0.005,0.009,6.831,1.538,10.21,16.50,13.50,9.50,2.9425,11.0344,2.338,NO
8245,10.090,6.558,0.004,0.008,6.570,1.538,10.20,16.71,13.71,9.71,4.2948,10.7370,2.365,NO
8246,10.441,6.786,0.004,0.008,6.799,1.538,10.21,16.50,13.50,9.50,4.3992,10.9979,2.341,NO
8247,10.005,6.504,0.004,0.007,6.515,1.538,10.20,15.90,12.90,8.90,4.2697,10.6741,2.371,NO
8248,10.209,6.636,0.004,0.008,6.648,1.538,10.20,14.95,11.95,7.95,4.3303,10.8258,2.356,NO
8249,9.827,6.388,0.004,0.007,6.399,1.538,10.20,13.71,10.71,6.71,4.2167,10.5418,2.384,NO
8250,9.260,6.019,0.004,0.007,6.030,1.538,10.20,12.26,9.26,5.26,4.0482,10.1205,2.429,NO
8251,9.059,5.888,0.004,0.007,5.900,1.538,10.20,10.71,7.71,3.71,2.6591,9.9715,2.446,NO
8252,8.899,5.784,0.004,0.007,5.795,1.538,10.20,9.16,6.16,2.16,2.6273,9.8523,2.460,NO
8253,8.507,5.529,0.004,0.007,5.541,1.538,10.20,7.71,4.71,0.71,2.5497,9.5613,2.498,NO
8254,8.247,5.361,0.004,0.007,5.372,1.538,10.20,6.47,3.47,-0.53,2.4983,9.3686,2.524,NO
8255,7.734,5.027,0.004,0.007,5.038,1.538,10.20,5.51,2.51,-1.49,1.6776,8.9873,2.582,NO
8256,7.497,4.873,0.004,0.007,4.885,1.538,10.20,4.91,1.91,-2.09,1.6449,8.8120,2.612,NO
8257,7.458,4.848,0.004,0.007,4.859,1.538,10.20,4.65,1.65,-2.35,1.6394,8.7825,2.617,NO
8258,7.528,4.893,0.004,0.007,4.904,1.538,10.20,4.85,1.85,-2.15,1.6491,8.8345,2.608,NO
8259,7.647,4.971,0.004,0.007,4.982,1.538,10.20,5.45,2.45,-1.55,1.6657,8.9234,2.593,NO
8260,8.151,5.298,0.004,0.007,5.310,1.538,10.20,6.40,3.40,-0.60,1.7355,9.2974,2.535,NO
8261,7.994,5.196,0.004,0.007,5.207,1.538,10.20,7.65,4.65,0.65,1.7137,9.1805,2.552,NO
8262,8.665,5.632,0.004,0.007,5.644,1.538,10.20,9.09,6.09,2.09,1.8068,9.6791,2.482,NO
8263,8.711,5.662,0.004,0.007,5.673,1.538,10.20,10.65,7.65,3.65,2.5901,9.7128,2.478,NO
8264,9.650,6.273,0.004,0.007,6.284,1.538,10.20,12.20,9.20,5.20,2.7761,10.4104,2.397,NO
8265,9.936,6.459,0.004,0.007,6.470,1.538,10.20,13.65,10.65,6.65,2.8328,10.6229,2.376,NO
8266,9.895,6.431,0.004,0.007,6.443,1.538,10.20,14.89,11.89,7.89,2.8245,10.5918,2.379,NO
8267,10.278,6.681,0.004,0.008,6.693,1.538,10.21,15.84,12.84,8.84,2.9006,10.8771,2.352,NO
8268,10.264,6.671,0.004,0.008,6.684,1.538,10.21,16.44,13.44,9.44,2.8977,10.8662,2.353,NO
8269,10.143,6.593,0.004,0.008,6.604,1.538,10.20,16.65,13.65,9.65,4.3105,10.7762,2.361,NO
8270,10.465,6.802,0.004,0.008,6.815,1.538,10.21,16.44,13.44,9.44,4.4064,11.0159,2.339,NO
8271,9.869,6.415,0.004,0.007,6.426,1.538,10.20,15.84,12.84,8.84,4.2291,10.5727,2.381,NO
8272,9.966,6.478,0.004,0.007,6.489,1.538,10.20,14.89,11.89,7.89,4.2579,10.6447,2.374,NO
8273,9.686,6.296,0.004,0.007,6.307,1.538,10.20,13.65,10.65,6.65,4.1748,10.4370,2.395,NO
8274,9.369,6.090,0.004,0.007,6.101,1.538,10.20,12.20,9.20,5.20,4.0807,10.2018,2.420,NO
8275,8.812,5.728,0.004,0.007,5.739,1.538,10.20,10.65,7.65,3.65,2.6102,9.7881,2.468,NO
8276,8.687,5.646,0.004,0.007,5.658,1.538,10.20,9.09,6.09,2.09,2.5854,9.6951,2.480,NO
8277,8.480,5.512,0.004,0.007,5.524,1.538,10.20,7.65,4.65,0.65,2.5445,9.5418,2.500,NO
8278,8.043,5.228,0.004,0.007,5.239,1.538,10.20,6.40,3.40,-0.60,2.4579,9.2172,2.547,NO
8279,7.820,5.083,0.004,0.007,5.094,1.538,10.20,5.45,2.45,-1.55,1.6896,9.0516,2.572,NO
8280,7.483,4.864,0.004,0.007,4.875,1.538,10.20,4.85,1.85,-2.15,1.6429,8.8010,2.614,NO
8281,7.382,4.798,0.004,0.007,4.809,1.538,10.20,4.59,1.59,-2.41,1.6288,8.7259,2.627,NO
8282,7.599,4.940,0.004,0.007,4.951,1.538,10.20,4.79,1.79,-2.21,1.6590,8.8875,2.599,NO
8283,7.745,5.035,0.004,0.007,5.046,1.538,10.20,5.39,2.39,-1.61,1.6793,8.9961,2.581,NO
8284,7.779,5.056,0.004,0.007,5.068,1.538,10.20,6.34,3.34,-0.66,1.6839,9.0210,2.577,NO
8285,8.317,5.406,0.004,0.007,5.418,1.538,10.20,7.59,4.59,0.59,1.7585,9.4207,2.517,NO
8286,8.489,5.518,0.004,0.007,5.529,1.538,10.20,9.03,6.03,2.03,1.7823,9.5483,2.499,NO
8287,9.285,6.035,0.004,0.007,6.047,1.538,10.20,10.59,7.59,3.59,2.7038,10.1391,2.427,NO
8288,9.417,6.121,0.004,0.007,6.132,1.538,10.20,12.14,9.14,5.14,2.7299,10.2371,2.416,NO
8289,9.986,6.491,0.004,0.007,6.502,1.538,10.20,13.59,10.59,6.59,2.8425,10.6593,2.372,NO
8290,10.235,6.653,0.004,0.008,6.665,1.538,10.20,14.83,11.83,7.83,2.8920,10.8449,2.355,NO
8291,10.227,6.647,0.004,0.008,6.659,1.538,10.20,15.78,12.78,8.78,2.8903,10.8386,2.355,NO
8292,10.212,6.638,0.004,0.008,6.650,1.538,10.20,16.38,13.38,9.38,2.8875,10.8282,2.356,NO
8293,10.168,6.609,0.004,0.008,6.621,1.538,10.20,16.59,13.59,9.59,4.3181,10.7952,2.359,NO
8294,10.022,6.514,0.004,0.007,6.525,1.538,10.20,16.38,13.38,9.38,4.2745,10.6862,2.370,NO
8295,10.038,6.525,0.004,0.007,6.536,1.538,10.20,15.78,12.78,8.78,4.2794,10.6986,2.368,NO
8296,9.805,6.373,0.004,0.007,6.385,1.538,10.20,14.83,11.83,7.83,4.2101,10.5253,2.385,NO
8297,9.771,6.351,0.004,0.007,6.363,1.538,10.20,13.59,10.59,6.59,4.2001,10.5002,2.388,NO
8298,9.084,5.905,0.004,0.007,5.916,1.538,10.20,12.14,9.14,5.14,3.9960,9.9900,2.444,NO
8299,9.017,5.861,0.004,0.007,5.873,1.538,10.20,10.59,7.59,3.59,2.6508,9.9404,2.450,NO
8300,8.669,5.635,0.004,0.007,5.646,1.538,10.20,9.03,6.03,2.03,2.5819,9.6821,2.482,NO
8301,8.264,5.372,0.004,0.007,5.383,1.538,10.20,7.59,4.59,0.59,2.5016,9.3811,2.523,NO
8302,8.306,5.399,0.004,0.007,5.410,1.538,10.20,6.34,3.34,-0.66,2.5100,9.4123,2.518,NO
8303,7.939,5.161,0.004,0.007,5.172,1.538,10.20,5.39,2.39,-1.61,1.7062,9.1401,2.558,NO
8304,7.566,4.918,0.004,0.007,4.929,1.538,10.20,4.79,1.79,-2.21,1.6544,8.8628,2.603,NO
8305,7.917,5.146,0.004,0.007,5.158,1.538,10.20,4.53,1.53,-2.47,1.7031,9.1238,2.561,NO
8306,7.506,4.879,0.004,0.007,4.890,1.538,10.20,4.73,1.73,-2.27,1.6461,8.8186,2.611,NO
8307,7.572,4.922,0.004,0.007,4.933,1.538,10.20,5.33,2.33,-1.67,1.6552,8.8673,2.602,NO
8308,7.729,5.024,0.004,0.007,5.035,1.538,10.20,6.29,3.29,-0.71,1.6770,8.9840,2.583,NO
8309,8.548,5.556,0.004,0.007,5.568,1.538,10.20,7.53,4.53,0.53,1.7905,9.5922,2.494,NO
8310,8.365,5.437,0.004,0.007,5.448,1.538,10.20,8.98,5.98,1.98,1.7651,9.4559,2.512,NO
8311,9.013,5.859,0.004,0.007,5.870,1.538,10.20,10.53,7.53,3.53,2.6500,9.9373,2.450,NO
8312,9.152,5.949,0.004,0.007,5.960,1.538,10.20,12.08,9.08,5.08,2.6774,10.0402,2.438,NO
8313,9.897,6.433,0.004,0.007,6.444,1.538,10.20,13.53,10.53,6.53,2.8249,10.5934,2.379,NO
8314,10.153,6.600,0.004,0.008,6.612,1.538,10.20,14.77,11.77,7.77,2.8758,10.7842,2.360,NO
8315,10.464,6.802,0.004,0.008,6.815,1.538,10.21,15.73,12.73,8.73,2.9375,11.0157,2.339,NO
8316,10.413,6.769,0.004,0.008,6.781,1.538,10.21,16.33,13.33,9.33,2.9273,10.9775,2.343,NO
8317,10.111,6.572,0.004,0.008,6.584,1.538,10.20,16.53,13.53,9.53,4.3010,10.7526,2.363,NO
8318,10.027,6.518,0.004,0.007,6.529,1.538,10.20,16.33,13.33,9.33,4.2761,10.6903,2.369,NO
8319,10.363,6.736,0.004,0.008,6.748,1.538,10.21,15.73,12.73,8.73,4.3760,10.9401,2.346,NO
8320,9.703,6.307,0.004,0.007,6.318,1.538,10.20,14.77,11.77,7.77,4.1799,10.4497,2.393,NO
8321,9.954,6.470,0.004,0.007,6.482,1.538,10.20,13.53,10.53,6.53,4.2545,10.6362,2.374,NO
8322,9.243,6.008,0.004,0.007,6.019,1.538,10.20,12.08,9.08,5.08,4.0431,10.1077,2.430,NO
8323,8.673,5.637,0.004,0.007,5.649,1.538,10.20,10.53,7.53,3.53,2.5826,9.6846,2.481,NO
8324,8.898,5.783,0.004,0.007,5.795,1.538,10.20,8.98,5.98,1.98,2.6271,9.8516,2.460,NO
8325,8.067,5.244,0.004,0.007,5.255,1.538,10.20,7.53,4.53,0.53,2.4627,9.2350,2.544,NO
8326,7.944,5.164,0.004,0.007,5.175,1.538,10.20,6.29,3.29,-0.71,2.4383,9.1437,2.558,NO
8327,7.996,5.197,0.004,0.007,5.209,1.538,10.20,5.33,2.33,-1.67,1.7140,9.1822,2.552,NO
8328,7.761,5.044,0.004,0.007,5.056,1.538,10.20,4.73,1.73,-2.27,1.6814,9.0073,2.579,NO
8329,7.451,4.843,0.004,0.007,4.855,1.538,10.20,4.48,1.48,-2.52,1.6385,8.7776,2.618,NO
8330,7.672,4.987,0.004,0.007,4.998,1.538,10.20,4.68,1.68,-2.32,1.6691,8.9417,2.590,NO
8331,8.038,5.225,0.004,0.007,5.236,1.538,10.20,5.28,2.28,-1.72,1.7199,9.2137,2.547,NO
8332,7.802,5.071,0.004,0.007,5.083,1.538,10.20,6.23,3.23,-0.77,1.6871,9.0382,2.574,NO
8333,8.125,5.281,0.004,0.007,5.292,1.538,10.20,7.48,4.48,0.48,1.7318,9.2777,2.538,NO
8334,8.360,5.434,0.004,0.007,5.445,1.538,10.20,8.92,5.92,1.92,1.7644,9.4522,2.513,NO
8335,9.010,5.856,0.004,0.007,5.868,1.538,10.20,10.48,7.48,3.48,2.6493,9.9349,2.450,NO
8336,9.194,5.976,0.004,0.007,5.988,1.538,10.20,12.03,9.03,5.03,2.6858,10.0718,2.434,NO
8337,9.430,6.129,0.004,0.007,6.141,1.538,10.20,13.48,10.48,6.48,2.7325,10.2467,2.415,NO
8338,9.900,6.435,0.004,0.007,6.446,1.538,10.20,14.72,11.72,7.72,2.8255,10.5957,2.378,NO
8339,9.996,6.497,0.004,0.007,6.509,1.538,10.20,15.67,12.67,8.67,2.8445,10.6670,2.371,NO
8340,10.350,6.728,0.004,0.008,6.740,1.538,10.21,16.27,13.27,9.27,2.9149,10.9309,2.347,NO
8341,10.610,6.897,0.005,0.009,6.910,1.538,10.21,16.48,13.48,9.48,4.4497,11.1241,2.330,NO
8342,10.439,6.786,0.004,0.008,6.798,1.538,10.21,16.27,13.27,9.27,4.3988,10.9970,2.341,NO
8343,10.440,6.786,0.004,0.008,6.799,1.538,10.21,15.67,12.67,8.67,4.3989,10.9973,2.341,NO
8344,10.103,6.567,0.004,0.008,6.579,1.538,10.20,14.72,11.72,7.72,4.2988,10.7469,2.364,NO
8345,9.897,6.433,0.004,0.007,6.444,1.538,10.20,13.48,10.48,6.48,4.2375,10.5937,2.379,NO
8346,9.282,6.033,0.004,0.007,6.045,1.538,10.20,12.03,9.03,5.03,4.0548,10.1369,2.427,NO
8347,9.206,5.984,0.004,0.007,5.995,1.538,10.20,10.48,7.48,3.48,2.6881,10.0803,2.433,NO
8348,8.751,5.688,0.004,0.007,5.700,1.538,10.20,8.92,5.92,1.92,2.5981,9.7430,2.474,NO
8349,8.478,5.511,0.004,0.007,5.522,1.538,10.20,7.48,4.48,0.48,2.5440,9.5401,2.501,NO
8350,8.331,5.415,0.004,0.007,5.426,1.538,10.20,6.23,3.23,-0.77,2.5149,9.4308,2.516,NO
8351,8.002,5.201,0.004,0.007,5.212,1.538,10.20,5.28,2.28,-1.72,1.7148,9.1864,2.551,NO
8352,7.577,4.925,0.004,0.007,4.936,1.538,10.20,4.68,1.68,-2.32,1.6559,8.8707,2.602,NO
8353,6.409,4.166,0.004,0.007,4.177,1.538,10.20,4.43,1.43,-2.57,1.4941,8.0039,2.775,NO
8354,6.682,4.344,0.004,0.007,4.355,1.538,10.20,4.63,1.63,-2.37,1.5319,8.2068,2.729,NO
8355,6.327,4.113,0.004,0.007,4.124,1.538,10.20,5.23,2.23,-1.77,1.4827,7.9429,2.790,NO
8356,7.036,4.573,0.004,0.007,4.584,1.538,10.20,6.18,3.18,-0.82,1.5809,8.4690,2.675,NO
8357,6.693,4.350,0.004,0.007,4.362,1.538,10.20,7.43,4.43,0.43,1.5334,8.2146,2.727,NO
8358,7.327,4.763,0.004,0.007,4.774,1.538,10.20,8.87,5.87,1.87,1.6213,8.6854,2.634,NO
8359,7.351,4.778,0.004,0.007,4.789,1.538,10.20,10.43,7.43,3.43,2.3208,8.7030,2.631,NO
8360,7.796,5.068,0.004,0.007,5.079,1.538,10.20,11.98,8.98,4.98,2.4090,9.0338,2.575,NO
8361,8.154,5.300,0.004,0.007,5.311,1.538,10.20,13.43,10.43,6.43,2.4799,9.2995,2.534,NO
8362,8.426,5.477,0.004,0.007,5.488,1.538,10.20,14.67,11.67,7.67,2.5337,9.5015,2.506,NO
8363,8.577,5.575,0.004,0.007,5.586,1.538,10.20,15.62,12.62,8.62,2.5636,9.6136,2.491,NO
8364,9.148,5.946,0.004,0.007,5.957,1.538,10.20,16.22,13.22,9.22,2.6766,10.0373,2.438,NO
8365,9.267,6.024,0.004,0.007,6.035,1.538,10.20,16.43,13.43,9.43,2.7002,10.1258,2.428,NO
8366,9.087,5.907,0.004,0.007,5.918,1.538,10.20,16.22,13.22,9.22,2.6646,9.9924,2.444,NO
8367,8.650,5.622,0.004,0.007,5.633,1.538,10.20,15.62,12.62,8.62,2.5780,9.6673,2.484,NO
8368,8.416,5.470,0.004,0.007,5.482,1.538,10.20,14.67,11.67,7.67,2.5317,9.4940,2.507,NO
8369,8.541,5.552,0.004,0.007,5.563,1.538,10.20,13.43,10.43,6.43,2.5564,9.5867,2.494,NO
8370,8.149,5.297,0.004,0.007,5.308,1.538,10.20,11.98,8.98,4.98,2.4789,9.2957,2.535,NO
8371,7.928,5.153,0.004,0.007,5.164,1.538,10.20,10.43,7.43,3.43,2.4351,9.1315,2.560,NO
8372,7.477,4.860,0.004,0.007,4.871,1.538,10.20,8.87,5.87,1.87,2.3458,8.7969,2.614,NO
8373,6.991,4.544,0.004,0.007,4.556,1.538,10.20,7.43,4.43,0.43,2.2496,8.4361,2.681,NO
8374,6.611,4.297,0.004,0.007,4.308,1.538,10.20,6.18,3.18,-0.82,2.1743,8.1538,2.741,NO
8375,6.327,4.113,0.004,0.007,4.124,1.538,10.20,5.23,2.23,-1.77,1.4827,7.9429,2.790,NO
8376,6.601,4.290,0.004,0.007,4.302,1.538,10.20,4.63,1.63,-2.37,1.5206,8.1461,2.743,NO
8377,6.327,4.113,0.004,0.007,4.124,1.538,10.20,4.38,1.38,-2.62,1.4827,7.9429,2.790,NO
8378,6.503,4.227,0.004,0.007,4.238,1.538,10.20,4.58,1.58,-2.42,1.5070,8.0733,2.759,NO
8379,6.508,4.230,0.004,0.007,4.241,1.538,10.20,5.18,2.18,-1.82,1.5077,8.0770,2.758,NO
8380,6.558,4.262,0.004,0.007,4.274,1.538,10.20,6.13,3.13,-0.87,1.5146,8.1142,2.750,NO
8381,7.045,4.579,0.004,0.007,4.590,1.538,10.20,7.38,4.38,0.38,1.5821,8.4758,2.674,NO
8382,7.473,4.857,0.004,0.007,4.869,1.538,10.20,8.82,5.82,1.82,1.6415,8.7936,2.615,NO
8383,7.551,4.908,0.004,0.007,4.919,1.538,10.20,10.38,7.38,3.38,2.3604,8.8514,2.605,NO
8384,8.039,5.226,0.004,0.007,5.237,1.538,10.20,11.93,8.93,4.93,2.4571,9.2143,2.547,NO
8385,8.558,5.563,0.004,0.007,5.574,1.538,10.20,13.38,10.38,6.38,2.5598,9.5993,2.493,NO
8386,8.629,5.609,0.004,0.007,5.620,1.538,10.20,14.62,11.62,7.62,2.5739,9.6520,2.486,NO
8387,9.020,5.863,0.004,0.007,5.875,1.538,10.20,15.57,12.57,8.57,2.6514,9.9428,2.449,NO
8388,9.243,6.008,0.004,0.007,6.019,1.538,10.20,16.17,13.17,9.17,2.6955,10.1080,2.430,NO
8389,9.312,6.053,0.004,0.007,6.064,1.538,10.20,16.38,13.38,9.38,2.7092,10.1595,2.424,NO
8390,8.809,5.726,0.004,0.007,5.737,1.538,10.20,16.17,13.17,9.17,2.6096,9.7859,2.469,NO
8391,8.780,5.707,0.004,0.007,5.719,1.538,10.20,15.57,12.57,8.57,2.6039,9.7645,2.471,NO
8392,8.367,5.439,0.004,0.007,5.450,1.538,10.20,14.62,11.62,7.62,2.5221,9.4578,2.512,NO
8393,8.465,5.502,0.004,0.007,5.514,1.538,10.20,13.38,10.38,6.38,2.5414,9.5304,2.502,NO
8394,7.788,5.062,0.004,0.007,5.074,1.538,10.20,11.93,8.93,4.93,2.4075,9.0280,2.576,NO
8395,7.885,5.125,0.004,0.007,5.137,1.538,10.20,10.38,7.38,3.38,2.4266,9.0997,2.565,NO
8396,7.031,4.570,0.004,0.007,4.582,1.538,10.20,8.82,5.82,1.82,2.2576,8.4659,2.676,NO
8397,6.898,4.484,0.004,0.007,4.495,1.538,10.20,7.38,4.38,0.38,2.2312,8.3669,2.695,NO
8398,6.540,4.251,0.004,0.007,4.262,1.538,10.20,6.13,3.13,-0.87,2.1602,8.1007,2.753,NO
8399,6.769,4.400,0.004,0.007,4.411,1.538,10.20,5.18,2.18,-1.82,1.5439,8.2711,2.715,NO
8400,6.327,4.113,0.004,0.007,4.124,1.538,10.20,4.58,1.58,-2.42,1.4827,7.9429,2.790,NO
8401,7.362,4.785,0.004,0.007,4.796,1.538,10.20,4.33,1.33,-2.67,1.6261,8.7112,2.630,NO
8402,7.599,4.939,0.004,0.007,4.950,1.538,10.20,4.54,1.54,-2.46,1.6589,8.8870,2.599,NO
8403,7.795,5.067,0.004,0.007,5.078,1.538,10.20,5.14,2.14,-1.86,1.6862,9.0332,2.575,NO
8404,7.775,5.054,0.004,0.007,5.065,1.538,10.20,6.09,3.09,-0.91,1.6834,9.0184,2.577,NO
8405,8.567,5.569,0.004,0.007,5.580,1.538,10.20,7.33,4.33,0.33,1.7932,9.6063,2.492,NO
8406,8.548,5.556,0.004,0.007,5.568,1.538,10.20,8.78,5.78,1.78,1.7905,9.5920,2.494,NO
8407,8.828,5.738,0.004,0.007,5.749,1.538,10.20,10.33,7.33,3.33,2.6133,9.7997,2.467,NO
8408,9.005,5.853,0.004,0.007,5.864,1.538,10.20,11.88,8.88,4.88,2.6483,9.9311,2.451,NO
8409,9.628,6.258,0.004,0.007,6.270,1.538,10.20,13.33,10.33,6.33,2.7718,10.3942,2.399,NO
8410,9.980,6.487,0.004,0.007,6.498,1.538,10.20,14.57,11.57,7.57,2.8413,10.6551,2.373,NO
8411,10.254,6.665,0.004,0.008,6.677,1.538,10.21,15.53,12.53,8.53,2.8958,10.8591,2.353,NO
8412,10.596,6.888,0.005,0.009,6.901,1.538,10.21,16.13,13.13,9.13,2.9637,11.1138,2.331,NO
8413,10.422,6.774,0.004,0.008,6.787,1.538,10.21,16.33,13.33,9.33,4.3937,10.9843,2.342,NO
8414,10.448,6.791,0.004,0.008,6.804,1.538,10.21,16.13,13.13,9.13,4.4013,11.0033,2.340,NO
8415,10.106,6.569,0.004,0.008,6.580,1.538,10.20,15.53,12.53,8.53,4.2995,10.7488,2.364,NO
8416,10.208,6.635,0.004,0.008,6.647,1.538,10.20,14.57,11.57,7.57,4.3300,10.8249,2.356,NO
8417,9.762,6.345,0.004,0.007,6.356,1.538,10.20,13.33,10.33,6.33,4.1972,10.4931,2.389,NO
8418,9.658,6.278,0.004,0.007,6.289,1.538,10.20,11.88,8.88,4.88,4.1665,10.4163,2.397,NO
8419,8.893,5.780,0.004,0.007,5.792,1.538,10.20,10.33,7.33,3.33,2.6262,9.8482,2.461,NO
8420,8.809,5.726,0.004,0.007,5.737,1.538,10.20,8.78,5.78,1.78,2.6094,9.7854,2.469,NO
8421,8.120,5.278,0.004,0.007,5.289,1.538,10.20,7.33,4.33,0.33,2.4731,9.2740,2.538,NO
8422,8.250,5.362,0.004,0.007,5.374,1.538,10.20,6.09,3.09,-0.91,2.4988,9.3705,2.524,NO
8423,7.514,4.884,0.004,0.007,4.895,1.538,10.20,5.14,2.14,-1.86,1.6471,8.8239,2.610,NO
8424,7.568,4.919,0.004,0.007,4.930,1.538,10.20,4.54,1.54,-2.46,1.6546,8.8641,2.603,NO
8425,7.704,5.008,0.004,0.007,5.019,1.538,10.20,4.29,1.29,-2.71,1.6736,8.9656,2.586,NO
8426,7.557,4.912,0.004,0.007,4.924,1.538,10.20,4.49,1.49,-2.51,1.6532,8.8563,2.604,NO
8427,7.939,5.160,0.004,0.007,5.172,1.538,10.20,5.09,2.09,-1.91,1.7061,9.1399,2.558,NO
8428,7.967,5.179,0.004,0.007,5.190,1.538,10.20,6.05,3.05,-0.95,1.7100,9.1607,2.555,NO
8429,8.568,5.569,0.004,0.007,5.581,1.538,10.20,7.29,4.29,0.29,1.7933,9.6069,2.492,NO
8430,8.842,5.747,0.004,0.007,5.758,1.538,10.20,8.74,5.74,1.74,1.8312,9.8101,2.466,NO
8431,8.965,5.827,0.004,0.007,5.839,1.538,10.20,10.29,7.29,3.29,2.6404,9.9016,2.454,NO
8432,9.490,6.169,0.004,0.007,6.180,1.538,10.20,11.84,8.84,4.84,2.7445,10.2917,2.410,NO
8433,9.851,6.403,0.004,0.007,6.414,1.538,10.20,13.29,10.29,6.29,2.8158,10.5592,2.382,NO
8434,9.966,6.478,0.004,0.007,6.489,1.538,10.20,14.53,11.53,7.53,2.8387,10.6451,2.374,NO
8435,10.212,6.638,0.004,0.008,6.650,1.538,10.20,15.49,12.49,8.49,2.8875,10.8279,2.356,NO
8436,9.983,6.489,0.004,0.007,6.500,1.538,10.20,16.08,13.08,9.08,2.8420,10.6576,2.372,NO
8437,10.201,6.630,0.004,0.008,6.642,1.538,10.20,16.29,13.29,9.29,4.3277,10.8194,2.357,NO
8438,10.049,6.532,0.004,0.008,6.543,1.538,10.20,16.08,13.08,9.08,4.2826,10.7064,2.368,NO
8439,10.228,6.648,0.004,0.008,6.660,1.538,10.20,15.49,12.49,8.49,4.3359,10.8398,2.355,NO
8440,9.917,6.446,0.004,0.007,6.457,1.538,10.20,14.53,11.53,7.53,4.2434,10.6085,2.377,NO
8441,9.542,6.202,0.004,0.007,6.213,1.538,10.20,13.29,10.29,6.29,4.1319,10.3298,2.406,NO
8442,9.551,6.208,0.004,0.007,6.219,1.538,10.20,11.84,8.84,4.84,4.1346,10.3365,2.405,NO
8443,9.322,6.059,0.004,0.007,6.070,1.538,10.20,10.29,7.29,3.29,2.7111,10.1665,2.424,NO
8444,8.650,5.623,0.004,0.007,5.634,1.538,10.20,8.74,5.74,1.74,2.5781,9.6679,2.484,NO
8445,8.335,5.417,0.004,0.007,5.429,1.538,10.20,7.29,4.29,0.29,2.5156,9.4335,2.515,NO
8446,7.784,5.059,0.004,0.007,5.071,1.538,10.20,6.05,3.05,-0.95,2.4065,9.0245,2.576,NO
8447,7.944,5.164,0.004,0.007,5.175,1.538,10.20,5.09,2.09,-1.91,1.7068,9.1437,2.558,NO
8448,7.906,5.139,0.004,0.007,5.150,1.538,10.20,4.49,1.49,-2.51,1.7016,9.1155,2.562,NO
8449,7.646,4.970,0.004,0.007,4.981,1.538,10.20,4.25,1.25,-2.75,1.6655,8.9223,2.593,NO
8450,7.650,4.973,0.004,0.007,4.984,1.538,10.20,4.45,1.45,-2.55,1.6661,8.9253,2.593,NO
8451,7.576,4.925,0.004,0.007,4.936,1.538,10.20,5.05,2.05,-1.95,1.6558,8.8706,2.602,NO
8452,8.166,5.308,0.004,0.007,5.319,1.538,10.20,6.01,3.01,-0.99,1.7376,9.3086,2.533,NO
8453,8.364,5.436,0.004,0.007,5.448,1.538,10.20,7.25,4.25,0.25,1.7649,9.4551,2.512,NO
8454,8.341,5.422,0.004,0.007,5.433,1.538,10.20,8.70,5.70,1.70,1.7618,9.4382,2.515,NO
8455,8.786,5.711,0.004,0.007,5.722,1.538,10.20,10.25,7.25,3.25,2.6050,9.7686,2.471,NO
8456,9.442,6.138,0.004,0.007,6.149,1.538,10.20,11.80,8.80,4.80,2.7349,10.2561,2.414,NO
8457,9.432,6.131,0.004,0.007,6.142,1.538,10.20,13.25,10.25,6.25,2.7330,10.2486,2.415,NO
8458,9.961,6.474,0.004,0.007,6.486,1.538,10.20,14.49,11.49,7.49,2.8376,10.6409,2.374,NO
8459,9.822,6.384,0.004,0.007,6.395,1.538,10.20,15.45,12.45,8.45,2.8101,10.5377,2.384,NO
8460,10.107,6.569,0.004,0.008,6.581,1.538,10.20,16.04,13.04,9.04,2.8665,10.7494,2.364,NO
8461,10.386,6.751,0.004,0.008,6.764,1.538,10.21,16.25,13.25,9.25,4.3830,10.9575,2.344,NO
8462,10.113,6.574,0.004,0.008,6.585,1.538,10.20,16.04,13.04,9.04,4.3017,10.7543,2.363,NO
8463,10.206,6.634,0.004,0.008,6.646,1.538,10.20,15.45,12.45,8.45,4.3293,10.8232,2.357,NO
8464,9.708,6.310,0.004,0.007,6.321,1.538,10.20,14.49,11.49,7.49,4.1812,10.4530,2.393,NO
8465,9.373,6.092,0.004,0.007,6.104,1.538,10.20,13.25,10.25,6.25,4.0818,10.2044,2.419,NO
8466,9.474,6.158,0.004,0.007,6.170,1.538,10.20,11.80,8.80,4.80,4.1119,10.2797,2.411,NO
8467,9.061,5.890,0.004,0.007,5.901,1.538,10.20,10.25,7.25,3.25,2.6595,9.9729,2.446,NO
8468,8.691,5.649,0.004,0.007,5.661,1.538,10.20,8.70,5.70,1.70,2.5863,9.6985,2.480,NO
8469,8.291,5.389,0.004,0.007,5.401,1.538,10.20,7.25,4.25,0.25,2.5070,9.4014,2.520,NO
8470,8.077,5.250,0.004,0.007,5.262,1.538,10.20,6.01,3.01,-0.99,2.4647,9.2426,2.543,NO
8471,7.852,5.104,0.004,0.007,5.115,1.538,10.20,5.05,2.05,-1.95,1.6940,9.0750,2.568,NO
8472,7.875,5.119,0.004,0.007,5.130,1.538,10.20,4.45,1.45,-2.55,1.6973,9.0925,2.566,NO
8473,7.650,4.972,0.004,0.007,4.984,1.538,10.20,4.21,1.21,-2.79,1.6660,8.9250,2.593,NO
8474,7.969,5.180,0.004,0.007,5.191,1.538,10.20,4.42,1.42,-2.58,1.7103,9.1623,2.555,NO
8475,7.848,5.101,0.004,0.007,5.113,1.538,10.20,5.02,2.02,-1.98,1.6935,9.0722,2.569,NO
8476,7.769,5.050,0.004,0.007,5.061,1.538,10.20,5.97,2.97,-1.03,1.6825,9.0134,2.578,NO
8477,8.528,5.543,0.004,0.007,5.554,1.538,10.20,7.21,4.21,0.21,1.7877,9.5771,2.496,NO
8478,8.926,5.802,0.004,0.007,5.813,1.538,10.20,8.66,5.66,1.66,1.8429,9.8726,2.458,NO
8479,8.763,5.696,0.004,0.007,5.707,1.538,10.20,10.21,7.21,3.21,2.6004,9.7514,2.473,NO
8480,9.088,5.907,0.004,0.007,5.918,1.538,10.20,11.77,8.77,4.77,2.6647,9.9927,2.444,NO
8481,9.726,6.322,0.004,0.007,6.333,1.538,10.20,13.21,10.21,6.21,2.7912,10.4669,2.391,NO
8482,9.975,6.484,0.004,0.007,6.495,1.538,10.20,14.46,11.46,7.46,2.8405,10.6519,2.373,NO
8483,10.184,6.620,0.004,0.008,6.631,1.538,10.20,15.41,12.41,8.41,2.8818,10.8069,2.358,NO
8484,10.125,6.581,0.004,0.008,6.593,1.538,10.20,16.01,13.01,9.01,2.8701,10.7630,2.362,NO
8485,10.017,6.511,0.004,0.007,6.522,1.538,10.20,16.21,13.21,9.21,4.2730,10.6825,2.370,NO
8486,10.300,6.695,0.004,0.008,6.708,1.538,10.21,16.01,13.01,9.01,4.3575,10.8937,2.350,NO
8487,10.317,6.706,0.004,0.008,6.718,1.538,10.21,15.41,12.41,8.41,4.3624,10.9060,2.349,NO
8488,9.696,6.302,0.004,0.007,6.313,1.538,10.20,14.46,11.46,7.46,4.1776,10.4441,2.394,NO
8489,9.799,6.370,0.004,0.007,6.381,1.538,10.20,13.21,10.21,6.21,4.2085,10.5211,2.386,NO
8490,9.583,6.229,0.004,0.007,6.240,1.538,10.20,11.77,8.77,4.77,4.1441,10.3602,2.403,NO
8491,8.931,5.805,0.004,0.007,5.817,1.538,10.20,10.21,7.21,3.21,2.6338,9.8767,2.457,NO
8492,8.814,5.729,0.004,0.007,5.740,1.538,10.20,8.66,5.66,1.66,2.6105,9.7892,2.468,NO
8493,8.037,5.224,0.004,0.007,5.235,1.538,10.20,7.21,4.21,0.21,2.4567,9.2126,2.547,NO
8494,7.964,5.177,0.004,0.007,5.188,1.538,10.20,5.97,2.97,-1.03,2.4423,9.1586,2.555,NO
8495,7.830,5.090,0.004,0.007,5.101,1.538,10.20,5.02,2.02,-1.98,1.6910,9.0592,2.571,NO
8496,7.658,4.978,0.004,0.007,4.989,1.538,10.20,4.42,1.42,-2.58,1.6672,8.9313,2.592,NO
8497,7.729,5.024,0.004,0.007,5.035,1.538,10.20,4.18,1.18,-2.82,1.6770,8.9840,2.583,NO
8498,7.899,5.135,0.004,0.007,5.146,1.538,10.20,4.38,1.38,-2.62,1.7006,9.1103,2.563,NO
8499,7.904,5.138,0.004,0.007,5.149,1.538,10.20,4.98,1.98,-2.02,1.7012,9.1137,2.562,NO
8500,7.742,5.032,0.004,0.007,5.043,1.538,10.20,5.94,2.94,-1.06,1.6787,8.9932,2.582,NO
8501,8.504,5.528,0.004,0.007,5.539,1.538,10.20,7.18,4.18,0.18,1.7844,9.5594,2.498,NO
8502,8.633,5.612,0.004,0.007,5.623,1.538,10.20,8.63,5.63,1.63,1.8023,9.6552,2.485,NO
8503,9.088,5.907,0.004,0.007,5.919,1.538,10.20,10.18,7.18,3.18,2.6648,9.9932,2.443,NO
8504,9.252,6.014,0.004,0.007,6.025,1.538,10.20,11.73,8.73,4.73,2.6972,10.1145,2.429,NO
8505,9.981,6.487,0.004,0.007,6.499,1.538,10.20,13.18,10.18,6.18,2.8415,10.6558,2.373,NO
8506,10.236,6.653,0.004,0.008,6.666,1.538,10.20,14.42,11.42,7.42,2.8922,10.8457,2.355,NO
8507,9.869,6.415,0.004,0.007,6.426,1.538,10.20,15.37,12.37,8.37,2.8194,10.5727,2.381,NO
8508,9.970,6.480,0.004,0.007,6.492,1.538,10.20,15.97,12.97,8.97,2.8393,10.6476,2.373,NO
8509,10.574,6.873,0.005,0.009,6.887,1.538,10.21,16.18,13.18,9.18,4.4389,11.0973,2.332,NO
8510,10.413,6.768,0.004,0.008,6.781,1.538,10.21,15.97,12.97,8.97,4.3908,10.9771,2.343,NO
8511,10.288,6.687,0.004,0.008,6.700,1.538,10.21,15.37,12.37,8.37,4.3538,10.8844,2.351,NO
8512,10.015,6.510,0.004,0.007,6.521,1.538,10.20,14.42,11.42,7.42,4.2725,10.6813,2.370,NO
8513,9.895,6.432,0.004,0.007,6.443,1.538,10.20,13.18,10.18,6.18,4.2367,10.5919,2.379,NO
8514,9.231,6.000,0.004,0.007,6.011,1.538,10.20,11.73,8.73,4.73,4.0396,10.0991,2.431,NO
8515,9.295,6.042,0.004,0.007,6.053,1.538,10.20,10.18,7.18,3.18,2.7057,10.1464,2.426,NO
8516,8.581,5.578,0.004,0.007,5.589,1.538,10.20,8.63,5.63,1.63,2.5644,9.6166,2.490,NO
8517,8.261,5.369,0.004,0.007,5.381,1.538,10.20,7.18,4.18,0.18,2.5010,9.3786,2.523,NO
8518,7.852,5.104,0.004,0.007,5.115,1.538,10.20,5.94,2.94,-1.06,2.4201,9.0754,2.568,NO
8519,8.110,5.272,0.004,0.007,5.283,1.538,10.20,4.98,1.98,-2.02,1.7298,9.2670,2.539,NO
8520,7.648,4.971,0.004,0.007,4.982,1.538,10.20,4.38,1.38,-2.62,1.6657,8.9236,2.593,NO
8521,6.327,4.113,0.004,0.007,4.124,1.538,10.20,4.15,1.15,-2.85,1.4827,7.9429,2.790,NO
8522,6.327,4.113,0.004,0.007,4.124,1.538,10.20,4.35,1.35,-2.65,1.4827,7.9429,2.790,NO
8523,6.327,4.113,0.004,0.007,4.124,1.538,10.20,4.95,1.95,-2.05,1.4827,7.9429,2.790,NO
8524,6.523,4.240,0.004,0.007,4.251,1.538,10.20,5.91,2.91,-1.09,1.5098,8.0883,2.756,NO
8525,7.296,4.743,0.004,0.007,4.754,1.538,10.20,7.15,4.15,0.15,1.6170,8.6625,2.638,NO
8526,7.161,4.654,0.004,0.007,4.666,1.538,10.20,8.59,5.59,1.59,1.5982,8.5618,2.657,NO
8527,7.390,4.803,0.004,0.007,4.815,1.538,10.20,10.15,7.15,3.15,2.3285,8.7320,2.626,NO
8528,7.854,5.105,0.004,0.007,5.117,1.538,10.20,11.70,8.70,4.70,2.4205,9.0769,2.568,NO
8529,8.377,5.445,0.004,0.007,5.456,1.538,10.20,13.15,10.15,6.15,2.5239,9.4648,2.511,NO
8530,8.358,5.433,0.004,0.007,5.444,1.538,10.20,14.39,11.39,7.39,2.5202,9.4507,2.513,NO
8531,8.741,5.682,0.004,0.007,5.693,1.538,10.20,15.34,12.34,8.34,2.5961,9.7356,2.475,NO
8532,9.040,5.876,0.004,0.007,5.888,1.538,10.20,15.94,12.94,8.94,2.6554,9.9576,2.448,NO
8533,9.020,5.863,0.004,0.007,5.875,1.538,10.20,16.15,13.15,9.15,2.6514,9.9427,2.449,NO
8534,8.703,5.657,0.004,0.007,5.668,1.538,10.20,15.94,12.94,8.94,2.5885,9.7068,2.479,NO
8535,8.665,5.632,0.004,0.007,5.644,1.538,10.20,15.34,12.34,8.34,2.5810,9.6788,2.482,NO
8536,8.885,5.775,0.004,0.007,5.787,1.538,10.20,14.39,11.39,7.39,2.6246,9.8422,2.462,NO
8537,8.648,5.621,0.004,0.007,5.632,1.538,10.20,13.15,10.15,6.15,2.5776,9.6661,2.484,NO
8538,7.782,5.058,0.004,0.007,5.070,1.538,10.20,11.70,8.70,4.70,2.4062,9.0233,2.577,NO
8539,7.456,4.846,0.004,0.007,4.858,1.538,10.20,10.15,7.15,3.15,2.3416,8.7811,2.617,NO
8540,7.408,4.815,0.004,0.007,4.826,1.538,10.20,8.59,5.59,1.59,2.3321,8.7452,2.624,NO
8541,7.146,4.645,0.004,0.007,4.656,1.538,10.20,7.15,4.15,0.15,2.2802,8.5507,2.659,NO
8542,6.962,4.525,0.004,0.007,4.536,1.538,10.20,5.91,2.91,-1.09,2.2438,8.4142,2.686,NO
8543,6.327,4.113,0.004,0.007,4.124,1.538,10.20,4.95,1.95,-2.05,1.4827,7.9429,2.790,NO
8544,6.343,4.123,0.004,0.007,4.135,1.538,10.20,4.35,1.35,-2.65,1.4849,7.9551,2.787,NO
8545,6.366,4.138,0.004,0.007,4.149,1.538,10.20,4.12,1.12,-2.88,1.4881,7.9722,2.783,NO
8546,6.532,4.246,0.004,0.007,4.257,1.538,10.20,4.32,1.32,-2.68,1.5111,8.0952,2.754,NO
8547,6.327,4.113,0.004,0.007,4.124,1.538,10.20,4.92,1.92,-2.08,1.4827,7.9429,2.790,NO
8548,6.829,4.439,0.004,0.007,4.450,1.538,10.20,5.88,2.88,-1.12,1.5522,8.3156,2.706,NO
8549,6.791,4.414,0.004,0.007,4.426,1.538,10.20,7.12,4.12,0.12,1.5470,8.2875,2.712,NO
8550,7.330,4.765,0.004,0.007,4.776,1.538,10.20,8.57,5.57,1.57,1.6217,8.6877,2.634,NO
8551,7.745,5.035,0.004,0.007,5.046,1.538,10.20,10.12,7.12,3.12,2.3990,8.9961,2.581,NO
8552,7.719,5.017,0.004,0.007,5.028,1.538,10.20,11.67,8.67,4.67,2.3936,8.9762,2.584,NO
8553,8.486,5.516,0.004,0.007,5.527,1.538,10.20,13.12,10.12,6.12,2.5457,9.5462,2.500,NO
8554,8.390,5.454,0.004,0.007,5.465,1.538,10.20,14.36,11.36,7.36,2.5267,9.4750,2.509,NO
8555,8.918,5.797,0.004,0.007,5.808,1.538,10.20,15.32,12.32,8.32,2.6311,9.8665,2.459,NO
8556,8.672,5.637,0.004,0.007,5.648,1.538,10.20,15.92,12.92,8.92,2.5825,9.6842,2.482,NO
8557,8.740,5.681,0.004,0.007,5.692,1.538,10.20,16.12,13.12,9.12,2.5958,9.7342,2.475,NO
8558,8.692,5.650,0.004,0.007,5.661,1.538,10.20,15.92,12.92,8.92,2.5863,9.6987,2.480,NO
8559,8.829,5.739,0.004,0.007,5.750,1.538,10.20,15.32,12.32,8.32,2.6135,9.8007,2.467,NO
8560,8.269,5.375,0.004,0.007,5.386,1.538,10.20,14.36,11.36,7.36,2.5026,9.3848,2.522,NO
8561,8.485,5.515,0.004,0.007,5.526,1.538,10.20,13.12,10.12,6.12,2.5453,9.5449,2.500,NO
8562,7.939,5.160,0.004,0.007,5.171,1.538,10.20,11.67,8.67,4.67,2.4372,9.1396,2.558,NO
8563,7.600,4.940,0.004,0.007,4.951,1.538,10.20,10.12,7.12,3.12,2.3702,8.8881,2.599,NO
8564,7.520,4.888,0.004,0.007,4.899,1.538,10.20,8.57,5.57,1.57,2.3542,8.8283,2.609,NO
8565,7.266,4.723,0.004,0.007,4.734,1.538,10.20,7.12,4.12,0.12,2.3041,8.6404,2.642,NO
8566,6.474,4.208,0.004,0.007,4.219,1.538,10.20,5.88,2.88,-1.12,2.1471,8.0517,2.764,NO
8567,6.682,4.343,0.004,0.007,4.355,1.538,10.20,4.92,1.92,-2.08,1.5319,8.2066,2.729,NO
8568,6.327,4.113,0.004,0.007,4.124,1.538,10.20,4.32,1.32,-2.68,1.4827,7.9429,2.790,NO
8569,7.912,5.143,0.004,0.007,5.154,1.538,10.20,4.09,1.09,-2.91,1.7024,9.1200,2.561,NO
8570,7.549,4.907,0.004,0.007,4.918,1.538,10.20,4.30,1.30,-2.70,1.6520,8.8499,2.605,NO
8571,8.156,5.301,0.004,0.007,5.313,1.538,10.20,4.90,1.90,-2.10,1.7361,9.3007,2.534,NO
8572,7.800,5.070,0.004,0.007,5.082,1.538,10.20,5.85,2.85,-1.15,1.6869,9.0368,2.574,NO
8573,8.102,5.266,0.004,0.007,5.277,1.538,10.20,7.09,4.09,0.09,1.7286,9.2606,2.540,NO
8574,8.704,5.658,0.004,0.007,5.669,1.538,10.20,8.54,5.54,1.54,1.8122,9.7080,2.478,NO
8575,8.879,5.771,0.004,0.007,5.783,1.538,10.20,10.09,7.09,3.09,2.6234,9.8378,2.462,NO
8576,9.046,5.880,0.004,0.007,5.891,1.538,10.20,11.65,8.65,4.65,2.6564,9.9616,2.447,NO
8577,9.803,6.372,0.004,0.007,6.384,1.538,10.20,13.09,10.09,6.09,2.8064,10.5242,2.386,NO
8578,10.209,6.636,0.004,0.008,6.648,1.538,10.20,14.34,11.34,7.34,2.8868,10.8255,2.356,NO
8579,10.282,6.683,0.004,0.008,6.695,1.538,10.21,15.29,12.29,8.29,2.9012,10.8796,2.351,NO
8580,9.954,6.470,0.004,0.007,6.481,1.538,10.20,15.89,12.89,8.89,2.8363,10.6360,2.374,NO
8581,10.643,6.918,0.005,0.009,6.932,1.538,10.21,16.09,13.09,9.09,4.4595,11.1488,2.328,NO
8582,10.547,6.856,0.005,0.009,6.869,1.538,10.21,15.89,12.89,8.89,4.4309,11.0772,2.334,NO
8583,10.021,6.513,0.004,0.007,6.525,1.538,10.20,15.29,12.29,8.29,4.2742,10.6854,2.370,NO
8584,9.631,6.260,0.004,0.007,6.272,1.538,10.20,14.34,11.34,7.34,4.1586,10.3964,2.399,NO
8585,9.399,6.109,0.004,0.007,6.120,1.538,10.20,13.09,10.09,6.09,4.0894,10.2236,2.417,NO
8586,9.224,5.996,0.004,0.007,6.007,1.538,10.20,11.65,8.65,4.65,4.0376,10.0939,2.432,NO
8587,9.224,5.995,0.004,0.007,6.007,1.538,10.20,10.09,7.09,3.09,2.6916,10.0936,2.432,NO
8588,8.465,5.502,0.004,0.007,5.513,1.538,10.20,8.54,5.54,1.54,2.5414,9.5303,2.502,NO
8589,8.602,5.591,0.004,0.007,5.603,1.538,10.20,7.09,4.09,0.09,2.5685,9.6320,2.488,NO
8590,7.791,5.064,0.004,0.007,5.075,1.538,10.20,5.85,2.85,-1.15,2.4079,9.0297,2.576,NO
8591,7.999,5.200,0.004,0.007,5.211,1.538,10.20,4.90,1.90,-2.10,1.7145,9.1846,2.551,NO
8592,7.673,4.988,0.004,0.007,4.999,1.538,10.20,4.30,1.30,-2.70,1.6693,8.9426,2.590,NO
8593,7.806,5.074,0.004,0.007,5.085,1.538,10.20,4.07,1.07,-2.93,1.6877,9.0411,2.574,NO
8594,7.928,5.153,0.004,0.007,5.164,1.538,10.20,4.28,1.28,-2.72,1.7045,9.1313,2.560,NO
8595,8.111,5.272,0.004,0.007,5.283,1.538,10.20,4.88,1.88,-2.12,1.7299,9.2675,2.539,NO
8596,8.362,5.435,0.004,0.007,5.446,1.538,10.20,5.83,2.83,-1.17,1.7647,9.4537,2.512,NO
8597,8.140,5.291,0.004,0.007,5.302,1.538,10.20,7.07,4.07,0.07,1.7340,9.2892,2.536,NO
8598,8.369,5.440,0.004,0.007,5.451,1.538,10.20,8.52,5.52,1.52,1.7657,9.4593,2.512,NO
8599,8.835,5.743,0.004,0.007,5.754,1.538,10.20,10.07,7.07,3.07,2.6147,9.8050,2.466,NO
8600,9.347,6.076,0.004,0.007,6.087,1.538,10.20,11.63,8.63,4.63,2.7161,10.1852,2.422,NO
8601,9.787,6.362,0.004,0.007,6.373,1.538,10.20,13.07,10.07,6.07,2.8032,10.5121,2.387,NO
8602,9.827,6.388,0.004,0.007,6.399,1.538,10.20,14.32,11.32,7.32,2.8111,10.5417,2.384,NO
8603,10.139,6.590,0.004,0.008,6.602,1.538,10.20,15.27,12.27,8.27,2.8730,10.7737,2.361,NO
8604,9.966,6.478,0.004,0.007,6.489,1.538,10.20,15.87,12.87,8.87,2.8385,10.6445,2.374,NO
8605,10.129,6.584,0.004,0.008,6.595,1.538,10.20,16.07,13.07,9.07,4.3063,10.7658,2.362,NO
8606,10.524,6.841,0.005,0.009,6.854,1.538,10.21,15.87,12.87,8.87,4.4241,11.0602,2.335,NO
8607,9.848,6.401,0.004,0.007,6.413,1.538,10.20,15.27,12.27,8.27,4.2230,10.5575,2.382,NO
8608,9.769,6.350,0.004,0.007,6.361,1.538,10.20,14.32,11.32,7.32,4.1993,10.4983,2.388,NO
8609,9.645,6.269,0.004,0.007,6.280,1.538,10.20,13.07,10.07,6.07,4.1626,10.4064,2.398,NO
8610,9.375,6.094,0.004,0.007,6.105,1.538,10.20,11.63,8.63,4.63,4.0824,10.2061,2.419,NO
8611,8.782,5.708,0.004,0.007,5.720,1.538,10.20,10.07,7.07,3.07,2.6042,9.7657,2.471,NO
8612,8.721,5.669,0.004,0.007,5.680,1.538,10.20,8.52,5.52,1.52,2.5921,9.7204,2.477,NO
8613,8.528,5.543,0.004,0.007,5.554,1.538,10.20,7.07,4.07,0.07,2.5539,9.5771,2.496,NO
8614,7.942,5.163,0.004,0.007,5.174,1.538,10.20,5.83,2.83,-1.17,2.4379,9.1423,2.558,NO
8615,7.926,5.152,0.004,0.007,5.163,1.538,10.20,4.88,1.88,-2.12,1.7043,9.1302,2.560,NO
8616,7.549,4.907,0.004,0.007,4.918,1.538,10.20,4.28,1.28,-2.72,1.6521,8.8505,2.605,NO
8617,7.986,5.191,0.004,0.007,5.202,1.538,10.20,4.05,1.05,-2.95,1.7126,9.1747,2.553,NO
8618,7.684,4.995,0.004,0.007,5.006,1.538,10.20,4.26,1.26,-2.74,1.6708,8.9506,2.588,NO
8619,7.704,5.008,0.004,0.007,5.019,1.538,10.20,4.86,1.86,-2.14,1.6736,8.9655,2.586,NO
8620,7.883,5.124,0.004,0.007,5.135,1.538,10.20,5.81,2.81,-1.19,1.6983,9.0983,2.565,NO
8621,8.461,5.500,0.004,0.007,5.511,1.538,10.20,7.05,4.05,0.05,1.7784,9.5274,2.502,NO
8622,8.751,5.688,0.004,0.007,5.699,1.538,10.20,8.50,5.50,1.50,1.8186,9.7424,2.474,NO
8623,8.991,5.844,0.004,0.007,5.855,1.538,10.20,10.05,7.05,3.05,2.6455,9.9206,2.452,NO
8624,9.158,5.953,0.004,0.007,5.964,1.538,10.20,11.61,8.61,4.61,2.6787,10.0453,2.437,NO
8625,9.724,6.321,0.004,0.007,6.332,1.538,10.20,13.05,10.05,6.05,2.7908,10.4654,2.392,NO
8626,10.087,6.557,0.004,0.008,6.568,1.538,10.20,14.30,11.30,7.30,2.8626,10.7348,2.365,NO
8627,10.104,6.568,0.004,0.008,6.579,1.538,10.20,15.25,12.25,8.25,2.8660,10.7476,2.364,NO
8628,10.322,6.709,0.004,0.008,6.722,1.538,10.21,15.85,12.85,8.85,2.9092,10.9096,2.349,NO
8629,10.427,6.777,0.004,0.008,6.790,1.538,10.21,16.05,13.05,9.05,4.3951,10.9876,2.342,NO
8630,10.169,6.610,0.004,0.008,6.622,1.538,10.20,15.85,12.85,8.85,4.3183,10.7958,2.359,NO
8631,10.306,6.699,0.004,0.008,6.711,1.538,10.21,15.25,12.25,8.25,4.3591,10.8979,2.350,NO
8632,10.188,6.622,0.004,0.008,6.634,1.538,10.20,14.30,11.30,7.30,4.3239,10.8097,2.358,NO
8633,9.797,6.368,0.004,0.007,6.379,1.538,10.20,13.05,10.05,6.05,4.2077,10.5194,2.386,NO
8634,9.595,6.237,0.004,0.007,6.248,1.538,10.20,11.61,8.61,4.61,4.1477,10.3693,2.402,NO
8635,8.819,5.732,0.004,0.007,5.743,1.538,10.20,10.05,7.05,3.05,2.6114,9.7929,2.468,NO
8636,8.812,5.728,0.004,0.007,5.739,1.538,10.20,8.50,5.50,1.50,2.6101,9.7877,2.468,NO
8637,8.505,5.528,0.004,0.007,5.540,1.538,10.20,7.05,4.05,0.05,2.5494,9.5602,2.498,NO
8638,8.308,5.400,0.004,0.007,5.411,1.538,10.20,5.81,2.81,-1.19,2.5103,9.4137,2.518,NO
8639,7.526,4.892,0.004,0.007,4.903,1.538,10.20,4.86,1.86,-2.14,1.6488,8.8328,2.608,NO
8640,7.731,5.025,0.004,0.007,5.037,1.538,10.20,4.26,1.26,-2.74,1.6773,8.9856,2.583,NO
8641,7.871,5.116,0.004,0.007,5.127,1.538,10.20,4.04,1.04,-2.96,1.6966,9.0890,2.566,NO
8642,7.712,5.013,0.004,0.007,5.024,1.538,10.20,4.24,1.24,-2.76,1.6746,8.9712,2.585,NO
8643,8.032,5.221,0.004,0.007,5.232,1.538,10.20,4.84,1.84,-2.16,1.7190,9.2087,2.548,NO
8644,8.372,5.442,0.004,0.007,5.453,1.538,10.20,5.79,2.79,-1.21,1.7661,9.4610,2.511,NO
8645,8.614,5.599,0.004,0.007,5.610,1.538,10.20,7.04,4.04,0.04,1.7996,9.6406,2.487,NO
8646,8.509,5.531,0.004,0.007,5.542,1.538,10.20,8.48,5.48,1.48,1.7851,9.5630,2.497,NO
8647,9.093,5.911,0.004,0.007,5.922,1.538,10.20,10.04,7.04,3.04,2.6659,9.9970,2.443,NO
8648,9.374,6.093,0.004,0.007,6.104,1.538,10.20,11.59,8.59,4.59,2.7214,10.2052,2.419,NO
8649,9.560,6.214,0.004,0.007,6.225,1.538,10.20,13.04,10.04,6.04,2.7582,10.3434,2.404,NO
8650,10.027,6.517,0.004,0.007,6.529,1.538,10.20,14.28,11.28,7.28,2.8507,10.6900,2.369,NO
8651,10.153,6.599,0.004,0.008,6.611,1.538,10.20,15.23,12.23,8.23,2.8757,10.7839,2.360,NO
8652,10.125,6.581,0.004,0.008,6.593,1.538,10.20,15.83,12.83,8.83,2.8701,10.7630,2.362,NO
8653,10.435,6.783,0.004,0.008,6.796,1.538,10.21,16.04,13.04,9.04,4.3976,10.9941,2.341,NO
8654,10.499,6.825,0.005,0.009,6.838,1.538,10.21,15.83,12.83,8.83,4.4167,11.0417,2.337,NO
8655,10.149,6.597,0.004,0.008,6.609,1.538,10.20,15.23,12.23,8.23,4.3124,10.7810,2.361,NO
8656,9.716,6.315,0.004,0.007,6.326,1.538,10.20,14.28,11.28,7.28,4.1835,10.4589,2.392,NO
8657,9.812,6.378,0.004,0.007,6.389,1.538,10.20,13.04,10.04,6.04,4.2123,10.5308,2.385,NO
8658,9.124,5.931,0.004,0.007,5.942,1.538,10.20,11.59,8.59,4.59,4.0080,10.0200,2.440,NO
8659,9.024,5.865,0.004,0.007,5.877,1.538,10.20,10.04,7.04,3.04,2.6520,9.9451,2.449,NO
8660,8.511,5.532,0.004,0.007,5.544,1.538,10.20,8.48,5.48,1.48,2.5506,9.5647,2.497,NO
8661,8.032,5.221,0.004,0.007,5.232,1.538,10.20,7.04,4.04,0.04,2.4556,9.2087,2.548,NO
8662,7.720,5.018,0.004,0.007,5.030,1.538,10.20,5.79,2.79,-1.21,2.3940,8.9774,2.584,NO
8663,7.643,4.968,0.004,0.007,4.979,1.538,10.20,4.84,1.84,-2.16,1.6651,8.9200,2.594,NO
8664,7.807,5.075,0.004,0.007,5.086,1.538,10.20,4.24,1.24,-2.76,1.6879,9.0421,2.574,NO
8665,7.557,4.912,0.004,0.007,4.923,1.538,10.20,4.02,1.02,-2.98,1.6531,8.8561,2.604,NO
8666,7.444,4.839,0.004,0.007,4.850,1.538,10.20,4.23,1.23,-2.77,1.6375,8.7722,2.619,NO
8667,8.137,5.289,0.004,0.007,5.300,1.538,10.20,4.83,1.83,-2.17,1.7336,9.2869,2.536,NO
8668,7.944,5.164,0.004,0.007,5.175,1.538,10.20,5.78,2.78,-1.22,1.7068,9.1438,2.558,NO
8669,8.367,5.439,0.004,0.007,5.450,1.538,10.20,7.02,4.02,0.02,1.7654,9.4576,2.512,NO
8670,8.684,5.645,0.004,0.007,5.656,1.538,10.20,8.47,5.47,1.47,1.8093,9.6929,2.480,NO
8671,9.142,5.942,0.004,0.007,5.954,1.538,10.20,10.02,7.02,3.02,2.6755,10.0332,2.439,NO
8672,9.502,6.177,0.004,0.007,6.188,1.538,10.20,11.58,8.58,4.58,2.7468,10.3006,2.409,NO
8673,9.642,6.267,0.004,0.007,6.279,1.538,10.20,13.02,10.02,6.02,2.7745,10.4045,2.398,NO
8674,10.008,6.505,0.004,0.007,6.517,1.538,10.20,14.27,11.27,7.27,2.8469,10.6760,2.371,NO
8675,9.926,6.452,0.004,0.007,6.463,1.538,10.20,15.22,12.22,8.22,2.8307,10.6152,2.377,NO
8676,10.197,6.628,0.004,0.008,6.640,1.538,10.20,15.82,12.82,8.82,2.8845,10.8168,2.357,NO
8677,10.540,6.851,0.005,0.009,6.864,1.538,10.21,16.02,13.02,9.02,4.4288,11.0719,2.334,NO
8678,10.509,6.831,0.005,0.009,6.844,1.538,10.21,15.82,12.82,8.82,4.4194,11.0485,2.336,NO
8679,9.949,6.467,0.004,0.007,6.478,1.538,10.20,15.22,12.22,8.22,4.2528,10.6319,2.375,NO
8680,10.133,6.586,0.004,0.008,6.598,1.538,10.20,14.27,11.27,7.27,4.3075,10.7688,2.362,NO
8681,9.560,6.214,0.004,0.007,6.225,1.538,10.20,13.02,10.02,6.02,4.1374,10.3435,2.404,NO
8682,9.394,6.106,0.004,0.007,6.117,1.538,10.20,11.58,8.58,4.58,4.0881,10.2202,2.418,NO
8683,9.118,5.927,0.004,0.007,5.938,1.538,10.20,10.02,7.02,3.02,2.6707,10.0150,2.441,NO
8684,8.861,5.760,0.004,0.007,5.771,1.538,10.20,8.47,5.47,1.47,2.6198,9.8243,2.464,NO
8685,8.553,5.560,0.004,0.007,5.571,1.538,10.20,7.02,4.02,0.02,2.5589,9.5960,2.493,NO
8686,7.781,5.058,0.004,0.007,5.069,1.538,10.20,5.78,2.78,-1.22,2.4060,9.0224,2.577,NO
8687,8.086,5.256,0.004,0.007,5.267,1.538,10.20,4.83,1.83,-2.17,1.7264,9.2487,2.542,NO
8688,7.406,4.814,0.004,0.007,4.825,1.538,10.20,4.23,1.23,-2.77,1.6322,8.7440,2.624,NO
8689,6.536,4.248,0.004,0.007,4.260,1.538,10.20,4.01,1.01,-2.99,1.5116,8.0981,2.753,NO
8690,6.327,4.113,0.004,0.007,4.124,1.538,10.20,4.22,1.22,-2.78,1.4827,7.9429,2.790,NO
8691,6.677,4.340,0.004,0.007,4.351,1.538,10.20,4.82,1.82,-2.18,1.5311,8.2026,2.730,NO
8692,6.796,4.417,0.004,0.007,4.429,1.538,10.20,5.77,2.77,-1.23,1.5477,8.2911,2.711,NO
8693,6.700,4.355,0.004,0.007,4.366,1.538,10.20,7.01,4.01,0.01,1.5344,8.2198,2.726,NO
8694,7.138,4.640,0.004,0.007,4.651,1.538,10.20,8.46,5.46,1.46,1.5951,8.5450,2.660,NO
8695,7.468,4.855,0.004,0.007,4.866,1.538,10.20,10.01,7.01,3.01,2.3441,8.7904,2.616,NO
8696,7.675,4.989,0.004,0.007,5.000,1.538,10.20,11.57,8.57,4.57,2.3851,8.9441,2.590,NO
8697,8.194,5.326,0.004,0.007,5.337,1.538,10.20,13.01,10.01,6.01,2.4877,9.3289,2.530,NO
8698,8.569,5.570,0.004,0.007,5.581,1.538,10.20,14.26,11.26,7.26,2.5619,9.6073,2.492,NO
8699,8.871,5.766,0.004,0.007,5.778,1.538,10.20,15.21,12.21,8.21,2.6219,9.8321,2.463,NO
8700,9.022,5.865,0.004,0.007,5.876,1.538,10.20,15.81,12.81,8.81,2.6518,9.9442,2.449,NO
8701,8.834,5.742,0.004,0.007,5.753,1.538,10.20,16.01,13.01,9.01,2.6144,9.8041,2.466,NO
8702,8.853,5.754,0.004,0.007,5.766,1.538,10.20,15.81,12.81,8.81,2.6182,9.8183,2.465,NO
8703,9.019,5.862,0.004,0.007,5.874,1.538,10.20,15.21,12.21,8.21,2.6511,9.9418,2.450,NO
8704,8.840,5.746,0.004,0.007,5.757,1.538,10.20,14.26,11.26,7.26,2.6156,9.8085,2.466,NO
8705,8.115,5.275,0.004,0.007,5.286,1.538,10.20,13.01,10.01,6.01,2.4722,9.2707,2.539,NO
8706,8.217,5.341,0.004,0.007,5.352,1.538,10.20,11.57,8.57,4.57,2.4924,9.3464,2.528,NO
8707,7.669,4.985,0.004,0.007,4.996,1.538,10.20,10.01,7.01,3.01,2.3839,8.9397,2.590,NO
8708,7.247,4.711,0.004,0.007,4.722,1.538,10.20,8.46,5.46,1.46,2.3003,8.6262,2.645,NO
8709,6.902,4.486,0.004,0.007,4.498,1.538,10.20,7.01,4.01,0.01,2.2319,8.3697,2.695,NO
8710,6.440,4.186,0.004,0.007,4.197,1.538,10.20,5.77,2.77,-1.23,2.1404,8.0267,2.770,NO
8711,6.505,4.229,0.004,0.007,4.240,1.538,10.20,4.82,1.82,-2.18,1.5074,8.0754,2.758,NO
8712,6.327,4.113,0.004,0.007,4.124,1.538,10.20,4.22,1.22,-2.78,1.4827,7.9429,2.790,NO
8713,6.380,4.147,0.004,0.007,4.159,1.538,10.20,4.01,1.01,-2.99,1.4901,7.9825,2.780,NO
8714,6.327,4.113,0.004,0.007,4.124,1.538,10.20,4.21,1.21,-2.79,1.4827,7.9429,2.790,NO
8715,6.764,4.397,0.004,0.007,4.408,1.538,10.20,4.81,1.81,-2.19,1.5432,8.2673,2.716,NO
8716,6.418,4.172,0.004,0.007,4.183,1.538,10.20,5.76,2.76,-1.24,1.4953,8.0103,2.774,NO
8717,6.928,4.503,0.004,0.007,4.515,1.538,10.20,7.01,4.01,0.01,1.5660,8.3893,2.691,NO
8718,7.139,4.640,0.004,0.007,4.651,1.538,10.20,8.45,5.45,1.45,1.5952,8.5455,2.660,NO
8719,7.845,5.099,0.004,0.007,5.111,1.538,10.20,10.01,7.01,3.01,2.4187,9.0700,2.569,NO
8720,8.047,5.231,0.004,0.007,5.242,1.538,10.20,11.56,8.56,4.56,2.4587,9.2203,2.546,NO
8721,8.128,5.283,0.004,0.007,5.294,1.538,10.20,13.01,10.01,6.01,2.4746,9.2799,2.537,NO
8722,8.430,5.479,0.004,0.007,5.491,1.538,10.20,14.25,11.25,7.25,2.5345,9.5044,2.505,NO
8723,8.985,5.841,0.004,0.007,5.852,1.538,10.20,15.20,12.20,8.20,2.6445,9.9167,2.453,NO
8724,8.943,5.813,0.004,0.007,5.824,1.538,10.20,15.80,12.80,8.80,2.6361,9.8854,2.456,NO
8725,8.932,5.806,0.004,0.007,5.817,1.538,10.20,16.01,13.01,9.01,2.6339,9.8771,2.457,NO
8726,9.087,5.906,0.004,0.007,5.918,1.538,10.20,15.80,12.80,8.80,2.6645,9.9920,2.444,NO
8727,8.877,5.770,0.004,0.007,5.782,1.538,10.20,15.20,12.20,8.20,2.6231,9.8365,2.462,NO
8728,8.684,5.644,0.004,0.007,5.656,1.538,10.20,14.25,11.25,7.25,2.5847,9.6927,2.480,NO
8729,8.615,5.600,0.004,0.007,5.611,1.538,10.20,13.01,10.01,6.01,2.5711,9.6416,2.487,NO
8730,7.949,5.167,0.004,0.007,5.178,1.538,10.20,11.56,8.56,4.56,2.4392,9.1471,2.557,NO
8731,7.756,5.042,0.004,0.007,5.053,1.538,10.20,10.01,7.01,3.01,2.4011,9.0042,2.580,NO
8732,7.258,4.718,0.004,0.007,4.729,1.538,10.20,8.45,5.45,1.45,2.3024,8.6341,2.644,NO
8733,7.280,4.732,0.004,0.007,4.744,1.538,10.20,7.01,4.01,0.01,2.3069,8.6508,2.641,NO
8734,6.676,4.340,0.004,0.007,4.351,1.538,10.20,5.76,2.76,-1.24,2.1872,8.2022,2.730,NO
8735,6.811,4.427,0.004,0.007,4.439,1.538,10.20,4.81,1.81,-2.19,1.5498,8.3026,2.709,NO
8736,6.327,4.113,0.004,0.007,4.124,1.538,10.20,4.21,1.21,-2.79,1.4827,7.9429,2.790,NO
8737,7.380,4.797,0.004,0.007,4.808,1.538,10.20,4.00,1.00,-3.00,1.6287,8.7250,2.627,NO
8738,7.749,5.037,0.004,0.007,5.048,1.538,10.20,4.21,1.21,-2.79,1.6797,8.9985,2.581,NO
8739,8.097,5.263,0.004,0.007,5.274,1.538,10.20,4.81,1.81,-2.19,1.7280,9.2572,2.541,NO
8740,8.299,5.395,0.004,0.007,5.406,1.538,10.20,5.76,2.76,-1.24,1.7560,9.4073,2.519,NO
8741,8.208,5.335,0.004,0.007,5.347,1.538,10.20,7.00,4.00,0.00,1.7434,9.3397,2.529,NO
8742,8.804,5.723,0.004,0.007,5.734,1.538,10.20,8.45,5.45,1.45,1.8260,9.7822,2.469,NO
8743,9.322,6.059,0.004,0.007,6.071,1.538,10.20,10.00,7.00,3.00,2.7112,10.1668,2.424,NO
8744,9.438,6.135,0.004,0.007,6.146,1.538,10.20,11.55,8.55,4.55,2.7341,10.2530,2.414,NO
8745,9.700,6.305,0.004,0.007,6.316,1.538,10.20,13.00,10.00,6.00,2.7860,10.4474,2.393,NO
8746,9.959,6.473,0.004,0.007,6.485,1.538,10.20,14.24,11.24,7.24,2.8373,10.6397,2.374,NO
8747,10.086,6.556,0.004,0.008,6.567,1.538,10.20,15.20,12.20,8.20,2.8624,10.7338,2.365,NO
8748,10.045,6.529,0.004,0.008,6.541,1.538,10.20,15.80,12.80,8.80,2.8543,10.7035,2.368,NO
8749,10.127,6.583,0.004,0.008,6.594,1.538,10.20,16.00,13.00,9.00,4.3059,10.7647,2.362,NO
8750,10.324,6.711,0.004,0.008,6.723,1.538,10.21,15.80,12.80,8.80,4.3646,10.9115,2.349,NO
8751,10.088,6.557,0.004,0.008,6.569,1.538,10.20,15.20,12.20,8.20,4.2942,10.7354,2.365,NO
8752,9.965,6.477,0.004,0.007,6.489,1.538,10.20,14.24,11.24,7.24,4.2577,10.6443,2.374,NO
8753,9.657,6.277,0.004,0.007,6.288,1.538,10.20,13.00,10.00,6.00,4.1662,10.4156,2.397,NO
8754,9.083,5.904,0.004,0.007,5.915,1.538,10.20,11.55,8.55,4.55,3.9956,9.9890,2.444,NO
8755,9.251,6.013,0.004,0.007,6.025,1.538,10.20,10.00,7.00,3.00,2.6971,10.1142,2.429,NO
8756,8.585,5.580,0.004,0.007,5.592,1.538,10.20,8.45,5.45,1.45,2.5652,9.6195,2.490,NO
8757,8.392,5.455,0.004,0.007,5.466,1.538,10.20,7.00,4.00,0.00,2.5269,9.4760,2.509,NO
8758,8.007,5.204,0.004,0.007,5.216,1.538,10.20,5.76,2.76,-1.24,2.4506,9.1899,2.551,NO
8759,7.819,5.082,0.004,0.007,5.094,1.538,10.20,4.81,1.81,-2.19,1.6895,9.0507,2.572,NO
8760,7.695,5.002,0.004,0.007,5.013,1.538,10.20,4.21,1.21,-2.79,1.6723,8.9586,2.587,NO
