scenario,time_s,T_in_C,T_wb_C,RH_in_percent,efficiency,V_air_m3s,T_out_C,RH_out_percent,m_air_kg_s,Q_kW,m_water_kg_s,cum_Q_kWh,cum_water_kg
DailyProfile_ClimateSweep,0.00,30.000,20.000,70.00,0.800,10.000,22.000,94.00,12.0000,96.5760,0.0427,1.609600,2.590
DailyProfile_ClimateSweep,60.00,30.000,20.000,70.00,0.800,10.000,22.000,94.00,12.0000,96.5763,0.0427,3.219205,5.179
DailyProfile_ClimateSweep,120.00,30.000,20.000,70.00,0.800,10.000,22.000,94.00,12.0000,96.5771,0.0427,4.828823,7.769
DailyProfile_ClimateSweep,180.00,30.001,20.000,70.00,0.800,10.000,22.000,94.00,12.0000,96.5785,0.0427,6.438464,10.359
DailyProfile_ClimateSweep,240.00,30.001,20.000,70.00,0.800,10.000,22.001,94.00,12.0000,96.5804,0.0427,8.048138,12.948
DailyProfile_ClimateSweep,300.00,30.001,20.001,69.99,0.800,10.000,22.001,94.00,12.0000,96.5829,0.0427,9.657853,15.538
DailyProfile_ClimateSweep,360.00,30.002,20.001,69.99,0.800,10.000,22.001,94.00,12.0000,96.5859,0.0427,11.267618,18.128
DailyProfile_ClimateSweep,420.00,30.003,20.001,69.99,0.800,10.000,22.002,94.00,12.0000,96.5895,0.0427,12.877444,20.718
DailyProfile_ClimateSweep,480.00,30.004,20.002,69.99,0.800,10.000,22.002,94.00,12.0000,96.5936,0.0427,14.487338,23.308
DailyProfile_ClimateSweep,540.00,30.005,20.002,69.98,0.800,10.000,22.003,94.00,12.0000,96.5983,0.0427,16.097310,25.898
DailyProfile_ClimateSweep,600.00,30.006,20.003,69.98,0.800,10.000,22.003,94.00,12.0000,96.6036,0.0427,17.707370,28.488
DailyProfile_ClimateSweep,660.00,30.007,20.003,69.97,0.800,10.000,22.004,93.99,12.0000,96.6094,0.0427,19.317526,31.079
DailyProfile_ClimateSweep,720.00,30.008,20.004,69.97,0.800,10.000,22.005,93.99,12.0000,96.6157,0.0428,20.927787,33.670
DailyProfile_ClimateSweep,780.00,30.010,20.005,69.96,0.800,10.000,22.006,93.99,12.0000,96.6226,0.0428,22.538164,36.261
DailyProfile_ClimateSweep,840.00,30.011,20.006,69.96,0.800,10.000,22.007,93.99,12.0000,96.6300,0.0428,24.148665,38.852
DailyProfile_ClimateSweep,900.00,30.013,20.006,69.95,0.800,10.000,22.008,93.99,12.0000,96.6380,0.0428,25.759299,41.443
DailyProfile_ClimateSweep,960.00,30.015,20.007,69.95,0.800,10.000,22.009,93.99,12.0000,96.6466,0.0428,27.370075,44.034
DailyProfile_ClimateSweep,1020.00,30.016,20.008,69.94,0.800,10.000,22.010,93.99,12.0000,96.6557,0.0428,28.981003,46.626
DailyProfile_ClimateSweep,1080.00,30.018,20.009,69.93,0.800,10.000,22.011,93.99,12.0000,96.6653,0.0428,30.592091,49.218
DailyProfile_ClimateSweep,1140.00,30.021,20.010,69.92,0.800,10.000,22.012,93.98,12.0000,96.6755,0.0428,32.203350,51.810
DailyProfile_ClimateSweep,1200.00,30.023,20.011,69.91,0.800,10.000,22.014,93.98,12.0000,96.6863,0.0428,33.814787,54.403
DailyProfile_ClimateSweep,1260.00,30.025,20.013,69.91,0.800,10.000,22.015,93.98,12.0000,96.6975,0.0428,35.426413,56.996
DailyProfile_ClimateSweep,1320.00,30.028,20.014,69.90,0.800,10.000,22.017,93.98,12.0000,96.7094,0.0428,37.038236,59.589
DailyProfile_ClimateSweep,1380.00,30.030,20.015,69.89,0.800,10.000,22.018,93.98,12.0000,96.7218,0.0428,38.650266,62.182
DailyProfile_ClimateSweep,1440.00,30.033,20.016,69.88,0.800,10.000,22.020,93.98,12.0000,96.7347,0.0428,40.262511,64.776
DailyProfile_ClimateSweep,1500.00,30.036,20.018,69.87,0.800,10.000,22.021,93.97,12.0000,96.7482,0.0428,41.874981,67.371
DailyProfile_ClimateSweep,1560.00,30.039,20.019,69.86,0.800,10.000,22.023,93.97,12.0000,96.7622,0.0428,43.487685,69.965
DailyProfile_ClimateSweep,1620.00,30.042,20.021,69.84,0.800,10.000,22.025,93.97,12.0000,96.7768,0.0428,45.100632,72.560
DailyProfile_ClimateSweep,1680.00,30.045,20.022,69.83,0.800,10.000,22.027,93.97,12.0000,96.7920,0.0428,46.713831,75.156
DailyProfile_ClimateSweep,1740.00,30.048,20.024,69.82,0.800,10.000,22.029,93.96,12.0000,96.8076,0.0428,48.327292,77.751
DailyProfile_ClimateSweep,1800.00,30.051,20.026,69.81,0.800,10.000,22.031,93.96,12.0000,96.8239,0.0428,49.941023,80.348
DailyProfile_ClimateSweep,1860.00,30.055,20.027,69.79,0.800,10.000,22.033,93.96,12.0000,96.8406,0.0428,51.555034,82.944
DailyProfile_ClimateSweep,1920.00,30.058,20.029,69.78,0.800,10.000,22.035,93.96,12.0000,96.8580,0.0429,53.169333,85.541
DailyProfile_ClimateSweep,1980.00,30.062,20.031,69.77,0.800,10.000,22.037,93.95,12.0000,96.8758,0.0429,54.783930,88.139
DailyProfile_ClimateSweep,2040.00,30.066,20.033,69.75,0.800,10.000,22.040,93.95,12.0000,96.8942,0.0429,56.398834,90.737
DailyProfile_ClimateSweep,2100.00,30.070,20.035,69.74,0.800,10.000,22.042,93.95,12.0000,96.9132,0.0429,58.014054,93.336
DailyProfile_ClimateSweep,2160.00,30.074,20.037,69.72,0.800,10.000,22.044,93.94,12.0000,96.9327,0.0429,59.629599,95.935
DailyProfile_ClimateSweep,2220.00,30.078,20.039,69.71,0.800,10.000,22.047,93.94,12.0000,96.9528,0.0429,61.245479,98.535
DailyProfile_ClimateSweep,2280.00,30.082,20.041,69.69,0.800,10.000,22.049,93.94,12.0000,96.9733,0.0429,62.861701,101.135
DailyProfile_ClimateSweep,2340.00,30.087,20.043,69.68,0.800,10.000,22.052,93.94,12.0000,96.9945,0.0429,64.478276,103.736
DailyProfile_ClimateSweep,2400.00,30.091,20.046,69.66,0.800,10.000,22.055,93.93,12.0000,97.0162,0.0429,66.095212,106.337
DailyProfile_ClimateSweep,2460.00,30.096,20.048,69.64,0.800,10.000,22.057,93.93,12.0000,97.0384,0.0429,67.712518,108.939
DailyProfile_ClimateSweep,2520.00,30.100,20.050,69.62,0.800,10.000,22.060,93.92,12.0000,97.0612,0.0429,69.330204,111.542
DailyProfile_ClimateSweep,2580.00,30.105,20.053,69.61,0.800,10.000,22.063,93.92,12.0000,97.0845,0.0430,70.948278,114.145
DailyProfile_ClimateSweep,2640.00,30.110,20.055,69.59,0.800,10.000,22.066,93.92,12.0000,97.1083,0.0430,72.566750,116.749
DailyProfile_ClimateSweep,2700.00,30.115,20.058,69.57,0.800,10.000,22.069,93.91,12.0000,97.1327,0.0430,74.185629,119.354
DailyProfile_ClimateSweep,2760.00,30.120,20.060,69.55,0.800,10.000,22.072,93.91,12.0000,97.1576,0.0430,75.804923,121.959
DailyProfile_ClimateSweep,2820.00,30.126,20.063,69.53,0.800,10.000,22.075,93.91,12.0000,97.1831,0.0430,77.424641,124.565
DailyProfile_ClimateSweep,2880.00,30.131,20.066,69.51,0.800,10.000,22.079,93.90,12.0000,97.2091,0.0430,79.044793,127.171
DailyProfile_ClimateSweep,2940.00,30.137,20.068,69.49,0.800,10.000,22.082,93.90,12.0000,97.2357,0.0430,80.665388,129.778
DailyProfile_ClimateSweep,3000.00,30.142,20.071,69.47,0.800,10.000,22.085,93.89,12.0000,97.2628,0.0430,82.286434,132.386
DailyProfile_ClimateSweep,3060.00,30.148,20.074,69.45,0.800,10.000,22.089,93.89,12.0000,97.2904,0.0430,83.907941,134.995
DailyProfile_ClimateSweep,3120.00,30.154,20.077,69.42,0.800,10.000,22.092,93.88,12.0000,97.3186,0.0431,85.529917,137.605
DailyProfile_ClimateSweep,3180.00,30.160,20.080,69.40,0.800,10.000,22.096,93.88,12.0000,97.3473,0.0431,87.152372,140.215
DailyProfile_ClimateSweep,3240.00,30.166,20.083,69.38,0.800,10.000,22.099,93.88,12.0000,97.3765,0.0431,88.775314,142.826
DailyProfile_ClimateSweep,3300.00,30.172,20.086,69.36,0.800,10.000,22.103,93.87,12.0000,97.4063,0.0431,90.398752,145.438
DailyProfile_ClimateSweep,3360.00,30.178,20.089,69.33,0.800,10.000,22.107,93.87,12.0000,97.4366,0.0431,92.022695,148.051
DailyProfile_ClimateSweep,3420.00,30.185,20.092,69.31,0.800,10.000,22.111,93.86,12.0000,97.4675,0.0431,93.647153,150.664
DailyProfile_ClimateSweep,3480.00,30.191,20.096,69.28,0.800,10.000,22.115,93.86,12.0000,97.4989,0.0431,95.272134,153.279
DailyProfile_ClimateSweep,3540.00,30.198,20.099,69.26,0.800,10.000,22.119,93.85,12.0000,97.5308,0.0432,96.897647,155.894
DailyProfile_ClimateSweep,3600.00,30.204,20.102,69.23,0.800,10.000,22.123,93.85,12.0000,97.5632,0.0432,98.523701,158.510
DailyProfile_ClimateSweep,3660.00,30.211,20.106,69.21,0.800,10.000,22.127,93.84,12.0000,97.5962,0.0432,100.150304,161.127
DailyProfile_ClimateSweep,3720.00,30.218,20.109,69.18,0.800,10.000,22.131,93.84,12.0000,97.6297,0.0432,101.777466,163.745
DailyProfile_ClimateSweep,3780.00,30.225,20.113,69.16,0.800,10.000,22.135,93.83,12.0000,97.6638,0.0432,103.405196,166.363
DailyProfile_ClimateSweep,3840.00,30.232,20.116,69.13,0.800,10.000,22.139,93.83,12.0000,97.6984,0.0432,105.033502,168.983
DailyProfile_ClimateSweep,3900.00,30.240,20.120,69.10,0.800,10.000,22.144,93.82,12.0000,97.7335,0.0432,106.662393,171.604
DailyProfile_ClimateSweep,3960.00,30.247,20.124,69.07,0.800,10.000,22.148,93.81,12.0000,97.7691,0.0433,108.291878,174.225
DailyProfile_ClimateSweep,4020.00,30.255,20.127,69.05,0.800,10.000,22.153,93.81,12.0000,97.8053,0.0433,109.921966,176.848
DailyProfile_ClimateSweep,4080.00,30.262,20.131,69.02,0.800,10.000,22.157,93.80,12.0000,97.8420,0.0433,111.552666,179.471
DailyProfile_ClimateSweep,4140.00,30.270,20.135,68.99,0.800,10.000,22.162,93.80,12.0000,97.8792,0.0433,113.183986,182.096
DailyProfile_ClimateSweep,4200.00,30.278,20.139,68.96,0.800,10.000,22.167,93.79,12.0000,97.9169,0.0433,114.815935,184.722
DailyProfile_ClimateSweep,4260.00,30.286,20.143,68.93,0.800,10.000,22.171,93.79,12.0000,97.9552,0.0433,116.448522,187.348
DailyProfile_ClimateSweep,4320.00,30.294,20.147,68.90,0.800,10.000,22.176,93.78,12.0000,97.9940,0.0434,118.081756,189.976
DailyProfile_ClimateSweep,4380.00,30.302,20.151,68.87,0.800,10.000,22.181,93.77,12.0000,98.0334,0.0434,119.715645,192.604
DailyProfile_ClimateSweep,4440.00,30.310,20.155,68.84,0.800,10.000,22.186,93.77,12.0000,98.0732,0.0434,121.350198,195.234
DailyProfile_ClimateSweep,4500.00,30.318,20.159,68.81,0.800,10.000,22.191,93.76,12.0000,98.1136,0.0434,122.985425,197.865
DailyProfile_ClimateSweep,4560.00,30.327,20.163,68.77,0.800,10.000,22.196,93.75,12.0000,98.1545,0.0434,124.621333,200.497
DailyProfile_ClimateSweep,4620.00,30.335,20.168,68.74,0.800,10.000,22.201,93.75,12.0000,98.1959,0.0434,126.257931,203.130
DailyProfile_ClimateSweep,4680.00,30.344,20.172,68.71,0.800,10.000,22.206,93.74,12.0000,98.2378,0.0435,127.895228,205.764
DailyProfile_ClimateSweep,4740.00,30.353,20.176,68.68,0.800,10.000,22.212,93.74,12.0000,98.2803,0.0435,129.533233,208.399
DailyProfile_ClimateSweep,4800.00,30.362,20.181,68.64,0.800,10.000,22.217,93.73,12.0000,98.3233,0.0435,131.171955,211.036
DailyProfile_ClimateSweep,4860.00,30.371,20.185,68.61,0.800,10.000,22.223,93.72,12.0000,98.3668,0.0435,132.811401,213.674
DailyProfile_ClimateSweep,4920.00,30.380,20.190,68.58,0.800,10.000,22.228,93.72,12.0000,98.4108,0.0435,134.451580,216.312
DailyProfile_ClimateSweep,4980.00,30.389,20.195,68.54,0.800,10.000,22.234,93.71,12.0000,98.4553,0.0436,136.092502,218.952
DailyProfile_ClimateSweep,5040.00,30.399,20.199,68.51,0.800,10.000,22.239,93.70,12.0000,98.5004,0.0436,137.734175,221.594
DailyProfile_ClimateSweep,5100.00,30.408,20.204,68.47,0.800,10.000,22.245,93.69,12.0000,98.5459,0.0436,139.376607,224.236
DailyProfile_ClimateSweep,5160.00,30.417,20.209,68.43,0.800,10.000,22.250,93.69,12.0000,98.5920,0.0436,141.019807,226.880
DailyProfile_ClimateSweep,5220.00,30.427,20.214,68.40,0.800,10.000,22.256,93.68,12.0000,98.6386,0.0436,142.663784,229.525
DailyProfile_ClimateSweep,5280.00,30.437,20.218,68.36,0.800,10.000,22.262,93.67,12.0000,98.6857,0.0437,144.308545,232.171
DailyProfile_ClimateSweep,5340.00,30.447,20.223,68.32,0.800,10.000,22.268,93.66,12.0000,98.7333,0.0437,145.954100,234.818
DailyProfile_ClimateSweep,5400.00,30.457,20.228,68.29,0.800,10.000,22.274,93.66,12.0000,98.7814,0.0437,147.600457,237.467
DailyProfile_ClimateSweep,5460.00,30.467,20.233,68.25,0.800,10.000,22.280,93.65,12.0000,98.8301,0.0437,149.247625,240.117
DailyProfile_ClimateSweep,5520.00,30.477,20.238,68.21,0.800,10.000,22.286,93.64,12.0000,98.8792,0.0438,150.895611,242.768
DailyProfile_ClimateSweep,5580.00,30.487,20.244,68.17,0.800,10.000,22.292,93.63,12.0000,98.9288,0.0438,152.544425,245.421
DailyProfile_ClimateSweep,5640.00,30.498,20.249,68.13,0.800,10.000,22.299,93.63,12.0000,98.9790,0.0438,154.194075,248.075
DailyProfile_ClimateSweep,5700.00,30.508,20.254,68.09,0.800,10.000,22.305,93.62,12.0000,99.0297,0.0438,155.844570,250.730
DailyProfile_ClimateSweep,5760.00,30.519,20.259,68.05,0.800,10.000,22.311,93.61,12.0000,99.0808,0.0438,157.495917,253.387
DailyProfile_ClimateSweep,5820.00,30.529,20.265,68.01,0.800,10.000,22.318,93.60,12.0000,99.1325,0.0439,159.148125,256.045
DailyProfile_ClimateSweep,5880.00,30.540,20.270,67.97,0.800,10.000,22.324,93.59,12.0000,99.1847,0.0439,160.801203,258.705
DailyProfile_ClimateSweep,5940.00,30.551,20.276,67.93,0.800,10.000,22.331,93.59,12.0000,99.2373,0.0439,162.455159,261.366
DailyProfile_ClimateSweep,6000.00,30.562,20.281,67.89,0.800,10.000,22.337,93.58,12.0000,99.2905,0.0439,164.110001,264.028
DailyProfile_ClimateSweep,6060.00,30.573,20.287,67.85,0.800,10.000,22.344,93.57,12.0000,99.3442,0.0440,165.765738,266.692
DailyProfile_ClimateSweep,6120.00,30.584,20.292,67.81,0.800,10.000,22.351,93.56,12.0000,99.3984,0.0440,167.422377,269.357
DailyProfile_ClimateSweep,6180.00,30.596,20.298,67.77,0.800,10.000,22.357,93.55,12.0000,99.4531,0.0440,169.079928,272.024
DailyProfile_ClimateSweep,6240.00,30.607,20.304,67.72,0.800,10.000,22.364,93.54,12.0000,99.5082,0.0440,170.738399,274.692
DailyProfile_ClimateSweep,6300.00,30.619,20.309,67.68,0.800,10.000,22.371,93.54,12.0000,99.5639,0.0441,172.397797,277.362
DailyProfile_ClimateSweep,6360.00,30.630,20.315,67.64,0.800,10.000,22.378,93.53,12.0000,99.6200,0.0441,174.058131,280.033
DailyProfile_ClimateSweep,6420.00,30.642,20.321,67.59,0.800,10.000,22.385,93.52,12.0000,99.6767,0.0441,175.719409,282.706
DailyProfile_ClimateSweep,6480.00,30.654,20.327,67.55,0.800,10.000,22.392,93.51,12.0000,99.7338,0.0441,177.381640,285.380
DailyProfile_ClimateSweep,6540.00,30.666,20.333,67.50,0.800,10.000,22.400,93.50,12.0000,99.7915,0.0442,179.044831,288.056
DailyProfile_ClimateSweep,6600.00,30.678,20.339,67.46,0.800,10.000,22.407,93.49,12.0000,99.8496,0.0442,180.708991,290.734
DailyProfile_ClimateSweep,6660.00,30.690,20.345,67.41,0.800,10.000,22.414,93.48,12.0000,99.9082,0.0442,182.374129,293.413
DailyProfile_ClimateSweep,6720.00,30.702,20.351,67.37,0.800,10.000,22.421,93.47,12.0000,99.9673,0.0442,184.040251,296.093
DailyProfile_ClimateSweep,6780.00,30.715,20.357,67.32,0.800,10.000,22.429,93.46,12.0000,100.0269,0.0443,185.707366,298.775
DailyProfile_ClimateSweep,6840.00,30.727,20.364,67.27,0.800,10.000,22.436,93.45,12.0000,100.0870,0.0443,187.375483,301.459
DailyProfile_ClimateSweep,6900.00,30.740,20.370,67.23,0.800,10.000,22.444,93.45,12.0000,100.1476,0.0443,189.044609,304.144
DailyProfile_ClimateSweep,6960.00,30.752,20.376,67.18,0.800,10.000,22.451,93.44,12.0000,100.2086,0.0443,190.714753,306.831
DailyProfile_ClimateSweep,7020.00,30.765,20.383,67.13,0.800,10.000,22.459,93.43,12.0000,100.2701,0.0444,192.385922,309.520
DailyProfile_ClimateSweep,7080.00,30.778,20.389,67.08,0.800,10.000,22.467,93.42,12.0000,100.3322,0.0444,194.058125,312.210
DailyProfile_ClimateSweep,7140.00,30.791,20.395,67.03,0.800,10.000,22.474,93.41,12.0000,100.3946,0.0444,195.731369,314.902
DailyProfile_ClimateSweep,7200.00,30.804,20.402,66.99,0.800,10.000,22.482,93.40,12.0000,100.4576,0.0445,197.405663,317.596
DailyProfile_ClimateSweep,7260.00,30.817,20.408,66.94,0.800,10.000,22.490,93.39,12.0000,100.5211,0.0445,199.081014,320.291
DailyProfile_ClimateSweep,7320.00,30.830,20.415,66.89,0.800,10.000,22.498,93.38,12.0000,100.5850,0.0445,200.757430,322.989
DailyProfile_ClimateSweep,7380.00,30.844,20.422,66.84,0.800,10.000,22.506,93.37,12.0000,100.6494,0.0445,202.434920,325.687
DailyProfile_ClimateSweep,7440.00,30.857,20.428,66.79,0.800,10.000,22.514,93.36,12.0000,100.7143,0.0446,204.113491,328.388
DailyProfile_ClimateSweep,7500.00,30.871,20.435,66.74,0.800,10.000,22.522,93.35,12.0000,100.7796,0.0446,205.793151,331.090
DailyProfile_ClimateSweep,7560.00,30.884,20.442,66.68,0.800,10.000,22.530,93.34,12.0000,100.8454,0.0446,207.473908,333.794
DailyProfile_ClimateSweep,7620.00,30.898,20.449,66.63,0.800,10.000,22.539,93.33,12.0000,100.9117,0.0447,209.155770,336.500
DailyProfile_ClimateSweep,7680.00,30.912,20.456,66.58,0.800,10.000,22.547,93.32,12.0000,100.9785,0.0447,210.838745,339.208
DailyProfile_ClimateSweep,7740.00,30.926,20.463,66.53,0.800,10.000,22.555,93.31,12.0000,101.0457,0.0447,212.522840,341.917
DailyProfile_ClimateSweep,7800.00,30.940,20.470,66.48,0.800,10.000,22.564,93.30,12.0000,101.1134,0.0447,214.208063,344.629
DailyProfile_ClimateSweep,7860.00,30.954,20.477,66.42,0.800,10.000,22.572,93.28,12.0000,101.1815,0.0448,215.894422,347.342
DailyProfile_ClimateSweep,7920.00,30.968,20.484,66.37,0.800,10.000,22.581,93.27,12.0000,101.2502,0.0448,217.581925,350.057
DailyProfile_ClimateSweep,7980.00,30.982,20.491,66.32,0.800,10.000,22.589,93.26,12.0000,101.3192,0.0448,219.270579,352.773
DailyProfile_ClimateSweep,8040.00,30.997,20.498,66.26,0.800,10.000,22.598,93.25,12.0000,101.3888,0.0449,220.960392,355.492
DailyProfile_ClimateSweep,8100.00,31.011,20.506,66.21,0.800,10.000,22.607,93.24,12.0000,101.4588,0.0449,222.651372,358.213
DailyProfile_ClimateSweep,8160.00,31.026,20.513,66.15,0.800,10.000,22.615,93.23,12.0000,101.5293,0.0449,224.343526,360.935
DailyProfile_ClimateSweep,8220.00,31.040,20.520,66.10,0.800,10.000,22.624,93.22,12.0000,101.6002,0.0450,226.036863,363.659
DailyProfile_ClimateSweep,8280.00,31.055,20.528,66.04,0.800,10.000,22.633,93.21,12.0000,101.6716,0.0450,227.731389,366.386
DailyProfile_ClimateSweep,8340.00,31.070,20.535,65.99,0.800,10.000,22.642,93.20,12.0000,101.7434,0.0450,229.427112,369.114
DailyProfile_ClimateSweep,8400.00,31.085,20.543,65.93,0.800,10.000,22.651,93.19,12.0000,101.8157,0.0451,231.124040,371.844
DailyProfile_ClimateSweep,8460.00,31.100,20.550,65.87,0.800,10.000,22.660,93.17,12.0000,101.8884,0.0451,232.822180,374.576
DailyProfile_ClimateSweep,8520.00,31.115,20.558,65.82,0.800,10.000,22.669,93.16,12.0000,101.9616,0.0451,234.521540,377.310
DailyProfile_ClimateSweep,8580.00,31.131,20.565,65.76,0.800,10.000,22.678,93.15,12.0000,102.0352,0.0451,236.222127,380.046
DailyProfile_ClimateSweep,8640.00,31.146,20.573,65.70,0.800,10.000,22.688,93.14,12.0000,102.1093,0.0452,237.923949,382.784
DailyProfile_ClimateSweep,8700.00,31.161,20.581,65.65,0.800,10.000,22.697,93.13,12.0000,102.1838,0.0452,239.627013,385.524
DailyProfile_ClimateSweep,8760.00,31.177,20.588,65.59,0.800,10.000,22.706,93.12,12.0000,102.2588,0.0452,241.331326,388.266
DailyProfile_ClimateSweep,8820.00,31.192,20.596,65.53,0.800,10.000,22.715,93.11,12.0000,102.3342,0.0453,243.036897,391.010
DailyProfile_ClimateSweep,8880.00,31.208,20.604,65.47,0.800,10.000,22.725,93.09,12.0000,102.4101,0.0453,244.743732,393.756
DailyProfile_ClimateSweep,8940.00,31.224,20.612,65.41,0.800,10.000,22.734,93.08,12.0000,102.4864,0.0453,246.451838,396.504
DailyProfile_ClimateSweep,9000.00,31.240,20.620,65.35,0.800,10.000,22.744,93.07,12.0000,102.5631,0.0454,248.161224,399.254
DailyProfile_ClimateSweep,9060.00,31.256,20.628,65.29,0.800,10.000,22.754,93.06,12.0000,102.6403,0.0454,249.871896,402.006
DailyProfile_ClimateSweep,9120.00,31.272,20.636,65.23,0.800,10.000,22.763,93.05,12.0000,102.7179,0.0455,251.583861,404.761
DailyProfile_ClimateSweep,9180.00,31.288,20.644,65.17,0.800,10.000,22.773,93.03,12.0000,102.7960,0.0455,253.297127,407.517
DailyProfile_ClimateSweep,9240.00,31.304,20.652,65.11,0.800,10.000,22.783,93.02,12.0000,102.8745,0.0455,255.011701,410.275
DailyProfile_ClimateSweep,9300.00,31.321,20.660,65.05,0.800,10.000,22.792,93.01,12.0000,102.9534,0.0456,256.727591,413.036
DailyProfile_ClimateSweep,9360.00,31.337,20.669,64.99,0.800,10.000,22.802,93.00,12.0000,103.0327,0.0456,258.444803,415.799
DailyProfile_ClimateSweep,9420.00,31.354,20.677,64.92,0.800,10.000,22.812,92.98,12.0000,103.1125,0.0456,260.163344,418.564
DailyProfile_ClimateSweep,9480.00,31.370,20.685,64.86,0.800,10.000,22.822,92.97,12.0000,103.1927,0.0457,261.883222,421.331
DailyProfile_ClimateSweep,9540.00,31.387,20.693,64.80,0.800,10.000,22.832,92.96,12.0000,103.2733,0.0457,263.604443,424.100
DailyProfile_ClimateSweep,9600.00,31.404,20.702,64.74,0.800,10.000,22.842,92.95,12.0000,103.3543,0.0457,265.327016,426.871
DailyProfile_ClimateSweep,9660.00,31.421,20.710,64.67,0.800,10.000,22.852,92.93,12.0000,103.4358,0.0458,267.050946,429.645
DailyProfile_ClimateSweep,9720.00,31.438,20.719,64.61,0.800,10.000,22.863,92.92,12.0000,103.5177,0.0458,268.776241,432.421
DailyProfile_ClimateSweep,9780.00,31.455,20.727,64.55,0.800,10.000,22.873,92.91,12.0000,103.6000,0.0458,270.502908,435.198
DailyProfile_ClimateSweep,9840.00,31.472,20.736,64.48,0.800,10.000,22.883,92.90,12.0000,103.6828,0.0459,272.230954,437.979
DailyProfile_ClimateSweep,9900.00,31.489,20.744,64.42,0.800,10.000,22.893,92.88,12.0000,103.7659,0.0459,273.960386,440.761
DailyProfile_ClimateSweep,9960.00,31.506,20.753,64.35,0.800,10.000,22.904,92.87,12.0000,103.8495,0.0460,275.691210,443.546
DailyProfile_ClimateSweep,10020.00,31.524,20.762,64.29,0.800,10.000,22.914,92.86,12.0000,103.9334,0.0460,277.423434,446.333
DailyProfile_ClimateSweep,10080.00,31.541,20.771,64.22,0.800,10.000,22.925,92.84,12.0000,104.0178,0.0460,279.157064,449.122
DailyProfile_ClimateSweep,10140.00,31.559,20.779,64.15,0.800,10.000,22.935,92.83,12.0000,104.1026,0.0461,280.892108,451.913
DailyProfile_ClimateSweep,10200.00,31.576,20.788,64.09,0.800,10.000,22.946,92.82,12.0000,104.1878,0.0461,282.628571,454.707
DailyProfile_ClimateSweep,10260.00,31.594,20.797,64.02,0.800,10.000,22.956,92.80,12.0000,104.2734,0.0461,284.366461,457.503
DailyProfile_ClimateSweep,10320.00,31.612,20.806,63.96,0.800,10.000,22.967,92.79,12.0000,104.3594,0.0462,286.105785,460.301
DailyProfile_ClimateSweep,10380.00,31.630,20.815,63.89,0.800,10.000,22.978,92.78,12.0000,104.4459,0.0462,287.846550,463.102
DailyProfile_ClimateSweep,10440.00,31.648,20.824,63.82,0.800,10.000,22.989,92.76,12.0000,104.5327,0.0463,289.588761,465.905
DailyProfile_ClimateSweep,10500.00,31.666,20.833,63.75,0.800,10.000,22.999,92.75,12.0000,104.6199,0.0463,291.332426,468.710
DailyProfile_ClimateSweep,10560.00,31.684,20.842,63.69,0.800,10.000,23.010,92.74,12.0000,104.7075,0.0463,293.077551,471.518
DailyProfile_ClimateSweep,10620.00,31.702,20.851,63.62,0.800,10.000,23.021,92.72,12.0000,104.7955,0.0464,294.824143,474.328
DailyProfile_ClimateSweep,10680.00,31.720,20.860,63.55,0.800,10.000,23.032,92.71,12.0000,104.8839,0.0464,296.572209,477.140
DailyProfile_ClimateSweep,10740.00,31.739,20.869,63.48,0.800,10.000,23.043,92.70,12.0000,104.9727,0.0464,298.321754,479.955
DailyProfile_ClimateSweep,10800.00,31.757,20.879,63.41,0.800,10.000,23.054,92.68,12.0000,105.0619,0.0465,300.072787,482.772
DailyProfile_ClimateSweep,10860.00,31.776,20.888,63.34,0.800,10.000,23.066,92.67,12.0000,105.1515,0.0465,301.825312,485.592
DailyProfile_ClimateSweep,10920.00,31.795,20.897,63.27,0.800,10.000,23.077,92.65,12.0000,105.2415,0.0466,303.579337,488.413
DailyProfile_ClimateSweep,10980.00,31.813,20.907,63.20,0.800,10.000,23.088,92.64,12.0000,105.3319,0.0466,305.334868,491.238
DailyProfile_ClimateSweep,11040.00,31.832,20.916,63.13,0.800,10.000,23.099,92.63,12.0000,105.4226,0.0466,307.091911,494.065
DailyProfile_ClimateSweep,11100.00,31.851,20.925,63.06,0.800,10.000,23.111,92.61,12.0000,105.5137,0.0467,308.850473,496.894
DailyProfile_ClimateSweep,11160.00,31.870,20.935,62.99,0.800,10.000,23.122,92.60,12.0000,105.6052,0.0467,310.610561,499.726
DailyProfile_ClimateSweep,11220.00,31.889,20.944,62.92,0.800,10.000,23.133,92.58,12.0000,105.6971,0.0468,312.372180,502.560
DailyProfile_ClimateSweep,11280.00,31.908,20.954,62.84,0.800,10.000,23.145,92.57,12.0000,105.7894,0.0468,314.135336,505.396
DailyProfile_ClimateSweep,11340.00,31.927,20.964,62.77,0.800,10.000,23.156,92.55,12.0000,105.8820,0.0469,315.900037,508.236
DailyProfile_ClimateSweep,11400.00,31.946,20.973,62.70,0.800,10.000,23.168,92.54,12.0000,105.9751,0.0469,317.666288,511.077
DailyProfile_ClimateSweep,11460.00,31.966,20.983,62.63,0.800,10.000,23.179,92.53,12.0000,106.0685,0.0469,319.434095,513.921
DailyProfile_ClimateSweep,11520.00,31.985,20.993,62.56,0.800,10.000,23.191,92.51,12.0000,106.1622,0.0470,321.203466,516.768
DailyProfile_ClimateSweep,11580.00,32.005,21.002,62.48,0.800,10.000,23.203,92.50,12.0000,106.2563,0.0470,322.974405,519.617
DailyProfile_ClimateSweep,11640.00,32.024,21.012,62.41,0.800,10.000,23.215,92.48,12.0000,106.3508,0.0471,324.746919,522.469
DailyProfile_ClimateSweep,11700.00,32.044,21.022,62.34,0.800,10.000,23.226,92.47,12.0000,106.4457,0.0471,326.521014,525.323
DailyProfile_ClimateSweep,11760.00,32.064,21.032,62.26,0.800,10.000,23.238,92.45,12.0000,106.5409,0.0471,328.296696,528.180
DailyProfile_ClimateSweep,11820.00,32.083,21.042,62.19,0.800,10.000,23.250,92.44,12.0000,106.6365,0.0472,330.073971,531.039
DailyProfile_ClimateSweep,11880.00,32.103,21.052,62.11,0.800,10.000,23.262,92.42,12.0000,106.7325,0.0472,331.852846,533.901
DailyProfile_ClimateSweep,11940.00,32.123,21.062,62.04,0.800,10.000,23.274,92.41,12.0000,106.8288,0.0473,333.633326,536.766
DailyProfile_ClimateSweep,12000.00,32.143,21.072,61.96,0.800,10.000,23.286,92.39,12.0000,106.9254,0.0473,335.415416,539.633
DailyProfile_ClimateSweep,12060.00,32.163,21.082,61.89,0.800,10.000,23.298,92.38,12.0000,107.0225,0.0474,337.199124,542.503
DailyProfile_ClimateSweep,12120.00,32.184,21.092,61.81,0.800,10.000,23.310,92.36,12.0000,107.1198,0.0474,338.984455,545.375
DailyProfile_ClimateSweep,12180.00,32.204,21.102,61.74,0.800,10.000,23.322,92.35,12.0000,107.2176,0.0474,340.771414,548.250
DailyProfile_ClimateSweep,12240.00,32.224,21.112,61.66,0.800,10.000,23.334,92.33,12.0000,107.3156,0.0475,342.560008,551.128
DailyProfile_ClimateSweep,12300.00,32.244,21.122,61.58,0.800,10.000,23.347,92.32,12.0000,107.4140,0.0475,344.350242,554.008
DailyProfile_ClimateSweep,12360.00,32.265,21.132,61.51,0.800,10.000,23.359,92.30,12.0000,107.5128,0.0476,346.142122,556.891
DailyProfile_ClimateSweep,12420.00,32.285,21.143,61.43,0.800,10.000,23.371,92.29,12.0000,107.6119,0.0476,347.935654,559.776
DailyProfile_ClimateSweep,12480.00,32.306,21.153,61.35,0.800,10.000,23.384,92.27,12.0000,107.7114,0.0477,349.730843,562.664
DailyProfile_ClimateSweep,12540.00,32.327,21.163,61.27,0.800,10.000,23.396,92.25,12.0000,107.8112,0.0477,351.527696,565.555
DailyProfile_ClimateSweep,12600.00,32.347,21.174,61.20,0.800,10.000,23.408,92.24,12.0000,107.9113,0.0477,353.326217,568.449
DailyProfile_ClimateSweep,12660.00,32.368,21.184,61.12,0.800,10.000,23.421,92.22,12.0000,108.0117,0.0478,355.126413,571.345
DailyProfile_ClimateSweep,12720.00,32.389,21.195,61.04,0.800,10.000,23.433,92.21,12.0000,108.1125,0.0478,356.928288,574.244
DailyProfile_ClimateSweep,12780.00,32.410,21.205,60.96,0.800,10.000,23.446,92.19,12.0000,108.2137,0.0479,358.731849,577.146
DailyProfile_ClimateSweep,12840.00,32.431,21.216,60.88,0.800,10.000,23.459,92.18,12.0000,108.3151,0.0479,360.537101,580.050
DailyProfile_ClimateSweep,12900.00,32.452,21.226,60.80,0.800,10.000,23.471,92.16,12.0000,108.4169,0.0480,362.344049,582.957
DailyProfile_ClimateSweep,12960.00,32.473,21.237,60.73,0.800,10.000,23.484,92.15,12.0000,108.5190,0.0480,364.152700,585.867
DailyProfile_ClimateSweep,13020.00,32.495,21.247,60.65,0.800,10.000,23.497,92.13,12.0000,108.6215,0.0481,365.963057,588.780
DailyProfile_ClimateSweep,13080.00,32.516,21.258,60.57,0.800,10.000,23.509,92.11,12.0000,108.7242,0.0481,367.775127,591.695
DailyProfile_ClimateSweep,13140.00,32.537,21.269,60.49,0.800,10.000,23.522,92.10,12.0000,108.8273,0.0482,369.588916,594.613
DailyProfile_ClimateSweep,13200.00,32.559,21.279,60.41,0.800,10.000,23.535,92.08,12.0000,108.9307,0.0482,371.404427,597.534
DailyProfile_ClimateSweep,13260.00,32.580,21.290,60.32,0.800,10.000,23.548,92.06,12.0000,109.0344,0.0482,373.221667,600.458
DailyProfile_ClimateSweep,13320.00,32.602,21.301,60.24,0.800,10.000,23.561,92.05,12.0000,109.1384,0.0483,375.040641,603.384
DailyProfile_ClimateSweep,13380.00,32.623,21.312,60.16,0.800,10.000,23.574,92.03,12.0000,109.2428,0.0483,376.861353,606.313
DailyProfile_ClimateSweep,13440.00,32.645,21.322,60.08,0.800,10.000,23.587,92.02,12.0000,109.3474,0.0484,378.683810,609.245
DailyProfile_ClimateSweep,13500.00,32.667,21.333,60.00,0.800,10.000,23.600,92.00,12.0000,109.4524,0.0484,380.508017,612.180
DailyProfile_ClimateSweep,13560.00,32.688,21.344,59.92,0.800,10.000,23.613,91.98,12.0000,109.5576,0.0485,382.333977,615.118
DailyProfile_ClimateSweep,13620.00,32.710,21.355,59.84,0.800,10.000,23.626,91.97,12.0000,109.6632,0.0485,384.161697,618.058
DailyProfile_ClimateSweep,13680.00,32.732,21.366,59.75,0.800,10.000,23.639,91.95,12.0000,109.7691,0.0486,385.991182,621.002
DailyProfile_ClimateSweep,13740.00,32.754,21.377,59.67,0.800,10.000,23.652,91.93,12.0000,109.8753,0.0486,387.822436,623.948
DailyProfile_ClimateSweep,13800.00,32.776,21.388,59.59,0.800,10.000,23.666,91.92,12.0000,109.9817,0.0487,389.655465,626.897
DailyProfile_ClimateSweep,13860.00,32.798,21.399,59.51,0.800,10.000,23.679,91.90,12.0000,110.0885,0.0487,391.490273,629.849
DailyProfile_ClimateSweep,13920.00,32.820,21.410,59.42,0.800,10.000,23.692,91.88,12.0000,110.1956,0.0488,393.326866,632.804
DailyProfile_ClimateSweep,13980.00,32.843,21.421,59.34,0.800,10.000,23.706,91.87,12.0000,110.3029,0.0488,395.165248,635.761
DailyProfile_ClimateSweep,14040.00,32.865,21.433,59.26,0.800,10.000,23.719,91.85,12.0000,110.4106,0.0489,397.005424,638.722
DailyProfile_ClimateSweep,14100.00,32.887,21.444,59.17,0.800,10.000,23.732,91.83,12.0000,110.5185,0.0489,398.847398,641.685
DailyProfile_ClimateSweep,14160.00,32.910,21.455,59.09,0.800,10.000,23.746,91.82,12.0000,110.6267,0.0489,400.691177,644.652
DailyProfile_ClimateSweep,14220.00,32.932,21.466,59.00,0.800,10.000,23.759,91.80,12.0000,110.7352,0.0490,402.536764,647.621
DailyProfile_ClimateSweep,14280.00,32.955,21.477,58.92,0.800,10.000,23.773,91.78,12.0000,110.8440,0.0490,404.384164,650.593
DailyProfile_ClimateSweep,14340.00,32.977,21.489,58.83,0.800,10.000,23.786,91.77,12.0000,110.9531,0.0491,406.233381,653.568
DailyProfile_ClimateSweep,14400.00,33.000,21.500,58.75,0.800,10.000,23.800,91.75,12.0000,111.0624,0.0491,408.084421,656.546
DailyProfile_ClimateSweep,14460.00,33.023,21.511,58.66,0.800,10.000,23.814,91.73,12.0000,111.1720,0.0492,409.937288,659.527
DailyProfile_ClimateSweep,14520.00,33.045,21.523,58.58,0.800,10.000,23.827,91.72,12.0000,111.2819,0.0492,411.791987,662.511
DailyProfile_ClimateSweep,14580.00,33.068,21.534,58.49,0.800,10.000,23.841,91.70,12.0000,111.3921,0.0493,413.648521,665.498
DailyProfile_ClimateSweep,14640.00,33.091,21.546,58.41,0.800,10.000,23.855,91.68,12.0000,111.5025,0.0493,415.506896,668.488
DailyProfile_ClimateSweep,14700.00,33.114,21.557,58.32,0.800,10.000,23.868,91.66,12.0000,111.6132,0.0494,417.367116,671.481
DailyProfile_ClimateSweep,14760.00,33.137,21.569,58.24,0.800,10.000,23.882,91.65,12.0000,111.7242,0.0494,419.229186,674.477
DailyProfile_ClimateSweep,14820.00,33.160,21.580,58.15,0.800,10.000,23.896,91.63,12.0000,111.8354,0.0495,421.093109,677.475
DailyProfile_ClimateSweep,14880.00,33.183,21.592,58.06,0.800,10.000,23.910,91.61,12.0000,111.9469,0.0495,422.958891,680.477
DailyProfile_ClimateSweep,14940.00,33.206,21.603,57.98,0.800,10.000,23.924,91.60,12.0000,112.0586,0.0496,424.826535,683.482
DailyProfile_ClimateSweep,15000.00,33.230,21.615,57.89,0.800,10.000,23.938,91.58,12.0000,112.1706,0.0496,426.696046,686.490
DailyProfile_ClimateSweep,15060.00,33.253,21.626,57.80,0.800,10.000,23.952,91.56,12.0000,112.2829,0.0497,428.567428,689.501
DailyProfile_ClimateSweep,15120.00,33.276,21.638,57.71,0.800,10.000,23.966,91.54,12.0000,112.3954,0.0497,430.440685,692.514
DailyProfile_ClimateSweep,15180.00,33.299,21.650,57.63,0.800,10.000,23.980,91.53,12.0000,112.5082,0.0498,432.315821,695.531
DailyProfile_ClimateSweep,15240.00,33.323,21.661,57.54,0.800,10.000,23.994,91.51,12.0000,112.6212,0.0498,434.192841,698.551
DailyProfile_ClimateSweep,15300.00,33.346,21.673,57.45,0.800,10.000,24.008,91.49,12.0000,112.7345,0.0499,436.071749,701.574
DailyProfile_ClimateSweep,15360.00,33.370,21.685,57.36,0.800,10.000,24.022,91.47,12.0000,112.8480,0.0499,437.952548,704.600
DailyProfile_ClimateSweep,15420.00,33.393,21.697,57.28,0.800,10.000,24.036,91.46,12.0000,112.9617,0.0500,439.835243,707.629
DailyProfile_ClimateSweep,15480.00,33.417,21.708,57.19,0.800,10.000,24.050,91.44,12.0000,113.0757,0.0500,441.719838,710.661
DailyProfile_ClimateSweep,15540.00,33.441,21.720,57.10,0.800,10.000,24.064,91.42,12.0000,113.1899,0.0501,443.606337,713.696
DailyProfile_ClimateSweep,15600.00,33.464,21.732,57.01,0.800,10.000,24.079,91.40,12.0000,113.3044,0.0501,445.494743,716.734
DailyProfile_ClimateSweep,15660.00,33.488,21.744,56.92,0.800,10.000,24.093,91.38,12.0000,113.4191,0.0502,447.385060,719.775
DailyProfile_ClimateSweep,15720.00,33.512,21.756,56.83,0.800,10.000,24.107,91.37,12.0000,113.5340,0.0502,449.277293,722.820
DailyProfile_ClimateSweep,15780.00,33.536,21.768,56.74,0.800,10.000,24.121,91.35,12.0000,113.6491,0.0503,451.171445,725.867
DailyProfile_ClimateSweep,15840.00,33.560,21.780,56.65,0.800,10.000,24.136,91.33,12.0000,113.7645,0.0503,453.067520,728.917
DailyProfile_ClimateSweep,15900.00,33.584,21.792,56.56,0.800,10.000,24.150,91.31,12.0000,113.8801,0.0504,454.965522,731.971
DailyProfile_ClimateSweep,15960.00,33.608,21.804,56.47,0.800,10.000,24.165,91.29,12.0000,113.9959,0.0504,456.865454,735.028
DailyProfile_ClimateSweep,16020.00,33.632,21.816,56.38,0.800,10.000,24.179,91.28,12.0000,114.1120,0.0505,458.767320,738.088
DailyProfile_ClimateSweep,16080.00,33.656,21.828,56.29,0.800,10.000,24.193,91.26,12.0000,114.2282,0.0505,460.671124,741.151
DailyProfile_ClimateSweep,16140.00,33.680,21.840,56.20,0.800,10.000,24.208,91.24,12.0000,114.3447,0.0506,462.576869,744.217
DailyProfile_ClimateSweep,16200.00,33.704,21.852,56.11,0.800,10.000,24.222,91.22,12.0000,114.4614,0.0506,464.484559,747.286
DailyProfile_ClimateSweep,16260.00,33.728,21.864,56.02,0.800,10.000,24.237,91.20,12.0000,114.5783,0.0507,466.394197,750.358
DailyProfile_ClimateSweep,16320.00,33.752,21.876,55.93,0.800,10.000,24.251,91.19,12.0000,114.6954,0.0508,468.305787,753.434
DailyProfile_ClimateSweep,16380.00,33.777,21.888,55.84,0.800,10.000,24.266,91.17,12.0000,114.8127,0.0508,470.219332,756.512
DailyProfile_ClimateSweep,16440.00,33.801,21.900,55.75,0.800,10.000,24.281,91.15,12.0000,114.9302,0.0509,472.134836,759.594
DailyProfile_ClimateSweep,16500.00,33.825,21.913,55.65,0.800,10.000,24.295,91.13,12.0000,115.0480,0.0509,474.052302,762.679
DailyProfile_ClimateSweep,16560.00,33.850,21.925,55.56,0.800,10.000,24.310,91.11,12.0000,115.1659,0.0510,475.971733,765.767
DailyProfile_ClimateSweep,16620.00,33.874,21.937,55.47,0.800,10.000,24.325,91.09,12.0000,115.2840,0.0510,477.893133,768.858
DailyProfile_ClimateSweep,16680.00,33.899,21.949,55.38,0.800,10.000,24.339,91.08,12.0000,115.4023,0.0511,479.816505,771.953
DailyProfile_ClimateSweep,16740.00,33.923,21.962,55.29,0.800,10.000,24.354,91.06,12.0000,115.5208,0.0511,481.741852,775.050
DailyProfile_ClimateSweep,16800.00,33.948,21.974,55.20,0.800,10.000,24.369,91.04,12.0000,115.6395,0.0512,483.669177,778.151
DailyProfile_ClimateSweep,16860.00,33.972,21.986,55.10,0.800,10.000,24.383,91.02,12.0000,115.7584,0.0512,485.598484,781.255
DailyProfile_ClimateSweep,16920.00,33.997,21.999,55.01,0.800,10.000,24.398,91.00,12.0000,115.8775,0.0513,487.529775,784.362
DailyProfile_ClimateSweep,16980.00,34.022,22.011,54.92,0.800,10.000,24.413,90.98,12.0000,115.9967,0.0513,489.463054,787.472
DailyProfile_ClimateSweep,17040.00,34.047,22.023,54.83,0.800,10.000,24.428,90.97,12.0000,116.1162,0.0514,491.398324,790.586
DailyProfile_ClimateSweep,17100.00,34.071,22.036,54.73,0.800,10.000,24.443,90.95,12.0000,116.2358,0.0514,493.335587,793.703
DailyProfile_ClimateSweep,17160.00,34.096,22.048,54.64,0.800,10.000,24.458,90.93,12.0000,116.3556,0.0515,495.274847,796.823
DailyProfile_ClimateSweep,17220.00,34.121,22.061,54.55,0.800,10.000,24.473,90.91,12.0000,116.4756,0.0515,497.216107,799.946
DailyProfile_ClimateSweep,17280.00,34.146,22.073,54.45,0.800,10.000,24.488,90.89,12.0000,116.5957,0.0516,499.159369,803.072
DailyProfile_ClimateSweep,17340.00,34.171,22.085,54.36,0.800,10.000,24.502,90.87,12.0000,116.7160,0.0516,501.104636,806.202
DailyProfile_ClimateSweep,17400.00,34.196,22.098,54.27,0.800,10.000,24.517,90.85,12.0000,116.8365,0.0517,503.051911,809.335
DailyProfile_ClimateSweep,17460.00,34.221,22.110,54.17,0.800,10.000,24.532,90.83,12.0000,116.9572,0.0518,505.001197,812.471
DailyProfile_ClimateSweep,17520.00,34.246,22.123,54.08,0.800,10.000,24.547,90.82,12.0000,117.0780,0.0518,506.952496,815.610
DailyProfile_ClimateSweep,17580.00,34.271,22.135,53.98,0.800,10.000,24.562,90.80,12.0000,117.1989,0.0519,508.905812,818.753
DailyProfile_ClimateSweep,17640.00,34.296,22.148,53.89,0.800,10.000,24.578,90.78,12.0000,117.3201,0.0519,510.861147,821.899
DailyProfile_ClimateSweep,17700.00,34.321,22.161,53.80,0.800,10.000,24.593,90.76,12.0000,117.4414,0.0520,512.818503,825.048
DailyProfile_ClimateSweep,17760.00,34.346,22.173,53.70,0.800,10.000,24.608,90.74,12.0000,117.5628,0.0520,514.777883,828.200
DailyProfile_ClimateSweep,17820.00,34.371,22.186,53.61,0.800,10.000,24.623,90.72,12.0000,117.6844,0.0521,516.739290,831.356
DailyProfile_ClimateSweep,17880.00,34.397,22.198,53.51,0.800,10.000,24.638,90.70,12.0000,117.8062,0.0521,518.702726,834.515
DailyProfile_ClimateSweep,17940.00,34.422,22.211,53.42,0.800,10.000,24.653,90.68,12.0000,117.9280,0.0522,520.668194,837.677
DailyProfile_ClimateSweep,18000.00,34.447,22.224,53.32,0.800,10.000,24.668,90.66,12.0000,118.0501,0.0522,522.635695,840.842
DailyProfile_ClimateSweep,18060.00,34.472,22.236,53.23,0.800,10.000,24.683,90.65,12.0000,118.1723,0.0523,524.605233,844.011
DailyProfile_ClimateSweep,18120.00,34.498,22.249,53.13,0.800,10.000,24.699,90.63,12.0000,118.2946,0.0523,526.576809,847.183
DailyProfile_ClimateSweep,18180.00,34.523,22.262,53.04,0.800,10.000,24.714,90.61,12.0000,118.4170,0.0524,528.550427,850.358
DailyProfile_ClimateSweep,18240.00,34.548,22.274,52.94,0.800,10.000,24.729,90.59,12.0000,118.5396,0.0525,530.526088,853.537
DailyProfile_ClimateSweep,18300.00,34.574,22.287,52.85,0.800,10.000,24.744,90.57,12.0000,118.6624,0.0525,532.503794,856.718
DailyProfile_ClimateSweep,18360.00,34.599,22.300,52.75,0.800,10.000,24.760,90.55,12.0000,118.7852,0.0526,534.483548,859.904
DailyProfile_ClimateSweep,18420.00,34.625,22.312,52.66,0.800,10.000,24.775,90.53,12.0000,118.9082,0.0526,536.465351,863.092
DailyProfile_ClimateSweep,18480.00,34.650,22.325,52.56,0.800,10.000,24.790,90.51,12.0000,119.0313,0.0527,538.449207,866.284
DailyProfile_ClimateSweep,18540.00,34.676,22.338,52.47,0.800,10.000,24.805,90.49,12.0000,119.1546,0.0527,540.435117,869.479
DailyProfile_ClimateSweep,18600.00,34.701,22.351,52.37,0.800,10.000,24.821,90.47,12.0000,119.2779,0.0528,542.423082,872.677
DailyProfile_ClimateSweep,18660.00,34.727,22.363,52.27,0.800,10.000,24.836,90.45,12.0000,119.4014,0.0528,544.413106,875.879
DailyProfile_ClimateSweep,18720.00,34.753,22.376,52.18,0.800,10.000,24.852,90.44,12.0000,119.5250,0.0529,546.405190,879.084
DailyProfile_ClimateSweep,18780.00,34.778,22.389,52.08,0.800,10.000,24.867,90.42,12.0000,119.6487,0.0529,548.399335,882.292
DailyProfile_ClimateSweep,18840.00,34.804,22.402,51.99,0.800,10.000,24.882,90.40,12.0000,119.7726,0.0530,550.395544,885.504
DailyProfile_ClimateSweep,18900.00,34.829,22.415,51.89,0.800,10.000,24.898,90.38,12.0000,119.8965,0.0531,552.393819,888.719
DailyProfile_ClimateSweep,18960.00,34.855,22.428,51.79,0.800,10.000,24.913,90.36,12.0000,120.0205,0.0531,554.394161,891.937
DailyProfile_ClimateSweep,19020.00,34.881,22.440,51.70,0.800,10.000,24.929,90.34,12.0000,120.1447,0.0532,556.396572,895.158
DailyProfile_ClimateSweep,19080.00,34.907,22.453,51.60,0.800,10.000,24.944,90.32,12.0000,120.2689,0.0532,558.401055,898.383
DailyProfile_ClimateSweep,19140.00,34.932,22.466,51.50,0.800,10.000,24.959,90.30,12.0000,120.3933,0.0533,560.407609,901.612
DailyProfile_ClimateSweep,19200.00,34.958,22.479,51.41,0.800,10.000,24.975,90.28,12.0000,120.5177,0.0533,562.416238,904.843
DailyProfile_ClimateSweep,19260.00,34.984,22.492,51.31,0.800,10.000,24.990,90.26,12.0000,120.6423,0.0534,564.426943,908.078
DailyProfile_ClimateSweep,19320.00,35.010,22.505,51.21,0.800,10.000,25.006,90.24,12.0000,120.7669,0.0534,566.439724,911.316
DailyProfile_ClimateSweep,19380.00,35.036,22.518,51.12,0.800,10.000,25.021,90.22,12.0000,120.8916,0.0535,568.454585,914.558
DailyProfile_ClimateSweep,19440.00,35.061,22.531,51.02,0.800,10.000,25.037,90.20,12.0000,121.0165,0.0535,570.471526,917.803
DailyProfile_ClimateSweep,19500.00,35.087,22.544,50.92,0.800,10.000,25.052,90.18,12.0000,121.1414,0.0536,572.490549,921.051
DailyProfile_ClimateSweep,19560.00,35.113,22.557,50.83,0.800,10.000,25.068,90.17,12.0000,121.2663,0.0537,574.511654,924.303
DailyProfile_ClimateSweep,19620.00,35.139,22.570,50.73,0.800,10.000,25.083,90.15,12.0000,121.3914,0.0537,576.534845,927.558
DailyProfile_ClimateSweep,19680.00,35.165,22.582,50.63,0.800,10.000,25.099,90.13,12.0000,121.5166,0.0538,578.560121,930.816
DailyProfile_ClimateSweep,19740.00,35.191,22.595,50.53,0.800,10.000,25.115,90.11,12.0000,121.6418,0.0538,580.587484,934.078
DailyProfile_ClimateSweep,19800.00,35.217,22.608,50.44,0.800,10.000,25.130,90.09,12.0000,121.7671,0.0539,582.616935,937.343
DailyProfile_ClimateSweep,19860.00,35.243,22.621,50.34,0.800,10.000,25.146,90.07,12.0000,121.8925,0.0539,584.648476,940.611
DailyProfile_ClimateSweep,19920.00,35.269,22.634,50.24,0.800,10.000,25.161,90.05,12.0000,122.0179,0.0540,586.682108,943.883
DailyProfile_ClimateSweep,19980.00,35.295,22.647,50.14,0.800,10.000,25.177,90.03,12.0000,122.1434,0.0540,588.717832,947.158
DailyProfile_ClimateSweep,20040.00,35.321,22.660,50.05,0.800,10.000,25.192,90.01,12.0000,122.2690,0.0541,590.755648,950.437
DailyProfile_ClimateSweep,20100.00,35.347,22.673,49.95,0.800,10.000,25.208,89.99,12.0000,122.3946,0.0542,592.795559,953.719
DailyProfile_ClimateSweep,20160.00,35.373,22.686,49.85,0.800,10.000,25.224,89.97,12.0000,122.5203,0.0542,594.837564,957.004
DailyProfile_ClimateSweep,20220.00,35.399,22.699,49.75,0.800,10.000,25.239,89.95,12.0000,122.6461,0.0543,596.881665,960.293
DailyProfile_ClimateSweep,20280.00,35.425,22.712,49.66,0.800,10.000,25.255,89.93,12.0000,122.7719,0.0543,598.927863,963.585
DailyProfile_ClimateSweep,20340.00,35.451,22.725,49.56,0.800,10.000,25.271,89.91,12.0000,122.8977,0.0544,600.976159,966.880
DailyProfile_ClimateSweep,20400.00,35.477,22.739,49.46,0.800,10.000,25.286,89.89,12.0000,123.0237,0.0544,603.026553,970.179
DailyProfile_ClimateSweep,20460.00,35.503,22.752,49.36,0.800,10.000,25.302,89.87,12.0000,123.1496,0.0545,605.079046,973.481
DailyProfile_ClimateSweep,20520.00,35.529,22.765,49.27,0.800,10.000,25.318,89.85,12.0000,123.2756,0.0545,607.133640,976.787
DailyProfile_ClimateSweep,20580.00,35.555,22.778,49.17,0.800,10.000,25.333,89.83,12.0000,123.4017,0.0546,609.190335,980.096
DailyProfile_ClimateSweep,20640.00,35.581,22.791,49.07,0.800,10.000,25.349,89.81,12.0000,123.5278,0.0547,611.249131,983.408
DailyProfile_ClimateSweep,20700.00,35.608,22.804,48.97,0.800,10.000,25.365,89.79,12.0000,123.6539,0.0547,613.310029,986.724
DailyProfile_ClimateSweep,20760.00,35.634,22.817,48.87,0.800,10.000,25.380,89.77,12.0000,123.7801,0.0548,615.373030,990.043
DailyProfile_ClimateSweep,20820.00,35.660,22.830,48.78,0.800,10.000,25.396,89.76,12.0000,123.9063,0.0548,617.438134,993.365
DailyProfile_ClimateSweep,20880.00,35.686,22.843,48.68,0.800,10.000,25.412,89.74,12.0000,124.0325,0.0549,619.505342,996.691
DailyProfile_ClimateSweep,20940.00,35.712,22.856,48.58,0.800,10.000,25.427,89.72,12.0000,124.1587,0.0549,621.574654,1000.020
DailyProfile_ClimateSweep,21000.00,35.738,22.869,48.48,0.800,10.000,25.443,89.70,12.0000,124.2850,0.0550,623.646071,1003.353
DailyProfile_ClimateSweep,21060.00,35.764,22.882,48.38,0.800,10.000,25.459,89.68,12.0000,124.4113,0.0550,625.719593,1006.689
DailyProfile_ClimateSweep,21120.00,35.791,22.895,48.29,0.800,10.000,25.474,89.66,12.0000,124.5377,0.0551,627.795221,1010.028
DailyProfile_ClimateSweep,21180.00,35.817,22.908,48.19,0.800,10.000,25.490,89.64,12.0000,124.6640,0.0552,629.872955,1013.371
DailyProfile_ClimateSweep,21240.00,35.843,22.921,48.09,0.800,10.000,25.506,89.62,12.0000,124.7904,0.0552,631.952794,1016.717
DailyProfile_ClimateSweep,21300.00,35.869,22.935,47.99,0.800,10.000,25.521,89.60,12.0000,124.9168,0.0553,634.034740,1020.067
DailyProfile_ClimateSweep,21360.00,35.895,22.948,47.89,0.800,10.000,25.537,89.58,12.0000,125.0432,0.0553,636.118793,1023.419
DailyProfile_ClimateSweep,21420.00,35.921,22.961,47.79,0.800,10.000,25.553,89.56,12.0000,125.1696,0.0554,638.204952,1026.776
DailyProfile_ClimateSweep,21480.00,35.948,22.974,47.70,0.800,10.000,25.569,89.54,12.0000,125.2960,0.0554,640.293218,1030.135
DailyProfile_ClimateSweep,21540.00,35.974,22.987,47.60,0.800,10.000,25.584,89.52,12.0000,125.4224,0.0555,642.383592,1033.499
DailyProfile_ClimateSweep,21600.00,36.000,23.000,47.50,0.800,10.000,25.600,89.50,12.0000,125.5488,0.0556,644.476072,1036.865
DailyProfile_ClimateSweep,21660.00,36.026,23.013,47.40,0.800,10.000,25.616,89.48,12.0000,125.6752,0.0556,646.570658,1040.235
DailyProfile_ClimateSweep,21720.00,36.052,23.026,47.30,0.800,10.000,25.631,89.46,12.0000,125.8016,0.0557,648.667352,1043.608
DailyProfile_ClimateSweep,21780.00,36.079,23.039,47.21,0.800,10.000,25.647,89.44,12.0000,125.9280,0.0557,650.766153,1046.985
DailyProfile_ClimateSweep,21840.00,36.105,23.052,47.11,0.800,10.000,25.663,89.42,12.0000,126.0544,0.0558,652.867060,1050.365
DailyProfile_ClimateSweep,21900.00,36.131,23.065,47.01,0.800,10.000,25.679,89.40,12.0000,126.1808,0.0558,654.970074,1053.748
DailyProfile_ClimateSweep,21960.00,36.157,23.079,46.91,0.800,10.000,25.694,89.38,12.0000,126.3072,0.0559,657.075195,1057.135
DailyProfile_ClimateSweep,22020.00,36.183,23.092,46.81,0.800,10.000,25.710,89.36,12.0000,126.4336,0.0559,659.182421,1060.525
DailyProfile_ClimateSweep,22080.00,36.209,23.105,46.71,0.800,10.000,25.726,89.34,12.0000,126.5599,0.0560,661.291753,1063.919
DailyProfile_ClimateSweep,22140.00,36.236,23.118,46.62,0.800,10.000,25.741,89.32,12.0000,126.6863,0.0561,663.403191,1067.316
DailyProfile_ClimateSweep,22200.00,36.262,23.131,46.52,0.800,10.000,25.757,89.30,12.0000,126.8126,0.0561,665.516734,1070.716
DailyProfile_ClimateSweep,22260.00,36.288,23.144,46.42,0.800,10.000,25.773,89.28,12.0000,126.9389,0.0562,667.632382,1074.120
DailyProfile_ClimateSweep,22320.00,36.314,23.157,46.32,0.800,10.000,25.788,89.26,12.0000,127.0651,0.0562,669.750134,1077.527
DailyProfile_ClimateSweep,22380.00,36.340,23.170,46.22,0.800,10.000,25.804,89.24,12.0000,127.1913,0.0563,671.869990,1080.938
DailyProfile_ClimateSweep,22440.00,36.366,23.183,46.13,0.800,10.000,25.820,89.23,12.0000,127.3175,0.0563,673.991949,1084.352
DailyProfile_ClimateSweep,22500.00,36.392,23.196,46.03,0.800,10.000,25.835,89.21,12.0000,127.4437,0.0564,676.116011,1087.769
DailyProfile_ClimateSweep,22560.00,36.419,23.209,45.93,0.800,10.000,25.851,89.19,12.0000,127.5698,0.0564,678.242175,1091.190
DailyProfile_ClimateSweep,22620.00,36.445,23.222,45.83,0.800,10.000,25.867,89.17,12.0000,127.6959,0.0565,680.370440,1094.614
DailyProfile_ClimateSweep,22680.00,36.471,23.235,45.73,0.800,10.000,25.882,89.15,12.0000,127.8220,0.0566,682.500806,1098.041
DailyProfile_ClimateSweep,22740.00,36.497,23.248,45.64,0.800,10.000,25.898,89.13,12.0000,127.9480,0.0566,684.633273,1101.472
DailyProfile_ClimateSweep,22800.00,36.523,23.261,45.54,0.800,10.000,25.914,89.11,12.0000,128.0739,0.0567,686.767839,1104.906
DailyProfile_ClimateSweep,22860.00,36.549,23.275,45.44,0.800,10.000,25.929,89.09,12.0000,128.1999,0.0567,688.904503,1108.344
DailyProfile_ClimateSweep,22920.00,36.575,23.288,45.34,0.800,10.000,25.945,89.07,12.0000,128.3257,0.0568,691.043265,1111.785
DailyProfile_ClimateSweep,22980.00,36.601,23.301,45.25,0.800,10.000,25.961,89.05,12.0000,128.4515,0.0568,693.184124,1115.229
DailyProfile_ClimateSweep,23040.00,36.627,23.314,45.15,0.800,10.000,25.976,89.03,12.0000,128.5773,0.0569,695.327079,1118.677
DailyProfile_ClimateSweep,23100.00,36.653,23.327,45.05,0.800,10.000,25.992,89.01,12.0000,128.7030,0.0569,697.472128,1122.128
DailyProfile_ClimateSweep,23160.00,36.679,23.340,44.95,0.800,10.000,26.008,88.99,12.0000,128.8286,0.0570,699.619272,1125.582
DailyProfile_ClimateSweep,23220.00,36.705,23.353,44.86,0.800,10.000,26.023,88.97,12.0000,128.9542,0.0571,701.768508,1129.040
DailyProfile_ClimateSweep,23280.00,36.731,23.366,44.76,0.800,10.000,26.039,88.95,12.0000,129.0797,0.0571,703.919836,1132.501
DailyProfile_ClimateSweep,23340.00,36.757,23.379,44.66,0.800,10.000,26.054,88.93,12.0000,129.2051,0.0572,706.073255,1135.966
DailyProfile_ClimateSweep,23400.00,36.783,23.392,44.56,0.800,10.000,26.070,88.91,12.0000,129.3305,0.0572,708.228764,1139.434
DailyProfile_ClimateSweep,23460.00,36.809,23.405,44.47,0.800,10.000,26.085,88.89,12.0000,129.4558,0.0573,710.386361,1142.905
DailyProfile_ClimateSweep,23520.00,36.835,23.418,44.37,0.800,10.000,26.101,88.87,12.0000,129.5810,0.0573,712.546045,1146.379
DailyProfile_ClimateSweep,23580.00,36.861,23.430,44.27,0.800,10.000,26.117,88.85,12.0000,129.7062,0.0574,714.707814,1149.857
DailyProfile_ClimateSweep,23640.00,36.887,23.443,44.17,0.800,10.000,26.132,88.83,12.0000,129.8313,0.0574,716.871669,1153.339
DailyProfile_ClimateSweep,23700.00,36.913,23.456,44.08,0.800,10.000,26.148,88.82,12.0000,129.9562,0.0575,719.037606,1156.823
DailyProfile_ClimateSweep,23760.00,36.939,23.469,43.98,0.800,10.000,26.163,88.80,12.0000,130.0811,0.0576,721.205625,1160.311
DailyProfile_ClimateSweep,23820.00,36.964,23.482,43.88,0.800,10.000,26.179,88.78,12.0000,130.2060,0.0576,723.375724,1163.803
DailyProfile_ClimateSweep,23880.00,36.990,23.495,43.79,0.800,10.000,26.194,88.76,12.0000,130.3307,0.0577,725.547903,1167.297
DailyProfile_ClimateSweep,23940.00,37.016,23.508,43.69,0.800,10.000,26.210,88.74,12.0000,130.4553,0.0577,727.722158,1170.795
DailyProfile_ClimateSweep,24000.00,37.042,23.521,43.59,0.800,10.000,26.225,88.72,12.0000,130.5799,0.0578,729.898489,1174.297
DailyProfile_ClimateSweep,24060.00,37.068,23.534,43.50,0.800,10.000,26.241,88.70,12.0000,130.7043,0.0578,732.076895,1177.802
DailyProfile_ClimateSweep,24120.00,37.093,23.547,43.40,0.800,10.000,26.256,88.68,12.0000,130.8287,0.0579,734.257372,1181.310
DailyProfile_ClimateSweep,24180.00,37.119,23.560,43.30,0.800,10.000,26.271,88.66,12.0000,130.9529,0.0579,736.439921,1184.821
DailyProfile_ClimateSweep,24240.00,37.145,23.572,43.21,0.800,10.000,26.287,88.64,12.0000,131.0771,0.0580,738.624539,1188.336
DailyProfile_ClimateSweep,24300.00,37.171,23.585,43.11,0.800,10.000,26.302,88.62,12.0000,131.2011,0.0581,740.811224,1191.854
DailyProfile_ClimateSweep,24360.00,37.196,23.598,43.01,0.800,10.000,26.318,88.60,12.0000,131.3250,0.0581,742.999975,1195.375
DailyProfile_ClimateSweep,24420.00,37.222,23.611,42.92,0.800,10.000,26.333,88.58,12.0000,131.4489,0.0582,745.190790,1198.900
DailyProfile_ClimateSweep,24480.00,37.247,23.624,42.82,0.800,10.000,26.348,88.56,12.0000,131.5726,0.0582,747.383666,1202.428
DailyProfile_ClimateSweep,24540.00,37.273,23.637,42.73,0.800,10.000,26.364,88.55,12.0000,131.6962,0.0583,749.578602,1205.959
DailyProfile_ClimateSweep,24600.00,37.299,23.649,42.63,0.800,10.000,26.379,88.53,12.0000,131.8197,0.0583,751.775597,1209.494
DailyProfile_ClimateSweep,24660.00,37.324,23.662,42.53,0.800,10.000,26.395,88.51,12.0000,131.9430,0.0584,753.974647,1213.032
DailyProfile_ClimateSweep,24720.00,37.350,23.675,42.44,0.800,10.000,26.410,88.49,12.0000,132.0663,0.0584,756.175751,1216.573
DailyProfile_ClimateSweep,24780.00,37.375,23.688,42.34,0.800,10.000,26.425,88.47,12.0000,132.1894,0.0585,758.378908,1220.118
DailyProfile_ClimateSweep,24840.00,37.401,23.700,42.25,0.800,10.000,26.440,88.45,12.0000,132.3124,0.0585,760.584114,1223.665
DailyProfile_ClimateSweep,24900.00,37.426,23.713,42.15,0.800,10.000,26.456,88.43,12.0000,132.4352,0.0586,762.791368,1227.217
DailyProfile_ClimateSweep,24960.00,37.452,23.726,42.06,0.800,10.000,26.471,88.41,12.0000,132.5580,0.0587,765.000667,1230.771
DailyProfile_ClimateSweep,25020.00,37.477,23.738,41.96,0.800,10.000,26.486,88.39,12.0000,132.6806,0.0587,767.212009,1234.329
DailyProfile_ClimateSweep,25080.00,37.502,23.751,41.87,0.800,10.000,26.501,88.37,12.0000,132.8030,0.0588,769.425393,1237.890
DailyProfile_ClimateSweep,25140.00,37.528,23.764,41.77,0.800,10.000,26.517,88.35,12.0000,132.9253,0.0588,771.640815,1241.454
DailyProfile_ClimateSweep,25200.00,37.553,23.776,41.68,0.800,10.000,26.532,88.34,12.0000,133.0475,0.0589,773.858274,1245.022
DailyProfile_ClimateSweep,25260.00,37.578,23.789,41.58,0.800,10.000,26.547,88.32,12.0000,133.1696,0.0589,776.077766,1248.592
DailyProfile_ClimateSweep,25320.00,37.603,23.802,41.49,0.800,10.000,26.562,88.30,12.0000,133.2914,0.0590,778.299290,1252.166
DailyProfile_ClimateSweep,25380.00,37.629,23.814,41.39,0.800,10.000,26.577,88.28,12.0000,133.4132,0.0590,780.522843,1255.744
DailyProfile_ClimateSweep,25440.00,37.654,23.827,41.30,0.800,10.000,26.592,88.26,12.0000,133.5348,0.0591,782.748423,1259.324
DailyProfile_ClimateSweep,25500.00,37.679,23.839,41.20,0.800,10.000,26.607,88.24,12.0000,133.6562,0.0591,784.976027,1262.908
DailyProfile_ClimateSweep,25560.00,37.704,23.852,41.11,0.800,10.000,26.622,88.22,12.0000,133.7775,0.0592,787.205652,1266.495
DailyProfile_ClimateSweep,25620.00,37.729,23.865,41.02,0.800,10.000,26.638,88.20,12.0000,133.8987,0.0592,789.437296,1270.086
DailyProfile_ClimateSweep,25680.00,37.754,23.877,40.92,0.800,10.000,26.653,88.18,12.0000,134.0196,0.0593,791.670957,1273.679
DailyProfile_ClimateSweep,25740.00,37.779,23.890,40.83,0.800,10.000,26.668,88.17,12.0000,134.1404,0.0594,793.906631,1277.276
DailyProfile_ClimateSweep,25800.00,37.804,23.902,40.73,0.800,10.000,26.683,88.15,12.0000,134.2611,0.0594,796.144316,1280.876
DailyProfile_ClimateSweep,25860.00,37.829,23.915,40.64,0.800,10.000,26.698,88.13,12.0000,134.3816,0.0595,798.384009,1284.480
DailyProfile_ClimateSweep,25920.00,37.854,23.927,40.55,0.800,10.000,26.712,88.11,12.0000,134.5019,0.0595,800.625707,1288.086
DailyProfile_ClimateSweep,25980.00,37.879,23.939,40.45,0.800,10.000,26.727,88.09,12.0000,134.6220,0.0596,802.869407,1291.696
DailyProfile_ClimateSweep,26040.00,37.904,23.952,40.36,0.800,10.000,26.742,88.07,12.0000,134.7420,0.0596,805.115107,1295.309
DailyProfile_ClimateSweep,26100.00,37.929,23.964,40.27,0.800,10.000,26.757,88.05,12.0000,134.8618,0.0597,807.362804,1298.925
DailyProfile_ClimateSweep,26160.00,37.953,23.977,40.17,0.800,10.000,26.772,88.03,12.0000,134.9814,0.0597,809.612494,1302.545
DailyProfile_ClimateSweep,26220.00,37.978,23.989,40.08,0.800,10.000,26.787,88.02,12.0000,135.1009,0.0598,811.864175,1306.167
DailyProfile_ClimateSweep,26280.00,38.003,24.001,39.99,0.800,10.000,26.802,88.00,12.0000,135.2201,0.0598,814.117844,1309.793
DailyProfile_ClimateSweep,26340.00,38.028,24.014,39.90,0.800,10.000,26.817,87.98,12.0000,135.3392,0.0599,816.373497,1313.422
DailyProfile_ClimateSweep,26400.00,38.052,24.026,39.80,0.800,10.000,26.831,87.96,12.0000,135.4581,0.0599,818.631132,1317.054
DailyProfile_ClimateSweep,26460.00,38.077,24.038,39.71,0.800,10.000,26.846,87.94,12.0000,135.5768,0.0600,820.890745,1320.690
DailyProfile_ClimateSweep,26520.00,38.101,24.051,39.62,0.800,10.000,26.861,87.92,12.0000,135.6953,0.0600,823.152333,1324.328
DailyProfile_ClimateSweep,26580.00,38.126,24.063,39.53,0.800,10.000,26.875,87.91,12.0000,135.8136,0.0601,825.415893,1327.970
DailyProfile_ClimateSweep,26640.00,38.150,24.075,39.44,0.800,10.000,26.890,87.89,12.0000,135.9317,0.0601,827.681422,1331.615
DailyProfile_ClimateSweep,26700.00,38.175,24.087,39.35,0.800,10.000,26.905,87.87,12.0000,136.0496,0.0602,829.948916,1335.263
DailyProfile_ClimateSweep,26760.00,38.199,24.100,39.25,0.800,10.000,26.919,87.85,12.0000,136.1674,0.0603,832.218372,1338.914
DailyProfile_ClimateSweep,26820.00,38.223,24.112,39.16,0.800,10.000,26.934,87.83,12.0000,136.2849,0.0603,834.489787,1342.569
DailyProfile_ClimateSweep,26880.00,38.248,24.124,39.07,0.800,10.000,26.949,87.81,12.0000,136.4022,0.0604,836.763157,1346.226
DailyProfile_ClimateSweep,26940.00,38.272,24.136,38.98,0.800,10.000,26.963,87.80,12.0000,136.5193,0.0604,839.038479,1349.887
DailyProfile_ClimateSweep,27000.00,38.296,24.148,38.89,0.800,10.000,26.978,87.78,12.0000,136.6362,0.0605,841.315749,1353.550
DailyProfile_ClimateSweep,27060.00,38.320,24.160,38.80,0.800,10.000,26.992,87.76,12.0000,136.7529,0.0605,843.594964,1357.217
DailyProfile_ClimateSweep,27120.00,38.344,24.172,38.71,0.800,10.000,27.007,87.74,12.0000,136.8694,0.0606,845.876120,1360.887
DailyProfile_ClimateSweep,27180.00,38.368,24.184,38.62,0.800,10.000,27.021,87.72,12.0000,136.9856,0.0606,848.159214,1364.561
DailyProfile_ClimateSweep,27240.00,38.392,24.196,38.53,0.800,10.000,27.035,87.71,12.0000,137.1017,0.0607,850.444242,1368.237
DailyProfile_ClimateSweep,27300.00,38.416,24.208,38.44,0.800,10.000,27.050,87.69,12.0000,137.2175,0.0607,852.731200,1371.916
DailyProfile_ClimateSweep,27360.00,38.440,24.220,38.35,0.800,10.000,27.064,87.67,12.0000,137.3331,0.0608,855.020085,1375.599
DailyProfile_ClimateSweep,27420.00,38.464,24.232,38.26,0.800,10.000,27.079,87.65,12.0000,137.4485,0.0608,857.310893,1379.284
DailyProfile_ClimateSweep,27480.00,38.488,24.244,38.17,0.800,10.000,27.093,87.63,12.0000,137.5636,0.0609,859.603620,1382.973
DailyProfile_ClimateSweep,27540.00,38.512,24.256,38.08,0.800,10.000,27.107,87.62,12.0000,137.6785,0.0609,861.898263,1386.665
DailyProfile_ClimateSweep,27600.00,38.536,24.268,37.99,0.800,10.000,27.121,87.60,12.0000,137.7932,0.0610,864.194817,1390.359
DailyProfile_ClimateSweep,27660.00,38.559,24.280,37.90,0.800,10.000,27.136,87.58,12.0000,137.9077,0.0610,866.493278,1394.057
DailyProfile_ClimateSweep,27720.00,38.583,24.292,37.81,0.800,10.000,27.150,87.56,12.0000,138.0219,0.0611,868.793643,1397.758
DailyProfile_ClimateSweep,27780.00,38.607,24.303,37.72,0.800,10.000,27.164,87.54,12.0000,138.1359,0.0611,871.095908,1401.462
DailyProfile_ClimateSweep,27840.00,38.630,24.315,37.64,0.800,10.000,27.178,87.53,12.0000,138.2496,0.0612,873.400069,1405.169
DailyProfile_ClimateSweep,27900.00,38.654,24.327,37.55,0.800,10.000,27.192,87.51,12.0000,138.3631,0.0612,875.706121,1408.879
DailyProfile_ClimateSweep,27960.00,38.677,24.339,37.46,0.800,10.000,27.206,87.49,12.0000,138.4764,0.0613,878.014061,1412.593
DailyProfile_ClimateSweep,28020.00,38.701,24.350,37.37,0.800,10.000,27.220,87.47,12.0000,138.5894,0.0613,880.323885,1416.309
DailyProfile_ClimateSweep,28080.00,38.724,24.362,37.29,0.800,10.000,27.234,87.46,12.0000,138.7022,0.0614,882.635588,1420.028
DailyProfile_ClimateSweep,28140.00,38.747,24.374,37.20,0.800,10.000,27.248,87.44,12.0000,138.8147,0.0614,884.949166,1423.750
DailyProfile_ClimateSweep,28200.00,38.770,24.385,37.11,0.800,10.000,27.262,87.42,12.0000,138.9270,0.0615,887.264615,1427.475
DailyProfile_ClimateSweep,28260.00,38.794,24.397,37.02,0.800,10.000,27.276,87.40,12.0000,139.0390,0.0615,889.581931,1431.203
DailyProfile_ClimateSweep,28320.00,38.817,24.408,36.94,0.800,10.000,27.290,87.39,12.0000,139.1507,0.0616,891.901109,1434.935
DailyProfile_ClimateSweep,28380.00,38.840,24.420,36.85,0.800,10.000,27.304,87.37,12.0000,139.2622,0.0616,894.222146,1438.669
DailyProfile_ClimateSweep,28440.00,38.863,24.431,36.76,0.800,10.000,27.318,87.35,12.0000,139.3734,0.0617,896.545036,1442.406
DailyProfile_ClimateSweep,28500.00,38.886,24.443,36.68,0.800,10.000,27.332,87.34,12.0000,139.4844,0.0617,898.869776,1446.146
DailyProfile_ClimateSweep,28560.00,38.909,24.454,36.59,0.800,10.000,27.345,87.32,12.0000,139.5951,0.0618,901.196361,1449.889
DailyProfile_ClimateSweep,28620.00,38.932,24.466,36.51,0.800,10.000,27.359,87.30,12.0000,139.7055,0.0618,903.524787,1453.635
DailyProfile_ClimateSweep,28680.00,38.955,24.477,36.42,0.800,10.000,27.373,87.28,12.0000,139.8157,0.0619,905.855048,1457.384
DailyProfile_ClimateSweep,28740.00,38.977,24.489,36.34,0.800,10.000,27.386,87.27,12.0000,139.9256,0.0619,908.187141,1461.136
DailyProfile_ClimateSweep,28800.00,39.000,24.500,36.25,0.800,10.000,27.400,87.25,12.0000,140.0352,0.0620,910.521061,1464.891
DailyProfile_ClimateSweep,28860.00,39.023,24.511,36.17,0.800,10.000,27.414,87.23,12.0000,140.1445,0.0620,912.856804,1468.649
DailyProfile_ClimateSweep,28920.00,39.045,24.523,36.08,0.800,10.000,27.427,87.22,12.0000,140.2536,0.0621,915.194364,1472.410
DailyProfile_ClimateSweep,28980.00,39.068,24.534,36.00,0.800,10.000,27.441,87.20,12.0000,140.3624,0.0621,917.533737,1476.174
DailyProfile_ClimateSweep,29040.00,39.090,24.545,35.91,0.800,10.000,27.454,87.18,12.0000,140.4709,0.0622,919.874918,1479.940
DailyProfile_ClimateSweep,29100.00,39.113,24.556,35.83,0.800,10.000,27.468,87.17,12.0000,140.5791,0.0622,922.217904,1483.710
DailyProfile_ClimateSweep,29160.00,39.135,24.567,35.74,0.800,10.000,27.481,87.15,12.0000,140.6870,0.0623,924.562688,1487.482
DailyProfile_ClimateSweep,29220.00,39.157,24.579,35.66,0.800,10.000,27.494,87.13,12.0000,140.7947,0.0623,926.909266,1491.258
DailyProfile_ClimateSweep,29280.00,39.180,24.590,35.58,0.800,10.000,27.508,87.12,12.0000,140.9020,0.0623,929.257633,1495.036
DailyProfile_ClimateSweep,29340.00,39.202,24.601,35.49,0.800,10.000,27.521,87.10,12.0000,141.0091,0.0624,931.607785,1498.817
DailyProfile_ClimateSweep,29400.00,39.224,24.612,35.41,0.800,10.000,27.534,87.08,12.0000,141.1159,0.0624,933.959716,1502.601
DailyProfile_ClimateSweep,29460.00,39.246,24.623,35.33,0.800,10.000,27.548,87.07,12.0000,141.2223,0.0625,936.313422,1506.387
DailyProfile_ClimateSweep,29520.00,39.268,24.634,35.25,0.800,10.000,27.561,87.05,12.0000,141.3285,0.0625,938.668897,1510.177
DailyProfile_ClimateSweep,29580.00,39.290,24.645,35.16,0.800,10.000,27.574,87.03,12.0000,141.4344,0.0626,941.026137,1513.969
DailyProfile_ClimateSweep,29640.00,39.312,24.656,35.08,0.800,10.000,27.587,87.02,12.0000,141.5400,0.0626,943.385137,1517.765
DailyProfile_ClimateSweep,29700.00,39.333,24.667,35.00,0.800,10.000,27.600,87.00,12.0000,141.6452,0.0627,945.745890,1521.563
DailyProfile_ClimateSweep,29760.00,39.355,24.678,34.92,0.800,10.000,27.613,86.98,12.0000,141.7502,0.0627,948.108393,1525.364
DailyProfile_ClimateSweep,29820.00,39.377,24.688,34.84,0.800,10.000,27.626,86.97,12.0000,141.8548,0.0628,950.472641,1529.167
DailyProfile_ClimateSweep,29880.00,39.398,24.699,34.76,0.800,10.000,27.639,86.95,12.0000,141.9592,0.0628,952.838627,1532.974
DailyProfile_ClimateSweep,29940.00,39.420,24.710,34.68,0.800,10.000,27.652,86.94,12.0000,142.0632,0.0629,955.206347,1536.783
DailyProfile_ClimateSweep,30000.00,39.441,24.721,34.59,0.800,10.000,27.665,86.92,12.0000,142.1669,0.0629,957.575796,1540.595
DailyProfile_ClimateSweep,30060.00,39.463,24.731,34.51,0.800,10.000,27.678,86.90,12.0000,142.2703,0.0630,959.946967,1544.410
DailyProfile_ClimateSweep,30120.00,39.484,24.742,34.43,0.800,10.000,27.691,86.89,12.0000,142.3734,0.0630,962.319857,1548.228
DailyProfile_ClimateSweep,30180.00,39.505,24.753,34.35,0.800,10.000,27.703,86.87,12.0000,142.4761,0.0630,964.694460,1552.048
DailyProfile_ClimateSweep,30240.00,39.527,24.763,34.27,0.800,10.000,27.716,86.85,12.0000,142.5786,0.0631,967.070769,1555.871
DailyProfile_ClimateSweep,30300.00,39.548,24.774,34.20,0.800,10.000,27.729,86.84,12.0000,142.6807,0.0631,969.448781,1559.697
DailyProfile_ClimateSweep,30360.00,39.569,24.784,34.12,0.800,10.000,27.741,86.82,12.0000,142.7825,0.0632,971.828489,1563.526
DailyProfile_ClimateSweep,30420.00,39.590,24.795,34.04,0.800,10.000,27.754,86.81,12.0000,142.8839,0.0632,974.209888,1567.357
DailyProfile_ClimateSweep,30480.00,39.611,24.805,33.96,0.800,10.000,27.767,86.79,12.0000,142.9851,0.0633,976.592973,1571.191
DailyProfile_ClimateSweep,30540.00,39.632,24.816,33.88,0.800,10.000,27.779,86.78,12.0000,143.0859,0.0633,978.977737,1575.028
DailyProfile_ClimateSweep,30600.00,39.653,24.826,33.80,0.800,10.000,27.792,86.76,12.0000,143.1863,0.0634,981.364176,1578.867
DailyProfile_ClimateSweep,30660.00,39.673,24.837,33.73,0.800,10.000,27.804,86.75,12.0000,143.2864,0.0634,983.752283,1582.709
DailyProfile_ClimateSweep,30720.00,39.694,24.847,33.65,0.800,10.000,27.816,86.73,12.0000,143.3862,0.0634,986.142054,1586.554
DailyProfile_ClimateSweep,30780.00,39.715,24.857,33.57,0.800,10.000,27.829,86.71,12.0000,143.4857,0.0635,988.533482,1590.402
DailyProfile_ClimateSweep,30840.00,39.735,24.868,33.49,0.800,10.000,27.841,86.70,12.0000,143.5848,0.0635,990.926562,1594.252
DailyProfile_ClimateSweep,30900.00,39.756,24.878,33.42,0.800,10.000,27.853,86.68,12.0000,143.6836,0.0636,993.321288,1598.105
DailyProfile_ClimateSweep,30960.00,39.776,24.888,33.34,0.800,10.000,27.866,86.67,12.0000,143.7820,0.0636,995.717654,1601.960
DailyProfile_ClimateSweep,31020.00,39.796,24.898,33.26,0.800,10.000,27.878,86.65,12.0000,143.8800,0.0637,998.115655,1605.818
DailyProfile_ClimateSweep,31080.00,39.816,24.908,33.19,0.800,10.000,27.890,86.64,12.0000,143.9778,0.0637,1000.515284,1609.679
DailyProfile_ClimateSweep,31140.00,39.837,24.918,33.11,0.800,10.000,27.902,86.62,12.0000,144.0751,0.0638,1002.916536,1613.542
DailyProfile_ClimateSweep,31200.00,39.857,24.928,33.04,0.800,10.000,27.914,86.61,12.0000,144.1722,0.0638,1005.319406,1617.408
DailyProfile_ClimateSweep,31260.00,39.877,24.938,32.96,0.800,10.000,27.926,86.59,12.0000,144.2688,0.0638,1007.723886,1621.276
DailyProfile_ClimateSweep,31320.00,39.897,24.948,32.89,0.800,10.000,27.938,86.58,12.0000,144.3651,0.0639,1010.129971,1625.147
DailyProfile_ClimateSweep,31380.00,39.917,24.958,32.81,0.800,10.000,27.950,86.56,12.0000,144.4611,0.0639,1012.537656,1629.021
DailyProfile_ClimateSweep,31440.00,39.936,24.968,32.74,0.800,10.000,27.962,86.55,12.0000,144.5567,0.0640,1014.946934,1632.897
DailyProfile_ClimateSweep,31500.00,39.956,24.978,32.66,0.800,10.000,27.974,86.53,12.0000,144.6519,0.0640,1017.357799,1636.776
DailyProfile_ClimateSweep,31560.00,39.976,24.988,32.59,0.800,10.000,27.985,86.52,12.0000,144.7468,0.0640,1019.770245,1640.657
DailyProfile_ClimateSweep,31620.00,39.995,24.998,32.52,0.800,10.000,27.997,86.50,12.0000,144.8413,0.0641,1022.184266,1644.541
DailyProfile_ClimateSweep,31680.00,40.015,25.007,32.44,0.800,10.000,28.009,86.49,12.0000,144.9354,0.0641,1024.599855,1648.427
DailyProfile_ClimateSweep,31740.00,40.034,25.017,32.37,0.800,10.000,28.021,86.47,12.0000,145.0291,0.0642,1027.017008,1652.316
DailyProfile_ClimateSweep,31800.00,40.054,25.027,32.30,0.800,10.000,28.032,86.46,12.0000,145.1225,0.0642,1029.435717,1656.207
DailyProfile_ClimateSweep,31860.00,40.073,25.036,32.23,0.800,10.000,28.044,86.45,12.0000,145.2156,0.0643,1031.855976,1660.101
DailyProfile_ClimateSweep,31920.00,40.092,25.046,32.16,0.800,10.000,28.055,86.43,12.0000,145.3082,0.0643,1034.277780,1663.997
DailyProfile_ClimateSweep,31980.00,40.111,25.056,32.08,0.800,10.000,28.067,86.42,12.0000,145.4005,0.0643,1036.701121,1667.896
DailyProfile_ClimateSweep,32040.00,40.130,25.065,32.01,0.800,10.000,28.078,86.40,12.0000,145.4924,0.0644,1039.125993,1671.797
DailyProfile_ClimateSweep,32100.00,40.149,25.075,31.94,0.800,10.000,28.089,86.39,12.0000,145.5839,0.0644,1041.552391,1675.701
DailyProfile_ClimateSweep,32160.00,40.168,25.084,31.87,0.800,10.000,28.101,86.37,12.0000,145.6750,0.0645,1043.980308,1679.607
DailyProfile_ClimateSweep,32220.00,40.187,25.093,31.80,0.800,10.000,28.112,86.36,12.0000,145.7657,0.0645,1046.409737,1683.516
DailyProfile_ClimateSweep,32280.00,40.205,25.103,31.73,0.800,10.000,28.123,86.35,12.0000,145.8561,0.0645,1048.840672,1687.427
DailyProfile_ClimateSweep,32340.00,40.224,25.112,31.66,0.800,10.000,28.134,86.33,12.0000,145.9461,0.0646,1051.273107,1691.340
DailyProfile_ClimateSweep,32400.00,40.243,25.121,31.59,0.800,10.000,28.146,86.32,12.0000,146.0357,0.0646,1053.707034,1695.256
DailyProfile_ClimateSweep,32460.00,40.261,25.131,31.52,0.800,10.000,28.157,86.30,12.0000,146.1249,0.0647,1056.142449,1699.174
DailyProfile_ClimateSweep,32520.00,40.280,25.140,31.45,0.800,10.000,28.168,86.29,12.0000,146.2137,0.0647,1058.579343,1703.095
DailyProfile_ClimateSweep,32580.00,40.298,25.149,31.38,0.800,10.000,28.179,86.28,12.0000,146.3021,0.0647,1061.017711,1707.018
DailyProfile_ClimateSweep,32640.00,40.316,25.158,31.31,0.800,10.000,28.190,86.26,12.0000,146.3901,0.0648,1063.457546,1710.943
DailyProfile_ClimateSweep,32700.00,40.334,25.167,31.25,0.800,10.000,28.201,86.25,12.0000,146.4777,0.0648,1065.898841,1714.871
DailyProfile_ClimateSweep,32760.00,40.352,25.176,31.18,0.800,10.000,28.211,86.24,12.0000,146.5649,0.0649,1068.341590,1718.801
DailyProfile_ClimateSweep,32820.00,40.370,25.185,31.11,0.800,10.000,28.222,86.22,12.0000,146.6517,0.0649,1070.785785,1722.733
DailyProfile_ClimateSweep,32880.00,40.388,25.194,31.04,0.800,10.000,28.233,86.21,12.0000,146.7382,0.0649,1073.231421,1726.668
DailyProfile_ClimateSweep,32940.00,40.406,25.203,30.98,0.800,10.000,28.244,86.20,12.0000,146.8242,0.0650,1075.678491,1730.605
DailyProfile_ClimateSweep,33000.00,40.424,25.212,30.91,0.800,10.000,28.254,86.18,12.0000,146.9098,0.0650,1078.126988,1734.544
DailyProfile_ClimateSweep,33060.00,40.441,25.221,30.85,0.800,10.000,28.265,86.17,12.0000,146.9950,0.0650,1080.576904,1738.486
DailyProfile_ClimateSweep,33120.00,40.459,25.229,30.78,0.800,10.000,28.275,86.16,12.0000,147.0798,0.0651,1083.028234,1742.429
DailyProfile_ClimateSweep,33180.00,40.476,25.238,30.71,0.800,10.000,28.286,86.14,12.0000,147.1642,0.0651,1085.480970,1746.376
DailyProfile_ClimateSweep,33240.00,40.494,25.247,30.65,0.800,10.000,28.296,86.13,12.0000,147.2481,0.0652,1087.935106,1750.324
DailyProfile_ClimateSweep,33300.00,40.511,25.256,30.58,0.800,10.000,28.307,86.12,12.0000,147.3317,0.0652,1090.390634,1754.274
DailyProfile_ClimateSweep,33360.00,40.528,25.264,30.52,0.800,10.000,28.317,86.10,12.0000,147.4148,0.0652,1092.847548,1758.227
DailyProfile_ClimateSweep,33420.00,40.545,25.273,30.45,0.800,10.000,28.327,86.09,12.0000,147.4976,0.0653,1095.305841,1762.182
DailyProfile_ClimateSweep,33480.00,40.562,25.281,30.39,0.800,10.000,28.337,86.08,12.0000,147.5799,0.0653,1097.765506,1766.140
DailyProfile_ClimateSweep,33540.00,40.579,25.290,30.33,0.800,10.000,28.348,86.07,12.0000,147.6618,0.0653,1100.226536,1770.099
DailyProfile_ClimateSweep,33600.00,40.596,25.298,30.26,0.800,10.000,28.358,86.05,12.0000,147.7433,0.0654,1102.688923,1774.061
DailyProfile_ClimateSweep,33660.00,40.613,25.307,30.20,0.800,10.000,28.368,86.04,12.0000,147.8243,0.0654,1105.152662,1778.024
DailyProfile_ClimateSweep,33720.00,40.630,25.315,30.14,0.800,10.000,28.378,86.03,12.0000,147.9049,0.0654,1107.617744,1781.990
DailyProfile_ClimateSweep,33780.00,40.646,25.323,30.08,0.800,10.000,28.388,86.02,12.0000,147.9851,0.0655,1110.084163,1785.958
DailyProfile_ClimateSweep,33840.00,40.663,25.331,30.01,0.800,10.000,28.398,86.00,12.0000,148.0649,0.0655,1112.551911,1789.929
DailyProfile_ClimateSweep,33900.00,40.679,25.340,29.95,0.800,10.000,28.408,85.99,12.0000,148.1442,0.0656,1115.020981,1793.901
DailyProfile_ClimateSweep,33960.00,40.696,25.348,29.89,0.800,10.000,28.417,85.98,12.0000,148.2231,0.0656,1117.491367,1797.875
DailyProfile_ClimateSweep,34020.00,40.712,25.356,29.83,0.800,10.000,28.427,85.97,12.0000,148.3016,0.0656,1119.963061,1801.852
DailyProfile_ClimateSweep,34080.00,40.728,25.364,29.77,0.800,10.000,28.437,85.95,12.0000,148.3797,0.0657,1122.436056,1805.831
DailyProfile_ClimateSweep,34140.00,40.744,25.372,29.71,0.800,10.000,28.446,85.94,12.0000,148.4573,0.0657,1124.910344,1809.812
DailyProfile_ClimateSweep,34200.00,40.760,25.380,29.65,0.800,10.000,28.456,85.93,12.0000,148.5345,0.0657,1127.385918,1813.794
DailyProfile_ClimateSweep,34260.00,40.776,25.388,29.59,0.800,10.000,28.466,85.92,12.0000,148.6112,0.0658,1129.862772,1817.779
DailyProfile_ClimateSweep,34320.00,40.792,25.396,29.53,0.800,10.000,28.475,85.91,12.0000,148.6875,0.0658,1132.340897,1821.766
DailyProfile_ClimateSweep,34380.00,40.808,25.404,29.47,0.800,10.000,28.485,85.89,12.0000,148.7634,0.0658,1134.820286,1825.755
DailyProfile_ClimateSweep,34440.00,40.823,25.412,29.41,0.800,10.000,28.494,85.88,12.0000,148.8388,0.0659,1137.300933,1829.746
DailyProfile_ClimateSweep,34500.00,40.839,25.419,29.35,0.800,10.000,28.503,85.87,12.0000,148.9138,0.0659,1139.782829,1833.739
DailyProfile_ClimateSweep,34560.00,40.854,25.427,29.30,0.800,10.000,28.512,85.86,12.0000,148.9883,0.0659,1142.265967,1837.734
DailyProfile_ClimateSweep,34620.00,40.869,25.435,29.24,0.800,10.000,28.522,85.85,12.0000,149.0624,0.0660,1144.750340,1841.731
DailyProfile_ClimateSweep,34680.00,40.885,25.442,29.18,0.800,10.000,28.531,85.84,12.0000,149.1360,0.0660,1147.235940,1845.730
DailyProfile_ClimateSweep,34740.00,40.900,25.450,29.13,0.800,10.000,28.540,85.83,12.0000,149.2092,0.0660,1149.722760,1849.731
DailyProfile_ClimateSweep,34800.00,40.915,25.457,29.07,0.800,10.000,28.549,85.81,12.0000,149.2819,0.0661,1152.210792,1853.734
DailyProfile_ClimateSweep,34860.00,40.930,25.465,29.01,0.800,10.000,28.558,85.80,12.0000,149.3542,0.0661,1154.700029,1857.739
DailyProfile_ClimateSweep,34920.00,40.945,25.472,28.96,0.800,10.000,28.567,85.79,12.0000,149.4260,0.0661,1157.190463,1861.745
DailyProfile_ClimateSweep,34980.00,40.960,25.480,28.90,0.800,10.000,28.576,85.78,12.0000,149.4974,0.0661,1159.682086,1865.754
DailyProfile_ClimateSweep,35040.00,40.974,25.487,28.85,0.800,10.000,28.585,85.77,12.0000,149.5683,0.0662,1162.174892,1869.765
DailyProfile_ClimateSweep,35100.00,40.989,25.494,28.79,0.800,10.000,28.593,85.76,12.0000,149.6388,0.0662,1164.668872,1873.777
DailyProfile_ClimateSweep,35160.00,41.003,25.502,28.74,0.800,10.000,28.602,85.75,12.0000,149.7088,0.0662,1167.164019,1877.791
DailyProfile_ClimateSweep,35220.00,41.018,25.509,28.68,0.800,10.000,28.611,85.74,12.0000,149.7784,0.0663,1169.660325,1881.807
DailyProfile_ClimateSweep,35280.00,41.032,25.516,28.63,0.800,10.000,28.619,85.73,12.0000,149.8474,0.0663,1172.157782,1885.826
DailyProfile_ClimateSweep,35340.00,41.046,25.523,28.58,0.800,10.000,28.628,85.72,12.0000,149.9161,0.0663,1174.656383,1889.845
DailyProfile_ClimateSweep,35400.00,41.060,25.530,28.52,0.800,10.000,28.636,85.70,12.0000,149.9842,0.0664,1177.156120,1893.867
DailyProfile_ClimateSweep,35460.00,41.074,25.537,28.47,0.800,10.000,28.645,85.69,12.0000,150.0519,0.0664,1179.656985,1897.891
DailyProfile_ClimateSweep,35520.00,41.088,25.544,28.42,0.800,10.000,28.653,85.68,12.0000,150.1191,0.0664,1182.158970,1901.916
DailyProfile_ClimateSweep,35580.00,41.102,25.551,28.37,0.800,10.000,28.661,85.67,12.0000,150.1859,0.0665,1184.662068,1905.943
DailyProfile_ClimateSweep,35640.00,41.116,25.558,28.32,0.800,10.000,28.670,85.66,12.0000,150.2522,0.0665,1187.166271,1909.972
DailyProfile_ClimateSweep,35700.00,41.129,25.565,28.26,0.800,10.000,28.678,85.65,12.0000,150.3180,0.0665,1189.671571,1914.003
DailyProfile_ClimateSweep,35760.00,41.143,25.572,28.21,0.800,10.000,28.686,85.64,12.0000,150.3833,0.0665,1192.177960,1918.035
DailyProfile_ClimateSweep,35820.00,41.156,25.578,28.16,0.800,10.000,28.694,85.63,12.0000,150.4482,0.0666,1194.685430,1922.069
DailyProfile_ClimateSweep,35880.00,41.170,25.585,28.11,0.800,10.000,28.702,85.62,12.0000,150.5126,0.0666,1197.193974,1926.105
DailyProfile_ClimateSweep,35940.00,41.183,25.592,28.06,0.800,10.000,28.710,85.61,12.0000,150.5765,0.0666,1199.703583,1930.143
DailyProfile_ClimateSweep,36000.00,41.196,25.598,28.01,0.800,10.000,28.718,85.60,12.0000,150.6400,0.0667,1202.214249,1934.182
DailyProfile_ClimateSweep,36060.00,41.209,25.605,27.97,0.800,10.000,28.726,85.59,12.0000,150.7030,0.0667,1204.725965,1938.223
DailyProfile_ClimateSweep,36120.00,41.222,25.611,27.92,0.800,10.000,28.733,85.58,12.0000,150.7654,0.0667,1207.238722,1942.265
DailyProfile_ClimateSweep,36180.00,41.235,25.617,27.87,0.800,10.000,28.741,85.57,12.0000,150.8275,0.0667,1209.752513,1946.310
DailyProfile_ClimateSweep,36240.00,41.248,25.624,27.82,0.800,10.000,28.749,85.56,12.0000,150.8890,0.0668,1212.267329,1950.356
DailyProfile_ClimateSweep,36300.00,41.260,25.630,27.77,0.800,10.000,28.756,85.55,12.0000,150.9500,0.0668,1214.783163,1954.403
DailyProfile_ClimateSweep,36360.00,41.273,25.636,27.73,0.800,10.000,28.764,85.55,12.0000,151.0106,0.0668,1217.300006,1958.453
DailyProfile_ClimateSweep,36420.00,41.285,25.643,27.68,0.800,10.000,28.771,85.54,12.0000,151.0707,0.0668,1219.817851,1962.503
DailyProfile_ClimateSweep,36480.00,41.298,25.649,27.63,0.800,10.000,28.779,85.53,12.0000,151.1303,0.0669,1222.336689,1966.556
DailyProfile_ClimateSweep,36540.00,41.310,25.655,27.59,0.800,10.000,28.786,85.52,12.0000,151.1894,0.0669,1224.856511,1970.610
DailyProfile_ClimateSweep,36600.00,41.322,25.661,27.54,0.800,10.000,28.793,85.51,12.0000,151.2480,0.0669,1227.377311,1974.665
DailyProfile_ClimateSweep,36660.00,41.334,25.667,27.50,0.800,10.000,28.800,85.50,12.0000,151.3061,0.0669,1229.899080,1978.723
DailyProfile_ClimateSweep,36720.00,41.346,25.673,27.45,0.800,10.000,28.808,85.49,12.0000,151.3638,0.0670,1232.421809,1982.781
DailyProfile_ClimateSweep,36780.00,41.358,25.679,27.41,0.800,10.000,28.815,85.48,12.0000,151.4209,0.0670,1234.945491,1986.842
DailyProfile_ClimateSweep,36840.00,41.370,25.685,27.36,0.800,10.000,28.822,85.47,12.0000,151.4776,0.0670,1237.470117,1990.903
DailyProfile_ClimateSweep,36900.00,41.381,25.691,27.32,0.800,10.000,28.829,85.46,12.0000,151.5337,0.0671,1239.995679,1994.966
DailyProfile_ClimateSweep,36960.00,41.393,25.696,27.28,0.800,10.000,28.836,85.46,12.0000,151.5894,0.0671,1242.522168,1999.031
DailyProfile_ClimateSweep,37020.00,41.404,25.702,27.23,0.800,10.000,28.843,85.45,12.0000,151.6445,0.0671,1245.049577,2003.097
DailyProfile_ClimateSweep,37080.00,41.416,25.708,27.19,0.800,10.000,28.849,85.44,12.0000,151.6992,0.0671,1247.577898,2007.165
DailyProfile_ClimateSweep,37140.00,41.427,25.713,27.15,0.800,10.000,28.856,85.43,12.0000,151.7534,0.0671,1250.107121,2011.234
DailyProfile_ClimateSweep,37200.00,41.438,25.719,27.11,0.800,10.000,28.863,85.42,12.0000,151.8071,0.0672,1252.637239,2015.305
DailyProfile_ClimateSweep,37260.00,41.449,25.724,27.07,0.800,10.000,28.869,85.41,12.0000,151.8603,0.0672,1255.168243,2019.377
DailyProfile_ClimateSweep,37320.00,41.460,25.730,27.03,0.800,10.000,28.876,85.41,12.0000,151.9129,0.0672,1257.700125,2023.450
DailyProfile_ClimateSweep,37380.00,41.471,25.735,26.99,0.800,10.000,28.882,85.40,12.0000,151.9651,0.0672,1260.232877,2027.525
DailyProfile_ClimateSweep,37440.00,41.481,25.741,26.95,0.800,10.000,28.889,85.39,12.0000,152.0168,0.0673,1262.766490,2031.601
DailyProfile_ClimateSweep,37500.00,41.492,25.746,26.91,0.800,10.000,28.895,85.38,12.0000,152.0679,0.0673,1265.300955,2035.679
DailyProfile_ClimateSweep,37560.00,41.502,25.751,26.87,0.800,10.000,28.901,85.37,12.0000,152.1186,0.0673,1267.836265,2039.758
DailyProfile_ClimateSweep,37620.00,41.513,25.756,26.83,0.800,10.000,28.908,85.37,12.0000,152.1688,0.0673,1270.372411,2043.838
DailyProfile_ClimateSweep,37680.00,41.523,25.762,26.79,0.800,10.000,28.914,85.36,12.0000,152.2184,0.0674,1272.909385,2047.920
DailyProfile_ClimateSweep,37740.00,41.533,25.767,26.75,0.800,10.000,28.920,85.35,12.0000,152.2675,0.0674,1275.447177,2052.003
DailyProfile_ClimateSweep,37800.00,41.543,25.772,26.71,0.800,10.000,28.926,85.34,12.0000,152.3162,0.0674,1277.985780,2056.087
DailyProfile_ClimateSweep,37860.00,41.553,25.777,26.68,0.800,10.000,28.932,85.34,12.0000,152.3643,0.0674,1280.525185,2060.172
DailyProfile_ClimateSweep,37920.00,41.563,25.782,26.64,0.800,10.000,28.938,85.33,12.0000,152.4119,0.0674,1283.065384,2064.259
DailyProfile_ClimateSweep,37980.00,41.573,25.786,26.60,0.800,10.000,28.944,85.32,12.0000,152.4590,0.0675,1285.606367,2068.347
DailyProfile_ClimateSweep,38040.00,41.583,25.791,26.57,0.800,10.000,28.950,85.31,12.0000,152.5056,0.0675,1288.148127,2072.437
DailyProfile_ClimateSweep,38100.00,41.592,25.796,26.53,0.800,10.000,28.955,85.31,12.0000,152.5517,0.0675,1290.690655,2076.527
DailyProfile_ClimateSweep,38160.00,41.601,25.801,26.49,0.800,10.000,28.961,85.30,12.0000,152.5972,0.0675,1293.233942,2080.619
DailyProfile_ClimateSweep,38220.00,41.611,25.805,26.46,0.800,10.000,28.966,85.29,12.0000,152.6423,0.0675,1295.777980,2084.712
DailyProfile_ClimateSweep,38280.00,41.620,25.810,26.42,0.800,10.000,28.972,85.28,12.0000,152.6868,0.0676,1298.322761,2088.806
DailyProfile_ClimateSweep,38340.00,41.629,25.815,26.39,0.800,10.000,28.977,85.28,12.0000,152.7308,0.0676,1300.868275,2092.901
DailyProfile_ClimateSweep,38400.00,41.638,25.819,26.36,0.800,10.000,28.983,85.27,12.0000,152.7743,0.0676,1303.414513,2096.998
DailyProfile_ClimateSweep,38460.00,41.647,25.824,26.32,0.800,10.000,28.988,85.26,12.0000,152.8173,0.0676,1305.961468,2101.096
DailyProfile_ClimateSweep,38520.00,41.656,25.828,26.29,0.800,10.000,28.994,85.26,12.0000,152.8598,0.0676,1308.509131,2105.194
DailyProfile_ClimateSweep,38580.00,41.665,25.832,26.26,0.800,10.000,28.999,85.25,12.0000,152.9017,0.0677,1311.057493,2109.294
DailyProfile_ClimateSweep,38640.00,41.673,25.837,26.23,0.800,10.000,29.004,85.25,12.0000,152.9431,0.0677,1313.606545,2113.395
DailyProfile_ClimateSweep,38700.00,41.682,25.841,26.19,0.800,10.000,29.009,85.24,12.0000,152.9840,0.0677,1316.156278,2117.497
DailyProfile_ClimateSweep,38760.00,41.690,25.845,26.16,0.800,10.000,29.014,85.23,12.0000,153.0244,0.0677,1318.706685,2121.601
DailyProfile_ClimateSweep,38820.00,41.698,25.849,26.13,0.800,10.000,29.019,85.23,12.0000,153.0642,0.0677,1321.257756,2125.705
DailyProfile_ClimateSweep,38880.00,41.706,25.853,26.10,0.800,10.000,29.024,85.22,12.0000,153.1036,0.0677,1323.809482,2129.810
DailyProfile_ClimateSweep,38940.00,41.714,25.857,26.07,0.800,10.000,29.029,85.21,12.0000,153.1424,0.0678,1326.361855,2133.917
DailyProfile_ClimateSweep,39000.00,41.722,25.861,26.04,0.800,10.000,29.033,85.21,12.0000,153.1807,0.0678,1328.914866,2138.024
DailyProfile_ClimateSweep,39060.00,41.730,25.865,26.01,0.800,10.000,29.038,85.20,12.0000,153.2184,0.0678,1331.468506,2142.133
DailyProfile_ClimateSweep,39120.00,41.738,25.869,25.98,0.800,10.000,29.043,85.20,12.0000,153.2556,0.0678,1334.022766,2146.242
DailyProfile_ClimateSweep,39180.00,41.745,25.873,25.95,0.800,10.000,29.047,85.19,12.0000,153.2923,0.0678,1336.577638,2150.352
DailyProfile_ClimateSweep,39240.00,41.753,25.876,25.93,0.800,10.000,29.052,85.19,12.0000,153.3285,0.0678,1339.133113,2154.464
DailyProfile_ClimateSweep,39300.00,41.760,25.880,25.90,0.800,10.000,29.056,85.18,12.0000,153.3641,0.0679,1341.689182,2158.576
DailyProfile_ClimateSweep,39360.00,41.768,25.884,25.87,0.800,10.000,29.061,85.17,12.0000,153.3992,0.0679,1344.245836,2162.689
DailyProfile_ClimateSweep,39420.00,41.775,25.887,25.84,0.800,10.000,29.065,85.17,12.0000,153.4338,0.0679,1346.803066,2166.804
DailyProfile_ClimateSweep,39480.00,41.782,25.891,25.82,0.800,10.000,29.069,85.16,12.0000,153.4679,0.0679,1349.360864,2170.919
DailyProfile_ClimateSweep,39540.00,41.789,25.894,25.79,0.800,10.000,29.073,85.16,12.0000,153.5014,0.0679,1351.919221,2175.035
DailyProfile_ClimateSweep,39600.00,41.796,25.898,25.77,0.800,10.000,29.077,85.15,12.0000,153.5344,0.0679,1354.478127,2179.152
DailyProfile_ClimateSweep,39660.00,41.802,25.901,25.74,0.800,10.000,29.081,85.15,12.0000,153.5668,0.0679,1357.037574,2183.269
DailyProfile_ClimateSweep,39720.00,41.809,25.904,25.72,0.800,10.000,29.085,85.14,12.0000,153.5987,0.0680,1359.597553,2187.388
DailyProfile_ClimateSweep,39780.00,41.815,25.908,25.69,0.800,10.000,29.089,85.14,12.0000,153.6301,0.0680,1362.158055,2191.507
DailyProfile_ClimateSweep,39840.00,41.822,25.911,25.67,0.800,10.000,29.093,85.13,12.0000,153.6610,0.0680,1364.719072,2195.628
DailyProfile_ClimateSweep,39900.00,41.828,25.914,25.64,0.800,10.000,29.097,85.13,12.0000,153.6913,0.0680,1367.280594,2199.749
DailyProfile_ClimateSweep,39960.00,41.834,25.917,25.62,0.800,10.000,29.101,85.12,12.0000,153.7211,0.0680,1369.842612,2203.871
DailyProfile_ClimateSweep,40020.00,41.840,25.920,25.60,0.800,10.000,29.104,85.12,12.0000,153.7503,0.0680,1372.405117,2207.993
DailyProfile_ClimateSweep,40080.00,41.846,25.923,25.58,0.800,10.000,29.108,85.12,12.0000,153.7790,0.0680,1374.968101,2212.117
DailyProfile_ClimateSweep,40140.00,41.852,25.926,25.55,0.800,10.000,29.111,85.11,12.0000,153.8072,0.0681,1377.531554,2216.241
DailyProfile_ClimateSweep,40200.00,41.858,25.929,25.53,0.800,10.000,29.115,85.11,12.0000,153.8348,0.0681,1380.095468,2220.366
DailyProfile_ClimateSweep,40260.00,41.863,25.932,25.51,0.800,10.000,29.118,85.10,12.0000,153.8619,0.0681,1382.659833,2224.492
DailyProfile_ClimateSweep,40320.00,41.869,25.934,25.49,0.800,10.000,29.121,85.10,12.0000,153.8885,0.0681,1385.224641,2228.618
DailyProfile_ClimateSweep,40380.00,41.874,25.937,25.47,0.800,10.000,29.125,85.09,12.0000,153.9145,0.0681,1387.789883,2232.745
DailyProfile_ClimateSweep,40440.00,41.880,25.940,25.45,0.800,10.000,29.128,85.09,12.0000,153.9400,0.0681,1390.355549,2236.873
DailyProfile_ClimateSweep,40500.00,41.885,25.942,25.43,0.800,10.000,29.131,85.09,12.0000,153.9649,0.0681,1392.921630,2241.001
DailyProfile_ClimateSweep,40560.00,41.890,25.945,25.41,0.800,10.000,29.134,85.08,12.0000,153.9893,0.0681,1395.488118,2245.130
DailyProfile_ClimateSweep,40620.00,41.895,25.947,25.39,0.800,10.000,29.137,85.08,12.0000,154.0131,0.0681,1398.055004,2249.260
DailyProfile_ClimateSweep,40680.00,41.900,25.950,25.38,0.800,10.000,29.140,85.08,12.0000,154.0364,0.0682,1400.622278,2253.391
DailyProfile_ClimateSweep,40740.00,41.904,25.952,25.36,0.800,10.000,29.143,85.07,12.0000,154.0592,0.0682,1403.189932,2257.522
DailyProfile_ClimateSweep,40800.00,41.909,25.954,25.34,0.800,10.000,29.145,85.07,12.0000,154.0814,0.0682,1405.757956,2261.653
DailyProfile_ClimateSweep,40860.00,41.913,25.957,25.32,0.800,10.000,29.148,85.06,12.0000,154.1031,0.0682,1408.326341,2265.785
DailyProfile_ClimateSweep,40920.00,41.918,25.959,25.31,0.800,10.000,29.151,85.06,12.0000,154.1243,0.0682,1410.895079,2269.918
DailyProfile_ClimateSweep,40980.00,41.922,25.961,25.29,0.800,10.000,29.153,85.06,12.0000,154.1448,0.0682,1413.464159,2274.051
DailyProfile_ClimateSweep,41040.00,41.926,25.963,25.28,0.800,10.000,29.156,85.06,12.0000,154.1649,0.0682,1416.033574,2278.185
DailyProfile_ClimateSweep,41100.00,41.930,25.965,25.26,0.800,10.000,29.158,85.05,12.0000,154.1844,0.0682,1418.603314,2282.319
DailyProfile_ClimateSweep,41160.00,41.934,25.967,25.25,0.800,10.000,29.160,85.05,12.0000,154.2034,0.0682,1421.173370,2286.454
DailyProfile_ClimateSweep,41220.00,41.938,25.969,25.23,0.800,10.000,29.163,85.05,12.0000,154.2218,0.0682,1423.743733,2290.589
DailyProfile_ClimateSweep,41280.00,41.942,25.971,25.22,0.800,10.000,29.165,85.04,12.0000,154.2396,0.0682,1426.314394,2294.725
DailyProfile_ClimateSweep,41340.00,41.945,25.973,25.21,0.800,10.000,29.167,85.04,12.0000,154.2570,0.0683,1428.885343,2298.862
DailyProfile_ClimateSweep,41400.00,41.949,25.974,25.19,0.800,10.000,29.169,85.04,12.0000,154.2737,0.0683,1431.456572,2302.998
DailyProfile_ClimateSweep,41460.00,41.952,25.976,25.18,0.800,10.000,29.171,85.04,12.0000,154.2900,0.0683,1434.028071,2307.135
DailyProfile_ClimateSweep,41520.00,41.955,25.978,25.17,0.800,10.000,29.173,85.03,12.0000,154.3056,0.0683,1436.599832,2311.273
DailyProfile_ClimateSweep,41580.00,41.958,25.979,25.16,0.800,10.000,29.175,85.03,12.0000,154.3208,0.0683,1439.171845,2315.411
DailyProfile_ClimateSweep,41640.00,41.961,25.981,25.14,0.800,10.000,29.177,85.03,12.0000,154.3354,0.0683,1441.744101,2319.549
DailyProfile_ClimateSweep,41700.00,41.964,25.982,25.13,0.800,10.000,29.179,85.03,12.0000,154.3494,0.0683,1444.316591,2323.688
DailyProfile_ClimateSweep,41760.00,41.967,25.984,25.12,0.800,10.000,29.180,85.02,12.0000,154.3629,0.0683,1446.889306,2327.827
DailyProfile_ClimateSweep,41820.00,41.970,25.985,25.11,0.800,10.000,29.182,85.02,12.0000,154.3758,0.0683,1449.462236,2331.967
DailyProfile_ClimateSweep,41880.00,41.972,25.986,25.10,0.800,10.000,29.183,85.02,12.0000,154.3882,0.0683,1452.035373,2336.106
DailyProfile_ClimateSweep,41940.00,41.975,25.987,25.09,0.800,10.000,29.185,85.02,12.0000,154.4001,0.0683,1454.608707,2340.247
DailyProfile_ClimateSweep,42000.00,41.977,25.989,25.09,0.800,10.000,29.186,85.02,12.0000,154.4113,0.0683,1457.182230,2344.387
DailyProfile_ClimateSweep,42060.00,41.979,25.990,25.08,0.800,10.000,29.188,85.02,12.0000,154.4221,0.0683,1459.755931,2348.528
DailyProfile_ClimateSweep,42120.00,41.982,25.991,25.07,0.800,10.000,29.189,85.01,12.0000,154.4323,0.0683,1462.329803,2352.669
DailyProfile_ClimateSweep,42180.00,41.984,25.992,25.06,0.800,10.000,29.190,85.01,12.0000,154.4419,0.0683,1464.903835,2356.810
DailyProfile_ClimateSweep,42240.00,41.985,25.993,25.05,0.800,10.000,29.191,85.01,12.0000,154.4510,0.0683,1467.478019,2360.951
DailyProfile_ClimateSweep,42300.00,41.987,25.994,25.05,0.800,10.000,29.192,85.01,12.0000,154.4596,0.0683,1470.052345,2365.093
DailyProfile_ClimateSweep,42360.00,41.989,25.994,25.04,0.800,10.000,29.193,85.01,12.0000,154.4676,0.0683,1472.626804,2369.235
DailyProfile_ClimateSweep,42420.00,41.990,25.995,25.04,0.800,10.000,29.194,85.01,12.0000,154.4750,0.0684,1475.201387,2373.377
DailyProfile_ClimateSweep,42480.00,41.992,25.996,25.03,0.800,10.000,29.195,85.01,12.0000,154.4819,0.0684,1477.776086,2377.519
DailyProfile_ClimateSweep,42540.00,41.993,25.997,25.03,0.800,10.000,29.196,85.01,12.0000,154.4882,0.0684,1480.350890,2381.662
DailyProfile_ClimateSweep,42600.00,41.994,25.997,25.02,0.800,10.000,29.197,85.00,12.0000,154.4940,0.0684,1482.925790,2385.805
DailyProfile_ClimateSweep,42660.00,41.995,25.998,25.02,0.800,10.000,29.197,85.00,12.0000,154.4993,0.0684,1485.500778,2389.947
DailyProfile_ClimateSweep,42720.00,41.996,25.998,25.01,0.800,10.000,29.198,85.00,12.0000,154.5040,0.0684,1488.075844,2394.090
DailyProfile_ClimateSweep,42780.00,41.997,25.999,25.01,0.800,10.000,29.198,85.00,12.0000,154.5081,0.0684,1490.650978,2398.233
DailyProfile_ClimateSweep,42840.00,41.998,25.999,25.01,0.800,10.000,29.199,85.00,12.0000,154.5117,0.0684,1493.226173,2402.376
DailyProfile_ClimateSweep,42900.00,41.999,25.999,25.01,0.800,10.000,29.199,85.00,12.0000,154.5147,0.0684,1495.801418,2406.519
DailyProfile_ClimateSweep,42960.00,41.999,26.000,25.00,0.800,10.000,29.199,85.00,12.0000,154.5172,0.0684,1498.376704,2410.663
DailyProfile_ClimateSweep,43020.00,41.999,26.000,25.00,0.800,10.000,29.200,85.00,12.0000,154.5191,0.0684,1500.952023,2414.806
DailyProfile_ClimateSweep,43080.00,42.000,26.000,25.00,0.800,10.000,29.200,85.00,12.0000,154.5205,0.0684,1503.527365,2418.949
DailyProfile_ClimateSweep,43140.00,42.000,26.000,25.00,0.800,10.000,29.200,85.00,12.0000,154.5213,0.0684,1506.102720,2423.093
DailyProfile_ClimateSweep,43200.00,42.000,26.000,25.00,0.800,10.000,29.200,85.00,12.0000,154.5216,0.0684,1508.678080,2427.236
DailyProfile_ClimateSweep,43260.00,42.000,26.000,25.00,0.800,10.000,29.200,85.00,12.0000,154.5213,0.0684,1511.253435,2431.379
DailyProfile_ClimateSweep,43320.00,42.000,26.000,25.00,0.800,10.000,29.200,85.00,12.0000,154.5205,0.0684,1513.828777,2435.523
DailyProfile_ClimateSweep,43380.00,41.999,26.000,25.00,0.800,10.000,29.200,85.00,12.0000,154.5191,0.0684,1516.404096,2439.666
DailyProfile_ClimateSweep,43440.00,41.999,26.000,25.00,0.800,10.000,29.199,85.00,12.0000,154.5172,0.0684,1518.979382,2443.809
DailyProfile_ClimateSweep,43500.00,41.999,25.999,25.01,0.800,10.000,29.199,85.00,12.0000,154.5147,0.0684,1521.554627,2447.952
DailyProfile_ClimateSweep,43560.00,41.998,25.999,25.01,0.800,10.000,29.199,85.00,12.0000,154.5117,0.0684,1524.129822,2452.096
DailyProfile_ClimateSweep,43620.00,41.997,25.999,25.01,0.800,10.000,29.198,85.00,12.0000,154.5081,0.0684,1526.704956,2456.239
DailyProfile_ClimateSweep,43680.00,41.996,25.998,25.01,0.800,10.000,29.198,85.00,12.0000,154.5040,0.0684,1529.280022,2460.381
DailyProfile_ClimateSweep,43740.00,41.995,25.998,25.02,0.800,10.000,29.197,85.00,12.0000,154.4993,0.0684,1531.855010,2464.524
DailyProfile_ClimateSweep,43800.00,41.994,25.997,25.02,0.800,10.000,29.197,85.00,12.0000,154.4940,0.0684,1534.429910,2468.667
DailyProfile_ClimateSweep,43860.00,41.993,25.997,25.03,0.800,10.000,29.196,85.01,12.0000,154.4882,0.0684,1537.004714,2472.809
DailyProfile_ClimateSweep,43920.00,41.992,25.996,25.03,0.800,10.000,29.195,85.01,12.0000,154.4819,0.0684,1539.579413,2476.952
DailyProfile_ClimateSweep,43980.00,41.990,25.995,25.04,0.800,10.000,29.194,85.01,12.0000,154.4750,0.0684,1542.153996,2481.094
DailyProfile_ClimateSweep,44040.00,41.989,25.994,25.04,0.800,10.000,29.193,85.01,12.0000,154.4676,0.0683,1544.728455,2485.236
DailyProfile_ClimateSweep,44100.00,41.987,25.994,25.05,0.800,10.000,29.192,85.01,12.0000,154.4596,0.0683,1547.302781,2489.377
DailyProfile_ClimateSweep,44160.00,41.985,25.993,25.05,0.800,10.000,29.191,85.01,12.0000,154.4510,0.0683,1549.876965,2493.519
DailyProfile_ClimateSweep,44220.00,41.984,25.992,25.06,0.800,10.000,29.190,85.01,12.0000,154.4419,0.0683,1552.450997,2497.660
DailyProfile_ClimateSweep,44280.00,41.982,25.991,25.07,0.800,10.000,29.189,85.01,12.0000,154.4323,0.0683,1555.024869,2501.801
DailyProfile_ClimateSweep,44340.00,41.979,25.990,25.08,0.800,10.000,29.188,85.02,12.0000,154.4221,0.0683,1557.598570,2505.942
DailyProfile_ClimateSweep,44400.00,41.977,25.989,25.09,0.800,10.000,29.186,85.02,12.0000,154.4113,0.0683,1560.172093,2510.082
DailyProfile_ClimateSweep,44460.00,41.975,25.987,25.09,0.800,10.000,29.185,85.02,12.0000,154.4001,0.0683,1562.745427,2514.222
DailyProfile_ClimateSweep,44520.00,41.972,25.986,25.10,0.800,10.000,29.183,85.02,12.0000,154.3882,0.0683,1565.318564,2518.362
DailyProfile_ClimateSweep,44580.00,41.970,25.985,25.11,0.800,10.000,29.182,85.02,12.0000,154.3758,0.0683,1567.891494,2522.502
DailyProfile_ClimateSweep,44640.00,41.967,25.984,25.12,0.800,10.000,29.180,85.02,12.0000,154.3629,0.0683,1570.464209,2526.641
DailyProfile_ClimateSweep,44700.00,41.964,25.982,25.13,0.800,10.000,29.179,85.03,12.0000,154.3494,0.0683,1573.036699,2530.779
DailyProfile_ClimateSweep,44760.00,41.961,25.981,25.14,0.800,10.000,29.177,85.03,12.0000,154.3354,0.0683,1575.608955,2534.918
DailyProfile_ClimateSweep,44820.00,41.958,25.979,25.16,0.800,10.000,29.175,85.03,12.0000,154.3208,0.0683,1578.180968,2539.056
DailyProfile_ClimateSweep,44880.00,41.955,25.978,25.17,0.800,10.000,29.173,85.03,12.0000,154.3056,0.0683,1580.752729,2543.193
DailyProfile_ClimateSweep,44940.00,41.952,25.976,25.18,0.800,10.000,29.171,85.04,12.0000,154.2900,0.0683,1583.324228,2547.330
DailyProfile_ClimateSweep,45000.00,41.949,25.974,25.19,0.800,10.000,29.169,85.04,12.0000,154.2737,0.0683,1585.895457,2551.467
DailyProfile_ClimateSweep,45060.00,41.945,25.973,25.21,0.800,10.000,29.167,85.04,12.0000,154.2570,0.0683,1588.466406,2555.603
DailyProfile_ClimateSweep,45120.00,41.942,25.971,25.22,0.800,10.000,29.165,85.04,12.0000,154.2396,0.0682,1591.037067,2559.739
DailyProfile_ClimateSweep,45180.00,41.938,25.969,25.23,0.800,10.000,29.163,85.05,12.0000,154.2218,0.0682,1593.607430,2563.875
DailyProfile_ClimateSweep,45240.00,41.934,25.967,25.25,0.800,10.000,29.160,85.05,12.0000,154.2034,0.0682,1596.177486,2568.009
DailyProfile_ClimateSweep,45300.00,41.930,25.965,25.26,0.800,10.000,29.158,85.05,12.0000,154.1844,0.0682,1598.747226,2572.144
DailyProfile_ClimateSweep,45360.00,41.926,25.963,25.28,0.800,10.000,29.156,85.06,12.0000,154.1649,0.0682,1601.316641,2576.278
DailyProfile_ClimateSweep,45420.00,41.922,25.961,25.29,0.800,10.000,29.153,85.06,12.0000,154.1448,0.0682,1603.885721,2580.411
DailyProfile_ClimateSweep,45480.00,41.918,25.959,25.31,0.800,10.000,29.151,85.06,12.0000,154.1243,0.0682,1606.454459,2584.544
DailyProfile_ClimateSweep,45540.00,41.913,25.957,25.32,0.800,10.000,29.148,85.06,12.0000,154.1031,0.0682,1609.022844,2588.676
DailyProfile_ClimateSweep,45600.00,41.909,25.954,25.34,0.800,10.000,29.145,85.07,12.0000,154.0814,0.0682,1611.590868,2592.807
DailyProfile_ClimateSweep,45660.00,41.904,25.952,25.36,0.800,10.000,29.143,85.07,12.0000,154.0592,0.0682,1614.158522,2596.938
DailyProfile_ClimateSweep,45720.00,41.900,25.950,25.38,0.800,10.000,29.140,85.08,12.0000,154.0364,0.0682,1616.725796,2601.069
DailyProfile_ClimateSweep,45780.00,41.895,25.947,25.39,0.800,10.000,29.137,85.08,12.0000,154.0131,0.0681,1619.292682,2605.198
DailyProfile_ClimateSweep,45840.00,41.890,25.945,25.41,0.800,10.000,29.134,85.08,12.0000,153.9893,0.0681,1621.859170,2609.327
DailyProfile_ClimateSweep,45900.00,41.885,25.942,25.43,0.800,10.000,29.131,85.09,12.0000,153.9649,0.0681,1624.425251,2613.456
DailyProfile_ClimateSweep,45960.00,41.880,25.940,25.45,0.800,10.000,29.128,85.09,12.0000,153.9400,0.0681,1626.990917,2617.584
DailyProfile_ClimateSweep,46020.00,41.874,25.937,25.47,0.800,10.000,29.125,85.09,12.0000,153.9145,0.0681,1629.556159,2621.711
DailyProfile_ClimateSweep,46080.00,41.869,25.934,25.49,0.800,10.000,29.121,85.10,12.0000,153.8885,0.0681,1632.120967,2625.837
DailyProfile_ClimateSweep,46140.00,41.863,25.932,25.51,0.800,10.000,29.118,85.10,12.0000,153.8619,0.0681,1634.685332,2629.963
DailyProfile_ClimateSweep,46200.00,41.858,25.929,25.53,0.800,10.000,29.115,85.11,12.0000,153.8348,0.0681,1637.249246,2634.088
DailyProfile_ClimateSweep,46260.00,41.852,25.926,25.55,0.800,10.000,29.111,85.11,12.0000,153.8072,0.0681,1639.812699,2638.212
DailyProfile_ClimateSweep,46320.00,41.846,25.923,25.58,0.800,10.000,29.108,85.12,12.0000,153.7790,0.0680,1642.375683,2642.335
DailyProfile_ClimateSweep,46380.00,41.840,25.920,25.60,0.800,10.000,29.104,85.12,12.0000,153.7503,0.0680,1644.938188,2646.458
DailyProfile_ClimateSweep,46440.00,41.834,25.917,25.62,0.800,10.000,29.101,85.12,12.0000,153.7211,0.0680,1647.500206,2650.580
DailyProfile_ClimateSweep,46500.00,41.828,25.914,25.64,0.800,10.000,29.097,85.13,12.0000,153.6913,0.0680,1650.061728,2654.701
DailyProfile_ClimateSweep,46560.00,41.822,25.911,25.67,0.800,10.000,29.093,85.13,12.0000,153.6610,0.0680,1652.622745,2658.821
DailyProfile_ClimateSweep,46620.00,41.815,25.908,25.69,0.800,10.000,29.089,85.14,12.0000,153.6301,0.0680,1655.183247,2662.941
DailyProfile_ClimateSweep,46680.00,41.809,25.904,25.72,0.800,10.000,29.085,85.14,12.0000,153.5987,0.0680,1657.743226,2667.059
DailyProfile_ClimateSweep,46740.00,41.802,25.901,25.74,0.800,10.000,29.081,85.15,12.0000,153.5668,0.0679,1660.302673,2671.177
DailyProfile_ClimateSweep,46800.00,41.796,25.898,25.77,0.800,10.000,29.077,85.15,12.0000,153.5344,0.0679,1662.861579,2675.294
DailyProfile_ClimateSweep,46860.00,41.789,25.894,25.79,0.800,10.000,29.073,85.16,12.0000,153.5014,0.0679,1665.419936,2679.410
DailyProfile_ClimateSweep,46920.00,41.782,25.891,25.82,0.800,10.000,29.069,85.16,12.0000,153.4679,0.0679,1667.977734,2683.525
DailyProfile_ClimateSweep,46980.00,41.775,25.887,25.84,0.800,10.000,29.065,85.17,12.0000,153.4338,0.0679,1670.534964,2687.639
DailyProfile_ClimateSweep,47040.00,41.768,25.884,25.87,0.800,10.000,29.061,85.17,12.0000,153.3992,0.0679,1673.091618,2691.753
DailyProfile_ClimateSweep,47100.00,41.760,25.880,25.90,0.800,10.000,29.056,85.18,12.0000,153.3641,0.0679,1675.647687,2695.865
DailyProfile_ClimateSweep,47160.00,41.753,25.876,25.93,0.800,10.000,29.052,85.19,12.0000,153.3285,0.0678,1678.203162,2699.976
DailyProfile_ClimateSweep,47220.00,41.745,25.873,25.95,0.800,10.000,29.047,85.19,12.0000,153.2923,0.0678,1680.758034,2704.087
DailyProfile_ClimateSweep,47280.00,41.738,25.869,25.98,0.800,10.000,29.043,85.20,12.0000,153.2556,0.0678,1683.312294,2708.196
DailyProfile_ClimateSweep,47340.00,41.730,25.865,26.01,0.800,10.000,29.038,85.20,12.0000,153.2184,0.0678,1685.865934,2712.305
DailyProfile_ClimateSweep,47400.00,41.722,25.861,26.04,0.800,10.000,29.033,85.21,12.0000,153.1807,0.0678,1688.418945,2716.412
DailyProfile_ClimateSweep,47460.00,41.714,25.857,26.07,0.800,10.000,29.029,85.21,12.0000,153.1424,0.0678,1690.971318,2720.518
DailyProfile_ClimateSweep,47520.00,41.706,25.853,26.10,0.800,10.000,29.024,85.22,12.0000,153.1036,0.0677,1693.523044,2724.624
DailyProfile_ClimateSweep,47580.00,41.698,25.849,26.13,0.800,10.000,29.019,85.23,12.0000,153.0642,0.0677,1696.074115,2728.728
DailyProfile_ClimateSweep,47640.00,41.690,25.845,26.16,0.800,10.000,29.014,85.23,12.0000,153.0244,0.0677,1698.624522,2732.831
DailyProfile_ClimateSweep,47700.00,41.682,25.841,26.19,0.800,10.000,29.009,85.24,12.0000,152.9840,0.0677,1701.174255,2736.933
DailyProfile_ClimateSweep,47760.00,41.673,25.837,26.23,0.800,10.000,29.004,85.25,12.0000,152.9431,0.0677,1703.723307,2741.034
DailyProfile_ClimateSweep,47820.00,41.665,25.832,26.26,0.800,10.000,28.999,85.25,12.0000,152.9017,0.0677,1706.271669,2745.134
DailyProfile_ClimateSweep,47880.00,41.656,25.828,26.29,0.800,10.000,28.994,85.26,12.0000,152.8598,0.0676,1708.819332,2749.233
DailyProfile_ClimateSweep,47940.00,41.647,25.824,26.32,0.800,10.000,28.988,85.26,12.0000,152.8173,0.0676,1711.366287,2753.331
DailyProfile_ClimateSweep,48000.00,41.638,25.819,26.36,0.800,10.000,28.983,85.27,12.0000,152.7743,0.0676,1713.912525,2757.427
DailyProfile_ClimateSweep,48060.00,41.629,25.815,26.39,0.800,10.000,28.977,85.28,12.0000,152.7308,0.0676,1716.458039,2761.523
DailyProfile_ClimateSweep,48120.00,41.620,25.810,26.42,0.800,10.000,28.972,85.28,12.0000,152.6868,0.0676,1719.002820,2765.617
DailyProfile_ClimateSweep,48180.00,41.611,25.805,26.46,0.800,10.000,28.966,85.29,12.0000,152.6423,0.0675,1721.546858,2769.710
DailyProfile_ClimateSweep,48240.00,41.601,25.801,26.49,0.800,10.000,28.961,85.30,12.0000,152.5972,0.0675,1724.090145,2773.802
DailyProfile_ClimateSweep,48300.00,41.592,25.796,26.53,0.800,10.000,28.955,85.31,12.0000,152.5517,0.0675,1726.632673,2777.892
DailyProfile_ClimateSweep,48360.00,41.583,25.791,26.57,0.800,10.000,28.950,85.31,12.0000,152.5056,0.0675,1729.174433,2781.982
DailyProfile_ClimateSweep,48420.00,41.573,25.786,26.60,0.800,10.000,28.944,85.32,12.0000,152.4590,0.0675,1731.715416,2786.070
DailyProfile_ClimateSweep,48480.00,41.563,25.782,26.64,0.800,10.000,28.938,85.33,12.0000,152.4119,0.0674,1734.255615,2790.156
DailyProfile_ClimateSweep,48540.00,41.553,25.777,26.68,0.800,10.000,28.932,85.34,12.0000,152.3643,0.0674,1736.795020,2794.242
DailyProfile_ClimateSweep,48600.00,41.543,25.772,26.71,0.800,10.000,28.926,85.34,12.0000,152.3162,0.0674,1739.333623,2798.326
DailyProfile_ClimateSweep,48660.00,41.533,25.767,26.75,0.800,10.000,28.920,85.35,12.0000,152.2675,0.0674,1741.871415,2802.409
DailyProfile_ClimateSweep,48720.00,41.523,25.762,26.79,0.800,10.000,28.914,85.36,12.0000,152.2184,0.0674,1744.408389,2806.491
DailyProfile_ClimateSweep,48780.00,41.513,25.756,26.83,0.800,10.000,28.908,85.37,12.0000,152.1688,0.0673,1746.944535,2810.571
DailyProfile_ClimateSweep,48840.00,41.502,25.751,26.87,0.800,10.000,28.901,85.37,12.0000,152.1186,0.0673,1749.479845,2814.650
DailyProfile_ClimateSweep,48900.00,41.492,25.746,26.91,0.800,10.000,28.895,85.38,12.0000,152.0679,0.0673,1752.014310,2818.727
DailyProfile_ClimateSweep,48960.00,41.481,25.741,26.95,0.800,10.000,28.889,85.39,12.0000,152.0168,0.0673,1754.547923,2822.804
DailyProfile_ClimateSweep,49020.00,41.471,25.735,26.99,0.800,10.000,28.882,85.40,12.0000,151.9651,0.0672,1757.080675,2826.878
DailyProfile_ClimateSweep,49080.00,41.460,25.730,27.03,0.800,10.000,28.876,85.41,12.0000,151.9129,0.0672,1759.612557,2830.952
DailyProfile_ClimateSweep,49140.00,41.449,25.724,27.07,0.800,10.000,28.869,85.41,12.0000,151.8603,0.0672,1762.143561,2835.024
DailyProfile_ClimateSweep,49200.00,41.438,25.719,27.11,0.800,10.000,28.863,85.42,12.0000,151.8071,0.0672,1764.673679,2839.094
DailyProfile_ClimateSweep,49260.00,41.427,25.713,27.15,0.800,10.000,28.856,85.43,12.0000,151.7534,0.0671,1767.202902,2843.164
DailyProfile_ClimateSweep,49320.00,41.416,25.708,27.19,0.800,10.000,28.849,85.44,12.0000,151.6992,0.0671,1769.731223,2847.231
DailyProfile_ClimateSweep,49380.00,41.404,25.702,27.23,0.800,10.000,28.843,85.45,12.0000,151.6445,0.0671,1772.258632,2851.298
DailyProfile_ClimateSweep,49440.00,41.393,25.696,27.28,0.800,10.000,28.836,85.46,12.0000,151.5894,0.0671,1774.785121,2855.362
DailyProfile_ClimateSweep,49500.00,41.381,25.691,27.32,0.800,10.000,28.829,85.46,12.0000,151.5337,0.0671,1777.310683,2859.426
DailyProfile_ClimateSweep,49560.00,41.370,25.685,27.36,0.800,10.000,28.822,85.47,12.0000,151.4776,0.0670,1779.835309,2863.487
DailyProfile_ClimateSweep,49620.00,41.358,25.679,27.41,0.800,10.000,28.815,85.48,12.0000,151.4209,0.0670,1782.358991,2867.547
DailyProfile_ClimateSweep,49680.00,41.346,25.673,27.45,0.800,10.000,28.808,85.49,12.0000,151.3638,0.0670,1784.881720,2871.606
DailyProfile_ClimateSweep,49740.00,41.334,25.667,27.50,0.800,10.000,28.800,85.50,12.0000,151.3061,0.0669,1787.403489,2875.663
DailyProfile_ClimateSweep,49800.00,41.322,25.661,27.54,0.800,10.000,28.793,85.51,12.0000,151.2480,0.0669,1789.924289,2879.719
DailyProfile_ClimateSweep,49860.00,41.310,25.655,27.59,0.800,10.000,28.786,85.52,12.0000,151.1894,0.0669,1792.444111,2883.773
DailyProfile_ClimateSweep,49920.00,41.298,25.649,27.63,0.800,10.000,28.779,85.53,12.0000,151.1303,0.0669,1794.962949,2887.825
DailyProfile_ClimateSweep,49980.00,41.285,25.643,27.68,0.800,10.000,28.771,85.54,12.0000,151.0707,0.0668,1797.480794,2891.876
DailyProfile_ClimateSweep,50040.00,41.273,25.636,27.73,0.800,10.000,28.764,85.55,12.0000,151.0106,0.0668,1799.997637,2895.925
DailyProfile_ClimateSweep,50100.00,41.260,25.630,27.77,0.800,10.000,28.756,85.55,12.0000,150.9500,0.0668,1802.513471,2899.973
DailyProfile_ClimateSweep,50160.00,41.248,25.624,27.82,0.800,10.000,28.749,85.56,12.0000,150.8890,0.0668,1805.028287,2904.019
DailyProfile_ClimateSweep,50220.00,41.235,25.617,27.87,0.800,10.000,28.741,85.57,12.0000,150.8275,0.0667,1807.542078,2908.063
DailyProfile_ClimateSweep,50280.00,41.222,25.611,27.92,0.800,10.000,28.733,85.58,12.0000,150.7654,0.0667,1810.054835,2912.106
DailyProfile_ClimateSweep,50340.00,41.209,25.605,27.97,0.800,10.000,28.726,85.59,12.0000,150.7030,0.0667,1812.566551,2916.147
DailyProfile_ClimateSweep,50400.00,41.196,25.598,28.01,0.800,10.000,28.718,85.60,12.0000,150.6400,0.0667,1815.077217,2920.186
DailyProfile_ClimateSweep,50460.00,41.183,25.592,28.06,0.800,10.000,28.710,85.61,12.0000,150.5765,0.0666,1817.586826,2924.224
DailyProfile_ClimateSweep,50520.00,41.170,25.585,28.11,0.800,10.000,28.702,85.62,12.0000,150.5126,0.0666,1820.095370,2928.260
DailyProfile_ClimateSweep,50580.00,41.156,25.578,28.16,0.800,10.000,28.694,85.63,12.0000,150.4482,0.0666,1822.602840,2932.294
DailyProfile_ClimateSweep,50640.00,41.143,25.572,28.21,0.800,10.000,28.686,85.64,12.0000,150.3833,0.0665,1825.109229,2936.326
DailyProfile_ClimateSweep,50700.00,41.129,25.565,28.26,0.800,10.000,28.678,85.65,12.0000,150.3180,0.0665,1827.614529,2940.357
DailyProfile_ClimateSweep,50760.00,41.116,25.558,28.32,0.800,10.000,28.670,85.66,12.0000,150.2522,0.0665,1830.118732,2944.386
DailyProfile_ClimateSweep,50820.00,41.102,25.551,28.37,0.800,10.000,28.661,85.67,12.0000,150.1859,0.0665,1832.621830,2948.413
DailyProfile_ClimateSweep,50880.00,41.088,25.544,28.42,0.800,10.000,28.653,85.68,12.0000,150.1191,0.0664,1835.123815,2952.438
DailyProfile_ClimateSweep,50940.00,41.074,25.537,28.47,0.800,10.000,28.645,85.69,12.0000,150.0519,0.0664,1837.624680,2956.462
DailyProfile_ClimateSweep,51000.00,41.060,25.530,28.52,0.800,10.000,28.636,85.70,12.0000,149.9842,0.0664,1840.124417,2960.483
DailyProfile_ClimateSweep,51060.00,41.046,25.523,28.58,0.800,10.000,28.628,85.72,12.0000,149.9161,0.0663,1842.623018,2964.503
DailyProfile_ClimateSweep,51120.00,41.032,25.516,28.63,0.800,10.000,28.619,85.73,12.0000,149.8474,0.0663,1845.120475,2968.521
DailyProfile_ClimateSweep,51180.00,41.018,25.509,28.68,0.800,10.000,28.611,85.74,12.0000,149.7784,0.0663,1847.616781,2972.537
DailyProfile_ClimateSweep,51240.00,41.003,25.502,28.74,0.800,10.000,28.602,85.75,12.0000,149.7088,0.0662,1850.111928,2976.552
DailyProfile_ClimateSweep,51300.00,40.989,25.494,28.79,0.800,10.000,28.593,85.76,12.0000,149.6388,0.0662,1852.605908,2980.564
DailyProfile_ClimateSweep,51360.00,40.974,25.487,28.85,0.800,10.000,28.585,85.77,12.0000,149.5683,0.0662,1855.098714,2984.575
DailyProfile_ClimateSweep,51420.00,40.960,25.480,28.90,0.800,10.000,28.576,85.78,12.0000,149.4974,0.0661,1857.590337,2988.583
DailyProfile_ClimateSweep,51480.00,40.945,25.472,28.96,0.800,10.000,28.567,85.79,12.0000,149.4260,0.0661,1860.080771,2992.590
DailyProfile_ClimateSweep,51540.00,40.930,25.465,29.01,0.800,10.000,28.558,85.80,12.0000,149.3542,0.0661,1862.570008,2996.595
DailyProfile_ClimateSweep,51600.00,40.915,25.457,29.07,0.800,10.000,28.549,85.81,12.0000,149.2819,0.0661,1865.058040,3000.598
DailyProfile_ClimateSweep,51660.00,40.900,25.450,29.13,0.800,10.000,28.540,85.83,12.0000,149.2092,0.0660,1867.544860,3004.599
DailyProfile_ClimateSweep,51720.00,40.885,25.442,29.18,0.800,10.000,28.531,85.84,12.0000,149.1360,0.0660,1870.030460,3008.598
DailyProfile_ClimateSweep,51780.00,40.869,25.435,29.24,0.800,10.000,28.522,85.85,12.0000,149.0624,0.0660,1872.514833,3012.595
DailyProfile_ClimateSweep,51840.00,40.854,25.427,29.30,0.800,10.000,28.512,85.86,12.0000,148.9883,0.0659,1874.997971,3016.590
DailyProfile_ClimateSweep,51900.00,40.839,25.419,29.35,0.800,10.000,28.503,85.87,12.0000,148.9138,0.0659,1877.479867,3020.583
DailyProfile_ClimateSweep,51960.00,40.823,25.412,29.41,0.800,10.000,28.494,85.88,12.0000,148.8388,0.0659,1879.960514,3024.574
DailyProfile_ClimateSweep,52020.00,40.808,25.404,29.47,0.800,10.000,28.485,85.89,12.0000,148.7634,0.0658,1882.439903,3028.563
DailyProfile_ClimateSweep,52080.00,40.792,25.396,29.53,0.800,10.000,28.475,85.91,12.0000,148.6875,0.0658,1884.918028,3032.550
DailyProfile_ClimateSweep,52140.00,40.776,25.388,29.59,0.800,10.000,28.466,85.92,12.0000,148.6112,0.0658,1887.394882,3036.534
DailyProfile_ClimateSweep,52200.00,40.760,25.380,29.65,0.800,10.000,28.456,85.93,12.0000,148.5345,0.0657,1889.870456,3040.517
DailyProfile_ClimateSweep,52260.00,40.744,25.372,29.71,0.800,10.000,28.446,85.94,12.0000,148.4573,0.0657,1892.344744,3044.498
DailyProfile_ClimateSweep,52320.00,40.728,25.364,29.77,0.800,10.000,28.437,85.95,12.0000,148.3797,0.0657,1894.817739,3048.477
DailyProfile_ClimateSweep,52380.00,40.712,25.356,29.83,0.800,10.000,28.427,85.97,12.0000,148.3016,0.0656,1897.289433,3052.453
DailyProfile_ClimateSweep,52440.00,40.696,25.348,29.89,0.800,10.000,28.417,85.98,12.0000,148.2231,0.0656,1899.759819,3056.428
DailyProfile_ClimateSweep,52500.00,40.679,25.340,29.95,0.800,10.000,28.408,85.99,12.0000,148.1442,0.0656,1902.228889,3060.400
DailyProfile_ClimateSweep,52560.00,40.663,25.331,30.01,0.800,10.000,28.398,86.00,12.0000,148.0649,0.0655,1904.696637,3064.370
DailyProfile_ClimateSweep,52620.00,40.646,25.323,30.08,0.800,10.000,28.388,86.02,12.0000,147.9851,0.0655,1907.163056,3068.338
DailyProfile_ClimateSweep,52680.00,40.630,25.315,30.14,0.800,10.000,28.378,86.03,12.0000,147.9049,0.0654,1909.628138,3072.304
DailyProfile_ClimateSweep,52740.00,40.613,25.307,30.20,0.800,10.000,28.368,86.04,12.0000,147.8243,0.0654,1912.091877,3076.268
DailyProfile_ClimateSweep,52800.00,40.596,25.298,30.26,0.800,10.000,28.358,86.05,12.0000,147.7433,0.0654,1914.554264,3080.230
DailyProfile_ClimateSweep,52860.00,40.579,25.290,30.33,0.800,10.000,28.348,86.07,12.0000,147.6618,0.0653,1917.015294,3084.189
DailyProfile_ClimateSweep,52920.00,40.562,25.281,30.39,0.800,10.000,28.337,86.08,12.0000,147.5799,0.0653,1919.474959,3088.146
DailyProfile_ClimateSweep,52980.00,40.545,25.273,30.45,0.800,10.000,28.327,86.09,12.0000,147.4976,0.0653,1921.933252,3092.101
DailyProfile_ClimateSweep,53040.00,40.528,25.264,30.52,0.800,10.000,28.317,86.10,12.0000,147.4148,0.0652,1924.390166,3096.054
DailyProfile_ClimateSweep,53100.00,40.511,25.256,30.58,0.800,10.000,28.307,86.12,12.0000,147.3317,0.0652,1926.845694,3100.005
DailyProfile_ClimateSweep,53160.00,40.494,25.247,30.65,0.800,10.000,28.296,86.13,12.0000,147.2481,0.0652,1929.299830,3103.953
DailyProfile_ClimateSweep,53220.00,40.476,25.238,30.71,0.800,10.000,28.286,86.14,12.0000,147.1642,0.0651,1931.752566,3107.899
DailyProfile_ClimateSweep,53280.00,40.459,25.229,30.78,0.800,10.000,28.275,86.16,12.0000,147.0798,0.0651,1934.203896,3111.843
DailyProfile_ClimateSweep,53340.00,40.441,25.221,30.85,0.800,10.000,28.265,86.17,12.0000,146.9950,0.0650,1936.653812,3115.785
DailyProfile_ClimateSweep,53400.00,40.424,25.212,30.91,0.800,10.000,28.254,86.18,12.0000,146.9098,0.0650,1939.102309,3119.724
DailyProfile_ClimateSweep,53460.00,40.406,25.203,30.98,0.800,10.000,28.244,86.20,12.0000,146.8242,0.0650,1941.549379,3123.661
DailyProfile_ClimateSweep,53520.00,40.388,25.194,31.04,0.800,10.000,28.233,86.21,12.0000,146.7382,0.0649,1943.995015,3127.596
DailyProfile_ClimateSweep,53580.00,40.370,25.185,31.11,0.800,10.000,28.222,86.22,12.0000,146.6517,0.0649,1946.439210,3131.528
DailyProfile_ClimateSweep,53640.00,40.352,25.176,31.18,0.800,10.000,28.211,86.24,12.0000,146.5649,0.0649,1948.881959,3135.458
DailyProfile_ClimateSweep,53700.00,40.334,25.167,31.25,0.800,10.000,28.201,86.25,12.0000,146.4777,0.0648,1951.323254,3139.386
DailyProfile_ClimateSweep,53760.00,40.316,25.158,31.31,0.800,10.000,28.190,86.26,12.0000,146.3901,0.0648,1953.763089,3143.311
DailyProfile_ClimateSweep,53820.00,40.298,25.149,31.38,0.800,10.000,28.179,86.28,12.0000,146.3021,0.0647,1956.201457,3147.234
DailyProfile_ClimateSweep,53880.00,40.280,25.140,31.45,0.800,10.000,28.168,86.29,12.0000,146.2137,0.0647,1958.638351,3151.154
DailyProfile_ClimateSweep,53940.00,40.261,25.131,31.52,0.800,10.000,28.157,86.30,12.0000,146.1249,0.0647,1961.073766,3155.073
DailyProfile_ClimateSweep,54000.00,40.243,25.121,31.59,0.800,10.000,28.146,86.32,12.0000,146.0357,0.0646,1963.507693,3158.988
DailyProfile_ClimateSweep,54060.00,40.224,25.112,31.66,0.800,10.000,28.134,86.33,12.0000,145.9461,0.0646,1965.940128,3162.902
DailyProfile_ClimateSweep,54120.00,40.205,25.103,31.73,0.800,10.000,28.123,86.35,12.0000,145.8561,0.0645,1968.371063,3166.813
DailyProfile_ClimateSweep,54180.00,40.187,25.093,31.80,0.800,10.000,28.112,86.36,12.0000,145.7657,0.0645,1970.800492,3170.721
DailyProfile_ClimateSweep,54240.00,40.168,25.084,31.87,0.800,10.000,28.101,86.37,12.0000,145.6750,0.0645,1973.228409,3174.628
DailyProfile_ClimateSweep,54300.00,40.149,25.075,31.94,0.800,10.000,28.089,86.39,12.0000,145.5839,0.0644,1975.654807,3178.531
DailyProfile_ClimateSweep,54360.00,40.130,25.065,32.01,0.800,10.000,28.078,86.40,12.0000,145.4924,0.0644,1978.079679,3182.433
DailyProfile_ClimateSweep,54420.00,40.111,25.056,32.08,0.800,10.000,28.067,86.42,12.0000,145.4005,0.0643,1980.503020,3186.331
DailyProfile_ClimateSweep,54480.00,40.092,25.046,32.16,0.800,10.000,28.055,86.43,12.0000,145.3082,0.0643,1982.924824,3190.228
DailyProfile_ClimateSweep,54540.00,40.073,25.036,32.23,0.800,10.000,28.044,86.45,12.0000,145.2156,0.0643,1985.345083,3194.122
DailyProfile_ClimateSweep,54600.00,40.054,25.027,32.30,0.800,10.000,28.032,86.46,12.0000,145.1225,0.0642,1987.763792,3198.013
DailyProfile_ClimateSweep,54660.00,40.034,25.017,32.37,0.800,10.000,28.021,86.47,12.0000,145.0291,0.0642,1990.180945,3201.902
DailyProfile_ClimateSweep,54720.00,40.015,25.007,32.44,0.800,10.000,28.009,86.49,12.0000,144.9354,0.0641,1992.596534,3205.788
DailyProfile_ClimateSweep,54780.00,39.995,24.998,32.52,0.800,10.000,27.997,86.50,12.0000,144.8413,0.0641,1995.010555,3209.672
DailyProfile_ClimateSweep,54840.00,39.976,24.988,32.59,0.800,10.000,27.985,86.52,12.0000,144.7468,0.0640,1997.423001,3213.553
DailyProfile_ClimateSweep,54900.00,39.956,24.978,32.66,0.800,10.000,27.974,86.53,12.0000,144.6519,0.0640,1999.833866,3217.432
DailyProfile_ClimateSweep,54960.00,39.936,24.968,32.74,0.800,10.000,27.962,86.55,12.0000,144.5567,0.0640,2002.243144,3221.308
DailyProfile_ClimateSweep,55020.00,39.917,24.958,32.81,0.800,10.000,27.950,86.56,12.0000,144.4611,0.0639,2004.650829,3225.182
DailyProfile_ClimateSweep,55080.00,39.897,24.948,32.89,0.800,10.000,27.938,86.58,12.0000,144.3651,0.0639,2007.056914,3229.053
DailyProfile_ClimateSweep,55140.00,39.877,24.938,32.96,0.800,10.000,27.926,86.59,12.0000,144.2688,0.0638,2009.461394,3232.921
DailyProfile_ClimateSweep,55200.00,39.857,24.928,33.04,0.800,10.000,27.914,86.61,12.0000,144.1722,0.0638,2011.864264,3236.787
DailyProfile_ClimateSweep,55260.00,39.837,24.918,33.11,0.800,10.000,27.902,86.62,12.0000,144.0751,0.0638,2014.265516,3240.650
DailyProfile_ClimateSweep,55320.00,39.816,24.908,33.19,0.800,10.000,27.890,86.64,12.0000,143.9778,0.0637,2016.665145,3244.511
DailyProfile_ClimateSweep,55380.00,39.796,24.898,33.26,0.800,10.000,27.878,86.65,12.0000,143.8800,0.0637,2019.063146,3248.369
DailyProfile_ClimateSweep,55440.00,39.776,24.888,33.34,0.800,10.000,27.866,86.67,12.0000,143.7820,0.0636,2021.459512,3252.224
DailyProfile_ClimateSweep,55500.00,39.756,24.878,33.42,0.800,10.000,27.853,86.68,12.0000,143.6836,0.0636,2023.854238,3256.077
DailyProfile_ClimateSweep,55560.00,39.735,24.868,33.49,0.800,10.000,27.841,86.70,12.0000,143.5848,0.0635,2026.247318,3259.927
DailyProfile_ClimateSweep,55620.00,39.715,24.857,33.57,0.800,10.000,27.829,86.71,12.0000,143.4857,0.0635,2028.638746,3263.775
DailyProfile_ClimateSweep,55680.00,39.694,24.847,33.65,0.800,10.000,27.816,86.73,12.0000,143.3862,0.0634,2031.028517,3267.619
DailyProfile_ClimateSweep,55740.00,39.673,24.837,33.73,0.800,10.000,27.804,86.75,12.0000,143.2864,0.0634,2033.416624,3271.461
DailyProfile_ClimateSweep,55800.00,39.653,24.826,33.80,0.800,10.000,27.792,86.76,12.0000,143.1863,0.0634,2035.803063,3275.301
DailyProfile_ClimateSweep,55860.00,39.632,24.816,33.88,0.800,10.000,27.779,86.78,12.0000,143.0859,0.0633,2038.187827,3279.138
DailyProfile_ClimateSweep,55920.00,39.611,24.805,33.96,0.800,10.000,27.767,86.79,12.0000,142.9851,0.0633,2040.570912,3282.972
DailyProfile_ClimateSweep,55980.00,39.590,24.795,34.04,0.800,10.000,27.754,86.81,12.0000,142.8839,0.0632,2042.952311,3286.803
DailyProfile_ClimateSweep,56040.00,39.569,24.784,34.12,0.800,10.000,27.741,86.82,12.0000,142.7825,0.0632,2045.332019,3290.632
DailyProfile_ClimateSweep,56100.00,39.548,24.774,34.20,0.800,10.000,27.729,86.84,12.0000,142.6807,0.0631,2047.710031,3294.457
DailyProfile_ClimateSweep,56160.00,39.527,24.763,34.27,0.800,10.000,27.716,86.85,12.0000,142.5786,0.0631,2050.086340,3298.281
DailyProfile_ClimateSweep,56220.00,39.505,24.753,34.35,0.800,10.000,27.703,86.87,12.0000,142.4761,0.0630,2052.460943,3302.101
DailyProfile_ClimateSweep,56280.00,39.484,24.742,34.43,0.800,10.000,27.691,86.89,12.0000,142.3734,0.0630,2054.833833,3305.919
DailyProfile_ClimateSweep,56340.00,39.463,24.731,34.51,0.800,10.000,27.678,86.90,12.0000,142.2703,0.0630,2057.205004,3309.733
DailyProfile_ClimateSweep,56400.00,39.441,24.721,34.59,0.800,10.000,27.665,86.92,12.0000,142.1669,0.0629,2059.574453,3313.545
DailyProfile_ClimateSweep,56460.00,39.420,24.710,34.68,0.800,10.000,27.652,86.94,12.0000,142.0632,0.0629,2061.942173,3317.355
DailyProfile_ClimateSweep,56520.00,39.398,24.699,34.76,0.800,10.000,27.639,86.95,12.0000,141.9592,0.0628,2064.308159,3321.161
DailyProfile_ClimateSweep,56580.00,39.377,24.688,34.84,0.800,10.000,27.626,86.97,12.0000,141.8548,0.0628,2066.672407,3324.965
DailyProfile_ClimateSweep,56640.00,39.355,24.678,34.92,0.800,10.000,27.613,86.98,12.0000,141.7502,0.0627,2069.034910,3328.766
DailyProfile_ClimateSweep,56700.00,39.333,24.667,35.00,0.800,10.000,27.600,87.00,12.0000,141.6452,0.0627,2071.395663,3332.564
DailyProfile_ClimateSweep,56760.00,39.312,24.656,35.08,0.800,10.000,27.587,87.02,12.0000,141.5400,0.0626,2073.754663,3336.359
DailyProfile_ClimateSweep,56820.00,39.290,24.645,35.16,0.800,10.000,27.574,87.03,12.0000,141.4344,0.0626,2076.111903,3340.152
DailyProfile_ClimateSweep,56880.00,39.268,24.634,35.25,0.800,10.000,27.561,87.05,12.0000,141.3285,0.0625,2078.467378,3343.941
DailyProfile_ClimateSweep,56940.00,39.246,24.623,35.33,0.800,10.000,27.548,87.07,12.0000,141.2223,0.0625,2080.821084,3347.728
DailyProfile_ClimateSweep,57000.00,39.224,24.612,35.41,0.800,10.000,27.534,87.08,12.0000,141.1159,0.0624,2083.173015,3351.512
DailyProfile_ClimateSweep,57060.00,39.202,24.601,35.49,0.800,10.000,27.521,87.10,12.0000,141.0091,0.0624,2085.523167,3355.293
DailyProfile_ClimateSweep,57120.00,39.180,24.590,35.58,0.800,10.000,27.508,87.12,12.0000,140.9020,0.0623,2087.871534,3359.071
DailyProfile_ClimateSweep,57180.00,39.157,24.579,35.66,0.800,10.000,27.494,87.13,12.0000,140.7947,0.0623,2090.218112,3362.846
DailyProfile_ClimateSweep,57240.00,39.135,24.567,35.74,0.800,10.000,27.481,87.15,12.0000,140.6870,0.0623,2092.562896,3366.619
DailyProfile_ClimateSweep,57300.00,39.113,24.556,35.83,0.800,10.000,27.468,87.17,12.0000,140.5791,0.0622,2094.905882,3370.388
DailyProfile_ClimateSweep,57360.00,39.090,24.545,35.91,0.800,10.000,27.454,87.18,12.0000,140.4709,0.0622,2097.247063,3374.155
DailyProfile_ClimateSweep,57420.00,39.068,24.534,36.00,0.800,10.000,27.441,87.20,12.0000,140.3624,0.0621,2099.586436,3377.919
DailyProfile_ClimateSweep,57480.00,39.045,24.523,36.08,0.800,10.000,27.427,87.22,12.0000,140.2536,0.0621,2101.923996,3381.679
DailyProfile_ClimateSweep,57540.00,39.023,24.511,36.17,0.800,10.000,27.414,87.23,12.0000,140.1445,0.0620,2104.259739,3385.437
DailyProfile_ClimateSweep,57600.00,39.000,24.500,36.25,0.800,10.000,27.400,87.25,12.0000,140.0352,0.0620,2106.593659,3389.192
DailyProfile_ClimateSweep,57660.00,38.977,24.489,36.34,0.800,10.000,27.386,87.27,12.0000,139.9256,0.0619,2108.925752,3392.944
DailyProfile_ClimateSweep,57720.00,38.955,24.477,36.42,0.800,10.000,27.373,87.28,12.0000,139.8157,0.0619,2111.256013,3396.693
DailyProfile_ClimateSweep,57780.00,38.932,24.466,36.51,0.800,10.000,27.359,87.30,12.0000,139.7055,0.0618,2113.584439,3400.439
DailyProfile_ClimateSweep,57840.00,38.909,24.454,36.59,0.800,10.000,27.345,87.32,12.0000,139.5951,0.0618,2115.911024,3404.183
DailyProfile_ClimateSweep,57900.00,38.886,24.443,36.68,0.800,10.000,27.332,87.34,12.0000,139.4844,0.0617,2118.235764,3407.923
DailyProfile_ClimateSweep,57960.00,38.863,24.431,36.76,0.800,10.000,27.318,87.35,12.0000,139.3734,0.0617,2120.558654,3411.660
DailyProfile_ClimateSweep,58020.00,38.840,24.420,36.85,0.800,10.000,27.304,87.37,12.0000,139.2622,0.0616,2122.879691,3415.394
DailyProfile_ClimateSweep,58080.00,38.817,24.408,36.94,0.800,10.000,27.290,87.39,12.0000,139.1507,0.0616,2125.198869,3419.125
DailyProfile_ClimateSweep,58140.00,38.794,24.397,37.02,0.800,10.000,27.276,87.40,12.0000,139.0390,0.0615,2127.516185,3422.853
DailyProfile_ClimateSweep,58200.00,38.770,24.385,37.11,0.800,10.000,27.262,87.42,12.0000,138.9270,0.0615,2129.831634,3426.579
DailyProfile_ClimateSweep,58260.00,38.747,24.374,37.20,0.800,10.000,27.248,87.44,12.0000,138.8147,0.0614,2132.145212,3430.301
DailyProfile_ClimateSweep,58320.00,38.724,24.362,37.29,0.800,10.000,27.234,87.46,12.0000,138.7022,0.0614,2134.456915,3434.020
DailyProfile_ClimateSweep,58380.00,38.701,24.350,37.37,0.800,10.000,27.220,87.47,12.0000,138.5894,0.0613,2136.766739,3437.736
DailyProfile_ClimateSweep,58440.00,38.677,24.339,37.46,0.800,10.000,27.206,87.49,12.0000,138.4764,0.0613,2139.074679,3441.449
DailyProfile_ClimateSweep,58500.00,38.654,24.327,37.55,0.800,10.000,27.192,87.51,12.0000,138.3631,0.0612,2141.380731,3445.159
DailyProfile_ClimateSweep,58560.00,38.630,24.315,37.64,0.800,10.000,27.178,87.53,12.0000,138.2496,0.0612,2143.684892,3448.866
DailyProfile_ClimateSweep,58620.00,38.607,24.303,37.72,0.800,10.000,27.164,87.54,12.0000,138.1359,0.0611,2145.987157,3452.570
DailyProfile_ClimateSweep,58680.00,38.583,24.292,37.81,0.800,10.000,27.150,87.56,12.0000,138.0219,0.0611,2148.287522,3456.271
DailyProfile_ClimateSweep,58740.00,38.559,24.280,37.90,0.800,10.000,27.136,87.58,12.0000,137.9077,0.0610,2150.585983,3459.969
DailyProfile_ClimateSweep,58800.00,38.536,24.268,37.99,0.800,10.000,27.121,87.60,12.0000,137.7932,0.0610,2152.882537,3463.664
DailyProfile_ClimateSweep,58860.00,38.512,24.256,38.08,0.800,10.000,27.107,87.62,12.0000,137.6785,0.0609,2155.177180,3467.356
DailyProfile_ClimateSweep,58920.00,38.488,24.244,38.17,0.800,10.000,27.093,87.63,12.0000,137.5636,0.0609,2157.469907,3471.045
DailyProfile_ClimateSweep,58980.00,38.464,24.232,38.26,0.800,10.000,27.079,87.65,12.0000,137.4485,0.0608,2159.760715,3474.730
DailyProfile_ClimateSweep,59040.00,38.440,24.220,38.35,0.800,10.000,27.064,87.67,12.0000,137.3331,0.0608,2162.049600,3478.413
DailyProfile_ClimateSweep,59100.00,38.416,24.208,38.44,0.800,10.000,27.050,87.69,12.0000,137.2175,0.0607,2164.336558,3482.092
DailyProfile_ClimateSweep,59160.00,38.392,24.196,38.53,0.800,10.000,27.035,87.71,12.0000,137.1017,0.0607,2166.621586,3485.768
DailyProfile_ClimateSweep,59220.00,38.368,24.184,38.62,0.800,10.000,27.021,87.72,12.0000,136.9856,0.0606,2168.904680,3489.441
DailyProfile_ClimateSweep,59280.00,38.344,24.172,38.71,0.800,10.000,27.007,87.74,12.0000,136.8694,0.0606,2171.185836,3493.111
DailyProfile_ClimateSweep,59340.00,38.320,24.160,38.80,0.800,10.000,26.992,87.76,12.0000,136.7529,0.0605,2173.465051,3496.778
DailyProfile_ClimateSweep,59400.00,38.296,24.148,38.89,0.800,10.000,26.978,87.78,12.0000,136.6362,0.0605,2175.742321,3500.442
DailyProfile_ClimateSweep,59460.00,38.272,24.136,38.98,0.800,10.000,26.963,87.80,12.0000,136.5193,0.0604,2178.017643,3504.103
DailyProfile_ClimateSweep,59520.00,38.248,24.124,39.07,0.800,10.000,26.949,87.81,12.0000,136.4022,0.0604,2180.291013,3507.760
DailyProfile_ClimateSweep,59580.00,38.223,24.112,39.16,0.800,10.000,26.934,87.83,12.0000,136.2849,0.0603,2182.562428,3511.415
DailyProfile_ClimateSweep,59640.00,38.199,24.100,39.25,0.800,10.000,26.919,87.85,12.0000,136.1674,0.0603,2184.831884,3515.066
DailyProfile_ClimateSweep,59700.00,38.175,24.087,39.35,0.800,10.000,26.905,87.87,12.0000,136.0496,0.0602,2187.099378,3518.714
DailyProfile_ClimateSweep,59760.00,38.150,24.075,39.44,0.800,10.000,26.890,87.89,12.0000,135.9317,0.0601,2189.364907,3522.359
DailyProfile_ClimateSweep,59820.00,38.126,24.063,39.53,0.800,10.000,26.875,87.91,12.0000,135.8136,0.0601,2191.628467,3526.000
DailyProfile_ClimateSweep,59880.00,38.101,24.051,39.62,0.800,10.000,26.861,87.92,12.0000,135.6953,0.0600,2193.890055,3529.639
DailyProfile_ClimateSweep,59940.00,38.077,24.038,39.71,0.800,10.000,26.846,87.94,12.0000,135.5768,0.0600,2196.149668,3533.274
DailyProfile_ClimateSweep,60000.00,38.052,24.026,39.80,0.800,10.000,26.831,87.96,12.0000,135.4581,0.0599,2198.407303,3536.907
DailyProfile_ClimateSweep,60060.00,38.028,24.014,39.90,0.800,10.000,26.817,87.98,12.0000,135.3392,0.0599,2200.662956,3540.536
DailyProfile_ClimateSweep,60120.00,38.003,24.001,39.99,0.800,10.000,26.802,88.00,12.0000,135.2201,0.0598,2202.916625,3544.161
DailyProfile_ClimateSweep,60180.00,37.978,23.989,40.08,0.800,10.000,26.787,88.02,12.0000,135.1009,0.0598,2205.168306,3547.784
DailyProfile_ClimateSweep,60240.00,37.953,23.977,40.17,0.800,10.000,26.772,88.03,12.0000,134.9814,0.0597,2207.417996,3551.403
DailyProfile_ClimateSweep,60300.00,37.929,23.964,40.27,0.800,10.000,26.757,88.05,12.0000,134.8618,0.0597,2209.665693,3555.020
DailyProfile_ClimateSweep,60360.00,37.904,23.952,40.36,0.800,10.000,26.742,88.07,12.0000,134.7420,0.0596,2211.911393,3558.633
DailyProfile_ClimateSweep,60420.00,37.879,23.939,40.45,0.800,10.000,26.727,88.09,12.0000,134.6220,0.0596,2214.155093,3562.242
DailyProfile_ClimateSweep,60480.00,37.854,23.927,40.55,0.800,10.000,26.712,88.11,12.0000,134.5019,0.0595,2216.396791,3565.849
DailyProfile_ClimateSweep,60540.00,37.829,23.915,40.64,0.800,10.000,26.698,88.13,12.0000,134.3816,0.0595,2218.636484,3569.452
DailyProfile_ClimateSweep,60600.00,37.804,23.902,40.73,0.800,10.000,26.683,88.15,12.0000,134.2611,0.0594,2220.874169,3573.052
DailyProfile_ClimateSweep,60660.00,37.779,23.890,40.83,0.800,10.000,26.668,88.17,12.0000,134.1404,0.0594,2223.109843,3576.649
DailyProfile_ClimateSweep,60720.00,37.754,23.877,40.92,0.800,10.000,26.653,88.18,12.0000,134.0196,0.0593,2225.343504,3580.243
DailyProfile_ClimateSweep,60780.00,37.729,23.865,41.02,0.800,10.000,26.638,88.20,12.0000,133.8987,0.0592,2227.575148,3583.833
DailyProfile_ClimateSweep,60840.00,37.704,23.852,41.11,0.800,10.000,26.622,88.22,12.0000,133.7775,0.0592,2229.804773,3587.420
DailyProfile_ClimateSweep,60900.00,37.679,23.839,41.20,0.800,10.000,26.607,88.24,12.0000,133.6562,0.0591,2232.032377,3591.004
DailyProfile_ClimateSweep,60960.00,37.654,23.827,41.30,0.800,10.000,26.592,88.26,12.0000,133.5348,0.0591,2234.257957,3594.585
DailyProfile_ClimateSweep,61020.00,37.629,23.814,41.39,0.800,10.000,26.577,88.28,12.0000,133.4132,0.0590,2236.481510,3598.162
DailyProfile_ClimateSweep,61080.00,37.603,23.802,41.49,0.800,10.000,26.562,88.30,12.0000,133.2914,0.0590,2238.703034,3601.736
DailyProfile_ClimateSweep,61140.00,37.578,23.789,41.58,0.800,10.000,26.547,88.32,12.0000,133.1696,0.0589,2240.922526,3605.307
DailyProfile_ClimateSweep,61200.00,37.553,23.776,41.68,0.800,10.000,26.532,88.34,12.0000,133.0475,0.0589,2243.139985,3608.875
DailyProfile_ClimateSweep,61260.00,37.528,23.764,41.77,0.800,10.000,26.517,88.35,12.0000,132.9253,0.0588,2245.355407,3612.439
DailyProfile_ClimateSweep,61320.00,37.502,23.751,41.87,0.800,10.000,26.501,88.37,12.0000,132.8030,0.0588,2247.568791,3616.000
DailyProfile_ClimateSweep,61380.00,37.477,23.738,41.96,0.800,10.000,26.486,88.39,12.0000,132.6806,0.0587,2249.780133,3619.558
DailyProfile_ClimateSweep,61440.00,37.452,23.726,42.06,0.800,10.000,26.471,88.41,12.0000,132.5580,0.0587,2251.989432,3623.112
DailyProfile_ClimateSweep,61500.00,37.426,23.713,42.15,0.800,10.000,26.456,88.43,12.0000,132.4352,0.0586,2254.196686,3626.663
DailyProfile_ClimateSweep,61560.00,37.401,23.700,42.25,0.800,10.000,26.440,88.45,12.0000,132.3124,0.0585,2256.401892,3630.211
DailyProfile_ClimateSweep,61620.00,37.375,23.688,42.34,0.800,10.000,26.425,88.47,12.0000,132.1894,0.0585,2258.605049,3633.756
DailyProfile_ClimateSweep,61680.00,37.350,23.675,42.44,0.800,10.000,26.410,88.49,12.0000,132.0663,0.0584,2260.806153,3637.297
DailyProfile_ClimateSweep,61740.00,37.324,23.662,42.53,0.800,10.000,26.395,88.51,12.0000,131.9430,0.0584,2263.005203,3640.835
DailyProfile_ClimateSweep,61800.00,37.299,23.649,42.63,0.800,10.000,26.379,88.53,12.0000,131.8197,0.0583,2265.202198,3644.370
DailyProfile_ClimateSweep,61860.00,37.273,23.637,42.73,0.800,10.000,26.364,88.55,12.0000,131.6962,0.0583,2267.397134,3647.901
DailyProfile_ClimateSweep,61920.00,37.247,23.624,42.82,0.800,10.000,26.348,88.56,12.0000,131.5726,0.0582,2269.590010,3651.429
DailyProfile_ClimateSweep,61980.00,37.222,23.611,42.92,0.800,10.000,26.333,88.58,12.0000,131.4489,0.0582,2271.780825,3654.954
DailyProfile_ClimateSweep,62040.00,37.196,23.598,43.01,0.800,10.000,26.318,88.60,12.0000,131.3250,0.0581,2273.969576,3658.475
DailyProfile_ClimateSweep,62100.00,37.171,23.585,43.11,0.800,10.000,26.302,88.62,12.0000,131.2011,0.0581,2276.156261,3661.993
DailyProfile_ClimateSweep,62160.00,37.145,23.572,43.21,0.800,10.000,26.287,88.64,12.0000,131.0771,0.0580,2278.340879,3665.508
DailyProfile_ClimateSweep,62220.00,37.119,23.560,43.30,0.800,10.000,26.271,88.66,12.0000,130.9529,0.0579,2280.523428,3669.019
DailyProfile_ClimateSweep,62280.00,37.093,23.547,43.40,0.800,10.000,26.256,88.68,12.0000,130.8287,0.0579,2282.703905,3672.527
DailyProfile_ClimateSweep,62340.00,37.068,23.534,43.50,0.800,10.000,26.241,88.70,12.0000,130.7043,0.0578,2284.882311,3676.032
DailyProfile_ClimateSweep,62400.00,37.042,23.521,43.59,0.800,10.000,26.225,88.72,12.0000,130.5799,0.0578,2287.058642,3679.533
DailyProfile_ClimateSweep,62460.00,37.016,23.508,43.69,0.800,10.000,26.210,88.74,12.0000,130.4553,0.0577,2289.232897,3683.031
DailyProfile_ClimateSweep,62520.00,36.990,23.495,43.79,0.800,10.000,26.194,88.76,12.0000,130.3307,0.0577,2291.405076,3686.526
DailyProfile_ClimateSweep,62580.00,36.964,23.482,43.88,0.800,10.000,26.179,88.78,12.0000,130.2060,0.0576,2293.575175,3690.017
DailyProfile_ClimateSweep,62640.00,36.939,23.469,43.98,0.800,10.000,26.163,88.80,12.0000,130.0811,0.0576,2295.743194,3693.505
DailyProfile_ClimateSweep,62700.00,36.913,23.456,44.08,0.800,10.000,26.148,88.82,12.0000,129.9562,0.0575,2297.909131,3696.990
DailyProfile_ClimateSweep,62760.00,36.887,23.443,44.17,0.800,10.000,26.132,88.83,12.0000,129.8313,0.0574,2300.072986,3700.471
DailyProfile_ClimateSweep,62820.00,36.861,23.430,44.27,0.800,10.000,26.117,88.85,12.0000,129.7062,0.0574,2302.234755,3703.949
DailyProfile_ClimateSweep,62880.00,36.835,23.418,44.37,0.800,10.000,26.101,88.87,12.0000,129.5810,0.0573,2304.394439,3707.424
DailyProfile_ClimateSweep,62940.00,36.809,23.405,44.47,0.800,10.000,26.085,88.89,12.0000,129.4558,0.0573,2306.552036,3710.895
DailyProfile_ClimateSweep,63000.00,36.783,23.392,44.56,0.800,10.000,26.070,88.91,12.0000,129.3305,0.0572,2308.707545,3714.363
DailyProfile_ClimateSweep,63060.00,36.757,23.379,44.66,0.800,10.000,26.054,88.93,12.0000,129.2051,0.0572,2310.860964,3717.828
DailyProfile_ClimateSweep,63120.00,36.731,23.366,44.76,0.800,10.000,26.039,88.95,12.0000,129.0797,0.0571,2313.012292,3721.289
DailyProfile_ClimateSweep,63180.00,36.705,23.353,44.86,0.800,10.000,26.023,88.97,12.0000,128.9542,0.0571,2315.161528,3724.747
DailyProfile_ClimateSweep,63240.00,36.679,23.340,44.95,0.800,10.000,26.008,88.99,12.0000,128.8286,0.0570,2317.308672,3728.201
DailyProfile_ClimateSweep,63300.00,36.653,23.327,45.05,0.800,10.000,25.992,89.01,12.0000,128.7030,0.0569,2319.453721,3731.652
DailyProfile_ClimateSweep,63360.00,36.627,23.314,45.15,0.800,10.000,25.976,89.03,12.0000,128.5773,0.0569,2321.596676,3735.100
DailyProfile_ClimateSweep,63420.00,36.601,23.301,45.25,0.800,10.000,25.961,89.05,12.0000,128.4515,0.0568,2323.737535,3738.544
DailyProfile_ClimateSweep,63480.00,36.575,23.288,45.34,0.800,10.000,25.945,89.07,12.0000,128.3257,0.0568,2325.876297,3741.985
DailyProfile_ClimateSweep,63540.00,36.549,23.275,45.44,0.800,10.000,25.929,89.09,12.0000,128.1999,0.0567,2328.012961,3745.423
DailyProfile_ClimateSweep,63600.00,36.523,23.261,45.54,0.800,10.000,25.914,89.11,12.0000,128.0739,0.0567,2330.147527,3748.857
DailyProfile_ClimateSweep,63660.00,36.497,23.248,45.64,0.800,10.000,25.898,89.13,12.0000,127.9480,0.0566,2332.279994,3752.288
DailyProfile_ClimateSweep,63720.00,36.471,23.235,45.73,0.800,10.000,25.882,89.15,12.0000,127.8220,0.0566,2334.410360,3755.715
DailyProfile_ClimateSweep,63780.00,36.445,23.222,45.83,0.800,10.000,25.867,89.17,12.0000,127.6959,0.0565,2336.538625,3759.139
DailyProfile_ClimateSweep,63840.00,36.419,23.209,45.93,0.800,10.000,25.851,89.19,12.0000,127.5698,0.0564,2338.664789,3762.560
DailyProfile_ClimateSweep,63900.00,36.392,23.196,46.03,0.800,10.000,25.835,89.21,12.0000,127.4437,0.0564,2340.788851,3765.977
DailyProfile_ClimateSweep,63960.00,36.366,23.183,46.13,0.800,10.000,25.820,89.23,12.0000,127.3175,0.0563,2342.910810,3769.391
DailyProfile_ClimateSweep,64020.00,36.340,23.170,46.22,0.800,10.000,25.804,89.24,12.0000,127.1913,0.0563,2345.030666,3772.802
DailyProfile_ClimateSweep,64080.00,36.314,23.157,46.32,0.800,10.000,25.788,89.26,12.0000,127.0651,0.0562,2347.148418,3776.209
DailyProfile_ClimateSweep,64140.00,36.288,23.144,46.42,0.800,10.000,25.773,89.28,12.0000,126.9389,0.0562,2349.264066,3779.612
DailyProfile_ClimateSweep,64200.00,36.262,23.131,46.52,0.800,10.000,25.757,89.30,12.0000,126.8126,0.0561,2351.377609,3783.013
DailyProfile_ClimateSweep,64260.00,36.236,23.118,46.62,0.800,10.000,25.741,89.32,12.0000,126.6863,0.0561,2353.489047,3786.410
DailyProfile_ClimateSweep,64320.00,36.209,23.105,46.71,0.800,10.000,25.726,89.34,12.0000,126.5599,0.0560,2355.598379,3789.803
DailyProfile_ClimateSweep,64380.00,36.183,23.092,46.81,0.800,10.000,25.710,89.36,12.0000,126.4336,0.0559,2357.705605,3793.194
DailyProfile_ClimateSweep,64440.00,36.157,23.079,46.91,0.800,10.000,25.694,89.38,12.0000,126.3072,0.0559,2359.810726,3796.580
DailyProfile_ClimateSweep,64500.00,36.131,23.065,47.01,0.800,10.000,25.679,89.40,12.0000,126.1808,0.0558,2361.913740,3799.964
DailyProfile_ClimateSweep,64560.00,36.105,23.052,47.11,0.800,10.000,25.663,89.42,12.0000,126.0544,0.0558,2364.014647,3803.344
DailyProfile_ClimateSweep,64620.00,36.079,23.039,47.21,0.800,10.000,25.647,89.44,12.0000,125.9280,0.0557,2366.113448,3806.721
DailyProfile_ClimateSweep,64680.00,36.052,23.026,47.30,0.800,10.000,25.631,89.46,12.0000,125.8016,0.0557,2368.210142,3810.094
DailyProfile_ClimateSweep,64740.00,36.026,23.013,47.40,0.800,10.000,25.616,89.48,12.0000,125.6752,0.0556,2370.304728,3813.464
DailyProfile_ClimateSweep,64800.00,36.000,23.000,47.50,0.800,10.000,25.600,89.50,12.0000,125.5488,0.0556,2372.397208,3816.830
DailyProfile_ClimateSweep,64860.00,35.974,22.987,47.60,0.800,10.000,25.584,89.52,12.0000,125.4224,0.0555,2374.487582,3820.193
DailyProfile_ClimateSweep,64920.00,35.948,22.974,47.70,0.800,10.000,25.569,89.54,12.0000,125.2960,0.0554,2376.575848,3823.553
DailyProfile_ClimateSweep,64980.00,35.921,22.961,47.79,0.800,10.000,25.553,89.56,12.0000,125.1696,0.0554,2378.662007,3826.909
DailyProfile_ClimateSweep,65040.00,35.895,22.948,47.89,0.800,10.000,25.537,89.58,12.0000,125.0432,0.0553,2380.746060,3830.262
DailyProfile_ClimateSweep,65100.00,35.869,22.935,47.99,0.800,10.000,25.521,89.60,12.0000,124.9168,0.0553,2382.828006,3833.612
DailyProfile_ClimateSweep,65160.00,35.843,22.921,48.09,0.800,10.000,25.506,89.62,12.0000,124.7904,0.0552,2384.907845,3836.958
DailyProfile_ClimateSweep,65220.00,35.817,22.908,48.19,0.800,10.000,25.490,89.64,12.0000,124.6640,0.0552,2386.985579,3840.301
DailyProfile_ClimateSweep,65280.00,35.791,22.895,48.29,0.800,10.000,25.474,89.66,12.0000,124.5377,0.0551,2389.061207,3843.640
DailyProfile_ClimateSweep,65340.00,35.764,22.882,48.38,0.800,10.000,25.459,89.68,12.0000,124.4113,0.0550,2391.134729,3846.976
DailyProfile_ClimateSweep,65400.00,35.738,22.869,48.48,0.800,10.000,25.443,89.70,12.0000,124.2850,0.0550,2393.206146,3850.309
DailyProfile_ClimateSweep,65460.00,35.712,22.856,48.58,0.800,10.000,25.427,89.72,12.0000,124.1587,0.0549,2395.275458,3853.638
DailyProfile_ClimateSweep,65520.00,35.686,22.843,48.68,0.800,10.000,25.412,89.74,12.0000,124.0325,0.0549,2397.342666,3856.964
DailyProfile_ClimateSweep,65580.00,35.660,22.830,48.78,0.800,10.000,25.396,89.76,12.0000,123.9063,0.0548,2399.407770,3860.286
DailyProfile_ClimateSweep,65640.00,35.634,22.817,48.87,0.800,10.000,25.380,89.77,12.0000,123.7801,0.0548,2401.470771,3863.605
DailyProfile_ClimateSweep,65700.00,35.608,22.804,48.97,0.800,10.000,25.365,89.79,12.0000,123.6539,0.0547,2403.531669,3866.921
DailyProfile_ClimateSweep,65760.00,35.581,22.791,49.07,0.800,10.000,25.349,89.81,12.0000,123.5278,0.0547,2405.590465,3870.233
DailyProfile_ClimateSweep,65820.00,35.555,22.778,49.17,0.800,10.000,25.333,89.83,12.0000,123.4017,0.0546,2407.647160,3873.542
DailyProfile_ClimateSweep,65880.00,35.529,22.765,49.27,0.800,10.000,25.318,89.85,12.0000,123.2756,0.0545,2409.701754,3876.848
DailyProfile_ClimateSweep,65940.00,35.503,22.752,49.36,0.800,10.000,25.302,89.87,12.0000,123.1496,0.0545,2411.754247,3880.150
DailyProfile_ClimateSweep,66000.00,35.477,22.739,49.46,0.800,10.000,25.286,89.89,12.0000,123.0237,0.0544,2413.804641,3883.449
DailyProfile_ClimateSweep,66060.00,35.451,22.725,49.56,0.800,10.000,25.271,89.91,12.0000,122.8977,0.0544,2415.852937,3886.744
DailyProfile_ClimateSweep,66120.00,35.425,22.712,49.66,0.800,10.000,25.255,89.93,12.0000,122.7719,0.0543,2417.899135,3890.036
DailyProfile_ClimateSweep,66180.00,35.399,22.699,49.75,0.800,10.000,25.239,89.95,12.0000,122.6461,0.0543,2419.943236,3893.325
DailyProfile_ClimateSweep,66240.00,35.373,22.686,49.85,0.800,10.000,25.224,89.97,12.0000,122.5203,0.0542,2421.985241,3896.610
DailyProfile_ClimateSweep,66300.00,35.347,22.673,49.95,0.800,10.000,25.208,89.99,12.0000,122.3946,0.0542,2424.025152,3899.892
DailyProfile_ClimateSweep,66360.00,35.321,22.660,50.05,0.800,10.000,25.192,90.01,12.0000,122.2690,0.0541,2426.062968,3903.170
DailyProfile_ClimateSweep,66420.00,35.295,22.647,50.14,0.800,10.000,25.177,90.03,12.0000,122.1434,0.0540,2428.098692,3906.446
DailyProfile_ClimateSweep,66480.00,35.269,22.634,50.24,0.800,10.000,25.161,90.05,12.0000,122.0179,0.0540,2430.132324,3909.717
DailyProfile_ClimateSweep,66540.00,35.243,22.621,50.34,0.800,10.000,25.146,90.07,12.0000,121.8925,0.0539,2432.163865,3912.986
DailyProfile_ClimateSweep,66600.00,35.217,22.608,50.44,0.800,10.000,25.130,90.09,12.0000,121.7671,0.0539,2434.193316,3916.251
DailyProfile_ClimateSweep,66660.00,35.191,22.595,50.53,0.800,10.000,25.115,90.11,12.0000,121.6418,0.0538,2436.220679,3919.513
DailyProfile_ClimateSweep,66720.00,35.165,22.582,50.63,0.800,10.000,25.099,90.13,12.0000,121.5166,0.0538,2438.245955,3922.771
DailyProfile_ClimateSweep,66780.00,35.139,22.570,50.73,0.800,10.000,25.083,90.15,12.0000,121.3914,0.0537,2440.269146,3926.026
DailyProfile_ClimateSweep,66840.00,35.113,22.557,50.83,0.800,10.000,25.068,90.17,12.0000,121.2663,0.0537,2442.290251,3929.278
DailyProfile_ClimateSweep,66900.00,35.087,22.544,50.92,0.800,10.000,25.052,90.18,12.0000,121.1414,0.0536,2444.309274,3932.526
DailyProfile_ClimateSweep,66960.00,35.061,22.531,51.02,0.800,10.000,25.037,90.20,12.0000,121.0165,0.0535,2446.326215,3935.771
DailyProfile_ClimateSweep,67020.00,35.036,22.518,51.12,0.800,10.000,25.021,90.22,12.0000,120.8916,0.0535,2448.341076,3939.012
DailyProfile_ClimateSweep,67080.00,35.010,22.505,51.21,0.800,10.000,25.006,90.24,12.0000,120.7669,0.0534,2450.353857,3942.251
DailyProfile_ClimateSweep,67140.00,34.984,22.492,51.31,0.800,10.000,24.990,90.26,12.0000,120.6423,0.0534,2452.364562,3945.486
DailyProfile_ClimateSweep,67200.00,34.958,22.479,51.41,0.800,10.000,24.975,90.28,12.0000,120.5177,0.0533,2454.373191,3948.717
DailyProfile_ClimateSweep,67260.00,34.932,22.466,51.50,0.800,10.000,24.959,90.30,12.0000,120.3933,0.0533,2456.379745,3951.945
DailyProfile_ClimateSweep,67320.00,34.907,22.453,51.60,0.800,10.000,24.944,90.32,12.0000,120.2689,0.0532,2458.384228,3955.170
DailyProfile_ClimateSweep,67380.00,34.881,22.440,51.70,0.800,10.000,24.929,90.34,12.0000,120.1447,0.0532,2460.386639,3958.392
DailyProfile_ClimateSweep,67440.00,34.855,22.428,51.79,0.800,10.000,24.913,90.36,12.0000,120.0205,0.0531,2462.386981,3961.610
DailyProfile_ClimateSweep,67500.00,34.829,22.415,51.89,0.800,10.000,24.898,90.38,12.0000,119.8965,0.0531,2464.385256,3964.825
DailyProfile_ClimateSweep,67560.00,34.804,22.402,51.99,0.800,10.000,24.882,90.40,12.0000,119.7726,0.0530,2466.381465,3968.037
DailyProfile_ClimateSweep,67620.00,34.778,22.389,52.08,0.800,10.000,24.867,90.42,12.0000,119.6487,0.0529,2468.375610,3971.245
DailyProfile_ClimateSweep,67680.00,34.753,22.376,52.18,0.800,10.000,24.852,90.44,12.0000,119.5250,0.0529,2470.367694,3974.450
DailyProfile_ClimateSweep,67740.00,34.727,22.363,52.27,0.800,10.000,24.836,90.45,12.0000,119.4014,0.0528,2472.357718,3977.652
DailyProfile_ClimateSweep,67800.00,34.701,22.351,52.37,0.800,10.000,24.821,90.47,12.0000,119.2779,0.0528,2474.345683,3980.850
DailyProfile_ClimateSweep,67860.00,34.676,22.338,52.47,0.800,10.000,24.805,90.49,12.0000,119.1546,0.0527,2476.331593,3984.045
DailyProfile_ClimateSweep,67920.00,34.650,22.325,52.56,0.800,10.000,24.790,90.51,12.0000,119.0313,0.0527,2478.315449,3987.237
DailyProfile_ClimateSweep,67980.00,34.625,22.312,52.66,0.800,10.000,24.775,90.53,12.0000,118.9082,0.0526,2480.297252,3990.425
DailyProfile_ClimateSweep,68040.00,34.599,22.300,52.75,0.800,10.000,24.760,90.55,12.0000,118.7852,0.0526,2482.277006,3993.610
DailyProfile_ClimateSweep,68100.00,34.574,22.287,52.85,0.800,10.000,24.744,90.57,12.0000,118.6624,0.0525,2484.254712,3996.792
DailyProfile_ClimateSweep,68160.00,34.548,22.274,52.94,0.800,10.000,24.729,90.59,12.0000,118.5396,0.0525,2486.230373,3999.971
DailyProfile_ClimateSweep,68220.00,34.523,22.262,53.04,0.800,10.000,24.714,90.61,12.0000,118.4170,0.0524,2488.203991,4003.146
DailyProfile_ClimateSweep,68280.00,34.498,22.249,53.13,0.800,10.000,24.699,90.63,12.0000,118.2946,0.0523,2490.175567,4006.318
DailyProfile_ClimateSweep,68340.00,34.472,22.236,53.23,0.800,10.000,24.683,90.65,12.0000,118.1723,0.0523,2492.145105,4009.487
DailyProfile_ClimateSweep,68400.00,34.447,22.224,53.32,0.800,10.000,24.668,90.66,12.0000,118.0501,0.0522,2494.112606,4012.652
DailyProfile_ClimateSweep,68460.00,34.422,22.211,53.42,0.800,10.000,24.653,90.68,12.0000,117.9280,0.0522,2496.078074,4015.814
DailyProfile_ClimateSweep,68520.00,34.397,22.198,53.51,0.800,10.000,24.638,90.70,12.0000,117.8062,0.0521,2498.041510,4018.973
DailyProfile_ClimateSweep,68580.00,34.371,22.186,53.61,0.800,10.000,24.623,90.72,12.0000,117.6844,0.0521,2500.002917,4022.129
DailyProfile_ClimateSweep,68640.00,34.346,22.173,53.70,0.800,10.000,24.608,90.74,12.0000,117.5628,0.0520,2501.962297,4025.281
DailyProfile_ClimateSweep,68700.00,34.321,22.161,53.80,0.800,10.000,24.593,90.76,12.0000,117.4414,0.0520,2503.919653,4028.430
DailyProfile_ClimateSweep,68760.00,34.296,22.148,53.89,0.800,10.000,24.578,90.78,12.0000,117.3201,0.0519,2505.874988,4031.576
DailyProfile_ClimateSweep,68820.00,34.271,22.135,53.98,0.800,10.000,24.562,90.80,12.0000,117.1989,0.0519,2507.828304,4034.718
DailyProfile_ClimateSweep,68880.00,34.246,22.123,54.08,0.800,10.000,24.547,90.82,12.0000,117.0780,0.0518,2509.779603,4037.858
DailyProfile_ClimateSweep,68940.00,34.221,22.110,54.17,0.800,10.000,24.532,90.83,12.0000,116.9572,0.0518,2511.728889,4040.994
DailyProfile_ClimateSweep,69000.00,34.196,22.098,54.27,0.800,10.000,24.517,90.85,12.0000,116.8365,0.0517,2513.676164,4044.127
DailyProfile_ClimateSweep,69060.00,34.171,22.085,54.36,0.800,10.000,24.502,90.87,12.0000,116.7160,0.0516,2515.621431,4047.256
DailyProfile_ClimateSweep,69120.00,34.146,22.073,54.45,0.800,10.000,24.488,90.89,12.0000,116.5957,0.0516,2517.564693,4050.383
DailyProfile_ClimateSweep,69180.00,34.121,22.061,54.55,0.800,10.000,24.473,90.91,12.0000,116.4756,0.0515,2519.505953,4053.506
DailyProfile_ClimateSweep,69240.00,34.096,22.048,54.64,0.800,10.000,24.458,90.93,12.0000,116.3556,0.0515,2521.445213,4056.626
DailyProfile_ClimateSweep,69300.00,34.071,22.036,54.73,0.800,10.000,24.443,90.95,12.0000,116.2358,0.0514,2523.382476,4059.743
DailyProfile_ClimateSweep,69360.00,34.047,22.023,54.83,0.800,10.000,24.428,90.97,12.0000,116.1162,0.0514,2525.317746,4062.856
DailyProfile_ClimateSweep,69420.00,34.022,22.011,54.92,0.800,10.000,24.413,90.98,12.0000,115.9967,0.0513,2527.251025,4065.967
DailyProfile_ClimateSweep,69480.00,33.997,21.999,55.01,0.800,10.000,24.398,91.00,12.0000,115.8775,0.0513,2529.182316,4069.074
DailyProfile_ClimateSweep,69540.00,33.972,21.986,55.10,0.800,10.000,24.383,91.02,12.0000,115.7584,0.0512,2531.111623,4072.178
DailyProfile_ClimateSweep,69600.00,33.948,21.974,55.20,0.800,10.000,24.369,91.04,12.0000,115.6395,0.0512,2533.038948,4075.279
DailyProfile_ClimateSweep,69660.00,33.923,21.962,55.29,0.800,10.000,24.354,91.06,12.0000,115.5208,0.0511,2534.964295,4078.376
DailyProfile_ClimateSweep,69720.00,33.899,21.949,55.38,0.800,10.000,24.339,91.08,12.0000,115.4023,0.0511,2536.887667,4081.471
DailyProfile_ClimateSweep,69780.00,33.874,21.937,55.47,0.800,10.000,24.325,91.09,12.0000,115.2840,0.0510,2538.809067,4084.562
DailyProfile_ClimateSweep,69840.00,33.850,21.925,55.56,0.800,10.000,24.310,91.11,12.0000,115.1659,0.0510,2540.728498,4087.650
DailyProfile_ClimateSweep,69900.00,33.825,21.913,55.65,0.800,10.000,24.295,91.13,12.0000,115.0480,0.0509,2542.645964,4090.735
DailyProfile_ClimateSweep,69960.00,33.801,21.900,55.75,0.800,10.000,24.281,91.15,12.0000,114.9302,0.0509,2544.561468,4093.817
DailyProfile_ClimateSweep,70020.00,33.777,21.888,55.84,0.800,10.000,24.266,91.17,12.0000,114.8127,0.0508,2546.475013,4096.895
DailyProfile_ClimateSweep,70080.00,33.752,21.876,55.93,0.800,10.000,24.251,91.19,12.0000,114.6954,0.0508,2548.386603,4099.971
DailyProfile_ClimateSweep,70140.00,33.728,21.864,56.02,0.800,10.000,24.237,91.20,12.0000,114.5783,0.0507,2550.296241,4103.043
DailyProfile_ClimateSweep,70200.00,33.704,21.852,56.11,0.800,10.000,24.222,91.22,12.0000,114.4614,0.0506,2552.203931,4106.112
DailyProfile_ClimateSweep,70260.00,33.680,21.840,56.20,0.800,10.000,24.208,91.24,12.0000,114.3447,0.0506,2554.109676,4109.178
DailyProfile_ClimateSweep,70320.00,33.656,21.828,56.29,0.800,10.000,24.193,91.26,12.0000,114.2282,0.0505,2556.013480,4112.241
DailyProfile_ClimateSweep,70380.00,33.632,21.816,56.38,0.800,10.000,24.179,91.28,12.0000,114.1120,0.0505,2557.915346,4115.301
DailyProfile_ClimateSweep,70440.00,33.608,21.804,56.47,0.800,10.000,24.165,91.29,12.0000,113.9959,0.0504,2559.815278,4118.358
DailyProfile_ClimateSweep,70500.00,33.584,21.792,56.56,0.800,10.000,24.150,91.31,12.0000,113.8801,0.0504,2561.713280,4121.411
DailyProfile_ClimateSweep,70560.00,33.560,21.780,56.65,0.800,10.000,24.136,91.33,12.0000,113.7645,0.0503,2563.609355,4124.462
DailyProfile_ClimateSweep,70620.00,33.536,21.768,56.74,0.800,10.000,24.121,91.35,12.0000,113.6491,0.0503,2565.503507,4127.509
DailyProfile_ClimateSweep,70680.00,33.512,21.756,56.83,0.800,10.000,24.107,91.37,12.0000,113.5340,0.0502,2567.395740,4130.553
DailyProfile_ClimateSweep,70740.00,33.488,21.744,56.92,0.800,10.000,24.093,91.38,12.0000,113.4191,0.0502,2569.286057,4133.595
DailyProfile_ClimateSweep,70800.00,33.464,21.732,57.01,0.800,10.000,24.079,91.40,12.0000,113.3044,0.0501,2571.174463,4136.633
DailyProfile_ClimateSweep,70860.00,33.441,21.720,57.10,0.800,10.000,24.064,91.42,12.0000,113.1899,0.0501,2573.060962,4139.668
DailyProfile_ClimateSweep,70920.00,33.417,21.708,57.19,0.800,10.000,24.050,91.44,12.0000,113.0757,0.0500,2574.945557,4142.700
DailyProfile_ClimateSweep,70980.00,33.393,21.697,57.28,0.800,10.000,24.036,91.46,12.0000,112.9617,0.0500,2576.828252,4145.729
DailyProfile_ClimateSweep,71040.00,33.370,21.685,57.36,0.800,10.000,24.022,91.47,12.0000,112.8480,0.0499,2578.709051,4148.755
DailyProfile_ClimateSweep,71100.00,33.346,21.673,57.45,0.800,10.000,24.008,91.49,12.0000,112.7345,0.0499,2580.587959,4151.778
DailyProfile_ClimateSweep,71160.00,33.323,21.661,57.54,0.800,10.000,23.994,91.51,12.0000,112.6212,0.0498,2582.464979,4154.798
DailyProfile_ClimateSweep,71220.00,33.299,21.650,57.63,0.800,10.000,23.980,91.53,12.0000,112.5082,0.0498,2584.340115,4157.814
DailyProfile_ClimateSweep,71280.00,33.276,21.638,57.71,0.800,10.000,23.966,91.54,12.0000,112.3954,0.0497,2586.213372,4160.828
DailyProfile_ClimateSweep,71340.00,33.253,21.626,57.80,0.800,10.000,23.952,91.56,12.0000,112.2829,0.0497,2588.084754,4163.839
DailyProfile_ClimateSweep,71400.00,33.230,21.615,57.89,0.800,10.000,23.938,91.58,12.0000,112.1706,0.0496,2589.954265,4166.847
DailyProfile_ClimateSweep,71460.00,33.206,21.603,57.98,0.800,10.000,23.924,91.60,12.0000,112.0586,0.0496,2591.821909,4169.852
DailyProfile_ClimateSweep,71520.00,33.183,21.592,58.06,0.800,10.000,23.910,91.61,12.0000,111.9469,0.0495,2593.687691,4172.853
DailyProfile_ClimateSweep,71580.00,33.160,21.580,58.15,0.800,10.000,23.896,91.63,12.0000,111.8354,0.0495,2595.551614,4175.852
DailyProfile_ClimateSweep,71640.00,33.137,21.569,58.24,0.800,10.000,23.882,91.65,12.0000,111.7242,0.0494,2597.413684,4178.848
DailyProfile_ClimateSweep,71700.00,33.114,21.557,58.32,0.800,10.000,23.868,91.66,12.0000,111.6132,0.0494,2599.273904,4181.841
DailyProfile_ClimateSweep,71760.00,33.091,21.546,58.41,0.800,10.000,23.855,91.68,12.0000,111.5025,0.0493,2601.132279,4184.831
DailyProfile_ClimateSweep,71820.00,33.068,21.534,58.49,0.800,10.000,23.841,91.70,12.0000,111.3921,0.0493,2602.988813,4187.817
DailyProfile_ClimateSweep,71880.00,33.045,21.523,58.58,0.800,10.000,23.827,91.72,12.0000,111.2819,0.0492,2604.843512,4190.801
DailyProfile_ClimateSweep,71940.00,33.023,21.511,58.66,0.800,10.000,23.814,91.73,12.0000,111.1720,0.0492,2606.696379,4193.782
DailyProfile_ClimateSweep,72000.00,33.000,21.500,58.75,0.800,10.000,23.800,91.75,12.0000,111.0624,0.0491,2608.547419,4196.760
DailyProfile_ClimateSweep,72060.00,32.977,21.489,58.83,0.800,10.000,23.786,91.77,12.0000,110.9531,0.0491,2610.396636,4199.735
DailyProfile_ClimateSweep,72120.00,32.955,21.477,58.92,0.800,10.000,23.773,91.78,12.0000,110.8440,0.0490,2612.244036,4202.708
DailyProfile_ClimateSweep,72180.00,32.932,21.466,59.00,0.800,10.000,23.759,91.80,12.0000,110.7352,0.0490,2614.089623,4205.677
DailyProfile_ClimateSweep,72240.00,32.910,21.455,59.09,0.800,10.000,23.746,91.82,12.0000,110.6267,0.0489,2615.933402,4208.643
DailyProfile_ClimateSweep,72300.00,32.887,21.444,59.17,0.800,10.000,23.732,91.83,12.0000,110.5185,0.0489,2617.775376,4211.607
DailyProfile_ClimateSweep,72360.00,32.865,21.433,59.26,0.800,10.000,23.719,91.85,12.0000,110.4106,0.0489,2619.615552,4214.567
DailyProfile_ClimateSweep,72420.00,32.843,21.421,59.34,0.800,10.000,23.706,91.87,12.0000,110.3029,0.0488,2621.453934,4217.525
DailyProfile_ClimateSweep,72480.00,32.820,21.410,59.42,0.800,10.000,23.692,91.88,12.0000,110.1956,0.0488,2623.290527,4220.480
DailyProfile_ClimateSweep,72540.00,32.798,21.399,59.51,0.800,10.000,23.679,91.90,12.0000,110.0885,0.0487,2625.125335,4223.432
DailyProfile_ClimateSweep,72600.00,32.776,21.388,59.59,0.800,10.000,23.666,91.92,12.0000,109.9817,0.0487,2626.958364,4226.381
DailyProfile_ClimateSweep,72660.00,32.754,21.377,59.67,0.800,10.000,23.652,91.93,12.0000,109.8753,0.0486,2628.789618,4229.327
DailyProfile_ClimateSweep,72720.00,32.732,21.366,59.75,0.800,10.000,23.639,91.95,12.0000,109.7691,0.0486,2630.619103,4232.270
DailyProfile_ClimateSweep,72780.00,32.710,21.355,59.84,0.800,10.000,23.626,91.97,12.0000,109.6632,0.0485,2632.446823,4235.211
DailyProfile_ClimateSweep,72840.00,32.688,21.344,59.92,0.800,10.000,23.613,91.98,12.0000,109.5576,0.0485,2634.272783,4238.149
DailyProfile_ClimateSweep,72900.00,32.667,21.333,60.00,0.800,10.000,23.600,92.00,12.0000,109.4524,0.0484,2636.096990,4241.083
DailyProfile_ClimateSweep,72960.00,32.645,21.322,60.08,0.800,10.000,23.587,92.02,12.0000,109.3474,0.0484,2637.919447,4244.016
DailyProfile_ClimateSweep,73020.00,32.623,21.312,60.16,0.800,10.000,23.574,92.03,12.0000,109.2428,0.0483,2639.740159,4246.945
DailyProfile_ClimateSweep,73080.00,32.602,21.301,60.24,0.800,10.000,23.561,92.05,12.0000,109.1384,0.0483,2641.559133,4249.871
DailyProfile_ClimateSweep,73140.00,32.580,21.290,60.32,0.800,10.000,23.548,92.06,12.0000,109.0344,0.0482,2643.376373,4252.795
DailyProfile_ClimateSweep,73200.00,32.559,21.279,60.41,0.800,10.000,23.535,92.08,12.0000,108.9307,0.0482,2645.191884,4255.716
DailyProfile_ClimateSweep,73260.00,32.537,21.269,60.49,0.800,10.000,23.522,92.10,12.0000,108.8273,0.0482,2647.005673,4258.634
DailyProfile_ClimateSweep,73320.00,32.516,21.258,60.57,0.800,10.000,23.509,92.11,12.0000,108.7242,0.0481,2648.817743,4261.549
DailyProfile_ClimateSweep,73380.00,32.495,21.247,60.65,0.800,10.000,23.497,92.13,12.0000,108.6215,0.0481,2650.628100,4264.462
DailyProfile_ClimateSweep,73440.00,32.473,21.237,60.73,0.800,10.000,23.484,92.15,12.0000,108.5190,0.0480,2652.436751,4267.372
DailyProfile_ClimateSweep,73500.00,32.452,21.226,60.80,0.800,10.000,23.471,92.16,12.0000,108.4169,0.0480,2654.243699,4270.279
DailyProfile_ClimateSweep,73560.00,32.431,21.216,60.88,0.800,10.000,23.459,92.18,12.0000,108.3151,0.0479,2656.048951,4273.183
DailyProfile_ClimateSweep,73620.00,32.410,21.205,60.96,0.800,10.000,23.446,92.19,12.0000,108.2137,0.0479,2657.852512,4276.085
DailyProfile_ClimateSweep,73680.00,32.389,21.195,61.04,0.800,10.000,23.433,92.21,12.0000,108.1125,0.0478,2659.654387,4278.984
DailyProfile_ClimateSweep,73740.00,32.368,21.184,61.12,0.800,10.000,23.421,92.22,12.0000,108.0117,0.0478,2661.454583,4281.880
DailyProfile_ClimateSweep,73800.00,32.347,21.174,61.20,0.800,10.000,23.408,92.24,12.0000,107.9113,0.0477,2663.253104,4284.774
DailyProfile_ClimateSweep,73860.00,32.327,21.163,61.27,0.800,10.000,23.396,92.25,12.0000,107.8112,0.0477,2665.049957,4287.664
DailyProfile_ClimateSweep,73920.00,32.306,21.153,61.35,0.800,10.000,23.384,92.27,12.0000,107.7114,0.0477,2666.845146,4290.553
DailyProfile_ClimateSweep,73980.00,32.285,21.143,61.43,0.800,10.000,23.371,92.29,12.0000,107.6119,0.0476,2668.638678,4293.438
DailyProfile_ClimateSweep,74040.00,32.265,21.132,61.51,0.800,10.000,23.359,92.30,12.0000,107.5128,0.0476,2670.430558,4296.321
DailyProfile_ClimateSweep,74100.00,32.244,21.122,61.58,0.800,10.000,23.347,92.32,12.0000,107.4140,0.0475,2672.220792,4299.201
DailyProfile_ClimateSweep,74160.00,32.224,21.112,61.66,0.800,10.000,23.334,92.33,12.0000,107.3156,0.0475,2674.009386,4302.079
DailyProfile_ClimateSweep,74220.00,32.204,21.102,61.74,0.800,10.000,23.322,92.35,12.0000,107.2176,0.0474,2675.796345,4304.954
DailyProfile_ClimateSweep,74280.00,32.184,21.092,61.81,0.800,10.000,23.310,92.36,12.0000,107.1198,0.0474,2677.581676,4307.826
DailyProfile_ClimateSweep,74340.00,32.163,21.082,61.89,0.800,10.000,23.298,92.38,12.0000,107.0225,0.0474,2679.365384,4310.696
DailyProfile_ClimateSweep,74400.00,32.143,21.072,61.96,0.800,10.000,23.286,92.39,12.0000,106.9254,0.0473,2681.147474,4313.563
DailyProfile_ClimateSweep,74460.00,32.123,21.062,62.04,0.800,10.000,23.274,92.41,12.0000,106.8288,0.0473,2682.927954,4316.427
DailyProfile_ClimateSweep,74520.00,32.103,21.052,62.11,0.800,10.000,23.262,92.42,12.0000,106.7325,0.0472,2684.706829,4319.289
DailyProfile_ClimateSweep,74580.00,32.083,21.042,62.19,0.800,10.000,23.250,92.44,12.0000,106.6365,0.0472,2686.484104,4322.149
DailyProfile_ClimateSweep,74640.00,32.064,21.032,62.26,0.800,10.000,23.238,92.45,12.0000,106.5409,0.0471,2688.259786,4325.006
DailyProfile_ClimateSweep,74700.00,32.044,21.022,62.34,0.800,10.000,23.226,92.47,12.0000,106.4457,0.0471,2690.033881,4327.860
DailyProfile_ClimateSweep,74760.00,32.024,21.012,62.41,0.800,10.000,23.215,92.48,12.0000,106.3508,0.0471,2691.806395,4330.712
DailyProfile_ClimateSweep,74820.00,32.005,21.002,62.48,0.800,10.000,23.203,92.50,12.0000,106.2563,0.0470,2693.577334,4333.561
DailyProfile_ClimateSweep,74880.00,31.985,20.993,62.56,0.800,10.000,23.191,92.51,12.0000,106.1622,0.0470,2695.346705,4336.407
DailyProfile_ClimateSweep,74940.00,31.966,20.983,62.63,0.800,10.000,23.179,92.53,12.0000,106.0685,0.0469,2697.114512,4339.251
DailyProfile_ClimateSweep,75000.00,31.946,20.973,62.70,0.800,10.000,23.168,92.54,12.0000,105.9751,0.0469,2698.880763,4342.093
DailyProfile_ClimateSweep,75060.00,31.927,20.964,62.77,0.800,10.000,23.156,92.55,12.0000,105.8820,0.0469,2700.645464,4344.932
DailyProfile_ClimateSweep,75120.00,31.908,20.954,62.84,0.800,10.000,23.145,92.57,12.0000,105.7894,0.0468,2702.408620,4347.769
DailyProfile_ClimateSweep,75180.00,31.889,20.944,62.92,0.800,10.000,23.133,92.58,12.0000,105.6971,0.0468,2704.170239,4350.603
DailyProfile_ClimateSweep,75240.00,31.870,20.935,62.99,0.800,10.000,23.122,92.60,12.0000,105.6052,0.0467,2705.930327,4353.435
DailyProfile_ClimateSweep,75300.00,31.851,20.925,63.06,0.800,10.000,23.111,92.61,12.0000,105.5137,0.0467,2707.688889,4356.264
DailyProfile_ClimateSweep,75360.00,31.832,20.916,63.13,0.800,10.000,23.099,92.63,12.0000,105.4226,0.0466,2709.445932,4359.091
DailyProfile_ClimateSweep,75420.00,31.813,20.907,63.20,0.800,10.000,23.088,92.64,12.0000,105.3319,0.0466,2711.201463,4361.915
DailyProfile_ClimateSweep,75480.00,31.795,20.897,63.27,0.800,10.000,23.077,92.65,12.0000,105.2415,0.0466,2712.955488,4364.737
DailyProfile_ClimateSweep,75540.00,31.776,20.888,63.34,0.800,10.000,23.066,92.67,12.0000,105.1515,0.0465,2714.708013,4367.557
DailyProfile_ClimateSweep,75600.00,31.757,20.879,63.41,0.800,10.000,23.054,92.68,12.0000,105.0619,0.0465,2716.459046,4370.374
DailyProfile_ClimateSweep,75660.00,31.739,20.869,63.48,0.800,10.000,23.043,92.70,12.0000,104.9727,0.0464,2718.208591,4373.189
DailyProfile_ClimateSweep,75720.00,31.720,20.860,63.55,0.800,10.000,23.032,92.71,12.0000,104.8839,0.0464,2719.956657,4376.001
DailyProfile_ClimateSweep,75780.00,31.702,20.851,63.62,0.800,10.000,23.021,92.72,12.0000,104.7955,0.0464,2721.703249,4378.811
DailyProfile_ClimateSweep,75840.00,31.684,20.842,63.69,0.800,10.000,23.010,92.74,12.0000,104.7075,0.0463,2723.448374,4381.619
DailyProfile_ClimateSweep,75900.00,31.666,20.833,63.75,0.800,10.000,22.999,92.75,12.0000,104.6199,0.0463,2725.192039,4384.424
DailyProfile_ClimateSweep,75960.00,31.648,20.824,63.82,0.800,10.000,22.989,92.76,12.0000,104.5327,0.0463,2726.934250,4387.227
DailyProfile_ClimateSweep,76020.00,31.630,20.815,63.89,0.800,10.000,22.978,92.78,12.0000,104.4459,0.0462,2728.675015,4390.028
DailyProfile_ClimateSweep,76080.00,31.612,20.806,63.96,0.800,10.000,22.967,92.79,12.0000,104.3594,0.0462,2730.414339,4392.826
DailyProfile_ClimateSweep,76140.00,31.594,20.797,64.02,0.800,10.000,22.956,92.80,12.0000,104.2734,0.0461,2732.152229,4395.622
DailyProfile_ClimateSweep,76200.00,31.576,20.788,64.09,0.800,10.000,22.946,92.82,12.0000,104.1878,0.0461,2733.888692,4398.416
DailyProfile_ClimateSweep,76260.00,31.559,20.779,64.15,0.800,10.000,22.935,92.83,12.0000,104.1026,0.0461,2735.623736,4401.207
DailyProfile_ClimateSweep,76320.00,31.541,20.771,64.22,0.800,10.000,22.925,92.84,12.0000,104.0178,0.0460,2737.357366,4403.996
DailyProfile_ClimateSweep,76380.00,31.524,20.762,64.29,0.800,10.000,22.914,92.86,12.0000,103.9334,0.0460,2739.089590,4406.783
DailyProfile_ClimateSweep,76440.00,31.506,20.753,64.35,0.800,10.000,22.904,92.87,12.0000,103.8495,0.0460,2740.820414,4409.568
DailyProfile_ClimateSweep,76500.00,31.489,20.744,64.42,0.800,10.000,22.893,92.88,12.0000,103.7659,0.0459,2742.549846,4412.350
DailyProfile_ClimateSweep,76560.00,31.472,20.736,64.48,0.800,10.000,22.883,92.90,12.0000,103.6828,0.0459,2744.277892,4415.130
DailyProfile_ClimateSweep,76620.00,31.455,20.727,64.55,0.800,10.000,22.873,92.91,12.0000,103.6000,0.0458,2746.004559,4417.908
DailyProfile_ClimateSweep,76680.00,31.438,20.719,64.61,0.800,10.000,22.863,92.92,12.0000,103.5177,0.0458,2747.729854,4420.684
DailyProfile_ClimateSweep,76740.00,31.421,20.710,64.67,0.800,10.000,22.852,92.93,12.0000,103.4358,0.0458,2749.453784,4423.458
DailyProfile_ClimateSweep,76800.00,31.404,20.702,64.74,0.800,10.000,22.842,92.95,12.0000,103.3543,0.0457,2751.176357,4426.229
DailyProfile_ClimateSweep,76860.00,31.387,20.693,64.80,0.800,10.000,22.832,92.96,12.0000,103.2733,0.0457,2752.897578,4428.998
DailyProfile_ClimateSweep,76920.00,31.370,20.685,64.86,0.800,10.000,22.822,92.97,12.0000,103.1927,0.0457,2754.617456,4431.765
DailyProfile_ClimateSweep,76980.00,31.354,20.677,64.92,0.800,10.000,22.812,92.98,12.0000,103.1125,0.0456,2756.335997,4434.530
DailyProfile_ClimateSweep,77040.00,31.337,20.669,64.99,0.800,10.000,22.802,93.00,12.0000,103.0327,0.0456,2758.053209,4437.293
DailyProfile_ClimateSweep,77100.00,31.321,20.660,65.05,0.800,10.000,22.792,93.01,12.0000,102.9534,0.0456,2759.769099,4440.053
DailyProfile_ClimateSweep,77160.00,31.304,20.652,65.11,0.800,10.000,22.783,93.02,12.0000,102.8745,0.0455,2761.483673,4442.812
DailyProfile_ClimateSweep,77220.00,31.288,20.644,65.17,0.800,10.000,22.773,93.03,12.0000,102.7960,0.0455,2763.196939,4445.568
DailyProfile_ClimateSweep,77280.00,31.272,20.636,65.23,0.800,10.000,22.763,93.05,12.0000,102.7179,0.0455,2764.908904,4448.322
DailyProfile_ClimateSweep,77340.00,31.256,20.628,65.29,0.800,10.000,22.754,93.06,12.0000,102.6403,0.0454,2766.619576,4451.075
DailyProfile_ClimateSweep,77400.00,31.240,20.620,65.35,0.800,10.000,22.744,93.07,12.0000,102.5631,0.0454,2768.328962,4453.825
DailyProfile_ClimateSweep,77460.00,31.224,20.612,65.41,0.800,10.000,22.734,93.08,12.0000,102.4864,0.0453,2770.037068,4456.573
DailyProfile_ClimateSweep,77520.00,31.208,20.604,65.47,0.800,10.000,22.725,93.09,12.0000,102.4101,0.0453,2771.743903,4459.319
DailyProfile_ClimateSweep,77580.00,31.192,20.596,65.53,0.800,10.000,22.715,93.11,12.0000,102.3342,0.0453,2773.449474,4462.063
DailyProfile_ClimateSweep,77640.00,31.177,20.588,65.59,0.800,10.000,22.706,93.12,12.0000,102.2588,0.0452,2775.153787,4464.805
DailyProfile_ClimateSweep,77700.00,31.161,20.581,65.65,0.800,10.000,22.697,93.13,12.0000,102.1838,0.0452,2776.856851,4467.545
DailyProfile_ClimateSweep,77760.00,31.146,20.573,65.70,0.800,10.000,22.688,93.14,12.0000,102.1093,0.0452,2778.558673,4470.283
DailyProfile_ClimateSweep,77820.00,31.131,20.565,65.76,0.800,10.000,22.678,93.15,12.0000,102.0352,0.0451,2780.259260,4473.019
DailyProfile_ClimateSweep,77880.00,31.115,20.558,65.82,0.800,10.000,22.669,93.16,12.0000,101.9616,0.0451,2781.958620,4475.753
DailyProfile_ClimateSweep,77940.00,31.100,20.550,65.87,0.800,10.000,22.660,93.17,12.0000,101.8884,0.0451,2783.656760,4478.485
DailyProfile_ClimateSweep,78000.00,31.085,20.543,65.93,0.800,10.000,22.651,93.19,12.0000,101.8157,0.0451,2785.353688,4481.215
DailyProfile_ClimateSweep,78060.00,31.070,20.535,65.99,0.800,10.000,22.642,93.20,12.0000,101.7434,0.0450,2787.049411,4483.943
DailyProfile_ClimateSweep,78120.00,31.055,20.528,66.04,0.800,10.000,22.633,93.21,12.0000,101.6716,0.0450,2788.743937,4486.669
DailyProfile_ClimateSweep,78180.00,31.040,20.520,66.10,0.800,10.000,22.624,93.22,12.0000,101.6002,0.0450,2790.437274,4489.394
DailyProfile_ClimateSweep,78240.00,31.026,20.513,66.15,0.800,10.000,22.615,93.23,12.0000,101.5293,0.0449,2792.129428,4492.116
DailyProfile_ClimateSweep,78300.00,31.011,20.506,66.21,0.800,10.000,22.607,93.24,12.0000,101.4588,0.0449,2793.820408,4494.837
DailyProfile_ClimateSweep,78360.00,30.997,20.498,66.26,0.800,10.000,22.598,93.25,12.0000,101.3888,0.0449,2795.510221,4497.555
DailyProfile_ClimateSweep,78420.00,30.982,20.491,66.32,0.800,10.000,22.589,93.26,12.0000,101.3192,0.0448,2797.198875,4500.272
DailyProfile_ClimateSweep,78480.00,30.968,20.484,66.37,0.800,10.000,22.581,93.27,12.0000,101.2502,0.0448,2798.886378,4502.987
DailyProfile_ClimateSweep,78540.00,30.954,20.477,66.42,0.800,10.000,22.572,93.28,12.0000,101.1815,0.0448,2800.572737,4505.700
DailyProfile_ClimateSweep,78600.00,30.940,20.470,66.48,0.800,10.000,22.564,93.30,12.0000,101.1134,0.0447,2802.257960,4508.411
DailyProfile_ClimateSweep,78660.00,30.926,20.463,66.53,0.800,10.000,22.555,93.31,12.0000,101.0457,0.0447,2803.942055,4511.121
DailyProfile_ClimateSweep,78720.00,30.912,20.456,66.58,0.800,10.000,22.547,93.32,12.0000,100.9785,0.0447,2805.625030,4513.829
DailyProfile_ClimateSweep,78780.00,30.898,20.449,66.63,0.800,10.000,22.539,93.33,12.0000,100.9117,0.0447,2807.306892,4516.534
DailyProfile_ClimateSweep,78840.00,30.884,20.442,66.68,0.800,10.000,22.530,93.34,12.0000,100.8454,0.0446,2808.987649,4519.239
DailyProfile_ClimateSweep,78900.00,30.871,20.435,66.74,0.800,10.000,22.522,93.35,12.0000,100.7796,0.0446,2810.667309,4521.941
DailyProfile_ClimateSweep,78960.00,30.857,20.428,66.79,0.800,10.000,22.514,93.36,12.0000,100.7143,0.0446,2812.345880,4524.641
DailyProfile_ClimateSweep,79020.00,30.844,20.422,66.84,0.800,10.000,22.506,93.37,12.0000,100.6494,0.0445,2814.023370,4527.340
DailyProfile_ClimateSweep,79080.00,30.830,20.415,66.89,0.800,10.000,22.498,93.38,12.0000,100.5850,0.0445,2815.699786,4530.037
DailyProfile_ClimateSweep,79140.00,30.817,20.408,66.94,0.800,10.000,22.490,93.39,12.0000,100.5211,0.0445,2817.375137,4532.733
DailyProfile_ClimateSweep,79200.00,30.804,20.402,66.99,0.800,10.000,22.482,93.40,12.0000,100.4576,0.0445,2819.049431,4535.426
DailyProfile_ClimateSweep,79260.00,30.791,20.395,67.03,0.800,10.000,22.474,93.41,12.0000,100.3946,0.0444,2820.722675,4538.118
DailyProfile_ClimateSweep,79320.00,30.778,20.389,67.08,0.800,10.000,22.467,93.42,12.0000,100.3322,0.0444,2822.394878,4540.809
DailyProfile_ClimateSweep,79380.00,30.765,20.383,67.13,0.800,10.000,22.459,93.43,12.0000,100.2701,0.0444,2824.066047,4543.497
DailyProfile_ClimateSweep,79440.00,30.752,20.376,67.18,0.800,10.000,22.451,93.44,12.0000,100.2086,0.0443,2825.736191,4546.184
DailyProfile_ClimateSweep,79500.00,30.740,20.370,67.23,0.800,10.000,22.444,93.45,12.0000,100.1476,0.0443,2827.405317,4548.870
DailyProfile_ClimateSweep,79560.00,30.727,20.364,67.27,0.800,10.000,22.436,93.45,12.0000,100.0870,0.0443,2829.073434,4551.554
DailyProfile_ClimateSweep,79620.00,30.715,20.357,67.32,0.800,10.000,22.429,93.46,12.0000,100.0269,0.0443,2830.740549,4554.236
DailyProfile_ClimateSweep,79680.00,30.702,20.351,67.37,0.800,10.000,22.421,93.47,12.0000,99.9673,0.0442,2832.406671,4556.916
DailyProfile_ClimateSweep,79740.00,30.690,20.345,67.41,0.800,10.000,22.414,93.48,12.0000,99.9082,0.0442,2834.071809,4559.595
DailyProfile_ClimateSweep,79800.00,30.678,20.339,67.46,0.800,10.000,22.407,93.49,12.0000,99.8496,0.0442,2835.735969,4562.273
DailyProfile_ClimateSweep,79860.00,30.666,20.333,67.50,0.800,10.000,22.400,93.50,12.0000,99.7915,0.0442,2837.399160,4564.948
DailyProfile_ClimateSweep,79920.00,30.654,20.327,67.55,0.800,10.000,22.392,93.51,12.0000,99.7338,0.0441,2839.061391,4567.623
DailyProfile_ClimateSweep,79980.00,30.642,20.321,67.59,0.800,10.000,22.385,93.52,12.0000,99.6767,0.0441,2840.722669,4570.295
DailyProfile_ClimateSweep,80040.00,30.630,20.315,67.64,0.800,10.000,22.378,93.53,12.0000,99.6200,0.0441,2842.383003,4572.967
DailyProfile_ClimateSweep,80100.00,30.619,20.309,67.68,0.800,10.000,22.371,93.54,12.0000,99.5639,0.0441,2844.042401,4575.636
DailyProfile_ClimateSweep,80160.00,30.607,20.304,67.72,0.800,10.000,22.364,93.54,12.0000,99.5082,0.0440,2845.700872,4578.305
DailyProfile_ClimateSweep,80220.00,30.596,20.298,67.77,0.800,10.000,22.357,93.55,12.0000,99.4531,0.0440,2847.358423,4580.971
DailyProfile_ClimateSweep,80280.00,30.584,20.292,67.81,0.800,10.000,22.351,93.56,12.0000,99.3984,0.0440,2849.015062,4583.637
DailyProfile_ClimateSweep,80340.00,30.573,20.287,67.85,0.800,10.000,22.344,93.57,12.0000,99.3442,0.0440,2850.670799,4586.300
DailyProfile_ClimateSweep,80400.00,30.562,20.281,67.89,0.800,10.000,22.337,93.58,12.0000,99.2905,0.0439,2852.325641,4588.963
DailyProfile_ClimateSweep,80460.00,30.551,20.276,67.93,0.800,10.000,22.331,93.59,12.0000,99.2373,0.0439,2853.979597,4591.624
DailyProfile_ClimateSweep,80520.00,30.540,20.270,67.97,0.800,10.000,22.324,93.59,12.0000,99.1847,0.0439,2855.632675,4594.283
DailyProfile_ClimateSweep,80580.00,30.529,20.265,68.01,0.800,10.000,22.318,93.60,12.0000,99.1325,0.0439,2857.284883,4596.942
DailyProfile_ClimateSweep,80640.00,30.519,20.259,68.05,0.800,10.000,22.311,93.61,12.0000,99.0808,0.0438,2858.936230,4599.598
DailyProfile_ClimateSweep,80700.00,30.508,20.254,68.09,0.800,10.000,22.305,93.62,12.0000,99.0297,0.0438,2860.586725,4602.254
DailyProfile_ClimateSweep,80760.00,30.498,20.249,68.13,0.800,10.000,22.299,93.63,12.0000,98.9790,0.0438,2862.236375,4604.908
DailyProfile_ClimateSweep,80820.00,30.487,20.244,68.17,0.800,10.000,22.292,93.63,12.0000,98.9288,0.0438,2863.885189,4607.560
DailyProfile_ClimateSweep,80880.00,30.477,20.238,68.21,0.800,10.000,22.286,93.64,12.0000,98.8792,0.0438,2865.533175,4610.212
DailyProfile_ClimateSweep,80940.00,30.467,20.233,68.25,0.800,10.000,22.280,93.65,12.0000,98.8301,0.0437,2867.180343,4612.862
DailyProfile_ClimateSweep,81000.00,30.457,20.228,68.29,0.800,10.000,22.274,93.66,12.0000,98.7814,0.0437,2868.826700,4615.511
DailyProfile_ClimateSweep,81060.00,30.447,20.223,68.32,0.800,10.000,22.268,93.66,12.0000,98.7333,0.0437,2870.472255,4618.158
DailyProfile_ClimateSweep,81120.00,30.437,20.218,68.36,0.800,10.000,22.262,93.67,12.0000,98.6857,0.0437,2872.117016,4620.804
DailyProfile_ClimateSweep,81180.00,30.427,20.214,68.40,0.800,10.000,22.256,93.68,12.0000,98.6386,0.0436,2873.760993,4623.449
DailyProfile_ClimateSweep,81240.00,30.417,20.209,68.43,0.800,10.000,22.250,93.69,12.0000,98.5920,0.0436,2875.404193,4626.093
DailyProfile_ClimateSweep,81300.00,30.408,20.204,68.47,0.800,10.000,22.245,93.69,12.0000,98.5459,0.0436,2877.046625,4628.735
DailyProfile_ClimateSweep,81360.00,30.399,20.199,68.51,0.800,10.000,22.239,93.70,12.0000,98.5004,0.0436,2878.688298,4631.376
DailyProfile_ClimateSweep,81420.00,30.389,20.195,68.54,0.800,10.000,22.234,93.71,12.0000,98.4553,0.0436,2880.329220,4634.016
DailyProfile_ClimateSweep,81480.00,30.380,20.190,68.58,0.800,10.000,22.228,93.72,12.0000,98.4108,0.0435,2881.969399,4636.655
DailyProfile_ClimateSweep,81540.00,30.371,20.185,68.61,0.800,10.000,22.223,93.72,12.0000,98.3668,0.0435,2883.608845,4639.293
DailyProfile_ClimateSweep,81600.00,30.362,20.181,68.64,0.800,10.000,22.217,93.73,12.0000,98.3233,0.0435,2885.247567,4641.929
DailyProfile_ClimateSweep,81660.00,30.353,20.176,68.68,0.800,10.000,22.212,93.74,12.0000,98.2803,0.0435,2886.885572,4644.565
DailyProfile_ClimateSweep,81720.00,30.344,20.172,68.71,0.800,10.000,22.206,93.74,12.0000,98.2378,0.0435,2888.522869,4647.199
DailyProfile_ClimateSweep,81780.00,30.335,20.168,68.74,0.800,10.000,22.201,93.75,12.0000,98.1959,0.0434,2890.159467,4649.832
DailyProfile_ClimateSweep,81840.00,30.327,20.163,68.77,0.800,10.000,22.196,93.75,12.0000,98.1545,0.0434,2891.795375,4652.464
DailyProfile_ClimateSweep,81900.00,30.318,20.159,68.81,0.800,10.000,22.191,93.76,12.0000,98.1136,0.0434,2893.430602,4655.095
DailyProfile_ClimateSweep,81960.00,30.310,20.155,68.84,0.800,10.000,22.186,93.77,12.0000,98.0732,0.0434,2895.065155,4657.724
DailyProfile_ClimateSweep,82020.00,30.302,20.151,68.87,0.800,10.000,22.181,93.77,12.0000,98.0334,0.0434,2896.699044,4660.353
DailyProfile_ClimateSweep,82080.00,30.294,20.147,68.90,0.800,10.000,22.176,93.78,12.0000,97.9940,0.0434,2898.332278,4662.981
DailyProfile_ClimateSweep,82140.00,30.286,20.143,68.93,0.800,10.000,22.171,93.79,12.0000,97.9552,0.0433,2899.964865,4665.607
DailyProfile_ClimateSweep,82200.00,30.278,20.139,68.96,0.800,10.000,22.167,93.79,12.0000,97.9169,0.0433,2901.596814,4668.233
DailyProfile_ClimateSweep,82260.00,30.270,20.135,68.99,0.800,10.000,22.162,93.80,12.0000,97.8792,0.0433,2903.228134,4670.857
DailyProfile_ClimateSweep,82320.00,30.262,20.131,69.02,0.800,10.000,22.157,93.80,12.0000,97.8420,0.0433,2904.858834,4673.481
DailyProfile_ClimateSweep,82380.00,30.255,20.127,69.05,0.800,10.000,22.153,93.81,12.0000,97.8053,0.0433,2906.488922,4676.103
DailyProfile_ClimateSweep,82440.00,30.247,20.124,69.07,0.800,10.000,22.148,93.81,12.0000,97.7691,0.0433,2908.118407,4678.725
DailyProfile_ClimateSweep,82500.00,30.240,20.120,69.10,0.800,10.000,22.144,93.82,12.0000,97.7335,0.0432,2909.747298,4681.346
DailyProfile_ClimateSweep,82560.00,30.232,20.116,69.13,0.800,10.000,22.139,93.83,12.0000,97.6984,0.0432,2911.375604,4683.965
DailyProfile_ClimateSweep,82620.00,30.225,20.113,69.16,0.800,10.000,22.135,93.83,12.0000,97.6638,0.0432,2913.003334,4686.584
DailyProfile_ClimateSweep,82680.00,30.218,20.109,69.18,0.800,10.000,22.131,93.84,12.0000,97.6297,0.0432,2914.630496,4689.202
DailyProfile_ClimateSweep,82740.00,30.211,20.106,69.21,0.800,10.000,22.127,93.84,12.0000,97.5962,0.0432,2916.257099,4691.819
DailyProfile_ClimateSweep,82800.00,30.204,20.102,69.23,0.800,10.000,22.123,93.85,12.0000,97.5632,0.0432,2917.883153,4694.435
DailyProfile_ClimateSweep,82860.00,30.198,20.099,69.26,0.800,10.000,22.119,93.85,12.0000,97.5308,0.0432,2919.508666,4697.050
DailyProfile_ClimateSweep,82920.00,30.191,20.096,69.28,0.800,10.000,22.115,93.86,12.0000,97.4989,0.0431,2921.133647,4699.665
DailyProfile_ClimateSweep,82980.00,30.185,20.092,69.31,0.800,10.000,22.111,93.86,12.0000,97.4675,0.0431,2922.758105,4702.278
DailyProfile_ClimateSweep,83040.00,30.178,20.089,69.33,0.800,10.000,22.107,93.87,12.0000,97.4366,0.0431,2924.382048,4704.891
DailyProfile_ClimateSweep,83100.00,30.172,20.086,69.36,0.800,10.000,22.103,93.87,12.0000,97.4063,0.0431,2926.005486,4707.503
DailyProfile_ClimateSweep,83160.00,30.166,20.083,69.38,0.800,10.000,22.099,93.88,12.0000,97.3765,0.0431,2927.628428,4710.114
DailyProfile_ClimateSweep,83220.00,30.160,20.080,69.40,0.800,10.000,22.096,93.88,12.0000,97.3473,0.0431,2929.250883,4712.724
DailyProfile_ClimateSweep,83280.00,30.154,20.077,69.42,0.800,10.000,22.092,93.88,12.0000,97.3186,0.0431,2930.872859,4715.334
DailyProfile_ClimateSweep,83340.00,30.148,20.074,69.45,0.800,10.000,22.089,93.89,12.0000,97.2904,0.0430,2932.494366,4717.942
DailyProfile_ClimateSweep,83400.00,30.142,20.071,69.47,0.800,10.000,22.085,93.89,12.0000,97.2628,0.0430,2934.115412,4720.550
DailyProfile_ClimateSweep,83460.00,30.137,20.068,69.49,0.800,10.000,22.082,93.90,12.0000,97.2357,0.0430,2935.736007,4723.158
DailyProfile_ClimateSweep,83520.00,30.131,20.066,69.51,0.800,10.000,22.079,93.90,12.0000,97.2091,0.0430,2937.356159,4725.764
DailyProfile_ClimateSweep,83580.00,30.126,20.063,69.53,0.800,10.000,22.075,93.91,12.0000,97.1831,0.0430,2938.975877,4728.370
DailyProfile_ClimateSweep,83640.00,30.120,20.060,69.55,0.800,10.000,22.072,93.91,12.0000,97.1576,0.0430,2940.595171,4730.975
DailyProfile_ClimateSweep,83700.00,30.115,20.058,69.57,0.800,10.000,22.069,93.91,12.0000,97.1327,0.0430,2942.214050,4733.580
DailyProfile_ClimateSweep,83760.00,30.110,20.055,69.59,0.800,10.000,22.066,93.92,12.0000,97.1083,0.0430,2943.832522,4736.184
DailyProfile_ClimateSweep,83820.00,30.105,20.053,69.61,0.800,10.000,22.063,93.92,12.0000,97.0845,0.0430,2945.450596,4738.787
DailyProfile_ClimateSweep,83880.00,30.100,20.050,69.62,0.800,10.000,22.060,93.92,12.0000,97.0612,0.0429,2947.068282,4741.390
DailyProfile_ClimateSweep,83940.00,30.096,20.048,69.64,0.800,10.000,22.057,93.93,12.0000,97.0384,0.0429,2948.685588,4743.992
DailyProfile_ClimateSweep,84000.00,30.091,20.046,69.66,0.800,10.000,22.055,93.93,12.0000,97.0162,0.0429,2950.302524,4746.593
DailyProfile_ClimateSweep,84060.00,30.087,20.043,69.68,0.800,10.000,22.052,93.94,12.0000,96.9945,0.0429,2951.919099,4749.194
DailyProfile_ClimateSweep,84120.00,30.082,20.041,69.69,0.800,10.000,22.049,93.94,12.0000,96.9733,0.0429,2953.535321,4751.794
DailyProfile_ClimateSweep,84180.00,30.078,20.039,69.71,0.800,10.000,22.047,93.94,12.0000,96.9528,0.0429,2955.151201,4754.394
DailyProfile_ClimateSweep,84240.00,30.074,20.037,69.72,0.800,10.000,22.044,93.94,12.0000,96.9327,0.0429,2956.766746,4756.993
DailyProfile_ClimateSweep,84300.00,30.070,20.035,69.74,0.800,10.000,22.042,93.95,12.0000,96.9132,0.0429,2958.381966,4759.592
DailyProfile_ClimateSweep,84360.00,30.066,20.033,69.75,0.800,10.000,22.040,93.95,12.0000,96.8942,0.0429,2959.996870,4762.190
DailyProfile_ClimateSweep,84420.00,30.062,20.031,69.77,0.800,10.000,22.037,93.95,12.0000,96.8758,0.0429,2961.611467,4764.787
DailyProfile_ClimateSweep,84480.00,30.058,20.029,69.78,0.800,10.000,22.035,93.96,12.0000,96.8580,0.0429,2963.225766,4767.384
DailyProfile_ClimateSweep,84540.00,30.055,20.027,69.79,0.800,10.000,22.033,93.96,12.0000,96.8406,0.0428,2964.839777,4769.981
DailyProfile_ClimateSweep,84600.00,30.051,20.026,69.81,0.800,10.000,22.031,93.96,12.0000,96.8239,0.0428,2966.453508,4772.577
DailyProfile_ClimateSweep,84660.00,30.048,20.024,69.82,0.800,10.000,22.029,93.96,12.0000,96.8076,0.0428,2968.066969,4775.173
DailyProfile_ClimateSweep,84720.00,30.045,20.022,69.83,0.800,10.000,22.027,93.97,12.0000,96.7920,0.0428,2969.680168,4777.769
DailyProfile_ClimateSweep,84780.00,30.042,20.021,69.84,0.800,10.000,22.025,93.97,12.0000,96.7768,0.0428,2971.293115,4780.364
DailyProfile_ClimateSweep,84840.00,30.039,20.019,69.86,0.800,10.000,22.023,93.97,12.0000,96.7622,0.0428,2972.905819,4782.958
DailyProfile_ClimateSweep,84900.00,30.036,20.018,69.87,0.800,10.000,22.021,93.97,12.0000,96.7482,0.0428,2974.518289,4785.552
DailyProfile_ClimateSweep,84960.00,30.033,20.016,69.88,0.800,10.000,22.020,93.98,12.0000,96.7347,0.0428,2976.130534,4788.146
DailyProfile_ClimateSweep,85020.00,30.030,20.015,69.89,0.800,10.000,22.018,93.98,12.0000,96.7218,0.0428,2977.742564,4790.740
DailyProfile_ClimateSweep,85080.00,30.028,20.014,69.90,0.800,10.000,22.017,93.98,12.0000,96.7094,0.0428,2979.354387,4793.333
DailyProfile_ClimateSweep,85140.00,30.025,20.013,69.91,0.800,10.000,22.015,93.98,12.0000,96.6975,0.0428,2980.966013,4795.926
DailyProfile_ClimateSweep,85200.00,30.023,20.011,69.91,0.800,10.000,22.014,93.98,12.0000,96.6863,0.0428,2982.577450,4798.518
DailyProfile_ClimateSweep,85260.00,30.021,20.010,69.92,0.800,10.000,22.012,93.98,12.0000,96.6755,0.0428,2984.188709,4801.111
DailyProfile_ClimateSweep,85320.00,30.018,20.009,69.93,0.800,10.000,22.011,93.99,12.0000,96.6653,0.0428,2985.799797,4803.703
DailyProfile_ClimateSweep,85380.00,30.016,20.008,69.94,0.800,10.000,22.010,93.99,12.0000,96.6557,0.0428,2987.410725,4806.294
DailyProfile_ClimateSweep,85440.00,30.015,20.007,69.95,0.800,10.000,22.009,93.99,12.0000,96.6466,0.0428,2989.021501,4808.886
DailyProfile_ClimateSweep,85500.00,30.013,20.006,69.95,0.800,10.000,22.008,93.99,12.0000,96.6380,0.0428,2990.632135,4811.477
DailyProfile_ClimateSweep,85560.00,30.011,20.006,69.96,0.800,10.000,22.007,93.99,12.0000,96.6300,0.0428,2992.242636,4814.068
DailyProfile_ClimateSweep,85620.00,30.010,20.005,69.96,0.800,10.000,22.006,93.99,12.0000,96.6226,0.0428,2993.853013,4816.659
DailyProfile_ClimateSweep,85680.00,30.008,20.004,69.97,0.800,10.000,22.005,93.99,12.0000,96.6157,0.0428,2995.463274,4819.250
DailyProfile_ClimateSweep,85740.00,30.007,20.003,69.97,0.800,10.000,22.004,93.99,12.0000,96.6094,0.0427,2997.073430,4821.840
DailyProfile_ClimateSweep,85800.00,30.006,20.003,69.98,0.800,10.000,22.003,94.00,12.0000,96.6036,0.0427,2998.683490,4824.431
DailyProfile_ClimateSweep,85860.00,30.005,20.002,69.98,0.800,10.000,22.003,94.00,12.0000,96.5983,0.0427,3000.293462,4827.021
DailyProfile_ClimateSweep,85920.00,30.004,20.002,69.99,0.800,10.000,22.002,94.00,12.0000,96.5936,0.0427,3001.903356,4829.611
DailyProfile_ClimateSweep,85980.00,30.003,20.001,69.99,0.800,10.000,22.002,94.00,12.0000,96.5895,0.0427,3003.513182,4832.201
DailyProfile_ClimateSweep,86040.00,30.002,20.001,69.99,0.800,10.000,22.001,94.00,12.0000,96.5859,0.0427,3005.122947,4834.791
DailyProfile_ClimateSweep,86100.00,30.001,20.001,69.99,0.800,10.000,22.001,94.00,12.0000,96.5829,0.0427,3006.732662,4837.381
DailyProfile_ClimateSweep,86160.00,30.001,20.000,70.00,0.800,10.000,22.001,94.00,12.0000,96.5804,0.0427,3008.342336,4839.970
DailyProfile_ClimateSweep,86220.00,30.001,20.000,70.00,0.800,10.000,22.000,94.00,12.0000,96.5785,0.0427,3009.951977,4842.560
DailyProfile_ClimateSweep,86280.00,30.000,20.000,70.00,0.800,10.000,22.000,94.00,12.0000,96.5771,0.0427,3011.561595,4845.150
DailyProfile_ClimateSweep,86340.00,30.000,20.000,70.00,0.800,10.000,22.000,94.00,12.0000,96.5763,0.0427,3013.171200,4847.739
DailyProfile_ClimateSweep,86400.00,30.000,20.000,70.00,0.800,10.000,22.000,94.00,12.0000,96.5760,0.0427,3014.780800,4850.329
