hour,it_kW,cooling_kW,ambientC,wetbulbC
0,250.000,133.424,20.00,18.00
1,350.000,159.660,21.55,19.55
2,500.000,213.595,23.00,21.00
3,450.000,193.188,24.24,22.24
4,300.000,145.946,25.20,23.20
5,200.000,122.375,25.80,23.80
6,250.000,133.822,26.00,24.00
7,350.000,160.031,25.80,23.80
8,500.000,213.707,25.20,23.20
9,450.000,193.188,24.24,22.24
10,300.000,145.861,23.00,21.00
11,200.000,122.085,21.55,19.55
12,250.000,133.424,20.00,18.00
13,350.000,159.660,18.45,16.45
14,500.000,213.595,17.00,15.00
15,450.000,193.188,15.76,13.76
16,300.000,145.861,14.80,12.80
17,200.000,122.085,14.20,12.20
18,250.000,133.424,14.00,12.00
19,350.000,159.660,14.20,12.20
20,500.000,213.595,14.80,12.80
21,450.000,193.188,15.76,13.76
22,300.000,145.861,17.00,15.00
23,200.000,122.085,18.45,16.45
24,250.000,133.424,20.00,18.00
25,350.000,159.660,21.55,19.55
26,500.000,213.595,23.00,21.00
27,450.000,193.188,24.24,22.24
28,300.000,145.946,25.20,23.20
29,200.000,122.375,25.80,23.80
30,250.000,133.822,26.00,24.00
31,350.000,160.031,25.80,23.80
32,500.000,213.707,25.20,23.20
33,450.000,193.188,24.24,22.24
34,300.000,145.861,23.00,21.00
35,200.000,122.085,21.55,19.55
36,250.000,133.424,20.00,18.00
37,350.000,159.660,18.45,16.45
38,500.000,213.595,17.00,15.00
39,450.000,193.188,15.76,13.76
40,300.000,145.861,14.80,12.80
41,200.000,122.085,14.20,12.20
42,250.000,133.424,14.00,12.00
43,350.000,159.660,14.20,12.20
44,500.000,213.595,14.80,12.80
45,450.000,193.188,15.76,13.76
46,300.000,145.861,17.00,15.00
47,200.000,122.085,18.45,16.45
48,250.000,133.424,20.00,18.00
49,350.000,159.660,21.55,19.55
50,500.000,213.595,23.00,21.00
51,450.000,193.188,24.24,22.24
52,300.000,145.946,25.20,23.20
53,200.000,122.375,25.80,23.80
54,250.000,133.822,26.00,24.00
55,350.000,160.031,25.80,23.80
56,500.000,213.707,25.20,23.20
57,450.000,193.188,24.24,22.24
58,300.000,145.861,23.00,21.00
59,200.000,122.085,21.55,19.55
60,250.000,133.424,20.00,18.00
61,350.000,159.660,18.45,16.45
62,500.000,213.595,17.00,15.00
63,450.000,193.188,15.76,13.76
64,300.000,145.861,14.80,12.80
65,200.000,122.085,14.20,12.20
66,250.000,133.424,14.00,12.00
67,350.000,159.660,14.20,12.20
68,500.000,213.595,14.80,12.80
69,450.000,193.188,15.76,13.76
70,300.000,145.861,17.00,15.00
71,200.000,122.085,18.45,16.45
72,250.000,133.424,20.00,18.00
73,350.000,159.660,21.55,19.55
74,500.000,213.595,23.00,21.00
75,450.000,193.188,24.24,22.24
76,300.000,145.946,25.20,23.20
77,200.000,122.375,25.80,23.80
78,250.000,133.822,26.00,24.00
79,350.000,160.031,25.80,23.80
80,500.000,213.707,25.20,23.20
81,450.000,193.188,24.24,22.24
82,300.000,145.861,23.00,21.00
83,200.000,122.085,21.55,19.55
84,250.000,133.424,20.00,18.00
85,350.000,159.660,18.45,16.45
86,500.000,213.595,17.00,15.00
87,450.000,193.188,15.76,13.76
88,300.000,145.861,14.80,12.80
89,200.000,122.085,14.20,12.20
90,250.000,133.424,14.00,12.00
91,350.000,159.660,14.20,12.20
92,500.000,213.595,14.80,12.80
93,450.000,193.188,15.76,13.76
94,300.000,145.861,17.00,15.00
95,200.000,122.085,18.45,16.45
96,250.000,133.424,20.00,18.00
97,350.000,159.660,21.55,19.55
98,500.000,213.595,23.00,21.00
99,450.000,193.188,24.24,22.24
100,300.000,145.946,25.20,23.20
101,200.000,122.375,25.80,23.80
102,250.000,133.822,26.00,24.00
103,350.000,160.031,25.80,23.80
104,500.000,213.707,25.20,23.20
105,450.000,193.188,24.24,22.24
106,300.000,145.861,23.00,21.00
107,200.000,122.085,21.55,19.55
108,250.000,133.424,20.00,18.00
109,350.000,159.660,18.45,16.45
110,500.000,213.595,17.00,15.00
111,450.000,193.188,15.76,13.76
112,300.000,145.861,14.80,12.80
113,200.000,122.085,14.20,12.20
114,250.000,133.424,14.00,12.00
115,350.000,159.660,14.20,12.20
116,500.000,213.595,14.80,12.80
117,450.000,193.188,15.76,13.76
118,300.000,145.861,17.00,15.00
119,200.000,122.085,18.45,16.45
120,250.000,133.424,20.00,18.00
121,350.000,159.660,21.55,19.55
122,500.000,213.595,23.00,21.00
123,450.000,193.188,24.24,22.24
124,300.000,145.946,25.20,23.20
125,200.000,122.375,25.80,23.80
126,250.000,133.822,26.00,24.00
127,350.000,160.031,25.80,23.80
128,500.000,213.707,25.20,23.20
129,450.000,193.188,24.24,22.24
130,300.000,145.861,23.00,21.00
131,200.000,122.085,21.55,19.55
132,250.000,133.424,20.00,18.00
133,350.000,159.660,18.45,16.45
134,500.000,213.595,17.00,15.00
135,450.000,193.188,15.76,13.76
136,300.000,145.861,14.80,12.80
137,200.000,122.085,14.20,12.20
138,250.000,133.424,14.00,12.00
139,350.000,159.660,14.20,12.20
140,500.000,213.595,14.80,12.80
141,450.000,193.188,15.76,13.76
142,300.000,145.861,17.00,15.00
143,200.000,122.085,18.45,16.45
144,250.000,133.424,20.00,18.00
145,350.000,159.660,21.55,19.55
146,500.000,213.595,23.00,21.00
147,450.000,193.188,24.24,22.24
148,300.000,145.946,25.20,23.20
149,200.000,122.375,25.80,23.80
150,250.000,133.822,26.00,24.00
151,350.000,160.031,25.80,23.80
152,500.000,213.707,25.20,23.20
153,450.000,193.188,24.24,22.24
154,300.000,145.861,23.00,21.00
155,200.000,122.085,21.55,19.55
156,250.000,133.424,20.00,18.00
157,350.000,159.660,18.45,16.45
158,500.000,213.595,17.00,15.00
159,450.000,193.188,15.76,13.76
160,300.000,145.861,14.80,12.80
161,200.000,122.085,14.20,12.20
162,250.000,133.424,14.00,12.00
163,350.000,159.660,14.20,12.20
164,500.000,213.595,14.80,12.80
165,450.000,193.188,15.76,13.76
166,300.000,145.861,17.00,15.00
167,200.000,122.085,18.45,16.45
168,250.000,133.424,20.00,18.00
169,350.000,159.660,21.55,19.55
170,500.000,213.595,23.00,21.00
171,450.000,193.188,24.24,22.24
172,300.000,145.946,25.20,23.20
173,200.000,122.375,25.80,23.80
174,250.000,133.822,26.00,24.00
175,350.000,160.031,25.80,23.80
176,500.000,213.707,25.20,23.20
177,450.000,193.188,24.24,22.24
178,300.000,145.861,23.00,21.00
179,200.000,122.085,21.55,19.55
180,250.000,133.424,20.00,18.00
181,350.000,159.660,18.45,16.45
182,500.000,213.595,17.00,15.00
183,450.000,193.188,15.76,13.76
184,300.000,145.861,14.80,12.80
185,200.000,122.085,14.20,12.20
186,250.000,133.424,14.00,12.00
187,350.000,159.660,14.20,12.20
188,500.000,213.595,14.80,12.80
189,450.000,193.188,15.76,13.76
190,300.000,145.861,17.00,15.00
191,200.000,122.085,18.45,16.45
192,250.000,133.424,20.00,18.00
193,350.000,159.660,21.55,19.55
194,500.000,213.595,23.00,21.00
195,450.000,193.188,24.24,22.24
196,300.000,145.946,25.20,23.20
197,200.000,122.375,25.80,23.80
198,250.000,133.822,26.00,24.00
199,350.000,160.031,25.80,23.80
200,500.000,213.707,25.20,23.20
201,450.000,193.188,24.24,22.24
202,300.000,145.861,23.00,21.00
203,200.000,122.085,21.55,19.55
204,250.000,133.424,20.00,18.00
205,350.000,159.660,18.45,16.45
206,500.000,213.595,17.00,15.00
207,450.000,193.188,15.76,13.76
208,300.000,145.861,14.80,12.80
209,200.000,122.085,14.20,12.20
210,250.000,133.424,14.00,12.00
211,350.000,159.660,14.20,12.20
212,500.000,213.595,14.80,12.80
213,450.000,193.188,15.76,13.76
214,300.000,145.861,17.00,15.00
215,200.000,122.085,18.45,16.45
216,250.000,133.424,20.00,18.00
217,350.000,159.660,21.55,19.55
218,500.000,213.595,23.00,21.00
219,450.000,193.188,24.24,22.24
220,300.000,145.946,25.20,23.20
221,200.000,122.375,25.80,23.80
222,250.000,133.822,26.00,24.00
223,350.000,160.031,25.80,23.80
224,500.000,213.707,25.20,23.20
225,450.000,193.188,24.24,22.24
226,300.000,145.861,23.00,21.00
227,200.000,122.085,21.55,19.55
228,250.000,133.424,20.00,18.00
229,350.000,159.660,18.45,16.45
230,500.000,213.595,17.00,15.00
231,450.000,193.188,15.76,13.76
232,300.000,145.861,14.80,12.80
233,200.000,122.085,14.20,12.20
234,250.000,133.424,14.00,12.00
235,350.000,159.660,14.20,12.20
236,500.000,213.595,14.80,12.80
237,450.000,193.188,15.76,13.76
238,300.000,145.861,17.00,15.00
239,200.000,122.085,18.45,16.45
240,250.000,133.424,20.00,18.00
241,350.000,159.660,21.55,19.55
242,500.000,213.595,23.00,21.00
243,450.000,193.188,24.24,22.24
244,300.000,145.946,25.20,23.20
245,200.000,122.375,25.80,23.80
246,250.000,133.822,26.00,24.00
247,350.000,160.031,25.80,23.80
248,500.000,213.707,25.20,23.20
249,450.000,193.188,24.24,22.24
250,300.000,145.861,23.00,21.00
251,200.000,122.085,21.55,19.55
252,250.000,133.424,20.00,18.00
253,350.000,159.660,18.45,16.45
254,500.000,213.595,17.00,15.00
255,450.000,193.188,15.76,13.76
256,300.000,145.861,14.80,12.80
257,200.000,122.085,14.20,12.20
258,250.000,133.424,14.00,12.00
259,350.000,159.660,14.20,12.20
260,500.000,213.595,14.80,12.80
261,450.000,193.188,15.76,13.76
262,300.000,145.861,17.00,15.00
263,200.000,122.085,18.45,16.45
264,250.000,133.424,20.00,18.00
265,350.000,159.660,21.55,19.55
266,500.000,213.595,23.00,21.00
267,450.000,193.188,24.24,22.24
268,300.000,145.946,25.20,23.20
269,200.000,122.375,25.80,23.80
270,250.000,133.822,26.00,24.00
271,350.000,160.031,25.80,23.80
272,500.000,213.707,25.20,23.20
273,450.000,193.188,24.24,22.24
274,300.000,145.861,23.00,21.00
275,200.000,122.085,21.55,19.55
276,250.000,133.424,20.00,18.00
277,350.000,159.660,18.45,16.45
278,500.000,213.595,17.00,15.00
279,450.000,193.188,15.76,13.76
280,300.000,145.861,14.80,12.80
281,200.000,122.085,14.20,12.20
282,250.000,133.424,14.00,12.00
283,350.000,159.660,14.20,12.20
284,500.000,213.595,14.80,12.80
285,450.000,193.188,15.76,13.76
286,300.000,145.861,17.00,15.00
287,200.000,122.085,18.45,16.45
288,250.000,133.424,20.00,18.00
289,350.000,159.660,21.55,19.55
290,500.000,213.595,23.00,21.00
291,450.000,193.188,24.24,22.24
292,300.000,145.946,25.20,23.20
293,200.000,122.375,25.80,23.80
294,250.000,133.822,26.00,24.00
295,350.000,160.031,25.80,23.80
296,500.000,213.707,25.20,23.20
297,450.000,193.188,24.24,22.24
298,300.000,145.861,23.00,21.00
299,200.000,122.085,21.55,19.55
300,250.000,133.424,20.00,18.00
301,350.000,159.660,18.45,16.45
302,500.000,213.595,17.00,15.00
303,450.000,193.188,15.76,13.76
304,300.000,145.861,14.80,12.80
305,200.000,122.085,14.20,12.20
306,250.000,133.424,14.00,12.00
307,350.000,159.660,14.20,12.20
308,500.000,213.595,14.80,12.80
309,450.000,193.188,15.76,13.76
310,300.000,145.861,17.00,15.00
311,200.000,122.085,18.45,16.45
312,250.000,133.424,20.00,18.00
313,350.000,159.660,21.55,19.55
314,500.000,213.595,23.00,21.00
315,450.000,193.188,24.24,22.24
316,300.000,145.946,25.20,23.20
317,200.000,122.375,25.80,23.80
318,250.000,133.822,26.00,24.00
319,350.000,160.031,25.80,23.80
320,500.000,213.707,25.20,23.20
321,450.000,193.188,24.24,22.24
322,300.000,145.861,23.00,21.00
323,200.000,122.085,21.55,19.55
324,250.000,133.424,20.00,18.00
325,350.000,159.660,18.45,16.45
326,500.000,213.595,17.00,15.00
327,450.000,193.188,15.76,13.76
328,300.000,145.861,14.80,12.80
329,200.000,122.085,14.20,12.20
330,250.000,133.424,14.00,12.00
331,350.000,159.660,14.20,12.20
332,500.000,213.595,14.80,12.80
333,450.000,193.188,15.76,13.76
334,300.000,145.861,17.00,15.00
335,200.000,122.085,18.45,16.45
336,250.000,133.424,20.00,18.00
337,350.000,159.660,21.55,19.55
338,500.000,213.595,23.00,21.00
339,450.000,193.188,24.24,22.24
340,300.000,145.946,25.20,23.20
341,200.000,122.375,25.80,23.80
342,250.000,133.822,26.00,24.00
343,350.000,160.031,25.80,23.80
344,500.000,213.707,25.20,23.20
345,450.000,193.188,24.24,22.24
346,300.000,145.861,23.00,21.00
347,200.000,122.085,21.55,19.55
348,250.000,133.424,20.00,18.00
349,350.000,159.660,18.45,16.45
350,500.000,213.595,17.00,15.00
351,450.000,193.188,15.76,13.76
352,300.000,145.861,14.80,12.80
353,200.000,122.085,14.20,12.20
354,250.000,133.424,14.00,12.00
355,350.000,159.660,14.20,12.20
356,500.000,213.595,14.80,12.80
357,450.000,193.188,15.76,13.76
358,300.000,145.861,17.00,15.00
359,200.000,122.085,18.45,16.45
360,250.000,133.424,20.00,18.00
361,350.000,159.660,21.55,19.55
362,500.000,213.595,23.00,21.00
363,450.000,193.188,24.24,22.24
364,300.000,145.946,25.20,23.20
365,200.000,122.375,25.80,23.80
366,250.000,133.822,26.00,24.00
367,350.000,160.031,25.80,23.80
368,500.000,213.707,25.20,23.20
369,450.000,193.188,24.24,22.24
370,300.000,145.861,23.00,21.00
371,200.000,122.085,21.55,19.55
372,250.000,133.424,20.00,18.00
373,350.000,159.660,18.45,16.45
374,500.000,213.595,17.00,15.00
375,450.000,193.188,15.76,13.76
376,300.000,145.861,14.80,12.80
377,200.000,122.085,14.20,12.20
378,250.000,133.424,14.00,12.00
379,350.000,159.660,14.20,12.20
380,500.000,213.595,14.80,12.80
381,450.000,193.188,15.76,13.76
382,300.000,145.861,17.00,15.00
383,200.000,122.085,18.45,16.45
384,250.000,133.424,20.00,18.00
385,350.000,159.660,21.55,19.55
386,500.000,213.595,23.00,21.00
387,450.000,193.188,24.24,22.24
388,300.000,145.946,25.20,23.20
389,200.000,122.375,25.80,23.80
390,250.000,133.822,26.00,24.00
391,350.000,160.031,25.80,23.80
392,500.000,213.707,25.20,23.20
393,450.000,193.188,24.24,22.24
394,300.000,145.861,23.00,21.00
395,200.000,122.085,21.55,19.55
396,250.000,133.424,20.00,18.00
397,350.000,159.660,18.45,16.45
398,500.000,213.595,17.00,15.00
399,450.000,193.188,15.76,13.76
400,300.000,145.861,14.80,12.80
401,200.000,122.085,14.20,12.20
402,250.000,133.424,14.00,12.00
403,350.000,159.660,14.20,12.20
404,500.000,213.595,14.80,12.80
405,450.000,193.188,15.76,13.76
406,300.000,145.861,17.00,15.00
407,200.000,122.085,18.45,16.45
408,250.000,133.424,20.00,18.00
409,350.000,159.660,21.55,19.55
410,500.000,213.595,23.00,21.00
411,450.000,193.188,24.24,22.24
412,300.000,145.946,25.20,23.20
413,200.000,122.375,25.80,23.80
414,250.000,133.822,26.00,24.00
415,350.000,160.031,25.80,23.80
416,500.000,213.707,25.20,23.20
417,450.000,193.188,24.24,22.24
418,300.000,145.861,23.00,21.00
419,200.000,122.085,21.55,19.55
420,250.000,133.424,20.00,18.00
421,350.000,159.660,18.45,16.45
422,500.000,213.595,17.00,15.00
423,450.000,193.188,15.76,13.76
424,300.000,145.861,14.80,12.80
425,200.000,122.085,14.20,12.20
426,250.000,133.424,14.00,12.00
427,350.000,159.660,14.20,12.20
428,500.000,213.595,14.80,12.80
429,450.000,193.188,15.76,13.76
430,300.000,145.861,17.00,15.00
431,200.000,122.085,18.45,16.45
432,250.000,133.424,20.00,18.00
433,350.000,159.660,21.55,19.55
434,500.000,213.595,23.00,21.00
435,450.000,193.188,24.24,22.24
436,300.000,145.946,25.20,23.20
437,200.000,122.375,25.80,23.80
438,250.000,133.822,26.00,24.00
439,350.000,160.031,25.80,23.80
440,500.000,213.707,25.20,23.20
441,450.000,193.188,24.24,22.24
442,300.000,145.861,23.00,21.00
443,200.000,122.085,21.55,19.55
444,250.000,133.424,20.00,18.00
445,350.000,159.660,18.45,16.45
446,500.000,213.595,17.00,15.00
447,450.000,193.188,15.76,13.76
448,300.000,145.861,14.80,12.80
449,200.000,122.085,14.20,12.20
450,250.000,133.424,14.00,12.00
451,350.000,159.660,14.20,12.20
452,500.000,213.595,14.80,12.80
453,450.000,193.188,15.76,13.76
454,300.000,145.861,17.00,15.00
455,200.000,122.085,18.45,16.45
456,250.000,133.424,20.00,18.00
457,350.000,159.660,21.55,19.55
458,500.000,213.595,23.00,21.00
459,450.000,193.188,24.24,22.24
460,300.000,145.946,25.20,23.20
461,200.000,122.375,25.80,23.80
462,250.000,133.822,26.00,24.00
463,350.000,160.031,25.80,23.80
464,500.000,213.707,25.20,23.20
465,450.000,193.188,24.24,22.24
466,300.000,145.861,23.00,21.00
467,200.000,122.085,21.55,19.55
468,250.000,133.424,20.00,18.00
469,350.000,159.660,18.45,16.45
470,500.000,213.595,17.00,15.00
471,450.000,193.188,15.76,13.76
472,300.000,145.861,14.80,12.80
473,200.000,122.085,14.20,12.20
474,250.000,133.424,14.00,12.00
475,350.000,159.660,14.20,12.20
476,500.000,213.595,14.80,12.80
477,450.000,193.188,15.76,13.76
478,300.000,145.861,17.00,15.00
479,200.000,122.085,18.45,16.45
480,250.000,133.424,20.00,18.00
481,350.000,159.660,21.55,19.55
482,500.000,213.595,23.00,21.00
483,450.000,193.188,24.24,22.24
484,300.000,145.946,25.20,23.20
485,200.000,122.375,25.80,23.80
486,250.000,133.822,26.00,24.00
487,350.000,160.031,25.80,23.80
488,500.000,213.707,25.20,23.20
489,450.000,193.188,24.24,22.24
490,300.000,145.861,23.00,21.00
491,200.000,122.085,21.55,19.55
492,250.000,133.424,20.00,18.00
493,350.000,159.660,18.45,16.45
494,500.000,213.595,17.00,15.00
495,450.000,193.188,15.76,13.76
496,300.000,145.861,14.80,12.80
497,200.000,122.085,14.20,12.20
498,250.000,133.424,14.00,12.00
499,350.000,159.660,14.20,12.20
500,500.000,213.595,14.80,12.80
501,450.000,193.188,15.76,13.76
502,300.000,145.861,17.00,15.00
503,200.000,122.085,18.45,16.45
504,250.000,133.424,20.00,18.00
505,350.000,159.660,21.55,19.55
506,500.000,213.595,23.00,21.00
507,450.000,193.188,24.24,22.24
508,300.000,145.946,25.20,23.20
509,200.000,122.375,25.80,23.80
510,250.000,133.822,26.00,24.00
511,350.000,160.031,25.80,23.80
512,500.000,213.707,25.20,23.20
513,450.000,193.188,24.24,22.24
514,300.000,145.861,23.00,21.00
515,200.000,122.085,21.55,19.55
516,250.000,133.424,20.00,18.00
517,350.000,159.660,18.45,16.45
518,500.000,213.595,17.00,15.00
519,450.000,193.188,15.76,13.76
520,300.000,145.861,14.80,12.80
521,200.000,122.085,14.20,12.20
522,250.000,133.424,14.00,12.00
523,350.000,159.660,14.20,12.20
524,500.000,213.595,14.80,12.80
525,450.000,193.188,15.76,13.76
526,300.000,145.861,17.00,15.00
527,200.000,122.085,18.45,16.45
528,250.000,133.424,20.00,18.00
529,350.000,159.660,21.55,19.55
530,500.000,213.595,23.00,21.00
531,450.000,193.188,24.24,22.24
532,300.000,145.946,25.20,23.20
533,200.000,122.375,25.80,23.80
534,250.000,133.822,26.00,24.00
535,350.000,160.031,25.80,23.80
536,500.000,213.707,25.20,23.20
537,450.000,193.188,24.24,22.24
538,300.000,145.861,23.00,21.00
539,200.000,122.085,21.55,19.55
540,250.000,133.424,20.00,18.00
541,350.000,159.660,18.45,16.45
542,500.000,213.595,17.00,15.00
543,450.000,193.188,15.76,13.76
544,300.000,145.861,14.80,12.80
545,200.000,122.085,14.20,12.20
546,250.000,133.424,14.00,12.00
547,350.000,159.660,14.20,12.20
548,500.000,213.595,14.80,12.80
549,450.000,193.188,15.76,13.76
550,300.000,145.861,17.00,15.00
551,200.000,122.085,18.45,16.45
552,250.000,133.424,20.00,18.00
553,350.000,159.660,21.55,19.55
554,500.000,213.595,23.00,21.00
555,450.000,193.188,24.24,22.24
556,300.000,145.946,25.20,23.20
557,200.000,122.375,25.80,23.80
558,250.000,133.822,26.00,24.00
559,350.000,160.031,25.80,23.80
560,500.000,213.707,25.20,23.20
561,450.000,193.188,24.24,22.24
562,300.000,145.861,23.00,21.00
563,200.000,122.085,21.55,19.55
564,250.000,133.424,20.00,18.00
565,350.000,159.660,18.45,16.45
566,500.000,213.595,17.00,15.00
567,450.000,193.188,15.76,13.76
568,300.000,145.861,14.80,12.80
569,200.000,122.085,14.20,12.20
570,250.000,133.424,14.00,12.00
571,350.000,159.660,14.20,12.20
572,500.000,213.595,14.80,12.80
573,450.000,193.188,15.76,13.76
574,300.000,145.861,17.00,15.00
575,200.000,122.085,18.45,16.45
576,250.000,133.424,20.00,18.00
577,350.000,159.660,21.55,19.55
578,500.000,213.595,23.00,21.00
579,450.000,193.188,24.24,22.24
580,300.000,145.946,25.20,23.20
581,200.000,122.375,25.80,23.80
582,250.000,133.822,26.00,24.00
583,350.000,160.031,25.80,23.80
584,500.000,213.707,25.20,23.20
585,450.000,193.188,24.24,22.24
586,300.000,145.861,23.00,21.00
587,200.000,122.085,21.55,19.55
588,250.000,133.424,20.00,18.00
589,350.000,159.660,18.45,16.45
590,500.000,213.595,17.00,15.00
591,450.000,193.188,15.76,13.76
592,300.000,145.861,14.80,12.80
593,200.000,122.085,14.20,12.20
594,250.000,133.424,14.00,12.00
595,350.000,159.660,14.20,12.20
596,500.000,213.595,14.80,12.80
597,450.000,193.188,15.76,13.76
598,300.000,145.861,17.00,15.00
599,200.000,122.085,18.45,16.45
600,250.000,133.424,20.00,18.00
601,350.000,159.660,21.55,19.55
602,500.000,213.595,23.00,21.00
603,450.000,193.188,24.24,22.24
604,300.000,145.946,25.20,23.20
605,200.000,122.375,25.80,23.80
606,250.000,133.822,26.00,24.00
607,350.000,160.031,25.80,23.80
608,500.000,213.707,25.20,23.20
609,450.000,193.188,24.24,22.24
610,300.000,145.861,23.00,21.00
611,200.000,122.085,21.55,19.55
612,250.000,133.424,20.00,18.00
613,350.000,159.660,18.45,16.45
614,500.000,213.595,17.00,15.00
615,450.000,193.188,15.76,13.76
616,300.000,145.861,14.80,12.80
617,200.000,122.085,14.20,12.20
618,250.000,133.424,14.00,12.00
619,350.000,159.660,14.20,12.20
620,500.000,213.595,14.80,12.80
621,450.000,193.188,15.76,13.76
622,300.000,145.861,17.00,15.00
623,200.000,122.085,18.45,16.45
624,250.000,133.424,20.00,18.00
625,350.000,159.660,21.55,19.55
626,500.000,213.595,23.00,21.00
627,450.000,193.188,24.24,22.24
628,300.000,145.946,25.20,23.20
629,200.000,122.375,25.80,23.80
630,250.000,133.822,26.00,24.00
631,350.000,160.031,25.80,23.80
632,500.000,213.707,25.20,23.20
633,450.000,193.188,24.24,22.24
634,300.000,145.861,23.00,21.00
635,200.000,122.085,21.55,19.55
636,250.000,133.424,20.00,18.00
637,350.000,159.660,18.45,16.45
638,500.000,213.595,17.00,15.00
639,450.000,193.188,15.76,13.76
640,300.000,145.861,14.80,12.80
641,200.000,122.085,14.20,12.20
642,250.000,133.424,14.00,12.00
643,350.000,159.660,14.20,12.20
644,500.000,213.595,14.80,12.80
645,450.000,193.188,15.76,13.76
646,300.000,145.861,17.00,15.00
647,200.000,122.085,18.45,16.45
648,250.000,133.424,20.00,18.00
649,350.000,159.660,21.55,19.55
650,500.000,213.595,23.00,21.00
651,450.000,193.188,24.24,22.24
652,300.000,145.946,25.20,23.20
653,200.000,122.375,25.80,23.80
654,250.000,133.822,26.00,24.00
655,350.000,160.031,25.80,23.80
656,500.000,213.707,25.20,23.20
657,450.000,193.188,24.24,22.24
658,300.000,145.861,23.00,21.00
659,200.000,122.085,21.55,19.55
660,250.000,133.424,20.00,18.00
661,350.000,159.660,18.45,16.45
662,500.000,213.595,17.00,15.00
663,450.000,193.188,15.76,13.76
664,300.000,145.861,14.80,12.80
665,200.000,122.085,14.20,12.20
666,250.000,133.424,14.00,12.00
667,350.000,159.660,14.20,12.20
668,500.000,213.595,14.80,12.80
669,450.000,193.188,15.76,13.76
670,300.000,145.861,17.00,15.00
671,200.000,122.085,18.45,16.45
672,250.000,133.424,20.00,18.00
673,350.000,159.660,21.55,19.55
674,500.000,213.595,23.00,21.00
675,450.000,193.188,24.24,22.24
676,300.000,145.946,25.20,23.20
677,200.000,122.375,25.80,23.80
678,250.000,133.822,26.00,24.00
679,350.000,160.031,25.80,23.80
680,500.000,213.707,25.20,23.20
681,450.000,193.188,24.24,22.24
682,300.000,145.861,23.00,21.00
683,200.000,122.085,21.55,19.55
684,250.000,133.424,20.00,18.00
685,350.000,159.660,18.45,16.45
686,500.000,213.595,17.00,15.00
687,450.000,193.188,15.76,13.76
688,300.000,145.861,14.80,12.80
689,200.000,122.085,14.20,12.20
690,250.000,133.424,14.00,12.00
691,350.000,159.660,14.20,12.20
692,500.000,213.595,14.80,12.80
693,450.000,193.188,15.76,13.76
694,300.000,145.861,17.00,15.00
695,200.000,122.085,18.45,16.45
696,250.000,133.424,20.00,18.00
697,350.000,159.660,21.55,19.55
698,500.000,213.595,23.00,21.00
699,450.000,193.188,24.24,22.24
700,300.000,145.946,25.20,23.20
701,200.000,122.375,25.80,23.80
702,250.000,133.822,26.00,24.00
703,350.000,160.031,25.80,23.80
704,500.000,213.707,25.20,23.20
705,450.000,193.188,24.24,22.24
706,300.000,145.861,23.00,21.00
707,200.000,122.085,21.55,19.55
708,250.000,133.424,20.00,18.00
709,350.000,159.660,18.45,16.45
710,500.000,213.595,17.00,15.00
711,450.000,193.188,15.76,13.76
712,300.000,145.861,14.80,12.80
713,200.000,122.085,14.20,12.20
714,250.000,133.424,14.00,12.00
715,350.000,159.660,14.20,12.20
716,500.000,213.595,14.80,12.80
717,450.000,193.188,15.76,13.76
718,300.000,145.861,17.00,15.00
719,200.000,122.085,18.45,16.45
720,250.000,133.424,20.00,18.00
721,350.000,159.660,21.55,19.55
722,500.000,213.595,23.00,21.00
723,450.000,193.188,24.24,22.24
724,300.000,145.946,25.20,23.20
725,200.000,122.375,25.80,23.80
726,250.000,133.822,26.00,24.00
727,350.000,160.031,25.80,23.80
728,500.000,213.707,25.20,23.20
729,450.000,193.188,24.24,22.24
730,300.000,145.861,23.00,21.00
731,200.000,122.085,21.55,19.55
732,250.000,133.424,20.00,18.00
733,350.000,159.660,18.45,16.45
734,500.000,213.595,17.00,15.00
735,450.000,193.188,15.76,13.76
736,300.000,145.861,14.80,12.80
737,200.000,122.085,14.20,12.20
738,250.000,133.424,14.00,12.00
739,350.000,159.660,14.20,12.20
740,500.000,213.595,14.80,12.80
741,450.000,193.188,15.76,13.76
742,300.000,145.861,17.00,15.00
743,200.000,122.085,18.45,16.45
744,250.000,133.424,20.00,18.00
745,350.000,159.660,21.55,19.55
746,500.000,213.595,23.00,21.00
747,450.000,193.188,24.24,22.24
748,300.000,145.946,25.20,23.20
749,200.000,122.375,25.80,23.80
750,250.000,133.822,26.00,24.00
751,350.000,160.031,25.80,23.80
752,500.000,213.707,25.20,23.20
753,450.000,193.188,24.24,22.24
754,300.000,145.861,23.00,21.00
755,200.000,122.085,21.55,19.55
756,250.000,133.424,20.00,18.00
757,350.000,159.660,18.45,16.45
758,500.000,213.595,17.00,15.00
759,450.000,193.188,15.76,13.76
760,300.000,145.861,14.80,12.80
761,200.000,122.085,14.20,12.20
762,250.000,133.424,14.00,12.00
763,350.000,159.660,14.20,12.20
764,500.000,213.595,14.80,12.80
765,450.000,193.188,15.76,13.76
766,300.000,145.861,17.00,15.00
767,200.000,122.085,18.45,16.45
768,250.000,133.424,20.00,18.00
769,350.000,159.660,21.55,19.55
770,500.000,213.595,23.00,21.00
771,450.000,193.188,24.24,22.24
772,300.000,145.946,25.20,23.20
773,200.000,122.375,25.80,23.80
774,250.000,133.822,26.00,24.00
775,350.000,160.031,25.80,23.80
776,500.000,213.707,25.20,23.20
777,450.000,193.188,24.24,22.24
778,300.000,145.861,23.00,21.00
779,200.000,122.085,21.55,19.55
780,250.000,133.424,20.00,18.00
781,350.000,159.660,18.45,16.45
782,500.000,213.595,17.00,15.00
783,450.000,193.188,15.76,13.76
784,300.000,145.861,14.80,12.80
785,200.000,122.085,14.20,12.20
786,250.000,133.424,14.00,12.00
787,350.000,159.660,14.20,12.20
788,500.000,213.595,14.80,12.80
789,450.000,193.188,15.76,13.76
790,300.000,145.861,17.00,15.00
791,200.000,122.085,18.45,16.45
792,250.000,133.424,20.00,18.00
793,350.000,159.660,21.55,19.55
794,500.000,213.595,23.00,21.00
795,450.000,193.188,24.24,22.24
796,300.000,145.946,25.20,23.20
797,200.000,122.375,25.80,23.80
798,250.000,133.822,26.00,24.00
799,350.000,160.031,25.80,23.80
800,500.000,213.707,25.20,23.20
801,450.000,193.188,24.24,22.24
802,300.000,145.861,23.00,21.00
803,200.000,122.085,21.55,19.55
804,250.000,133.424,20.00,18.00
805,350.000,159.660,18.45,16.45
806,500.000,213.595,17.00,15.00
807,450.000,193.188,15.76,13.76
808,300.000,145.861,14.80,12.80
809,200.000,122.085,14.20,12.20
810,250.000,133.424,14.00,12.00
811,350.000,159.660,14.20,12.20
812,500.000,213.595,14.80,12.80
813,450.000,193.188,15.76,13.76
814,300.000,145.861,17.00,15.00
815,200.000,122.085,18.45,16.45
816,250.000,133.424,20.00,18.00
817,350.000,159.660,21.55,19.55
818,500.000,213.595,23.00,21.00
819,450.000,193.188,24.24,22.24
820,300.000,145.946,25.20,23.20
821,200.000,122.375,25.80,23.80
822,250.000,133.822,26.00,24.00
823,350.000,160.031,25.80,23.80
824,500.000,213.707,25.20,23.20
825,450.000,193.188,24.24,22.24
826,300.000,145.861,23.00,21.00
827,200.000,122.085,21.55,19.55
828,250.000,133.424,20.00,18.00
829,350.000,159.660,18.45,16.45
830,500.000,213.595,17.00,15.00
831,450.000,193.188,15.76,13.76
832,300.000,145.861,14.80,12.80
833,200.000,122.085,14.20,12.20
834,250.000,133.424,14.00,12.00
835,350.000,159.660,14.20,12.20
836,500.000,213.595,14.80,12.80
837,450.000,193.188,15.76,13.76
838,300.000,145.861,17.00,15.00
839,200.000,122.085,18.45,16.45
840,250.000,133.424,20.00,18.00
841,350.000,159.660,21.55,19.55
842,500.000,213.595,23.00,21.00
843,450.000,193.188,24.24,22.24
844,300.000,145.946,25.20,23.20
845,200.000,122.375,25.80,23.80
846,250.000,133.822,26.00,24.00
847,350.000,160.031,25.80,23.80
848,500.000,213.707,25.20,23.20
849,450.000,193.188,24.24,22.24
850,300.000,145.861,23.00,21.00
851,200.000,122.085,21.55,19.55
852,250.000,133.424,20.00,18.00
853,350.000,159.660,18.45,16.45
854,500.000,213.595,17.00,15.00
855,450.000,193.188,15.76,13.76
856,300.000,145.861,14.80,12.80
857,200.000,122.085,14.20,12.20
858,250.000,133.424,14.00,12.00
859,350.000,159.660,14.20,12.20
860,500.000,213.595,14.80,12.80
861,450.000,193.188,15.76,13.76
862,300.000,145.861,17.00,15.00
863,200.000,122.085,18.45,16.45
864,250.000,133.424,20.00,18.00
865,350.000,159.660,21.55,19.55
866,500.000,213.595,23.00,21.00
867,450.000,193.188,24.24,22.24
868,300.000,145.946,25.20,23.20
869,200.000,122.375,25.80,23.80
870,250.000,133.822,26.00,24.00
871,350.000,160.031,25.80,23.80
872,500.000,213.707,25.20,23.20
873,450.000,193.188,24.24,22.24
874,300.000,145.861,23.00,21.00
875,200.000,122.085,21.55,19.55
876,250.000,133.424,20.00,18.00
877,350.000,159.660,18.45,16.45
878,500.000,213.595,17.00,15.00
879,450.000,193.188,15.76,13.76
880,300.000,145.861,14.80,12.80
881,200.000,122.085,14.20,12.20
882,250.000,133.424,14.00,12.00
883,350.000,159.660,14.20,12.20
884,500.000,213.595,14.80,12.80
885,450.000,193.188,15.76,13.76
886,300.000,145.861,17.00,15.00
887,200.000,122.085,18.45,16.45
888,250.000,133.424,20.00,18.00
889,350.000,159.660,21.55,19.55
890,500.000,213.595,23.00,21.00
891,450.000,193.188,24.24,22.24
892,300.000,145.946,25.20,23.20
893,200.000,122.375,25.80,23.80
894,250.000,133.822,26.00,24.00
895,350.000,160.031,25.80,23.80
896,500.000,213.707,25.20,23.20
897,450.000,193.188,24.24,22.24
898,300.000,145.861,23.00,21.00
899,200.000,122.085,21.55,19.55
900,250.000,133.424,20.00,18.00
901,350.000,159.660,18.45,16.45
902,500.000,213.595,17.00,15.00
903,450.000,193.188,15.76,13.76
904,300.000,145.861,14.80,12.80
905,200.000,122.085,14.20,12.20
906,250.000,133.424,14.00,12.00
907,350.000,159.660,14.20,12.20
908,500.000,213.595,14.80,12.80
909,450.000,193.188,15.76,13.76
910,300.000,145.861,17.00,15.00
911,200.000,122.085,18.45,16.45
912,250.000,133.424,20.00,18.00
913,350.000,159.660,21.55,19.55
914,500.000,213.595,23.00,21.00
915,450.000,193.188,24.24,22.24
916,300.000,145.946,25.20,23.20
917,200.000,122.375,25.80,23.80
918,250.000,133.822,26.00,24.00
919,350.000,160.031,25.80,23.80
920,500.000,213.707,25.20,23.20
921,450.000,193.188,24.24,22.24
922,300.000,145.861,23.00,21.00
923,200.000,122.085,21.55,19.55
924,250.000,133.424,20.00,18.00
925,350.000,159.660,18.45,16.45
926,500.000,213.595,17.00,15.00
927,450.000,193.188,15.76,13.76
928,300.000,145.861,14.80,12.80
929,200.000,122.085,14.20,12.20
930,250.000,133.424,14.00,12.00
931,350.000,159.660,14.20,12.20
932,500.000,213.595,14.80,12.80
933,450.000,193.188,15.76,13.76
934,300.000,145.861,17.00,15.00
935,200.000,122.085,18.45,16.45
936,250.000,133.424,20.00,18.00
937,350.000,159.660,21.55,19.55
938,500.000,213.595,23.00,21.00
939,450.000,193.188,24.24,22.24
940,300.000,145.946,25.20,23.20
941,200.000,122.375,25.80,23.80
942,250.000,133.822,26.00,24.00
943,350.000,160.031,25.80,23.80
944,500.000,213.707,25.20,23.20
945,450.000,193.188,24.24,22.24
946,300.000,145.861,23.00,21.00
947,200.000,122.085,21.55,19.55
948,250.000,133.424,20.00,18.00
949,350.000,159.660,18.45,16.45
950,500.000,213.595,17.00,15.00
951,450.000,193.188,15.76,13.76
952,300.000,145.861,14.80,12.80
953,200.000,122.085,14.20,12.20
954,250.000,133.424,14.00,12.00
955,350.000,159.660,14.20,12.20
956,500.000,213.595,14.80,12.80
957,450.000,193.188,15.76,13.76
958,300.000,145.861,17.00,15.00
959,200.000,122.085,18.45,16.45
960,250.000,133.424,20.00,18.00
961,350.000,159.660,21.55,19.55
962,500.000,213.595,23.00,21.00
963,450.000,193.188,24.24,22.24
964,300.000,145.946,25.20,23.20
965,200.000,122.375,25.80,23.80
966,250.000,133.822,26.00,24.00
967,350.000,160.031,25.80,23.80
968,500.000,213.707,25.20,23.20
969,450.000,193.188,24.24,22.24
970,300.000,145.861,23.00,21.00
971,200.000,122.085,21.55,19.55
972,250.000,133.424,20.00,18.00
973,350.000,159.660,18.45,16.45
974,500.000,213.595,17.00,15.00
975,450.000,193.188,15.76,13.76
976,300.000,145.861,14.80,12.80
977,200.000,122.085,14.20,12.20
978,250.000,133.424,14.00,12.00
979,350.000,159.660,14.20,12.20
980,500.000,213.595,14.80,12.80
981,450.000,193.188,15.76,13.76
982,300.000,145.861,17.00,15.00
983,200.000,122.085,18.45,16.45
984,250.000,133.424,20.00,18.00
985,350.000,159.660,21.55,19.55
986,500.000,213.595,23.00,21.00
987,450.000,193.188,24.24,22.24
988,300.000,145.946,25.20,23.20
989,200.000,122.375,25.80,23.80
990,250.000,133.822,26.00,24.00
991,350.000,160.031,25.80,23.80
992,500.000,213.707,25.20,23.20
993,450.000,193.188,24.24,22.24
994,300.000,145.861,23.00,21.00
995,200.000,122.085,21.55,19.55
996,250.000,133.424,20.00,18.00
997,350.000,159.660,18.45,16.45
998,500.000,213.595,17.00,15.00
999,450.000,193.188,15.76,13.76
1000,300.000,145.861,14.80,12.80
1001,200.000,122.085,14.20,12.20
1002,250.000,133.424,14.00,12.00
1003,350.000,159.660,14.20,12.20
1004,500.000,213.595,14.80,12.80
1005,450.000,193.188,15.76,13.76
1006,300.000,145.861,17.00,15.00
1007,200.000,122.085,18.45,16.45
1008,250.000,133.424,20.00,18.00
1009,350.000,159.660,21.55,19.55
1010,500.000,213.595,23.00,21.00
1011,450.000,193.188,24.24,22.24
1012,300.000,145.946,25.20,23.20
1013,200.000,122.375,25.80,23.80
1014,250.000,133.822,26.00,24.00
1015,350.000,160.031,25.80,23.80
1016,500.000,213.707,25.20,23.20
1017,450.000,193.188,24.24,22.24
1018,300.000,145.861,23.00,21.00
1019,200.000,122.085,21.55,19.55
1020,250.000,133.424,20.00,18.00
1021,350.000,159.660,18.45,16.45
1022,500.000,213.595,17.00,15.00
1023,450.000,193.188,15.76,13.76
1024,300.000,145.861,14.80,12.80
1025,200.000,122.085,14.20,12.20
1026,250.000,133.424,14.00,12.00
1027,350.000,159.660,14.20,12.20
1028,500.000,213.595,14.80,12.80
1029,450.000,193.188,15.76,13.76
1030,300.000,145.861,17.00,15.00
1031,200.000,122.085,18.45,16.45
1032,250.000,133.424,20.00,18.00
1033,350.000,159.660,21.55,19.55
1034,500.000,213.595,23.00,21.00
1035,450.000,193.188,24.24,22.24
1036,300.000,145.946,25.20,23.20
1037,200.000,122.375,25.80,23.80
1038,250.000,133.822,26.00,24.00
1039,350.000,160.031,25.80,23.80
1040,500.000,213.707,25.20,23.20
1041,450.000,193.188,24.24,22.24
1042,300.000,145.861,23.00,21.00
1043,200.000,122.085,21.55,19.55
1044,250.000,133.424,20.00,18.00
1045,350.000,159.660,18.45,16.45
1046,500.000,213.595,17.00,15.00
1047,450.000,193.188,15.76,13.76
1048,300.000,145.861,14.80,12.80
1049,200.000,122.085,14.20,12.20
1050,250.000,133.424,14.00,12.00
1051,350.000,159.660,14.20,12.20
1052,500.000,213.595,14.80,12.80
1053,450.000,193.188,15.76,13.76
1054,300.000,145.861,17.00,15.00
1055,200.000,122.085,18.45,16.45
1056,250.000,133.424,20.00,18.00
1057,350.000,159.660,21.55,19.55
1058,500.000,213.595,23.00,21.00
1059,450.000,193.188,24.24,22.24
1060,300.000,145.946,25.20,23.20
1061,200.000,122.375,25.80,23.80
1062,250.000,133.822,26.00,24.00
1063,350.000,160.031,25.80,23.80
1064,500.000,213.707,25.20,23.20
1065,450.000,193.188,24.24,22.24
1066,300.000,145.861,23.00,21.00
1067,200.000,122.085,21.55,19.55
1068,250.000,133.424,20.00,18.00
1069,350.000,159.660,18.45,16.45
1070,500.000,213.595,17.00,15.00
1071,450.000,193.188,15.76,13.76
1072,300.000,145.861,14.80,12.80
1073,200.000,122.085,14.20,12.20
1074,250.000,133.424,14.00,12.00
1075,350.000,159.660,14.20,12.20
1076,500.000,213.595,14.80,12.80
1077,450.000,193.188,15.76,13.76
1078,300.000,145.861,17.00,15.00
1079,200.000,122.085,18.45,16.45
1080,250.000,133.424,20.00,18.00
1081,350.000,159.660,21.55,19.55
1082,500.000,213.595,23.00,21.00
1083,450.000,193.188,24.24,22.24
1084,300.000,145.946,25.20,23.20
1085,200.000,122.375,25.80,23.80
1086,250.000,133.822,26.00,24.00
1087,350.000,160.031,25.80,23.80
1088,500.000,213.707,25.20,23.20
1089,450.000,193.188,24.24,22.24
1090,300.000,145.861,23.00,21.00
1091,200.000,122.085,21.55,19.55
1092,250.000,133.424,20.00,18.00
1093,350.000,159.660,18.45,16.45
1094,500.000,213.595,17.00,15.00
1095,450.000,193.188,15.76,13.76
1096,300.000,145.861,14.80,12.80
1097,200.000,122.085,14.20,12.20
1098,250.000,133.424,14.00,12.00
1099,350.000,159.660,14.20,12.20
1100,500.000,213.595,14.80,12.80
1101,450.000,193.188,15.76,13.76
1102,300.000,145.861,17.00,15.00
1103,200.000,122.085,18.45,16.45
1104,250.000,133.424,20.00,18.00
1105,350.000,159.660,21.55,19.55
1106,500.000,213.595,23.00,21.00
1107,450.000,193.188,24.24,22.24
1108,300.000,145.946,25.20,23.20
1109,200.000,122.375,25.80,23.80
1110,250.000,133.822,26.00,24.00
1111,350.000,160.031,25.80,23.80
1112,500.000,213.707,25.20,23.20
1113,450.000,193.188,24.24,22.24
1114,300.000,145.861,23.00,21.00
1115,200.000,122.085,21.55,19.55
1116,250.000,133.424,20.00,18.00
1117,350.000,159.660,18.45,16.45
1118,500.000,213.595,17.00,15.00
1119,450.000,193.188,15.76,13.76
1120,300.000,145.861,14.80,12.80
1121,200.000,122.085,14.20,12.20
1122,250.000,133.424,14.00,12.00
1123,350.000,159.660,14.20,12.20
1124,500.000,213.595,14.80,12.80
1125,450.000,193.188,15.76,13.76
1126,300.000,145.861,17.00,15.00
1127,200.000,122.085,18.45,16.45
1128,250.000,133.424,20.00,18.00
1129,350.000,159.660,21.55,19.55
1130,500.000,213.595,23.00,21.00
1131,450.000,193.188,24.24,22.24
1132,300.000,145.946,25.20,23.20
1133,200.000,122.375,25.80,23.80
1134,250.000,133.822,26.00,24.00
1135,350.000,160.031,25.80,23.80
1136,500.000,213.707,25.20,23.20
1137,450.000,193.188,24.24,22.24
1138,300.000,145.861,23.00,21.00
1139,200.000,122.085,21.55,19.55
1140,250.000,133.424,20.00,18.00
1141,350.000,159.660,18.45,16.45
1142,500.000,213.595,17.00,15.00
1143,450.000,193.188,15.76,13.76
1144,300.000,145.861,14.80,12.80
1145,200.000,122.085,14.20,12.20
1146,250.000,133.424,14.00,12.00
1147,350.000,159.660,14.20,12.20
1148,500.000,213.595,14.80,12.80
1149,450.000,193.188,15.76,13.76
1150,300.000,145.861,17.00,15.00
1151,200.000,122.085,18.45,16.45
1152,250.000,133.424,20.00,18.00
1153,350.000,159.660,21.55,19.55
1154,500.000,213.595,23.00,21.00
1155,450.000,193.188,24.24,22.24
1156,300.000,145.946,25.20,23.20
1157,200.000,122.375,25.80,23.80
1158,250.000,133.822,26.00,24.00
1159,350.000,160.031,25.80,23.80
1160,500.000,213.707,25.20,23.20
1161,450.000,193.188,24.24,22.24
1162,300.000,145.861,23.00,21.00
1163,200.000,122.085,21.55,19.55
1164,250.000,133.424,20.00,18.00
1165,350.000,159.660,18.45,16.45
1166,500.000,213.595,17.00,15.00
1167,450.000,193.188,15.76,13.76
1168,300.000,145.861,14.80,12.80
1169,200.000,122.085,14.20,12.20
1170,250.000,133.424,14.00,12.00
1171,350.000,159.660,14.20,12.20
1172,500.000,213.595,14.80,12.80
1173,450.000,193.188,15.76,13.76
1174,300.000,145.861,17.00,15.00
1175,200.000,122.085,18.45,16.45
1176,250.000,133.424,20.00,18.00
1177,350.000,159.660,21.55,19.55
1178,500.000,213.595,23.00,21.00
1179,450.000,193.188,24.24,22.24
1180,300.000,145.946,25.20,23.20
1181,200.000,122.375,25.80,23.80
1182,250.000,133.822,26.00,24.00
1183,350.000,160.031,25.80,23.80
1184,500.000,213.707,25.20,23.20
1185,450.000,193.188,24.24,22.24
1186,300.000,145.861,23.00,21.00
1187,200.000,122.085,21.55,19.55
1188,250.000,133.424,20.00,18.00
1189,350.000,159.660,18.45,16.45
1190,500.000,213.595,17.00,15.00
1191,450.000,193.188,15.76,13.76
1192,300.000,145.861,14.80,12.80
1193,200.000,122.085,14.20,12.20
1194,250.000,133.424,14.00,12.00
1195,350.000,159.660,14.20,12.20
1196,500.000,213.595,14.80,12.80
1197,450.000,193.188,15.76,13.76
1198,300.000,145.861,17.00,15.00
1199,200.000,122.085,18.45,16.45
1200,250.000,133.424,20.00,18.00
1201,350.000,159.660,21.55,19.55
1202,500.000,213.595,23.00,21.00
1203,450.000,193.188,24.24,22.24
1204,300.000,145.946,25.20,23.20
1205,200.000,122.375,25.80,23.80
1206,250.000,133.822,26.00,24.00
1207,350.000,160.031,25.80,23.80
1208,500.000,213.707,25.20,23.20
1209,450.000,193.188,24.24,22.24
1210,300.000,145.861,23.00,21.00
1211,200.000,122.085,21.55,19.55
1212,250.000,133.424,20.00,18.00
1213,350.000,159.660,18.45,16.45
1214,500.000,213.595,17.00,15.00
1215,450.000,193.188,15.76,13.76
1216,300.000,145.861,14.80,12.80
1217,200.000,122.085,14.20,12.20
1218,250.000,133.424,14.00,12.00
1219,350.000,159.660,14.20,12.20
1220,500.000,213.595,14.80,12.80
1221,450.000,193.188,15.76,13.76
1222,300.000,145.861,17.00,15.00
1223,200.000,122.085,18.45,16.45
1224,250.000,133.424,20.00,18.00
1225,350.000,159.660,21.55,19.55
1226,500.000,213.595,23.00,21.00
1227,450.000,193.188,24.24,22.24
1228,300.000,145.946,25.20,23.20
1229,200.000,122.375,25.80,23.80
1230,250.000,133.822,26.00,24.00
1231,350.000,160.031,25.80,23.80
1232,500.000,213.707,25.20,23.20
1233,450.000,193.188,24.24,22.24
1234,300.000,145.861,23.00,21.00
1235,200.000,122.085,21.55,19.55
1236,250.000,133.424,20.00,18.00
1237,350.000,159.660,18.45,16.45
1238,500.000,213.595,17.00,15.00
1239,450.000,193.188,15.76,13.76
1240,300.000,145.861,14.80,12.80
1241,200.000,122.085,14.20,12.20
1242,250.000,133.424,14.00,12.00
1243,350.000,159.660,14.20,12.20
1244,500.000,213.595,14.80,12.80
1245,450.000,193.188,15.76,13.76
1246,300.000,145.861,17.00,15.00
1247,200.000,122.085,18.45,16.45
1248,250.000,133.424,20.00,18.00
1249,350.000,159.660,21.55,19.55
1250,500.000,213.595,23.00,21.00
1251,450.000,193.188,24.24,22.24
1252,300.000,145.946,25.20,23.20
1253,200.000,122.375,25.80,23.80
1254,250.000,133.822,26.00,24.00
1255,350.000,160.031,25.80,23.80
1256,500.000,213.707,25.20,23.20
1257,450.000,193.188,24.24,22.24
1258,300.000,145.861,23.00,21.00
1259,200.000,122.085,21.55,19.55
1260,250.000,133.424,20.00,18.00
1261,350.000,159.660,18.45,16.45
1262,500.000,213.595,17.00,15.00
1263,450.000,193.188,15.76,13.76
1264,300.000,145.861,14.80,12.80
1265,200.000,122.085,14.20,12.20
1266,250.000,133.424,14.00,12.00
1267,350.000,159.660,14.20,12.20
1268,500.000,213.595,14.80,12.80
1269,450.000,193.188,15.76,13.76
1270,300.000,145.861,17.00,15.00
1271,200.000,122.085,18.45,16.45
1272,250.000,133.424,20.00,18.00
1273,350.000,159.660,21.55,19.55
1274,500.000,213.595,23.00,21.00
1275,450.000,193.188,24.24,22.24
1276,300.000,145.946,25.20,23.20
1277,200.000,122.375,25.80,23.80
1278,250.000,133.822,26.00,24.00
1279,350.000,160.031,25.80,23.80
1280,500.000,213.707,25.20,23.20
1281,450.000,193.188,24.24,22.24
1282,300.000,145.861,23.00,21.00
1283,200.000,122.085,21.55,19.55
1284,250.000,133.424,20.00,18.00
1285,350.000,159.660,18.45,16.45
1286,500.000,213.595,17.00,15.00
1287,450.000,193.188,15.76,13.76
1288,300.000,145.861,14.80,12.80
1289,200.000,122.085,14.20,12.20
1290,250.000,133.424,14.00,12.00
1291,350.000,159.660,14.20,12.20
1292,500.000,213.595,14.80,12.80
1293,450.000,193.188,15.76,13.76
1294,300.000,145.861,17.00,15.00
1295,200.000,122.085,18.45,16.45
1296,250.000,133.424,20.00,18.00
1297,350.000,159.660,21.55,19.55
1298,500.000,213.595,23.00,21.00
1299,450.000,193.188,24.24,22.24
1300,300.000,145.946,25.20,23.20
1301,200.000,122.375,25.80,23.80
1302,250.000,133.822,26.00,24.00
1303,350.000,160.031,25.80,23.80
1304,500.000,213.707,25.20,23.20
1305,450.000,193.188,24.24,22.24
1306,300.000,145.861,23.00,21.00
1307,200.000,122.085,21.55,19.55
1308,250.000,133.424,20.00,18.00
1309,350.000,159.660,18.45,16.45
1310,500.000,213.595,17.00,15.00
1311,450.000,193.188,15.76,13.76
1312,300.000,145.861,14.80,12.80
1313,200.000,122.085,14.20,12.20
1314,250.000,133.424,14.00,12.00
1315,350.000,159.660,14.20,12.20
1316,500.000,213.595,14.80,12.80
1317,450.000,193.188,15.76,13.76
1318,300.000,145.861,17.00,15.00
1319,200.000,122.085,18.45,16.45
1320,250.000,133.424,20.00,18.00
1321,350.000,159.660,21.55,19.55
1322,500.000,213.595,23.00,21.00
1323,450.000,193.188,24.24,22.24
1324,300.000,145.946,25.20,23.20
1325,200.000,122.375,25.80,23.80
1326,250.000,133.822,26.00,24.00
1327,350.000,160.031,25.80,23.80
1328,500.000,213.707,25.20,23.20
1329,450.000,193.188,24.24,22.24
1330,300.000,145.861,23.00,21.00
1331,200.000,122.085,21.55,19.55
1332,250.000,133.424,20.00,18.00
1333,350.000,159.660,18.45,16.45
1334,500.000,213.595,17.00,15.00
1335,450.000,193.188,15.76,13.76
1336,300.000,145.861,14.80,12.80
1337,200.000,122.085,14.20,12.20
1338,250.000,133.424,14.00,12.00
1339,350.000,159.660,14.20,12.20
1340,500.000,213.595,14.80,12.80
1341,450.000,193.188,15.76,13.76
1342,300.000,145.861,17.00,15.00
1343,200.000,122.085,18.45,16.45
1344,250.000,133.424,20.00,18.00
1345,350.000,159.660,21.55,19.55
1346,500.000,213.595,23.00,21.00
1347,450.000,193.188,24.24,22.24
1348,300.000,145.946,25.20,23.20
1349,200.000,122.375,25.80,23.80
1350,250.000,133.822,26.00,24.00
1351,350.000,160.031,25.80,23.80
1352,500.000,213.707,25.20,23.20
1353,450.000,193.188,24.24,22.24
1354,300.000,145.861,23.00,21.00
1355,200.000,122.085,21.55,19.55
1356,250.000,133.424,20.00,18.00
1357,350.000,159.660,18.45,16.45
1358,500.000,213.595,17.00,15.00
1359,450.000,193.188,15.76,13.76
1360,300.000,145.861,14.80,12.80
1361,200.000,122.085,14.20,12.20
1362,250.000,133.424,14.00,12.00
1363,350.000,159.660,14.20,12.20
1364,500.000,213.595,14.80,12.80
1365,450.000,193.188,15.76,13.76
1366,300.000,145.861,17.00,15.00
1367,200.000,122.085,18.45,16.45
1368,250.000,133.424,20.00,18.00
1369,350.000,159.660,21.55,19.55
1370,500.000,213.595,23.00,21.00
1371,450.000,193.188,24.24,22.24
1372,300.000,145.946,25.20,23.20
1373,200.000,122.375,25.80,23.80
1374,250.000,133.822,26.00,24.00
1375,350.000,160.031,25.80,23.80
1376,500.000,213.707,25.20,23.20
1377,450.000,193.188,24.24,22.24
1378,300.000,145.861,23.00,21.00
1379,200.000,122.085,21.55,19.55
1380,250.000,133.424,20.00,18.00
1381,350.000,159.660,18.45,16.45
1382,500.000,213.595,17.00,15.00
1383,450.000,193.188,15.76,13.76
1384,300.000,145.861,14.80,12.80
1385,200.000,122.085,14.20,12.20
1386,250.000,133.424,14.00,12.00
1387,350.000,159.660,14.20,12.20
1388,500.000,213.595,14.80,12.80
1389,450.000,193.188,15.76,13.76
1390,300.000,145.861,17.00,15.00
1391,200.000,122.085,18.45,16.45
1392,250.000,133.424,20.00,18.00
1393,350.000,159.660,21.55,19.55
1394,500.000,213.595,23.00,21.00
1395,450.000,193.188,24.24,22.24
1396,300.000,145.946,25.20,23.20
1397,200.000,122.375,25.80,23.80
1398,250.000,133.822,26.00,24.00
1399,350.000,160.031,25.80,23.80
1400,500.000,213.707,25.20,23.20
1401,450.000,193.188,24.24,22.24
1402,300.000,145.861,23.00,21.00
1403,200.000,122.085,21.55,19.55
1404,250.000,133.424,20.00,18.00
1405,350.000,159.660,18.45,16.45
1406,500.000,213.595,17.00,15.00
1407,450.000,193.188,15.76,13.76
1408,300.000,145.861,14.80,12.80
1409,200.000,122.085,14.20,12.20
1410,250.000,133.424,14.00,12.00
1411,350.000,159.660,14.20,12.20
1412,500.000,213.595,14.80,12.80
1413,450.000,193.188,15.76,13.76
1414,300.000,145.861,17.00,15.00
1415,200.000,122.085,18.45,16.45
1416,250.000,133.424,20.00,18.00
1417,350.000,159.660,21.55,19.55
1418,500.000,213.595,23.00,21.00
1419,450.000,193.188,24.24,22.24
1420,300.000,145.946,25.20,23.20
1421,200.000,122.375,25.80,23.80
1422,250.000,133.822,26.00,24.00
1423,350.000,160.031,25.80,23.80
1424,500.000,213.707,25.20,23.20
1425,450.000,193.188,24.24,22.24
1426,300.000,145.861,23.00,21.00
1427,200.000,122.085,21.55,19.55
1428,250.000,133.424,20.00,18.00
1429,350.000,159.660,18.45,16.45
1430,500.000,213.595,17.00,15.00
1431,450.000,193.188,15.76,13.76
1432,300.000,145.861,14.80,12.80
1433,200.000,122.085,14.20,12.20
1434,250.000,133.424,14.00,12.00
1435,350.000,159.660,14.20,12.20
1436,500.000,213.595,14.80,12.80
1437,450.000,193.188,15.76,13.76
1438,300.000,145.861,17.00,15.00
1439,200.000,122.085,18.45,16.45
1440,250.000,133.424,20.00,18.00
1441,350.000,159.660,21.55,19.55
1442,500.000,213.595,23.00,21.00
1443,450.000,193.188,24.24,22.24
1444,300.000,145.946,25.20,23.20
1445,200.000,122.375,25.80,23.80
1446,250.000,133.822,26.00,24.00
1447,350.000,160.031,25.80,23.80
1448,500.000,213.707,25.20,23.20
1449,450.000,193.188,24.24,22.24
1450,300.000,145.861,23.00,21.00
1451,200.000,122.085,21.55,19.55
1452,250.000,133.424,20.00,18.00
1453,350.000,159.660,18.45,16.45
1454,500.000,213.595,17.00,15.00
1455,450.000,193.188,15.76,13.76
1456,300.000,145.861,14.80,12.80
1457,200.000,122.085,14.20,12.20
1458,250.000,133.424,14.00,12.00
1459,350.000,159.660,14.20,12.20
1460,500.000,213.595,14.80,12.80
1461,450.000,193.188,15.76,13.76
1462,300.000,145.861,17.00,15.00
1463,200.000,122.085,18.45,16.45
1464,250.000,133.424,20.00,18.00
1465,350.000,159.660,21.55,19.55
1466,500.000,213.595,23.00,21.00
1467,450.000,193.188,24.24,22.24
1468,300.000,145.946,25.20,23.20
1469,200.000,122.375,25.80,23.80
1470,250.000,133.822,26.00,24.00
1471,350.000,160.031,25.80,23.80
1472,500.000,213.707,25.20,23.20
1473,450.000,193.188,24.24,22.24
1474,300.000,145.861,23.00,21.00
1475,200.000,122.085,21.55,19.55
1476,250.000,133.424,20.00,18.00
1477,350.000,159.660,18.45,16.45
1478,500.000,213.595,17.00,15.00
1479,450.000,193.188,15.76,13.76
1480,300.000,145.861,14.80,12.80
1481,200.000,122.085,14.20,12.20
1482,250.000,133.424,14.00,12.00
1483,350.000,159.660,14.20,12.20
1484,500.000,213.595,14.80,12.80
1485,450.000,193.188,15.76,13.76
1486,300.000,145.861,17.00,15.00
1487,200.000,122.085,18.45,16.45
1488,250.000,133.424,20.00,18.00
1489,350.000,159.660,21.55,19.55
1490,500.000,213.595,23.00,21.00
1491,450.000,193.188,24.24,22.24
1492,300.000,145.946,25.20,23.20
1493,200.000,122.375,25.80,23.80
1494,250.000,133.822,26.00,24.00
1495,350.000,160.031,25.80,23.80
1496,500.000,213.707,25.20,23.20
1497,450.000,193.188,24.24,22.24
1498,300.000,145.861,23.00,21.00
1499,200.000,122.085,21.55,19.55
1500,250.000,133.424,20.00,18.00
1501,350.000,159.660,18.45,16.45
1502,500.000,213.595,17.00,15.00
1503,450.000,193.188,15.76,13.76
1504,300.000,145.861,14.80,12.80
1505,200.000,122.085,14.20,12.20
1506,250.000,133.424,14.00,12.00
1507,350.000,159.660,14.20,12.20
1508,500.000,213.595,14.80,12.80
1509,450.000,193.188,15.76,13.76
1510,300.000,145.861,17.00,15.00
1511,200.000,122.085,18.45,16.45
1512,250.000,133.424,20.00,18.00
1513,350.000,159.660,21.55,19.55
1514,500.000,213.595,23.00,21.00
1515,450.000,193.188,24.24,22.24
1516,300.000,145.946,25.20,23.20
1517,200.000,122.375,25.80,23.80
1518,250.000,133.822,26.00,24.00
1519,350.000,160.031,25.80,23.80
1520,500.000,213.707,25.20,23.20
1521,450.000,193.188,24.24,22.24
1522,300.000,145.861,23.00,21.00
1523,200.000,122.085,21.55,19.55
1524,250.000,133.424,20.00,18.00
1525,350.000,159.660,18.45,16.45
1526,500.000,213.595,17.00,15.00
1527,450.000,193.188,15.76,13.76
1528,300.000,145.861,14.80,12.80
1529,200.000,122.085,14.20,12.20
1530,250.000,133.424,14.00,12.00
1531,350.000,159.660,14.20,12.20
1532,500.000,213.595,14.80,12.80
1533,450.000,193.188,15.76,13.76
1534,300.000,145.861,17.00,15.00
1535,200.000,122.085,18.45,16.45
1536,250.000,133.424,20.00,18.00
1537,350.000,159.660,21.55,19.55
1538,500.000,213.595,23.00,21.00
1539,450.000,193.188,24.24,22.24
1540,300.000,145.946,25.20,23.20
1541,200.000,122.375,25.80,23.80
1542,250.000,133.822,26.00,24.00
1543,350.000,160.031,25.80,23.80
1544,500.000,213.707,25.20,23.20
1545,450.000,193.188,24.24,22.24
1546,300.000,145.861,23.00,21.00
1547,200.000,122.085,21.55,19.55
1548,250.000,133.424,20.00,18.00
1549,350.000,159.660,18.45,16.45
1550,500.000,213.595,17.00,15.00
1551,450.000,193.188,15.76,13.76
1552,300.000,145.861,14.80,12.80
1553,200.000,122.085,14.20,12.20
1554,250.000,133.424,14.00,12.00
1555,350.000,159.660,14.20,12.20
1556,500.000,213.595,14.80,12.80
1557,450.000,193.188,15.76,13.76
1558,300.000,145.861,17.00,15.00
1559,200.000,122.085,18.45,16.45
1560,250.000,133.424,20.00,18.00
1561,350.000,159.660,21.55,19.55
1562,500.000,213.595,23.00,21.00
1563,450.000,193.188,24.24,22.24
1564,300.000,145.946,25.20,23.20
1565,200.000,122.375,25.80,23.80
1566,250.000,133.822,26.00,24.00
1567,350.000,160.031,25.80,23.80
1568,500.000,213.707,25.20,23.20
1569,450.000,193.188,24.24,22.24
1570,300.000,145.861,23.00,21.00
1571,200.000,122.085,21.55,19.55
1572,250.000,133.424,20.00,18.00
1573,350.000,159.660,18.45,16.45
1574,500.000,213.595,17.00,15.00
1575,450.000,193.188,15.76,13.76
1576,300.000,145.861,14.80,12.80
1577,200.000,122.085,14.20,12.20
1578,250.000,133.424,14.00,12.00
1579,350.000,159.660,14.20,12.20
1580,500.000,213.595,14.80,12.80
1581,450.000,193.188,15.76,13.76
1582,300.000,145.861,17.00,15.00
1583,200.000,122.085,18.45,16.45
1584,250.000,133.424,20.00,18.00
1585,350.000,159.660,21.55,19.55
1586,500.000,213.595,23.00,21.00
1587,450.000,193.188,24.24,22.24
1588,300.000,145.946,25.20,23.20
1589,200.000,122.375,25.80,23.80
1590,250.000,133.822,26.00,24.00
1591,350.000,160.031,25.80,23.80
1592,500.000,213.707,25.20,23.20
1593,450.000,193.188,24.24,22.24
1594,300.000,145.861,23.00,21.00
1595,200.000,122.085,21.55,19.55
1596,250.000,133.424,20.00,18.00
1597,350.000,159.660,18.45,16.45
1598,500.000,213.595,17.00,15.00
1599,450.000,193.188,15.76,13.76
1600,300.000,145.861,14.80,12.80
1601,200.000,122.085,14.20,12.20
1602,250.000,133.424,14.00,12.00
1603,350.000,159.660,14.20,12.20
1604,500.000,213.595,14.80,12.80
1605,450.000,193.188,15.76,13.76
1606,300.000,145.861,17.00,15.00
1607,200.000,122.085,18.45,16.45
1608,250.000,133.424,20.00,18.00
1609,350.000,159.660,21.55,19.55
1610,500.000,213.595,23.00,21.00
1611,450.000,193.188,24.24,22.24
1612,300.000,145.946,25.20,23.20
1613,200.000,122.375,25.80,23.80
1614,250.000,133.822,26.00,24.00
1615,350.000,160.031,25.80,23.80
1616,500.000,213.707,25.20,23.20
1617,450.000,193.188,24.24,22.24
1618,300.000,145.861,23.00,21.00
1619,200.000,122.085,21.55,19.55
1620,250.000,133.424,20.00,18.00
1621,350.000,159.660,18.45,16.45
1622,500.000,213.595,17.00,15.00
1623,450.000,193.188,15.76,13.76
1624,300.000,145.861,14.80,12.80
1625,200.000,122.085,14.20,12.20
1626,250.000,133.424,14.00,12.00
1627,350.000,159.660,14.20,12.20
1628,500.000,213.595,14.80,12.80
1629,450.000,193.188,15.76,13.76
1630,300.000,145.861,17.00,15.00
1631,200.000,122.085,18.45,16.45
1632,250.000,133.424,20.00,18.00
1633,350.000,159.660,21.55,19.55
1634,500.000,213.595,23.00,21.00
1635,450.000,193.188,24.24,22.24
1636,300.000,145.946,25.20,23.20
1637,200.000,122.375,25.80,23.80
1638,250.000,133.822,26.00,24.00
1639,350.000,160.031,25.80,23.80
1640,500.000,213.707,25.20,23.20
1641,450.000,193.188,24.24,22.24
1642,300.000,145.861,23.00,21.00
1643,200.000,122.085,21.55,19.55
1644,250.000,133.424,20.00,18.00
1645,350.000,159.660,18.45,16.45
1646,500.000,213.595,17.00,15.00
1647,450.000,193.188,15.76,13.76
1648,300.000,145.861,14.80,12.80
1649,200.000,122.085,14.20,12.20
1650,250.000,133.424,14.00,12.00
1651,350.000,159.660,14.20,12.20
1652,500.000,213.595,14.80,12.80
1653,450.000,193.188,15.76,13.76
1654,300.000,145.861,17.00,15.00
1655,200.000,122.085,18.45,16.45
1656,250.000,133.424,20.00,18.00
1657,350.000,159.660,21.55,19.55
1658,500.000,213.595,23.00,21.00
1659,450.000,193.188,24.24,22.24
1660,300.000,145.946,25.20,23.20
1661,200.000,122.375,25.80,23.80
1662,250.000,133.822,26.00,24.00
1663,350.000,160.031,25.80,23.80
1664,500.000,213.707,25.20,23.20
1665,450.000,193.188,24.24,22.24
1666,300.000,145.861,23.00,21.00
1667,200.000,122.085,21.55,19.55
1668,250.000,133.424,20.00,18.00
1669,350.000,159.660,18.45,16.45
1670,500.000,213.595,17.00,15.00
1671,450.000,193.188,15.76,13.76
1672,300.000,145.861,14.80,12.80
1673,200.000,122.085,14.20,12.20
1674,250.000,133.424,14.00,12.00
1675,350.000,159.660,14.20,12.20
1676,500.000,213.595,14.80,12.80
1677,450.000,193.188,15.76,13.76
1678,300.000,145.861,17.00,15.00
1679,200.000,122.085,18.45,16.45
1680,250.000,133.424,20.00,18.00
1681,350.000,159.660,21.55,19.55
1682,500.000,213.595,23.00,21.00
1683,450.000,193.188,24.24,22.24
1684,300.000,145.946,25.20,23.20
1685,200.000,122.375,25.80,23.80
1686,250.000,133.822,26.00,24.00
1687,350.000,160.031,25.80,23.80
1688,500.000,213.707,25.20,23.20
1689,450.000,193.188,24.24,22.24
1690,300.000,145.861,23.00,21.00
1691,200.000,122.085,21.55,19.55
1692,250.000,133.424,20.00,18.00
1693,350.000,159.660,18.45,16.45
1694,500.000,213.595,17.00,15.00
1695,450.000,193.188,15.76,13.76
1696,300.000,145.861,14.80,12.80
1697,200.000,122.085,14.20,12.20
1698,250.000,133.424,14.00,12.00
1699,350.000,159.660,14.20,12.20
1700,500.000,213.595,14.80,12.80
1701,450.000,193.188,15.76,13.76
1702,300.000,145.861,17.00,15.00
1703,200.000,122.085,18.45,16.45
1704,250.000,133.424,20.00,18.00
1705,350.000,159.660,21.55,19.55
1706,500.000,213.595,23.00,21.00
1707,450.000,193.188,24.24,22.24
1708,300.000,145.946,25.20,23.20
1709,200.000,122.375,25.80,23.80
1710,250.000,133.822,26.00,24.00
1711,350.000,160.031,25.80,23.80
1712,500.000,213.707,25.20,23.20
1713,450.000,193.188,24.24,22.24
1714,300.000,145.861,23.00,21.00
1715,200.000,122.085,21.55,19.55
1716,250.000,133.424,20.00,18.00
1717,350.000,159.660,18.45,16.45
1718,500.000,213.595,17.00,15.00
1719,450.000,193.188,15.76,13.76
1720,300.000,145.861,14.80,12.80
1721,200.000,122.085,14.20,12.20
1722,250.000,133.424,14.00,12.00
1723,350.000,159.660,14.20,12.20
1724,500.000,213.595,14.80,12.80
1725,450.000,193.188,15.76,13.76
1726,300.000,145.861,17.00,15.00
1727,200.000,122.085,18.45,16.45
1728,250.000,133.424,20.00,18.00
1729,350.000,159.660,21.55,19.55
1730,500.000,213.595,23.00,21.00
1731,450.000,193.188,24.24,22.24
1732,300.000,145.946,25.20,23.20
1733,200.000,122.375,25.80,23.80
1734,250.000,133.822,26.00,24.00
1735,350.000,160.031,25.80,23.80
1736,500.000,213.707,25.20,23.20
1737,450.000,193.188,24.24,22.24
1738,300.000,145.861,23.00,21.00
1739,200.000,122.085,21.55,19.55
1740,250.000,133.424,20.00,18.00
1741,350.000,159.660,18.45,16.45
1742,500.000,213.595,17.00,15.00
1743,450.000,193.188,15.76,13.76
1744,300.000,145.861,14.80,12.80
1745,200.000,122.085,14.20,12.20
1746,250.000,133.424,14.00,12.00
1747,350.000,159.660,14.20,12.20
1748,500.000,213.595,14.80,12.80
1749,450.000,193.188,15.76,13.76
1750,300.000,145.861,17.00,15.00
1751,200.000,122.085,18.45,16.45
1752,250.000,133.424,20.00,18.00
1753,350.000,159.660,21.55,19.55
1754,500.000,213.595,23.00,21.00
1755,450.000,193.188,24.24,22.24
1756,300.000,145.946,25.20,23.20
1757,200.000,122.375,25.80,23.80
1758,250.000,133.822,26.00,24.00
1759,350.000,160.031,25.80,23.80
1760,500.000,213.707,25.20,23.20
1761,450.000,193.188,24.24,22.24
1762,300.000,145.861,23.00,21.00
1763,200.000,122.085,21.55,19.55
1764,250.000,133.424,20.00,18.00
1765,350.000,159.660,18.45,16.45
1766,500.000,213.595,17.00,15.00
1767,450.000,193.188,15.76,13.76
1768,300.000,145.861,14.80,12.80
1769,200.000,122.085,14.20,12.20
1770,250.000,133.424,14.00,12.00
1771,350.000,159.660,14.20,12.20
1772,500.000,213.595,14.80,12.80
1773,450.000,193.188,15.76,13.76
1774,300.000,145.861,17.00,15.00
1775,200.000,122.085,18.45,16.45
1776,250.000,133.424,20.00,18.00
1777,350.000,159.660,21.55,19.55
1778,500.000,213.595,23.00,21.00
1779,450.000,193.188,24.24,22.24
1780,300.000,145.946,25.20,23.20
1781,200.000,122.375,25.80,23.80
1782,250.000,133.822,26.00,24.00
1783,350.000,160.031,25.80,23.80
1784,500.000,213.707,25.20,23.20
1785,450.000,193.188,24.24,22.24
1786,300.000,145.861,23.00,21.00
1787,200.000,122.085,21.55,19.55
1788,250.000,133.424,20.00,18.00
1789,350.000,159.660,18.45,16.45
1790,500.000,213.595,17.00,15.00
1791,450.000,193.188,15.76,13.76
1792,300.000,145.861,14.80,12.80
1793,200.000,122.085,14.20,12.20
1794,250.000,133.424,14.00,12.00
1795,350.000,159.660,14.20,12.20
1796,500.000,213.595,14.80,12.80
1797,450.000,193.188,15.76,13.76
1798,300.000,145.861,17.00,15.00
1799,200.000,122.085,18.45,16.45
1800,250.000,133.424,20.00,18.00
1801,350.000,159.660,21.55,19.55
1802,500.000,213.595,23.00,21.00
1803,450.000,193.188,24.24,22.24
1804,300.000,145.946,25.20,23.20
1805,200.000,122.375,25.80,23.80
1806,250.000,133.822,26.00,24.00
1807,350.000,160.031,25.80,23.80
1808,500.000,213.707,25.20,23.20
1809,450.000,193.188,24.24,22.24
1810,300.000,145.861,23.00,21.00
1811,200.000,122.085,21.55,19.55
1812,250.000,133.424,20.00,18.00
1813,350.000,159.660,18.45,16.45
1814,500.000,213.595,17.00,15.00
1815,450.000,193.188,15.76,13.76
1816,300.000,145.861,14.80,12.80
1817,200.000,122.085,14.20,12.20
1818,250.000,133.424,14.00,12.00
1819,350.000,159.660,14.20,12.20
1820,500.000,213.595,14.80,12.80
1821,450.000,193.188,15.76,13.76
1822,300.000,145.861,17.00,15.00
1823,200.000,122.085,18.45,16.45
1824,250.000,133.424,20.00,18.00
1825,350.000,159.660,21.55,19.55
1826,500.000,213.595,23.00,21.00
1827,450.000,193.188,24.24,22.24
1828,300.000,145.946,25.20,23.20
1829,200.000,122.375,25.80,23.80
1830,250.000,133.822,26.00,24.00
1831,350.000,160.031,25.80,23.80
1832,500.000,213.707,25.20,23.20
1833,450.000,193.188,24.24,22.24
1834,300.000,145.861,23.00,21.00
1835,200.000,122.085,21.55,19.55
1836,250.000,133.424,20.00,18.00
1837,350.000,159.660,18.45,16.45
1838,500.000,213.595,17.00,15.00
1839,450.000,193.188,15.76,13.76
1840,300.000,145.861,14.80,12.80
1841,200.000,122.085,14.20,12.20
1842,250.000,133.424,14.00,12.00
1843,350.000,159.660,14.20,12.20
1844,500.000,213.595,14.80,12.80
1845,450.000,193.188,15.76,13.76
1846,300.000,145.861,17.00,15.00
1847,200.000,122.085,18.45,16.45
1848,250.000,133.424,20.00,18.00
1849,350.000,159.660,21.55,19.55
1850,500.000,213.595,23.00,21.00
1851,450.000,193.188,24.24,22.24
1852,300.000,145.946,25.20,23.20
1853,200.000,122.375,25.80,23.80
1854,250.000,133.822,26.00,24.00
1855,350.000,160.031,25.80,23.80
1856,500.000,213.707,25.20,23.20
1857,450.000,193.188,24.24,22.24
1858,300.000,145.861,23.00,21.00
1859,200.000,122.085,21.55,19.55
1860,250.000,133.424,20.00,18.00
1861,350.000,159.660,18.45,16.45
1862,500.000,213.595,17.00,15.00
1863,450.000,193.188,15.76,13.76
1864,300.000,145.861,14.80,12.80
1865,200.000,122.085,14.20,12.20
1866,250.000,133.424,14.00,12.00
1867,350.000,159.660,14.20,12.20
1868,500.000,213.595,14.80,12.80
1869,450.000,193.188,15.76,13.76
1870,300.000,145.861,17.00,15.00
1871,200.000,122.085,18.45,16.45
1872,250.000,133.424,20.00,18.00
1873,350.000,159.660,21.55,19.55
1874,500.000,213.595,23.00,21.00
1875,450.000,193.188,24.24,22.24
1876,300.000,145.946,25.20,23.20
1877,200.000,122.375,25.80,23.80
1878,250.000,133.822,26.00,24.00
1879,350.000,160.031,25.80,23.80
1880,500.000,213.707,25.20,23.20
1881,450.000,193.188,24.24,22.24
1882,300.000,145.861,23.00,21.00
1883,200.000,122.085,21.55,19.55
1884,250.000,133.424,20.00,18.00
1885,350.000,159.660,18.45,16.45
1886,500.000,213.595,17.00,15.00
1887,450.000,193.188,15.76,13.76
1888,300.000,145.861,14.80,12.80
1889,200.000,122.085,14.20,12.20
1890,250.000,133.424,14.00,12.00
1891,350.000,159.660,14.20,12.20
1892,500.000,213.595,14.80,12.80
1893,450.000,193.188,15.76,13.76
1894,300.000,145.861,17.00,15.00
1895,200.000,122.085,18.45,16.45
1896,250.000,133.424,20.00,18.00
1897,350.000,159.660,21.55,19.55
1898,500.000,213.595,23.00,21.00
1899,450.000,193.188,24.24,22.24
1900,300.000,145.946,25.20,23.20
1901,200.000,122.375,25.80,23.80
1902,250.000,133.822,26.00,24.00
1903,350.000,160.031,25.80,23.80
1904,500.000,213.707,25.20,23.20
1905,450.000,193.188,24.24,22.24
1906,300.000,145.861,23.00,21.00
1907,200.000,122.085,21.55,19.55
1908,250.000,133.424,20.00,18.00
1909,350.000,159.660,18.45,16.45
1910,500.000,213.595,17.00,15.00
1911,450.000,193.188,15.76,13.76
1912,300.000,145.861,14.80,12.80
1913,200.000,122.085,14.20,12.20
1914,250.000,133.424,14.00,12.00
1915,350.000,159.660,14.20,12.20
1916,500.000,213.595,14.80,12.80
1917,450.000,193.188,15.76,13.76
1918,300.000,145.861,17.00,15.00
1919,200.000,122.085,18.45,16.45
1920,250.000,133.424,20.00,18.00
1921,350.000,159.660,21.55,19.55
1922,500.000,213.595,23.00,21.00
1923,450.000,193.188,24.24,22.24
1924,300.000,145.946,25.20,23.20
1925,200.000,122.375,25.80,23.80
1926,250.000,133.822,26.00,24.00
1927,350.000,160.031,25.80,23.80
1928,500.000,213.707,25.20,23.20
1929,450.000,193.188,24.24,22.24
1930,300.000,145.861,23.00,21.00
1931,200.000,122.085,21.55,19.55
1932,250.000,133.424,20.00,18.00
1933,350.000,159.660,18.45,16.45
1934,500.000,213.595,17.00,15.00
1935,450.000,193.188,15.76,13.76
1936,300.000,145.861,14.80,12.80
1937,200.000,122.085,14.20,12.20
1938,250.000,133.424,14.00,12.00
1939,350.000,159.660,14.20,12.20
1940,500.000,213.595,14.80,12.80
1941,450.000,193.188,15.76,13.76
1942,300.000,145.861,17.00,15.00
1943,200.000,122.085,18.45,16.45
1944,250.000,133.424,20.00,18.00
1945,350.000,159.660,21.55,19.55
1946,500.000,213.595,23.00,21.00
1947,450.000,193.188,24.24,22.24
1948,300.000,145.946,25.20,23.20
1949,200.000,122.375,25.80,23.80
1950,250.000,133.822,26.00,24.00
1951,350.000,160.031,25.80,23.80
1952,500.000,213.707,25.20,23.20
1953,450.000,193.188,24.24,22.24
1954,300.000,145.861,23.00,21.00
1955,200.000,122.085,21.55,19.55
1956,250.000,133.424,20.00,18.00
1957,350.000,159.660,18.45,16.45
1958,500.000,213.595,17.00,15.00
1959,450.000,193.188,15.76,13.76
1960,300.000,145.861,14.80,12.80
1961,200.000,122.085,14.20,12.20
1962,250.000,133.424,14.00,12.00
1963,350.000,159.660,14.20,12.20
1964,500.000,213.595,14.80,12.80
1965,450.000,193.188,15.76,13.76
1966,300.000,145.861,17.00,15.00
1967,200.000,122.085,18.45,16.45
1968,250.000,133.424,20.00,18.00
1969,350.000,159.660,21.55,19.55
1970,500.000,213.595,23.00,21.00
1971,450.000,193.188,24.24,22.24
1972,300.000,145.946,25.20,23.20
1973,200.000,122.375,25.80,23.80
1974,250.000,133.822,26.00,24.00
1975,350.000,160.031,25.80,23.80
1976,500.000,213.707,25.20,23.20
1977,450.000,193.188,24.24,22.24
1978,300.000,145.861,23.00,21.00
1979,200.000,122.085,21.55,19.55
1980,250.000,133.424,20.00,18.00
1981,350.000,159.660,18.45,16.45
1982,500.000,213.595,17.00,15.00
1983,450.000,193.188,15.76,13.76
1984,300.000,145.861,14.80,12.80
1985,200.000,122.085,14.20,12.20
1986,250.000,133.424,14.00,12.00
1987,350.000,159.660,14.20,12.20
1988,500.000,213.595,14.80,12.80
1989,450.000,193.188,15.76,13.76
1990,300.000,145.861,17.00,15.00
1991,200.000,122.085,18.45,16.45
1992,250.000,133.424,20.00,18.00
1993,350.000,159.660,21.55,19.55
1994,500.000,213.595,23.00,21.00
1995,450.000,193.188,24.24,22.24
1996,300.000,145.946,25.20,23.20
1997,200.000,122.375,25.80,23.80
1998,250.000,133.822,26.00,24.00
1999,350.000,160.031,25.80,23.80
2000,500.000,213.707,25.20,23.20
2001,450.000,193.188,24.24,22.24
2002,300.000,145.861,23.00,21.00
2003,200.000,122.085,21.55,19.55
2004,250.000,133.424,20.00,18.00
2005,350.000,159.660,18.45,16.45
2006,500.000,213.595,17.00,15.00
2007,450.000,193.188,15.76,13.76
2008,300.000,145.861,14.80,12.80
2009,200.000,122.085,14.20,12.20
2010,250.000,133.424,14.00,12.00
2011,350.000,159.660,14.20,12.20
2012,500.000,213.595,14.80,12.80
2013,450.000,193.188,15.76,13.76
2014,300.000,145.861,17.00,15.00
2015,200.000,122.085,18.45,16.45
2016,250.000,133.424,20.00,18.00
2017,350.000,159.660,21.55,19.55
2018,500.000,213.595,23.00,21.00
2019,450.000,193.188,24.24,22.24
2020,300.000,145.946,25.20,23.20
2021,200.000,122.375,25.80,23.80
2022,250.000,133.822,26.00,24.00
2023,350.000,160.031,25.80,23.80
2024,500.000,213.707,25.20,23.20
2025,450.000,193.188,24.24,22.24
2026,300.000,145.861,23.00,21.00
2027,200.000,122.085,21.55,19.55
2028,250.000,133.424,20.00,18.00
2029,350.000,159.660,18.45,16.45
2030,500.000,213.595,17.00,15.00
2031,450.000,193.188,15.76,13.76
2032,300.000,145.861,14.80,12.80
2033,200.000,122.085,14.20,12.20
2034,250.000,133.424,14.00,12.00
2035,350.000,159.660,14.20,12.20
2036,500.000,213.595,14.80,12.80
2037,450.000,193.188,15.76,13.76
2038,300.000,145.861,17.00,15.00
2039,200.000,122.085,18.45,16.45
2040,250.000,133.424,20.00,18.00
2041,350.000,159.660,21.55,19.55
2042,500.000,213.595,23.00,21.00
2043,450.000,193.188,24.24,22.24
2044,300.000,145.946,25.20,23.20
2045,200.000,122.375,25.80,23.80
2046,250.000,133.822,26.00,24.00
2047,350.000,160.031,25.80,23.80
2048,500.000,213.707,25.20,23.20
2049,450.000,193.188,24.24,22.24
2050,300.000,145.861,23.00,21.00
2051,200.000,122.085,21.55,19.55
2052,250.000,133.424,20.00,18.00
2053,350.000,159.660,18.45,16.45
2054,500.000,213.595,17.00,15.00
2055,450.000,193.188,15.76,13.76
2056,300.000,145.861,14.80,12.80
2057,200.000,122.085,14.20,12.20
2058,250.000,133.424,14.00,12.00
2059,350.000,159.660,14.20,12.20
2060,500.000,213.595,14.80,12.80
2061,450.000,193.188,15.76,13.76
2062,300.000,145.861,17.00,15.00
2063,200.000,122.085,18.45,16.45
2064,250.000,133.424,20.00,18.00
2065,350.000,159.660,21.55,19.55
2066,500.000,213.595,23.00,21.00
2067,450.000,193.188,24.24,22.24
2068,300.000,145.946,25.20,23.20
2069,200.000,122.375,25.80,23.80
2070,250.000,133.822,26.00,24.00
2071,350.000,160.031,25.80,23.80
2072,500.000,213.707,25.20,23.20
2073,450.000,193.188,24.24,22.24
2074,300.000,145.861,23.00,21.00
2075,200.000,122.085,21.55,19.55
2076,250.000,133.424,20.00,18.00
2077,350.000,159.660,18.45,16.45
2078,500.000,213.595,17.00,15.00
2079,450.000,193.188,15.76,13.76
2080,300.000,145.861,14.80,12.80
2081,200.000,122.085,14.20,12.20
2082,250.000,133.424,14.00,12.00
2083,350.000,159.660,14.20,12.20
2084,500.000,213.595,14.80,12.80
2085,450.000,193.188,15.76,13.76
2086,300.000,145.861,17.00,15.00
2087,200.000,122.085,18.45,16.45
2088,250.000,133.424,20.00,18.00
2089,350.000,159.660,21.55,19.55
2090,500.000,213.595,23.00,21.00
2091,450.000,193.188,24.24,22.24
2092,300.000,145.946,25.20,23.20
2093,200.000,122.375,25.80,23.80
2094,250.000,133.822,26.00,24.00
2095,350.000,160.031,25.80,23.80
2096,500.000,213.707,25.20,23.20
2097,450.000,193.188,24.24,22.24
2098,300.000,145.861,23.00,21.00
2099,200.000,122.085,21.55,19.55
2100,250.000,133.424,20.00,18.00
2101,350.000,159.660,18.45,16.45
2102,500.000,213.595,17.00,15.00
2103,450.000,193.188,15.76,13.76
2104,300.000,145.861,14.80,12.80
2105,200.000,122.085,14.20,12.20
2106,250.000,133.424,14.00,12.00
2107,350.000,159.660,14.20,12.20
2108,500.000,213.595,14.80,12.80
2109,450.000,193.188,15.76,13.76
2110,300.000,145.861,17.00,15.00
2111,200.000,122.085,18.45,16.45
2112,250.000,133.424,20.00,18.00
2113,350.000,159.660,21.55,19.55
2114,500.000,213.595,23.00,21.00
2115,450.000,193.188,24.24,22.24
2116,300.000,145.946,25.20,23.20
2117,200.000,122.375,25.80,23.80
2118,250.000,133.822,26.00,24.00
2119,350.000,160.031,25.80,23.80
2120,500.000,213.707,25.20,23.20
2121,450.000,193.188,24.24,22.24
2122,300.000,145.861,23.00,21.00
2123,200.000,122.085,21.55,19.55
2124,250.000,133.424,20.00,18.00
2125,350.000,159.660,18.45,16.45
2126,500.000,213.595,17.00,15.00
2127,450.000,193.188,15.76,13.76
2128,300.000,145.861,14.80,12.80
2129,200.000,122.085,14.20,12.20
2130,250.000,133.424,14.00,12.00
2131,350.000,159.660,14.20,12.20
2132,500.000,213.595,14.80,12.80
2133,450.000,193.188,15.76,13.76
2134,300.000,145.861,17.00,15.00
2135,200.000,122.085,18.45,16.45
2136,250.000,133.424,20.00,18.00
2137,350.000,159.660,21.55,19.55
2138,500.000,213.595,23.00,21.00
2139,450.000,193.188,24.24,22.24
2140,300.000,145.946,25.20,23.20
2141,200.000,122.375,25.80,23.80
2142,250.000,133.822,26.00,24.00
2143,350.000,160.031,25.80,23.80
2144,500.000,213.707,25.20,23.20
2145,450.000,193.188,24.24,22.24
2146,300.000,145.861,23.00,21.00
2147,200.000,122.085,21.55,19.55
2148,250.000,133.424,20.00,18.00
2149,350.000,159.660,18.45,16.45
2150,500.000,213.595,17.00,15.00
2151,450.000,193.188,15.76,13.76
2152,300.000,145.861,14.80,12.80
2153,200.000,122.085,14.20,12.20
2154,250.000,133.424,14.00,12.00
2155,350.000,159.660,14.20,12.20
2156,500.000,213.595,14.80,12.80
2157,450.000,193.188,15.76,13.76
2158,300.000,145.861,17.00,15.00
2159,200.000,122.085,18.45,16.45
2160,250.000,133.424,20.00,18.00
2161,350.000,159.660,21.55,19.55
2162,500.000,213.595,23.00,21.00
2163,450.000,193.188,24.24,22.24
2164,300.000,145.946,25.20,23.20
2165,200.000,122.375,25.80,23.80
2166,250.000,133.822,26.00,24.00
2167,350.000,160.031,25.80,23.80
2168,500.000,213.707,25.20,23.20
2169,450.000,193.188,24.24,22.24
2170,300.000,145.861,23.00,21.00
2171,200.000,122.085,21.55,19.55
2172,250.000,133.424,20.00,18.00
2173,350.000,159.660,18.45,16.45
2174,500.000,213.595,17.00,15.00
2175,450.000,193.188,15.76,13.76
2176,300.000,145.861,14.80,12.80
2177,200.000,122.085,14.20,12.20
2178,250.000,133.424,14.00,12.00
2179,350.000,159.660,14.20,12.20
2180,500.000,213.595,14.80,12.80
2181,450.000,193.188,15.76,13.76
2182,300.000,145.861,17.00,15.00
2183,200.000,122.085,18.45,16.45
2184,250.000,133.424,20.00,18.00
2185,350.000,159.660,21.55,19.55
2186,500.000,213.595,23.00,21.00
2187,450.000,193.188,24.24,22.24
2188,300.000,145.946,25.20,23.20
2189,200.000,122.375,25.80,23.80
2190,250.000,133.822,26.00,24.00
2191,350.000,160.031,25.80,23.80
2192,500.000,213.707,25.20,23.20
2193,450.000,193.188,24.24,22.24
2194,300.000,145.861,23.00,21.00
2195,200.000,122.085,21.55,19.55
2196,250.000,133.424,20.00,18.00
2197,350.000,159.660,18.45,16.45
2198,500.000,213.595,17.00,15.00
2199,450.000,193.188,15.76,13.76
2200,300.000,145.861,14.80,12.80
2201,200.000,122.085,14.20,12.20
2202,250.000,133.424,14.00,12.00
2203,350.000,159.660,14.20,12.20
2204,500.000,213.595,14.80,12.80
2205,450.000,193.188,15.76,13.76
2206,300.000,145.861,17.00,15.00
2207,200.000,122.085,18.45,16.45
2208,250.000,133.424,20.00,18.00
2209,350.000,159.660,21.55,19.55
2210,500.000,213.595,23.00,21.00
2211,450.000,193.188,24.24,22.24
2212,300.000,145.946,25.20,23.20
2213,200.000,122.375,25.80,23.80
2214,250.000,133.822,26.00,24.00
2215,350.000,160.031,25.80,23.80
2216,500.000,213.707,25.20,23.20
2217,450.000,193.188,24.24,22.24
2218,300.000,145.861,23.00,21.00
2219,200.000,122.085,21.55,19.55
2220,250.000,133.424,20.00,18.00
2221,350.000,159.660,18.45,16.45
2222,500.000,213.595,17.00,15.00
2223,450.000,193.188,15.76,13.76
2224,300.000,145.861,14.80,12.80
2225,200.000,122.085,14.20,12.20
2226,250.000,133.424,14.00,12.00
2227,350.000,159.660,14.20,12.20
2228,500.000,213.595,14.80,12.80
2229,450.000,193.188,15.76,13.76
2230,300.000,145.861,17.00,15.00
2231,200.000,122.085,18.45,16.45
2232,250.000,133.424,20.00,18.00
2233,350.000,159.660,21.55,19.55
2234,500.000,213.595,23.00,21.00
2235,450.000,193.188,24.24,22.24
2236,300.000,145.946,25.20,23.20
2237,200.000,122.375,25.80,23.80
2238,250.000,133.822,26.00,24.00
2239,350.000,160.031,25.80,23.80
2240,500.000,213.707,25.20,23.20
2241,450.000,193.188,24.24,22.24
2242,300.000,145.861,23.00,21.00
2243,200.000,122.085,21.55,19.55
2244,250.000,133.424,20.00,18.00
2245,350.000,159.660,18.45,16.45
2246,500.000,213.595,17.00,15.00
2247,450.000,193.188,15.76,13.76
2248,300.000,145.861,14.80,12.80
2249,200.000,122.085,14.20,12.20
2250,250.000,133.424,14.00,12.00
2251,350.000,159.660,14.20,12.20
2252,500.000,213.595,14.80,12.80
2253,450.000,193.188,15.76,13.76
2254,300.000,145.861,17.00,15.00
2255,200.000,122.085,18.45,16.45
2256,250.000,133.424,20.00,18.00
2257,350.000,159.660,21.55,19.55
2258,500.000,213.595,23.00,21.00
2259,450.000,193.188,24.24,22.24
2260,300.000,145.946,25.20,23.20
2261,200.000,122.375,25.80,23.80
2262,250.000,133.822,26.00,24.00
2263,350.000,160.031,25.80,23.80
2264,500.000,213.707,25.20,23.20
2265,450.000,193.188,24.24,22.24
2266,300.000,145.861,23.00,21.00
2267,200.000,122.085,21.55,19.55
2268,250.000,133.424,20.00,18.00
2269,350.000,159.660,18.45,16.45
2270,500.000,213.595,17.00,15.00
2271,450.000,193.188,15.76,13.76
2272,300.000,145.861,14.80,12.80
2273,200.000,122.085,14.20,12.20
2274,250.000,133.424,14.00,12.00
2275,350.000,159.660,14.20,12.20
2276,500.000,213.595,14.80,12.80
2277,450.000,193.188,15.76,13.76
2278,300.000,145.861,17.00,15.00
2279,200.000,122.085,18.45,16.45
2280,250.000,133.424,20.00,18.00
2281,350.000,159.660,21.55,19.55
2282,500.000,213.595,23.00,21.00
2283,450.000,193.188,24.24,22.24
2284,300.000,145.946,25.20,23.20
2285,200.000,122.375,25.80,23.80
2286,250.000,133.822,26.00,24.00
2287,350.000,160.031,25.80,23.80
2288,500.000,213.707,25.20,23.20
2289,450.000,193.188,24.24,22.24
2290,300.000,145.861,23.00,21.00
2291,200.000,122.085,21.55,19.55
2292,250.000,133.424,20.00,18.00
2293,350.000,159.660,18.45,16.45
2294,500.000,213.595,17.00,15.00
2295,450.000,193.188,15.76,13.76
2296,300.000,145.861,14.80,12.80
2297,200.000,122.085,14.20,12.20
2298,250.000,133.424,14.00,12.00
2299,350.000,159.660,14.20,12.20
2300,500.000,213.595,14.80,12.80
2301,450.000,193.188,15.76,13.76
2302,300.000,145.861,17.00,15.00
2303,200.000,122.085,18.45,16.45
2304,250.000,133.424,20.00,18.00
2305,350.000,159.660,21.55,19.55
2306,500.000,213.595,23.00,21.00
2307,450.000,193.188,24.24,22.24
2308,300.000,145.946,25.20,23.20
2309,200.000,122.375,25.80,23.80
2310,250.000,133.822,26.00,24.00
2311,350.000,160.031,25.80,23.80
2312,500.000,213.707,25.20,23.20
2313,450.000,193.188,24.24,22.24
2314,300.000,145.861,23.00,21.00
2315,200.000,122.085,21.55,19.55
2316,250.000,133.424,20.00,18.00
2317,350.000,159.660,18.45,16.45
2318,500.000,213.595,17.00,15.00
2319,450.000,193.188,15.76,13.76
2320,300.000,145.861,14.80,12.80
2321,200.000,122.085,14.20,12.20
2322,250.000,133.424,14.00,12.00
2323,350.000,159.660,14.20,12.20
2324,500.000,213.595,14.80,12.80
2325,450.000,193.188,15.76,13.76
2326,300.000,145.861,17.00,15.00
2327,200.000,122.085,18.45,16.45
2328,250.000,133.424,20.00,18.00
2329,350.000,159.660,21.55,19.55
2330,500.000,213.595,23.00,21.00
2331,450.000,193.188,24.24,22.24
2332,300.000,145.946,25.20,23.20
2333,200.000,122.375,25.80,23.80
2334,250.000,133.822,26.00,24.00
2335,350.000,160.031,25.80,23.80
2336,500.000,213.707,25.20,23.20
2337,450.000,193.188,24.24,22.24
2338,300.000,145.861,23.00,21.00
2339,200.000,122.085,21.55,19.55
2340,250.000,133.424,20.00,18.00
2341,350.000,159.660,18.45,16.45
2342,500.000,213.595,17.00,15.00
2343,450.000,193.188,15.76,13.76
2344,300.000,145.861,14.80,12.80
2345,200.000,122.085,14.20,12.20
2346,250.000,133.424,14.00,12.00
2347,350.000,159.660,14.20,12.20
2348,500.000,213.595,14.80,12.80
2349,450.000,193.188,15.76,13.76
2350,300.000,145.861,17.00,15.00
2351,200.000,122.085,18.45,16.45
2352,250.000,133.424,20.00,18.00
2353,350.000,159.660,21.55,19.55
2354,500.000,213.595,23.00,21.00
2355,450.000,193.188,24.24,22.24
2356,300.000,145.946,25.20,23.20
2357,200.000,122.375,25.80,23.80
2358,250.000,133.822,26.00,24.00
2359,350.000,160.031,25.80,23.80
2360,500.000,213.707,25.20,23.20
2361,450.000,193.188,24.24,22.24
2362,300.000,145.861,23.00,21.00
2363,200.000,122.085,21.55,19.55
2364,250.000,133.424,20.00,18.00
2365,350.000,159.660,18.45,16.45
2366,500.000,213.595,17.00,15.00
2367,450.000,193.188,15.76,13.76
2368,300.000,145.861,14.80,12.80
2369,200.000,122.085,14.20,12.20
2370,250.000,133.424,14.00,12.00
2371,350.000,159.660,14.20,12.20
2372,500.000,213.595,14.80,12.80
2373,450.000,193.188,15.76,13.76
2374,300.000,145.861,17.00,15.00
2375,200.000,122.085,18.45,16.45
2376,250.000,133.424,20.00,18.00
2377,350.000,159.660,21.55,19.55
2378,500.000,213.595,23.00,21.00
2379,450.000,193.188,24.24,22.24
2380,300.000,145.946,25.20,23.20
2381,200.000,122.375,25.80,23.80
2382,250.000,133.822,26.00,24.00
2383,350.000,160.031,25.80,23.80
2384,500.000,213.707,25.20,23.20
2385,450.000,193.188,24.24,22.24
2386,300.000,145.861,23.00,21.00
2387,200.000,122.085,21.55,19.55
2388,250.000,133.424,20.00,18.00
2389,350.000,159.660,18.45,16.45
2390,500.000,213.595,17.00,15.00
2391,450.000,193.188,15.76,13.76
2392,300.000,145.861,14.80,12.80
2393,200.000,122.085,14.20,12.20
2394,250.000,133.424,14.00,12.00
2395,350.000,159.660,14.20,12.20
2396,500.000,213.595,14.80,12.80
2397,450.000,193.188,15.76,13.76
2398,300.000,145.861,17.00,15.00
2399,200.000,122.085,18.45,16.45
2400,250.000,133.424,20.00,18.00
2401,350.000,159.660,21.55,19.55
2402,500.000,213.595,23.00,21.00
2403,450.000,193.188,24.24,22.24
2404,300.000,145.946,25.20,23.20
2405,200.000,122.375,25.80,23.80
2406,250.000,133.822,26.00,24.00
2407,350.000,160.031,25.80,23.80
2408,500.000,213.707,25.20,23.20
2409,450.000,193.188,24.24,22.24
2410,300.000,145.861,23.00,21.00
2411,200.000,122.085,21.55,19.55
2412,250.000,133.424,20.00,18.00
2413,350.000,159.660,18.45,16.45
2414,500.000,213.595,17.00,15.00
2415,450.000,193.188,15.76,13.76
2416,300.000,145.861,14.80,12.80
2417,200.000,122.085,14.20,12.20
2418,250.000,133.424,14.00,12.00
2419,350.000,159.660,14.20,12.20
2420,500.000,213.595,14.80,12.80
2421,450.000,193.188,15.76,13.76
2422,300.000,145.861,17.00,15.00
2423,200.000,122.085,18.45,16.45
2424,250.000,133.424,20.00,18.00
2425,350.000,159.660,21.55,19.55
2426,500.000,213.595,23.00,21.00
2427,450.000,193.188,24.24,22.24
2428,300.000,145.946,25.20,23.20
2429,200.000,122.375,25.80,23.80
2430,250.000,133.822,26.00,24.00
2431,350.000,160.031,25.80,23.80
2432,500.000,213.707,25.20,23.20
2433,450.000,193.188,24.24,22.24
2434,300.000,145.861,23.00,21.00
2435,200.000,122.085,21.55,19.55
2436,250.000,133.424,20.00,18.00
2437,350.000,159.660,18.45,16.45
2438,500.000,213.595,17.00,15.00
2439,450.000,193.188,15.76,13.76
2440,300.000,145.861,14.80,12.80
2441,200.000,122.085,14.20,12.20
2442,250.000,133.424,14.00,12.00
2443,350.000,159.660,14.20,12.20
2444,500.000,213.595,14.80,12.80
2445,450.000,193.188,15.76,13.76
2446,300.000,145.861,17.00,15.00
2447,200.000,122.085,18.45,16.45
2448,250.000,133.424,20.00,18.00
2449,350.000,159.660,21.55,19.55
2450,500.000,213.595,23.00,21.00
2451,450.000,193.188,24.24,22.24
2452,300.000,145.946,25.20,23.20
2453,200.000,122.375,25.80,23.80
2454,250.000,133.822,26.00,24.00
2455,350.000,160.031,25.80,23.80
2456,500.000,213.707,25.20,23.20
2457,450.000,193.188,24.24,22.24
2458,300.000,145.861,23.00,21.00
2459,200.000,122.085,21.55,19.55
2460,250.000,133.424,20.00,18.00
2461,350.000,159.660,18.45,16.45
2462,500.000,213.595,17.00,15.00
2463,450.000,193.188,15.76,13.76
2464,300.000,145.861,14.80,12.80
2465,200.000,122.085,14.20,12.20
2466,250.000,133.424,14.00,12.00
2467,350.000,159.660,14.20,12.20
2468,500.000,213.595,14.80,12.80
2469,450.000,193.188,15.76,13.76
2470,300.000,145.861,17.00,15.00
2471,200.000,122.085,18.45,16.45
2472,250.000,133.424,20.00,18.00
2473,350.000,159.660,21.55,19.55
2474,500.000,213.595,23.00,21.00
2475,450.000,193.188,24.24,22.24
2476,300.000,145.946,25.20,23.20
2477,200.000,122.375,25.80,23.80
2478,250.000,133.822,26.00,24.00
2479,350.000,160.031,25.80,23.80
2480,500.000,213.707,25.20,23.20
2481,450.000,193.188,24.24,22.24
2482,300.000,145.861,23.00,21.00
2483,200.000,122.085,21.55,19.55
2484,250.000,133.424,20.00,18.00
2485,350.000,159.660,18.45,16.45
2486,500.000,213.595,17.00,15.00
2487,450.000,193.188,15.76,13.76
2488,300.000,145.861,14.80,12.80
2489,200.000,122.085,14.20,12.20
2490,250.000,133.424,14.00,12.00
2491,350.000,159.660,14.20,12.20
2492,500.000,213.595,14.80,12.80
2493,450.000,193.188,15.76,13.76
2494,300.000,145.861,17.00,15.00
2495,200.000,122.085,18.45,16.45
2496,250.000,133.424,20.00,18.00
2497,350.000,159.660,21.55,19.55
2498,500.000,213.595,23.00,21.00
2499,450.000,193.188,24.24,22.24
2500,300.000,145.946,25.20,23.20
2501,200.000,122.375,25.80,23.80
2502,250.000,133.822,26.00,24.00
2503,350.000,160.031,25.80,23.80
2504,500.000,213.707,25.20,23.20
2505,450.000,193.188,24.24,22.24
2506,300.000,145.861,23.00,21.00
2507,200.000,122.085,21.55,19.55
2508,250.000,133.424,20.00,18.00
2509,350.000,159.660,18.45,16.45
2510,500.000,213.595,17.00,15.00
2511,450.000,193.188,15.76,13.76
2512,300.000,145.861,14.80,12.80
2513,200.000,122.085,14.20,12.20
2514,250.000,133.424,14.00,12.00
2515,350.000,159.660,14.20,12.20
2516,500.000,213.595,14.80,12.80
2517,450.000,193.188,15.76,13.76
2518,300.000,145.861,17.00,15.00
2519,200.000,122.085,18.45,16.45
2520,250.000,133.424,20.00,18.00
2521,350.000,159.660,21.55,19.55
2522,500.000,213.595,23.00,21.00
2523,450.000,193.188,24.24,22.24
2524,300.000,145.946,25.20,23.20
2525,200.000,122.375,25.80,23.80
2526,250.000,133.822,26.00,24.00
2527,350.000,160.031,25.80,23.80
2528,500.000,213.707,25.20,23.20
2529,450.000,193.188,24.24,22.24
2530,300.000,145.861,23.00,21.00
2531,200.000,122.085,21.55,19.55
2532,250.000,133.424,20.00,18.00
2533,350.000,159.660,18.45,16.45
2534,500.000,213.595,17.00,15.00
2535,450.000,193.188,15.76,13.76
2536,300.000,145.861,14.80,12.80
2537,200.000,122.085,14.20,12.20
2538,250.000,133.424,14.00,12.00
2539,350.000,159.660,14.20,12.20
2540,500.000,213.595,14.80,12.80
2541,450.000,193.188,15.76,13.76
2542,300.000,145.861,17.00,15.00
2543,200.000,122.085,18.45,16.45
2544,250.000,133.424,20.00,18.00
2545,350.000,159.660,21.55,19.55
2546,500.000,213.595,23.00,21.00
2547,450.000,193.188,24.24,22.24
2548,300.000,145.946,25.20,23.20
2549,200.000,122.375,25.80,23.80
2550,250.000,133.822,26.00,24.00
2551,350.000,160.031,25.80,23.80
2552,500.000,213.707,25.20,23.20
2553,450.000,193.188,24.24,22.24
2554,300.000,145.861,23.00,21.00
2555,200.000,122.085,21.55,19.55
2556,250.000,133.424,20.00,18.00
2557,350.000,159.660,18.45,16.45
2558,500.000,213.595,17.00,15.00
2559,450.000,193.188,15.76,13.76
2560,300.000,145.861,14.80,12.80
2561,200.000,122.085,14.20,12.20
2562,250.000,133.424,14.00,12.00
2563,350.000,159.660,14.20,12.20
2564,500.000,213.595,14.80,12.80
2565,450.000,193.188,15.76,13.76
2566,300.000,145.861,17.00,15.00
2567,200.000,122.085,18.45,16.45
2568,250.000,133.424,20.00,18.00
2569,350.000,159.660,21.55,19.55
2570,500.000,213.595,23.00,21.00
2571,450.000,193.188,24.24,22.24
2572,300.000,145.946,25.20,23.20
2573,200.000,122.375,25.80,23.80
2574,250.000,133.822,26.00,24.00
2575,350.000,160.031,25.80,23.80
2576,500.000,213.707,25.20,23.20
2577,450.000,193.188,24.24,22.24
2578,300.000,145.861,23.00,21.00
2579,200.000,122.085,21.55,19.55
2580,250.000,133.424,20.00,18.00
2581,350.000,159.660,18.45,16.45
2582,500.000,213.595,17.00,15.00
2583,450.000,193.188,15.76,13.76
2584,300.000,145.861,14.80,12.80
2585,200.000,122.085,14.20,12.20
2586,250.000,133.424,14.00,12.00
2587,350.000,159.660,14.20,12.20
2588,500.000,213.595,14.80,12.80
2589,450.000,193.188,15.76,13.76
2590,300.000,145.861,17.00,15.00
2591,200.000,122.085,18.45,16.45
2592,250.000,133.424,20.00,18.00
2593,350.000,159.660,21.55,19.55
2594,500.000,213.595,23.00,21.00
2595,450.000,193.188,24.24,22.24
2596,300.000,145.946,25.20,23.20
2597,200.000,122.375,25.80,23.80
2598,250.000,133.822,26.00,24.00
2599,350.000,160.031,25.80,23.80
2600,500.000,213.707,25.20,23.20
2601,450.000,193.188,24.24,22.24
2602,300.000,145.861,23.00,21.00
2603,200.000,122.085,21.55,19.55
2604,250.000,133.424,20.00,18.00
2605,350.000,159.660,18.45,16.45
2606,500.000,213.595,17.00,15.00
2607,450.000,193.188,15.76,13.76
2608,300.000,145.861,14.80,12.80
2609,200.000,122.085,14.20,12.20
2610,250.000,133.424,14.00,12.00
2611,350.000,159.660,14.20,12.20
2612,500.000,213.595,14.80,12.80
2613,450.000,193.188,15.76,13.76
2614,300.000,145.861,17.00,15.00
2615,200.000,122.085,18.45,16.45
2616,250.000,133.424,20.00,18.00
2617,350.000,159.660,21.55,19.55
2618,500.000,213.595,23.00,21.00
2619,450.000,193.188,24.24,22.24
2620,300.000,145.946,25.20,23.20
2621,200.000,122.375,25.80,23.80
2622,250.000,133.822,26.00,24.00
2623,350.000,160.031,25.80,23.80
2624,500.000,213.707,25.20,23.20
2625,450.000,193.188,24.24,22.24
2626,300.000,145.861,23.00,21.00
2627,200.000,122.085,21.55,19.55
2628,250.000,133.424,20.00,18.00
2629,350.000,159.660,18.45,16.45
2630,500.000,213.595,17.00,15.00
2631,450.000,193.188,15.76,13.76
2632,300.000,145.861,14.80,12.80
2633,200.000,122.085,14.20,12.20
2634,250.000,133.424,14.00,12.00
2635,350.000,159.660,14.20,12.20
2636,500.000,213.595,14.80,12.80
2637,450.000,193.188,15.76,13.76
2638,300.000,145.861,17.00,15.00
2639,200.000,122.085,18.45,16.45
2640,250.000,133.424,20.00,18.00
2641,350.000,159.660,21.55,19.55
2642,500.000,213.595,23.00,21.00
2643,450.000,193.188,24.24,22.24
2644,300.000,145.946,25.20,23.20
2645,200.000,122.375,25.80,23.80
2646,250.000,133.822,26.00,24.00
2647,350.000,160.031,25.80,23.80
2648,500.000,213.707,25.20,23.20
2649,450.000,193.188,24.24,22.24
2650,300.000,145.861,23.00,21.00
2651,200.000,122.085,21.55,19.55
2652,250.000,133.424,20.00,18.00
2653,350.000,159.660,18.45,16.45
2654,500.000,213.595,17.00,15.00
2655,450.000,193.188,15.76,13.76
2656,300.000,145.861,14.80,12.80
2657,200.000,122.085,14.20,12.20
2658,250.000,133.424,14.00,12.00
2659,350.000,159.660,14.20,12.20
2660,500.000,213.595,14.80,12.80
2661,450.000,193.188,15.76,13.76
2662,300.000,145.861,17.00,15.00
2663,200.000,122.085,18.45,16.45
2664,250.000,133.424,20.00,18.00
2665,350.000,159.660,21.55,19.55
2666,500.000,213.595,23.00,21.00
2667,450.000,193.188,24.24,22.24
2668,300.000,145.946,25.20,23.20
2669,200.000,122.375,25.80,23.80
2670,250.000,133.822,26.00,24.00
2671,350.000,160.031,25.80,23.80
2672,500.000,213.707,25.20,23.20
2673,450.000,193.188,24.24,22.24
2674,300.000,145.861,23.00,21.00
2675,200.000,122.085,21.55,19.55
2676,250.000,133.424,20.00,18.00
2677,350.000,159.660,18.45,16.45
2678,500.000,213.595,17.00,15.00
2679,450.000,193.188,15.76,13.76
2680,300.000,145.861,14.80,12.80
2681,200.000,122.085,14.20,12.20
2682,250.000,133.424,14.00,12.00
2683,350.000,159.660,14.20,12.20
2684,500.000,213.595,14.80,12.80
2685,450.000,193.188,15.76,13.76
2686,300.000,145.861,17.00,15.00
2687,200.000,122.085,18.45,16.45
2688,250.000,133.424,20.00,18.00
2689,350.000,159.660,21.55,19.55
2690,500.000,213.595,23.00,21.00
2691,450.000,193.188,24.24,22.24
2692,300.000,145.946,25.20,23.20
2693,200.000,122.375,25.80,23.80
2694,250.000,133.822,26.00,24.00
2695,350.000,160.031,25.80,23.80
2696,500.000,213.707,25.20,23.20
2697,450.000,193.188,24.24,22.24
2698,300.000,145.861,23.00,21.00
2699,200.000,122.085,21.55,19.55
2700,250.000,133.424,20.00,18.00
2701,350.000,159.660,18.45,16.45
2702,500.000,213.595,17.00,15.00
2703,450.000,193.188,15.76,13.76
2704,300.000,145.861,14.80,12.80
2705,200.000,122.085,14.20,12.20
2706,250.000,133.424,14.00,12.00
2707,350.000,159.660,14.20,12.20
2708,500.000,213.595,14.80,12.80
2709,450.000,193.188,15.76,13.76
2710,300.000,145.861,17.00,15.00
2711,200.000,122.085,18.45,16.45
2712,250.000,133.424,20.00,18.00
2713,350.000,159.660,21.55,19.55
2714,500.000,213.595,23.00,21.00
2715,450.000,193.188,24.24,22.24
2716,300.000,145.946,25.20,23.20
2717,200.000,122.375,25.80,23.80
2718,250.000,133.822,26.00,24.00
2719,350.000,160.031,25.80,23.80
2720,500.000,213.707,25.20,23.20
2721,450.000,193.188,24.24,22.24
2722,300.000,145.861,23.00,21.00
2723,200.000,122.085,21.55,19.55
2724,250.000,133.424,20.00,18.00
2725,350.000,159.660,18.45,16.45
2726,500.000,213.595,17.00,15.00
2727,450.000,193.188,15.76,13.76
2728,300.000,145.861,14.80,12.80
2729,200.000,122.085,14.20,12.20
2730,250.000,133.424,14.00,12.00
2731,350.000,159.660,14.20,12.20
2732,500.000,213.595,14.80,12.80
2733,450.000,193.188,15.76,13.76
2734,300.000,145.861,17.00,15.00
2735,200.000,122.085,18.45,16.45
2736,250.000,133.424,20.00,18.00
2737,350.000,159.660,21.55,19.55
2738,500.000,213.595,23.00,21.00
2739,450.000,193.188,24.24,22.24
2740,300.000,145.946,25.20,23.20
2741,200.000,122.375,25.80,23.80
2742,250.000,133.822,26.00,24.00
2743,350.000,160.031,25.80,23.80
2744,500.000,213.707,25.20,23.20
2745,450.000,193.188,24.24,22.24
2746,300.000,145.861,23.00,21.00
2747,200.000,122.085,21.55,19.55
2748,250.000,133.424,20.00,18.00
2749,350.000,159.660,18.45,16.45
2750,500.000,213.595,17.00,15.00
2751,450.000,193.188,15.76,13.76
2752,300.000,145.861,14.80,12.80
2753,200.000,122.085,14.20,12.20
2754,250.000,133.424,14.00,12.00
2755,350.000,159.660,14.20,12.20
2756,500.000,213.595,14.80,12.80
2757,450.000,193.188,15.76,13.76
2758,300.000,145.861,17.00,15.00
2759,200.000,122.085,18.45,16.45
2760,250.000,133.424,20.00,18.00
2761,350.000,159.660,21.55,19.55
2762,500.000,213.595,23.00,21.00
2763,450.000,193.188,24.24,22.24
2764,300.000,145.946,25.20,23.20
2765,200.000,122.375,25.80,23.80
2766,250.000,133.822,26.00,24.00
2767,350.000,160.031,25.80,23.80
2768,500.000,213.707,25.20,23.20
2769,450.000,193.188,24.24,22.24
2770,300.000,145.861,23.00,21.00
2771,200.000,122.085,21.55,19.55
2772,250.000,133.424,20.00,18.00
2773,350.000,159.660,18.45,16.45
2774,500.000,213.595,17.00,15.00
2775,450.000,193.188,15.76,13.76
2776,300.000,145.861,14.80,12.80
2777,200.000,122.085,14.20,12.20
2778,250.000,133.424,14.00,12.00
2779,350.000,159.660,14.20,12.20
2780,500.000,213.595,14.80,12.80
2781,450.000,193.188,15.76,13.76
2782,300.000,145.861,17.00,15.00
2783,200.000,122.085,18.45,16.45
2784,250.000,133.424,20.00,18.00
2785,350.000,159.660,21.55,19.55
2786,500.000,213.595,23.00,21.00
2787,450.000,193.188,24.24,22.24
2788,300.000,145.946,25.20,23.20
2789,200.000,122.375,25.80,23.80
2790,250.000,133.822,26.00,24.00
2791,350.000,160.031,25.80,23.80
2792,500.000,213.707,25.20,23.20
2793,450.000,193.188,24.24,22.24
2794,300.000,145.861,23.00,21.00
2795,200.000,122.085,21.55,19.55
2796,250.000,133.424,20.00,18.00
2797,350.000,159.660,18.45,16.45
2798,500.000,213.595,17.00,15.00
2799,450.000,193.188,15.76,13.76
2800,300.000,145.861,14.80,12.80
2801,200.000,122.085,14.20,12.20
2802,250.000,133.424,14.00,12.00
2803,350.000,159.660,14.20,12.20
2804,500.000,213.595,14.80,12.80
2805,450.000,193.188,15.76,13.76
2806,300.000,145.861,17.00,15.00
2807,200.000,122.085,18.45,16.45
2808,250.000,133.424,20.00,18.00
2809,350.000,159.660,21.55,19.55
2810,500.000,213.595,23.00,21.00
2811,450.000,193.188,24.24,22.24
2812,300.000,145.946,25.20,23.20
2813,200.000,122.375,25.80,23.80
2814,250.000,133.822,26.00,24.00
2815,350.000,160.031,25.80,23.80
2816,500.000,213.707,25.20,23.20
2817,450.000,193.188,24.24,22.24
2818,300.000,145.861,23.00,21.00
2819,200.000,122.085,21.55,19.55
2820,250.000,133.424,20.00,18.00
2821,350.000,159.660,18.45,16.45
2822,500.000,213.595,17.00,15.00
2823,450.000,193.188,15.76,13.76
2824,300.000,145.861,14.80,12.80
2825,200.000,122.085,14.20,12.20
2826,250.000,133.424,14.00,12.00
2827,350.000,159.660,14.20,12.20
2828,500.000,213.595,14.80,12.80
2829,450.000,193.188,15.76,13.76
2830,300.000,145.861,17.00,15.00
2831,200.000,122.085,18.45,16.45
2832,250.000,133.424,20.00,18.00
2833,350.000,159.660,21.55,19.55
2834,500.000,213.595,23.00,21.00
2835,450.000,193.188,24.24,22.24
2836,300.000,145.946,25.20,23.20
2837,200.000,122.375,25.80,23.80
2838,250.000,133.822,26.00,24.00
2839,350.000,160.031,25.80,23.80
2840,500.000,213.707,25.20,23.20
2841,450.000,193.188,24.24,22.24
2842,300.000,145.861,23.00,21.00
2843,200.000,122.085,21.55,19.55
2844,250.000,133.424,20.00,18.00
2845,350.000,159.660,18.45,16.45
2846,500.000,213.595,17.00,15.00
2847,450.000,193.188,15.76,13.76
2848,300.000,145.861,14.80,12.80
2849,200.000,122.085,14.20,12.20
2850,250.000,133.424,14.00,12.00
2851,350.000,159.660,14.20,12.20
2852,500.000,213.595,14.80,12.80
2853,450.000,193.188,15.76,13.76
2854,300.000,145.861,17.00,15.00
2855,200.000,122.085,18.45,16.45
2856,250.000,133.424,20.00,18.00
2857,350.000,159.660,21.55,19.55
2858,500.000,213.595,23.00,21.00
2859,450.000,193.188,24.24,22.24
2860,300.000,145.946,25.20,23.20
2861,200.000,122.375,25.80,23.80
2862,250.000,133.822,26.00,24.00
2863,350.000,160.031,25.80,23.80
2864,500.000,213.707,25.20,23.20
2865,450.000,193.188,24.24,22.24
2866,300.000,145.861,23.00,21.00
2867,200.000,122.085,21.55,19.55
2868,250.000,133.424,20.00,18.00
2869,350.000,159.660,18.45,16.45
2870,500.000,213.595,17.00,15.00
2871,450.000,193.188,15.76,13.76
2872,300.000,145.861,14.80,12.80
2873,200.000,122.085,14.20,12.20
2874,250.000,133.424,14.00,12.00
2875,350.000,159.660,14.20,12.20
2876,500.000,213.595,14.80,12.80
2877,450.000,193.188,15.76,13.76
2878,300.000,145.861,17.00,15.00
2879,200.000,122.085,18.45,16.45
2880,250.000,133.424,20.00,18.00
2881,350.000,159.660,21.55,19.55
2882,500.000,213.595,23.00,21.00
2883,450.000,193.188,24.24,22.24
2884,300.000,145.946,25.20,23.20
2885,200.000,122.375,25.80,23.80
2886,250.000,133.822,26.00,24.00
2887,350.000,160.031,25.80,23.80
2888,500.000,213.707,25.20,23.20
2889,450.000,193.188,24.24,22.24
2890,300.000,145.861,23.00,21.00
2891,200.000,122.085,21.55,19.55
2892,250.000,133.424,20.00,18.00
2893,350.000,159.660,18.45,16.45
2894,500.000,213.595,17.00,15.00
2895,450.000,193.188,15.76,13.76
2896,300.000,145.861,14.80,12.80
2897,200.000,122.085,14.20,12.20
2898,250.000,133.424,14.00,12.00
2899,350.000,159.660,14.20,12.20
2900,500.000,213.595,14.80,12.80
2901,450.000,193.188,15.76,13.76
2902,300.000,145.861,17.00,15.00
2903,200.000,122.085,18.45,16.45
2904,250.000,133.424,20.00,18.00
2905,350.000,159.660,21.55,19.55
2906,500.000,213.595,23.00,21.00
2907,450.000,193.188,24.24,22.24
2908,300.000,145.946,25.20,23.20
2909,200.000,122.375,25.80,23.80
2910,250.000,133.822,26.00,24.00
2911,350.000,160.031,25.80,23.80
2912,500.000,213.707,25.20,23.20
2913,450.000,193.188,24.24,22.24
2914,300.000,145.861,23.00,21.00
2915,200.000,122.085,21.55,19.55
2916,250.000,133.424,20.00,18.00
2917,350.000,159.660,18.45,16.45
2918,500.000,213.595,17.00,15.00
2919,450.000,193.188,15.76,13.76
2920,300.000,145.861,14.80,12.80
2921,200.000,122.085,14.20,12.20
2922,250.000,133.424,14.00,12.00
2923,350.000,159.660,14.20,12.20
2924,500.000,213.595,14.80,12.80
2925,450.000,193.188,15.76,13.76
2926,300.000,145.861,17.00,15.00
2927,200.000,122.085,18.45,16.45
2928,250.000,133.424,20.00,18.00
2929,350.000,159.660,21.55,19.55
2930,500.000,213.595,23.00,21.00
2931,450.000,193.188,24.24,22.24
2932,300.000,145.946,25.20,23.20
2933,200.000,122.375,25.80,23.80
2934,250.000,133.822,26.00,24.00
2935,350.000,160.031,25.80,23.80
2936,500.000,213.707,25.20,23.20
2937,450.000,193.188,24.24,22.24
2938,300.000,145.861,23.00,21.00
2939,200.000,122.085,21.55,19.55
2940,250.000,133.424,20.00,18.00
2941,350.000,159.660,18.45,16.45
2942,500.000,213.595,17.00,15.00
2943,450.000,193.188,15.76,13.76
2944,300.000,145.861,14.80,12.80
2945,200.000,122.085,14.20,12.20
2946,250.000,133.424,14.00,12.00
2947,350.000,159.660,14.20,12.20
2948,500.000,213.595,14.80,12.80
2949,450.000,193.188,15.76,13.76
2950,300.000,145.861,17.00,15.00
2951,200.000,122.085,18.45,16.45
2952,250.000,133.424,20.00,18.00
2953,350.000,159.660,21.55,19.55
2954,500.000,213.595,23.00,21.00
2955,450.000,193.188,24.24,22.24
2956,300.000,145.946,25.20,23.20
2957,200.000,122.375,25.80,23.80
2958,250.000,133.822,26.00,24.00
2959,350.000,160.031,25.80,23.80
2960,500.000,213.707,25.20,23.20
2961,450.000,193.188,24.24,22.24
2962,300.000,145.861,23.00,21.00
2963,200.000,122.085,21.55,19.55
2964,250.000,133.424,20.00,18.00
2965,350.000,159.660,18.45,16.45
2966,500.000,213.595,17.00,15.00
2967,450.000,193.188,15.76,13.76
2968,300.000,145.861,14.80,12.80
2969,200.000,122.085,14.20,12.20
2970,250.000,133.424,14.00,12.00
2971,350.000,159.660,14.20,12.20
2972,500.000,213.595,14.80,12.80
2973,450.000,193.188,15.76,13.76
2974,300.000,145.861,17.00,15.00
2975,200.000,122.085,18.45,16.45
2976,250.000,133.424,20.00,18.00
2977,350.000,159.660,21.55,19.55
2978,500.000,213.595,23.00,21.00
2979,450.000,193.188,24.24,22.24
2980,300.000,145.946,25.20,23.20
2981,200.000,122.375,25.80,23.80
2982,250.000,133.822,26.00,24.00
2983,350.000,160.031,25.80,23.80
2984,500.000,213.707,25.20,23.20
2985,450.000,193.188,24.24,22.24
2986,300.000,145.861,23.00,21.00
2987,200.000,122.085,21.55,19.55
2988,250.000,133.424,20.00,18.00
2989,350.000,159.660,18.45,16.45
2990,500.000,213.595,17.00,15.00
2991,450.000,193.188,15.76,13.76
2992,300.000,145.861,14.80,12.80
2993,200.000,122.085,14.20,12.20
2994,250.000,133.424,14.00,12.00
2995,350.000,159.660,14.20,12.20
2996,500.000,213.595,14.80,12.80
2997,450.000,193.188,15.76,13.76
2998,300.000,145.861,17.00,15.00
2999,200.000,122.085,18.45,16.45
3000,250.000,133.424,20.00,18.00
3001,350.000,159.660,21.55,19.55
3002,500.000,213.595,23.00,21.00
3003,450.000,193.188,24.24,22.24
3004,300.000,145.946,25.20,23.20
3005,200.000,122.375,25.80,23.80
3006,250.000,133.822,26.00,24.00
3007,350.000,160.031,25.80,23.80
3008,500.000,213.707,25.20,23.20
3009,450.000,193.188,24.24,22.24
3010,300.000,145.861,23.00,21.00
3011,200.000,122.085,21.55,19.55
3012,250.000,133.424,20.00,18.00
3013,350.000,159.660,18.45,16.45
3014,500.000,213.595,17.00,15.00
3015,450.000,193.188,15.76,13.76
3016,300.000,145.861,14.80,12.80
3017,200.000,122.085,14.20,12.20
3018,250.000,133.424,14.00,12.00
3019,350.000,159.660,14.20,12.20
3020,500.000,213.595,14.80,12.80
3021,450.000,193.188,15.76,13.76
3022,300.000,145.861,17.00,15.00
3023,200.000,122.085,18.45,16.45
3024,250.000,133.424,20.00,18.00
3025,350.000,159.660,21.55,19.55
3026,500.000,213.595,23.00,21.00
3027,450.000,193.188,24.24,22.24
3028,300.000,145.946,25.20,23.20
3029,200.000,122.375,25.80,23.80
3030,250.000,133.822,26.00,24.00
3031,350.000,160.031,25.80,23.80
3032,500.000,213.707,25.20,23.20
3033,450.000,193.188,24.24,22.24
3034,300.000,145.861,23.00,21.00
3035,200.000,122.085,21.55,19.55
3036,250.000,133.424,20.00,18.00
3037,350.000,159.660,18.45,16.45
3038,500.000,213.595,17.00,15.00
3039,450.000,193.188,15.76,13.76
3040,300.000,145.861,14.80,12.80
3041,200.000,122.085,14.20,12.20
3042,250.000,133.424,14.00,12.00
3043,350.000,159.660,14.20,12.20
3044,500.000,213.595,14.80,12.80
3045,450.000,193.188,15.76,13.76
3046,300.000,145.861,17.00,15.00
3047,200.000,122.085,18.45,16.45
3048,250.000,133.424,20.00,18.00
3049,350.000,159.660,21.55,19.55
3050,500.000,213.595,23.00,21.00
3051,450.000,193.188,24.24,22.24
3052,300.000,145.946,25.20,23.20
3053,200.000,122.375,25.80,23.80
3054,250.000,133.822,26.00,24.00
3055,350.000,160.031,25.80,23.80
3056,500.000,213.707,25.20,23.20
3057,450.000,193.188,24.24,22.24
3058,300.000,145.861,23.00,21.00
3059,200.000,122.085,21.55,19.55
3060,250.000,133.424,20.00,18.00
3061,350.000,159.660,18.45,16.45
3062,500.000,213.595,17.00,15.00
3063,450.000,193.188,15.76,13.76
3064,300.000,145.861,14.80,12.80
3065,200.000,122.085,14.20,12.20
3066,250.000,133.424,14.00,12.00
3067,350.000,159.660,14.20,12.20
3068,500.000,213.595,14.80,12.80
3069,450.000,193.188,15.76,13.76
3070,300.000,145.861,17.00,15.00
3071,200.000,122.085,18.45,16.45
3072,250.000,133.424,20.00,18.00
3073,350.000,159.660,21.55,19.55
3074,500.000,213.595,23.00,21.00
3075,450.000,193.188,24.24,22.24
3076,300.000,145.946,25.20,23.20
3077,200.000,122.375,25.80,23.80
3078,250.000,133.822,26.00,24.00
3079,350.000,160.031,25.80,23.80
3080,500.000,213.707,25.20,23.20
3081,450.000,193.188,24.24,22.24
3082,300.000,145.861,23.00,21.00
3083,200.000,122.085,21.55,19.55
3084,250.000,133.424,20.00,18.00
3085,350.000,159.660,18.45,16.45
3086,500.000,213.595,17.00,15.00
3087,450.000,193.188,15.76,13.76
3088,300.000,145.861,14.80,12.80
3089,200.000,122.085,14.20,12.20
3090,250.000,133.424,14.00,12.00
3091,350.000,159.660,14.20,12.20
3092,500.000,213.595,14.80,12.80
3093,450.000,193.188,15.76,13.76
3094,300.000,145.861,17.00,15.00
3095,200.000,122.085,18.45,16.45
3096,250.000,133.424,20.00,18.00
3097,350.000,159.660,21.55,19.55
3098,500.000,213.595,23.00,21.00
3099,450.000,193.188,24.24,22.24
3100,300.000,145.946,25.20,23.20
3101,200.000,122.375,25.80,23.80
3102,250.000,133.822,26.00,24.00
3103,350.000,160.031,25.80,23.80
3104,500.000,213.707,25.20,23.20
3105,450.000,193.188,24.24,22.24
3106,300.000,145.861,23.00,21.00
3107,200.000,122.085,21.55,19.55
3108,250.000,133.424,20.00,18.00
3109,350.000,159.660,18.45,16.45
3110,500.000,213.595,17.00,15.00
3111,450.000,193.188,15.76,13.76
3112,300.000,145.861,14.80,12.80
3113,200.000,122.085,14.20,12.20
3114,250.000,133.424,14.00,12.00
3115,350.000,159.660,14.20,12.20
3116,500.000,213.595,14.80,12.80
3117,450.000,193.188,15.76,13.76
3118,300.000,145.861,17.00,15.00
3119,200.000,122.085,18.45,16.45
3120,250.000,133.424,20.00,18.00
3121,350.000,159.660,21.55,19.55
3122,500.000,213.595,23.00,21.00
3123,450.000,193.188,24.24,22.24
3124,300.000,145.946,25.20,23.20
3125,200.000,122.375,25.80,23.80
3126,250.000,133.822,26.00,24.00
3127,350.000,160.031,25.80,23.80
3128,500.000,213.707,25.20,23.20
3129,450.000,193.188,24.24,22.24
3130,300.000,145.861,23.00,21.00
3131,200.000,122.085,21.55,19.55
3132,250.000,133.424,20.00,18.00
3133,350.000,159.660,18.45,16.45
3134,500.000,213.595,17.00,15.00
3135,450.000,193.188,15.76,13.76
3136,300.000,145.861,14.80,12.80
3137,200.000,122.085,14.20,12.20
3138,250.000,133.424,14.00,12.00
3139,350.000,159.660,14.20,12.20
3140,500.000,213.595,14.80,12.80
3141,450.000,193.188,15.76,13.76
3142,300.000,145.861,17.00,15.00
3143,200.000,122.085,18.45,16.45
3144,250.000,133.424,20.00,18.00
3145,350.000,159.660,21.55,19.55
3146,500.000,213.595,23.00,21.00
3147,450.000,193.188,24.24,22.24
3148,300.000,145.946,25.20,23.20
3149,200.000,122.375,25.80,23.80
3150,250.000,133.822,26.00,24.00
3151,350.000,160.031,25.80,23.80
3152,500.000,213.707,25.20,23.20
3153,450.000,193.188,24.24,22.24
3154,300.000,145.861,23.00,21.00
3155,200.000,122.085,21.55,19.55
3156,250.000,133.424,20.00,18.00
3157,350.000,159.660,18.45,16.45
3158,500.000,213.595,17.00,15.00
3159,450.000,193.188,15.76,13.76
3160,300.000,145.861,14.80,12.80
3161,200.000,122.085,14.20,12.20
3162,250.000,133.424,14.00,12.00
3163,350.000,159.660,14.20,12.20
3164,500.000,213.595,14.80,12.80
3165,450.000,193.188,15.76,13.76
3166,300.000,145.861,17.00,15.00
3167,200.000,122.085,18.45,16.45
3168,250.000,133.424,20.00,18.00
3169,350.000,159.660,21.55,19.55
3170,500.000,213.595,23.00,21.00
3171,450.000,193.188,24.24,22.24
3172,300.000,145.946,25.20,23.20
3173,200.000,122.375,25.80,23.80
3174,250.000,133.822,26.00,24.00
3175,350.000,160.031,25.80,23.80
3176,500.000,213.707,25.20,23.20
3177,450.000,193.188,24.24,22.24
3178,300.000,145.861,23.00,21.00
3179,200.000,122.085,21.55,19.55
3180,250.000,133.424,20.00,18.00
3181,350.000,159.660,18.45,16.45
3182,500.000,213.595,17.00,15.00
3183,450.000,193.188,15.76,13.76
3184,300.000,145.861,14.80,12.80
3185,200.000,122.085,14.20,12.20
3186,250.000,133.424,14.00,12.00
3187,350.000,159.660,14.20,12.20
3188,500.000,213.595,14.80,12.80
3189,450.000,193.188,15.76,13.76
3190,300.000,145.861,17.00,15.00
3191,200.000,122.085,18.45,16.45
3192,250.000,133.424,20.00,18.00
3193,350.000,159.660,21.55,19.55
3194,500.000,213.595,23.00,21.00
3195,450.000,193.188,24.24,22.24
3196,300.000,145.946,25.20,23.20
3197,200.000,122.375,25.80,23.80
3198,250.000,133.822,26.00,24.00
3199,350.000,160.031,25.80,23.80
3200,500.000,213.707,25.20,23.20
3201,450.000,193.188,24.24,22.24
3202,300.000,145.861,23.00,21.00
3203,200.000,122.085,21.55,19.55
3204,250.000,133.424,20.00,18.00
3205,350.000,159.660,18.45,16.45
3206,500.000,213.595,17.00,15.00
3207,450.000,193.188,15.76,13.76
3208,300.000,145.861,14.80,12.80
3209,200.000,122.085,14.20,12.20
3210,250.000,133.424,14.00,12.00
3211,350.000,159.660,14.20,12.20
3212,500.000,213.595,14.80,12.80
3213,450.000,193.188,15.76,13.76
3214,300.000,145.861,17.00,15.00
3215,200.000,122.085,18.45,16.45
3216,250.000,133.424,20.00,18.00
3217,350.000,159.660,21.55,19.55
3218,500.000,213.595,23.00,21.00
3219,450.000,193.188,24.24,22.24
3220,300.000,145.946,25.20,23.20
3221,200.000,122.375,25.80,23.80
3222,250.000,133.822,26.00,24.00
3223,350.000,160.031,25.80,23.80
3224,500.000,213.707,25.20,23.20
3225,450.000,193.188,24.24,22.24
3226,300.000,145.861,23.00,21.00
3227,200.000,122.085,21.55,19.55
3228,250.000,133.424,20.00,18.00
3229,350.000,159.660,18.45,16.45
3230,500.000,213.595,17.00,15.00
3231,450.000,193.188,15.76,13.76
3232,300.000,145.861,14.80,12.80
3233,200.000,122.085,14.20,12.20
3234,250.000,133.424,14.00,12.00
3235,350.000,159.660,14.20,12.20
3236,500.000,213.595,14.80,12.80
3237,450.000,193.188,15.76,13.76
3238,300.000,145.861,17.00,15.00
3239,200.000,122.085,18.45,16.45
3240,250.000,133.424,20.00,18.00
3241,350.000,159.660,21.55,19.55
3242,500.000,213.595,23.00,21.00
3243,450.000,193.188,24.24,22.24
3244,300.000,145.946,25.20,23.20
3245,200.000,122.375,25.80,23.80
3246,250.000,133.822,26.00,24.00
3247,350.000,160.031,25.80,23.80
3248,500.000,213.707,25.20,23.20
3249,450.000,193.188,24.24,22.24
3250,300.000,145.861,23.00,21.00
3251,200.000,122.085,21.55,19.55
3252,250.000,133.424,20.00,18.00
3253,350.000,159.660,18.45,16.45
3254,500.000,213.595,17.00,15.00
3255,450.000,193.188,15.76,13.76
3256,300.000,145.861,14.80,12.80
3257,200.000,122.085,14.20,12.20
3258,250.000,133.424,14.00,12.00
3259,350.000,159.660,14.20,12.20
3260,500.000,213.595,14.80,12.80
3261,450.000,193.188,15.76,13.76
3262,300.000,145.861,17.00,15.00
3263,200.000,122.085,18.45,16.45
3264,250.000,133.424,20.00,18.00
3265,350.000,159.660,21.55,19.55
3266,500.000,213.595,23.00,21.00
3267,450.000,193.188,24.24,22.24
3268,300.000,145.946,25.20,23.20
3269,200.000,122.375,25.80,23.80
3270,250.000,133.822,26.00,24.00
3271,350.000,160.031,25.80,23.80
3272,500.000,213.707,25.20,23.20
3273,450.000,193.188,24.24,22.24
3274,300.000,145.861,23.00,21.00
3275,200.000,122.085,21.55,19.55
3276,250.000,133.424,20.00,18.00
3277,350.000,159.660,18.45,16.45
3278,500.000,213.595,17.00,15.00
3279,450.000,193.188,15.76,13.76
3280,300.000,145.861,14.80,12.80
3281,200.000,122.085,14.20,12.20
3282,250.000,133.424,14.00,12.00
3283,350.000,159.660,14.20,12.20
3284,500.000,213.595,14.80,12.80
3285,450.000,193.188,15.76,13.76
3286,300.000,145.861,17.00,15.00
3287,200.000,122.085,18.45,16.45
3288,250.000,133.424,20.00,18.00
3289,350.000,159.660,21.55,19.55
3290,500.000,213.595,23.00,21.00
3291,450.000,193.188,24.24,22.24
3292,300.000,145.946,25.20,23.20
3293,200.000,122.375,25.80,23.80
3294,250.000,133.822,26.00,24.00
3295,350.000,160.031,25.80,23.80
3296,500.000,213.707,25.20,23.20
3297,450.000,193.188,24.24,22.24
3298,300.000,145.861,23.00,21.00
3299,200.000,122.085,21.55,19.55
3300,250.000,133.424,20.00,18.00
3301,350.000,159.660,18.45,16.45
3302,500.000,213.595,17.00,15.00
3303,450.000,193.188,15.76,13.76
3304,300.000,145.861,14.80,12.80
3305,200.000,122.085,14.20,12.20
3306,250.000,133.424,14.00,12.00
3307,350.000,159.660,14.20,12.20
3308,500.000,213.595,14.80,12.80
3309,450.000,193.188,15.76,13.76
3310,300.000,145.861,17.00,15.00
3311,200.000,122.085,18.45,16.45
3312,250.000,133.424,20.00,18.00
3313,350.000,159.660,21.55,19.55
3314,500.000,213.595,23.00,21.00
3315,450.000,193.188,24.24,22.24
3316,300.000,145.946,25.20,23.20
3317,200.000,122.375,25.80,23.80
3318,250.000,133.822,26.00,24.00
3319,350.000,160.031,25.80,23.80
3320,500.000,213.707,25.20,23.20
3321,450.000,193.188,24.24,22.24
3322,300.000,145.861,23.00,21.00
3323,200.000,122.085,21.55,19.55
3324,250.000,133.424,20.00,18.00
3325,350.000,159.660,18.45,16.45
3326,500.000,213.595,17.00,15.00
3327,450.000,193.188,15.76,13.76
3328,300.000,145.861,14.80,12.80
3329,200.000,122.085,14.20,12.20
3330,250.000,133.424,14.00,12.00
3331,350.000,159.660,14.20,12.20
3332,500.000,213.595,14.80,12.80
3333,450.000,193.188,15.76,13.76
3334,300.000,145.861,17.00,15.00
3335,200.000,122.085,18.45,16.45
3336,250.000,133.424,20.00,18.00
3337,350.000,159.660,21.55,19.55
3338,500.000,213.595,23.00,21.00
3339,450.000,193.188,24.24,22.24
3340,300.000,145.946,25.20,23.20
3341,200.000,122.375,25.80,23.80
3342,250.000,133.822,26.00,24.00
3343,350.000,160.031,25.80,23.80
3344,500.000,213.707,25.20,23.20
3345,450.000,193.188,24.24,22.24
3346,300.000,145.861,23.00,21.00
3347,200.000,122.085,21.55,19.55
3348,250.000,133.424,20.00,18.00
3349,350.000,159.660,18.45,16.45
3350,500.000,213.595,17.00,15.00
3351,450.000,193.188,15.76,13.76
3352,300.000,145.861,14.80,12.80
3353,200.000,122.085,14.20,12.20
3354,250.000,133.424,14.00,12.00
3355,350.000,159.660,14.20,12.20
3356,500.000,213.595,14.80,12.80
3357,450.000,193.188,15.76,13.76
3358,300.000,145.861,17.00,15.00
3359,200.000,122.085,18.45,16.45
3360,250.000,133.424,20.00,18.00
3361,350.000,159.660,21.55,19.55
3362,500.000,213.595,23.00,21.00
3363,450.000,193.188,24.24,22.24
3364,300.000,145.946,25.20,23.20
3365,200.000,122.375,25.80,23.80
3366,250.000,133.822,26.00,24.00
3367,350.000,160.031,25.80,23.80
3368,500.000,213.707,25.20,23.20
3369,450.000,193.188,24.24,22.24
3370,300.000,145.861,23.00,21.00
3371,200.000,122.085,21.55,19.55
3372,250.000,133.424,20.00,18.00
3373,350.000,159.660,18.45,16.45
3374,500.000,213.595,17.00,15.00
3375,450.000,193.188,15.76,13.76
3376,300.000,145.861,14.80,12.80
3377,200.000,122.085,14.20,12.20
3378,250.000,133.424,14.00,12.00
3379,350.000,159.660,14.20,12.20
3380,500.000,213.595,14.80,12.80
3381,450.000,193.188,15.76,13.76
3382,300.000,145.861,17.00,15.00
3383,200.000,122.085,18.45,16.45
3384,250.000,133.424,20.00,18.00
3385,350.000,159.660,21.55,19.55
3386,500.000,213.595,23.00,21.00
3387,450.000,193.188,24.24,22.24
3388,300.000,145.946,25.20,23.20
3389,200.000,122.375,25.80,23.80
3390,250.000,133.822,26.00,24.00
3391,350.000,160.031,25.80,23.80
3392,500.000,213.707,25.20,23.20
3393,450.000,193.188,24.24,22.24
3394,300.000,145.861,23.00,21.00
3395,200.000,122.085,21.55,19.55
3396,250.000,133.424,20.00,18.00
3397,350.000,159.660,18.45,16.45
3398,500.000,213.595,17.00,15.00
3399,450.000,193.188,15.76,13.76
3400,300.000,145.861,14.80,12.80
3401,200.000,122.085,14.20,12.20
3402,250.000,133.424,14.00,12.00
3403,350.000,159.660,14.20,12.20
3404,500.000,213.595,14.80,12.80
3405,450.000,193.188,15.76,13.76
3406,300.000,145.861,17.00,15.00
3407,200.000,122.085,18.45,16.45
3408,250.000,133.424,20.00,18.00
3409,350.000,159.660,21.55,19.55
3410,500.000,213.595,23.00,21.00
3411,450.000,193.188,24.24,22.24
3412,300.000,145.946,25.20,23.20
3413,200.000,122.375,25.80,23.80
3414,250.000,133.822,26.00,24.00
3415,350.000,160.031,25.80,23.80
3416,500.000,213.707,25.20,23.20
3417,450.000,193.188,24.24,22.24
3418,300.000,145.861,23.00,21.00
3419,200.000,122.085,21.55,19.55
3420,250.000,133.424,20.00,18.00
3421,350.000,159.660,18.45,16.45
3422,500.000,213.595,17.00,15.00
3423,450.000,193.188,15.76,13.76
3424,300.000,145.861,14.80,12.80
3425,200.000,122.085,14.20,12.20
3426,250.000,133.424,14.00,12.00
3427,350.000,159.660,14.20,12.20
3428,500.000,213.595,14.80,12.80
3429,450.000,193.188,15.76,13.76
3430,300.000,145.861,17.00,15.00
3431,200.000,122.085,18.45,16.45
3432,250.000,133.424,20.00,18.00
3433,350.000,159.660,21.55,19.55
3434,500.000,213.595,23.00,21.00
3435,450.000,193.188,24.24,22.24
3436,300.000,145.946,25.20,23.20
3437,200.000,122.375,25.80,23.80
3438,250.000,133.822,26.00,24.00
3439,350.000,160.031,25.80,23.80
3440,500.000,213.707,25.20,23.20
3441,450.000,193.188,24.24,22.24
3442,300.000,145.861,23.00,21.00
3443,200.000,122.085,21.55,19.55
3444,250.000,133.424,20.00,18.00
3445,350.000,159.660,18.45,16.45
3446,500.000,213.595,17.00,15.00
3447,450.000,193.188,15.76,13.76
3448,300.000,145.861,14.80,12.80
3449,200.000,122.085,14.20,12.20
3450,250.000,133.424,14.00,12.00
3451,350.000,159.660,14.20,12.20
3452,500.000,213.595,14.80,12.80
3453,450.000,193.188,15.76,13.76
3454,300.000,145.861,17.00,15.00
3455,200.000,122.085,18.45,16.45
3456,250.000,133.424,20.00,18.00
3457,350.000,159.660,21.55,19.55
3458,500.000,213.595,23.00,21.00
3459,450.000,193.188,24.24,22.24
3460,300.000,145.946,25.20,23.20
3461,200.000,122.375,25.80,23.80
3462,250.000,133.822,26.00,24.00
3463,350.000,160.031,25.80,23.80
3464,500.000,213.707,25.20,23.20
3465,450.000,193.188,24.24,22.24
3466,300.000,145.861,23.00,21.00
3467,200.000,122.085,21.55,19.55
3468,250.000,133.424,20.00,18.00
3469,350.000,159.660,18.45,16.45
3470,500.000,213.595,17.00,15.00
3471,450.000,193.188,15.76,13.76
3472,300.000,145.861,14.80,12.80
3473,200.000,122.085,14.20,12.20
3474,250.000,133.424,14.00,12.00
3475,350.000,159.660,14.20,12.20
3476,500.000,213.595,14.80,12.80
3477,450.000,193.188,15.76,13.76
3478,300.000,145.861,17.00,15.00
3479,200.000,122.085,18.45,16.45
3480,250.000,133.424,20.00,18.00
3481,350.000,159.660,21.55,19.55
3482,500.000,213.595,23.00,21.00
3483,450.000,193.188,24.24,22.24
3484,300.000,145.946,25.20,23.20
3485,200.000,122.375,25.80,23.80
3486,250.000,133.822,26.00,24.00
3487,350.000,160.031,25.80,23.80
3488,500.000,213.707,25.20,23.20
3489,450.000,193.188,24.24,22.24
3490,300.000,145.861,23.00,21.00
3491,200.000,122.085,21.55,19.55
3492,250.000,133.424,20.00,18.00
3493,350.000,159.660,18.45,16.45
3494,500.000,213.595,17.00,15.00
3495,450.000,193.188,15.76,13.76
3496,300.000,145.861,14.80,12.80
3497,200.000,122.085,14.20,12.20
3498,250.000,133.424,14.00,12.00
3499,350.000,159.660,14.20,12.20
3500,500.000,213.595,14.80,12.80
3501,450.000,193.188,15.76,13.76
3502,300.000,145.861,17.00,15.00
3503,200.000,122.085,18.45,16.45
3504,250.000,133.424,20.00,18.00
3505,350.000,159.660,21.55,19.55
3506,500.000,213.595,23.00,21.00
3507,450.000,193.188,24.24,22.24
3508,300.000,145.946,25.20,23.20
3509,200.000,122.375,25.80,23.80
3510,250.000,133.822,26.00,24.00
3511,350.000,160.031,25.80,23.80
3512,500.000,213.707,25.20,23.20
3513,450.000,193.188,24.24,22.24
3514,300.000,145.861,23.00,21.00
3515,200.000,122.085,21.55,19.55
3516,250.000,133.424,20.00,18.00
3517,350.000,159.660,18.45,16.45
3518,500.000,213.595,17.00,15.00
3519,450.000,193.188,15.76,13.76
3520,300.000,145.861,14.80,12.80
3521,200.000,122.085,14.20,12.20
3522,250.000,133.424,14.00,12.00
3523,350.000,159.660,14.20,12.20
3524,500.000,213.595,14.80,12.80
3525,450.000,193.188,15.76,13.76
3526,300.000,145.861,17.00,15.00
3527,200.000,122.085,18.45,16.45
3528,250.000,133.424,20.00,18.00
3529,350.000,159.660,21.55,19.55
3530,500.000,213.595,23.00,21.00
3531,450.000,193.188,24.24,22.24
3532,300.000,145.946,25.20,23.20
3533,200.000,122.375,25.80,23.80
3534,250.000,133.822,26.00,24.00
3535,350.000,160.031,25.80,23.80
3536,500.000,213.707,25.20,23.20
3537,450.000,193.188,24.24,22.24
3538,300.000,145.861,23.00,21.00
3539,200.000,122.085,21.55,19.55
3540,250.000,133.424,20.00,18.00
3541,350.000,159.660,18.45,16.45
3542,500.000,213.595,17.00,15.00
3543,450.000,193.188,15.76,13.76
3544,300.000,145.861,14.80,12.80
3545,200.000,122.085,14.20,12.20
3546,250.000,133.424,14.00,12.00
3547,350.000,159.660,14.20,12.20
3548,500.000,213.595,14.80,12.80
3549,450.000,193.188,15.76,13.76
3550,300.000,145.861,17.00,15.00
3551,200.000,122.085,18.45,16.45
3552,250.000,133.424,20.00,18.00
3553,350.000,159.660,21.55,19.55
3554,500.000,213.595,23.00,21.00
3555,450.000,193.188,24.24,22.24
3556,300.000,145.946,25.20,23.20
3557,200.000,122.375,25.80,23.80
3558,250.000,133.822,26.00,24.00
3559,350.000,160.031,25.80,23.80
3560,500.000,213.707,25.20,23.20
3561,450.000,193.188,24.24,22.24
3562,300.000,145.861,23.00,21.00
3563,200.000,122.085,21.55,19.55
3564,250.000,133.424,20.00,18.00
3565,350.000,159.660,18.45,16.45
3566,500.000,213.595,17.00,15.00
3567,450.000,193.188,15.76,13.76
3568,300.000,145.861,14.80,12.80
3569,200.000,122.085,14.20,12.20
3570,250.000,133.424,14.00,12.00
3571,350.000,159.660,14.20,12.20
3572,500.000,213.595,14.80,12.80
3573,450.000,193.188,15.76,13.76
3574,300.000,145.861,17.00,15.00
3575,200.000,122.085,18.45,16.45
3576,250.000,133.424,20.00,18.00
3577,350.000,159.660,21.55,19.55
3578,500.000,213.595,23.00,21.00
3579,450.000,193.188,24.24,22.24
3580,300.000,145.946,25.20,23.20
3581,200.000,122.375,25.80,23.80
3582,250.000,133.822,26.00,24.00
3583,350.000,160.031,25.80,23.80
3584,500.000,213.707,25.20,23.20
3585,450.000,193.188,24.24,22.24
3586,300.000,145.861,23.00,21.00
3587,200.000,122.085,21.55,19.55
3588,250.000,133.424,20.00,18.00
3589,350.000,159.660,18.45,16.45
3590,500.000,213.595,17.00,15.00
3591,450.000,193.188,15.76,13.76
3592,300.000,145.861,14.80,12.80
3593,200.000,122.085,14.20,12.20
3594,250.000,133.424,14.00,12.00
3595,350.000,159.660,14.20,12.20
3596,500.000,213.595,14.80,12.80
3597,450.000,193.188,15.76,13.76
3598,300.000,145.861,17.00,15.00
3599,200.000,122.085,18.45,16.45
3600,250.000,133.424,20.00,18.00
3601,350.000,159.660,21.55,19.55
3602,500.000,213.595,23.00,21.00
3603,450.000,193.188,24.24,22.24
3604,300.000,145.946,25.20,23.20
3605,200.000,122.375,25.80,23.80
3606,250.000,133.822,26.00,24.00
3607,350.000,160.031,25.80,23.80
3608,500.000,213.707,25.20,23.20
3609,450.000,193.188,24.24,22.24
3610,300.000,145.861,23.00,21.00
3611,200.000,122.085,21.55,19.55
3612,250.000,133.424,20.00,18.00
3613,350.000,159.660,18.45,16.45
3614,500.000,213.595,17.00,15.00
3615,450.000,193.188,15.76,13.76
3616,300.000,145.861,14.80,12.80
3617,200.000,122.085,14.20,12.20
3618,250.000,133.424,14.00,12.00
3619,350.000,159.660,14.20,12.20
3620,500.000,213.595,14.80,12.80
3621,450.000,193.188,15.76,13.76
3622,300.000,145.861,17.00,15.00
3623,200.000,122.085,18.45,16.45
3624,250.000,133.424,20.00,18.00
3625,350.000,159.660,21.55,19.55
3626,500.000,213.595,23.00,21.00
3627,450.000,193.188,24.24,22.24
3628,300.000,145.946,25.20,23.20
3629,200.000,122.375,25.80,23.80
3630,250.000,133.822,26.00,24.00
3631,350.000,160.031,25.80,23.80
3632,500.000,213.707,25.20,23.20
3633,450.000,193.188,24.24,22.24
3634,300.000,145.861,23.00,21.00
3635,200.000,122.085,21.55,19.55
3636,250.000,133.424,20.00,18.00
3637,350.000,159.660,18.45,16.45
3638,500.000,213.595,17.00,15.00
3639,450.000,193.188,15.76,13.76
3640,300.000,145.861,14.80,12.80
3641,200.000,122.085,14.20,12.20
3642,250.000,133.424,14.00,12.00
3643,350.000,159.660,14.20,12.20
3644,500.000,213.595,14.80,12.80
3645,450.000,193.188,15.76,13.76
3646,300.000,145.861,17.00,15.00
3647,200.000,122.085,18.45,16.45
3648,250.000,133.424,20.00,18.00
3649,350.000,159.660,21.55,19.55
3650,500.000,213.595,23.00,21.00
3651,450.000,193.188,24.24,22.24
3652,300.000,145.946,25.20,23.20
3653,200.000,122.375,25.80,23.80
3654,250.000,133.822,26.00,24.00
3655,350.000,160.031,25.80,23.80
3656,500.000,213.707,25.20,23.20
3657,450.000,193.188,24.24,22.24
3658,300.000,145.861,23.00,21.00
3659,200.000,122.085,21.55,19.55
3660,250.000,133.424,20.00,18.00
3661,350.000,159.660,18.45,16.45
3662,500.000,213.595,17.00,15.00
3663,450.000,193.188,15.76,13.76
3664,300.000,145.861,14.80,12.80
3665,200.000,122.085,14.20,12.20
3666,250.000,133.424,14.00,12.00
3667,350.000,159.660,14.20,12.20
3668,500.000,213.595,14.80,12.80
3669,450.000,193.188,15.76,13.76
3670,300.000,145.861,17.00,15.00
3671,200.000,122.085,18.45,16.45
3672,250.000,133.424,20.00,18.00
3673,350.000,159.660,21.55,19.55
3674,500.000,213.595,23.00,21.00
3675,450.000,193.188,24.24,22.24
3676,300.000,145.946,25.20,23.20
3677,200.000,122.375,25.80,23.80
3678,250.000,133.822,26.00,24.00
3679,350.000,160.031,25.80,23.80
3680,500.000,213.707,25.20,23.20
3681,450.000,193.188,24.24,22.24
3682,300.000,145.861,23.00,21.00
3683,200.000,122.085,21.55,19.55
3684,250.000,133.424,20.00,18.00
3685,350.000,159.660,18.45,16.45
3686,500.000,213.595,17.00,15.00
3687,450.000,193.188,15.76,13.76
3688,300.000,145.861,14.80,12.80
3689,200.000,122.085,14.20,12.20
3690,250.000,133.424,14.00,12.00
3691,350.000,159.660,14.20,12.20
3692,500.000,213.595,14.80,12.80
3693,450.000,193.188,15.76,13.76
3694,300.000,145.861,17.00,15.00
3695,200.000,122.085,18.45,16.45
3696,250.000,133.424,20.00,18.00
3697,350.000,159.660,21.55,19.55
3698,500.000,213.595,23.00,21.00
3699,450.000,193.188,24.24,22.24
3700,300.000,145.946,25.20,23.20
3701,200.000,122.375,25.80,23.80
3702,250.000,133.822,26.00,24.00
3703,350.000,160.031,25.80,23.80
3704,500.000,213.707,25.20,23.20
3705,450.000,193.188,24.24,22.24
3706,300.000,145.861,23.00,21.00
3707,200.000,122.085,21.55,19.55
3708,250.000,133.424,20.00,18.00
3709,350.000,159.660,18.45,16.45
3710,500.000,213.595,17.00,15.00
3711,450.000,193.188,15.76,13.76
3712,300.000,145.861,14.80,12.80
3713,200.000,122.085,14.20,12.20
3714,250.000,133.424,14.00,12.00
3715,350.000,159.660,14.20,12.20
3716,500.000,213.595,14.80,12.80
3717,450.000,193.188,15.76,13.76
3718,300.000,145.861,17.00,15.00
3719,200.000,122.085,18.45,16.45
3720,250.000,133.424,20.00,18.00
3721,350.000,159.660,21.55,19.55
3722,500.000,213.595,23.00,21.00
3723,450.000,193.188,24.24,22.24
3724,300.000,145.946,25.20,23.20
3725,200.000,122.375,25.80,23.80
3726,250.000,133.822,26.00,24.00
3727,350.000,160.031,25.80,23.80
3728,500.000,213.707,25.20,23.20
3729,450.000,193.188,24.24,22.24
3730,300.000,145.861,23.00,21.00
3731,200.000,122.085,21.55,19.55
3732,250.000,133.424,20.00,18.00
3733,350.000,159.660,18.45,16.45
3734,500.000,213.595,17.00,15.00
3735,450.000,193.188,15.76,13.76
3736,300.000,145.861,14.80,12.80
3737,200.000,122.085,14.20,12.20
3738,250.000,133.424,14.00,12.00
3739,350.000,159.660,14.20,12.20
3740,500.000,213.595,14.80,12.80
3741,450.000,193.188,15.76,13.76
3742,300.000,145.861,17.00,15.00
3743,200.000,122.085,18.45,16.45
3744,250.000,133.424,20.00,18.00
3745,350.000,159.660,21.55,19.55
3746,500.000,213.595,23.00,21.00
3747,450.000,193.188,24.24,22.24
3748,300.000,145.946,25.20,23.20
3749,200.000,122.375,25.80,23.80
3750,250.000,133.822,26.00,24.00
3751,350.000,160.031,25.80,23.80
3752,500.000,213.707,25.20,23.20
3753,450.000,193.188,24.24,22.24
3754,300.000,145.861,23.00,21.00
3755,200.000,122.085,21.55,19.55
3756,250.000,133.424,20.00,18.00
3757,350.000,159.660,18.45,16.45
3758,500.000,213.595,17.00,15.00
3759,450.000,193.188,15.76,13.76
3760,300.000,145.861,14.80,12.80
3761,200.000,122.085,14.20,12.20
3762,250.000,133.424,14.00,12.00
3763,350.000,159.660,14.20,12.20
3764,500.000,213.595,14.80,12.80
3765,450.000,193.188,15.76,13.76
3766,300.000,145.861,17.00,15.00
3767,200.000,122.085,18.45,16.45
3768,250.000,133.424,20.00,18.00
3769,350.000,159.660,21.55,19.55
3770,500.000,213.595,23.00,21.00
3771,450.000,193.188,24.24,22.24
3772,300.000,145.946,25.20,23.20
3773,200.000,122.375,25.80,23.80
3774,250.000,133.822,26.00,24.00
3775,350.000,160.031,25.80,23.80
3776,500.000,213.707,25.20,23.20
3777,450.000,193.188,24.24,22.24
3778,300.000,145.861,23.00,21.00
3779,200.000,122.085,21.55,19.55
3780,250.000,133.424,20.00,18.00
3781,350.000,159.660,18.45,16.45
3782,500.000,213.595,17.00,15.00
3783,450.000,193.188,15.76,13.76
3784,300.000,145.861,14.80,12.80
3785,200.000,122.085,14.20,12.20
3786,250.000,133.424,14.00,12.00
3787,350.000,159.660,14.20,12.20
3788,500.000,213.595,14.80,12.80
3789,450.000,193.188,15.76,13.76
3790,300.000,145.861,17.00,15.00
3791,200.000,122.085,18.45,16.45
3792,250.000,133.424,20.00,18.00
3793,350.000,159.660,21.55,19.55
3794,500.000,213.595,23.00,21.00
3795,450.000,193.188,24.24,22.24
3796,300.000,145.946,25.20,23.20
3797,200.000,122.375,25.80,23.80
3798,250.000,133.822,26.00,24.00
3799,350.000,160.031,25.80,23.80
3800,500.000,213.707,25.20,23.20
3801,450.000,193.188,24.24,22.24
3802,300.000,145.861,23.00,21.00
3803,200.000,122.085,21.55,19.55
3804,250.000,133.424,20.00,18.00
3805,350.000,159.660,18.45,16.45
3806,500.000,213.595,17.00,15.00
3807,450.000,193.188,15.76,13.76
3808,300.000,145.861,14.80,12.80
3809,200.000,122.085,14.20,12.20
3810,250.000,133.424,14.00,12.00
3811,350.000,159.660,14.20,12.20
3812,500.000,213.595,14.80,12.80
3813,450.000,193.188,15.76,13.76
3814,300.000,145.861,17.00,15.00
3815,200.000,122.085,18.45,16.45
3816,250.000,133.424,20.00,18.00
3817,350.000,159.660,21.55,19.55
3818,500.000,213.595,23.00,21.00
3819,450.000,193.188,24.24,22.24
3820,300.000,145.946,25.20,23.20
3821,200.000,122.375,25.80,23.80
3822,250.000,133.822,26.00,24.00
3823,350.000,160.031,25.80,23.80
3824,500.000,213.707,25.20,23.20
3825,450.000,193.188,24.24,22.24
3826,300.000,145.861,23.00,21.00
3827,200.000,122.085,21.55,19.55
3828,250.000,133.424,20.00,18.00
3829,350.000,159.660,18.45,16.45
3830,500.000,213.595,17.00,15.00
3831,450.000,193.188,15.76,13.76
3832,300.000,145.861,14.80,12.80
3833,200.000,122.085,14.20,12.20
3834,250.000,133.424,14.00,12.00
3835,350.000,159.660,14.20,12.20
3836,500.000,213.595,14.80,12.80
3837,450.000,193.188,15.76,13.76
3838,300.000,145.861,17.00,15.00
3839,200.000,122.085,18.45,16.45
3840,250.000,133.424,20.00,18.00
3841,350.000,159.660,21.55,19.55
3842,500.000,213.595,23.00,21.00
3843,450.000,193.188,24.24,22.24
3844,300.000,145.946,25.20,23.20
3845,200.000,122.375,25.80,23.80
3846,250.000,133.822,26.00,24.00
3847,350.000,160.031,25.80,23.80
3848,500.000,213.707,25.20,23.20
3849,450.000,193.188,24.24,22.24
3850,300.000,145.861,23.00,21.00
3851,200.000,122.085,21.55,19.55
3852,250.000,133.424,20.00,18.00
3853,350.000,159.660,18.45,16.45
3854,500.000,213.595,17.00,15.00
3855,450.000,193.188,15.76,13.76
3856,300.000,145.861,14.80,12.80
3857,200.000,122.085,14.20,12.20
3858,250.000,133.424,14.00,12.00
3859,350.000,159.660,14.20,12.20
3860,500.000,213.595,14.80,12.80
3861,450.000,193.188,15.76,13.76
3862,300.000,145.861,17.00,15.00
3863,200.000,122.085,18.45,16.45
3864,250.000,133.424,20.00,18.00
3865,350.000,159.660,21.55,19.55
3866,500.000,213.595,23.00,21.00
3867,450.000,193.188,24.24,22.24
3868,300.000,145.946,25.20,23.20
3869,200.000,122.375,25.80,23.80
3870,250.000,133.822,26.00,24.00
3871,350.000,160.031,25.80,23.80
3872,500.000,213.707,25.20,23.20
3873,450.000,193.188,24.24,22.24
3874,300.000,145.861,23.00,21.00
3875,200.000,122.085,21.55,19.55
3876,250.000,133.424,20.00,18.00
3877,350.000,159.660,18.45,16.45
3878,500.000,213.595,17.00,15.00
3879,450.000,193.188,15.76,13.76
3880,300.000,145.861,14.80,12.80
3881,200.000,122.085,14.20,12.20
3882,250.000,133.424,14.00,12.00
3883,350.000,159.660,14.20,12.20
3884,500.000,213.595,14.80,12.80
3885,450.000,193.188,15.76,13.76
3886,300.000,145.861,17.00,15.00
3887,200.000,122.085,18.45,16.45
3888,250.000,133.424,20.00,18.00
3889,350.000,159.660,21.55,19.55
3890,500.000,213.595,23.00,21.00
3891,450.000,193.188,24.24,22.24
3892,300.000,145.946,25.20,23.20
3893,200.000,122.375,25.80,23.80
3894,250.000,133.822,26.00,24.00
3895,350.000,160.031,25.80,23.80
3896,500.000,213.707,25.20,23.20
3897,450.000,193.188,24.24,22.24
3898,300.000,145.861,23.00,21.00
3899,200.000,122.085,21.55,19.55
3900,250.000,133.424,20.00,18.00
3901,350.000,159.660,18.45,16.45
3902,500.000,213.595,17.00,15.00
3903,450.000,193.188,15.76,13.76
3904,300.000,145.861,14.80,12.80
3905,200.000,122.085,14.20,12.20
3906,250.000,133.424,14.00,12.00
3907,350.000,159.660,14.20,12.20
3908,500.000,213.595,14.80,12.80
3909,450.000,193.188,15.76,13.76
3910,300.000,145.861,17.00,15.00
3911,200.000,122.085,18.45,16.45
3912,250.000,133.424,20.00,18.00
3913,350.000,159.660,21.55,19.55
3914,500.000,213.595,23.00,21.00
3915,450.000,193.188,24.24,22.24
3916,300.000,145.946,25.20,23.20
3917,200.000,122.375,25.80,23.80
3918,250.000,133.822,26.00,24.00
3919,350.000,160.031,25.80,23.80
3920,500.000,213.707,25.20,23.20
3921,450.000,193.188,24.24,22.24
3922,300.000,145.861,23.00,21.00
3923,200.000,122.085,21.55,19.55
3924,250.000,133.424,20.00,18.00
3925,350.000,159.660,18.45,16.45
3926,500.000,213.595,17.00,15.00
3927,450.000,193.188,15.76,13.76
3928,300.000,145.861,14.80,12.80
3929,200.000,122.085,14.20,12.20
3930,250.000,133.424,14.00,12.00
3931,350.000,159.660,14.20,12.20
3932,500.000,213.595,14.80,12.80
3933,450.000,193.188,15.76,13.76
3934,300.000,145.861,17.00,15.00
3935,200.000,122.085,18.45,16.45
3936,250.000,133.424,20.00,18.00
3937,350.000,159.660,21.55,19.55
3938,500.000,213.595,23.00,21.00
3939,450.000,193.188,24.24,22.24
3940,300.000,145.946,25.20,23.20
3941,200.000,122.375,25.80,23.80
3942,250.000,133.822,26.00,24.00
3943,350.000,160.031,25.80,23.80
3944,500.000,213.707,25.20,23.20
3945,450.000,193.188,24.24,22.24
3946,300.000,145.861,23.00,21.00
3947,200.000,122.085,21.55,19.55
3948,250.000,133.424,20.00,18.00
3949,350.000,159.660,18.45,16.45
3950,500.000,213.595,17.00,15.00
3951,450.000,193.188,15.76,13.76
3952,300.000,145.861,14.80,12.80
3953,200.000,122.085,14.20,12.20
3954,250.000,133.424,14.00,12.00
3955,350.000,159.660,14.20,12.20
3956,500.000,213.595,14.80,12.80
3957,450.000,193.188,15.76,13.76
3958,300.000,145.861,17.00,15.00
3959,200.000,122.085,18.45,16.45
3960,250.000,133.424,20.00,18.00
3961,350.000,159.660,21.55,19.55
3962,500.000,213.595,23.00,21.00
3963,450.000,193.188,24.24,22.24
3964,300.000,145.946,25.20,23.20
3965,200.000,122.375,25.80,23.80
3966,250.000,133.822,26.00,24.00
3967,350.000,160.031,25.80,23.80
3968,500.000,213.707,25.20,23.20
3969,450.000,193.188,24.24,22.24
3970,300.000,145.861,23.00,21.00
3971,200.000,122.085,21.55,19.55
3972,250.000,133.424,20.00,18.00
3973,350.000,159.660,18.45,16.45
3974,500.000,213.595,17.00,15.00
3975,450.000,193.188,15.76,13.76
3976,300.000,145.861,14.80,12.80
3977,200.000,122.085,14.20,12.20
3978,250.000,133.424,14.00,12.00
3979,350.000,159.660,14.20,12.20
3980,500.000,213.595,14.80,12.80
3981,450.000,193.188,15.76,13.76
3982,300.000,145.861,17.00,15.00
3983,200.000,122.085,18.45,16.45
3984,250.000,133.424,20.00,18.00
3985,350.000,159.660,21.55,19.55
3986,500.000,213.595,23.00,21.00
3987,450.000,193.188,24.24,22.24
3988,300.000,145.946,25.20,23.20
3989,200.000,122.375,25.80,23.80
3990,250.000,133.822,26.00,24.00
3991,350.000,160.031,25.80,23.80
3992,500.000,213.707,25.20,23.20
3993,450.000,193.188,24.24,22.24
3994,300.000,145.861,23.00,21.00
3995,200.000,122.085,21.55,19.55
3996,250.000,133.424,20.00,18.00
3997,350.000,159.660,18.45,16.45
3998,500.000,213.595,17.00,15.00
3999,450.000,193.188,15.76,13.76
4000,300.000,145.861,14.80,12.80
4001,200.000,122.085,14.20,12.20
4002,250.000,133.424,14.00,12.00
4003,350.000,159.660,14.20,12.20
4004,500.000,213.595,14.80,12.80
4005,450.000,193.188,15.76,13.76
4006,300.000,145.861,17.00,15.00
4007,200.000,122.085,18.45,16.45
4008,250.000,133.424,20.00,18.00
4009,350.000,159.660,21.55,19.55
4010,500.000,213.595,23.00,21.00
4011,450.000,193.188,24.24,22.24
4012,300.000,145.946,25.20,23.20
4013,200.000,122.375,25.80,23.80
4014,250.000,133.822,26.00,24.00
4015,350.000,160.031,25.80,23.80
4016,500.000,213.707,25.20,23.20
4017,450.000,193.188,24.24,22.24
4018,300.000,145.861,23.00,21.00
4019,200.000,122.085,21.55,19.55
4020,250.000,133.424,20.00,18.00
4021,350.000,159.660,18.45,16.45
4022,500.000,213.595,17.00,15.00
4023,450.000,193.188,15.76,13.76
4024,300.000,145.861,14.80,12.80
4025,200.000,122.085,14.20,12.20
4026,250.000,133.424,14.00,12.00
4027,350.000,159.660,14.20,12.20
4028,500.000,213.595,14.80,12.80
4029,450.000,193.188,15.76,13.76
4030,300.000,145.861,17.00,15.00
4031,200.000,122.085,18.45,16.45
4032,250.000,133.424,20.00,18.00
4033,350.000,159.660,21.55,19.55
4034,500.000,213.595,23.00,21.00
4035,450.000,193.188,24.24,22.24
4036,300.000,145.946,25.20,23.20
4037,200.000,122.375,25.80,23.80
4038,250.000,133.822,26.00,24.00
4039,350.000,160.031,25.80,23.80
4040,500.000,213.707,25.20,23.20
4041,450.000,193.188,24.24,22.24
4042,300.000,145.861,23.00,21.00
4043,200.000,122.085,21.55,19.55
4044,250.000,133.424,20.00,18.00
4045,350.000,159.660,18.45,16.45
4046,500.000,213.595,17.00,15.00
4047,450.000,193.188,15.76,13.76
4048,300.000,145.861,14.80,12.80
4049,200.000,122.085,14.20,12.20
4050,250.000,133.424,14.00,12.00
4051,350.000,159.660,14.20,12.20
4052,500.000,213.595,14.80,12.80
4053,450.000,193.188,15.76,13.76
4054,300.000,145.861,17.00,15.00
4055,200.000,122.085,18.45,16.45
4056,250.000,133.424,20.00,18.00
4057,350.000,159.660,21.55,19.55
4058,500.000,213.595,23.00,21.00
4059,450.000,193.188,24.24,22.24
4060,300.000,145.946,25.20,23.20
4061,200.000,122.375,25.80,23.80
4062,250.000,133.822,26.00,24.00
4063,350.000,160.031,25.80,23.80
4064,500.000,213.707,25.20,23.20
4065,450.000,193.188,24.24,22.24
4066,300.000,145.861,23.00,21.00
4067,200.000,122.085,21.55,19.55
4068,250.000,133.424,20.00,18.00
4069,350.000,159.660,18.45,16.45
4070,500.000,213.595,17.00,15.00
4071,450.000,193.188,15.76,13.76
4072,300.000,145.861,14.80,12.80
4073,200.000,122.085,14.20,12.20
4074,250.000,133.424,14.00,12.00
4075,350.000,159.660,14.20,12.20
4076,500.000,213.595,14.80,12.80
4077,450.000,193.188,15.76,13.76
4078,300.000,145.861,17.00,15.00
4079,200.000,122.085,18.45,16.45
4080,250.000,133.424,20.00,18.00
4081,350.000,159.660,21.55,19.55
4082,500.000,213.595,23.00,21.00
4083,450.000,193.188,24.24,22.24
4084,300.000,145.946,25.20,23.20
4085,200.000,122.375,25.80,23.80
4086,250.000,133.822,26.00,24.00
4087,350.000,160.031,25.80,23.80
4088,500.000,213.707,25.20,23.20
4089,450.000,193.188,24.24,22.24
4090,300.000,145.861,23.00,21.00
4091,200.000,122.085,21.55,19.55
4092,250.000,133.424,20.00,18.00
4093,350.000,159.660,18.45,16.45
4094,500.000,213.595,17.00,15.00
4095,450.000,193.188,15.76,13.76
4096,300.000,145.861,14.80,12.80
4097,200.000,122.085,14.20,12.20
4098,250.000,133.424,14.00,12.00
4099,350.000,159.660,14.20,12.20
4100,500.000,213.595,14.80,12.80
4101,450.000,193.188,15.76,13.76
4102,300.000,145.861,17.00,15.00
4103,200.000,122.085,18.45,16.45
4104,250.000,133.424,20.00,18.00
4105,350.000,159.660,21.55,19.55
4106,500.000,213.595,23.00,21.00
4107,450.000,193.188,24.24,22.24
4108,300.000,145.946,25.20,23.20
4109,200.000,122.375,25.80,23.80
4110,250.000,133.822,26.00,24.00
4111,350.000,160.031,25.80,23.80
4112,500.000,213.707,25.20,23.20
4113,450.000,193.188,24.24,22.24
4114,300.000,145.861,23.00,21.00
4115,200.000,122.085,21.55,19.55
4116,250.000,133.424,20.00,18.00
4117,350.000,159.660,18.45,16.45
4118,500.000,213.595,17.00,15.00
4119,450.000,193.188,15.76,13.76
4120,300.000,145.861,14.80,12.80
4121,200.000,122.085,14.20,12.20
4122,250.000,133.424,14.00,12.00
4123,350.000,159.660,14.20,12.20
4124,500.000,213.595,14.80,12.80
4125,450.000,193.188,15.76,13.76
4126,300.000,145.861,17.00,15.00
4127,200.000,122.085,18.45,16.45
4128,250.000,133.424,20.00,18.00
4129,350.000,159.660,21.55,19.55
4130,500.000,213.595,23.00,21.00
4131,450.000,193.188,24.24,22.24
4132,300.000,145.946,25.20,23.20
4133,200.000,122.375,25.80,23.80
4134,250.000,133.822,26.00,24.00
4135,350.000,160.031,25.80,23.80
4136,500.000,213.707,25.20,23.20
4137,450.000,193.188,24.24,22.24
4138,300.000,145.861,23.00,21.00
4139,200.000,122.085,21.55,19.55
4140,250.000,133.424,20.00,18.00
4141,350.000,159.660,18.45,16.45
4142,500.000,213.595,17.00,15.00
4143,450.000,193.188,15.76,13.76
4144,300.000,145.861,14.80,12.80
4145,200.000,122.085,14.20,12.20
4146,250.000,133.424,14.00,12.00
4147,350.000,159.660,14.20,12.20
4148,500.000,213.595,14.80,12.80
4149,450.000,193.188,15.76,13.76
4150,300.000,145.861,17.00,15.00
4151,200.000,122.085,18.45,16.45
4152,250.000,133.424,20.00,18.00
4153,350.000,159.660,21.55,19.55
4154,500.000,213.595,23.00,21.00
4155,450.000,193.188,24.24,22.24
4156,300.000,145.946,25.20,23.20
4157,200.000,122.375,25.80,23.80
4158,250.000,133.822,26.00,24.00
4159,350.000,160.031,25.80,23.80
4160,500.000,213.707,25.20,23.20
4161,450.000,193.188,24.24,22.24
4162,300.000,145.861,23.00,21.00
4163,200.000,122.085,21.55,19.55
4164,250.000,133.424,20.00,18.00
4165,350.000,159.660,18.45,16.45
4166,500.000,213.595,17.00,15.00
4167,450.000,193.188,15.76,13.76
4168,300.000,145.861,14.80,12.80
4169,200.000,122.085,14.20,12.20
4170,250.000,133.424,14.00,12.00
4171,350.000,159.660,14.20,12.20
4172,500.000,213.595,14.80,12.80
4173,450.000,193.188,15.76,13.76
4174,300.000,145.861,17.00,15.00
4175,200.000,122.085,18.45,16.45
4176,250.000,133.424,20.00,18.00
4177,350.000,159.660,21.55,19.55
4178,500.000,213.595,23.00,21.00
4179,450.000,193.188,24.24,22.24
4180,300.000,145.946,25.20,23.20
4181,200.000,122.375,25.80,23.80
4182,250.000,133.822,26.00,24.00
4183,350.000,160.031,25.80,23.80
4184,500.000,213.707,25.20,23.20
4185,450.000,193.188,24.24,22.24
4186,300.000,145.861,23.00,21.00
4187,200.000,122.085,21.55,19.55
4188,250.000,133.424,20.00,18.00
4189,350.000,159.660,18.45,16.45
4190,500.000,213.595,17.00,15.00
4191,450.000,193.188,15.76,13.76
4192,300.000,145.861,14.80,12.80
4193,200.000,122.085,14.20,12.20
4194,250.000,133.424,14.00,12.00
4195,350.000,159.660,14.20,12.20
4196,500.000,213.595,14.80,12.80
4197,450.000,193.188,15.76,13.76
4198,300.000,145.861,17.00,15.00
4199,200.000,122.085,18.45,16.45
4200,250.000,133.424,20.00,18.00
4201,350.000,159.660,21.55,19.55
4202,500.000,213.595,23.00,21.00
4203,450.000,193.188,24.24,22.24
4204,300.000,145.946,25.20,23.20
4205,200.000,122.375,25.80,23.80
4206,250.000,133.822,26.00,24.00
4207,350.000,160.031,25.80,23.80
4208,500.000,213.707,25.20,23.20
4209,450.000,193.188,24.24,22.24
4210,300.000,145.861,23.00,21.00
4211,200.000,122.085,21.55,19.55
4212,250.000,133.424,20.00,18.00
4213,350.000,159.660,18.45,16.45
4214,500.000,213.595,17.00,15.00
4215,450.000,193.188,15.76,13.76
4216,300.000,145.861,14.80,12.80
4217,200.000,122.085,14.20,12.20
4218,250.000,133.424,14.00,12.00
4219,350.000,159.660,14.20,12.20
4220,500.000,213.595,14.80,12.80
4221,450.000,193.188,15.76,13.76
4222,300.000,145.861,17.00,15.00
4223,200.000,122.085,18.45,16.45
4224,250.000,133.424,20.00,18.00
4225,350.000,159.660,21.55,19.55
4226,500.000,213.595,23.00,21.00
4227,450.000,193.188,24.24,22.24
4228,300.000,145.946,25.20,23.20
4229,200.000,122.375,25.80,23.80
4230,250.000,133.822,26.00,24.00
4231,350.000,160.031,25.80,23.80
4232,500.000,213.707,25.20,23.20
4233,450.000,193.188,24.24,22.24
4234,300.000,145.861,23.00,21.00
4235,200.000,122.085,21.55,19.55
4236,250.000,133.424,20.00,18.00
4237,350.000,159.660,18.45,16.45
4238,500.000,213.595,17.00,15.00
4239,450.000,193.188,15.76,13.76
4240,300.000,145.861,14.80,12.80
4241,200.000,122.085,14.20,12.20
4242,250.000,133.424,14.00,12.00
4243,350.000,159.660,14.20,12.20
4244,500.000,213.595,14.80,12.80
4245,450.000,193.188,15.76,13.76
4246,300.000,145.861,17.00,15.00
4247,200.000,122.085,18.45,16.45
4248,250.000,133.424,20.00,18.00
4249,350.000,159.660,21.55,19.55
4250,500.000,213.595,23.00,21.00
4251,450.000,193.188,24.24,22.24
4252,300.000,145.946,25.20,23.20
4253,200.000,122.375,25.80,23.80
4254,250.000,133.822,26.00,24.00
4255,350.000,160.031,25.80,23.80
4256,500.000,213.707,25.20,23.20
4257,450.000,193.188,24.24,22.24
4258,300.000,145.861,23.00,21.00
4259,200.000,122.085,21.55,19.55
4260,250.000,133.424,20.00,18.00
4261,350.000,159.660,18.45,16.45
4262,500.000,213.595,17.00,15.00
4263,450.000,193.188,15.76,13.76
4264,300.000,145.861,14.80,12.80
4265,200.000,122.085,14.20,12.20
4266,250.000,133.424,14.00,12.00
4267,350.000,159.660,14.20,12.20
4268,500.000,213.595,14.80,12.80
4269,450.000,193.188,15.76,13.76
4270,300.000,145.861,17.00,15.00
4271,200.000,122.085,18.45,16.45
4272,250.000,133.424,20.00,18.00
4273,350.000,159.660,21.55,19.55
4274,500.000,213.595,23.00,21.00
4275,450.000,193.188,24.24,22.24
4276,300.000,145.946,25.20,23.20
4277,200.000,122.375,25.80,23.80
4278,250.000,133.822,26.00,24.00
4279,350.000,160.031,25.80,23.80
4280,500.000,213.707,25.20,23.20
4281,450.000,193.188,24.24,22.24
4282,300.000,145.861,23.00,21.00
4283,200.000,122.085,21.55,19.55
4284,250.000,133.424,20.00,18.00
4285,350.000,159.660,18.45,16.45
4286,500.000,213.595,17.00,15.00
4287,450.000,193.188,15.76,13.76
4288,300.000,145.861,14.80,12.80
4289,200.000,122.085,14.20,12.20
4290,250.000,133.424,14.00,12.00
4291,350.000,159.660,14.20,12.20
4292,500.000,213.595,14.80,12.80
4293,450.000,193.188,15.76,13.76
4294,300.000,145.861,17.00,15.00
4295,200.000,122.085,18.45,16.45
4296,250.000,133.424,20.00,18.00
4297,350.000,159.660,21.55,19.55
4298,500.000,213.595,23.00,21.00
4299,450.000,193.188,24.24,22.24
4300,300.000,145.946,25.20,23.20
4301,200.000,122.375,25.80,23.80
4302,250.000,133.822,26.00,24.00
4303,350.000,160.031,25.80,23.80
4304,500.000,213.707,25.20,23.20
4305,450.000,193.188,24.24,22.24
4306,300.000,145.861,23.00,21.00
4307,200.000,122.085,21.55,19.55
4308,250.000,133.424,20.00,18.00
4309,350.000,159.660,18.45,16.45
4310,500.000,213.595,17.00,15.00
4311,450.000,193.188,15.76,13.76
4312,300.000,145.861,14.80,12.80
4313,200.000,122.085,14.20,12.20
4314,250.000,133.424,14.00,12.00
4315,350.000,159.660,14.20,12.20
4316,500.000,213.595,14.80,12.80
4317,450.000,193.188,15.76,13.76
4318,300.000,145.861,17.00,15.00
4319,200.000,122.085,18.45,16.45
4320,250.000,133.424,20.00,18.00
4321,350.000,159.660,21.55,19.55
4322,500.000,213.595,23.00,21.00
4323,450.000,193.188,24.24,22.24
4324,300.000,145.946,25.20,23.20
4325,200.000,122.375,25.80,23.80
4326,250.000,133.822,26.00,24.00
4327,350.000,160.031,25.80,23.80
4328,500.000,213.707,25.20,23.20
4329,450.000,193.188,24.24,22.24
4330,300.000,145.861,23.00,21.00
4331,200.000,122.085,21.55,19.55
4332,250.000,133.424,20.00,18.00
4333,350.000,159.660,18.45,16.45
4334,500.000,213.595,17.00,15.00
4335,450.000,193.188,15.76,13.76
4336,300.000,145.861,14.80,12.80
4337,200.000,122.085,14.20,12.20
4338,250.000,133.424,14.00,12.00
4339,350.000,159.660,14.20,12.20
4340,500.000,213.595,14.80,12.80
4341,450.000,193.188,15.76,13.76
4342,300.000,145.861,17.00,15.00
4343,200.000,122.085,18.45,16.45
4344,250.000,133.424,20.00,18.00
4345,350.000,159.660,21.55,19.55
4346,500.000,213.595,23.00,21.00
4347,450.000,193.188,24.24,22.24
4348,300.000,145.946,25.20,23.20
4349,200.000,122.375,25.80,23.80
4350,250.000,133.822,26.00,24.00
4351,350.000,160.031,25.80,23.80
4352,500.000,213.707,25.20,23.20
4353,450.000,193.188,24.24,22.24
4354,300.000,145.861,23.00,21.00
4355,200.000,122.085,21.55,19.55
4356,250.000,133.424,20.00,18.00
4357,350.000,159.660,18.45,16.45
4358,500.000,213.595,17.00,15.00
4359,450.000,193.188,15.76,13.76
4360,300.000,145.861,14.80,12.80
4361,200.000,122.085,14.20,12.20
4362,250.000,133.424,14.00,12.00
4363,350.000,159.660,14.20,12.20
4364,500.000,213.595,14.80,12.80
4365,450.000,193.188,15.76,13.76
4366,300.000,145.861,17.00,15.00
4367,200.000,122.085,18.45,16.45
4368,250.000,133.424,20.00,18.00
4369,350.000,159.660,21.55,19.55
4370,500.000,213.595,23.00,21.00
4371,450.000,193.188,24.24,22.24
4372,300.000,145.946,25.20,23.20
4373,200.000,122.375,25.80,23.80
4374,250.000,133.822,26.00,24.00
4375,350.000,160.031,25.80,23.80
4376,500.000,213.707,25.20,23.20
4377,450.000,193.188,24.24,22.24
4378,300.000,145.861,23.00,21.00
4379,200.000,122.085,21.55,19.55
4380,250.000,133.424,20.00,18.00
4381,350.000,159.660,18.45,16.45
4382,500.000,213.595,17.00,15.00
4383,450.000,193.188,15.76,13.76
4384,300.000,145.861,14.80,12.80
4385,200.000,122.085,14.20,12.20
4386,250.000,133.424,14.00,12.00
4387,350.000,159.660,14.20,12.20
4388,500.000,213.595,14.80,12.80
4389,450.000,193.188,15.76,13.76
4390,300.000,145.861,17.00,15.00
4391,200.000,122.085,18.45,16.45
4392,250.000,133.424,20.00,18.00
4393,350.000,159.660,21.55,19.55
4394,500.000,213.595,23.00,21.00
4395,450.000,193.188,24.24,22.24
4396,300.000,145.946,25.20,23.20
4397,200.000,122.375,25.80,23.80
4398,250.000,133.822,26.00,24.00
4399,350.000,160.031,25.80,23.80
4400,500.000,213.707,25.20,23.20
4401,450.000,193.188,24.24,22.24
4402,300.000,145.861,23.00,21.00
4403,200.000,122.085,21.55,19.55
4404,250.000,133.424,20.00,18.00
4405,350.000,159.660,18.45,16.45
4406,500.000,213.595,17.00,15.00
4407,450.000,193.188,15.76,13.76
4408,300.000,145.861,14.80,12.80
4409,200.000,122.085,14.20,12.20
4410,250.000,133.424,14.00,12.00
4411,350.000,159.660,14.20,12.20
4412,500.000,213.595,14.80,12.80
4413,450.000,193.188,15.76,13.76
4414,300.000,145.861,17.00,15.00
4415,200.000,122.085,18.45,16.45
4416,250.000,133.424,20.00,18.00
4417,350.000,159.660,21.55,19.55
4418,500.000,213.595,23.00,21.00
4419,450.000,193.188,24.24,22.24
4420,300.000,145.946,25.20,23.20
4421,200.000,122.375,25.80,23.80
4422,250.000,133.822,26.00,24.00
4423,350.000,160.031,25.80,23.80
4424,500.000,213.707,25.20,23.20
4425,450.000,193.188,24.24,22.24
4426,300.000,145.861,23.00,21.00
4427,200.000,122.085,21.55,19.55
4428,250.000,133.424,20.00,18.00
4429,350.000,159.660,18.45,16.45
4430,500.000,213.595,17.00,15.00
4431,450.000,193.188,15.76,13.76
4432,300.000,145.861,14.80,12.80
4433,200.000,122.085,14.20,12.20
4434,250.000,133.424,14.00,12.00
4435,350.000,159.660,14.20,12.20
4436,500.000,213.595,14.80,12.80
4437,450.000,193.188,15.76,13.76
4438,300.000,145.861,17.00,15.00
4439,200.000,122.085,18.45,16.45
4440,250.000,133.424,20.00,18.00
4441,350.000,159.660,21.55,19.55
4442,500.000,213.595,23.00,21.00
4443,450.000,193.188,24.24,22.24
4444,300.000,145.946,25.20,23.20
4445,200.000,122.375,25.80,23.80
4446,250.000,133.822,26.00,24.00
4447,350.000,160.031,25.80,23.80
4448,500.000,213.707,25.20,23.20
4449,450.000,193.188,24.24,22.24
4450,300.000,145.861,23.00,21.00
4451,200.000,122.085,21.55,19.55
4452,250.000,133.424,20.00,18.00
4453,350.000,159.660,18.45,16.45
4454,500.000,213.595,17.00,15.00
4455,450.000,193.188,15.76,13.76
4456,300.000,145.861,14.80,12.80
4457,200.000,122.085,14.20,12.20
4458,250.000,133.424,14.00,12.00
4459,350.000,159.660,14.20,12.20
4460,500.000,213.595,14.80,12.80
4461,450.000,193.188,15.76,13.76
4462,300.000,145.861,17.00,15.00
4463,200.000,122.085,18.45,16.45
4464,250.000,133.424,20.00,18.00
4465,350.000,159.660,21.55,19.55
4466,500.000,213.595,23.00,21.00
4467,450.000,193.188,24.24,22.24
4468,300.000,145.946,25.20,23.20
4469,200.000,122.375,25.80,23.80
4470,250.000,133.822,26.00,24.00
4471,350.000,160.031,25.80,23.80
4472,500.000,213.707,25.20,23.20
4473,450.000,193.188,24.24,22.24
4474,300.000,145.861,23.00,21.00
4475,200.000,122.085,21.55,19.55
4476,250.000,133.424,20.00,18.00
4477,350.000,159.660,18.45,16.45
4478,500.000,213.595,17.00,15.00
4479,450.000,193.188,15.76,13.76
4480,300.000,145.861,14.80,12.80
4481,200.000,122.085,14.20,12.20
4482,250.000,133.424,14.00,12.00
4483,350.000,159.660,14.20,12.20
4484,500.000,213.595,14.80,12.80
4485,450.000,193.188,15.76,13.76
4486,300.000,145.861,17.00,15.00
4487,200.000,122.085,18.45,16.45
4488,250.000,133.424,20.00,18.00
4489,350.000,159.660,21.55,19.55
4490,500.000,213.595,23.00,21.00
4491,450.000,193.188,24.24,22.24
4492,300.000,145.946,25.20,23.20
4493,200.000,122.375,25.80,23.80
4494,250.000,133.822,26.00,24.00
4495,350.000,160.031,25.80,23.80
4496,500.000,213.707,25.20,23.20
4497,450.000,193.188,24.24,22.24
4498,300.000,145.861,23.00,21.00
4499,200.000,122.085,21.55,19.55
4500,250.000,133.424,20.00,18.00
4501,350.000,159.660,18.45,16.45
4502,500.000,213.595,17.00,15.00
4503,450.000,193.188,15.76,13.76
4504,300.000,145.861,14.80,12.80
4505,200.000,122.085,14.20,12.20
4506,250.000,133.424,14.00,12.00
4507,350.000,159.660,14.20,12.20
4508,500.000,213.595,14.80,12.80
4509,450.000,193.188,15.76,13.76
4510,300.000,145.861,17.00,15.00
4511,200.000,122.085,18.45,16.45
4512,250.000,133.424,20.00,18.00
4513,350.000,159.660,21.55,19.55
4514,500.000,213.595,23.00,21.00
4515,450.000,193.188,24.24,22.24
4516,300.000,145.946,25.20,23.20
4517,200.000,122.375,25.80,23.80
4518,250.000,133.822,26.00,24.00
4519,350.000,160.031,25.80,23.80
4520,500.000,213.707,25.20,23.20
4521,450.000,193.188,24.24,22.24
4522,300.000,145.861,23.00,21.00
4523,200.000,122.085,21.55,19.55
4524,250.000,133.424,20.00,18.00
4525,350.000,159.660,18.45,16.45
4526,500.000,213.595,17.00,15.00
4527,450.000,193.188,15.76,13.76
4528,300.000,145.861,14.80,12.80
4529,200.000,122.085,14.20,12.20
4530,250.000,133.424,14.00,12.00
4531,350.000,159.660,14.20,12.20
4532,500.000,213.595,14.80,12.80
4533,450.000,193.188,15.76,13.76
4534,300.000,145.861,17.00,15.00
4535,200.000,122.085,18.45,16.45
4536,250.000,133.424,20.00,18.00
4537,350.000,159.660,21.55,19.55
4538,500.000,213.595,23.00,21.00
4539,450.000,193.188,24.24,22.24
4540,300.000,145.946,25.20,23.20
4541,200.000,122.375,25.80,23.80
4542,250.000,133.822,26.00,24.00
4543,350.000,160.031,25.80,23.80
4544,500.000,213.707,25.20,23.20
4545,450.000,193.188,24.24,22.24
4546,300.000,145.861,23.00,21.00
4547,200.000,122.085,21.55,19.55
4548,250.000,133.424,20.00,18.00
4549,350.000,159.660,18.45,16.45
4550,500.000,213.595,17.00,15.00
4551,450.000,193.188,15.76,13.76
4552,300.000,145.861,14.80,12.80
4553,200.000,122.085,14.20,12.20
4554,250.000,133.424,14.00,12.00
4555,350.000,159.660,14.20,12.20
4556,500.000,213.595,14.80,12.80
4557,450.000,193.188,15.76,13.76
4558,300.000,145.861,17.00,15.00
4559,200.000,122.085,18.45,16.45
4560,250.000,133.424,20.00,18.00
4561,350.000,159.660,21.55,19.55
4562,500.000,213.595,23.00,21.00
4563,450.000,193.188,24.24,22.24
4564,300.000,145.946,25.20,23.20
4565,200.000,122.375,25.80,23.80
4566,250.000,133.822,26.00,24.00
4567,350.000,160.031,25.80,23.80
4568,500.000,213.707,25.20,23.20
4569,450.000,193.188,24.24,22.24
4570,300.000,145.861,23.00,21.00
4571,200.000,122.085,21.55,19.55
4572,250.000,133.424,20.00,18.00
4573,350.000,159.660,18.45,16.45
4574,500.000,213.595,17.00,15.00
4575,450.000,193.188,15.76,13.76
4576,300.000,145.861,14.80,12.80
4577,200.000,122.085,14.20,12.20
4578,250.000,133.424,14.00,12.00
4579,350.000,159.660,14.20,12.20
4580,500.000,213.595,14.80,12.80
4581,450.000,193.188,15.76,13.76
4582,300.000,145.861,17.00,15.00
4583,200.000,122.085,18.45,16.45
4584,250.000,133.424,20.00,18.00
4585,350.000,159.660,21.55,19.55
4586,500.000,213.595,23.00,21.00
4587,450.000,193.188,24.24,22.24
4588,300.000,145.946,25.20,23.20
4589,200.000,122.375,25.80,23.80
4590,250.000,133.822,26.00,24.00
4591,350.000,160.031,25.80,23.80
4592,500.000,213.707,25.20,23.20
4593,450.000,193.188,24.24,22.24
4594,300.000,145.861,23.00,21.00
4595,200.000,122.085,21.55,19.55
4596,250.000,133.424,20.00,18.00
4597,350.000,159.660,18.45,16.45
4598,500.000,213.595,17.00,15.00
4599,450.000,193.188,15.76,13.76
4600,300.000,145.861,14.80,12.80
4601,200.000,122.085,14.20,12.20
4602,250.000,133.424,14.00,12.00
4603,350.000,159.660,14.20,12.20
4604,500.000,213.595,14.80,12.80
4605,450.000,193.188,15.76,13.76
4606,300.000,145.861,17.00,15.00
4607,200.000,122.085,18.45,16.45
4608,250.000,133.424,20.00,18.00
4609,350.000,159.660,21.55,19.55
4610,500.000,213.595,23.00,21.00
4611,450.000,193.188,24.24,22.24
4612,300.000,145.946,25.20,23.20
4613,200.000,122.375,25.80,23.80
4614,250.000,133.822,26.00,24.00
4615,350.000,160.031,25.80,23.80
4616,500.000,213.707,25.20,23.20
4617,450.000,193.188,24.24,22.24
4618,300.000,145.861,23.00,21.00
4619,200.000,122.085,21.55,19.55
4620,250.000,133.424,20.00,18.00
4621,350.000,159.660,18.45,16.45
4622,500.000,213.595,17.00,15.00
4623,450.000,193.188,15.76,13.76
4624,300.000,145.861,14.80,12.80
4625,200.000,122.085,14.20,12.20
4626,250.000,133.424,14.00,12.00
4627,350.000,159.660,14.20,12.20
4628,500.000,213.595,14.80,12.80
4629,450.000,193.188,15.76,13.76
4630,300.000,145.861,17.00,15.00
4631,200.000,122.085,18.45,16.45
4632,250.000,133.424,20.00,18.00
4633,350.000,159.660,21.55,19.55
4634,500.000,213.595,23.00,21.00
4635,450.000,193.188,24.24,22.24
4636,300.000,145.946,25.20,23.20
4637,200.000,122.375,25.80,23.80
4638,250.000,133.822,26.00,24.00
4639,350.000,160.031,25.80,23.80
4640,500.000,213.707,25.20,23.20
4641,450.000,193.188,24.24,22.24
4642,300.000,145.861,23.00,21.00
4643,200.000,122.085,21.55,19.55
4644,250.000,133.424,20.00,18.00
4645,350.000,159.660,18.45,16.45
4646,500.000,213.595,17.00,15.00
4647,450.000,193.188,15.76,13.76
4648,300.000,145.861,14.80,12.80
4649,200.000,122.085,14.20,12.20
4650,250.000,133.424,14.00,12.00
4651,350.000,159.660,14.20,12.20
4652,500.000,213.595,14.80,12.80
4653,450.000,193.188,15.76,13.76
4654,300.000,145.861,17.00,15.00
4655,200.000,122.085,18.45,16.45
4656,250.000,133.424,20.00,18.00
4657,350.000,159.660,21.55,19.55
4658,500.000,213.595,23.00,21.00
4659,450.000,193.188,24.24,22.24
4660,300.000,145.946,25.20,23.20
4661,200.000,122.375,25.80,23.80
4662,250.000,133.822,26.00,24.00
4663,350.000,160.031,25.80,23.80
4664,500.000,213.707,25.20,23.20
4665,450.000,193.188,24.24,22.24
4666,300.000,145.861,23.00,21.00
4667,200.000,122.085,21.55,19.55
4668,250.000,133.424,20.00,18.00
4669,350.000,159.660,18.45,16.45
4670,500.000,213.595,17.00,15.00
4671,450.000,193.188,15.76,13.76
4672,300.000,145.861,14.80,12.80
4673,200.000,122.085,14.20,12.20
4674,250.000,133.424,14.00,12.00
4675,350.000,159.660,14.20,12.20
4676,500.000,213.595,14.80,12.80
4677,450.000,193.188,15.76,13.76
4678,300.000,145.861,17.00,15.00
4679,200.000,122.085,18.45,16.45
4680,250.000,133.424,20.00,18.00
4681,350.000,159.660,21.55,19.55
4682,500.000,213.595,23.00,21.00
4683,450.000,193.188,24.24,22.24
4684,300.000,145.946,25.20,23.20
4685,200.000,122.375,25.80,23.80
4686,250.000,133.822,26.00,24.00
4687,350.000,160.031,25.80,23.80
4688,500.000,213.707,25.20,23.20
4689,450.000,193.188,24.24,22.24
4690,300.000,145.861,23.00,21.00
4691,200.000,122.085,21.55,19.55
4692,250.000,133.424,20.00,18.00
4693,350.000,159.660,18.45,16.45
4694,500.000,213.595,17.00,15.00
4695,450.000,193.188,15.76,13.76
4696,300.000,145.861,14.80,12.80
4697,200.000,122.085,14.20,12.20
4698,250.000,133.424,14.00,12.00
4699,350.000,159.660,14.20,12.20
4700,500.000,213.595,14.80,12.80
4701,450.000,193.188,15.76,13.76
4702,300.000,145.861,17.00,15.00
4703,200.000,122.085,18.45,16.45
4704,250.000,133.424,20.00,18.00
4705,350.000,159.660,21.55,19.55
4706,500.000,213.595,23.00,21.00
4707,450.000,193.188,24.24,22.24
4708,300.000,145.946,25.20,23.20
4709,200.000,122.375,25.80,23.80
4710,250.000,133.822,26.00,24.00
4711,350.000,160.031,25.80,23.80
4712,500.000,213.707,25.20,23.20
4713,450.000,193.188,24.24,22.24
4714,300.000,145.861,23.00,21.00
4715,200.000,122.085,21.55,19.55
4716,250.000,133.424,20.00,18.00
4717,350.000,159.660,18.45,16.45
4718,500.000,213.595,17.00,15.00
4719,450.000,193.188,15.76,13.76
4720,300.000,145.861,14.80,12.80
4721,200.000,122.085,14.20,12.20
4722,250.000,133.424,14.00,12.00
4723,350.000,159.660,14.20,12.20
4724,500.000,213.595,14.80,12.80
4725,450.000,193.188,15.76,13.76
4726,300.000,145.861,17.00,15.00
4727,200.000,122.085,18.45,16.45
4728,250.000,133.424,20.00,18.00
4729,350.000,159.660,21.55,19.55
4730,500.000,213.595,23.00,21.00
4731,450.000,193.188,24.24,22.24
4732,300.000,145.946,25.20,23.20
4733,200.000,122.375,25.80,23.80
4734,250.000,133.822,26.00,24.00
4735,350.000,160.031,25.80,23.80
4736,500.000,213.707,25.20,23.20
4737,450.000,193.188,24.24,22.24
4738,300.000,145.861,23.00,21.00
4739,200.000,122.085,21.55,19.55
4740,250.000,133.424,20.00,18.00
4741,350.000,159.660,18.45,16.45
4742,500.000,213.595,17.00,15.00
4743,450.000,193.188,15.76,13.76
4744,300.000,145.861,14.80,12.80
4745,200.000,122.085,14.20,12.20
4746,250.000,133.424,14.00,12.00
4747,350.000,159.660,14.20,12.20
4748,500.000,213.595,14.80,12.80
4749,450.000,193.188,15.76,13.76
4750,300.000,145.861,17.00,15.00
4751,200.000,122.085,18.45,16.45
4752,250.000,133.424,20.00,18.00
4753,350.000,159.660,21.55,19.55
4754,500.000,213.595,23.00,21.00
4755,450.000,193.188,24.24,22.24
4756,300.000,145.946,25.20,23.20
4757,200.000,122.375,25.80,23.80
4758,250.000,133.822,26.00,24.00
4759,350.000,160.031,25.80,23.80
4760,500.000,213.707,25.20,23.20
4761,450.000,193.188,24.24,22.24
4762,300.000,145.861,23.00,21.00
4763,200.000,122.085,21.55,19.55
4764,250.000,133.424,20.00,18.00
4765,350.000,159.660,18.45,16.45
4766,500.000,213.595,17.00,15.00
4767,450.000,193.188,15.76,13.76
4768,300.000,145.861,14.80,12.80
4769,200.000,122.085,14.20,12.20
4770,250.000,133.424,14.00,12.00
4771,350.000,159.660,14.20,12.20
4772,500.000,213.595,14.80,12.80
4773,450.000,193.188,15.76,13.76
4774,300.000,145.861,17.00,15.00
4775,200.000,122.085,18.45,16.45
4776,250.000,133.424,20.00,18.00
4777,350.000,159.660,21.55,19.55
4778,500.000,213.595,23.00,21.00
4779,450.000,193.188,24.24,22.24
4780,300.000,145.946,25.20,23.20
4781,200.000,122.375,25.80,23.80
4782,250.000,133.822,26.00,24.00
4783,350.000,160.031,25.80,23.80
4784,500.000,213.707,25.20,23.20
4785,450.000,193.188,24.24,22.24
4786,300.000,145.861,23.00,21.00
4787,200.000,122.085,21.55,19.55
4788,250.000,133.424,20.00,18.00
4789,350.000,159.660,18.45,16.45
4790,500.000,213.595,17.00,15.00
4791,450.000,193.188,15.76,13.76
4792,300.000,145.861,14.80,12.80
4793,200.000,122.085,14.20,12.20
4794,250.000,133.424,14.00,12.00
4795,350.000,159.660,14.20,12.20
4796,500.000,213.595,14.80,12.80
4797,450.000,193.188,15.76,13.76
4798,300.000,145.861,17.00,15.00
4799,200.000,122.085,18.45,16.45
4800,250.000,133.424,20.00,18.00
4801,350.000,159.660,21.55,19.55
4802,500.000,213.595,23.00,21.00
4803,450.000,193.188,24.24,22.24
4804,300.000,145.946,25.20,23.20
4805,200.000,122.375,25.80,23.80
4806,250.000,133.822,26.00,24.00
4807,350.000,160.031,25.80,23.80
4808,500.000,213.707,25.20,23.20
4809,450.000,193.188,24.24,22.24
4810,300.000,145.861,23.00,21.00
4811,200.000,122.085,21.55,19.55
4812,250.000,133.424,20.00,18.00
4813,350.000,159.660,18.45,16.45
4814,500.000,213.595,17.00,15.00
4815,450.000,193.188,15.76,13.76
4816,300.000,145.861,14.80,12.80
4817,200.000,122.085,14.20,12.20
4818,250.000,133.424,14.00,12.00
4819,350.000,159.660,14.20,12.20
4820,500.000,213.595,14.80,12.80
4821,450.000,193.188,15.76,13.76
4822,300.000,145.861,17.00,15.00
4823,200.000,122.085,18.45,16.45
4824,250.000,133.424,20.00,18.00
4825,350.000,159.660,21.55,19.55
4826,500.000,213.595,23.00,21.00
4827,450.000,193.188,24.24,22.24
4828,300.000,145.946,25.20,23.20
4829,200.000,122.375,25.80,23.80
4830,250.000,133.822,26.00,24.00
4831,350.000,160.031,25.80,23.80
4832,500.000,213.707,25.20,23.20
4833,450.000,193.188,24.24,22.24
4834,300.000,145.861,23.00,21.00
4835,200.000,122.085,21.55,19.55
4836,250.000,133.424,20.00,18.00
4837,350.000,159.660,18.45,16.45
4838,500.000,213.595,17.00,15.00
4839,450.000,193.188,15.76,13.76
4840,300.000,145.861,14.80,12.80
4841,200.000,122.085,14.20,12.20
4842,250.000,133.424,14.00,12.00
4843,350.000,159.660,14.20,12.20
4844,500.000,213.595,14.80,12.80
4845,450.000,193.188,15.76,13.76
4846,300.000,145.861,17.00,15.00
4847,200.000,122.085,18.45,16.45
4848,250.000,133.424,20.00,18.00
4849,350.000,159.660,21.55,19.55
4850,500.000,213.595,23.00,21.00
4851,450.000,193.188,24.24,22.24
4852,300.000,145.946,25.20,23.20
4853,200.000,122.375,25.80,23.80
4854,250.000,133.822,26.00,24.00
4855,350.000,160.031,25.80,23.80
4856,500.000,213.707,25.20,23.20
4857,450.000,193.188,24.24,22.24
4858,300.000,145.861,23.00,21.00
4859,200.000,122.085,21.55,19.55
4860,250.000,133.424,20.00,18.00
4861,350.000,159.660,18.45,16.45
4862,500.000,213.595,17.00,15.00
4863,450.000,193.188,15.76,13.76
4864,300.000,145.861,14.80,12.80
4865,200.000,122.085,14.20,12.20
4866,250.000,133.424,14.00,12.00
4867,350.000,159.660,14.20,12.20
4868,500.000,213.595,14.80,12.80
4869,450.000,193.188,15.76,13.76
4870,300.000,145.861,17.00,15.00
4871,200.000,122.085,18.45,16.45
4872,250.000,133.424,20.00,18.00
4873,350.000,159.660,21.55,19.55
4874,500.000,213.595,23.00,21.00
4875,450.000,193.188,24.24,22.24
4876,300.000,145.946,25.20,23.20
4877,200.000,122.375,25.80,23.80
4878,250.000,133.822,26.00,24.00
4879,350.000,160.031,25.80,23.80
4880,500.000,213.707,25.20,23.20
4881,450.000,193.188,24.24,22.24
4882,300.000,145.861,23.00,21.00
4883,200.000,122.085,21.55,19.55
4884,250.000,133.424,20.00,18.00
4885,350.000,159.660,18.45,16.45
4886,500.000,213.595,17.00,15.00
4887,450.000,193.188,15.76,13.76
4888,300.000,145.861,14.80,12.80
4889,200.000,122.085,14.20,12.20
4890,250.000,133.424,14.00,12.00
4891,350.000,159.660,14.20,12.20
4892,500.000,213.595,14.80,12.80
4893,450.000,193.188,15.76,13.76
4894,300.000,145.861,17.00,15.00
4895,200.000,122.085,18.45,16.45
4896,250.000,133.424,20.00,18.00
4897,350.000,159.660,21.55,19.55
4898,500.000,213.595,23.00,21.00
4899,450.000,193.188,24.24,22.24
4900,300.000,145.946,25.20,23.20
4901,200.000,122.375,25.80,23.80
4902,250.000,133.822,26.00,24.00
4903,350.000,160.031,25.80,23.80
4904,500.000,213.707,25.20,23.20
4905,450.000,193.188,24.24,22.24
4906,300.000,145.861,23.00,21.00
4907,200.000,122.085,21.55,19.55
4908,250.000,133.424,20.00,18.00
4909,350.000,159.660,18.45,16.45
4910,500.000,213.595,17.00,15.00
4911,450.000,193.188,15.76,13.76
4912,300.000,145.861,14.80,12.80
4913,200.000,122.085,14.20,12.20
4914,250.000,133.424,14.00,12.00
4915,350.000,159.660,14.20,12.20
4916,500.000,213.595,14.80,12.80
4917,450.000,193.188,15.76,13.76
4918,300.000,145.861,17.00,15.00
4919,200.000,122.085,18.45,16.45
4920,250.000,133.424,20.00,18.00
4921,350.000,159.660,21.55,19.55
4922,500.000,213.595,23.00,21.00
4923,450.000,193.188,24.24,22.24
4924,300.000,145.946,25.20,23.20
4925,200.000,122.375,25.80,23.80
4926,250.000,133.822,26.00,24.00
4927,350.000,160.031,25.80,23.80
4928,500.000,213.707,25.20,23.20
4929,450.000,193.188,24.24,22.24
4930,300.000,145.861,23.00,21.00
4931,200.000,122.085,21.55,19.55
4932,250.000,133.424,20.00,18.00
4933,350.000,159.660,18.45,16.45
4934,500.000,213.595,17.00,15.00
4935,450.000,193.188,15.76,13.76
4936,300.000,145.861,14.80,12.80
4937,200.000,122.085,14.20,12.20
4938,250.000,133.424,14.00,12.00
4939,350.000,159.660,14.20,12.20
4940,500.000,213.595,14.80,12.80
4941,450.000,193.188,15.76,13.76
4942,300.000,145.861,17.00,15.00
4943,200.000,122.085,18.45,16.45
4944,250.000,133.424,20.00,18.00
4945,350.000,159.660,21.55,19.55
4946,500.000,213.595,23.00,21.00
4947,450.000,193.188,24.24,22.24
4948,300.000,145.946,25.20,23.20
4949,200.000,122.375,25.80,23.80
4950,250.000,133.822,26.00,24.00
4951,350.000,160.031,25.80,23.80
4952,500.000,213.707,25.20,23.20
4953,450.000,193.188,24.24,22.24
4954,300.000,145.861,23.00,21.00
4955,200.000,122.085,21.55,19.55
4956,250.000,133.424,20.00,18.00
4957,350.000,159.660,18.45,16.45
4958,500.000,213.595,17.00,15.00
4959,450.000,193.188,15.76,13.76
4960,300.000,145.861,14.80,12.80
4961,200.000,122.085,14.20,12.20
4962,250.000,133.424,14.00,12.00
4963,350.000,159.660,14.20,12.20
4964,500.000,213.595,14.80,12.80
4965,450.000,193.188,15.76,13.76
4966,300.000,145.861,17.00,15.00
4967,200.000,122.085,18.45,16.45
4968,250.000,133.424,20.00,18.00
4969,350.000,159.660,21.55,19.55
4970,500.000,213.595,23.00,21.00
4971,450.000,193.188,24.24,22.24
4972,300.000,145.946,25.20,23.20
4973,200.000,122.375,25.80,23.80
4974,250.000,133.822,26.00,24.00
4975,350.000,160.031,25.80,23.80
4976,500.000,213.707,25.20,23.20
4977,450.000,193.188,24.24,22.24
4978,300.000,145.861,23.00,21.00
4979,200.000,122.085,21.55,19.55
4980,250.000,133.424,20.00,18.00
4981,350.000,159.660,18.45,16.45
4982,500.000,213.595,17.00,15.00
4983,450.000,193.188,15.76,13.76
4984,300.000,145.861,14.80,12.80
4985,200.000,122.085,14.20,12.20
4986,250.000,133.424,14.00,12.00
4987,350.000,159.660,14.20,12.20
4988,500.000,213.595,14.80,12.80
4989,450.000,193.188,15.76,13.76
4990,300.000,145.861,17.00,15.00
4991,200.000,122.085,18.45,16.45
4992,250.000,133.424,20.00,18.00
4993,350.000,159.660,21.55,19.55
4994,500.000,213.595,23.00,21.00
4995,450.000,193.188,24.24,22.24
4996,300.000,145.946,25.20,23.20
4997,200.000,122.375,25.80,23.80
4998,250.000,133.822,26.00,24.00
4999,350.000,160.031,25.80,23.80
5000,500.000,213.707,25.20,23.20
5001,450.000,193.188,24.24,22.24
5002,300.000,145.861,23.00,21.00
5003,200.000,122.085,21.55,19.55
5004,250.000,133.424,20.00,18.00
5005,350.000,159.660,18.45,16.45
5006,500.000,213.595,17.00,15.00
5007,450.000,193.188,15.76,13.76
5008,300.000,145.861,14.80,12.80
5009,200.000,122.085,14.20,12.20
5010,250.000,133.424,14.00,12.00
5011,350.000,159.660,14.20,12.20
5012,500.000,213.595,14.80,12.80
5013,450.000,193.188,15.76,13.76
5014,300.000,145.861,17.00,15.00
5015,200.000,122.085,18.45,16.45
5016,250.000,133.424,20.00,18.00
5017,350.000,159.660,21.55,19.55
5018,500.000,213.595,23.00,21.00
5019,450.000,193.188,24.24,22.24
5020,300.000,145.946,25.20,23.20
5021,200.000,122.375,25.80,23.80
5022,250.000,133.822,26.00,24.00
5023,350.000,160.031,25.80,23.80
5024,500.000,213.707,25.20,23.20
5025,450.000,193.188,24.24,22.24
5026,300.000,145.861,23.00,21.00
5027,200.000,122.085,21.55,19.55
5028,250.000,133.424,20.00,18.00
5029,350.000,159.660,18.45,16.45
5030,500.000,213.595,17.00,15.00
5031,450.000,193.188,15.76,13.76
5032,300.000,145.861,14.80,12.80
5033,200.000,122.085,14.20,12.20
5034,250.000,133.424,14.00,12.00
5035,350.000,159.660,14.20,12.20
5036,500.000,213.595,14.80,12.80
5037,450.000,193.188,15.76,13.76
5038,300.000,145.861,17.00,15.00
5039,200.000,122.085,18.45,16.45
5040,250.000,133.424,20.00,18.00
5041,350.000,159.660,21.55,19.55
5042,500.000,213.595,23.00,21.00
5043,450.000,193.188,24.24,22.24
5044,300.000,145.946,25.20,23.20
5045,200.000,122.375,25.80,23.80
5046,250.000,133.822,26.00,24.00
5047,350.000,160.031,25.80,23.80
5048,500.000,213.707,25.20,23.20
5049,450.000,193.188,24.24,22.24
5050,300.000,145.861,23.00,21.00
5051,200.000,122.085,21.55,19.55
5052,250.000,133.424,20.00,18.00
5053,350.000,159.660,18.45,16.45
5054,500.000,213.595,17.00,15.00
5055,450.000,193.188,15.76,13.76
5056,300.000,145.861,14.80,12.80
5057,200.000,122.085,14.20,12.20
5058,250.000,133.424,14.00,12.00
5059,350.000,159.660,14.20,12.20
5060,500.000,213.595,14.80,12.80
5061,450.000,193.188,15.76,13.76
5062,300.000,145.861,17.00,15.00
5063,200.000,122.085,18.45,16.45
5064,250.000,133.424,20.00,18.00
5065,350.000,159.660,21.55,19.55
5066,500.000,213.595,23.00,21.00
5067,450.000,193.188,24.24,22.24
5068,300.000,145.946,25.20,23.20
5069,200.000,122.375,25.80,23.80
5070,250.000,133.822,26.00,24.00
5071,350.000,160.031,25.80,23.80
5072,500.000,213.707,25.20,23.20
5073,450.000,193.188,24.24,22.24
5074,300.000,145.861,23.00,21.00
5075,200.000,122.085,21.55,19.55
5076,250.000,133.424,20.00,18.00
5077,350.000,159.660,18.45,16.45
5078,500.000,213.595,17.00,15.00
5079,450.000,193.188,15.76,13.76
5080,300.000,145.861,14.80,12.80
5081,200.000,122.085,14.20,12.20
5082,250.000,133.424,14.00,12.00
5083,350.000,159.660,14.20,12.20
5084,500.000,213.595,14.80,12.80
5085,450.000,193.188,15.76,13.76
5086,300.000,145.861,17.00,15.00
5087,200.000,122.085,18.45,16.45
5088,250.000,133.424,20.00,18.00
5089,350.000,159.660,21.55,19.55
5090,500.000,213.595,23.00,21.00
5091,450.000,193.188,24.24,22.24
5092,300.000,145.946,25.20,23.20
5093,200.000,122.375,25.80,23.80
5094,250.000,133.822,26.00,24.00
5095,350.000,160.031,25.80,23.80
5096,500.000,213.707,25.20,23.20
5097,450.000,193.188,24.24,22.24
5098,300.000,145.861,23.00,21.00
5099,200.000,122.085,21.55,19.55
5100,250.000,133.424,20.00,18.00
5101,350.000,159.660,18.45,16.45
5102,500.000,213.595,17.00,15.00
5103,450.000,193.188,15.76,13.76
5104,300.000,145.861,14.80,12.80
5105,200.000,122.085,14.20,12.20
5106,250.000,133.424,14.00,12.00
5107,350.000,159.660,14.20,12.20
5108,500.000,213.595,14.80,12.80
5109,450.000,193.188,15.76,13.76
5110,300.000,145.861,17.00,15.00
5111,200.000,122.085,18.45,16.45
5112,250.000,133.424,20.00,18.00
5113,350.000,159.660,21.55,19.55
5114,500.000,213.595,23.00,21.00
5115,450.000,193.188,24.24,22.24
5116,300.000,145.946,25.20,23.20
5117,200.000,122.375,25.80,23.80
5118,250.000,133.822,26.00,24.00
5119,350.000,160.031,25.80,23.80
5120,500.000,213.707,25.20,23.20
5121,450.000,193.188,24.24,22.24
5122,300.000,145.861,23.00,21.00
5123,200.000,122.085,21.55,19.55
5124,250.000,133.424,20.00,18.00
5125,350.000,159.660,18.45,16.45
5126,500.000,213.595,17.00,15.00
5127,450.000,193.188,15.76,13.76
5128,300.000,145.861,14.80,12.80
5129,200.000,122.085,14.20,12.20
5130,250.000,133.424,14.00,12.00
5131,350.000,159.660,14.20,12.20
5132,500.000,213.595,14.80,12.80
5133,450.000,193.188,15.76,13.76
5134,300.000,145.861,17.00,15.00
5135,200.000,122.085,18.45,16.45
5136,250.000,133.424,20.00,18.00
5137,350.000,159.660,21.55,19.55
5138,500.000,213.595,23.00,21.00
5139,450.000,193.188,24.24,22.24
5140,300.000,145.946,25.20,23.20
5141,200.000,122.375,25.80,23.80
5142,250.000,133.822,26.00,24.00
5143,350.000,160.031,25.80,23.80
5144,500.000,213.707,25.20,23.20
5145,450.000,193.188,24.24,22.24
5146,300.000,145.861,23.00,21.00
5147,200.000,122.085,21.55,19.55
5148,250.000,133.424,20.00,18.00
5149,350.000,159.660,18.45,16.45
5150,500.000,213.595,17.00,15.00
5151,450.000,193.188,15.76,13.76
5152,300.000,145.861,14.80,12.80
5153,200.000,122.085,14.20,12.20
5154,250.000,133.424,14.00,12.00
5155,350.000,159.660,14.20,12.20
5156,500.000,213.595,14.80,12.80
5157,450.000,193.188,15.76,13.76
5158,300.000,145.861,17.00,15.00
5159,200.000,122.085,18.45,16.45
5160,250.000,133.424,20.00,18.00
5161,350.000,159.660,21.55,19.55
5162,500.000,213.595,23.00,21.00
5163,450.000,193.188,24.24,22.24
5164,300.000,145.946,25.20,23.20
5165,200.000,122.375,25.80,23.80
5166,250.000,133.822,26.00,24.00
5167,350.000,160.031,25.80,23.80
5168,500.000,213.707,25.20,23.20
5169,450.000,193.188,24.24,22.24
5170,300.000,145.861,23.00,21.00
5171,200.000,122.085,21.55,19.55
5172,250.000,133.424,20.00,18.00
5173,350.000,159.660,18.45,16.45
5174,500.000,213.595,17.00,15.00
5175,450.000,193.188,15.76,13.76
5176,300.000,145.861,14.80,12.80
5177,200.000,122.085,14.20,12.20
5178,250.000,133.424,14.00,12.00
5179,350.000,159.660,14.20,12.20
5180,500.000,213.595,14.80,12.80
5181,450.000,193.188,15.76,13.76
5182,300.000,145.861,17.00,15.00
5183,200.000,122.085,18.45,16.45
5184,250.000,133.424,20.00,18.00
5185,350.000,159.660,21.55,19.55
5186,500.000,213.595,23.00,21.00
5187,450.000,193.188,24.24,22.24
5188,300.000,145.946,25.20,23.20
5189,200.000,122.375,25.80,23.80
5190,250.000,133.822,26.00,24.00
5191,350.000,160.031,25.80,23.80
5192,500.000,213.707,25.20,23.20
5193,450.000,193.188,24.24,22.24
5194,300.000,145.861,23.00,21.00
5195,200.000,122.085,21.55,19.55
5196,250.000,133.424,20.00,18.00
5197,350.000,159.660,18.45,16.45
5198,500.000,213.595,17.00,15.00
5199,450.000,193.188,15.76,13.76
5200,300.000,145.861,14.80,12.80
5201,200.000,122.085,14.20,12.20
5202,250.000,133.424,14.00,12.00
5203,350.000,159.660,14.20,12.20
5204,500.000,213.595,14.80,12.80
5205,450.000,193.188,15.76,13.76
5206,300.000,145.861,17.00,15.00
5207,200.000,122.085,18.45,16.45
5208,250.000,133.424,20.00,18.00
5209,350.000,159.660,21.55,19.55
5210,500.000,213.595,23.00,21.00
5211,450.000,193.188,24.24,22.24
5212,300.000,145.946,25.20,23.20
5213,200.000,122.375,25.80,23.80
5214,250.000,133.822,26.00,24.00
5215,350.000,160.031,25.80,23.80
5216,500.000,213.707,25.20,23.20
5217,450.000,193.188,24.24,22.24
5218,300.000,145.861,23.00,21.00
5219,200.000,122.085,21.55,19.55
5220,250.000,133.424,20.00,18.00
5221,350.000,159.660,18.45,16.45
5222,500.000,213.595,17.00,15.00
5223,450.000,193.188,15.76,13.76
5224,300.000,145.861,14.80,12.80
5225,200.000,122.085,14.20,12.20
5226,250.000,133.424,14.00,12.00
5227,350.000,159.660,14.20,12.20
5228,500.000,213.595,14.80,12.80
5229,450.000,193.188,15.76,13.76
5230,300.000,145.861,17.00,15.00
5231,200.000,122.085,18.45,16.45
5232,250.000,133.424,20.00,18.00
5233,350.000,159.660,21.55,19.55
5234,500.000,213.595,23.00,21.00
5235,450.000,193.188,24.24,22.24
5236,300.000,145.946,25.20,23.20
5237,200.000,122.375,25.80,23.80
5238,250.000,133.822,26.00,24.00
5239,350.000,160.031,25.80,23.80
5240,500.000,213.707,25.20,23.20
5241,450.000,193.188,24.24,22.24
5242,300.000,145.861,23.00,21.00
5243,200.000,122.085,21.55,19.55
5244,250.000,133.424,20.00,18.00
5245,350.000,159.660,18.45,16.45
5246,500.000,213.595,17.00,15.00
5247,450.000,193.188,15.76,13.76
5248,300.000,145.861,14.80,12.80
5249,200.000,122.085,14.20,12.20
5250,250.000,133.424,14.00,12.00
5251,350.000,159.660,14.20,12.20
5252,500.000,213.595,14.80,12.80
5253,450.000,193.188,15.76,13.76
5254,300.000,145.861,17.00,15.00
5255,200.000,122.085,18.45,16.45
5256,250.000,133.424,20.00,18.00
5257,350.000,159.660,21.55,19.55
5258,500.000,213.595,23.00,21.00
5259,450.000,193.188,24.24,22.24
5260,300.000,145.946,25.20,23.20
5261,200.000,122.375,25.80,23.80
5262,250.000,133.822,26.00,24.00
5263,350.000,160.031,25.80,23.80
5264,500.000,213.707,25.20,23.20
5265,450.000,193.188,24.24,22.24
5266,300.000,145.861,23.00,21.00
5267,200.000,122.085,21.55,19.55
5268,250.000,133.424,20.00,18.00
5269,350.000,159.660,18.45,16.45
5270,500.000,213.595,17.00,15.00
5271,450.000,193.188,15.76,13.76
5272,300.000,145.861,14.80,12.80
5273,200.000,122.085,14.20,12.20
5274,250.000,133.424,14.00,12.00
5275,350.000,159.660,14.20,12.20
5276,500.000,213.595,14.80,12.80
5277,450.000,193.188,15.76,13.76
5278,300.000,145.861,17.00,15.00
5279,200.000,122.085,18.45,16.45
5280,250.000,133.424,20.00,18.00
5281,350.000,159.660,21.55,19.55
5282,500.000,213.595,23.00,21.00
5283,450.000,193.188,24.24,22.24
5284,300.000,145.946,25.20,23.20
5285,200.000,122.375,25.80,23.80
5286,250.000,133.822,26.00,24.00
5287,350.000,160.031,25.80,23.80
5288,500.000,213.707,25.20,23.20
5289,450.000,193.188,24.24,22.24
5290,300.000,145.861,23.00,21.00
5291,200.000,122.085,21.55,19.55
5292,250.000,133.424,20.00,18.00
5293,350.000,159.660,18.45,16.45
5294,500.000,213.595,17.00,15.00
5295,450.000,193.188,15.76,13.76
5296,300.000,145.861,14.80,12.80
5297,200.000,122.085,14.20,12.20
5298,250.000,133.424,14.00,12.00
5299,350.000,159.660,14.20,12.20
5300,500.000,213.595,14.80,12.80
5301,450.000,193.188,15.76,13.76
5302,300.000,145.861,17.00,15.00
5303,200.000,122.085,18.45,16.45
5304,250.000,133.424,20.00,18.00
5305,350.000,159.660,21.55,19.55
5306,500.000,213.595,23.00,21.00
5307,450.000,193.188,24.24,22.24
5308,300.000,145.946,25.20,23.20
5309,200.000,122.375,25.80,23.80
5310,250.000,133.822,26.00,24.00
5311,350.000,160.031,25.80,23.80
5312,500.000,213.707,25.20,23.20
5313,450.000,193.188,24.24,22.24
5314,300.000,145.861,23.00,21.00
5315,200.000,122.085,21.55,19.55
5316,250.000,133.424,20.00,18.00
5317,350.000,159.660,18.45,16.45
5318,500.000,213.595,17.00,15.00
5319,450.000,193.188,15.76,13.76
5320,300.000,145.861,14.80,12.80
5321,200.000,122.085,14.20,12.20
5322,250.000,133.424,14.00,12.00
5323,350.000,159.660,14.20,12.20
5324,500.000,213.595,14.80,12.80
5325,450.000,193.188,15.76,13.76
5326,300.000,145.861,17.00,15.00
5327,200.000,122.085,18.45,16.45
5328,250.000,133.424,20.00,18.00
5329,350.000,159.660,21.55,19.55
5330,500.000,213.595,23.00,21.00
5331,450.000,193.188,24.24,22.24
5332,300.000,145.946,25.20,23.20
5333,200.000,122.375,25.80,23.80
5334,250.000,133.822,26.00,24.00
5335,350.000,160.031,25.80,23.80
5336,500.000,213.707,25.20,23.20
5337,450.000,193.188,24.24,22.24
5338,300.000,145.861,23.00,21.00
5339,200.000,122.085,21.55,19.55
5340,250.000,133.424,20.00,18.00
5341,350.000,159.660,18.45,16.45
5342,500.000,213.595,17.00,15.00
5343,450.000,193.188,15.76,13.76
5344,300.000,145.861,14.80,12.80
5345,200.000,122.085,14.20,12.20
5346,250.000,133.424,14.00,12.00
5347,350.000,159.660,14.20,12.20
5348,500.000,213.595,14.80,12.80
5349,450.000,193.188,15.76,13.76
5350,300.000,145.861,17.00,15.00
5351,200.000,122.085,18.45,16.45
5352,250.000,133.424,20.00,18.00
5353,350.000,159.660,21.55,19.55
5354,500.000,213.595,23.00,21.00
5355,450.000,193.188,24.24,22.24
5356,300.000,145.946,25.20,23.20
5357,200.000,122.375,25.80,23.80
5358,250.000,133.822,26.00,24.00
5359,350.000,160.031,25.80,23.80
5360,500.000,213.707,25.20,23.20
5361,450.000,193.188,24.24,22.24
5362,300.000,145.861,23.00,21.00
5363,200.000,122.085,21.55,19.55
5364,250.000,133.424,20.00,18.00
5365,350.000,159.660,18.45,16.45
5366,500.000,213.595,17.00,15.00
5367,450.000,193.188,15.76,13.76
5368,300.000,145.861,14.80,12.80
5369,200.000,122.085,14.20,12.20
5370,250.000,133.424,14.00,12.00
5371,350.000,159.660,14.20,12.20
5372,500.000,213.595,14.80,12.80
5373,450.000,193.188,15.76,13.76
5374,300.000,145.861,17.00,15.00
5375,200.000,122.085,18.45,16.45
5376,250.000,133.424,20.00,18.00
5377,350.000,159.660,21.55,19.55
5378,500.000,213.595,23.00,21.00
5379,450.000,193.188,24.24,22.24
5380,300.000,145.946,25.20,23.20
5381,200.000,122.375,25.80,23.80
5382,250.000,133.822,26.00,24.00
5383,350.000,160.031,25.80,23.80
5384,500.000,213.707,25.20,23.20
5385,450.000,193.188,24.24,22.24
5386,300.000,145.861,23.00,21.00
5387,200.000,122.085,21.55,19.55
5388,250.000,133.424,20.00,18.00
5389,350.000,159.660,18.45,16.45
5390,500.000,213.595,17.00,15.00
5391,450.000,193.188,15.76,13.76
5392,300.000,145.861,14.80,12.80
5393,200.000,122.085,14.20,12.20
5394,250.000,133.424,14.00,12.00
5395,350.000,159.660,14.20,12.20
5396,500.000,213.595,14.80,12.80
5397,450.000,193.188,15.76,13.76
5398,300.000,145.861,17.00,15.00
5399,200.000,122.085,18.45,16.45
5400,250.000,133.424,20.00,18.00
5401,350.000,159.660,21.55,19.55
5402,500.000,213.595,23.00,21.00
5403,450.000,193.188,24.24,22.24
5404,300.000,145.946,25.20,23.20
5405,200.000,122.375,25.80,23.80
5406,250.000,133.822,26.00,24.00
5407,350.000,160.031,25.80,23.80
5408,500.000,213.707,25.20,23.20
5409,450.000,193.188,24.24,22.24
5410,300.000,145.861,23.00,21.00
5411,200.000,122.085,21.55,19.55
5412,250.000,133.424,20.00,18.00
5413,350.000,159.660,18.45,16.45
5414,500.000,213.595,17.00,15.00
5415,450.000,193.188,15.76,13.76
5416,300.000,145.861,14.80,12.80
5417,200.000,122.085,14.20,12.20
5418,250.000,133.424,14.00,12.00
5419,350.000,159.660,14.20,12.20
5420,500.000,213.595,14.80,12.80
5421,450.000,193.188,15.76,13.76
5422,300.000,145.861,17.00,15.00
5423,200.000,122.085,18.45,16.45
5424,250.000,133.424,20.00,18.00
5425,350.000,159.660,21.55,19.55
5426,500.000,213.595,23.00,21.00
5427,450.000,193.188,24.24,22.24
5428,300.000,145.946,25.20,23.20
5429,200.000,122.375,25.80,23.80
5430,250.000,133.822,26.00,24.00
5431,350.000,160.031,25.80,23.80
5432,500.000,213.707,25.20,23.20
5433,450.000,193.188,24.24,22.24
5434,300.000,145.861,23.00,21.00
5435,200.000,122.085,21.55,19.55
5436,250.000,133.424,20.00,18.00
5437,350.000,159.660,18.45,16.45
5438,500.000,213.595,17.00,15.00
5439,450.000,193.188,15.76,13.76
5440,300.000,145.861,14.80,12.80
5441,200.000,122.085,14.20,12.20
5442,250.000,133.424,14.00,12.00
5443,350.000,159.660,14.20,12.20
5444,500.000,213.595,14.80,12.80
5445,450.000,193.188,15.76,13.76
5446,300.000,145.861,17.00,15.00
5447,200.000,122.085,18.45,16.45
5448,250.000,133.424,20.00,18.00
5449,350.000,159.660,21.55,19.55
5450,500.000,213.595,23.00,21.00
5451,450.000,193.188,24.24,22.24
5452,300.000,145.946,25.20,23.20
5453,200.000,122.375,25.80,23.80
5454,250.000,133.822,26.00,24.00
5455,350.000,160.031,25.80,23.80
5456,500.000,213.707,25.20,23.20
5457,450.000,193.188,24.24,22.24
5458,300.000,145.861,23.00,21.00
5459,200.000,122.085,21.55,19.55
5460,250.000,133.424,20.00,18.00
5461,350.000,159.660,18.45,16.45
5462,500.000,213.595,17.00,15.00
5463,450.000,193.188,15.76,13.76
5464,300.000,145.861,14.80,12.80
5465,200.000,122.085,14.20,12.20
5466,250.000,133.424,14.00,12.00
5467,350.000,159.660,14.20,12.20
5468,500.000,213.595,14.80,12.80
5469,450.000,193.188,15.76,13.76
5470,300.000,145.861,17.00,15.00
5471,200.000,122.085,18.45,16.45
5472,250.000,133.424,20.00,18.00
5473,350.000,159.660,21.55,19.55
5474,500.000,213.595,23.00,21.00
5475,450.000,193.188,24.24,22.24
5476,300.000,145.946,25.20,23.20
5477,200.000,122.375,25.80,23.80
5478,250.000,133.822,26.00,24.00
5479,350.000,160.031,25.80,23.80
5480,500.000,213.707,25.20,23.20
5481,450.000,193.188,24.24,22.24
5482,300.000,145.861,23.00,21.00
5483,200.000,122.085,21.55,19.55
5484,250.000,133.424,20.00,18.00
5485,350.000,159.660,18.45,16.45
5486,500.000,213.595,17.00,15.00
5487,450.000,193.188,15.76,13.76
5488,300.000,145.861,14.80,12.80
5489,200.000,122.085,14.20,12.20
5490,250.000,133.424,14.00,12.00
5491,350.000,159.660,14.20,12.20
5492,500.000,213.595,14.80,12.80
5493,450.000,193.188,15.76,13.76
5494,300.000,145.861,17.00,15.00
5495,200.000,122.085,18.45,16.45
5496,250.000,133.424,20.00,18.00
5497,350.000,159.660,21.55,19.55
5498,500.000,213.595,23.00,21.00
5499,450.000,193.188,24.24,22.24
5500,300.000,145.946,25.20,23.20
5501,200.000,122.375,25.80,23.80
5502,250.000,133.822,26.00,24.00
5503,350.000,160.031,25.80,23.80
5504,500.000,213.707,25.20,23.20
5505,450.000,193.188,24.24,22.24
5506,300.000,145.861,23.00,21.00
5507,200.000,122.085,21.55,19.55
5508,250.000,133.424,20.00,18.00
5509,350.000,159.660,18.45,16.45
5510,500.000,213.595,17.00,15.00
5511,450.000,193.188,15.76,13.76
5512,300.000,145.861,14.80,12.80
5513,200.000,122.085,14.20,12.20
5514,250.000,133.424,14.00,12.00
5515,350.000,159.660,14.20,12.20
5516,500.000,213.595,14.80,12.80
5517,450.000,193.188,15.76,13.76
5518,300.000,145.861,17.00,15.00
5519,200.000,122.085,18.45,16.45
5520,250.000,133.424,20.00,18.00
5521,350.000,159.660,21.55,19.55
5522,500.000,213.595,23.00,21.00
5523,450.000,193.188,24.24,22.24
5524,300.000,145.946,25.20,23.20
5525,200.000,122.375,25.80,23.80
5526,250.000,133.822,26.00,24.00
5527,350.000,160.031,25.80,23.80
5528,500.000,213.707,25.20,23.20
5529,450.000,193.188,24.24,22.24
5530,300.000,145.861,23.00,21.00
5531,200.000,122.085,21.55,19.55
5532,250.000,133.424,20.00,18.00
5533,350.000,159.660,18.45,16.45
5534,500.000,213.595,17.00,15.00
5535,450.000,193.188,15.76,13.76
5536,300.000,145.861,14.80,12.80
5537,200.000,122.085,14.20,12.20
5538,250.000,133.424,14.00,12.00
5539,350.000,159.660,14.20,12.20
5540,500.000,213.595,14.80,12.80
5541,450.000,193.188,15.76,13.76
5542,300.000,145.861,17.00,15.00
5543,200.000,122.085,18.45,16.45
5544,250.000,133.424,20.00,18.00
5545,350.000,159.660,21.55,19.55
5546,500.000,213.595,23.00,21.00
5547,450.000,193.188,24.24,22.24
5548,300.000,145.946,25.20,23.20
5549,200.000,122.375,25.80,23.80
5550,250.000,133.822,26.00,24.00
5551,350.000,160.031,25.80,23.80
5552,500.000,213.707,25.20,23.20
5553,450.000,193.188,24.24,22.24
5554,300.000,145.861,23.00,21.00
5555,200.000,122.085,21.55,19.55
5556,250.000,133.424,20.00,18.00
5557,350.000,159.660,18.45,16.45
5558,500.000,213.595,17.00,15.00
5559,450.000,193.188,15.76,13.76
5560,300.000,145.861,14.80,12.80
5561,200.000,122.085,14.20,12.20
5562,250.000,133.424,14.00,12.00
5563,350.000,159.660,14.20,12.20
5564,500.000,213.595,14.80,12.80
5565,450.000,193.188,15.76,13.76
5566,300.000,145.861,17.00,15.00
5567,200.000,122.085,18.45,16.45
5568,250.000,133.424,20.00,18.00
5569,350.000,159.660,21.55,19.55
5570,500.000,213.595,23.00,21.00
5571,450.000,193.188,24.24,22.24
5572,300.000,145.946,25.20,23.20
5573,200.000,122.375,25.80,23.80
5574,250.000,133.822,26.00,24.00
5575,350.000,160.031,25.80,23.80
5576,500.000,213.707,25.20,23.20
5577,450.000,193.188,24.24,22.24
5578,300.000,145.861,23.00,21.00
5579,200.000,122.085,21.55,19.55
5580,250.000,133.424,20.00,18.00
5581,350.000,159.660,18.45,16.45
5582,500.000,213.595,17.00,15.00
5583,450.000,193.188,15.76,13.76
5584,300.000,145.861,14.80,12.80
5585,200.000,122.085,14.20,12.20
5586,250.000,133.424,14.00,12.00
5587,350.000,159.660,14.20,12.20
5588,500.000,213.595,14.80,12.80
5589,450.000,193.188,15.76,13.76
5590,300.000,145.861,17.00,15.00
5591,200.000,122.085,18.45,16.45
5592,250.000,133.424,20.00,18.00
5593,350.000,159.660,21.55,19.55
5594,500.000,213.595,23.00,21.00
5595,450.000,193.188,24.24,22.24
5596,300.000,145.946,25.20,23.20
5597,200.000,122.375,25.80,23.80
5598,250.000,133.822,26.00,24.00
5599,350.000,160.031,25.80,23.80
5600,500.000,213.707,25.20,23.20
5601,450.000,193.188,24.24,22.24
5602,300.000,145.861,23.00,21.00
5603,200.000,122.085,21.55,19.55
5604,250.000,133.424,20.00,18.00
5605,350.000,159.660,18.45,16.45
5606,500.000,213.595,17.00,15.00
5607,450.000,193.188,15.76,13.76
5608,300.000,145.861,14.80,12.80
5609,200.000,122.085,14.20,12.20
5610,250.000,133.424,14.00,12.00
5611,350.000,159.660,14.20,12.20
5612,500.000,213.595,14.80,12.80
5613,450.000,193.188,15.76,13.76
5614,300.000,145.861,17.00,15.00
5615,200.000,122.085,18.45,16.45
5616,250.000,133.424,20.00,18.00
5617,350.000,159.660,21.55,19.55
5618,500.000,213.595,23.00,21.00
5619,450.000,193.188,24.24,22.24
5620,300.000,145.946,25.20,23.20
5621,200.000,122.375,25.80,23.80
5622,250.000,133.822,26.00,24.00
5623,350.000,160.031,25.80,23.80
5624,500.000,213.707,25.20,23.20
5625,450.000,193.188,24.24,22.24
5626,300.000,145.861,23.00,21.00
5627,200.000,122.085,21.55,19.55
5628,250.000,133.424,20.00,18.00
5629,350.000,159.660,18.45,16.45
5630,500.000,213.595,17.00,15.00
5631,450.000,193.188,15.76,13.76
5632,300.000,145.861,14.80,12.80
5633,200.000,122.085,14.20,12.20
5634,250.000,133.424,14.00,12.00
5635,350.000,159.660,14.20,12.20
5636,500.000,213.595,14.80,12.80
5637,450.000,193.188,15.76,13.76
5638,300.000,145.861,17.00,15.00
5639,200.000,122.085,18.45,16.45
5640,250.000,133.424,20.00,18.00
5641,350.000,159.660,21.55,19.55
5642,500.000,213.595,23.00,21.00
5643,450.000,193.188,24.24,22.24
5644,300.000,145.946,25.20,23.20
5645,200.000,122.375,25.80,23.80
5646,250.000,133.822,26.00,24.00
5647,350.000,160.031,25.80,23.80
5648,500.000,213.707,25.20,23.20
5649,450.000,193.188,24.24,22.24
5650,300.000,145.861,23.00,21.00
5651,200.000,122.085,21.55,19.55
5652,250.000,133.424,20.00,18.00
5653,350.000,159.660,18.45,16.45
5654,500.000,213.595,17.00,15.00
5655,450.000,193.188,15.76,13.76
5656,300.000,145.861,14.80,12.80
5657,200.000,122.085,14.20,12.20
5658,250.000,133.424,14.00,12.00
5659,350.000,159.660,14.20,12.20
5660,500.000,213.595,14.80,12.80
5661,450.000,193.188,15.76,13.76
5662,300.000,145.861,17.00,15.00
5663,200.000,122.085,18.45,16.45
5664,250.000,133.424,20.00,18.00
5665,350.000,159.660,21.55,19.55
5666,500.000,213.595,23.00,21.00
5667,450.000,193.188,24.24,22.24
5668,300.000,145.946,25.20,23.20
5669,200.000,122.375,25.80,23.80
5670,250.000,133.822,26.00,24.00
5671,350.000,160.031,25.80,23.80
5672,500.000,213.707,25.20,23.20
5673,450.000,193.188,24.24,22.24
5674,300.000,145.861,23.00,21.00
5675,200.000,122.085,21.55,19.55
5676,250.000,133.424,20.00,18.00
5677,350.000,159.660,18.45,16.45
5678,500.000,213.595,17.00,15.00
5679,450.000,193.188,15.76,13.76
5680,300.000,145.861,14.80,12.80
5681,200.000,122.085,14.20,12.20
5682,250.000,133.424,14.00,12.00
5683,350.000,159.660,14.20,12.20
5684,500.000,213.595,14.80,12.80
5685,450.000,193.188,15.76,13.76
5686,300.000,145.861,17.00,15.00
5687,200.000,122.085,18.45,16.45
5688,250.000,133.424,20.00,18.00
5689,350.000,159.660,21.55,19.55
5690,500.000,213.595,23.00,21.00
5691,450.000,193.188,24.24,22.24
5692,300.000,145.946,25.20,23.20
5693,200.000,122.375,25.80,23.80
5694,250.000,133.822,26.00,24.00
5695,350.000,160.031,25.80,23.80
5696,500.000,213.707,25.20,23.20
5697,450.000,193.188,24.24,22.24
5698,300.000,145.861,23.00,21.00
5699,200.000,122.085,21.55,19.55
5700,250.000,133.424,20.00,18.00
5701,350.000,159.660,18.45,16.45
5702,500.000,213.595,17.00,15.00
5703,450.000,193.188,15.76,13.76
5704,300.000,145.861,14.80,12.80
5705,200.000,122.085,14.20,12.20
5706,250.000,133.424,14.00,12.00
5707,350.000,159.660,14.20,12.20
5708,500.000,213.595,14.80,12.80
5709,450.000,193.188,15.76,13.76
5710,300.000,145.861,17.00,15.00
5711,200.000,122.085,18.45,16.45
5712,250.000,133.424,20.00,18.00
5713,350.000,159.660,21.55,19.55
5714,500.000,213.595,23.00,21.00
5715,450.000,193.188,24.24,22.24
5716,300.000,145.946,25.20,23.20
5717,200.000,122.375,25.80,23.80
5718,250.000,133.822,26.00,24.00
5719,350.000,160.031,25.80,23.80
5720,500.000,213.707,25.20,23.20
5721,450.000,193.188,24.24,22.24
5722,300.000,145.861,23.00,21.00
5723,200.000,122.085,21.55,19.55
5724,250.000,133.424,20.00,18.00
5725,350.000,159.660,18.45,16.45
5726,500.000,213.595,17.00,15.00
5727,450.000,193.188,15.76,13.76
5728,300.000,145.861,14.80,12.80
5729,200.000,122.085,14.20,12.20
5730,250.000,133.424,14.00,12.00
5731,350.000,159.660,14.20,12.20
5732,500.000,213.595,14.80,12.80
5733,450.000,193.188,15.76,13.76
5734,300.000,145.861,17.00,15.00
5735,200.000,122.085,18.45,16.45
5736,250.000,133.424,20.00,18.00
5737,350.000,159.660,21.55,19.55
5738,500.000,213.595,23.00,21.00
5739,450.000,193.188,24.24,22.24
5740,300.000,145.946,25.20,23.20
5741,200.000,122.375,25.80,23.80
5742,250.000,133.822,26.00,24.00
5743,350.000,160.031,25.80,23.80
5744,500.000,213.707,25.20,23.20
5745,450.000,193.188,24.24,22.24
5746,300.000,145.861,23.00,21.00
5747,200.000,122.085,21.55,19.55
5748,250.000,133.424,20.00,18.00
5749,350.000,159.660,18.45,16.45
5750,500.000,213.595,17.00,15.00
5751,450.000,193.188,15.76,13.76
5752,300.000,145.861,14.80,12.80
5753,200.000,122.085,14.20,12.20
5754,250.000,133.424,14.00,12.00
5755,350.000,159.660,14.20,12.20
5756,500.000,213.595,14.80,12.80
5757,450.000,193.188,15.76,13.76
5758,300.000,145.861,17.00,15.00
5759,200.000,122.085,18.45,16.45
5760,250.000,133.424,20.00,18.00
5761,350.000,159.660,21.55,19.55
5762,500.000,213.595,23.00,21.00
5763,450.000,193.188,24.24,22.24
5764,300.000,145.946,25.20,23.20
5765,200.000,122.375,25.80,23.80
5766,250.000,133.822,26.00,24.00
5767,350.000,160.031,25.80,23.80
5768,500.000,213.707,25.20,23.20
5769,450.000,193.188,24.24,22.24
5770,300.000,145.861,23.00,21.00
5771,200.000,122.085,21.55,19.55
5772,250.000,133.424,20.00,18.00
5773,350.000,159.660,18.45,16.45
5774,500.000,213.595,17.00,15.00
5775,450.000,193.188,15.76,13.76
5776,300.000,145.861,14.80,12.80
5777,200.000,122.085,14.20,12.20
5778,250.000,133.424,14.00,12.00
5779,350.000,159.660,14.20,12.20
5780,500.000,213.595,14.80,12.80
5781,450.000,193.188,15.76,13.76
5782,300.000,145.861,17.00,15.00
5783,200.000,122.085,18.45,16.45
5784,250.000,133.424,20.00,18.00
5785,350.000,159.660,21.55,19.55
5786,500.000,213.595,23.00,21.00
5787,450.000,193.188,24.24,22.24
5788,300.000,145.946,25.20,23.20
5789,200.000,122.375,25.80,23.80
5790,250.000,133.822,26.00,24.00
5791,350.000,160.031,25.80,23.80
5792,500.000,213.707,25.20,23.20
5793,450.000,193.188,24.24,22.24
5794,300.000,145.861,23.00,21.00
5795,200.000,122.085,21.55,19.55
5796,250.000,133.424,20.00,18.00
5797,350.000,159.660,18.45,16.45
5798,500.000,213.595,17.00,15.00
5799,450.000,193.188,15.76,13.76
5800,300.000,145.861,14.80,12.80
5801,200.000,122.085,14.20,12.20
5802,250.000,133.424,14.00,12.00
5803,350.000,159.660,14.20,12.20
5804,500.000,213.595,14.80,12.80
5805,450.000,193.188,15.76,13.76
5806,300.000,145.861,17.00,15.00
5807,200.000,122.085,18.45,16.45
5808,250.000,133.424,20.00,18.00
5809,350.000,159.660,21.55,19.55
5810,500.000,213.595,23.00,21.00
5811,450.000,193.188,24.24,22.24
5812,300.000,145.946,25.20,23.20
5813,200.000,122.375,25.80,23.80
5814,250.000,133.822,26.00,24.00
5815,350.000,160.031,25.80,23.80
5816,500.000,213.707,25.20,23.20
5817,450.000,193.188,24.24,22.24
5818,300.000,145.861,23.00,21.00
5819,200.000,122.085,21.55,19.55
5820,250.000,133.424,20.00,18.00
5821,350.000,159.660,18.45,16.45
5822,500.000,213.595,17.00,15.00
5823,450.000,193.188,15.76,13.76
5824,300.000,145.861,14.80,12.80
5825,200.000,122.085,14.20,12.20
5826,250.000,133.424,14.00,12.00
5827,350.000,159.660,14.20,12.20
5828,500.000,213.595,14.80,12.80
5829,450.000,193.188,15.76,13.76
5830,300.000,145.861,17.00,15.00
5831,200.000,122.085,18.45,16.45
5832,250.000,133.424,20.00,18.00
5833,350.000,159.660,21.55,19.55
5834,500.000,213.595,23.00,21.00
5835,450.000,193.188,24.24,22.24
5836,300.000,145.946,25.20,23.20
5837,200.000,122.375,25.80,23.80
5838,250.000,133.822,26.00,24.00
5839,350.000,160.031,25.80,23.80
5840,500.000,213.707,25.20,23.20
5841,450.000,193.188,24.24,22.24
5842,300.000,145.861,23.00,21.00
5843,200.000,122.085,21.55,19.55
5844,250.000,133.424,20.00,18.00
5845,350.000,159.660,18.45,16.45
5846,500.000,213.595,17.00,15.00
5847,450.000,193.188,15.76,13.76
5848,300.000,145.861,14.80,12.80
5849,200.000,122.085,14.20,12.20
5850,250.000,133.424,14.00,12.00
5851,350.000,159.660,14.20,12.20
5852,500.000,213.595,14.80,12.80
5853,450.000,193.188,15.76,13.76
5854,300.000,145.861,17.00,15.00
5855,200.000,122.085,18.45,16.45
5856,250.000,133.424,20.00,18.00
5857,350.000,159.660,21.55,19.55
5858,500.000,213.595,23.00,21.00
5859,450.000,193.188,24.24,22.24
5860,300.000,145.946,25.20,23.20
5861,200.000,122.375,25.80,23.80
5862,250.000,133.822,26.00,24.00
5863,350.000,160.031,25.80,23.80
5864,500.000,213.707,25.20,23.20
5865,450.000,193.188,24.24,22.24
5866,300.000,145.861,23.00,21.00
5867,200.000,122.085,21.55,19.55
5868,250.000,133.424,20.00,18.00
5869,350.000,159.660,18.45,16.45
5870,500.000,213.595,17.00,15.00
5871,450.000,193.188,15.76,13.76
5872,300.000,145.861,14.80,12.80
5873,200.000,122.085,14.20,12.20
5874,250.000,133.424,14.00,12.00
5875,350.000,159.660,14.20,12.20
5876,500.000,213.595,14.80,12.80
5877,450.000,193.188,15.76,13.76
5878,300.000,145.861,17.00,15.00
5879,200.000,122.085,18.45,16.45
5880,250.000,133.424,20.00,18.00
5881,350.000,159.660,21.55,19.55
5882,500.000,213.595,23.00,21.00
5883,450.000,193.188,24.24,22.24
5884,300.000,145.946,25.20,23.20
5885,200.000,122.375,25.80,23.80
5886,250.000,133.822,26.00,24.00
5887,350.000,160.031,25.80,23.80
5888,500.000,213.707,25.20,23.20
5889,450.000,193.188,24.24,22.24
5890,300.000,145.861,23.00,21.00
5891,200.000,122.085,21.55,19.55
5892,250.000,133.424,20.00,18.00
5893,350.000,159.660,18.45,16.45
5894,500.000,213.595,17.00,15.00
5895,450.000,193.188,15.76,13.76
5896,300.000,145.861,14.80,12.80
5897,200.000,122.085,14.20,12.20
5898,250.000,133.424,14.00,12.00
5899,350.000,159.660,14.20,12.20
5900,500.000,213.595,14.80,12.80
5901,450.000,193.188,15.76,13.76
5902,300.000,145.861,17.00,15.00
5903,200.000,122.085,18.45,16.45
5904,250.000,133.424,20.00,18.00
5905,350.000,159.660,21.55,19.55
5906,500.000,213.595,23.00,21.00
5907,450.000,193.188,24.24,22.24
5908,300.000,145.946,25.20,23.20
5909,200.000,122.375,25.80,23.80
5910,250.000,133.822,26.00,24.00
5911,350.000,160.031,25.80,23.80
5912,500.000,213.707,25.20,23.20
5913,450.000,193.188,24.24,22.24
5914,300.000,145.861,23.00,21.00
5915,200.000,122.085,21.55,19.55
5916,250.000,133.424,20.00,18.00
5917,350.000,159.660,18.45,16.45
5918,500.000,213.595,17.00,15.00
5919,450.000,193.188,15.76,13.76
5920,300.000,145.861,14.80,12.80
5921,200.000,122.085,14.20,12.20
5922,250.000,133.424,14.00,12.00
5923,350.000,159.660,14.20,12.20
5924,500.000,213.595,14.80,12.80
5925,450.000,193.188,15.76,13.76
5926,300.000,145.861,17.00,15.00
5927,200.000,122.085,18.45,16.45
5928,250.000,133.424,20.00,18.00
5929,350.000,159.660,21.55,19.55
5930,500.000,213.595,23.00,21.00
5931,450.000,193.188,24.24,22.24
5932,300.000,145.946,25.20,23.20
5933,200.000,122.375,25.80,23.80
5934,250.000,133.822,26.00,24.00
5935,350.000,160.031,25.80,23.80
5936,500.000,213.707,25.20,23.20
5937,450.000,193.188,24.24,22.24
5938,300.000,145.861,23.00,21.00
5939,200.000,122.085,21.55,19.55
5940,250.000,133.424,20.00,18.00
5941,350.000,159.660,18.45,16.45
5942,500.000,213.595,17.00,15.00
5943,450.000,193.188,15.76,13.76
5944,300.000,145.861,14.80,12.80
5945,200.000,122.085,14.20,12.20
5946,250.000,133.424,14.00,12.00
5947,350.000,159.660,14.20,12.20
5948,500.000,213.595,14.80,12.80
5949,450.000,193.188,15.76,13.76
5950,300.000,145.861,17.00,15.00
5951,200.000,122.085,18.45,16.45
5952,250.000,133.424,20.00,18.00
5953,350.000,159.660,21.55,19.55
5954,500.000,213.595,23.00,21.00
5955,450.000,193.188,24.24,22.24
5956,300.000,145.946,25.20,23.20
5957,200.000,122.375,25.80,23.80
5958,250.000,133.822,26.00,24.00
5959,350.000,160.031,25.80,23.80
5960,500.000,213.707,25.20,23.20
5961,450.000,193.188,24.24,22.24
5962,300.000,145.861,23.00,21.00
5963,200.000,122.085,21.55,19.55
5964,250.000,133.424,20.00,18.00
5965,350.000,159.660,18.45,16.45
5966,500.000,213.595,17.00,15.00
5967,450.000,193.188,15.76,13.76
5968,300.000,145.861,14.80,12.80
5969,200.000,122.085,14.20,12.20
5970,250.000,133.424,14.00,12.00
5971,350.000,159.660,14.20,12.20
5972,500.000,213.595,14.80,12.80
5973,450.000,193.188,15.76,13.76
5974,300.000,145.861,17.00,15.00
5975,200.000,122.085,18.45,16.45
5976,250.000,133.424,20.00,18.00
5977,350.000,159.660,21.55,19.55
5978,500.000,213.595,23.00,21.00
5979,450.000,193.188,24.24,22.24
5980,300.000,145.946,25.20,23.20
5981,200.000,122.375,25.80,23.80
5982,250.000,133.822,26.00,24.00
5983,350.000,160.031,25.80,23.80
5984,500.000,213.707,25.20,23.20
5985,450.000,193.188,24.24,22.24
5986,300.000,145.861,23.00,21.00
5987,200.000,122.085,21.55,19.55
5988,250.000,133.424,20.00,18.00
5989,350.000,159.660,18.45,16.45
5990,500.000,213.595,17.00,15.00
5991,450.000,193.188,15.76,13.76
5992,300.000,145.861,14.80,12.80
5993,200.000,122.085,14.20,12.20
5994,250.000,133.424,14.00,12.00
5995,350.000,159.660,14.20,12.20
5996,500.000,213.595,14.80,12.80
5997,450.000,193.188,15.76,13.76
5998,300.000,145.861,17.00,15.00
5999,200.000,122.085,18.45,16.45
6000,250.000,133.424,20.00,18.00
6001,350.000,159.660,21.55,19.55
6002,500.000,213.595,23.00,21.00
6003,450.000,193.188,24.24,22.24
6004,300.000,145.946,25.20,23.20
6005,200.000,122.375,25.80,23.80
6006,250.000,133.822,26.00,24.00
6007,350.000,160.031,25.80,23.80
6008,500.000,213.707,25.20,23.20
6009,450.000,193.188,24.24,22.24
6010,300.000,145.861,23.00,21.00
6011,200.000,122.085,21.55,19.55
6012,250.000,133.424,20.00,18.00
6013,350.000,159.660,18.45,16.45
6014,500.000,213.595,17.00,15.00
6015,450.000,193.188,15.76,13.76
6016,300.000,145.861,14.80,12.80
6017,200.000,122.085,14.20,12.20
6018,250.000,133.424,14.00,12.00
6019,350.000,159.660,14.20,12.20
6020,500.000,213.595,14.80,12.80
6021,450.000,193.188,15.76,13.76
6022,300.000,145.861,17.00,15.00
6023,200.000,122.085,18.45,16.45
6024,250.000,133.424,20.00,18.00
6025,350.000,159.660,21.55,19.55
6026,500.000,213.595,23.00,21.00
6027,450.000,193.188,24.24,22.24
6028,300.000,145.946,25.20,23.20
6029,200.000,122.375,25.80,23.80
6030,250.000,133.822,26.00,24.00
6031,350.000,160.031,25.80,23.80
6032,500.000,213.707,25.20,23.20
6033,450.000,193.188,24.24,22.24
6034,300.000,145.861,23.00,21.00
6035,200.000,122.085,21.55,19.55
6036,250.000,133.424,20.00,18.00
6037,350.000,159.660,18.45,16.45
6038,500.000,213.595,17.00,15.00
6039,450.000,193.188,15.76,13.76
6040,300.000,145.861,14.80,12.80
6041,200.000,122.085,14.20,12.20
6042,250.000,133.424,14.00,12.00
6043,350.000,159.660,14.20,12.20
6044,500.000,213.595,14.80,12.80
6045,450.000,193.188,15.76,13.76
6046,300.000,145.861,17.00,15.00
6047,200.000,122.085,18.45,16.45
6048,250.000,133.424,20.00,18.00
6049,350.000,159.660,21.55,19.55
6050,500.000,213.595,23.00,21.00
6051,450.000,193.188,24.24,22.24
6052,300.000,145.946,25.20,23.20
6053,200.000,122.375,25.80,23.80
6054,250.000,133.822,26.00,24.00
6055,350.000,160.031,25.80,23.80
6056,500.000,213.707,25.20,23.20
6057,450.000,193.188,24.24,22.24
6058,300.000,145.861,23.00,21.00
6059,200.000,122.085,21.55,19.55
6060,250.000,133.424,20.00,18.00
6061,350.000,159.660,18.45,16.45
6062,500.000,213.595,17.00,15.00
6063,450.000,193.188,15.76,13.76
6064,300.000,145.861,14.80,12.80
6065,200.000,122.085,14.20,12.20
6066,250.000,133.424,14.00,12.00
6067,350.000,159.660,14.20,12.20
6068,500.000,213.595,14.80,12.80
6069,450.000,193.188,15.76,13.76
6070,300.000,145.861,17.00,15.00
6071,200.000,122.085,18.45,16.45
6072,250.000,133.424,20.00,18.00
6073,350.000,159.660,21.55,19.55
6074,500.000,213.595,23.00,21.00
6075,450.000,193.188,24.24,22.24
6076,300.000,145.946,25.20,23.20
6077,200.000,122.375,25.80,23.80
6078,250.000,133.822,26.00,24.00
6079,350.000,160.031,25.80,23.80
6080,500.000,213.707,25.20,23.20
6081,450.000,193.188,24.24,22.24
6082,300.000,145.861,23.00,21.00
6083,200.000,122.085,21.55,19.55
6084,250.000,133.424,20.00,18.00
6085,350.000,159.660,18.45,16.45
6086,500.000,213.595,17.00,15.00
6087,450.000,193.188,15.76,13.76
6088,300.000,145.861,14.80,12.80
6089,200.000,122.085,14.20,12.20
6090,250.000,133.424,14.00,12.00
6091,350.000,159.660,14.20,12.20
6092,500.000,213.595,14.80,12.80
6093,450.000,193.188,15.76,13.76
6094,300.000,145.861,17.00,15.00
6095,200.000,122.085,18.45,16.45
6096,250.000,133.424,20.00,18.00
6097,350.000,159.660,21.55,19.55
6098,500.000,213.595,23.00,21.00
6099,450.000,193.188,24.24,22.24
6100,300.000,145.946,25.20,23.20
6101,200.000,122.375,25.80,23.80
6102,250.000,133.822,26.00,24.00
6103,350.000,160.031,25.80,23.80
6104,500.000,213.707,25.20,23.20
6105,450.000,193.188,24.24,22.24
6106,300.000,145.861,23.00,21.00
6107,200.000,122.085,21.55,19.55
6108,250.000,133.424,20.00,18.00
6109,350.000,159.660,18.45,16.45
6110,500.000,213.595,17.00,15.00
6111,450.000,193.188,15.76,13.76
6112,300.000,145.861,14.80,12.80
6113,200.000,122.085,14.20,12.20
6114,250.000,133.424,14.00,12.00
6115,350.000,159.660,14.20,12.20
6116,500.000,213.595,14.80,12.80
6117,450.000,193.188,15.76,13.76
6118,300.000,145.861,17.00,15.00
6119,200.000,122.085,18.45,16.45
6120,250.000,133.424,20.00,18.00
6121,350.000,159.660,21.55,19.55
6122,500.000,213.595,23.00,21.00
6123,450.000,193.188,24.24,22.24
6124,300.000,145.946,25.20,23.20
6125,200.000,122.375,25.80,23.80
6126,250.000,133.822,26.00,24.00
6127,350.000,160.031,25.80,23.80
6128,500.000,213.707,25.20,23.20
6129,450.000,193.188,24.24,22.24
6130,300.000,145.861,23.00,21.00
6131,200.000,122.085,21.55,19.55
6132,250.000,133.424,20.00,18.00
6133,350.000,159.660,18.45,16.45
6134,500.000,213.595,17.00,15.00
6135,450.000,193.188,15.76,13.76
6136,300.000,145.861,14.80,12.80
6137,200.000,122.085,14.20,12.20
6138,250.000,133.424,14.00,12.00
6139,350.000,159.660,14.20,12.20
6140,500.000,213.595,14.80,12.80
6141,450.000,193.188,15.76,13.76
6142,300.000,145.861,17.00,15.00
6143,200.000,122.085,18.45,16.45
6144,250.000,133.424,20.00,18.00
6145,350.000,159.660,21.55,19.55
6146,500.000,213.595,23.00,21.00
6147,450.000,193.188,24.24,22.24
6148,300.000,145.946,25.20,23.20
6149,200.000,122.375,25.80,23.80
6150,250.000,133.822,26.00,24.00
6151,350.000,160.031,25.80,23.80
6152,500.000,213.707,25.20,23.20
6153,450.000,193.188,24.24,22.24
6154,300.000,145.861,23.00,21.00
6155,200.000,122.085,21.55,19.55
6156,250.000,133.424,20.00,18.00
6157,350.000,159.660,18.45,16.45
6158,500.000,213.595,17.00,15.00
6159,450.000,193.188,15.76,13.76
6160,300.000,145.861,14.80,12.80
6161,200.000,122.085,14.20,12.20
6162,250.000,133.424,14.00,12.00
6163,350.000,159.660,14.20,12.20
6164,500.000,213.595,14.80,12.80
6165,450.000,193.188,15.76,13.76
6166,300.000,145.861,17.00,15.00
6167,200.000,122.085,18.45,16.45
6168,250.000,133.424,20.00,18.00
6169,350.000,159.660,21.55,19.55
6170,500.000,213.595,23.00,21.00
6171,450.000,193.188,24.24,22.24
6172,300.000,145.946,25.20,23.20
6173,200.000,122.375,25.80,23.80
6174,250.000,133.822,26.00,24.00
6175,350.000,160.031,25.80,23.80
6176,500.000,213.707,25.20,23.20
6177,450.000,193.188,24.24,22.24
6178,300.000,145.861,23.00,21.00
6179,200.000,122.085,21.55,19.55
6180,250.000,133.424,20.00,18.00
6181,350.000,159.660,18.45,16.45
6182,500.000,213.595,17.00,15.00
6183,450.000,193.188,15.76,13.76
6184,300.000,145.861,14.80,12.80
6185,200.000,122.085,14.20,12.20
6186,250.000,133.424,14.00,12.00
6187,350.000,159.660,14.20,12.20
6188,500.000,213.595,14.80,12.80
6189,450.000,193.188,15.76,13.76
6190,300.000,145.861,17.00,15.00
6191,200.000,122.085,18.45,16.45
6192,250.000,133.424,20.00,18.00
6193,350.000,159.660,21.55,19.55
6194,500.000,213.595,23.00,21.00
6195,450.000,193.188,24.24,22.24
6196,300.000,145.946,25.20,23.20
6197,200.000,122.375,25.80,23.80
6198,250.000,133.822,26.00,24.00
6199,350.000,160.031,25.80,23.80
6200,500.000,213.707,25.20,23.20
6201,450.000,193.188,24.24,22.24
6202,300.000,145.861,23.00,21.00
6203,200.000,122.085,21.55,19.55
6204,250.000,133.424,20.00,18.00
6205,350.000,159.660,18.45,16.45
6206,500.000,213.595,17.00,15.00
6207,450.000,193.188,15.76,13.76
6208,300.000,145.861,14.80,12.80
6209,200.000,122.085,14.20,12.20
6210,250.000,133.424,14.00,12.00
6211,350.000,159.660,14.20,12.20
6212,500.000,213.595,14.80,12.80
6213,450.000,193.188,15.76,13.76
6214,300.000,145.861,17.00,15.00
6215,200.000,122.085,18.45,16.45
6216,250.000,133.424,20.00,18.00
6217,350.000,159.660,21.55,19.55
6218,500.000,213.595,23.00,21.00
6219,450.000,193.188,24.24,22.24
6220,300.000,145.946,25.20,23.20
6221,200.000,122.375,25.80,23.80
6222,250.000,133.822,26.00,24.00
6223,350.000,160.031,25.80,23.80
6224,500.000,213.707,25.20,23.20
6225,450.000,193.188,24.24,22.24
6226,300.000,145.861,23.00,21.00
6227,200.000,122.085,21.55,19.55
6228,250.000,133.424,20.00,18.00
6229,350.000,159.660,18.45,16.45
6230,500.000,213.595,17.00,15.00
6231,450.000,193.188,15.76,13.76
6232,300.000,145.861,14.80,12.80
6233,200.000,122.085,14.20,12.20
6234,250.000,133.424,14.00,12.00
6235,350.000,159.660,14.20,12.20
6236,500.000,213.595,14.80,12.80
6237,450.000,193.188,15.76,13.76
6238,300.000,145.861,17.00,15.00
6239,200.000,122.085,18.45,16.45
6240,250.000,133.424,20.00,18.00
6241,350.000,159.660,21.55,19.55
6242,500.000,213.595,23.00,21.00
6243,450.000,193.188,24.24,22.24
6244,300.000,145.946,25.20,23.20
6245,200.000,122.375,25.80,23.80
6246,250.000,133.822,26.00,24.00
6247,350.000,160.031,25.80,23.80
6248,500.000,213.707,25.20,23.20
6249,450.000,193.188,24.24,22.24
6250,300.000,145.861,23.00,21.00
6251,200.000,122.085,21.55,19.55
6252,250.000,133.424,20.00,18.00
6253,350.000,159.660,18.45,16.45
6254,500.000,213.595,17.00,15.00
6255,450.000,193.188,15.76,13.76
6256,300.000,145.861,14.80,12.80
6257,200.000,122.085,14.20,12.20
6258,250.000,133.424,14.00,12.00
6259,350.000,159.660,14.20,12.20
6260,500.000,213.595,14.80,12.80
6261,450.000,193.188,15.76,13.76
6262,300.000,145.861,17.00,15.00
6263,200.000,122.085,18.45,16.45
6264,250.000,133.424,20.00,18.00
6265,350.000,159.660,21.55,19.55
6266,500.000,213.595,23.00,21.00
6267,450.000,193.188,24.24,22.24
6268,300.000,145.946,25.20,23.20
6269,200.000,122.375,25.80,23.80
6270,250.000,133.822,26.00,24.00
6271,350.000,160.031,25.80,23.80
6272,500.000,213.707,25.20,23.20
6273,450.000,193.188,24.24,22.24
6274,300.000,145.861,23.00,21.00
6275,200.000,122.085,21.55,19.55
6276,250.000,133.424,20.00,18.00
6277,350.000,159.660,18.45,16.45
6278,500.000,213.595,17.00,15.00
6279,450.000,193.188,15.76,13.76
6280,300.000,145.861,14.80,12.80
6281,200.000,122.085,14.20,12.20
6282,250.000,133.424,14.00,12.00
6283,350.000,159.660,14.20,12.20
6284,500.000,213.595,14.80,12.80
6285,450.000,193.188,15.76,13.76
6286,300.000,145.861,17.00,15.00
6287,200.000,122.085,18.45,16.45
6288,250.000,133.424,20.00,18.00
6289,350.000,159.660,21.55,19.55
6290,500.000,213.595,23.00,21.00
6291,450.000,193.188,24.24,22.24
6292,300.000,145.946,25.20,23.20
6293,200.000,122.375,25.80,23.80
6294,250.000,133.822,26.00,24.00
6295,350.000,160.031,25.80,23.80
6296,500.000,213.707,25.20,23.20
6297,450.000,193.188,24.24,22.24
6298,300.000,145.861,23.00,21.00
6299,200.000,122.085,21.55,19.55
6300,250.000,133.424,20.00,18.00
6301,350.000,159.660,18.45,16.45
6302,500.000,213.595,17.00,15.00
6303,450.000,193.188,15.76,13.76
6304,300.000,145.861,14.80,12.80
6305,200.000,122.085,14.20,12.20
6306,250.000,133.424,14.00,12.00
6307,350.000,159.660,14.20,12.20
6308,500.000,213.595,14.80,12.80
6309,450.000,193.188,15.76,13.76
6310,300.000,145.861,17.00,15.00
6311,200.000,122.085,18.45,16.45
6312,250.000,133.424,20.00,18.00
6313,350.000,159.660,21.55,19.55
6314,500.000,213.595,23.00,21.00
6315,450.000,193.188,24.24,22.24
6316,300.000,145.946,25.20,23.20
6317,200.000,122.375,25.80,23.80
6318,250.000,133.822,26.00,24.00
6319,350.000,160.031,25.80,23.80
6320,500.000,213.707,25.20,23.20
6321,450.000,193.188,24.24,22.24
6322,300.000,145.861,23.00,21.00
6323,200.000,122.085,21.55,19.55
6324,250.000,133.424,20.00,18.00
6325,350.000,159.660,18.45,16.45
6326,500.000,213.595,17.00,15.00
6327,450.000,193.188,15.76,13.76
6328,300.000,145.861,14.80,12.80
6329,200.000,122.085,14.20,12.20
6330,250.000,133.424,14.00,12.00
6331,350.000,159.660,14.20,12.20
6332,500.000,213.595,14.80,12.80
6333,450.000,193.188,15.76,13.76
6334,300.000,145.861,17.00,15.00
6335,200.000,122.085,18.45,16.45
6336,250.000,133.424,20.00,18.00
6337,350.000,159.660,21.55,19.55
6338,500.000,213.595,23.00,21.00
6339,450.000,193.188,24.24,22.24
6340,300.000,145.946,25.20,23.20
6341,200.000,122.375,25.80,23.80
6342,250.000,133.822,26.00,24.00
6343,350.000,160.031,25.80,23.80
6344,500.000,213.707,25.20,23.20
6345,450.000,193.188,24.24,22.24
6346,300.000,145.861,23.00,21.00
6347,200.000,122.085,21.55,19.55
6348,250.000,133.424,20.00,18.00
6349,350.000,159.660,18.45,16.45
6350,500.000,213.595,17.00,15.00
6351,450.000,193.188,15.76,13.76
6352,300.000,145.861,14.80,12.80
6353,200.000,122.085,14.20,12.20
6354,250.000,133.424,14.00,12.00
6355,350.000,159.660,14.20,12.20
6356,500.000,213.595,14.80,12.80
6357,450.000,193.188,15.76,13.76
6358,300.000,145.861,17.00,15.00
6359,200.000,122.085,18.45,16.45
6360,250.000,133.424,20.00,18.00
6361,350.000,159.660,21.55,19.55
6362,500.000,213.595,23.00,21.00
6363,450.000,193.188,24.24,22.24
6364,300.000,145.946,25.20,23.20
6365,200.000,122.375,25.80,23.80
6366,250.000,133.822,26.00,24.00
6367,350.000,160.031,25.80,23.80
6368,500.000,213.707,25.20,23.20
6369,450.000,193.188,24.24,22.24
6370,300.000,145.861,23.00,21.00
6371,200.000,122.085,21.55,19.55
6372,250.000,133.424,20.00,18.00
6373,350.000,159.660,18.45,16.45
6374,500.000,213.595,17.00,15.00
6375,450.000,193.188,15.76,13.76
6376,300.000,145.861,14.80,12.80
6377,200.000,122.085,14.20,12.20
6378,250.000,133.424,14.00,12.00
6379,350.000,159.660,14.20,12.20
6380,500.000,213.595,14.80,12.80
6381,450.000,193.188,15.76,13.76
6382,300.000,145.861,17.00,15.00
6383,200.000,122.085,18.45,16.45
6384,250.000,133.424,20.00,18.00
6385,350.000,159.660,21.55,19.55
6386,500.000,213.595,23.00,21.00
6387,450.000,193.188,24.24,22.24
6388,300.000,145.946,25.20,23.20
6389,200.000,122.375,25.80,23.80
6390,250.000,133.822,26.00,24.00
6391,350.000,160.031,25.80,23.80
6392,500.000,213.707,25.20,23.20
6393,450.000,193.188,24.24,22.24
6394,300.000,145.861,23.00,21.00
6395,200.000,122.085,21.55,19.55
6396,250.000,133.424,20.00,18.00
6397,350.000,159.660,18.45,16.45
6398,500.000,213.595,17.00,15.00
6399,450.000,193.188,15.76,13.76
6400,300.000,145.861,14.80,12.80
6401,200.000,122.085,14.20,12.20
6402,250.000,133.424,14.00,12.00
6403,350.000,159.660,14.20,12.20
6404,500.000,213.595,14.80,12.80
6405,450.000,193.188,15.76,13.76
6406,300.000,145.861,17.00,15.00
6407,200.000,122.085,18.45,16.45
6408,250.000,133.424,20.00,18.00
6409,350.000,159.660,21.55,19.55
6410,500.000,213.595,23.00,21.00
6411,450.000,193.188,24.24,22.24
6412,300.000,145.946,25.20,23.20
6413,200.000,122.375,25.80,23.80
6414,250.000,133.822,26.00,24.00
6415,350.000,160.031,25.80,23.80
6416,500.000,213.707,25.20,23.20
6417,450.000,193.188,24.24,22.24
6418,300.000,145.861,23.00,21.00
6419,200.000,122.085,21.55,19.55
6420,250.000,133.424,20.00,18.00
6421,350.000,159.660,18.45,16.45
6422,500.000,213.595,17.00,15.00
6423,450.000,193.188,15.76,13.76
6424,300.000,145.861,14.80,12.80
6425,200.000,122.085,14.20,12.20
6426,250.000,133.424,14.00,12.00
6427,350.000,159.660,14.20,12.20
6428,500.000,213.595,14.80,12.80
6429,450.000,193.188,15.76,13.76
6430,300.000,145.861,17.00,15.00
6431,200.000,122.085,18.45,16.45
6432,250.000,133.424,20.00,18.00
6433,350.000,159.660,21.55,19.55
6434,500.000,213.595,23.00,21.00
6435,450.000,193.188,24.24,22.24
6436,300.000,145.946,25.20,23.20
6437,200.000,122.375,25.80,23.80
6438,250.000,133.822,26.00,24.00
6439,350.000,160.031,25.80,23.80
6440,500.000,213.707,25.20,23.20
6441,450.000,193.188,24.24,22.24
6442,300.000,145.861,23.00,21.00
6443,200.000,122.085,21.55,19.55
6444,250.000,133.424,20.00,18.00
6445,350.000,159.660,18.45,16.45
6446,500.000,213.595,17.00,15.00
6447,450.000,193.188,15.76,13.76
6448,300.000,145.861,14.80,12.80
6449,200.000,122.085,14.20,12.20
6450,250.000,133.424,14.00,12.00
6451,350.000,159.660,14.20,12.20
6452,500.000,213.595,14.80,12.80
6453,450.000,193.188,15.76,13.76
6454,300.000,145.861,17.00,15.00
6455,200.000,122.085,18.45,16.45
6456,250.000,133.424,20.00,18.00
6457,350.000,159.660,21.55,19.55
6458,500.000,213.595,23.00,21.00
6459,450.000,193.188,24.24,22.24
6460,300.000,145.946,25.20,23.20
6461,200.000,122.375,25.80,23.80
6462,250.000,133.822,26.00,24.00
6463,350.000,160.031,25.80,23.80
6464,500.000,213.707,25.20,23.20
6465,450.000,193.188,24.24,22.24
6466,300.000,145.861,23.00,21.00
6467,200.000,122.085,21.55,19.55
6468,250.000,133.424,20.00,18.00
6469,350.000,159.660,18.45,16.45
6470,500.000,213.595,17.00,15.00
6471,450.000,193.188,15.76,13.76
6472,300.000,145.861,14.80,12.80
6473,200.000,122.085,14.20,12.20
6474,250.000,133.424,14.00,12.00
6475,350.000,159.660,14.20,12.20
6476,500.000,213.595,14.80,12.80
6477,450.000,193.188,15.76,13.76
6478,300.000,145.861,17.00,15.00
6479,200.000,122.085,18.45,16.45
6480,250.000,133.424,20.00,18.00
6481,350.000,159.660,21.55,19.55
6482,500.000,213.595,23.00,21.00
6483,450.000,193.188,24.24,22.24
6484,300.000,145.946,25.20,23.20
6485,200.000,122.375,25.80,23.80
6486,250.000,133.822,26.00,24.00
6487,350.000,160.031,25.80,23.80
6488,500.000,213.707,25.20,23.20
6489,450.000,193.188,24.24,22.24
6490,300.000,145.861,23.00,21.00
6491,200.000,122.085,21.55,19.55
6492,250.000,133.424,20.00,18.00
6493,350.000,159.660,18.45,16.45
6494,500.000,213.595,17.00,15.00
6495,450.000,193.188,15.76,13.76
6496,300.000,145.861,14.80,12.80
6497,200.000,122.085,14.20,12.20
6498,250.000,133.424,14.00,12.00
6499,350.000,159.660,14.20,12.20
6500,500.000,213.595,14.80,12.80
6501,450.000,193.188,15.76,13.76
6502,300.000,145.861,17.00,15.00
6503,200.000,122.085,18.45,16.45
6504,250.000,133.424,20.00,18.00
6505,350.000,159.660,21.55,19.55
6506,500.000,213.595,23.00,21.00
6507,450.000,193.188,24.24,22.24
6508,300.000,145.946,25.20,23.20
6509,200.000,122.375,25.80,23.80
6510,250.000,133.822,26.00,24.00
6511,350.000,160.031,25.80,23.80
6512,500.000,213.707,25.20,23.20
6513,450.000,193.188,24.24,22.24
6514,300.000,145.861,23.00,21.00
6515,200.000,122.085,21.55,19.55
6516,250.000,133.424,20.00,18.00
6517,350.000,159.660,18.45,16.45
6518,500.000,213.595,17.00,15.00
6519,450.000,193.188,15.76,13.76
6520,300.000,145.861,14.80,12.80
6521,200.000,122.085,14.20,12.20
6522,250.000,133.424,14.00,12.00
6523,350.000,159.660,14.20,12.20
6524,500.000,213.595,14.80,12.80
6525,450.000,193.188,15.76,13.76
6526,300.000,145.861,17.00,15.00
6527,200.000,122.085,18.45,16.45
6528,250.000,133.424,20.00,18.00
6529,350.000,159.660,21.55,19.55
6530,500.000,213.595,23.00,21.00
6531,450.000,193.188,24.24,22.24
6532,300.000,145.946,25.20,23.20
6533,200.000,122.375,25.80,23.80
6534,250.000,133.822,26.00,24.00
6535,350.000,160.031,25.80,23.80
6536,500.000,213.707,25.20,23.20
6537,450.000,193.188,24.24,22.24
6538,300.000,145.861,23.00,21.00
6539,200.000,122.085,21.55,19.55
6540,250.000,133.424,20.00,18.00
6541,350.000,159.660,18.45,16.45
6542,500.000,213.595,17.00,15.00
6543,450.000,193.188,15.76,13.76
6544,300.000,145.861,14.80,12.80
6545,200.000,122.085,14.20,12.20
6546,250.000,133.424,14.00,12.00
6547,350.000,159.660,14.20,12.20
6548,500.000,213.595,14.80,12.80
6549,450.000,193.188,15.76,13.76
6550,300.000,145.861,17.00,15.00
6551,200.000,122.085,18.45,16.45
6552,250.000,133.424,20.00,18.00
6553,350.000,159.660,21.55,19.55
6554,500.000,213.595,23.00,21.00
6555,450.000,193.188,24.24,22.24
6556,300.000,145.946,25.20,23.20
6557,200.000,122.375,25.80,23.80
6558,250.000,133.822,26.00,24.00
6559,350.000,160.031,25.80,23.80
6560,500.000,213.707,25.20,23.20
6561,450.000,193.188,24.24,22.24
6562,300.000,145.861,23.00,21.00
6563,200.000,122.085,21.55,19.55
6564,250.000,133.424,20.00,18.00
6565,350.000,159.660,18.45,16.45
6566,500.000,213.595,17.00,15.00
6567,450.000,193.188,15.76,13.76
6568,300.000,145.861,14.80,12.80
6569,200.000,122.085,14.20,12.20
6570,250.000,133.424,14.00,12.00
6571,350.000,159.660,14.20,12.20
6572,500.000,213.595,14.80,12.80
6573,450.000,193.188,15.76,13.76
6574,300.000,145.861,17.00,15.00
6575,200.000,122.085,18.45,16.45
6576,250.000,133.424,20.00,18.00
6577,350.000,159.660,21.55,19.55
6578,500.000,213.595,23.00,21.00
6579,450.000,193.188,24.24,22.24
6580,300.000,145.946,25.20,23.20
6581,200.000,122.375,25.80,23.80
6582,250.000,133.822,26.00,24.00
6583,350.000,160.031,25.80,23.80
6584,500.000,213.707,25.20,23.20
6585,450.000,193.188,24.24,22.24
6586,300.000,145.861,23.00,21.00
6587,200.000,122.085,21.55,19.55
6588,250.000,133.424,20.00,18.00
6589,350.000,159.660,18.45,16.45
6590,500.000,213.595,17.00,15.00
6591,450.000,193.188,15.76,13.76
6592,300.000,145.861,14.80,12.80
6593,200.000,122.085,14.20,12.20
6594,250.000,133.424,14.00,12.00
6595,350.000,159.660,14.20,12.20
6596,500.000,213.595,14.80,12.80
6597,450.000,193.188,15.76,13.76
6598,300.000,145.861,17.00,15.00
6599,200.000,122.085,18.45,16.45
6600,250.000,133.424,20.00,18.00
6601,350.000,159.660,21.55,19.55
6602,500.000,213.595,23.00,21.00
6603,450.000,193.188,24.24,22.24
6604,300.000,145.946,25.20,23.20
6605,200.000,122.375,25.80,23.80
6606,250.000,133.822,26.00,24.00
6607,350.000,160.031,25.80,23.80
6608,500.000,213.707,25.20,23.20
6609,450.000,193.188,24.24,22.24
6610,300.000,145.861,23.00,21.00
6611,200.000,122.085,21.55,19.55
6612,250.000,133.424,20.00,18.00
6613,350.000,159.660,18.45,16.45
6614,500.000,213.595,17.00,15.00
6615,450.000,193.188,15.76,13.76
6616,300.000,145.861,14.80,12.80
6617,200.000,122.085,14.20,12.20
6618,250.000,133.424,14.00,12.00
6619,350.000,159.660,14.20,12.20
6620,500.000,213.595,14.80,12.80
6621,450.000,193.188,15.76,13.76
6622,300.000,145.861,17.00,15.00
6623,200.000,122.085,18.45,16.45
6624,250.000,133.424,20.00,18.00
6625,350.000,159.660,21.55,19.55
6626,500.000,213.595,23.00,21.00
6627,450.000,193.188,24.24,22.24
6628,300.000,145.946,25.20,23.20
6629,200.000,122.375,25.80,23.80
6630,250.000,133.822,26.00,24.00
6631,350.000,160.031,25.80,23.80
6632,500.000,213.707,25.20,23.20
6633,450.000,193.188,24.24,22.24
6634,300.000,145.861,23.00,21.00
6635,200.000,122.085,21.55,19.55
6636,250.000,133.424,20.00,18.00
6637,350.000,159.660,18.45,16.45
6638,500.000,213.595,17.00,15.00
6639,450.000,193.188,15.76,13.76
6640,300.000,145.861,14.80,12.80
6641,200.000,122.085,14.20,12.20
6642,250.000,133.424,14.00,12.00
6643,350.000,159.660,14.20,12.20
6644,500.000,213.595,14.80,12.80
6645,450.000,193.188,15.76,13.76
6646,300.000,145.861,17.00,15.00
6647,200.000,122.085,18.45,16.45
6648,250.000,133.424,20.00,18.00
6649,350.000,159.660,21.55,19.55
6650,500.000,213.595,23.00,21.00
6651,450.000,193.188,24.24,22.24
6652,300.000,145.946,25.20,23.20
6653,200.000,122.375,25.80,23.80
6654,250.000,133.822,26.00,24.00
6655,350.000,160.031,25.80,23.80
6656,500.000,213.707,25.20,23.20
6657,450.000,193.188,24.24,22.24
6658,300.000,145.861,23.00,21.00
6659,200.000,122.085,21.55,19.55
6660,250.000,133.424,20.00,18.00
6661,350.000,159.660,18.45,16.45
6662,500.000,213.595,17.00,15.00
6663,450.000,193.188,15.76,13.76
6664,300.000,145.861,14.80,12.80
6665,200.000,122.085,14.20,12.20
6666,250.000,133.424,14.00,12.00
6667,350.000,159.660,14.20,12.20
6668,500.000,213.595,14.80,12.80
6669,450.000,193.188,15.76,13.76
6670,300.000,145.861,17.00,15.00
6671,200.000,122.085,18.45,16.45
6672,250.000,133.424,20.00,18.00
6673,350.000,159.660,21.55,19.55
6674,500.000,213.595,23.00,21.00
6675,450.000,193.188,24.24,22.24
6676,300.000,145.946,25.20,23.20
6677,200.000,122.375,25.80,23.80
6678,250.000,133.822,26.00,24.00
6679,350.000,160.031,25.80,23.80
6680,500.000,213.707,25.20,23.20
6681,450.000,193.188,24.24,22.24
6682,300.000,145.861,23.00,21.00
6683,200.000,122.085,21.55,19.55
6684,250.000,133.424,20.00,18.00
6685,350.000,159.660,18.45,16.45
6686,500.000,213.595,17.00,15.00
6687,450.000,193.188,15.76,13.76
6688,300.000,145.861,14.80,12.80
6689,200.000,122.085,14.20,12.20
6690,250.000,133.424,14.00,12.00
6691,350.000,159.660,14.20,12.20
6692,500.000,213.595,14.80,12.80
6693,450.000,193.188,15.76,13.76
6694,300.000,145.861,17.00,15.00
6695,200.000,122.085,18.45,16.45
6696,250.000,133.424,20.00,18.00
6697,350.000,159.660,21.55,19.55
6698,500.000,213.595,23.00,21.00
6699,450.000,193.188,24.24,22.24
6700,300.000,145.946,25.20,23.20
6701,200.000,122.375,25.80,23.80
6702,250.000,133.822,26.00,24.00
6703,350.000,160.031,25.80,23.80
6704,500.000,213.707,25.20,23.20
6705,450.000,193.188,24.24,22.24
6706,300.000,145.861,23.00,21.00
6707,200.000,122.085,21.55,19.55
6708,250.000,133.424,20.00,18.00
6709,350.000,159.660,18.45,16.45
6710,500.000,213.595,17.00,15.00
6711,450.000,193.188,15.76,13.76
6712,300.000,145.861,14.80,12.80
6713,200.000,122.085,14.20,12.20
6714,250.000,133.424,14.00,12.00
6715,350.000,159.660,14.20,12.20
6716,500.000,213.595,14.80,12.80
6717,450.000,193.188,15.76,13.76
6718,300.000,145.861,17.00,15.00
6719,200.000,122.085,18.45,16.45
6720,250.000,133.424,20.00,18.00
6721,350.000,159.660,21.55,19.55
6722,500.000,213.595,23.00,21.00
6723,450.000,193.188,24.24,22.24
6724,300.000,145.946,25.20,23.20
6725,200.000,122.375,25.80,23.80
6726,250.000,133.822,26.00,24.00
6727,350.000,160.031,25.80,23.80
6728,500.000,213.707,25.20,23.20
6729,450.000,193.188,24.24,22.24
6730,300.000,145.861,23.00,21.00
6731,200.000,122.085,21.55,19.55
6732,250.000,133.424,20.00,18.00
6733,350.000,159.660,18.45,16.45
6734,500.000,213.595,17.00,15.00
6735,450.000,193.188,15.76,13.76
6736,300.000,145.861,14.80,12.80
6737,200.000,122.085,14.20,12.20
6738,250.000,133.424,14.00,12.00
6739,350.000,159.660,14.20,12.20
6740,500.000,213.595,14.80,12.80
6741,450.000,193.188,15.76,13.76
6742,300.000,145.861,17.00,15.00
6743,200.000,122.085,18.45,16.45
6744,250.000,133.424,20.00,18.00
6745,350.000,159.660,21.55,19.55
6746,500.000,213.595,23.00,21.00
6747,450.000,193.188,24.24,22.24
6748,300.000,145.946,25.20,23.20
6749,200.000,122.375,25.80,23.80
6750,250.000,133.822,26.00,24.00
6751,350.000,160.031,25.80,23.80
6752,500.000,213.707,25.20,23.20
6753,450.000,193.188,24.24,22.24
6754,300.000,145.861,23.00,21.00
6755,200.000,122.085,21.55,19.55
6756,250.000,133.424,20.00,18.00
6757,350.000,159.660,18.45,16.45
6758,500.000,213.595,17.00,15.00
6759,450.000,193.188,15.76,13.76
6760,300.000,145.861,14.80,12.80
6761,200.000,122.085,14.20,12.20
6762,250.000,133.424,14.00,12.00
6763,350.000,159.660,14.20,12.20
6764,500.000,213.595,14.80,12.80
6765,450.000,193.188,15.76,13.76
6766,300.000,145.861,17.00,15.00
6767,200.000,122.085,18.45,16.45
6768,250.000,133.424,20.00,18.00
6769,350.000,159.660,21.55,19.55
6770,500.000,213.595,23.00,21.00
6771,450.000,193.188,24.24,22.24
6772,300.000,145.946,25.20,23.20
6773,200.000,122.375,25.80,23.80
6774,250.000,133.822,26.00,24.00
6775,350.000,160.031,25.80,23.80
6776,500.000,213.707,25.20,23.20
6777,450.000,193.188,24.24,22.24
6778,300.000,145.861,23.00,21.00
6779,200.000,122.085,21.55,19.55
6780,250.000,133.424,20.00,18.00
6781,350.000,159.660,18.45,16.45
6782,500.000,213.595,17.00,15.00
6783,450.000,193.188,15.76,13.76
6784,300.000,145.861,14.80,12.80
6785,200.000,122.085,14.20,12.20
6786,250.000,133.424,14.00,12.00
6787,350.000,159.660,14.20,12.20
6788,500.000,213.595,14.80,12.80
6789,450.000,193.188,15.76,13.76
6790,300.000,145.861,17.00,15.00
6791,200.000,122.085,18.45,16.45
6792,250.000,133.424,20.00,18.00
6793,350.000,159.660,21.55,19.55
6794,500.000,213.595,23.00,21.00
6795,450.000,193.188,24.24,22.24
6796,300.000,145.946,25.20,23.20
6797,200.000,122.375,25.80,23.80
6798,250.000,133.822,26.00,24.00
6799,350.000,160.031,25.80,23.80
6800,500.000,213.707,25.20,23.20
6801,450.000,193.188,24.24,22.24
6802,300.000,145.861,23.00,21.00
6803,200.000,122.085,21.55,19.55
6804,250.000,133.424,20.00,18.00
6805,350.000,159.660,18.45,16.45
6806,500.000,213.595,17.00,15.00
6807,450.000,193.188,15.76,13.76
6808,300.000,145.861,14.80,12.80
6809,200.000,122.085,14.20,12.20
6810,250.000,133.424,14.00,12.00
6811,350.000,159.660,14.20,12.20
6812,500.000,213.595,14.80,12.80
6813,450.000,193.188,15.76,13.76
6814,300.000,145.861,17.00,15.00
6815,200.000,122.085,18.45,16.45
6816,250.000,133.424,20.00,18.00
6817,350.000,159.660,21.55,19.55
6818,500.000,213.595,23.00,21.00
6819,450.000,193.188,24.24,22.24
6820,300.000,145.946,25.20,23.20
6821,200.000,122.375,25.80,23.80
6822,250.000,133.822,26.00,24.00
6823,350.000,160.031,25.80,23.80
6824,500.000,213.707,25.20,23.20
6825,450.000,193.188,24.24,22.24
6826,300.000,145.861,23.00,21.00
6827,200.000,122.085,21.55,19.55
6828,250.000,133.424,20.00,18.00
6829,350.000,159.660,18.45,16.45
6830,500.000,213.595,17.00,15.00
6831,450.000,193.188,15.76,13.76
6832,300.000,145.861,14.80,12.80
6833,200.000,122.085,14.20,12.20
6834,250.000,133.424,14.00,12.00
6835,350.000,159.660,14.20,12.20
6836,500.000,213.595,14.80,12.80
6837,450.000,193.188,15.76,13.76
6838,300.000,145.861,17.00,15.00
6839,200.000,122.085,18.45,16.45
6840,250.000,133.424,20.00,18.00
6841,350.000,159.660,21.55,19.55
6842,500.000,213.595,23.00,21.00
6843,450.000,193.188,24.24,22.24
6844,300.000,145.946,25.20,23.20
6845,200.000,122.375,25.80,23.80
6846,250.000,133.822,26.00,24.00
6847,350.000,160.031,25.80,23.80
6848,500.000,213.707,25.20,23.20
6849,450.000,193.188,24.24,22.24
6850,300.000,145.861,23.00,21.00
6851,200.000,122.085,21.55,19.55
6852,250.000,133.424,20.00,18.00
6853,350.000,159.660,18.45,16.45
6854,500.000,213.595,17.00,15.00
6855,450.000,193.188,15.76,13.76
6856,300.000,145.861,14.80,12.80
6857,200.000,122.085,14.20,12.20
6858,250.000,133.424,14.00,12.00
6859,350.000,159.660,14.20,12.20
6860,500.000,213.595,14.80,12.80
6861,450.000,193.188,15.76,13.76
6862,300.000,145.861,17.00,15.00
6863,200.000,122.085,18.45,16.45
6864,250.000,133.424,20.00,18.00
6865,350.000,159.660,21.55,19.55
6866,500.000,213.595,23.00,21.00
6867,450.000,193.188,24.24,22.24
6868,300.000,145.946,25.20,23.20
6869,200.000,122.375,25.80,23.80
6870,250.000,133.822,26.00,24.00
6871,350.000,160.031,25.80,23.80
6872,500.000,213.707,25.20,23.20
6873,450.000,193.188,24.24,22.24
6874,300.000,145.861,23.00,21.00
6875,200.000,122.085,21.55,19.55
6876,250.000,133.424,20.00,18.00
6877,350.000,159.660,18.45,16.45
6878,500.000,213.595,17.00,15.00
6879,450.000,193.188,15.76,13.76
6880,300.000,145.861,14.80,12.80
6881,200.000,122.085,14.20,12.20
6882,250.000,133.424,14.00,12.00
6883,350.000,159.660,14.20,12.20
6884,500.000,213.595,14.80,12.80
6885,450.000,193.188,15.76,13.76
6886,300.000,145.861,17.00,15.00
6887,200.000,122.085,18.45,16.45
6888,250.000,133.424,20.00,18.00
6889,350.000,159.660,21.55,19.55
6890,500.000,213.595,23.00,21.00
6891,450.000,193.188,24.24,22.24
6892,300.000,145.946,25.20,23.20
6893,200.000,122.375,25.80,23.80
6894,250.000,133.822,26.00,24.00
6895,350.000,160.031,25.80,23.80
6896,500.000,213.707,25.20,23.20
6897,450.000,193.188,24.24,22.24
6898,300.000,145.861,23.00,21.00
6899,200.000,122.085,21.55,19.55
6900,250.000,133.424,20.00,18.00
6901,350.000,159.660,18.45,16.45
6902,500.000,213.595,17.00,15.00
6903,450.000,193.188,15.76,13.76
6904,300.000,145.861,14.80,12.80
6905,200.000,122.085,14.20,12.20
6906,250.000,133.424,14.00,12.00
6907,350.000,159.660,14.20,12.20
6908,500.000,213.595,14.80,12.80
6909,450.000,193.188,15.76,13.76
6910,300.000,145.861,17.00,15.00
6911,200.000,122.085,18.45,16.45
6912,250.000,133.424,20.00,18.00
6913,350.000,159.660,21.55,19.55
6914,500.000,213.595,23.00,21.00
6915,450.000,193.188,24.24,22.24
6916,300.000,145.946,25.20,23.20
6917,200.000,122.375,25.80,23.80
6918,250.000,133.822,26.00,24.00
6919,350.000,160.031,25.80,23.80
6920,500.000,213.707,25.20,23.20
6921,450.000,193.188,24.24,22.24
6922,300.000,145.861,23.00,21.00
6923,200.000,122.085,21.55,19.55
6924,250.000,133.424,20.00,18.00
6925,350.000,159.660,18.45,16.45
6926,500.000,213.595,17.00,15.00
6927,450.000,193.188,15.76,13.76
6928,300.000,145.861,14.80,12.80
6929,200.000,122.085,14.20,12.20
6930,250.000,133.424,14.00,12.00
6931,350.000,159.660,14.20,12.20
6932,500.000,213.595,14.80,12.80
6933,450.000,193.188,15.76,13.76
6934,300.000,145.861,17.00,15.00
6935,200.000,122.085,18.45,16.45
6936,250.000,133.424,20.00,18.00
6937,350.000,159.660,21.55,19.55
6938,500.000,213.595,23.00,21.00
6939,450.000,193.188,24.24,22.24
6940,300.000,145.946,25.20,23.20
6941,200.000,122.375,25.80,23.80
6942,250.000,133.822,26.00,24.00
6943,350.000,160.031,25.80,23.80
6944,500.000,213.707,25.20,23.20
6945,450.000,193.188,24.24,22.24
6946,300.000,145.861,23.00,21.00
6947,200.000,122.085,21.55,19.55
6948,250.000,133.424,20.00,18.00
6949,350.000,159.660,18.45,16.45
6950,500.000,213.595,17.00,15.00
6951,450.000,193.188,15.76,13.76
6952,300.000,145.861,14.80,12.80
6953,200.000,122.085,14.20,12.20
6954,250.000,133.424,14.00,12.00
6955,350.000,159.660,14.20,12.20
6956,500.000,213.595,14.80,12.80
6957,450.000,193.188,15.76,13.76
6958,300.000,145.861,17.00,15.00
6959,200.000,122.085,18.45,16.45
6960,250.000,133.424,20.00,18.00
6961,350.000,159.660,21.55,19.55
6962,500.000,213.595,23.00,21.00
6963,450.000,193.188,24.24,22.24
6964,300.000,145.946,25.20,23.20
6965,200.000,122.375,25.80,23.80
6966,250.000,133.822,26.00,24.00
6967,350.000,160.031,25.80,23.80
6968,500.000,213.707,25.20,23.20
6969,450.000,193.188,24.24,22.24
6970,300.000,145.861,23.00,21.00
6971,200.000,122.085,21.55,19.55
6972,250.000,133.424,20.00,18.00
6973,350.000,159.660,18.45,16.45
6974,500.000,213.595,17.00,15.00
6975,450.000,193.188,15.76,13.76
6976,300.000,145.861,14.80,12.80
6977,200.000,122.085,14.20,12.20
6978,250.000,133.424,14.00,12.00
6979,350.000,159.660,14.20,12.20
6980,500.000,213.595,14.80,12.80
6981,450.000,193.188,15.76,13.76
6982,300.000,145.861,17.00,15.00
6983,200.000,122.085,18.45,16.45
6984,250.000,133.424,20.00,18.00
6985,350.000,159.660,21.55,19.55
6986,500.000,213.595,23.00,21.00
6987,450.000,193.188,24.24,22.24
6988,300.000,145.946,25.20,23.20
6989,200.000,122.375,25.80,23.80
6990,250.000,133.822,26.00,24.00
6991,350.000,160.031,25.80,23.80
6992,500.000,213.707,25.20,23.20
6993,450.000,193.188,24.24,22.24
6994,300.000,145.861,23.00,21.00
6995,200.000,122.085,21.55,19.55
6996,250.000,133.424,20.00,18.00
6997,350.000,159.660,18.45,16.45
6998,500.000,213.595,17.00,15.00
6999,450.000,193.188,15.76,13.76
7000,300.000,145.861,14.80,12.80
7001,200.000,122.085,14.20,12.20
7002,250.000,133.424,14.00,12.00
7003,350.000,159.660,14.20,12.20
7004,500.000,213.595,14.80,12.80
7005,450.000,193.188,15.76,13.76
7006,300.000,145.861,17.00,15.00
7007,200.000,122.085,18.45,16.45
7008,250.000,133.424,20.00,18.00
7009,350.000,159.660,21.55,19.55
7010,500.000,213.595,23.00,21.00
7011,450.000,193.188,24.24,22.24
7012,300.000,145.946,25.20,23.20
7013,200.000,122.375,25.80,23.80
7014,250.000,133.822,26.00,24.00
7015,350.000,160.031,25.80,23.80
7016,500.000,213.707,25.20,23.20
7017,450.000,193.188,24.24,22.24
7018,300.000,145.861,23.00,21.00
7019,200.000,122.085,21.55,19.55
7020,250.000,133.424,20.00,18.00
7021,350.000,159.660,18.45,16.45
7022,500.000,213.595,17.00,15.00
7023,450.000,193.188,15.76,13.76
7024,300.000,145.861,14.80,12.80
7025,200.000,122.085,14.20,12.20
7026,250.000,133.424,14.00,12.00
7027,350.000,159.660,14.20,12.20
7028,500.000,213.595,14.80,12.80
7029,450.000,193.188,15.76,13.76
7030,300.000,145.861,17.00,15.00
7031,200.000,122.085,18.45,16.45
7032,250.000,133.424,20.00,18.00
7033,350.000,159.660,21.55,19.55
7034,500.000,213.595,23.00,21.00
7035,450.000,193.188,24.24,22.24
7036,300.000,145.946,25.20,23.20
7037,200.000,122.375,25.80,23.80
7038,250.000,133.822,26.00,24.00
7039,350.000,160.031,25.80,23.80
7040,500.000,213.707,25.20,23.20
7041,450.000,193.188,24.24,22.24
7042,300.000,145.861,23.00,21.00
7043,200.000,122.085,21.55,19.55
7044,250.000,133.424,20.00,18.00
7045,350.000,159.660,18.45,16.45
7046,500.000,213.595,17.00,15.00
7047,450.000,193.188,15.76,13.76
7048,300.000,145.861,14.80,12.80
7049,200.000,122.085,14.20,12.20
7050,250.000,133.424,14.00,12.00
7051,350.000,159.660,14.20,12.20
7052,500.000,213.595,14.80,12.80
7053,450.000,193.188,15.76,13.76
7054,300.000,145.861,17.00,15.00
7055,200.000,122.085,18.45,16.45
7056,250.000,133.424,20.00,18.00
7057,350.000,159.660,21.55,19.55
7058,500.000,213.595,23.00,21.00
7059,450.000,193.188,24.24,22.24
7060,300.000,145.946,25.20,23.20
7061,200.000,122.375,25.80,23.80
7062,250.000,133.822,26.00,24.00
7063,350.000,160.031,25.80,23.80
7064,500.000,213.707,25.20,23.20
7065,450.000,193.188,24.24,22.24
7066,300.000,145.861,23.00,21.00
7067,200.000,122.085,21.55,19.55
7068,250.000,133.424,20.00,18.00
7069,350.000,159.660,18.45,16.45
7070,500.000,213.595,17.00,15.00
7071,450.000,193.188,15.76,13.76
7072,300.000,145.861,14.80,12.80
7073,200.000,122.085,14.20,12.20
7074,250.000,133.424,14.00,12.00
7075,350.000,159.660,14.20,12.20
7076,500.000,213.595,14.80,12.80
7077,450.000,193.188,15.76,13.76
7078,300.000,145.861,17.00,15.00
7079,200.000,122.085,18.45,16.45
7080,250.000,133.424,20.00,18.00
7081,350.000,159.660,21.55,19.55
7082,500.000,213.595,23.00,21.00
7083,450.000,193.188,24.24,22.24
7084,300.000,145.946,25.20,23.20
7085,200.000,122.375,25.80,23.80
7086,250.000,133.822,26.00,24.00
7087,350.000,160.031,25.80,23.80
7088,500.000,213.707,25.20,23.20
7089,450.000,193.188,24.24,22.24
7090,300.000,145.861,23.00,21.00
7091,200.000,122.085,21.55,19.55
7092,250.000,133.424,20.00,18.00
7093,350.000,159.660,18.45,16.45
7094,500.000,213.595,17.00,15.00
7095,450.000,193.188,15.76,13.76
7096,300.000,145.861,14.80,12.80
7097,200.000,122.085,14.20,12.20
7098,250.000,133.424,14.00,12.00
7099,350.000,159.660,14.20,12.20
7100,500.000,213.595,14.80,12.80
7101,450.000,193.188,15.76,13.76
7102,300.000,145.861,17.00,15.00
7103,200.000,122.085,18.45,16.45
7104,250.000,133.424,20.00,18.00
7105,350.000,159.660,21.55,19.55
7106,500.000,213.595,23.00,21.00
7107,450.000,193.188,24.24,22.24
7108,300.000,145.946,25.20,23.20
7109,200.000,122.375,25.80,23.80
7110,250.000,133.822,26.00,24.00
7111,350.000,160.031,25.80,23.80
7112,500.000,213.707,25.20,23.20
7113,450.000,193.188,24.24,22.24
7114,300.000,145.861,23.00,21.00
7115,200.000,122.085,21.55,19.55
7116,250.000,133.424,20.00,18.00
7117,350.000,159.660,18.45,16.45
7118,500.000,213.595,17.00,15.00
7119,450.000,193.188,15.76,13.76
7120,300.000,145.861,14.80,12.80
7121,200.000,122.085,14.20,12.20
7122,250.000,133.424,14.00,12.00
7123,350.000,159.660,14.20,12.20
7124,500.000,213.595,14.80,12.80
7125,450.000,193.188,15.76,13.76
7126,300.000,145.861,17.00,15.00
7127,200.000,122.085,18.45,16.45
7128,250.000,133.424,20.00,18.00
7129,350.000,159.660,21.55,19.55
7130,500.000,213.595,23.00,21.00
7131,450.000,193.188,24.24,22.24
7132,300.000,145.946,25.20,23.20
7133,200.000,122.375,25.80,23.80
7134,250.000,133.822,26.00,24.00
7135,350.000,160.031,25.80,23.80
7136,500.000,213.707,25.20,23.20
7137,450.000,193.188,24.24,22.24
7138,300.000,145.861,23.00,21.00
7139,200.000,122.085,21.55,19.55
7140,250.000,133.424,20.00,18.00
7141,350.000,159.660,18.45,16.45
7142,500.000,213.595,17.00,15.00
7143,450.000,193.188,15.76,13.76
7144,300.000,145.861,14.80,12.80
7145,200.000,122.085,14.20,12.20
7146,250.000,133.424,14.00,12.00
7147,350.000,159.660,14.20,12.20
7148,500.000,213.595,14.80,12.80
7149,450.000,193.188,15.76,13.76
7150,300.000,145.861,17.00,15.00
7151,200.000,122.085,18.45,16.45
7152,250.000,133.424,20.00,18.00
7153,350.000,159.660,21.55,19.55
7154,500.000,213.595,23.00,21.00
7155,450.000,193.188,24.24,22.24
7156,300.000,145.946,25.20,23.20
7157,200.000,122.375,25.80,23.80
7158,250.000,133.822,26.00,24.00
7159,350.000,160.031,25.80,23.80
7160,500.000,213.707,25.20,23.20
7161,450.000,193.188,24.24,22.24
7162,300.000,145.861,23.00,21.00
7163,200.000,122.085,21.55,19.55
7164,250.000,133.424,20.00,18.00
7165,350.000,159.660,18.45,16.45
7166,500.000,213.595,17.00,15.00
7167,450.000,193.188,15.76,13.76
7168,300.000,145.861,14.80,12.80
7169,200.000,122.085,14.20,12.20
7170,250.000,133.424,14.00,12.00
7171,350.000,159.660,14.20,12.20
7172,500.000,213.595,14.80,12.80
7173,450.000,193.188,15.76,13.76
7174,300.000,145.861,17.00,15.00
7175,200.000,122.085,18.45,16.45
7176,250.000,133.424,20.00,18.00
7177,350.000,159.660,21.55,19.55
7178,500.000,213.595,23.00,21.00
7179,450.000,193.188,24.24,22.24
7180,300.000,145.946,25.20,23.20
7181,200.000,122.375,25.80,23.80
7182,250.000,133.822,26.00,24.00
7183,350.000,160.031,25.80,23.80
7184,500.000,213.707,25.20,23.20
7185,450.000,193.188,24.24,22.24
7186,300.000,145.861,23.00,21.00
7187,200.000,122.085,21.55,19.55
7188,250.000,133.424,20.00,18.00
7189,350.000,159.660,18.45,16.45
7190,500.000,213.595,17.00,15.00
7191,450.000,193.188,15.76,13.76
7192,300.000,145.861,14.80,12.80
7193,200.000,122.085,14.20,12.20
7194,250.000,133.424,14.00,12.00
7195,350.000,159.660,14.20,12.20
7196,500.000,213.595,14.80,12.80
7197,450.000,193.188,15.76,13.76
7198,300.000,145.861,17.00,15.00
7199,200.000,122.085,18.45,16.45
7200,250.000,133.424,20.00,18.00
7201,350.000,159.660,21.55,19.55
7202,500.000,213.595,23.00,21.00
7203,450.000,193.188,24.24,22.24
7204,300.000,145.946,25.20,23.20
7205,200.000,122.375,25.80,23.80
7206,250.000,133.822,26.00,24.00
7207,350.000,160.031,25.80,23.80
7208,500.000,213.707,25.20,23.20
7209,450.000,193.188,24.24,22.24
7210,300.000,145.861,23.00,21.00
7211,200.000,122.085,21.55,19.55
7212,250.000,133.424,20.00,18.00
7213,350.000,159.660,18.45,16.45
7214,500.000,213.595,17.00,15.00
7215,450.000,193.188,15.76,13.76
7216,300.000,145.861,14.80,12.80
7217,200.000,122.085,14.20,12.20
7218,250.000,133.424,14.00,12.00
7219,350.000,159.660,14.20,12.20
7220,500.000,213.595,14.80,12.80
7221,450.000,193.188,15.76,13.76
7222,300.000,145.861,17.00,15.00
7223,200.000,122.085,18.45,16.45
7224,250.000,133.424,20.00,18.00
7225,350.000,159.660,21.55,19.55
7226,500.000,213.595,23.00,21.00
7227,450.000,193.188,24.24,22.24
7228,300.000,145.946,25.20,23.20
7229,200.000,122.375,25.80,23.80
7230,250.000,133.822,26.00,24.00
7231,350.000,160.031,25.80,23.80
7232,500.000,213.707,25.20,23.20
7233,450.000,193.188,24.24,22.24
7234,300.000,145.861,23.00,21.00
7235,200.000,122.085,21.55,19.55
7236,250.000,133.424,20.00,18.00
7237,350.000,159.660,18.45,16.45
7238,500.000,213.595,17.00,15.00
7239,450.000,193.188,15.76,13.76
7240,300.000,145.861,14.80,12.80
7241,200.000,122.085,14.20,12.20
7242,250.000,133.424,14.00,12.00
7243,350.000,159.660,14.20,12.20
7244,500.000,213.595,14.80,12.80
7245,450.000,193.188,15.76,13.76
7246,300.000,145.861,17.00,15.00
7247,200.000,122.085,18.45,16.45
7248,250.000,133.424,20.00,18.00
7249,350.000,159.660,21.55,19.55
7250,500.000,213.595,23.00,21.00
7251,450.000,193.188,24.24,22.24
7252,300.000,145.946,25.20,23.20
7253,200.000,122.375,25.80,23.80
7254,250.000,133.822,26.00,24.00
7255,350.000,160.031,25.80,23.80
7256,500.000,213.707,25.20,23.20
7257,450.000,193.188,24.24,22.24
7258,300.000,145.861,23.00,21.00
7259,200.000,122.085,21.55,19.55
7260,250.000,133.424,20.00,18.00
7261,350.000,159.660,18.45,16.45
7262,500.000,213.595,17.00,15.00
7263,450.000,193.188,15.76,13.76
7264,300.000,145.861,14.80,12.80
7265,200.000,122.085,14.20,12.20
7266,250.000,133.424,14.00,12.00
7267,350.000,159.660,14.20,12.20
7268,500.000,213.595,14.80,12.80
7269,450.000,193.188,15.76,13.76
7270,300.000,145.861,17.00,15.00
7271,200.000,122.085,18.45,16.45
7272,250.000,133.424,20.00,18.00
7273,350.000,159.660,21.55,19.55
7274,500.000,213.595,23.00,21.00
7275,450.000,193.188,24.24,22.24
7276,300.000,145.946,25.20,23.20
7277,200.000,122.375,25.80,23.80
7278,250.000,133.822,26.00,24.00
7279,350.000,160.031,25.80,23.80
7280,500.000,213.707,25.20,23.20
7281,450.000,193.188,24.24,22.24
7282,300.000,145.861,23.00,21.00
7283,200.000,122.085,21.55,19.55
7284,250.000,133.424,20.00,18.00
7285,350.000,159.660,18.45,16.45
7286,500.000,213.595,17.00,15.00
7287,450.000,193.188,15.76,13.76
7288,300.000,145.861,14.80,12.80
7289,200.000,122.085,14.20,12.20
7290,250.000,133.424,14.00,12.00
7291,350.000,159.660,14.20,12.20
7292,500.000,213.595,14.80,12.80
7293,450.000,193.188,15.76,13.76
7294,300.000,145.861,17.00,15.00
7295,200.000,122.085,18.45,16.45
7296,250.000,133.424,20.00,18.00
7297,350.000,159.660,21.55,19.55
7298,500.000,213.595,23.00,21.00
7299,450.000,193.188,24.24,22.24
7300,300.000,145.946,25.20,23.20
7301,200.000,122.375,25.80,23.80
7302,250.000,133.822,26.00,24.00
7303,350.000,160.031,25.80,23.80
7304,500.000,213.707,25.20,23.20
7305,450.000,193.188,24.24,22.24
7306,300.000,145.861,23.00,21.00
7307,200.000,122.085,21.55,19.55
7308,250.000,133.424,20.00,18.00
7309,350.000,159.660,18.45,16.45
7310,500.000,213.595,17.00,15.00
7311,450.000,193.188,15.76,13.76
7312,300.000,145.861,14.80,12.80
7313,200.000,122.085,14.20,12.20
7314,250.000,133.424,14.00,12.00
7315,350.000,159.660,14.20,12.20
7316,500.000,213.595,14.80,12.80
7317,450.000,193.188,15.76,13.76
7318,300.000,145.861,17.00,15.00
7319,200.000,122.085,18.45,16.45
7320,250.000,133.424,20.00,18.00
7321,350.000,159.660,21.55,19.55
7322,500.000,213.595,23.00,21.00
7323,450.000,193.188,24.24,22.24
7324,300.000,145.946,25.20,23.20
7325,200.000,122.375,25.80,23.80
7326,250.000,133.822,26.00,24.00
7327,350.000,160.031,25.80,23.80
7328,500.000,213.707,25.20,23.20
7329,450.000,193.188,24.24,22.24
7330,300.000,145.861,23.00,21.00
7331,200.000,122.085,21.55,19.55
7332,250.000,133.424,20.00,18.00
7333,350.000,159.660,18.45,16.45
7334,500.000,213.595,17.00,15.00
7335,450.000,193.188,15.76,13.76
7336,300.000,145.861,14.80,12.80
7337,200.000,122.085,14.20,12.20
7338,250.000,133.424,14.00,12.00
7339,350.000,159.660,14.20,12.20
7340,500.000,213.595,14.80,12.80
7341,450.000,193.188,15.76,13.76
7342,300.000,145.861,17.00,15.00
7343,200.000,122.085,18.45,16.45
7344,250.000,133.424,20.00,18.00
7345,350.000,159.660,21.55,19.55
7346,500.000,213.595,23.00,21.00
7347,450.000,193.188,24.24,22.24
7348,300.000,145.946,25.20,23.20
7349,200.000,122.375,25.80,23.80
7350,250.000,133.822,26.00,24.00
7351,350.000,160.031,25.80,23.80
7352,500.000,213.707,25.20,23.20
7353,450.000,193.188,24.24,22.24
7354,300.000,145.861,23.00,21.00
7355,200.000,122.085,21.55,19.55
7356,250.000,133.424,20.00,18.00
7357,350.000,159.660,18.45,16.45
7358,500.000,213.595,17.00,15.00
7359,450.000,193.188,15.76,13.76
7360,300.000,145.861,14.80,12.80
7361,200.000,122.085,14.20,12.20
7362,250.000,133.424,14.00,12.00
7363,350.000,159.660,14.20,12.20
7364,500.000,213.595,14.80,12.80
7365,450.000,193.188,15.76,13.76
7366,300.000,145.861,17.00,15.00
7367,200.000,122.085,18.45,16.45
7368,250.000,133.424,20.00,18.00
7369,350.000,159.660,21.55,19.55
7370,500.000,213.595,23.00,21.00
7371,450.000,193.188,24.24,22.24
7372,300.000,145.946,25.20,23.20
7373,200.000,122.375,25.80,23.80
7374,250.000,133.822,26.00,24.00
7375,350.000,160.031,25.80,23.80
7376,500.000,213.707,25.20,23.20
7377,450.000,193.188,24.24,22.24
7378,300.000,145.861,23.00,21.00
7379,200.000,122.085,21.55,19.55
7380,250.000,133.424,20.00,18.00
7381,350.000,159.660,18.45,16.45
7382,500.000,213.595,17.00,15.00
7383,450.000,193.188,15.76,13.76
7384,300.000,145.861,14.80,12.80
7385,200.000,122.085,14.20,12.20
7386,250.000,133.424,14.00,12.00
7387,350.000,159.660,14.20,12.20
7388,500.000,213.595,14.80,12.80
7389,450.000,193.188,15.76,13.76
7390,300.000,145.861,17.00,15.00
7391,200.000,122.085,18.45,16.45
7392,250.000,133.424,20.00,18.00
7393,350.000,159.660,21.55,19.55
7394,500.000,213.595,23.00,21.00
7395,450.000,193.188,24.24,22.24
7396,300.000,145.946,25.20,23.20
7397,200.000,122.375,25.80,23.80
7398,250.000,133.822,26.00,24.00
7399,350.000,160.031,25.80,23.80
7400,500.000,213.707,25.20,23.20
7401,450.000,193.188,24.24,22.24
7402,300.000,145.861,23.00,21.00
7403,200.000,122.085,21.55,19.55
7404,250.000,133.424,20.00,18.00
7405,350.000,159.660,18.45,16.45
7406,500.000,213.595,17.00,15.00
7407,450.000,193.188,15.76,13.76
7408,300.000,145.861,14.80,12.80
7409,200.000,122.085,14.20,12.20
7410,250.000,133.424,14.00,12.00
7411,350.000,159.660,14.20,12.20
7412,500.000,213.595,14.80,12.80
7413,450.000,193.188,15.76,13.76
7414,300.000,145.861,17.00,15.00
7415,200.000,122.085,18.45,16.45
7416,250.000,133.424,20.00,18.00
7417,350.000,159.660,21.55,19.55
7418,500.000,213.595,23.00,21.00
7419,450.000,193.188,24.24,22.24
7420,300.000,145.946,25.20,23.20
7421,200.000,122.375,25.80,23.80
7422,250.000,133.822,26.00,24.00
7423,350.000,160.031,25.80,23.80
7424,500.000,213.707,25.20,23.20
7425,450.000,193.188,24.24,22.24
7426,300.000,145.861,23.00,21.00
7427,200.000,122.085,21.55,19.55
7428,250.000,133.424,20.00,18.00
7429,350.000,159.660,18.45,16.45
7430,500.000,213.595,17.00,15.00
7431,450.000,193.188,15.76,13.76
7432,300.000,145.861,14.80,12.80
7433,200.000,122.085,14.20,12.20
7434,250.000,133.424,14.00,12.00
7435,350.000,159.660,14.20,12.20
7436,500.000,213.595,14.80,12.80
7437,450.000,193.188,15.76,13.76
7438,300.000,145.861,17.00,15.00
7439,200.000,122.085,18.45,16.45
7440,250.000,133.424,20.00,18.00
7441,350.000,159.660,21.55,19.55
7442,500.000,213.595,23.00,21.00
7443,450.000,193.188,24.24,22.24
7444,300.000,145.946,25.20,23.20
7445,200.000,122.375,25.80,23.80
7446,250.000,133.822,26.00,24.00
7447,350.000,160.031,25.80,23.80
7448,500.000,213.707,25.20,23.20
7449,450.000,193.188,24.24,22.24
7450,300.000,145.861,23.00,21.00
7451,200.000,122.085,21.55,19.55
7452,250.000,133.424,20.00,18.00
7453,350.000,159.660,18.45,16.45
7454,500.000,213.595,17.00,15.00
7455,450.000,193.188,15.76,13.76
7456,300.000,145.861,14.80,12.80
7457,200.000,122.085,14.20,12.20
7458,250.000,133.424,14.00,12.00
7459,350.000,159.660,14.20,12.20
7460,500.000,213.595,14.80,12.80
7461,450.000,193.188,15.76,13.76
7462,300.000,145.861,17.00,15.00
7463,200.000,122.085,18.45,16.45
7464,250.000,133.424,20.00,18.00
7465,350.000,159.660,21.55,19.55
7466,500.000,213.595,23.00,21.00
7467,450.000,193.188,24.24,22.24
7468,300.000,145.946,25.20,23.20
7469,200.000,122.375,25.80,23.80
7470,250.000,133.822,26.00,24.00
7471,350.000,160.031,25.80,23.80
7472,500.000,213.707,25.20,23.20
7473,450.000,193.188,24.24,22.24
7474,300.000,145.861,23.00,21.00
7475,200.000,122.085,21.55,19.55
7476,250.000,133.424,20.00,18.00
7477,350.000,159.660,18.45,16.45
7478,500.000,213.595,17.00,15.00
7479,450.000,193.188,15.76,13.76
7480,300.000,145.861,14.80,12.80
7481,200.000,122.085,14.20,12.20
7482,250.000,133.424,14.00,12.00
7483,350.000,159.660,14.20,12.20
7484,500.000,213.595,14.80,12.80
7485,450.000,193.188,15.76,13.76
7486,300.000,145.861,17.00,15.00
7487,200.000,122.085,18.45,16.45
7488,250.000,133.424,20.00,18.00
7489,350.000,159.660,21.55,19.55
7490,500.000,213.595,23.00,21.00
7491,450.000,193.188,24.24,22.24
7492,300.000,145.946,25.20,23.20
7493,200.000,122.375,25.80,23.80
7494,250.000,133.822,26.00,24.00
7495,350.000,160.031,25.80,23.80
7496,500.000,213.707,25.20,23.20
7497,450.000,193.188,24.24,22.24
7498,300.000,145.861,23.00,21.00
7499,200.000,122.085,21.55,19.55
7500,250.000,133.424,20.00,18.00
7501,350.000,159.660,18.45,16.45
7502,500.000,213.595,17.00,15.00
7503,450.000,193.188,15.76,13.76
7504,300.000,145.861,14.80,12.80
7505,200.000,122.085,14.20,12.20
7506,250.000,133.424,14.00,12.00
7507,350.000,159.660,14.20,12.20
7508,500.000,213.595,14.80,12.80
7509,450.000,193.188,15.76,13.76
7510,300.000,145.861,17.00,15.00
7511,200.000,122.085,18.45,16.45
7512,250.000,133.424,20.00,18.00
7513,350.000,159.660,21.55,19.55
7514,500.000,213.595,23.00,21.00
7515,450.000,193.188,24.24,22.24
7516,300.000,145.946,25.20,23.20
7517,200.000,122.375,25.80,23.80
7518,250.000,133.822,26.00,24.00
7519,350.000,160.031,25.80,23.80
7520,500.000,213.707,25.20,23.20
7521,450.000,193.188,24.24,22.24
7522,300.000,145.861,23.00,21.00
7523,200.000,122.085,21.55,19.55
7524,250.000,133.424,20.00,18.00
7525,350.000,159.660,18.45,16.45
7526,500.000,213.595,17.00,15.00
7527,450.000,193.188,15.76,13.76
7528,300.000,145.861,14.80,12.80
7529,200.000,122.085,14.20,12.20
7530,250.000,133.424,14.00,12.00
7531,350.000,159.660,14.20,12.20
7532,500.000,213.595,14.80,12.80
7533,450.000,193.188,15.76,13.76
7534,300.000,145.861,17.00,15.00
7535,200.000,122.085,18.45,16.45
7536,250.000,133.424,20.00,18.00
7537,350.000,159.660,21.55,19.55
7538,500.000,213.595,23.00,21.00
7539,450.000,193.188,24.24,22.24
7540,300.000,145.946,25.20,23.20
7541,200.000,122.375,25.80,23.80
7542,250.000,133.822,26.00,24.00
7543,350.000,160.031,25.80,23.80
7544,500.000,213.707,25.20,23.20
7545,450.000,193.188,24.24,22.24
7546,300.000,145.861,23.00,21.00
7547,200.000,122.085,21.55,19.55
7548,250.000,133.424,20.00,18.00
7549,350.000,159.660,18.45,16.45
7550,500.000,213.595,17.00,15.00
7551,450.000,193.188,15.76,13.76
7552,300.000,145.861,14.80,12.80
7553,200.000,122.085,14.20,12.20
7554,250.000,133.424,14.00,12.00
7555,350.000,159.660,14.20,12.20
7556,500.000,213.595,14.80,12.80
7557,450.000,193.188,15.76,13.76
7558,300.000,145.861,17.00,15.00
7559,200.000,122.085,18.45,16.45
7560,250.000,133.424,20.00,18.00
7561,350.000,159.660,21.55,19.55
7562,500.000,213.595,23.00,21.00
7563,450.000,193.188,24.24,22.24
7564,300.000,145.946,25.20,23.20
7565,200.000,122.375,25.80,23.80
7566,250.000,133.822,26.00,24.00
7567,350.000,160.031,25.80,23.80
7568,500.000,213.707,25.20,23.20
7569,450.000,193.188,24.24,22.24
7570,300.000,145.861,23.00,21.00
7571,200.000,122.085,21.55,19.55
7572,250.000,133.424,20.00,18.00
7573,350.000,159.660,18.45,16.45
7574,500.000,213.595,17.00,15.00
7575,450.000,193.188,15.76,13.76
7576,300.000,145.861,14.80,12.80
7577,200.000,122.085,14.20,12.20
7578,250.000,133.424,14.00,12.00
7579,350.000,159.660,14.20,12.20
7580,500.000,213.595,14.80,12.80
7581,450.000,193.188,15.76,13.76
7582,300.000,145.861,17.00,15.00
7583,200.000,122.085,18.45,16.45
7584,250.000,133.424,20.00,18.00
7585,350.000,159.660,21.55,19.55
7586,500.000,213.595,23.00,21.00
7587,450.000,193.188,24.24,22.24
7588,300.000,145.946,25.20,23.20
7589,200.000,122.375,25.80,23.80
7590,250.000,133.822,26.00,24.00
7591,350.000,160.031,25.80,23.80
7592,500.000,213.707,25.20,23.20
7593,450.000,193.188,24.24,22.24
7594,300.000,145.861,23.00,21.00
7595,200.000,122.085,21.55,19.55
7596,250.000,133.424,20.00,18.00
7597,350.000,159.660,18.45,16.45
7598,500.000,213.595,17.00,15.00
7599,450.000,193.188,15.76,13.76
7600,300.000,145.861,14.80,12.80
7601,200.000,122.085,14.20,12.20
7602,250.000,133.424,14.00,12.00
7603,350.000,159.660,14.20,12.20
7604,500.000,213.595,14.80,12.80
7605,450.000,193.188,15.76,13.76
7606,300.000,145.861,17.00,15.00
7607,200.000,122.085,18.45,16.45
7608,250.000,133.424,20.00,18.00
7609,350.000,159.660,21.55,19.55
7610,500.000,213.595,23.00,21.00
7611,450.000,193.188,24.24,22.24
7612,300.000,145.946,25.20,23.20
7613,200.000,122.375,25.80,23.80
7614,250.000,133.822,26.00,24.00
7615,350.000,160.031,25.80,23.80
7616,500.000,213.707,25.20,23.20
7617,450.000,193.188,24.24,22.24
7618,300.000,145.861,23.00,21.00
7619,200.000,122.085,21.55,19.55
7620,250.000,133.424,20.00,18.00
7621,350.000,159.660,18.45,16.45
7622,500.000,213.595,17.00,15.00
7623,450.000,193.188,15.76,13.76
7624,300.000,145.861,14.80,12.80
7625,200.000,122.085,14.20,12.20
7626,250.000,133.424,14.00,12.00
7627,350.000,159.660,14.20,12.20
7628,500.000,213.595,14.80,12.80
7629,450.000,193.188,15.76,13.76
7630,300.000,145.861,17.00,15.00
7631,200.000,122.085,18.45,16.45
7632,250.000,133.424,20.00,18.00
7633,350.000,159.660,21.55,19.55
7634,500.000,213.595,23.00,21.00
7635,450.000,193.188,24.24,22.24
7636,300.000,145.946,25.20,23.20
7637,200.000,122.375,25.80,23.80
7638,250.000,133.822,26.00,24.00
7639,350.000,160.031,25.80,23.80
7640,500.000,213.707,25.20,23.20
7641,450.000,193.188,24.24,22.24
7642,300.000,145.861,23.00,21.00
7643,200.000,122.085,21.55,19.55
7644,250.000,133.424,20.00,18.00
7645,350.000,159.660,18.45,16.45
7646,500.000,213.595,17.00,15.00
7647,450.000,193.188,15.76,13.76
7648,300.000,145.861,14.80,12.80
7649,200.000,122.085,14.20,12.20
7650,250.000,133.424,14.00,12.00
7651,350.000,159.660,14.20,12.20
7652,500.000,213.595,14.80,12.80
7653,450.000,193.188,15.76,13.76
7654,300.000,145.861,17.00,15.00
7655,200.000,122.085,18.45,16.45
7656,250.000,133.424,20.00,18.00
7657,350.000,159.660,21.55,19.55
7658,500.000,213.595,23.00,21.00
7659,450.000,193.188,24.24,22.24
7660,300.000,145.946,25.20,23.20
7661,200.000,122.375,25.80,23.80
7662,250.000,133.822,26.00,24.00
7663,350.000,160.031,25.80,23.80
7664,500.000,213.707,25.20,23.20
7665,450.000,193.188,24.24,22.24
7666,300.000,145.861,23.00,21.00
7667,200.000,122.085,21.55,19.55
7668,250.000,133.424,20.00,18.00
7669,350.000,159.660,18.45,16.45
7670,500.000,213.595,17.00,15.00
7671,450.000,193.188,15.76,13.76
7672,300.000,145.861,14.80,12.80
7673,200.000,122.085,14.20,12.20
7674,250.000,133.424,14.00,12.00
7675,350.000,159.660,14.20,12.20
7676,500.000,213.595,14.80,12.80
7677,450.000,193.188,15.76,13.76
7678,300.000,145.861,17.00,15.00
7679,200.000,122.085,18.45,16.45
7680,250.000,133.424,20.00,18.00
7681,350.000,159.660,21.55,19.55
7682,500.000,213.595,23.00,21.00
7683,450.000,193.188,24.24,22.24
7684,300.000,145.946,25.20,23.20
7685,200.000,122.375,25.80,23.80
7686,250.000,133.822,26.00,24.00
7687,350.000,160.031,25.80,23.80
7688,500.000,213.707,25.20,23.20
7689,450.000,193.188,24.24,22.24
7690,300.000,145.861,23.00,21.00
7691,200.000,122.085,21.55,19.55
7692,250.000,133.424,20.00,18.00
7693,350.000,159.660,18.45,16.45
7694,500.000,213.595,17.00,15.00
7695,450.000,193.188,15.76,13.76
7696,300.000,145.861,14.80,12.80
7697,200.000,122.085,14.20,12.20
7698,250.000,133.424,14.00,12.00
7699,350.000,159.660,14.20,12.20
7700,500.000,213.595,14.80,12.80
7701,450.000,193.188,15.76,13.76
7702,300.000,145.861,17.00,15.00
7703,200.000,122.085,18.45,16.45
7704,250.000,133.424,20.00,18.00
7705,350.000,159.660,21.55,19.55
7706,500.000,213.595,23.00,21.00
7707,450.000,193.188,24.24,22.24
7708,300.000,145.946,25.20,23.20
7709,200.000,122.375,25.80,23.80
7710,250.000,133.822,26.00,24.00
7711,350.000,160.031,25.80,23.80
7712,500.000,213.707,25.20,23.20
7713,450.000,193.188,24.24,22.24
7714,300.000,145.861,23.00,21.00
7715,200.000,122.085,21.55,19.55
7716,250.000,133.424,20.00,18.00
7717,350.000,159.660,18.45,16.45
7718,500.000,213.595,17.00,15.00
7719,450.000,193.188,15.76,13.76
7720,300.000,145.861,14.80,12.80
7721,200.000,122.085,14.20,12.20
7722,250.000,133.424,14.00,12.00
7723,350.000,159.660,14.20,12.20
7724,500.000,213.595,14.80,12.80
7725,450.000,193.188,15.76,13.76
7726,300.000,145.861,17.00,15.00
7727,200.000,122.085,18.45,16.45
7728,250.000,133.424,20.00,18.00
7729,350.000,159.660,21.55,19.55
7730,500.000,213.595,23.00,21.00
7731,450.000,193.188,24.24,22.24
7732,300.000,145.946,25.20,23.20
7733,200.000,122.375,25.80,23.80
7734,250.000,133.822,26.00,24.00
7735,350.000,160.031,25.80,23.80
7736,500.000,213.707,25.20,23.20
7737,450.000,193.188,24.24,22.24
7738,300.000,145.861,23.00,21.00
7739,200.000,122.085,21.55,19.55
7740,250.000,133.424,20.00,18.00
7741,350.000,159.660,18.45,16.45
7742,500.000,213.595,17.00,15.00
7743,450.000,193.188,15.76,13.76
7744,300.000,145.861,14.80,12.80
7745,200.000,122.085,14.20,12.20
7746,250.000,133.424,14.00,12.00
7747,350.000,159.660,14.20,12.20
7748,500.000,213.595,14.80,12.80
7749,450.000,193.188,15.76,13.76
7750,300.000,145.861,17.00,15.00
7751,200.000,122.085,18.45,16.45
7752,250.000,133.424,20.00,18.00
7753,350.000,159.660,21.55,19.55
7754,500.000,213.595,23.00,21.00
7755,450.000,193.188,24.24,22.24
7756,300.000,145.946,25.20,23.20
7757,200.000,122.375,25.80,23.80
7758,250.000,133.822,26.00,24.00
7759,350.000,160.031,25.80,23.80
7760,500.000,213.707,25.20,23.20
7761,450.000,193.188,24.24,22.24
7762,300.000,145.861,23.00,21.00
7763,200.000,122.085,21.55,19.55
7764,250.000,133.424,20.00,18.00
7765,350.000,159.660,18.45,16.45
7766,500.000,213.595,17.00,15.00
7767,450.000,193.188,15.76,13.76
7768,300.000,145.861,14.80,12.80
7769,200.000,122.085,14.20,12.20
7770,250.000,133.424,14.00,12.00
7771,350.000,159.660,14.20,12.20
7772,500.000,213.595,14.80,12.80
7773,450.000,193.188,15.76,13.76
7774,300.000,145.861,17.00,15.00
7775,200.000,122.085,18.45,16.45
7776,250.000,133.424,20.00,18.00
7777,350.000,159.660,21.55,19.55
7778,500.000,213.595,23.00,21.00
7779,450.000,193.188,24.24,22.24
7780,300.000,145.946,25.20,23.20
7781,200.000,122.375,25.80,23.80
7782,250.000,133.822,26.00,24.00
7783,350.000,160.031,25.80,23.80
7784,500.000,213.707,25.20,23.20
7785,450.000,193.188,24.24,22.24
7786,300.000,145.861,23.00,21.00
7787,200.000,122.085,21.55,19.55
7788,250.000,133.424,20.00,18.00
7789,350.000,159.660,18.45,16.45
7790,500.000,213.595,17.00,15.00
7791,450.000,193.188,15.76,13.76
7792,300.000,145.861,14.80,12.80
7793,200.000,122.085,14.20,12.20
7794,250.000,133.424,14.00,12.00
7795,350.000,159.660,14.20,12.20
7796,500.000,213.595,14.80,12.80
7797,450.000,193.188,15.76,13.76
7798,300.000,145.861,17.00,15.00
7799,200.000,122.085,18.45,16.45
7800,250.000,133.424,20.00,18.00
7801,350.000,159.660,21.55,19.55
7802,500.000,213.595,23.00,21.00
7803,450.000,193.188,24.24,22.24
7804,300.000,145.946,25.20,23.20
7805,200.000,122.375,25.80,23.80
7806,250.000,133.822,26.00,24.00
7807,350.000,160.031,25.80,23.80
7808,500.000,213.707,25.20,23.20
7809,450.000,193.188,24.24,22.24
7810,300.000,145.861,23.00,21.00
7811,200.000,122.085,21.55,19.55
7812,250.000,133.424,20.00,18.00
7813,350.000,159.660,18.45,16.45
7814,500.000,213.595,17.00,15.00
7815,450.000,193.188,15.76,13.76
7816,300.000,145.861,14.80,12.80
7817,200.000,122.085,14.20,12.20
7818,250.000,133.424,14.00,12.00
7819,350.000,159.660,14.20,12.20
7820,500.000,213.595,14.80,12.80
7821,450.000,193.188,15.76,13.76
7822,300.000,145.861,17.00,15.00
7823,200.000,122.085,18.45,16.45
7824,250.000,133.424,20.00,18.00
7825,350.000,159.660,21.55,19.55
7826,500.000,213.595,23.00,21.00
7827,450.000,193.188,24.24,22.24
7828,300.000,145.946,25.20,23.20
7829,200.000,122.375,25.80,23.80
7830,250.000,133.822,26.00,24.00
7831,350.000,160.031,25.80,23.80
7832,500.000,213.707,25.20,23.20
7833,450.000,193.188,24.24,22.24
7834,300.000,145.861,23.00,21.00
7835,200.000,122.085,21.55,19.55
7836,250.000,133.424,20.00,18.00
7837,350.000,159.660,18.45,16.45
7838,500.000,213.595,17.00,15.00
7839,450.000,193.188,15.76,13.76
7840,300.000,145.861,14.80,12.80
7841,200.000,122.085,14.20,12.20
7842,250.000,133.424,14.00,12.00
7843,350.000,159.660,14.20,12.20
7844,500.000,213.595,14.80,12.80
7845,450.000,193.188,15.76,13.76
7846,300.000,145.861,17.00,15.00
7847,200.000,122.085,18.45,16.45
7848,250.000,133.424,20.00,18.00
7849,350.000,159.660,21.55,19.55
7850,500.000,213.595,23.00,21.00
7851,450.000,193.188,24.24,22.24
7852,300.000,145.946,25.20,23.20
7853,200.000,122.375,25.80,23.80
7854,250.000,133.822,26.00,24.00
7855,350.000,160.031,25.80,23.80
7856,500.000,213.707,25.20,23.20
7857,450.000,193.188,24.24,22.24
7858,300.000,145.861,23.00,21.00
7859,200.000,122.085,21.55,19.55
7860,250.000,133.424,20.00,18.00
7861,350.000,159.660,18.45,16.45
7862,500.000,213.595,17.00,15.00
7863,450.000,193.188,15.76,13.76
7864,300.000,145.861,14.80,12.80
7865,200.000,122.085,14.20,12.20
7866,250.000,133.424,14.00,12.00
7867,350.000,159.660,14.20,12.20
7868,500.000,213.595,14.80,12.80
7869,450.000,193.188,15.76,13.76
7870,300.000,145.861,17.00,15.00
7871,200.000,122.085,18.45,16.45
7872,250.000,133.424,20.00,18.00
7873,350.000,159.660,21.55,19.55
7874,500.000,213.595,23.00,21.00
7875,450.000,193.188,24.24,22.24
7876,300.000,145.946,25.20,23.20
7877,200.000,122.375,25.80,23.80
7878,250.000,133.822,26.00,24.00
7879,350.000,160.031,25.80,23.80
7880,500.000,213.707,25.20,23.20
7881,450.000,193.188,24.24,22.24
7882,300.000,145.861,23.00,21.00
7883,200.000,122.085,21.55,19.55
7884,250.000,133.424,20.00,18.00
7885,350.000,159.660,18.45,16.45
7886,500.000,213.595,17.00,15.00
7887,450.000,193.188,15.76,13.76
7888,300.000,145.861,14.80,12.80
7889,200.000,122.085,14.20,12.20
7890,250.000,133.424,14.00,12.00
7891,350.000,159.660,14.20,12.20
7892,500.000,213.595,14.80,12.80
7893,450.000,193.188,15.76,13.76
7894,300.000,145.861,17.00,15.00
7895,200.000,122.085,18.45,16.45
7896,250.000,133.424,20.00,18.00
7897,350.000,159.660,21.55,19.55
7898,500.000,213.595,23.00,21.00
7899,450.000,193.188,24.24,22.24
7900,300.000,145.946,25.20,23.20
7901,200.000,122.375,25.80,23.80
7902,250.000,133.822,26.00,24.00
7903,350.000,160.031,25.80,23.80
7904,500.000,213.707,25.20,23.20
7905,450.000,193.188,24.24,22.24
7906,300.000,145.861,23.00,21.00
7907,200.000,122.085,21.55,19.55
7908,250.000,133.424,20.00,18.00
7909,350.000,159.660,18.45,16.45
7910,500.000,213.595,17.00,15.00
7911,450.000,193.188,15.76,13.76
7912,300.000,145.861,14.80,12.80
7913,200.000,122.085,14.20,12.20
7914,250.000,133.424,14.00,12.00
7915,350.000,159.660,14.20,12.20
7916,500.000,213.595,14.80,12.80
7917,450.000,193.188,15.76,13.76
7918,300.000,145.861,17.00,15.00
7919,200.000,122.085,18.45,16.45
7920,250.000,133.424,20.00,18.00
7921,350.000,159.660,21.55,19.55
7922,500.000,213.595,23.00,21.00
7923,450.000,193.188,24.24,22.24
7924,300.000,145.946,25.20,23.20
7925,200.000,122.375,25.80,23.80
7926,250.000,133.822,26.00,24.00
7927,350.000,160.031,25.80,23.80
7928,500.000,213.707,25.20,23.20
7929,450.000,193.188,24.24,22.24
7930,300.000,145.861,23.00,21.00
7931,200.000,122.085,21.55,19.55
7932,250.000,133.424,20.00,18.00
7933,350.000,159.660,18.45,16.45
7934,500.000,213.595,17.00,15.00
7935,450.000,193.188,15.76,13.76
7936,300.000,145.861,14.80,12.80
7937,200.000,122.085,14.20,12.20
7938,250.000,133.424,14.00,12.00
7939,350.000,159.660,14.20,12.20
7940,500.000,213.595,14.80,12.80
7941,450.000,193.188,15.76,13.76
7942,300.000,145.861,17.00,15.00
7943,200.000,122.085,18.45,16.45
7944,250.000,133.424,20.00,18.00
7945,350.000,159.660,21.55,19.55
7946,500.000,213.595,23.00,21.00
7947,450.000,193.188,24.24,22.24
7948,300.000,145.946,25.20,23.20
7949,200.000,122.375,25.80,23.80
7950,250.000,133.822,26.00,24.00
7951,350.000,160.031,25.80,23.80
7952,500.000,213.707,25.20,23.20
7953,450.000,193.188,24.24,22.24
7954,300.000,145.861,23.00,21.00
7955,200.000,122.085,21.55,19.55
7956,250.000,133.424,20.00,18.00
7957,350.000,159.660,18.45,16.45
7958,500.000,213.595,17.00,15.00
7959,450.000,193.188,15.76,13.76
7960,300.000,145.861,14.80,12.80
7961,200.000,122.085,14.20,12.20
7962,250.000,133.424,14.00,12.00
7963,350.000,159.660,14.20,12.20
7964,500.000,213.595,14.80,12.80
7965,450.000,193.188,15.76,13.76
7966,300.000,145.861,17.00,15.00
7967,200.000,122.085,18.45,16.45
7968,250.000,133.424,20.00,18.00
7969,350.000,159.660,21.55,19.55
7970,500.000,213.595,23.00,21.00
7971,450.000,193.188,24.24,22.24
7972,300.000,145.946,25.20,23.20
7973,200.000,122.375,25.80,23.80
7974,250.000,133.822,26.00,24.00
7975,350.000,160.031,25.80,23.80
7976,500.000,213.707,25.20,23.20
7977,450.000,193.188,24.24,22.24
7978,300.000,145.861,23.00,21.00
7979,200.000,122.085,21.55,19.55
7980,250.000,133.424,20.00,18.00
7981,350.000,159.660,18.45,16.45
7982,500.000,213.595,17.00,15.00
7983,450.000,193.188,15.76,13.76
7984,300.000,145.861,14.80,12.80
7985,200.000,122.085,14.20,12.20
7986,250.000,133.424,14.00,12.00
7987,350.000,159.660,14.20,12.20
7988,500.000,213.595,14.80,12.80
7989,450.000,193.188,15.76,13.76
7990,300.000,145.861,17.00,15.00
7991,200.000,122.085,18.45,16.45
7992,250.000,133.424,20.00,18.00
7993,350.000,159.660,21.55,19.55
7994,500.000,213.595,23.00,21.00
7995,450.000,193.188,24.24,22.24
7996,300.000,145.946,25.20,23.20
7997,200.000,122.375,25.80,23.80
7998,250.000,133.822,26.00,24.00
7999,350.000,160.031,25.80,23.80
8000,500.000,213.707,25.20,23.20
8001,450.000,193.188,24.24,22.24
8002,300.000,145.861,23.00,21.00
8003,200.000,122.085,21.55,19.55
8004,250.000,133.424,20.00,18.00
8005,350.000,159.660,18.45,16.45
8006,500.000,213.595,17.00,15.00
8007,450.000,193.188,15.76,13.76
8008,300.000,145.861,14.80,12.80
8009,200.000,122.085,14.20,12.20
8010,250.000,133.424,14.00,12.00
8011,350.000,159.660,14.20,12.20
8012,500.000,213.595,14.80,12.80
8013,450.000,193.188,15.76,13.76
8014,300.000,145.861,17.00,15.00
8015,200.000,122.085,18.45,16.45
8016,250.000,133.424,20.00,18.00
8017,350.000,159.660,21.55,19.55
8018,500.000,213.595,23.00,21.00
8019,450.000,193.188,24.24,22.24
8020,300.000,145.946,25.20,23.20
8021,200.000,122.375,25.80,23.80
8022,250.000,133.822,26.00,24.00
8023,350.000,160.031,25.80,23.80
8024,500.000,213.707,25.20,23.20
8025,450.000,193.188,24.24,22.24
8026,300.000,145.861,23.00,21.00
8027,200.000,122.085,21.55,19.55
8028,250.000,133.424,20.00,18.00
8029,350.000,159.660,18.45,16.45
8030,500.000,213.595,17.00,15.00
8031,450.000,193.188,15.76,13.76
8032,300.000,145.861,14.80,12.80
8033,200.000,122.085,14.20,12.20
8034,250.000,133.424,14.00,12.00
8035,350.000,159.660,14.20,12.20
8036,500.000,213.595,14.80,12.80
8037,450.000,193.188,15.76,13.76
8038,300.000,145.861,17.00,15.00
8039,200.000,122.085,18.45,16.45
8040,250.000,133.424,20.00,18.00
8041,350.000,159.660,21.55,19.55
8042,500.000,213.595,23.00,21.00
8043,450.000,193.188,24.24,22.24
8044,300.000,145.946,25.20,23.20
8045,200.000,122.375,25.80,23.80
8046,250.000,133.822,26.00,24.00
8047,350.000,160.031,25.80,23.80
8048,500.000,213.707,25.20,23.20
8049,450.000,193.188,24.24,22.24
8050,300.000,145.861,23.00,21.00
8051,200.000,122.085,21.55,19.55
8052,250.000,133.424,20.00,18.00
8053,350.000,159.660,18.45,16.45
8054,500.000,213.595,17.00,15.00
8055,450.000,193.188,15.76,13.76
8056,300.000,145.861,14.80,12.80
8057,200.000,122.085,14.20,12.20
8058,250.000,133.424,14.00,12.00
8059,350.000,159.660,14.20,12.20
8060,500.000,213.595,14.80,12.80
8061,450.000,193.188,15.76,13.76
8062,300.000,145.861,17.00,15.00
8063,200.000,122.085,18.45,16.45
8064,250.000,133.424,20.00,18.00
8065,350.000,159.660,21.55,19.55
8066,500.000,213.595,23.00,21.00
8067,450.000,193.188,24.24,22.24
8068,300.000,145.946,25.20,23.20
8069,200.000,122.375,25.80,23.80
8070,250.000,133.822,26.00,24.00
8071,350.000,160.031,25.80,23.80
8072,500.000,213.707,25.20,23.20
8073,450.000,193.188,24.24,22.24
8074,300.000,145.861,23.00,21.00
8075,200.000,122.085,21.55,19.55
8076,250.000,133.424,20.00,18.00
8077,350.000,159.660,18.45,16.45
8078,500.000,213.595,17.00,15.00
8079,450.000,193.188,15.76,13.76
8080,300.000,145.861,14.80,12.80
8081,200.000,122.085,14.20,12.20
8082,250.000,133.424,14.00,12.00
8083,350.000,159.660,14.20,12.20
8084,500.000,213.595,14.80,12.80
8085,450.000,193.188,15.76,13.76
8086,300.000,145.861,17.00,15.00
8087,200.000,122.085,18.45,16.45
8088,250.000,133.424,20.00,18.00
8089,350.000,159.660,21.55,19.55
8090,500.000,213.595,23.00,21.00
8091,450.000,193.188,24.24,22.24
8092,300.000,145.946,25.20,23.20
8093,200.000,122.375,25.80,23.80
8094,250.000,133.822,26.00,24.00
8095,350.000,160.031,25.80,23.80
8096,500.000,213.707,25.20,23.20
8097,450.000,193.188,24.24,22.24
8098,300.000,145.861,23.00,21.00
8099,200.000,122.085,21.55,19.55
8100,250.000,133.424,20.00,18.00
8101,350.000,159.660,18.45,16.45
8102,500.000,213.595,17.00,15.00
8103,450.000,193.188,15.76,13.76
8104,300.000,145.861,14.80,12.80
8105,200.000,122.085,14.20,12.20
8106,250.000,133.424,14.00,12.00
8107,350.000,159.660,14.20,12.20
8108,500.000,213.595,14.80,12.80
8109,450.000,193.188,15.76,13.76
8110,300.000,145.861,17.00,15.00
8111,200.000,122.085,18.45,16.45
8112,250.000,133.424,20.00,18.00
8113,350.000,159.660,21.55,19.55
8114,500.000,213.595,23.00,21.00
8115,450.000,193.188,24.24,22.24
8116,300.000,145.946,25.20,23.20
8117,200.000,122.375,25.80,23.80
8118,250.000,133.822,26.00,24.00
8119,350.000,160.031,25.80,23.80
8120,500.000,213.707,25.20,23.20
8121,450.000,193.188,24.24,22.24
8122,300.000,145.861,23.00,21.00
8123,200.000,122.085,21.55,19.55
8124,250.000,133.424,20.00,18.00
8125,350.000,159.660,18.45,16.45
8126,500.000,213.595,17.00,15.00
8127,450.000,193.188,15.76,13.76
8128,300.000,145.861,14.80,12.80
8129,200.000,122.085,14.20,12.20
8130,250.000,133.424,14.00,12.00
8131,350.000,159.660,14.20,12.20
8132,500.000,213.595,14.80,12.80
8133,450.000,193.188,15.76,13.76
8134,300.000,145.861,17.00,15.00
8135,200.000,122.085,18.45,16.45
8136,250.000,133.424,20.00,18.00
8137,350.000,159.660,21.55,19.55
8138,500.000,213.595,23.00,21.00
8139,450.000,193.188,24.24,22.24
8140,300.000,145.946,25.20,23.20
8141,200.000,122.375,25.80,23.80
8142,250.000,133.822,26.00,24.00
8143,350.000,160.031,25.80,23.80
8144,500.000,213.707,25.20,23.20
8145,450.000,193.188,24.24,22.24
8146,300.000,145.861,23.00,21.00
8147,200.000,122.085,21.55,19.55
8148,250.000,133.424,20.00,18.00
8149,350.000,159.660,18.45,16.45
8150,500.000,213.595,17.00,15.00
8151,450.000,193.188,15.76,13.76
8152,300.000,145.861,14.80,12.80
8153,200.000,122.085,14.20,12.20
8154,250.000,133.424,14.00,12.00
8155,350.000,159.660,14.20,12.20
8156,500.000,213.595,14.80,12.80
8157,450.000,193.188,15.76,13.76
8158,300.000,145.861,17.00,15.00
8159,200.000,122.085,18.45,16.45
8160,250.000,133.424,20.00,18.00
8161,350.000,159.660,21.55,19.55
8162,500.000,213.595,23.00,21.00
8163,450.000,193.188,24.24,22.24
8164,300.000,145.946,25.20,23.20
8165,200.000,122.375,25.80,23.80
8166,250.000,133.822,26.00,24.00
8167,350.000,160.031,25.80,23.80
8168,500.000,213.707,25.20,23.20
8169,450.000,193.188,24.24,22.24
8170,300.000,145.861,23.00,21.00
8171,200.000,122.085,21.55,19.55
8172,250.000,133.424,20.00,18.00
8173,350.000,159.660,18.45,16.45
8174,500.000,213.595,17.00,15.00
8175,450.000,193.188,15.76,13.76
8176,300.000,145.861,14.80,12.80
8177,200.000,122.085,14.20,12.20
8178,250.000,133.424,14.00,12.00
8179,350.000,159.660,14.20,12.20
8180,500.000,213.595,14.80,12.80
8181,450.000,193.188,15.76,13.76
8182,300.000,145.861,17.00,15.00
8183,200.000,122.085,18.45,16.45
8184,250.000,133.424,20.00,18.00
8185,350.000,159.660,21.55,19.55
8186,500.000,213.595,23.00,21.00
8187,450.000,193.188,24.24,22.24
8188,300.000,145.946,25.20,23.20
8189,200.000,122.375,25.80,23.80
8190,250.000,133.822,26.00,24.00
8191,350.000,160.031,25.80,23.80
8192,500.000,213.707,25.20,23.20
8193,450.000,193.188,24.24,22.24
8194,300.000,145.861,23.00,21.00
8195,200.000,122.085,21.55,19.55
8196,250.000,133.424,20.00,18.00
8197,350.000,159.660,18.45,16.45
8198,500.000,213.595,17.00,15.00
8199,450.000,193.188,15.76,13.76
8200,300.000,145.861,14.80,12.80
8201,200.000,122.085,14.20,12.20
8202,250.000,133.424,14.00,12.00
8203,350.000,159.660,14.20,12.20
8204,500.000,213.595,14.80,12.80
8205,450.000,193.188,15.76,13.76
8206,300.000,145.861,17.00,15.00
8207,200.000,122.085,18.45,16.45
8208,250.000,133.424,20.00,18.00
8209,350.000,159.660,21.55,19.55
8210,500.000,213.595,23.00,21.00
8211,450.000,193.188,24.24,22.24
8212,300.000,145.946,25.20,23.20
8213,200.000,122.375,25.80,23.80
8214,250.000,133.822,26.00,24.00
8215,350.000,160.031,25.80,23.80
8216,500.000,213.707,25.20,23.20
8217,450.000,193.188,24.24,22.24
8218,300.000,145.861,23.00,21.00
8219,200.000,122.085,21.55,19.55
8220,250.000,133.424,20.00,18.00
8221,350.000,159.660,18.45,16.45
8222,500.000,213.595,17.00,15.00
8223,450.000,193.188,15.76,13.76
8224,300.000,145.861,14.80,12.80
8225,200.000,122.085,14.20,12.20
8226,250.000,133.424,14.00,12.00
8227,350.000,159.660,14.20,12.20
8228,500.000,213.595,14.80,12.80
8229,450.000,193.188,15.76,13.76
8230,300.000,145.861,17.00,15.00
8231,200.000,122.085,18.45,16.45
8232,250.000,133.424,20.00,18.00
8233,350.000,159.660,21.55,19.55
8234,500.000,213.595,23.00,21.00
8235,450.000,193.188,24.24,22.24
8236,300.000,145.946,25.20,23.20
8237,200.000,122.375,25.80,23.80
8238,250.000,133.822,26.00,24.00
8239,350.000,160.031,25.80,23.80
8240,500.000,213.707,25.20,23.20
8241,450.000,193.188,24.24,22.24
8242,300.000,145.861,23.00,21.00
8243,200.000,122.085,21.55,19.55
8244,250.000,133.424,20.00,18.00
8245,350.000,159.660,18.45,16.45
8246,500.000,213.595,17.00,15.00
8247,450.000,193.188,15.76,13.76
8248,300.000,145.861,14.80,12.80
8249,200.000,122.085,14.20,12.20
8250,250.000,133.424,14.00,12.00
8251,350.000,159.660,14.20,12.20
8252,500.000,213.595,14.80,12.80
8253,450.000,193.188,15.76,13.76
8254,300.000,145.861,17.00,15.00
8255,200.000,122.085,18.45,16.45
8256,250.000,133.424,20.00,18.00
8257,350.000,159.660,21.55,19.55
8258,500.000,213.595,23.00,21.00
8259,450.000,193.188,24.24,22.24
8260,300.000,145.946,25.20,23.20
8261,200.000,122.375,25.80,23.80
8262,250.000,133.822,26.00,24.00
8263,350.000,160.031,25.80,23.80
8264,500.000,213.707,25.20,23.20
8265,450.000,193.188,24.24,22.24
8266,300.000,145.861,23.00,21.00
8267,200.000,122.085,21.55,19.55
8268,250.000,133.424,20.00,18.00
8269,350.000,159.660,18.45,16.45
8270,500.000,213.595,17.00,15.00
8271,450.000,193.188,15.76,13.76
8272,300.000,145.861,14.80,12.80
8273,200.000,122.085,14.20,12.20
8274,250.000,133.424,14.00,12.00
8275,350.000,159.660,14.20,12.20
8276,500.000,213.595,14.80,12.80
8277,450.000,193.188,15.76,13.76
8278,300.000,145.861,17.00,15.00
8279,200.000,122.085,18.45,16.45
8280,250.000,133.424,20.00,18.00
8281,350.000,159.660,21.55,19.55
8282,500.000,213.595,23.00,21.00
8283,450.000,193.188,24.24,22.24
8284,300.000,145.946,25.20,23.20
8285,200.000,122.375,25.80,23.80
8286,250.000,133.822,26.00,24.00
8287,350.000,160.031,25.80,23.80
8288,500.000,213.707,25.20,23.20
8289,450.000,193.188,24.24,22.24
8290,300.000,145.861,23.00,21.00
8291,200.000,122.085,21.55,19.55
8292,250.000,133.424,20.00,18.00
8293,350.000,159.660,18.45,16.45
8294,500.000,213.595,17.00,15.00
8295,450.000,193.188,15.76,13.76
8296,300.000,145.861,14.80,12.80
8297,200.000,122.085,14.20,12.20
8298,250.000,133.424,14.00,12.00
8299,350.000,159.660,14.20,12.20
8300,500.000,213.595,14.80,12.80
8301,450.000,193.188,15.76,13.76
8302,300.000,145.861,17.00,15.00
8303,200.000,122.085,18.45,16.45
8304,250.000,133.424,20.00,18.00
8305,350.000,159.660,21.55,19.55
8306,500.000,213.595,23.00,21.00
8307,450.000,193.188,24.24,22.24
8308,300.000,145.946,25.20,23.20
8309,200.000,122.375,25.80,23.80
8310,250.000,133.822,26.00,24.00
8311,350.000,160.031,25.80,23.80
8312,500.000,213.707,25.20,23.20
8313,450.000,193.188,24.24,22.24
8314,300.000,145.861,23.00,21.00
8315,200.000,122.085,21.55,19.55
8316,250.000,133.424,20.00,18.00
8317,350.000,159.660,18.45,16.45
8318,500.000,213.595,17.00,15.00
8319,450.000,193.188,15.76,13.76
8320,300.000,145.861,14.80,12.80
8321,200.000,122.085,14.20,12.20
8322,250.000,133.424,14.00,12.00
8323,350.000,159.660,14.20,12.20
8324,500.000,213.595,14.80,12.80
8325,450.000,193.188,15.76,13.76
8326,300.000,145.861,17.00,15.00
8327,200.000,122.085,18.45,16.45
8328,250.000,133.424,20.00,18.00
8329,350.000,159.660,21.55,19.55
8330,500.000,213.595,23.00,21.00
8331,450.000,193.188,24.24,22.24
8332,300.000,145.946,25.20,23.20
8333,200.000,122.375,25.80,23.80
8334,250.000,133.822,26.00,24.00
8335,350.000,160.031,25.80,23.80
8336,500.000,213.707,25.20,23.20
8337,450.000,193.188,24.24,22.24
8338,300.000,145.861,23.00,21.00
8339,200.000,122.085,21.55,19.55
8340,250.000,133.424,20.00,18.00
8341,350.000,159.660,18.45,16.45
8342,500.000,213.595,17.00,15.00
8343,450.000,193.188,15.76,13.76
8344,300.000,145.861,14.80,12.80
8345,200.000,122.085,14.20,12.20
8346,250.000,133.424,14.00,12.00
8347,350.000,159.660,14.20,12.20
8348,500.000,213.595,14.80,12.80
8349,450.000,193.188,15.76,13.76
8350,300.000,145.861,17.00,15.00
8351,200.000,122.085,18.45,16.45
8352,250.000,133.424,20.00,18.00
8353,350.000,159.660,21.55,19.55
8354,500.000,213.595,23.00,21.00
8355,450.000,193.188,24.24,22.24
8356,300.000,145.946,25.20,23.20
8357,200.000,122.375,25.80,23.80
8358,250.000,133.822,26.00,24.00
8359,350.000,160.031,25.80,23.80
8360,500.000,213.707,25.20,23.20
8361,450.000,193.188,24.24,22.24
8362,300.000,145.861,23.00,21.00
8363,200.000,122.085,21.55,19.55
8364,250.000,133.424,20.00,18.00
8365,350.000,159.660,18.45,16.45
8366,500.000,213.595,17.00,15.00
8367,450.000,193.188,15.76,13.76
8368,300.000,145.861,14.80,12.80
8369,200.000,122.085,14.20,12.20
8370,250.000,133.424,14.00,12.00
8371,350.000,159.660,14.20,12.20
8372,500.000,213.595,14.80,12.80
8373,450.000,193.188,15.76,13.76
8374,300.000,145.861,17.00,15.00
8375,200.000,122.085,18.45,16.45
8376,250.000,133.424,20.00,18.00
8377,350.000,159.660,21.55,19.55
8378,500.000,213.595,23.00,21.00
8379,450.000,193.188,24.24,22.24
8380,300.000,145.946,25.20,23.20
8381,200.000,122.375,25.80,23.80
8382,250.000,133.822,26.00,24.00
8383,350.000,160.031,25.80,23.80
8384,500.000,213.707,25.20,23.20
8385,450.000,193.188,24.24,22.24
8386,300.000,145.861,23.00,21.00
8387,200.000,122.085,21.55,19.55
8388,250.000,133.424,20.00,18.00
8389,350.000,159.660,18.45,16.45
8390,500.000,213.595,17.00,15.00
8391,450.000,193.188,15.76,13.76
8392,300.000,145.861,14.80,12.80
8393,200.000,122.085,14.20,12.20
8394,250.000,133.424,14.00,12.00
8395,350.000,159.660,14.20,12.20
8396,500.000,213.595,14.80,12.80
8397,450.000,193.188,15.76,13.76
8398,300.000,145.861,17.00,15.00
8399,200.000,122.085,18.45,16.45
8400,250.000,133.424,20.00,18.00
8401,350.000,159.660,21.55,19.55
8402,500.000,213.595,23.00,21.00
8403,450.000,193.188,24.24,22.24
8404,300.000,145.946,25.20,23.20
8405,200.000,122.375,25.80,23.80
8406,250.000,133.822,26.00,24.00
8407,350.000,160.031,25.80,23.80
8408,500.000,213.707,25.20,23.20
8409,450.000,193.188,24.24,22.24
8410,300.000,145.861,23.00,21.00
8411,200.000,122.085,21.55,19.55
8412,250.000,133.424,20.00,18.00
8413,350.000,159.660,18.45,16.45
8414,500.000,213.595,17.00,15.00
8415,450.000,193.188,15.76,13.76
8416,300.000,145.861,14.80,12.80
8417,200.000,122.085,14.20,12.20
8418,250.000,133.424,14.00,12.00
8419,350.000,159.660,14.20,12.20
8420,500.000,213.595,14.80,12.80
8421,450.000,193.188,15.76,13.76
8422,300.000,145.861,17.00,15.00
8423,200.000,122.085,18.45,16.45
8424,250.000,133.424,20.00,18.00
8425,350.000,159.660,21.55,19.55
8426,500.000,213.595,23.00,21.00
8427,450.000,193.188,24.24,22.24
8428,300.000,145.946,25.20,23.20
8429,200.000,122.375,25.80,23.80
8430,250.000,133.822,26.00,24.00
8431,350.000,160.031,25.80,23.80
8432,500.000,213.707,25.20,23.20
8433,450.000,193.188,24.24,22.24
8434,300.000,145.861,23.00,21.00
8435,200.000,122.085,21.55,19.55
8436,250.000,133.424,20.00,18.00
8437,350.000,159.660,18.45,16.45
8438,500.000,213.595,17.00,15.00
8439,450.000,193.188,15.76,13.76
8440,300.000,145.861,14.80,12.80
8441,200.000,122.085,14.20,12.20
8442,250.000,133.424,14.00,12.00
8443,350.000,159.660,14.20,12.20
8444,500.000,213.595,14.80,12.80
8445,450.000,193.188,15.76,13.76
8446,300.000,145.861,17.00,15.00
8447,200.000,122.085,18.45,16.45
8448,250.000,133.424,20.00,18.00
8449,350.000,159.660,21.55,19.55
8450,500.000,213.595,23.00,21.00
8451,450.000,193.188,24.24,22.24
8452,300.000,145.946,25.20,23.20
8453,200.000,122.375,25.80,23.80
8454,250.000,133.822,26.00,24.00
8455,350.000,160.031,25.80,23.80
8456,500.000,213.707,25.20,23.20
8457,450.000,193.188,24.24,22.24
8458,300.000,145.861,23.00,21.00
8459,200.000,122.085,21.55,19.55
8460,250.000,133.424,20.00,18.00
8461,350.000,159.660,18.45,16.45
8462,500.000,213.595,17.00,15.00
8463,450.000,193.188,15.76,13.76
8464,300.000,145.861,14.80,12.80
8465,200.000,122.085,14.20,12.20
8466,250.000,133.424,14.00,12.00
8467,350.000,159.660,14.20,12.20
8468,500.000,213.595,14.80,12.80
8469,450.000,193.188,15.76,13.76
8470,300.000,145.861,17.00,15.00
8471,200.000,122.085,18.45,16.45
8472,250.000,133.424,20.00,18.00
8473,350.000,159.660,21.55,19.55
8474,500.000,213.595,23.00,21.00
8475,450.000,193.188,24.24,22.24
8476,300.000,145.946,25.20,23.20
8477,200.000,122.375,25.80,23.80
8478,250.000,133.822,26.00,24.00
8479,350.000,160.031,25.80,23.80
8480,500.000,213.707,25.20,23.20
8481,450.000,193.188,24.24,22.24
8482,300.000,145.861,23.00,21.00
8483,200.000,122.085,21.55,19.55
8484,250.000,133.424,20.00,18.00
8485,350.000,159.660,18.45,16.45
8486,500.000,213.595,17.00,15.00
8487,450.000,193.188,15.76,13.76
8488,300.000,145.861,14.80,12.80
8489,200.000,122.085,14.20,12.20
8490,250.000,133.424,14.00,12.00
8491,350.000,159.660,14.20,12.20
8492,500.000,213.595,14.80,12.80
8493,450.000,193.188,15.76,13.76
8494,300.000,145.861,17.00,15.00
8495,200.000,122.085,18.45,16.45
8496,250.000,133.424,20.00,18.00
8497,350.000,159.660,21.55,19.55
8498,500.000,213.595,23.00,21.00
8499,450.000,193.188,24.24,22.24
8500,300.000,145.946,25.20,23.20
8501,200.000,122.375,25.80,23.80
8502,250.000,133.822,26.00,24.00
8503,350.000,160.031,25.80,23.80
8504,500.000,213.707,25.20,23.20
8505,450.000,193.188,24.24,22.24
8506,300.000,145.861,23.00,21.00
8507,200.000,122.085,21.55,19.55
8508,250.000,133.424,20.00,18.00
8509,350.000,159.660,18.45,16.45
8510,500.000,213.595,17.00,15.00
8511,450.000,193.188,15.76,13.76
8512,300.000,145.861,14.80,12.80
8513,200.000,122.085,14.20,12.20
8514,250.000,133.424,14.00,12.00
8515,350.000,159.660,14.20,12.20
8516,500.000,213.595,14.80,12.80
8517,450.000,193.188,15.76,13.76
8518,300.000,145.861,17.00,15.00
8519,200.000,122.085,18.45,16.45
8520,250.000,133.424,20.00,18.00
8521,350.000,159.660,21.55,19.55
8522,500.000,213.595,23.00,21.00
8523,450.000,193.188,24.24,22.24
8524,300.000,145.946,25.20,23.20
8525,200.000,122.375,25.80,23.80
8526,250.000,133.822,26.00,24.00
8527,350.000,160.031,25.80,23.80
8528,500.000,213.707,25.20,23.20
8529,450.000,193.188,24.24,22.24
8530,300.000,145.861,23.00,21.00
8531,200.000,122.085,21.55,19.55
8532,250.000,133.424,20.00,18.00
8533,350.000,159.660,18.45,16.45
8534,500.000,213.595,17.00,15.00
8535,450.000,193.188,15.76,13.76
8536,300.000,145.861,14.80,12.80
8537,200.000,122.085,14.20,12.20
8538,250.000,133.424,14.00,12.00
8539,350.000,159.660,14.20,12.20
8540,500.000,213.595,14.80,12.80
8541,450.000,193.188,15.76,13.76
8542,300.000,145.861,17.00,15.00
8543,200.000,122.085,18.45,16.45
8544,250.000,133.424,20.00,18.00
8545,350.000,159.660,21.55,19.55
8546,500.000,213.595,23.00,21.00
8547,450.000,193.188,24.24,22.24
8548,300.000,145.946,25.20,23.20
8549,200.000,122.375,25.80,23.80
8550,250.000,133.822,26.00,24.00
8551,350.000,160.031,25.80,23.80
8552,500.000,213.707,25.20,23.20
8553,450.000,193.188,24.24,22.24
8554,300.000,145.861,23.00,21.00
8555,200.000,122.085,21.55,19.55
8556,250.000,133.424,20.00,18.00
8557,350.000,159.660,18.45,16.45
8558,500.000,213.595,17.00,15.00
8559,450.000,193.188,15.76,13.76
8560,300.000,145.861,14.80,12.80
8561,200.000,122.085,14.20,12.20
8562,250.000,133.424,14.00,12.00
8563,350.000,159.660,14.20,12.20
8564,500.000,213.595,14.80,12.80
8565,450.000,193.188,15.76,13.76
8566,300.000,145.861,17.00,15.00
8567,200.000,122.085,18.45,16.45
8568,250.000,133.424,20.00,18.00
8569,350.000,159.660,21.55,19.55
8570,500.000,213.595,23.00,21.00
8571,450.000,193.188,24.24,22.24
8572,300.000,145.946,25.20,23.20
8573,200.000,122.375,25.80,23.80
8574,250.000,133.822,26.00,24.00
8575,350.000,160.031,25.80,23.80
8576,500.000,213.707,25.20,23.20
8577,450.000,193.188,24.24,22.24
8578,300.000,145.861,23.00,21.00
8579,200.000,122.085,21.55,19.55
8580,250.000,133.424,20.00,18.00
8581,350.000,159.660,18.45,16.45
8582,500.000,213.595,17.00,15.00
8583,450.000,193.188,15.76,13.76
8584,300.000,145.861,14.80,12.80
8585,200.000,122.085,14.20,12.20
8586,250.000,133.424,14.00,12.00
8587,350.000,159.660,14.20,12.20
8588,500.000,213.595,14.80,12.80
8589,450.000,193.188,15.76,13.76
8590,300.000,145.861,17.00,15.00
8591,200.000,122.085,18.45,16.45
8592,250.000,133.424,20.00,18.00
8593,350.000,159.660,21.55,19.55
8594,500.000,213.595,23.00,21.00
8595,450.000,193.188,24.24,22.24
8596,300.000,145.946,25.20,23.20
8597,200.000,122.375,25.80,23.80
8598,250.000,133.822,26.00,24.00
8599,350.000,160.031,25.80,23.80
8600,500.000,213.707,25.20,23.20
8601,450.000,193.188,24.24,22.24
8602,300.000,145.861,23.00,21.00
8603,200.000,122.085,21.55,19.55
8604,250.000,133.424,20.00,18.00
8605,350.000,159.660,18.45,16.45
8606,500.000,213.595,17.00,15.00
8607,450.000,193.188,15.76,13.76
8608,300.000,145.861,14.80,12.80
8609,200.000,122.085,14.20,12.20
8610,250.000,133.424,14.00,12.00
8611,350.000,159.660,14.20,12.20
8612,500.000,213.595,14.80,12.80
8613,450.000,193.188,15.76,13.76
8614,300.000,145.861,17.00,15.00
8615,200.000,122.085,18.45,16.45
8616,250.000,133.424,20.00,18.00
8617,350.000,159.660,21.55,19.55
8618,500.000,213.595,23.00,21.00
8619,450.000,193.188,24.24,22.24
8620,300.000,145.946,25.20,23.20
8621,200.000,122.375,25.80,23.80
8622,250.000,133.822,26.00,24.00
8623,350.000,160.031,25.80,23.80
8624,500.000,213.707,25.20,23.20
8625,450.000,193.188,24.24,22.24
8626,300.000,145.861,23.00,21.00
8627,200.000,122.085,21.55,19.55
8628,250.000,133.424,20.00,18.00
8629,350.000,159.660,18.45,16.45
8630,500.000,213.595,17.00,15.00
8631,450.000,193.188,15.76,13.76
8632,300.000,145.861,14.80,12.80
8633,200.000,122.085,14.20,12.20
8634,250.000,133.424,14.00,12.00
8635,350.000,159.660,14.20,12.20
8636,500.000,213.595,14.80,12.80
8637,450.000,193.188,15.76,13.76
8638,300.000,145.861,17.00,15.00
8639,200.000,122.085,18.45,16.45
8640,250.000,133.424,20.00,18.00
8641,350.000,159.660,21.55,19.55
8642,500.000,213.595,23.00,21.00
8643,450.000,193.188,24.24,22.24
8644,300.000,145.946,25.20,23.20
8645,200.000,122.375,25.80,23.80
8646,250.000,133.822,26.00,24.00
8647,350.000,160.031,25.80,23.80
8648,500.000,213.707,25.20,23.20
8649,450.000,193.188,24.24,22.24
8650,300.000,145.861,23.00,21.00
8651,200.000,122.085,21.55,19.55
8652,250.000,133.424,20.00,18.00
8653,350.000,159.660,18.45,16.45
8654,500.000,213.595,17.00,15.00
8655,450.000,193.188,15.76,13.76
8656,300.000,145.861,14.80,12.80
8657,200.000,122.085,14.20,12.20
8658,250.000,133.424,14.00,12.00
8659,350.000,159.660,14.20,12.20
8660,500.000,213.595,14.80,12.80
8661,450.000,193.188,15.76,13.76
8662,300.000,145.861,17.00,15.00
8663,200.000,122.085,18.45,16.45
8664,250.000,133.424,20.00,18.00
8665,350.000,159.660,21.55,19.55
8666,500.000,213.595,23.00,21.00
8667,450.000,193.188,24.24,22.24
8668,300.000,145.946,25.20,23.20
8669,200.000,122.375,25.80,23.80
8670,250.000,133.822,26.00,24.00
8671,350.000,160.031,25.80,23.80
8672,500.000,213.707,25.20,23.20
8673,450.000,193.188,24.24,22.24
8674,300.000,145.861,23.00,21.00
8675,200.000,122.085,21.55,19.55
8676,250.000,133.424,20.00,18.00
8677,350.000,159.660,18.45,16.45
8678,500.000,213.595,17.00,15.00
8679,450.000,193.188,15.76,13.76
8680,300.000,145.861,14.80,12.80
8681,200.000,122.085,14.20,12.20
8682,250.000,133.424,14.00,12.00
8683,350.000,159.660,14.20,12.20
8684,500.000,213.595,14.80,12.80
8685,450.000,193.188,15.76,13.76
8686,300.000,145.861,17.00,15.00
8687,200.000,122.085,18.45,16.45
8688,250.000,133.424,20.00,18.00
8689,350.000,159.660,21.55,19.55
8690,500.000,213.595,23.00,21.00
8691,450.000,193.188,24.24,22.24
8692,300.000,145.946,25.20,23.20
8693,200.000,122.375,25.80,23.80
8694,250.000,133.822,26.00,24.00
8695,350.000,160.031,25.80,23.80
8696,500.000,213.707,25.20,23.20
8697,450.000,193.188,24.24,22.24
8698,300.000,145.861,23.00,21.00
8699,200.000,122.085,21.55,19.55
8700,250.000,133.424,20.00,18.00
8701,350.000,159.660,18.45,16.45
8702,500.000,213.595,17.00,15.00
8703,450.000,193.188,15.76,13.76
8704,300.000,145.861,14.80,12.80
8705,200.000,122.085,14.20,12.20
8706,250.000,133.424,14.00,12.00
8707,350.000,159.660,14.20,12.20
8708,500.000,213.595,14.80,12.80
8709,450.000,193.188,15.76,13.76
8710,300.000,145.861,17.00,15.00
8711,200.000,122.085,18.45,16.45
8712,250.000,133.424,20.00,18.00
8713,350.000,159.660,21.55,19.55
8714,500.000,213.595,23.00,21.00
8715,450.000,193.188,24.24,22.24
8716,300.000,145.946,25.20,23.20
8717,200.000,122.375,25.80,23.80
8718,250.000,133.822,26.00,24.00
8719,350.000,160.031,25.80,23.80
8720,500.000,213.707,25.20,23.20
8721,450.000,193.188,24.24,22.24
8722,300.000,145.861,23.00,21.00
8723,200.000,122.085,21.55,19.55
8724,250.000,133.424,20.00,18.00
8725,350.000,159.660,18.45,16.45
8726,500.000,213.595,17.00,15.00
8727,450.000,193.188,15.76,13.76
8728,300.000,145.861,14.80,12.80
8729,200.000,122.085,14.20,12.20
8730,250.000,133.424,14.00,12.00
8731,350.000,159.660,14.20,12.20
8732,500.000,213.595,14.80,12.80
8733,450.000,193.188,15.76,13.76
8734,300.000,145.861,17.00,15.00
8735,200.000,122.085,18.45,16.45
8736,250.000,133.424,20.00,18.00
8737,350.000,159.660,21.55,19.55
8738,500.000,213.595,23.00,21.00
8739,450.000,193.188,24.24,22.24
8740,300.000,145.946,25.20,23.20
8741,200.000,122.375,25.80,23.80
8742,250.000,133.822,26.00,24.00
8743,350.000,160.031,25.80,23.80
8744,500.000,213.707,25.20,23.20
8745,450.000,193.188,24.24,22.24
8746,300.000,145.861,23.00,21.00
8747,200.000,122.085,21.55,19.55
8748,250.000,133.424,20.00,18.00
8749,350.000,159.660,18.45,16.45
8750,500.000,213.595,17.00,15.00
8751,450.000,193.188,15.76,13.76
8752,300.000,145.861,14.80,12.80
8753,200.000,122.085,14.20,12.20
8754,250.000,133.424,14.00,12.00
8755,350.000,159.660,14.20,12.20
8756,500.000,213.595,14.80,12.80
8757,450.000,193.188,15.76,13.76
8758,300.000,145.861,17.00,15.00
8759,200.000,122.085,18.45,16.45
